metodo,espacio,universo,peso,k,metrica,valor
kmedoides,om,completo,px,6,k_real,6.0
kmedoides,om,completo,px,6,ruido_share_px,0.0
kmedoides,om,completo,px,6,pseudo_r2,0.6075946435346316
kmedoides,om,completo,px,6,pseudo_f,521556.8296416791
kmedoides,om,completo,px,6,asw_corr,0.5746613722653856
kmedoides,om,completo,px,6,nmi_estados,0.5589375355310677
kmedoides,om,completo,px,6,nmi_anio_primer_cambio,0.053657978455561
kmedoides,om,completo,px,6,costura_max_share_cluster,0.0808007810023709
kmedoides,om,completo,px,6,solo_costura_max_share_cluster,0.0702838740760463
kmedoides,om,completo,px,6,clusters_definidos_por_costura,0.0
kmedoides,om,completo,px,6,cluster_mayor_share,0.335700230732418
kmedoides,om,completo,px,12,k_real,12.0
kmedoides,om,completo,px,12,ruido_share_px,0.0
kmedoides,om,completo,px,12,pseudo_r2,0.71719020876439
kmedoides,om,completo,px,12,pseudo_f,388273.9999982418
kmedoides,om,completo,px,12,asw_corr,0.4811194991255101
kmedoides,om,completo,px,12,nmi_estados,0.6140994922555932
kmedoides,om,completo,px,12,nmi_anio_primer_cambio,0.1787732290985849
kmedoides,om,completo,px,12,costura_max_share_cluster,0.3132832080200501
kmedoides,om,completo,px,12,solo_costura_max_share_cluster,0.2728800033600739
kmedoides,om,completo,px,12,clusters_definidos_por_costura,0.0
kmedoides,om,completo,px,12,cluster_mayor_share,0.2242777291560038
kmedoides,om,completo,px,24,k_real,24.0
kmedoides,om,completo,px,24,ruido_share_px,0.0
kmedoides,om,completo,px,24,pseudo_r2,0.8001509680699013
kmedoides,om,completo,px,24,pseudo_f,293177.0969244902
kmedoides,om,completo,px,24,asw_corr,0.4587885544750448
kmedoides,om,completo,px,24,nmi_estados,0.641623566253093
kmedoides,om,completo,px,24,nmi_anio_primer_cambio,0.3054499861056569
kmedoides,om,completo,px,24,costura_max_share_cluster,0.4952511197821914
kmedoides,om,completo,px,24,solo_costura_max_share_cluster,0.4328444349648068
kmedoides,om,completo,px,24,clusters_definidos_por_costura,0.0
kmedoides,om,completo,px,24,cluster_mayor_share,0.1658369957997912
kmedoides,om,sin_costura,px,6,k_real,6.0
kmedoides,om,sin_costura,px,6,ruido_share_px,0.0
kmedoides,om,sin_costura,px,6,pseudo_r2,0.6182000899394932
kmedoides,om,sin_costura,px,6,pseudo_f,512818.9542378399
kmedoides,om,sin_costura,px,6,asw_corr,0.587711055767386
kmedoides,om,sin_costura,px,6,nmi_estados,0.5710042197420542
kmedoides,om,sin_costura,px,6,nmi_anio_primer_cambio,0.0567002722001044
kmedoides,om,sin_costura,px,6,costura_max_share_cluster,0.0
kmedoides,om,sin_costura,px,6,solo_costura_max_share_cluster,0.0
kmedoides,om,sin_costura,px,6,clusters_definidos_por_costura,0.0
kmedoides,om,sin_costura,px,6,cluster_mayor_share,0.3309255116068626
kmedoides,om,sin_costura,px,12,k_real,12.0
kmedoides,om,sin_costura,px,12,ruido_share_px,0.0
kmedoides,om,sin_costura,px,12,pseudo_r2,0.717812349998916
kmedoides,om,sin_costura,px,12,pseudo_f,366200.91365375504
kmedoides,om,sin_costura,px,12,asw_corr,0.538539842252283
kmedoides,om,sin_costura,px,12,nmi_estados,0.6143190791033978
kmedoides,om,sin_costura,px,12,nmi_anio_primer_cambio,0.1629259151247581
kmedoides,om,sin_costura,px,12,costura_max_share_cluster,0.0
kmedoides,om,sin_costura,px,12,solo_costura_max_share_cluster,0.0
kmedoides,om,sin_costura,px,12,clusters_definidos_por_costura,0.0
kmedoides,om,sin_costura,px,12,cluster_mayor_share,0.2490501007521522
kmedoides,om,sin_costura,px,24,k_real,24.0
kmedoides,om,sin_costura,px,24,ruido_share_px,0.0
kmedoides,om,sin_costura,px,24,pseudo_r2,0.811487733165283
kmedoides,om,sin_costura,px,24,pseudo_f,296381.0291907783
kmedoides,om,sin_costura,px,24,asw_corr,0.4649182030200151
kmedoides,om,sin_costura,px,24,nmi_estados,0.6474478067763476
kmedoides,om,sin_costura,px,24,nmi_anio_primer_cambio,0.2936996265827055
kmedoides,om,sin_costura,px,24,costura_max_share_cluster,0.0
kmedoides,om,sin_costura,px,24,solo_costura_max_share_cluster,0.0
kmedoides,om,sin_costura,px,24,clusters_definidos_por_costura,0.0
kmedoides,om,sin_costura,px,24,cluster_mayor_share,0.1747846189888917
kmedoides,om,completo,px,6,estabilidad_ari_80,0.9472548517619914
kmedoides,om,completo,px,6,estabilidad_ari_80_sd,0.0716606346323092
kmedoides,om,completo,px,12,estabilidad_ari_80,0.8221910310006427
kmedoides,om,completo,px,12,estabilidad_ari_80_sd,0.0828683282912368
kmedoides,om,completo,px,24,estabilidad_ari_80,0.6638027079083628
kmedoides,om,completo,px,24,estabilidad_ari_80_sd,0.0598913936364835
avg,om,completo,px,6,k_real,6.0
avg,om,completo,px,6,ruido_share_px,0.0
avg,om,completo,px,6,pseudo_r2,0.480041988622282
avg,om,completo,px,6,pseudo_f,310980.80205648666
avg,om,completo,px,6,asw_corr,0.5077929660748725
avg,om,completo,px,6,nmi_estados,0.577942061822423
avg,om,completo,px,6,nmi_anio_primer_cambio,0.0338131660088274
avg,om,completo,px,6,costura_max_share_cluster,0.1993807603686636
avg,om,completo,px,6,solo_costura_max_share_cluster,0.1648185483870967
avg,om,completo,px,6,clusters_definidos_por_costura,0.0
avg,om,completo,px,6,cluster_mayor_share,0.476814538873603
avg,om,completo,px,12,k_real,12.0
avg,om,completo,px,12,ruido_share_px,0.0
avg,om,completo,px,12,pseudo_r2,0.6413796445560435
avg,om,completo,px,12,pseudo_f,273828.49228287546
avg,om,completo,px,12,asw_corr,0.4918808203007015
avg,om,completo,px,12,nmi_estados,0.5922087312192396
avg,om,completo,px,12,nmi_anio_primer_cambio,0.062215514074988
avg,om,completo,px,12,costura_max_share_cluster,0.2029909830657576
avg,om,completo,px,12,solo_costura_max_share_cluster,0.1678029469980206
avg,om,completo,px,12,clusters_definidos_por_costura,0.0
avg,om,completo,px,12,cluster_mayor_share,0.3409430697742907
avg,om,completo,px,24,k_real,24.0
avg,om,completo,px,24,ruido_share_px,0.0
avg,om,completo,px,24,pseudo_r2,0.6569310561423631
avg,om,completo,px,24,pseudo_f,140216.3125923915
avg,om,completo,px,24,asw_corr,0.4370033391351769
avg,om,completo,px,24,nmi_estados,0.6069827084885024
avg,om,completo,px,24,nmi_anio_primer_cambio,0.0753401613692115
avg,om,completo,px,24,costura_max_share_cluster,0.392156862745098
avg,om,completo,px,24,solo_costura_max_share_cluster,0.3202614379084967
avg,om,completo,px,24,clusters_definidos_por_costura,0.0
avg,om,completo,px,24,cluster_mayor_share,0.3397615012926003
avg,om,sin_costura,px,6,k_real,6.0
avg,om,sin_costura,px,6,ruido_share_px,0.0
avg,om,sin_costura,px,6,pseudo_r2,0.4797497781215958
avg,om,sin_costura,px,6,pseudo_f,292060.84339343075
avg,om,sin_costura,px,6,asw_corr,0.5076011445899462
avg,om,sin_costura,px,6,nmi_estados,0.5783144037660523
avg,om,sin_costura,px,6,nmi_anio_primer_cambio,0.0400278920330081
avg,om,sin_costura,px,6,costura_max_share_cluster,0.0
avg,om,sin_costura,px,6,solo_costura_max_share_cluster,0.0
avg,om,sin_costura,px,6,clusters_definidos_por_costura,0.0
avg,om,sin_costura,px,6,cluster_mayor_share,0.495482729420323
avg,om,sin_costura,px,12,k_real,12.0
avg,om,sin_costura,px,12,ruido_share_px,0.0
avg,om,sin_costura,px,12,pseudo_r2,0.6587136504701292
avg,om,sin_costura,px,12,pseudo_f,277858.8574207981
avg,om,sin_costura,px,12,asw_corr,0.5378441900622761
avg,om,sin_costura,px,12,nmi_estados,0.6061070179876634
avg,om,sin_costura,px,12,nmi_anio_primer_cambio,0.0701018247636374
avg,om,sin_costura,px,12,costura_max_share_cluster,0.0
avg,om,sin_costura,px,12,solo_costura_max_share_cluster,0.0
avg,om,sin_costura,px,12,clusters_definidos_por_costura,0.0
avg,om,sin_costura,px,12,cluster_mayor_share,0.3239678982362216
avg,om,sin_costura,px,24,k_real,24.0
avg,om,sin_costura,px,24,ruido_share_px,0.0
avg,om,sin_costura,px,24,pseudo_r2,0.6876262048454694
avg,om,sin_costura,px,24,pseudo_f,151560.44901929938
avg,om,sin_costura,px,24,asw_corr,0.5017341064691053
avg,om,sin_costura,px,24,nmi_estados,0.6311390304860159
avg,om,sin_costura,px,24,nmi_anio_primer_cambio,0.0871292397698566
avg,om,sin_costura,px,24,costura_max_share_cluster,0.0
avg,om,sin_costura,px,24,solo_costura_max_share_cluster,0.0
avg,om,sin_costura,px,24,clusters_definidos_por_costura,0.0
avg,om,sin_costura,px,24,cluster_mayor_share,0.3239678982362216
avg,om,completo,px,6,estabilidad_ari_80,0.957233288151712
avg,om,completo,px,6,estabilidad_ari_80_sd,0.0254914859766389
avg,om,completo,px,12,estabilidad_ari_80,0.9628328244397804
avg,om,completo,px,12,estabilidad_ari_80_sd,0.0171473826082373
avg,om,completo,px,24,estabilidad_ari_80,0.9609068913433012
avg,om,completo,px,24,estabilidad_ari_80_sd,0.0192462815929068
kmedoides,onehot,completo,px,6,k_real,6.0
kmedoides,onehot,completo,px,6,ruido_share_px,0.0
kmedoides,onehot,completo,px,6,pseudo_r2,0.5670353477406882
kmedoides,onehot,completo,px,6,pseudo_f,441143.940753624
kmedoides,onehot,completo,px,6,asw_corr,0.4757615383398846
kmedoides,onehot,completo,px,6,nmi_estados,0.5942798001715159
kmedoides,onehot,completo,px,6,nmi_anio_primer_cambio,0.0992008962966073
kmedoides,onehot,completo,px,6,costura_max_share_cluster,0.2288087504931339
kmedoides,onehot,completo,px,6,solo_costura_max_share_cluster,0.1957349992704319
kmedoides,onehot,completo,px,6,clusters_definidos_por_costura,0.0
kmedoides,onehot,completo,px,6,cluster_mayor_share,0.256656861825363
kmedoides,onehot,completo,px,12,k_real,12.0
kmedoides,onehot,completo,px,12,ruido_share_px,0.0
kmedoides,onehot,completo,px,12,pseudo_r2,0.7240297295804733
kmedoides,onehot,completo,px,12,pseudo_f,401691.36809503386
kmedoides,onehot,completo,px,12,asw_corr,0.4725170962780045
kmedoides,onehot,completo,px,12,nmi_estados,0.6302657764059614
kmedoides,onehot,completo,px,12,nmi_anio_primer_cambio,0.2251854643788443
kmedoides,onehot,completo,px,12,costura_max_share_cluster,0.2441113619625976
kmedoides,onehot,completo,px,12,solo_costura_max_share_cluster,0.2124255997295633
kmedoides,onehot,completo,px,12,clusters_definidos_por_costura,0.0
kmedoides,onehot,completo,px,12,cluster_mayor_share,0.1456375185399376
kmedoides,onehot,completo,px,24,k_real,24.0
kmedoides,onehot,completo,px,24,ruido_share_px,0.0
kmedoides,onehot,completo,px,24,pseudo_r2,0.794596972316962
kmedoides,onehot,completo,px,24,pseudo_f,283269.7628526618
kmedoides,onehot,completo,px,24,asw_corr,0.3383280532264719
kmedoides,onehot,completo,px,24,nmi_estados,0.670235549683784
kmedoides,onehot,completo,px,24,nmi_anio_primer_cambio,0.3286324874080348
kmedoides,onehot,completo,px,24,costura_max_share_cluster,0.4414675303467421
kmedoides,onehot,completo,px,24,solo_costura_max_share_cluster,0.3831038049099123
kmedoides,onehot,completo,px,24,clusters_definidos_por_costura,0.0
kmedoides,onehot,completo,px,24,cluster_mayor_share,0.1343663052294202
kmedoides,onehot,sin_costura,px,6,k_real,6.0
kmedoides,onehot,sin_costura,px,6,ruido_share_px,0.0
kmedoides,onehot,sin_costura,px,6,pseudo_r2,0.5376796884185862
kmedoides,onehot,sin_costura,px,6,pseudo_f,368342.2046124094
kmedoides,onehot,sin_costura,px,6,asw_corr,0.3929833183447461
kmedoides,onehot,sin_costura,px,6,nmi_estados,0.5446677563161568
kmedoides,onehot,sin_costura,px,6,nmi_anio_primer_cambio,0.1045828940828845
kmedoides,onehot,sin_costura,px,6,costura_max_share_cluster,0.0
kmedoides,onehot,sin_costura,px,6,solo_costura_max_share_cluster,0.0
kmedoides,onehot,sin_costura,px,6,clusters_definidos_por_costura,0.0
kmedoides,onehot,sin_costura,px,6,cluster_mayor_share,0.3046112343543685
kmedoides,onehot,sin_costura,px,12,k_real,12.0
kmedoides,onehot,sin_costura,px,12,ruido_share_px,0.0
kmedoides,onehot,sin_costura,px,12,pseudo_r2,0.7164815727521701
kmedoides,onehot,sin_costura,px,12,pseudo_f,363806.3158869871
kmedoides,onehot,sin_costura,px,12,asw_corr,0.4852872466068193
kmedoides,onehot,sin_costura,px,12,nmi_estados,0.6263734561357404
kmedoides,onehot,sin_costura,px,12,nmi_anio_primer_cambio,0.2093891846228481
kmedoides,onehot,sin_costura,px,12,costura_max_share_cluster,0.0
kmedoides,onehot,sin_costura,px,12,solo_costura_max_share_cluster,0.0
kmedoides,onehot,sin_costura,px,12,clusters_definidos_por_costura,0.0
kmedoides,onehot,sin_costura,px,12,cluster_mayor_share,0.2323690048364822
kmedoides,onehot,sin_costura,px,24,k_real,24.0
kmedoides,onehot,sin_costura,px,24,ruido_share_px,0.0
kmedoides,onehot,sin_costura,px,24,pseudo_r2,0.8096117837609975
kmedoides,onehot,sin_costura,px,24,pseudo_f,292782.2972491851
kmedoides,onehot,sin_costura,px,24,asw_corr,0.4332819653929153
kmedoides,onehot,sin_costura,px,24,nmi_estados,0.6602683402059814
kmedoides,onehot,sin_costura,px,24,nmi_anio_primer_cambio,0.3670430195151754
kmedoides,onehot,sin_costura,px,24,costura_max_share_cluster,0.0
kmedoides,onehot,sin_costura,px,24,solo_costura_max_share_cluster,0.0
kmedoides,onehot,sin_costura,px,24,clusters_definidos_por_costura,0.0
kmedoides,onehot,sin_costura,px,24,cluster_mayor_share,0.0875871201429158
kmedoides,onehot,completo,px,6,estabilidad_ari_80,0.7706285383727567
kmedoides,onehot,completo,px,6,estabilidad_ari_80_sd,0.0766659013698593
kmedoides,onehot,completo,px,12,estabilidad_ari_80,0.7836128019639429
kmedoides,onehot,completo,px,12,estabilidad_ari_80_sd,0.0505560287665841
kmedoides,onehot,completo,px,24,estabilidad_ari_80,0.6321398538702356
kmedoides,onehot,completo,px,24,estabilidad_ari_80_sd,0.0823132339926678
avg,onehot,completo,px,6,k_real,6.0
avg,onehot,completo,px,6,ruido_share_px,0.0
avg,onehot,completo,px,6,pseudo_r2,0.4814343431746259
avg,onehot,completo,px,6,pseudo_f,312720.2059624159
avg,onehot,completo,px,6,asw_corr,0.5095223452170855
avg,onehot,completo,px,6,nmi_estados,0.5753722770229989
avg,onehot,completo,px,6,nmi_anio_primer_cambio,0.0336456316596624
avg,onehot,completo,px,6,costura_max_share_cluster,0.1049068204977633
avg,onehot,completo,px,6,solo_costura_max_share_cluster,0.0879980655969878
avg,onehot,completo,px,6,clusters_definidos_por_costura,0.0
avg,onehot,completo,px,6,cluster_mayor_share,0.4774148231625422
avg,onehot,completo,px,12,k_real,12.0
avg,onehot,completo,px,12,ruido_share_px,0.0
avg,onehot,completo,px,12,pseudo_r2,0.6505469012386758
avg,onehot,completo,px,12,pseudo_f,285028.3874693448
avg,onehot,completo,px,12,asw_corr,0.5218895155003335
avg,onehot,completo,px,12,nmi_estados,0.5892015624615801
avg,onehot,completo,px,12,nmi_anio_primer_cambio,0.0644404631419514
avg,onehot,completo,px,12,costura_max_share_cluster,0.7692307692307693
avg,onehot,completo,px,12,solo_costura_max_share_cluster,0.2116935483870967
avg,onehot,completo,px,12,clusters_definidos_por_costura,0.0
avg,onehot,completo,px,12,cluster_mayor_share,0.3402626288295584
avg,onehot,completo,px,24,k_real,24.0
avg,onehot,completo,px,24,ruido_share_px,0.0
avg,onehot,completo,px,24,pseudo_r2,0.6650423375814616
avg,onehot,completo,px,24,pseudo_f,145384.97660401647
avg,onehot,completo,px,24,asw_corr,0.4441761321243922
avg,onehot,completo,px,24,nmi_estados,0.6109183417902243
avg,onehot,completo,px,24,nmi_anio_primer_cambio,0.0884985641321634
avg,onehot,completo,px,24,costura_max_share_cluster,0.7692307692307693
avg,onehot,completo,px,24,solo_costura_max_share_cluster,0.2138492871690427
avg,onehot,completo,px,24,clusters_definidos_por_costura,0.0
avg,onehot,completo,px,24,cluster_mayor_share,0.3402626288295584
avg,onehot,sin_costura,px,6,k_real,6.0
avg,onehot,sin_costura,px,6,ruido_share_px,0.0
avg,onehot,sin_costura,px,6,pseudo_r2,0.4896858431152104
avg,onehot,sin_costura,px,6,pseudo_f,303914.0364953601
avg,onehot,sin_costura,px,6,asw_corr,0.521995149911965
avg,onehot,sin_costura,px,6,nmi_estados,0.595595113960928
avg,onehot,sin_costura,px,6,nmi_anio_primer_cambio,0.0343799119587881
avg,onehot,sin_costura,px,6,costura_max_share_cluster,0.0
avg,onehot,sin_costura,px,6,solo_costura_max_share_cluster,0.0
avg,onehot,sin_costura,px,6,clusters_definidos_por_costura,0.0
avg,onehot,sin_costura,px,6,cluster_mayor_share,0.4674097887772648
avg,onehot,sin_costura,px,12,k_real,12.0
avg,onehot,sin_costura,px,12,ruido_share_px,0.0
avg,onehot,sin_costura,px,12,pseudo_r2,0.6609664215902598
avg,onehot,sin_costura,px,12,pseudo_f,280661.7208596843
avg,onehot,sin_costura,px,12,asw_corr,0.5417662770339483
avg,onehot,sin_costura,px,12,nmi_estados,0.6189261466752705
avg,onehot,sin_costura,px,12,nmi_anio_primer_cambio,0.0839765696519269
avg,onehot,sin_costura,px,12,costura_max_share_cluster,0.0
avg,onehot,sin_costura,px,12,solo_costura_max_share_cluster,0.0
avg,onehot,sin_costura,px,12,clusters_definidos_por_costura,0.0
avg,onehot,sin_costura,px,12,cluster_mayor_share,0.3522353337892597
avg,onehot,sin_costura,px,24,k_real,24.0
avg,onehot,sin_costura,px,24,ruido_share_px,0.0
avg,onehot,sin_costura,px,24,pseudo_r2,0.6882115795296577
avg,onehot,sin_costura,px,24,pseudo_f,151974.26515319536
avg,onehot,sin_costura,px,24,asw_corr,0.4490857327176267
avg,onehot,sin_costura,px,24,nmi_estados,0.6597807827232973
avg,onehot,sin_costura,px,24,nmi_anio_primer_cambio,0.1243982326303992
avg,onehot,sin_costura,px,24,costura_max_share_cluster,0.0
avg,onehot,sin_costura,px,24,solo_costura_max_share_cluster,0.0
avg,onehot,sin_costura,px,24,clusters_definidos_por_costura,0.0
avg,onehot,sin_costura,px,24,cluster_mayor_share,0.2794437192983786
avg,onehot,completo,px,6,estabilidad_ari_80,0.9824607714397796
avg,onehot,completo,px,6,estabilidad_ari_80_sd,0.0159300296719566
avg,onehot,completo,px,12,estabilidad_ari_80,0.9772515683208608
avg,onehot,completo,px,12,estabilidad_ari_80_sd,0.0208489137017594
avg,onehot,completo,px,24,estabilidad_ari_80,0.9679402029807672
avg,onehot,completo,px,24,estabilidad_ari_80_sd,0.0543222528777166
ward,onehot,completo,px,6,k_real,6.0
ward,onehot,completo,px,6,ruido_share_px,0.0
ward,onehot,completo,px,6,pseudo_r2,0.5637526980311955
ward,onehot,completo,px,6,pseudo_f,435289.81599581
ward,onehot,completo,px,6,asw_corr,0.4524518739144011
ward,onehot,completo,px,6,nmi_estados,0.6058373177485662
ward,onehot,completo,px,6,nmi_anio_primer_cambio,0.1046801593512845
ward,onehot,completo,px,6,costura_max_share_cluster,0.2833326441439578
ward,onehot,completo,px,6,solo_costura_max_share_cluster,0.2425257412231733
ward,onehot,completo,px,6,clusters_definidos_por_costura,0.0
ward,onehot,completo,px,6,cluster_mayor_share,0.2808861407360875
ward,onehot,completo,px,12,k_real,12.0
ward,onehot,completo,px,12,ruido_share_px,0.0
ward,onehot,completo,px,12,pseudo_r2,0.7091252715830014
ward,onehot,completo,px,12,pseudo_f,373263.3687507823
ward,onehot,completo,px,12,asw_corr,0.4149660092921373
ward,onehot,completo,px,12,nmi_estados,0.6685628076201887
ward,onehot,completo,px,12,nmi_anio_primer_cambio,0.2214456949593602
ward,onehot,completo,px,12,costura_max_share_cluster,0.2833326441439578
ward,onehot,completo,px,12,solo_costura_max_share_cluster,0.2425257412231733
ward,onehot,completo,px,12,clusters_definidos_por_costura,0.0
ward,onehot,completo,px,12,cluster_mayor_share,0.2011937997936114
ward,onehot,completo,px,24,k_real,24.0
ward,onehot,completo,px,24,ruido_share_px,0.0
ward,onehot,completo,px,24,pseudo_r2,0.8049726605757708
ward,onehot,completo,px,24,pseudo_f,302235.7185465038
ward,onehot,completo,px,24,asw_corr,0.4036116044222744
ward,onehot,completo,px,24,nmi_estados,0.6845516954766747
ward,onehot,completo,px,24,nmi_anio_primer_cambio,0.3592965163544526
ward,onehot,completo,px,24,costura_max_share_cluster,0.5893924751437323
ward,onehot,completo,px,24,solo_costura_max_share_cluster,0.5023504938494046
ward,onehot,completo,px,24,clusters_definidos_por_costura,0.0
ward,onehot,completo,px,24,cluster_mayor_share,0.1051008133228674
ward,onehot,sin_costura,px,6,k_real,6.0
ward,onehot,sin_costura,px,6,ruido_share_px,0.0
ward,onehot,sin_costura,px,6,pseudo_r2,0.5991507067247965
ward,onehot,sin_costura,px,6,pseudo_f,473397.30393685424
ward,onehot,sin_costura,px,6,asw_corr,0.5555908757729713
ward,onehot,sin_costura,px,6,nmi_estados,0.5792603349006803
ward,onehot,sin_costura,px,6,nmi_anio_primer_cambio,0.0638468476974442
ward,onehot,sin_costura,px,6,costura_max_share_cluster,0.0
ward,onehot,sin_costura,px,6,solo_costura_max_share_cluster,0.0
ward,onehot,sin_costura,px,6,clusters_definidos_por_costura,0.0
ward,onehot,sin_costura,px,6,cluster_mayor_share,0.3251721248379472
ward,onehot,sin_costura,px,12,k_real,12.0
ward,onehot,sin_costura,px,12,ruido_share_px,0.0
ward,onehot,sin_costura,px,12,pseudo_r2,0.7203080089927116
ward,onehot,sin_costura,px,12,pseudo_f,370753.033736941
ward,onehot,sin_costura,px,12,asw_corr,0.3996010588112656
ward,onehot,sin_costura,px,12,nmi_estados,0.6644491746160107
ward,onehot,sin_costura,px,12,nmi_anio_primer_cambio,0.2298051168486748
ward,onehot,sin_costura,px,12,costura_max_share_cluster,0.0
ward,onehot,sin_costura,px,12,solo_costura_max_share_cluster,0.0
ward,onehot,sin_costura,px,12,clusters_definidos_por_costura,0.0
ward,onehot,sin_costura,px,12,cluster_mayor_share,0.1600200557088992
ward,onehot,sin_costura,px,24,k_real,24.0
ward,onehot,sin_costura,px,24,ruido_share_px,0.0
ward,onehot,sin_costura,px,24,pseudo_r2,0.8203134600502164
ward,onehot,sin_costura,px,24,pseudo_f,314320.24194622814
ward,onehot,sin_costura,px,24,asw_corr,0.4270837915945945
ward,onehot,sin_costura,px,24,nmi_estados,0.6898059145353832
ward,onehot,sin_costura,px,24,nmi_anio_primer_cambio,0.3507788573742954
ward,onehot,sin_costura,px,24,costura_max_share_cluster,0.0
ward,onehot,sin_costura,px,24,solo_costura_max_share_cluster,0.0
ward,onehot,sin_costura,px,24,clusters_definidos_por_costura,0.0
ward,onehot,sin_costura,px,24,cluster_mayor_share,0.1114342168327766
ward,onehot,completo,px,6,estabilidad_ari_80,0.9786887461718572
ward,onehot,completo,px,6,estabilidad_ari_80_sd,0.0107354726525194
ward,onehot,completo,px,12,estabilidad_ari_80,0.894160079669218
ward,onehot,completo,px,12,estabilidad_ari_80_sd,0.05047630003495
ward,onehot,completo,px,24,estabilidad_ari_80,0.9350273575395884
ward,onehot,completo,px,24,estabilidad_ari_80_sd,0.0259972200578592
kmeans,onehot,completo,px,6,k_real,6.0
kmeans,onehot,completo,px,6,ruido_share_px,0.0
kmeans,onehot,completo,px,6,pseudo_r2,0.5831275086985644
kmeans,onehot,completo,px,6,pseudo_f,471175.7374894482
kmeans,onehot,completo,px,6,asw_corr,0.477155111212853
kmeans,onehot,completo,px,6,nmi_estados,0.5584879299651023
kmeans,onehot,completo,px,6,nmi_anio_primer_cambio,0.1144530679952426
kmeans,onehot,completo,px,6,costura_max_share_cluster,0.1839703391357624
kmeans,onehot,completo,px,6,solo_costura_max_share_cluster,0.1585306519623743
kmeans,onehot,completo,px,6,clusters_definidos_por_costura,0.0
kmeans,onehot,completo,px,6,cluster_mayor_share,0.2522227143774915
kmeans,onehot,completo,px,12,k_real,12.0
kmeans,onehot,completo,px,12,ruido_share_px,0.0
kmeans,onehot,completo,px,12,pseudo_r2,0.7195819123898404
kmeans,onehot,completo,px,12,pseudo_f,392891.4829075636
kmeans,onehot,completo,px,12,asw_corr,0.4491158517234501
kmeans,onehot,completo,px,12,nmi_estados,0.643634590989417
kmeans,onehot,completo,px,12,nmi_anio_primer_cambio,0.226825055016788
kmeans,onehot,completo,px,12,costura_max_share_cluster,0.2957064166636267
kmeans,onehot,completo,px,12,solo_costura_max_share_cluster,0.2567395031554372
kmeans,onehot,completo,px,12,clusters_definidos_por_costura,0.0
kmeans,onehot,completo,px,12,cluster_mayor_share,0.2036822186412318
kmeans,onehot,completo,px,24,k_real,24.0
kmeans,onehot,completo,px,24,ruido_share_px,0.0
kmeans,onehot,completo,px,24,pseudo_r2,0.8149333101008492
kmeans,onehot,completo,px,24,pseudo_f,322443.7523592281
kmeans,onehot,completo,px,24,asw_corr,0.4195874019058502
kmeans,onehot,completo,px,24,nmi_estados,0.664728669942276
kmeans,onehot,completo,px,24,nmi_anio_primer_cambio,0.3565045665349608
kmeans,onehot,completo,px,24,costura_max_share_cluster,0.3112357811653641
kmeans,onehot,completo,px,24,solo_costura_max_share_cluster,0.2723051922928112
kmeans,onehot,completo,px,24,clusters_definidos_por_costura,0.0
kmeans,onehot,completo,px,24,cluster_mayor_share,0.0815691941940456
kmeans,onehot,sin_costura,px,6,k_real,6.0
kmeans,onehot,sin_costura,px,6,ruido_share_px,0.0
kmeans,onehot,sin_costura,px,6,pseudo_r2,0.6132675389696476
kmeans,onehot,sin_costura,px,6,pseudo_f,502238.7035092721
kmeans,onehot,sin_costura,px,6,asw_corr,0.5784664495619786
kmeans,onehot,sin_costura,px,6,nmi_estados,0.5731931884116223
kmeans,onehot,sin_costura,px,6,nmi_anio_primer_cambio,0.0556335769968666
kmeans,onehot,sin_costura,px,6,costura_max_share_cluster,0.0
kmeans,onehot,sin_costura,px,6,solo_costura_max_share_cluster,0.0
kmeans,onehot,sin_costura,px,6,clusters_definidos_por_costura,0.0
kmeans,onehot,sin_costura,px,6,cluster_mayor_share,0.3261755417598884
kmeans,onehot,sin_costura,px,12,k_real,12.0
kmeans,onehot,sin_costura,px,12,ruido_share_px,0.0
kmeans,onehot,sin_costura,px,12,pseudo_r2,0.729983498745203
kmeans,onehot,sin_costura,px,12,pseudo_f,389196.77926094417
kmeans,onehot,sin_costura,px,12,asw_corr,0.4433939102277556
kmeans,onehot,sin_costura,px,12,nmi_estados,0.6414056265696114
kmeans,onehot,sin_costura,px,12,nmi_anio_primer_cambio,0.2411728713312476
kmeans,onehot,sin_costura,px,12,costura_max_share_cluster,0.0
kmeans,onehot,sin_costura,px,12,solo_costura_max_share_cluster,0.0
kmeans,onehot,sin_costura,px,12,clusters_definidos_por_costura,0.0
kmeans,onehot,sin_costura,px,12,cluster_mayor_share,0.1733410626115741
kmeans,onehot,sin_costura,px,24,k_real,24.0
kmeans,onehot,sin_costura,px,24,ruido_share_px,0.0
kmeans,onehot,sin_costura,px,24,pseudo_r2,0.8268459888518318
kmeans,onehot,sin_costura,px,24,pseudo_f,328776.0139216093
kmeans,onehot,sin_costura,px,24,asw_corr,0.4427310521023421
kmeans,onehot,sin_costura,px,24,nmi_estados,0.6667957820483066
kmeans,onehot,sin_costura,px,24,nmi_anio_primer_cambio,0.361028160262594
kmeans,onehot,sin_costura,px,24,costura_max_share_cluster,0.0
kmeans,onehot,sin_costura,px,24,solo_costura_max_share_cluster,0.0
kmeans,onehot,sin_costura,px,24,clusters_definidos_por_costura,0.0
kmeans,onehot,sin_costura,px,24,cluster_mayor_share,0.09276838876754
kmeans,onehot,completo,px,6,estabilidad_ari_80,0.8827019072737962
kmeans,onehot,completo,px,6,estabilidad_ari_80_sd,0.0404463305007369
kmeans,onehot,completo,px,12,estabilidad_ari_80,0.8375160176075965
kmeans,onehot,completo,px,12,estabilidad_ari_80_sd,0.0484141809138873
kmeans,onehot,completo,px,24,estabilidad_ari_80,0.7804781222668741
kmeans,onehot,completo,px,24,estabilidad_ari_80_sd,0.0331765718807212
kmedoides,pca8,completo,px,6,k_real,6.0
kmedoides,pca8,completo,px,6,ruido_share_px,0.0
kmedoides,pca8,completo,px,6,pseudo_r2,0.6073747056610739
kmedoides,pca8,completo,px,6,pseudo_f,521075.97983360005
kmedoides,pca8,completo,px,6,asw_corr,0.5726418047500463
kmedoides,pca8,completo,px,6,nmi_estados,0.5492700659463063
kmedoides,pca8,completo,px,6,nmi_anio_primer_cambio,0.052786339528663
kmedoides,pca8,completo,px,6,costura_max_share_cluster,0.0770781028505064
kmedoides,pca8,completo,px,6,solo_costura_max_share_cluster,0.0702208331198442
kmedoides,pca8,completo,px,6,clusters_definidos_por_costura,0.0
kmedoides,pca8,completo,px,6,cluster_mayor_share,0.3312969584408521
kmedoides,pca8,completo,px,12,k_real,12.0
kmedoides,pca8,completo,px,12,ruido_share_px,0.0
kmedoides,pca8,completo,px,12,pseudo_r2,0.727422361965394
kmedoides,pca8,completo,px,12,pseudo_f,408596.6701357538
kmedoides,pca8,completo,px,12,asw_corr,0.4358441617655382
kmedoides,pca8,completo,px,12,nmi_estados,0.6068867085029893
kmedoides,pca8,completo,px,12,nmi_anio_primer_cambio,0.2160937715526047
kmedoides,pca8,completo,px,12,costura_max_share_cluster,0.2988730973004793
kmedoides,pca8,completo,px,12,solo_costura_max_share_cluster,0.2579177529223783
kmedoides,pca8,completo,px,12,clusters_definidos_por_costura,0.0
kmedoides,pca8,completo,px,12,cluster_mayor_share,0.1282322429257298
kmedoides,pca8,completo,px,24,k_real,24.0
kmedoides,pca8,completo,px,24,ruido_share_px,0.0
kmedoides,pca8,completo,px,24,pseudo_r2,0.8075277919517392
kmedoides,pca8,completo,px,24,pseudo_f,307220.08384998323
kmedoides,pca8,completo,px,24,asw_corr,0.4279031538261941
kmedoides,pca8,completo,px,24,nmi_estados,0.6490300855229472
kmedoides,pca8,completo,px,24,nmi_anio_primer_cambio,0.3143646081092126
kmedoides,pca8,completo,px,24,costura_max_share_cluster,0.4873987782355448
kmedoides,pca8,completo,px,24,solo_costura_max_share_cluster,0.4455178292371075
kmedoides,pca8,completo,px,24,clusters_definidos_por_costura,0.0
kmedoides,pca8,completo,px,24,cluster_mayor_share,0.1180161287066515
kmedoides,pca8,sin_costura,px,6,k_real,6.0
kmedoides,pca8,sin_costura,px,6,ruido_share_px,0.0
kmedoides,pca8,sin_costura,px,6,pseudo_r2,0.6183100181339243
kmedoides,pca8,sin_costura,px,6,pseudo_f,513057.8636932256
kmedoides,pca8,sin_costura,px,6,asw_corr,0.5879492076783046
kmedoides,pca8,sin_costura,px,6,nmi_estados,0.5653380414643269
kmedoides,pca8,sin_costura,px,6,nmi_anio_primer_cambio,0.0549915829052453
kmedoides,pca8,sin_costura,px,6,costura_max_share_cluster,0.0
kmedoides,pca8,sin_costura,px,6,solo_costura_max_share_cluster,0.0
kmedoides,pca8,sin_costura,px,6,clusters_definidos_por_costura,0.0
kmedoides,pca8,sin_costura,px,6,cluster_mayor_share,0.3319087212654293
kmedoides,pca8,sin_costura,px,12,k_real,12.0
kmedoides,pca8,sin_costura,px,12,ruido_share_px,0.0
kmedoides,pca8,sin_costura,px,12,pseudo_r2,0.7323213939063409
kmedoides,pca8,sin_costura,px,12,pseudo_f,393853.3645804172
kmedoides,pca8,sin_costura,px,12,asw_corr,0.4151012551590378
kmedoides,pca8,sin_costura,px,12,nmi_estados,0.614108522976793
kmedoides,pca8,sin_costura,px,12,nmi_anio_primer_cambio,0.2283511008442992
kmedoides,pca8,sin_costura,px,12,costura_max_share_cluster,0.0
kmedoides,pca8,sin_costura,px,12,solo_costura_max_share_cluster,0.0
kmedoides,pca8,sin_costura,px,12,clusters_definidos_por_costura,0.0
kmedoides,pca8,sin_costura,px,12,cluster_mayor_share,0.137848898925163
kmedoides,pca8,sin_costura,px,24,k_real,24.0
kmedoides,pca8,sin_costura,px,24,ruido_share_px,0.0
kmedoides,pca8,sin_costura,px,24,pseudo_r2,0.8185222881004903
kmedoides,pca8,sin_costura,px,24,pseudo_f,310538.3728102568
kmedoides,pca8,sin_costura,px,24,asw_corr,0.449167589391043
kmedoides,pca8,sin_costura,px,24,nmi_estados,0.6331326088331549
kmedoides,pca8,sin_costura,px,24,nmi_anio_primer_cambio,0.3585714979514268
kmedoides,pca8,sin_costura,px,24,costura_max_share_cluster,0.0
kmedoides,pca8,sin_costura,px,24,solo_costura_max_share_cluster,0.0
kmedoides,pca8,sin_costura,px,24,clusters_definidos_por_costura,0.0
kmedoides,pca8,sin_costura,px,24,cluster_mayor_share,0.0813203425888914
kmedoides,pca8,completo,px,6,estabilidad_ari_80,0.9694082605221436
kmedoides,pca8,completo,px,6,estabilidad_ari_80_sd,0.0729595740155818
kmedoides,pca8,completo,px,12,estabilidad_ari_80,0.7174039530973734
kmedoides,pca8,completo,px,12,estabilidad_ari_80_sd,0.0536035427936416
kmedoides,pca8,completo,px,24,estabilidad_ari_80,0.7693108053236488
kmedoides,pca8,completo,px,24,estabilidad_ari_80_sd,0.0367117168225685
avg,pca8,completo,px,6,k_real,6.0
avg,pca8,completo,px,6,ruido_share_px,0.0
avg,pca8,completo,px,6,pseudo_r2,0.5008621123493578
avg,pca8,completo,px,6,pseudo_f,338002.7792082811
avg,pca8,completo,px,6,asw_corr,0.5235729238641676
avg,pca8,completo,px,6,nmi_estados,0.580209036065791
avg,pca8,completo,px,6,nmi_anio_primer_cambio,0.0406819162840538
avg,pca8,completo,px,6,costura_max_share_cluster,0.1843752414805656
avg,pca8,completo,px,6,solo_costura_max_share_cluster,0.1489838497797697
avg,pca8,completo,px,6,clusters_definidos_por_costura,0.0
avg,pca8,completo,px,6,cluster_mayor_share,0.4728292686981727
avg,pca8,completo,px,12,k_real,12.0
avg,pca8,completo,px,12,ruido_share_px,0.0
avg,pca8,completo,px,12,pseudo_r2,0.6550190700122461
avg,pca8,completo,px,12,pseudo_f,290708.1816649152
avg,pca8,completo,px,12,asw_corr,0.517345514393234
avg,pca8,completo,px,12,nmi_estados,0.6090769413029717
avg,pca8,completo,px,12,nmi_anio_primer_cambio,0.0972052692155549
avg,pca8,completo,px,12,costura_max_share_cluster,0.271889400921659
avg,pca8,completo,px,12,solo_costura_max_share_cluster,0.2701612903225806
avg,pca8,completo,px,12,clusters_definidos_por_costura,0.0
avg,pca8,completo,px,12,cluster_mayor_share,0.3287640081177911
avg,pca8,completo,px,24,k_real,24.0
avg,pca8,completo,px,24,ruido_share_px,0.0
avg,pca8,completo,px,24,pseudo_r2,0.7108504706677159
avg,pca8,completo,px,24,pseudo_f,180017.99468417247
avg,pca8,completo,px,24,asw_corr,0.4106348508700141
avg,pca8,completo,px,24,nmi_estados,0.6362023549804995
avg,pca8,completo,px,24,nmi_anio_primer_cambio,0.1893121133149822
avg,pca8,completo,px,24,costura_max_share_cluster,0.271889400921659
avg,pca8,completo,px,24,solo_costura_max_share_cluster,0.2701612903225806
avg,pca8,completo,px,24,clusters_definidos_por_costura,0.0
avg,pca8,completo,px,24,cluster_mayor_share,0.2100389383221252
avg,pca8,sin_costura,px,6,k_real,6.0
avg,pca8,sin_costura,px,6,ruido_share_px,0.0
avg,pca8,sin_costura,px,6,pseudo_r2,0.4969373691981527
avg,pca8,sin_costura,px,6,pseudo_f,312860.2769291717
avg,pca8,sin_costura,px,6,asw_corr,0.5200687094244002
avg,pca8,sin_costura,px,6,nmi_estados,0.5862243805156757
avg,pca8,sin_costura,px,6,nmi_anio_primer_cambio,0.0438562015957256
avg,pca8,sin_costura,px,6,costura_max_share_cluster,0.0
avg,pca8,sin_costura,px,6,solo_costura_max_share_cluster,0.0
avg,pca8,sin_costura,px,6,clusters_definidos_por_costura,0.0
avg,pca8,sin_costura,px,6,cluster_mayor_share,0.4980269501745718
avg,pca8,sin_costura,px,12,k_real,12.0
avg,pca8,sin_costura,px,12,ruido_share_px,0.0
avg,pca8,sin_costura,px,12,pseudo_r2,0.6752971280374822
avg,pca8,sin_costura,px,12,pseudo_f,299402.3970459808
avg,pca8,sin_costura,px,12,asw_corr,0.5562626168456287
avg,pca8,sin_costura,px,12,nmi_estados,0.611917636434891
avg,pca8,sin_costura,px,12,nmi_anio_primer_cambio,0.096682463223053
avg,pca8,sin_costura,px,12,costura_max_share_cluster,0.0
avg,pca8,sin_costura,px,12,solo_costura_max_share_cluster,0.0
avg,pca8,sin_costura,px,12,clusters_definidos_por_costura,0.0
avg,pca8,sin_costura,px,12,cluster_mayor_share,0.3264874913882327
avg,pca8,sin_costura,px,24,k_real,24.0
avg,pca8,sin_costura,px,24,ruido_share_px,0.0
avg,pca8,sin_costura,px,24,pseudo_r2,0.6983227685239102
avg,pca8,sin_costura,px,24,pseudo_f,159375.56111049908
avg,pca8,sin_costura,px,24,asw_corr,0.4590509769549513
avg,pca8,sin_costura,px,24,nmi_estados,0.6286459097251684
avg,pca8,sin_costura,px,24,nmi_anio_primer_cambio,0.103589801762403
avg,pca8,sin_costura,px,24,costura_max_share_cluster,0.0
avg,pca8,sin_costura,px,24,solo_costura_max_share_cluster,0.0
avg,pca8,sin_costura,px,24,clusters_definidos_por_costura,0.0
avg,pca8,sin_costura,px,24,cluster_mayor_share,0.3242362759529145
avg,pca8,completo,px,6,estabilidad_ari_80,0.9866826017071816
avg,pca8,completo,px,6,estabilidad_ari_80_sd,0.0127786039587902
avg,pca8,completo,px,12,estabilidad_ari_80,0.965061277236771
avg,pca8,completo,px,12,estabilidad_ari_80_sd,0.0508937792964826
avg,pca8,completo,px,24,estabilidad_ari_80,0.932292143875836
avg,pca8,completo,px,24,estabilidad_ari_80_sd,0.0963603777047379
ward,pca8,completo,px,6,k_real,6.0
ward,pca8,completo,px,6,ruido_share_px,0.0
ward,pca8,completo,px,6,pseudo_r2,0.5904357836720864
ward,pca8,completo,px,6,pseudo_f,485593.9779276172
ward,pca8,completo,px,6,asw_corr,0.5435661228525486
ward,pca8,completo,px,6,nmi_estados,0.5606086416528796
ward,pca8,completo,px,6,nmi_anio_primer_cambio,0.0575146959273386
ward,pca8,completo,px,6,costura_max_share_cluster,0.1066541719997562
ward,pca8,completo,px,6,solo_costura_max_share_cluster,0.0982126531358566
ward,pca8,completo,px,6,clusters_definidos_por_costura,0.0
ward,pca8,completo,px,6,cluster_mayor_share,0.337603802869252
ward,pca8,completo,px,12,k_real,12.0
ward,pca8,completo,px,12,ruido_share_px,0.0
ward,pca8,completo,px,12,pseudo_r2,0.7143681865085288
ward,pca8,completo,px,12,pseudo_f,382925.18206603255
ward,pca8,completo,px,12,asw_corr,0.4261800262189621
ward,pca8,completo,px,12,nmi_estados,0.6240652508097297
ward,pca8,completo,px,12,nmi_anio_primer_cambio,0.2050338499920604
ward,pca8,completo,px,12,costura_max_share_cluster,0.3254196772966806
ward,pca8,completo,px,12,solo_costura_max_share_cluster,0.2776932688651056
ward,pca8,completo,px,12,clusters_definidos_por_costura,0.0
ward,pca8,completo,px,12,cluster_mayor_share,0.1553709115652398
ward,pca8,completo,px,24,k_real,24.0
ward,pca8,completo,px,24,ruido_share_px,0.0
ward,pca8,completo,px,24,pseudo_r2,0.8033061374271622
ward,pca8,completo,px,24,pseudo_f,299054.560842654
ward,pca8,completo,px,24,asw_corr,0.4123729372972594
ward,pca8,completo,px,24,nmi_estados,0.6400569207191074
ward,pca8,completo,px,24,nmi_anio_primer_cambio,0.3325488446058351
ward,pca8,completo,px,24,costura_max_share_cluster,0.3694304838746027
ward,pca8,completo,px,24,solo_costura_max_share_cluster,0.3533839670054765
ward,pca8,completo,px,24,clusters_definidos_por_costura,0.0
ward,pca8,completo,px,24,cluster_mayor_share,0.0885582608261954
ward,pca8,sin_costura,px,6,k_real,6.0
ward,pca8,sin_costura,px,6,ruido_share_px,0.0
ward,pca8,sin_costura,px,6,pseudo_r2,0.6011684121150299
ward,pca8,sin_costura,px,6,pseudo_f,477394.52264093416
ward,pca8,sin_costura,px,6,asw_corr,0.5582177997872104
ward,pca8,sin_costura,px,6,nmi_estados,0.567217982508003
ward,pca8,sin_costura,px,6,nmi_anio_primer_cambio,0.0641260221543986
ward,pca8,sin_costura,px,6,costura_max_share_cluster,0.0
ward,pca8,sin_costura,px,6,solo_costura_max_share_cluster,0.0
ward,pca8,sin_costura,px,6,clusters_definidos_por_costura,0.0
ward,pca8,sin_costura,px,6,cluster_mayor_share,0.3298766283423287
ward,pca8,sin_costura,px,12,k_real,12.0
ward,pca8,sin_costura,px,12,ruido_share_px,0.0
ward,pca8,sin_costura,px,12,pseudo_r2,0.7284696974405684
ward,pca8,sin_costura,px,12,pseudo_f,386224.3825894733
ward,pca8,sin_costura,px,12,asw_corr,0.4290106750927596
ward,pca8,sin_costura,px,12,nmi_estados,0.5932091405087023
ward,pca8,sin_costura,px,12,nmi_anio_primer_cambio,0.2471326622374454
ward,pca8,sin_costura,px,12,costura_max_share_cluster,0.0
ward,pca8,sin_costura,px,12,solo_costura_max_share_cluster,0.0
ward,pca8,sin_costura,px,12,clusters_definidos_por_costura,0.0
ward,pca8,sin_costura,px,12,cluster_mayor_share,0.1816715069377218
ward,pca8,sin_costura,px,24,k_real,24.0
ward,pca8,sin_costura,px,24,ruido_share_px,0.0
ward,pca8,sin_costura,px,24,pseudo_r2,0.8147724264051395
ward,pca8,sin_costura,px,24,pseudo_f,302857.78646550234
ward,pca8,sin_costura,px,24,asw_corr,0.4427321122123731
ward,pca8,sin_costura,px,24,nmi_estados,0.6385222291732852
ward,pca8,sin_costura,px,24,nmi_anio_primer_cambio,0.3324788564460291
ward,pca8,sin_costura,px,24,costura_max_share_cluster,0.0
ward,pca8,sin_costura,px,24,solo_costura_max_share_cluster,0.0
ward,pca8,sin_costura,px,24,clusters_definidos_por_costura,0.0
ward,pca8,sin_costura,px,24,cluster_mayor_share,0.1035255991295721
ward,pca8,completo,px,6,estabilidad_ari_80,0.9477482655820966
ward,pca8,completo,px,6,estabilidad_ari_80_sd,0.0449350845460832
ward,pca8,completo,px,12,estabilidad_ari_80,0.8754770070025651
ward,pca8,completo,px,12,estabilidad_ari_80_sd,0.0691038507213984
ward,pca8,completo,px,24,estabilidad_ari_80,0.9015503599575224
ward,pca8,completo,px,24,estabilidad_ari_80_sd,0.0356612221446483
kmeans,pca8,completo,px,6,k_real,6.0
kmeans,pca8,completo,px,6,ruido_share_px,0.0
kmeans,pca8,completo,px,6,pseudo_r2,0.6076836599673896
kmeans,pca8,completo,px,6,pseudo_f,521751.5993839895
kmeans,pca8,completo,px,6,asw_corr,0.5731467904170957
kmeans,pca8,completo,px,6,nmi_estados,0.5516086962116911
kmeans,pca8,completo,px,6,nmi_anio_primer_cambio,0.0522989494692625
kmeans,pca8,completo,px,6,costura_max_share_cluster,0.0764959173527255
kmeans,pca8,completo,px,6,solo_costura_max_share_cluster,0.0692912456919434
kmeans,pca8,completo,px,6,clusters_definidos_por_costura,0.0
kmeans,pca8,completo,px,6,cluster_mayor_share,0.3308872688667986
kmeans,pca8,completo,px,12,k_real,12.0
kmeans,pca8,completo,px,12,ruido_share_px,0.0
kmeans,pca8,completo,px,12,pseudo_r2,0.725186793426501
kmeans,pca8,completo,px,12,pseudo_f,404027.27657993167
kmeans,pca8,completo,px,12,asw_corr,0.4375791641433553
kmeans,pca8,completo,px,12,nmi_estados,0.6055191886840553
kmeans,pca8,completo,px,12,nmi_anio_primer_cambio,0.2089163827535907
kmeans,pca8,completo,px,12,costura_max_share_cluster,0.3489040075288213
kmeans,pca8,completo,px,12,solo_costura_max_share_cluster,0.3006528899694141
kmeans,pca8,completo,px,12,clusters_definidos_por_costura,0.0
kmeans,pca8,completo,px,12,cluster_mayor_share,0.1661546536579341
kmeans,pca8,completo,px,24,k_real,24.0
kmeans,pca8,completo,px,24,ruido_share_px,0.0
kmeans,pca8,completo,px,24,pseudo_r2,0.8096665210321363
kmeans,pca8,completo,px,24,pseudo_f,311495.05033355247
kmeans,pca8,completo,px,24,asw_corr,0.4293347219467712
kmeans,pca8,completo,px,24,nmi_estados,0.6390311748209795
kmeans,pca8,completo,px,24,nmi_anio_primer_cambio,0.3439956235087725
kmeans,pca8,completo,px,24,costura_max_share_cluster,0.4242402411056278
kmeans,pca8,completo,px,24,solo_costura_max_share_cluster,0.3682504232556464
kmeans,pca8,completo,px,24,clusters_definidos_por_costura,0.0
kmeans,pca8,completo,px,24,cluster_mayor_share,0.0899903930763649
kmeans,pca8,sin_costura,px,6,k_real,6.0
kmeans,pca8,sin_costura,px,6,ruido_share_px,0.0
kmeans,pca8,sin_costura,px,6,pseudo_r2,0.6173888329211253
kmeans,pca8,sin_costura,px,6,pseudo_f,511060.07577776
kmeans,pca8,sin_costura,px,6,asw_corr,0.5859209245893009
kmeans,pca8,sin_costura,px,6,nmi_estados,0.5682723666791192
kmeans,pca8,sin_costura,px,6,nmi_anio_primer_cambio,0.0537856821718699
kmeans,pca8,sin_costura,px,6,costura_max_share_cluster,0.0
kmeans,pca8,sin_costura,px,6,solo_costura_max_share_cluster,0.0
kmeans,pca8,sin_costura,px,6,clusters_definidos_por_costura,0.0
kmeans,pca8,sin_costura,px,6,cluster_mayor_share,0.3288012230446157
kmeans,pca8,sin_costura,px,12,k_real,12.0
kmeans,pca8,sin_costura,px,12,ruido_share_px,0.0
kmeans,pca8,sin_costura,px,12,pseudo_r2,0.733192334980594
kmeans,pca8,sin_costura,px,12,pseudo_f,395608.9554307068
kmeans,pca8,sin_costura,px,12,asw_corr,0.4472917167888385
kmeans,pca8,sin_costura,px,12,nmi_estados,0.6122051115307946
kmeans,pca8,sin_costura,px,12,nmi_anio_primer_cambio,0.2147888674365154
kmeans,pca8,sin_costura,px,12,costura_max_share_cluster,0.0
kmeans,pca8,sin_costura,px,12,solo_costura_max_share_cluster,0.0
kmeans,pca8,sin_costura,px,12,clusters_definidos_por_costura,0.0
kmeans,pca8,sin_costura,px,12,cluster_mayor_share,0.1626905718592387
kmeans,pca8,sin_costura,px,24,k_real,24.0
kmeans,pca8,sin_costura,px,24,ruido_share_px,0.0
kmeans,pca8,sin_costura,px,24,pseudo_r2,0.8238922518218439
kmeans,pca8,sin_costura,px,24,pseudo_f,322106.88879845553
kmeans,pca8,sin_costura,px,24,asw_corr,0.4560234543246509
kmeans,pca8,sin_costura,px,24,nmi_estados,0.6469819985364941
kmeans,pca8,sin_costura,px,24,nmi_anio_primer_cambio,0.3463972802863361
kmeans,pca8,sin_costura,px,24,costura_max_share_cluster,0.0
kmeans,pca8,sin_costura,px,24,solo_costura_max_share_cluster,0.0
kmeans,pca8,sin_costura,px,24,clusters_definidos_por_costura,0.0
kmeans,pca8,sin_costura,px,24,cluster_mayor_share,0.0824588955846498
kmeans,pca8,completo,px,6,estabilidad_ari_80,0.982236934013995
kmeans,pca8,completo,px,6,estabilidad_ari_80_sd,0.004302397293449
kmeans,pca8,completo,px,12,estabilidad_ari_80,0.9219361201724504
kmeans,pca8,completo,px,12,estabilidad_ari_80_sd,0.0469517651548279
kmeans,pca8,completo,px,24,estabilidad_ari_80,0.8867613289910758
kmeans,pca8,completo,px,24,estabilidad_ari_80_sd,0.0401367467771253
gmm,pca8,completo,px,6,k_real,6.0
gmm,pca8,completo,px,6,ruido_share_px,0.0
gmm,pca8,completo,px,6,pseudo_r2,0.5329171851862924
gmm,pca8,completo,px,6,pseudo_f,384315.998429524
gmm,pca8,completo,px,6,asw_corr,0.4210976531531195
gmm,pca8,completo,px,6,nmi_estados,0.6148260605774859
gmm,pca8,completo,px,6,nmi_anio_primer_cambio,0.090116943130081
gmm,pca8,completo,px,6,costura_max_share_cluster,0.229208966867641
gmm,pca8,completo,px,6,solo_costura_max_share_cluster,0.1950639863192754
gmm,pca8,completo,px,6,clusters_definidos_por_costura,0.0
gmm,pca8,completo,px,6,cluster_mayor_share,0.2566610180964041
gmm,pca8,completo,px,12,k_real,12.0
gmm,pca8,completo,px,12,ruido_share_px,0.0
gmm,pca8,completo,px,12,pseudo_r2,0.6316713674043652
gmm,pca8,completo,px,12,pseudo_f,262575.4448909854
gmm,pca8,completo,px,12,asw_corr,0.353779072982695
gmm,pca8,completo,px,12,nmi_estados,0.7139407274799903
gmm,pca8,completo,px,12,nmi_anio_primer_cambio,0.1840628111454392
gmm,pca8,completo,px,12,costura_max_share_cluster,0.2852630657724101
gmm,pca8,completo,px,12,solo_costura_max_share_cluster,0.244003150583574
gmm,pca8,completo,px,12,clusters_definidos_por_costura,0.0
gmm,pca8,completo,px,12,cluster_mayor_share,0.1535534336142576
gmm,pca8,completo,px,24,k_real,24.0
gmm,pca8,completo,px,24,ruido_share_px,0.0
gmm,pca8,completo,px,24,pseudo_r2,0.7365989855927544
gmm,pca8,completo,px,24,pseudo_f,204773.5348306779
gmm,pca8,completo,px,24,asw_corr,0.3587162887502769
gmm,pca8,completo,px,24,nmi_estados,0.7673872778039085
gmm,pca8,completo,px,24,nmi_anio_primer_cambio,0.2733956836575918
gmm,pca8,completo,px,24,costura_max_share_cluster,0.3232039936464715
gmm,pca8,completo,px,24,solo_costura_max_share_cluster,0.2783662355343771
gmm,pca8,completo,px,24,clusters_definidos_por_costura,0.0
gmm,pca8,completo,px,24,cluster_mayor_share,0.117649189349021
gmm,pca8,sin_costura,px,6,k_real,6.0
gmm,pca8,sin_costura,px,6,ruido_share_px,0.0
gmm,pca8,sin_costura,px,6,pseudo_r2,0.4496393883532626
gmm,pca8,sin_costura,px,6,pseudo_f,258754.45170253795
gmm,pca8,sin_costura,px,6,asw_corr,0.3468861134420338
gmm,pca8,sin_costura,px,6,nmi_estados,0.6981822673797996
gmm,pca8,sin_costura,px,6,nmi_anio_primer_cambio,0.0679074263721651
gmm,pca8,sin_costura,px,6,costura_max_share_cluster,0.0
gmm,pca8,sin_costura,px,6,solo_costura_max_share_cluster,0.0
gmm,pca8,sin_costura,px,6,clusters_definidos_por_costura,0.0
gmm,pca8,sin_costura,px,6,cluster_mayor_share,0.3851984321689529
gmm,pca8,sin_costura,px,12,k_real,12.0
gmm,pca8,sin_costura,px,12,ruido_share_px,0.0
gmm,pca8,sin_costura,px,12,pseudo_r2,0.6356074923440681
gmm,pca8,sin_costura,px,12,pseudo_f,251111.1918545251
gmm,pca8,sin_costura,px,12,asw_corr,0.3259782228457113
gmm,pca8,sin_costura,px,12,nmi_estados,0.7131735892612552
gmm,pca8,sin_costura,px,12,nmi_anio_primer_cambio,0.1881383127415434
gmm,pca8,sin_costura,px,12,costura_max_share_cluster,0.0
gmm,pca8,sin_costura,px,12,solo_costura_max_share_cluster,0.0
gmm,pca8,sin_costura,px,12,clusters_definidos_por_costura,0.0
gmm,pca8,sin_costura,px,12,cluster_mayor_share,0.177265692045095
gmm,pca8,sin_costura,px,24,k_real,24.0
gmm,pca8,sin_costura,px,24,ruido_share_px,0.0
gmm,pca8,sin_costura,px,24,pseudo_r2,0.7424086078944873
gmm,pca8,sin_costura,px,24,pseudo_f,198435.6558472453
gmm,pca8,sin_costura,px,24,asw_corr,0.310210828390154
gmm,pca8,sin_costura,px,24,nmi_estados,0.7722721774204516
gmm,pca8,sin_costura,px,24,nmi_anio_primer_cambio,0.2892746644329146
gmm,pca8,sin_costura,px,24,costura_max_share_cluster,0.0
gmm,pca8,sin_costura,px,24,solo_costura_max_share_cluster,0.0
gmm,pca8,sin_costura,px,24,clusters_definidos_por_costura,0.0
gmm,pca8,sin_costura,px,24,cluster_mayor_share,0.1421473627311126
gmm,pca8,completo,px,6,estabilidad_ari_80,0.5962270228552524
gmm,pca8,completo,px,6,estabilidad_ari_80_sd,0.1124044170041138
gmm,pca8,completo,px,12,estabilidad_ari_80,0.7324384913538468
gmm,pca8,completo,px,12,estabilidad_ari_80_sd,0.0679683598051076
gmm,pca8,completo,px,24,estabilidad_ari_80,0.7101602611532851
gmm,pca8,completo,px,24,estabilidad_ari_80_sd,0.0654805897332035
kmedoides,ae_d3,completo,px,6,k_real,6.0
kmedoides,ae_d3,completo,px,6,ruido_share_px,0.0
kmedoides,ae_d3,completo,px,6,pseudo_r2,0.5300423407907633
kmedoides,ae_d3,completo,px,6,pseudo_f,379904.5180761658
kmedoides,ae_d3,completo,px,6,asw_corr,0.4132591869553226
kmedoides,ae_d3,completo,px,6,nmi_estados,0.5755084078177186
kmedoides,ae_d3,completo,px,6,nmi_anio_primer_cambio,0.0843703521826744
kmedoides,ae_d3,completo,px,6,costura_max_share_cluster,0.1139356279169861
kmedoides,ae_d3,completo,px,6,solo_costura_max_share_cluster,0.0983200850045057
kmedoides,ae_d3,completo,px,6,clusters_definidos_por_costura,0.0
kmedoides,ae_d3,completo,px,6,cluster_mayor_share,0.2576644606763322
kmedoides,ae_d3,completo,px,12,k_real,12.0
kmedoides,ae_d3,completo,px,12,ruido_share_px,0.0
kmedoides,ae_d3,completo,px,12,pseudo_r2,0.6576936429492837
kmedoides,ae_d3,completo,px,12,pseudo_f,294175.89183253684
kmedoides,ae_d3,completo,px,12,asw_corr,0.3362189172780418
kmedoides,ae_d3,completo,px,12,nmi_estados,0.6363323826739309
kmedoides,ae_d3,completo,px,12,nmi_anio_primer_cambio,0.1960590130551066
kmedoides,ae_d3,completo,px,12,costura_max_share_cluster,0.1413868246074761
kmedoides,ae_d3,completo,px,12,solo_costura_max_share_cluster,0.1263340224618651
kmedoides,ae_d3,completo,px,12,clusters_definidos_por_costura,0.0
kmedoides,ae_d3,completo,px,12,cluster_mayor_share,0.1838051492635681
kmedoides,ae_d3,completo,px,24,k_real,24.0
kmedoides,ae_d3,completo,px,24,ruido_share_px,0.0
kmedoides,ae_d3,completo,px,24,pseudo_r2,0.7602078778690228
kmedoides,ae_d3,completo,px,24,pseudo_f,232144.07762780003
kmedoides,ae_d3,completo,px,24,asw_corr,0.3571324753872505
kmedoides,ae_d3,completo,px,24,nmi_estados,0.6932408391520536
kmedoides,ae_d3,completo,px,24,nmi_anio_primer_cambio,0.2721370700782011
kmedoides,ae_d3,completo,px,24,costura_max_share_cluster,0.3560918187168922
kmedoides,ae_d3,completo,px,24,solo_costura_max_share_cluster,0.3373610774504033
kmedoides,ae_d3,completo,px,24,clusters_definidos_por_costura,0.0
kmedoides,ae_d3,completo,px,24,cluster_mayor_share,0.1698477973544741
kmedoides,ae_d3,sin_costura,px,6,k_real,6.0
kmedoides,ae_d3,sin_costura,px,6,ruido_share_px,0.0
kmedoides,ae_d3,sin_costura,px,6,pseudo_r2,0.5324012176182533
kmedoides,ae_d3,sin_costura,px,6,pseudo_f,360608.9447475335
kmedoides,ae_d3,sin_costura,px,6,asw_corr,0.4075016645193886
kmedoides,ae_d3,sin_costura,px,6,nmi_estados,0.5769183590881591
kmedoides,ae_d3,sin_costura,px,6,nmi_anio_primer_cambio,0.0905848376846295
kmedoides,ae_d3,sin_costura,px,6,costura_max_share_cluster,0.0
kmedoides,ae_d3,sin_costura,px,6,solo_costura_max_share_cluster,0.0
kmedoides,ae_d3,sin_costura,px,6,clusters_definidos_por_costura,0.0
kmedoides,ae_d3,sin_costura,px,6,cluster_mayor_share,0.2496455835447202
kmedoides,ae_d3,sin_costura,px,12,k_real,12.0
kmedoides,ae_d3,sin_costura,px,12,ruido_share_px,0.0
kmedoides,ae_d3,sin_costura,px,12,pseudo_r2,0.6746592831657983
kmedoides,ae_d3,sin_costura,px,12,pseudo_f,298533.1624178489
kmedoides,ae_d3,sin_costura,px,12,asw_corr,0.3683671089222791
kmedoides,ae_d3,sin_costura,px,12,nmi_estados,0.6437039675876923
kmedoides,ae_d3,sin_costura,px,12,nmi_anio_primer_cambio,0.1816139451252763
kmedoides,ae_d3,sin_costura,px,12,costura_max_share_cluster,0.0
kmedoides,ae_d3,sin_costura,px,12,solo_costura_max_share_cluster,0.0
kmedoides,ae_d3,sin_costura,px,12,clusters_definidos_por_costura,0.0
kmedoides,ae_d3,sin_costura,px,12,cluster_mayor_share,0.1739384398350834
kmedoides,ae_d3,sin_costura,px,24,k_real,24.0
kmedoides,ae_d3,sin_costura,px,24,ruido_share_px,0.0
kmedoides,ae_d3,sin_costura,px,24,pseudo_r2,0.7761299691428892
kmedoides,ae_d3,sin_costura,px,24,pseudo_f,238696.7757257072
kmedoides,ae_d3,sin_costura,px,24,asw_corr,0.3645615973035018
kmedoides,ae_d3,sin_costura,px,24,nmi_estados,0.6751753171472106
kmedoides,ae_d3,sin_costura,px,24,nmi_anio_primer_cambio,0.3209352342623147
kmedoides,ae_d3,sin_costura,px,24,costura_max_share_cluster,0.0
kmedoides,ae_d3,sin_costura,px,24,solo_costura_max_share_cluster,0.0
kmedoides,ae_d3,sin_costura,px,24,clusters_definidos_por_costura,0.0
kmedoides,ae_d3,sin_costura,px,24,cluster_mayor_share,0.0924905388961403
kmedoides,ae_d3,completo,px,6,estabilidad_ari_80,0.9511419642701344
kmedoides,ae_d3,completo,px,6,estabilidad_ari_80_sd,0.0637634944747168
kmedoides,ae_d3,completo,px,12,estabilidad_ari_80,0.7763113214157925
kmedoides,ae_d3,completo,px,12,estabilidad_ari_80_sd,0.0944002563003735
kmedoides,ae_d3,completo,px,24,estabilidad_ari_80,0.6518244017677339
kmedoides,ae_d3,completo,px,24,estabilidad_ari_80_sd,0.0460187923897377
avg,ae_d3,completo,px,6,k_real,6.0
avg,ae_d3,completo,px,6,ruido_share_px,0.0
avg,ae_d3,completo,px,6,pseudo_r2,0.4572283754229732
avg,ae_d3,completo,px,6,pseudo_f,283751.8271423887
avg,ae_d3,completo,px,6,asw_corr,0.4336243350474575
avg,ae_d3,completo,px,6,nmi_estados,0.636862904216347
avg,ae_d3,completo,px,6,nmi_anio_primer_cambio,0.043331445421125
avg,ae_d3,completo,px,6,costura_max_share_cluster,0.1179188104409665
avg,ae_d3,completo,px,6,solo_costura_max_share_cluster,0.1029011663928023
avg,ae_d3,completo,px,6,clusters_definidos_por_costura,0.0
avg,ae_d3,completo,px,6,cluster_mayor_share,0.4203308154247531
avg,ae_d3,completo,px,12,k_real,12.0
avg,ae_d3,completo,px,12,ruido_share_px,0.0
avg,ae_d3,completo,px,12,pseudo_r2,0.5479983108746056
avg,ae_d3,completo,px,12,pseudo_f,185625.4678600752
avg,ae_d3,completo,px,12,asw_corr,0.2517882118819337
avg,ae_d3,completo,px,12,nmi_estados,0.6874619866804142
avg,ae_d3,completo,px,12,nmi_anio_primer_cambio,0.0751096547985777
avg,ae_d3,completo,px,12,costura_max_share_cluster,0.2566034678334143
avg,ae_d3,completo,px,12,solo_costura_max_share_cluster,0.2228974234321828
avg,ae_d3,completo,px,12,clusters_definidos_por_costura,0.0
avg,ae_d3,completo,px,12,cluster_mayor_share,0.4133209674373976
avg,ae_d3,completo,px,24,k_real,24.0
avg,ae_d3,completo,px,24,ruido_share_px,0.0
avg,ae_d3,completo,px,24,pseudo_r2,0.6390538799348944
avg,ae_d3,completo,px,24,pseudo_f,129644.84478915008
avg,ae_d3,completo,px,24,asw_corr,0.2536278042411405
avg,ae_d3,completo,px,24,nmi_estados,0.6856461708535609
avg,ae_d3,completo,px,24,nmi_anio_primer_cambio,0.136254915045873
avg,ae_d3,completo,px,24,costura_max_share_cluster,0.6761482254697286
avg,ae_d3,completo,px,24,solo_costura_max_share_cluster,0.6581419624217119
avg,ae_d3,completo,px,24,clusters_definidos_por_costura,0.0
avg,ae_d3,completo,px,24,cluster_mayor_share,0.2388543654502251
avg,ae_d3,sin_costura,px,6,k_real,6.0
avg,ae_d3,sin_costura,px,6,ruido_share_px,0.0
avg,ae_d3,sin_costura,px,6,pseudo_r2,0.4643790298609348
avg,ae_d3,sin_costura,px,6,pseudo_f,274590.719274243
avg,ae_d3,sin_costura,px,6,asw_corr,0.4633670723818037
avg,ae_d3,sin_costura,px,6,nmi_estados,0.6024383268059721
avg,ae_d3,sin_costura,px,6,nmi_anio_primer_cambio,0.0414333448255995
avg,ae_d3,sin_costura,px,6,costura_max_share_cluster,0.0
avg,ae_d3,sin_costura,px,6,solo_costura_max_share_cluster,0.0
avg,ae_d3,sin_costura,px,6,clusters_definidos_por_costura,0.0
avg,ae_d3,sin_costura,px,6,cluster_mayor_share,0.4971428824019364
avg,ae_d3,sin_costura,px,12,k_real,12.0
avg,ae_d3,sin_costura,px,12,ruido_share_px,0.0
avg,ae_d3,sin_costura,px,12,pseudo_r2,0.6070905370907198
avg,ae_d3,sin_costura,px,12,pseudo_f,222437.2284222371
avg,ae_d3,sin_costura,px,12,asw_corr,0.3519522688459106
avg,ae_d3,sin_costura,px,12,nmi_estados,0.666850741211517
avg,ae_d3,sin_costura,px,12,nmi_anio_primer_cambio,0.0752056417442539
avg,ae_d3,sin_costura,px,12,costura_max_share_cluster,0.0
avg,ae_d3,sin_costura,px,12,solo_costura_max_share_cluster,0.0
avg,ae_d3,sin_costura,px,12,clusters_definidos_por_costura,0.0
avg,ae_d3,sin_costura,px,12,cluster_mayor_share,0.3475971353678259
avg,ae_d3,sin_costura,px,24,k_real,24.0
avg,ae_d3,sin_costura,px,24,ruido_share_px,0.0
avg,ae_d3,sin_costura,px,24,pseudo_r2,0.6465179921872466
avg,ae_d3,sin_costura,px,24,pseudo_f,125927.72593913833
avg,ae_d3,sin_costura,px,24,asw_corr,0.2243307726651341
avg,ae_d3,sin_costura,px,24,nmi_estados,0.7173663441771968
avg,ae_d3,sin_costura,px,24,nmi_anio_primer_cambio,0.1015542153646799
avg,ae_d3,sin_costura,px,24,costura_max_share_cluster,0.0
avg,ae_d3,sin_costura,px,24,solo_costura_max_share_cluster,0.0
avg,ae_d3,sin_costura,px,24,clusters_definidos_por_costura,0.0
avg,ae_d3,sin_costura,px,24,cluster_mayor_share,0.3475971353678259
avg,ae_d3,completo,px,6,estabilidad_ari_80,0.9908682356577851
avg,ae_d3,completo,px,6,estabilidad_ari_80_sd,0.0086122426848062
avg,ae_d3,completo,px,12,estabilidad_ari_80,0.996115661690909
avg,ae_d3,completo,px,12,estabilidad_ari_80_sd,0.0044707322912817
avg,ae_d3,completo,px,24,estabilidad_ari_80,0.996442528630541
avg,ae_d3,completo,px,24,estabilidad_ari_80_sd,0.0045138538605439
ward,ae_d3,completo,px,6,k_real,6.0
ward,ae_d3,completo,px,6,ruido_share_px,0.0
ward,ae_d3,completo,px,6,pseudo_r2,0.5047000054192095
ward,ae_d3,completo,px,6,pseudo_f,343231.87548041105
ward,ae_d3,completo,px,6,asw_corr,0.370983165296664
ward,ae_d3,completo,px,6,nmi_estados,0.5897651879930068
ward,ae_d3,completo,px,6,nmi_anio_primer_cambio,0.0866772909855527
ward,ae_d3,completo,px,6,costura_max_share_cluster,0.1238100168911266
ward,ae_d3,completo,px,6,solo_costura_max_share_cluster,0.1046246739883121
ward,ae_d3,completo,px,6,clusters_definidos_por_costura,0.0
ward,ae_d3,completo,px,6,cluster_mayor_share,0.2819483648635971
ward,ae_d3,completo,px,12,k_real,12.0
ward,ae_d3,completo,px,12,ruido_share_px,0.0
ward,ae_d3,completo,px,12,pseudo_r2,0.6402826562214603
ward,ae_d3,completo,px,12,pseudo_f,272526.512939386
ward,ae_d3,completo,px,12,asw_corr,0.3530542198004616
ward,ae_d3,completo,px,12,nmi_estados,0.659098438518642
ward,ae_d3,completo,px,12,nmi_anio_primer_cambio,0.1954417341702841
ward,ae_d3,completo,px,12,costura_max_share_cluster,0.1443437591347559
ward,ae_d3,completo,px,12,solo_costura_max_share_cluster,0.1320081847413037
ward,ae_d3,completo,px,12,clusters_definidos_por_costura,0.0
ward,ae_d3,completo,px,12,cluster_mayor_share,0.1834922414294722
ward,ae_d3,completo,px,24,k_real,24.0
ward,ae_d3,completo,px,24,ruido_share_px,0.0
ward,ae_d3,completo,px,24,pseudo_r2,0.751675638466282
ward,ae_d3,completo,px,24,pseudo_f,221651.81994787225
ward,ae_d3,completo,px,24,asw_corr,0.2979334826885589
ward,ae_d3,completo,px,24,nmi_estados,0.699147325981268
ward,ae_d3,completo,px,24,nmi_anio_primer_cambio,0.2929777316967047
ward,ae_d3,completo,px,24,costura_max_share_cluster,0.3564549291202251
ward,ae_d3,completo,px,24,solo_costura_max_share_cluster,0.348356959924972
ward,ae_d3,completo,px,24,clusters_definidos_por_costura,0.0
ward,ae_d3,completo,px,24,cluster_mayor_share,0.1200461702337368
ward,ae_d3,sin_costura,px,6,k_real,6.0
ward,ae_d3,sin_costura,px,6,ruido_share_px,0.0
ward,ae_d3,sin_costura,px,6,pseudo_r2,0.4990457445823608
ward,ae_d3,sin_costura,px,6,pseudo_f,315509.98870510526
ward,ae_d3,sin_costura,px,6,asw_corr,0.3521740884775718
ward,ae_d3,sin_costura,px,6,nmi_estados,0.6014840376405253
ward,ae_d3,sin_costura,px,6,nmi_anio_primer_cambio,0.0980839442401674
ward,ae_d3,sin_costura,px,6,costura_max_share_cluster,0.0
ward,ae_d3,sin_costura,px,6,solo_costura_max_share_cluster,0.0
ward,ae_d3,sin_costura,px,6,clusters_definidos_por_costura,0.0
ward,ae_d3,sin_costura,px,6,cluster_mayor_share,0.2960742970556123
ward,ae_d3,sin_costura,px,12,k_real,12.0
ward,ae_d3,sin_costura,px,12,ruido_share_px,0.0
ward,ae_d3,sin_costura,px,12,pseudo_r2,0.6521336652093404
ward,ae_d3,sin_costura,px,12,pseudo_f,269880.0110765836
ward,ae_d3,sin_costura,px,12,asw_corr,0.3675898010633826
ward,ae_d3,sin_costura,px,12,nmi_estados,0.6691974046409274
ward,ae_d3,sin_costura,px,12,nmi_anio_primer_cambio,0.2025476174986942
ward,ae_d3,sin_costura,px,12,costura_max_share_cluster,0.0
ward,ae_d3,sin_costura,px,12,solo_costura_max_share_cluster,0.0
ward,ae_d3,sin_costura,px,12,clusters_definidos_por_costura,0.0
ward,ae_d3,sin_costura,px,12,cluster_mayor_share,0.1528231125626662
ward,ae_d3,sin_costura,px,24,k_real,24.0
ward,ae_d3,sin_costura,px,24,ruido_share_px,0.0
ward,ae_d3,sin_costura,px,24,pseudo_r2,0.7560521473223578
ward,ae_d3,sin_costura,px,24,pseudo_f,213384.47069430808
ward,ae_d3,sin_costura,px,24,asw_corr,0.3239153214376306
ward,ae_d3,sin_costura,px,24,nmi_estados,0.6943006332644073
ward,ae_d3,sin_costura,px,24,nmi_anio_primer_cambio,0.2933380443732251
ward,ae_d3,sin_costura,px,24,costura_max_share_cluster,0.0
ward,ae_d3,sin_costura,px,24,solo_costura_max_share_cluster,0.0
ward,ae_d3,sin_costura,px,24,clusters_definidos_por_costura,0.0
ward,ae_d3,sin_costura,px,24,cluster_mayor_share,0.1181967038164574
ward,ae_d3,completo,px,6,estabilidad_ari_80,0.8371103741521049
ward,ae_d3,completo,px,6,estabilidad_ari_80_sd,0.0779185802423751
ward,ae_d3,completo,px,12,estabilidad_ari_80,0.7851158927200954
ward,ae_d3,completo,px,12,estabilidad_ari_80_sd,0.1032912254938263
ward,ae_d3,completo,px,24,estabilidad_ari_80,0.9171213738850909
ward,ae_d3,completo,px,24,estabilidad_ari_80_sd,0.0467767393538971
kmeans,ae_d3,completo,px,6,k_real,6.0
kmeans,ae_d3,completo,px,6,ruido_share_px,0.0
kmeans,ae_d3,completo,px,6,pseudo_r2,0.5350903855977287
kmeans,ae_d3,completo,px,6,pseudo_f,387687.0080309311
kmeans,ae_d3,completo,px,6,asw_corr,0.4193817356493396
kmeans,ae_d3,completo,px,6,nmi_estados,0.575355285547142
kmeans,ae_d3,completo,px,6,nmi_anio_primer_cambio,0.0852829981481202
kmeans,ae_d3,completo,px,6,costura_max_share_cluster,0.1124619234855669
kmeans,ae_d3,completo,px,6,solo_costura_max_share_cluster,0.0966498101948593
kmeans,ae_d3,completo,px,6,clusters_definidos_por_costura,0.0
kmeans,ae_d3,completo,px,6,cluster_mayor_share,0.2591256868237895
kmeans,ae_d3,completo,px,12,k_real,12.0
kmeans,ae_d3,completo,px,12,ruido_share_px,0.0
kmeans,ae_d3,completo,px,12,pseudo_r2,0.6591606172035628
kmeans,ae_d3,completo,px,12,pseudo_f,296101.0045205462
kmeans,ae_d3,completo,px,12,asw_corr,0.3429142310629265
kmeans,ae_d3,completo,px,12,nmi_estados,0.6277345520448983
kmeans,ae_d3,completo,px,12,nmi_anio_primer_cambio,0.1905605666342543
kmeans,ae_d3,completo,px,12,costura_max_share_cluster,0.2873214996870911
kmeans,ae_d3,completo,px,12,solo_costura_max_share_cluster,0.2747198042896968
kmeans,ae_d3,completo,px,12,clusters_definidos_por_costura,0.0
kmeans,ae_d3,completo,px,12,cluster_mayor_share,0.1781817145449298
kmeans,ae_d3,completo,px,24,k_real,24.0
kmeans,ae_d3,completo,px,24,ruido_share_px,0.0
kmeans,ae_d3,completo,px,24,pseudo_r2,0.7694817004319474
kmeans,ae_d3,completo,px,24,pseudo_f,244429.17541422177
kmeans,ae_d3,completo,px,24,asw_corr,0.3585475579940947
kmeans,ae_d3,completo,px,24,nmi_estados,0.6855588113821112
kmeans,ae_d3,completo,px,24,nmi_anio_primer_cambio,0.3068117578612974
kmeans,ae_d3,completo,px,24,costura_max_share_cluster,0.509769174163125
kmeans,ae_d3,completo,px,24,solo_costura_max_share_cluster,0.4820760809166954
kmeans,ae_d3,completo,px,24,clusters_definidos_por_costura,0.0
kmeans,ae_d3,completo,px,24,cluster_mayor_share,0.1231295295932435
kmeans,ae_d3,sin_costura,px,6,k_real,6.0
kmeans,ae_d3,sin_costura,px,6,ruido_share_px,0.0
kmeans,ae_d3,sin_costura,px,6,pseudo_r2,0.541588443425504
kmeans,ae_d3,sin_costura,px,6,pseudo_f,374183.5212069808
kmeans,ae_d3,sin_costura,px,6,asw_corr,0.4246809581921816
kmeans,ae_d3,sin_costura,px,6,nmi_estados,0.5828915914636835
kmeans,ae_d3,sin_costura,px,6,nmi_anio_primer_cambio,0.087035556479474
kmeans,ae_d3,sin_costura,px,6,costura_max_share_cluster,0.0
kmeans,ae_d3,sin_costura,px,6,solo_costura_max_share_cluster,0.0
kmeans,ae_d3,sin_costura,px,6,clusters_definidos_por_costura,0.0
kmeans,ae_d3,sin_costura,px,6,cluster_mayor_share,0.2620345304242452
kmeans,ae_d3,sin_costura,px,12,k_real,12.0
kmeans,ae_d3,sin_costura,px,12,ruido_share_px,0.0
kmeans,ae_d3,sin_costura,px,12,pseudo_r2,0.6746108021333133
kmeans,ae_d3,sin_costura,px,12,pseudo_f,298467.23336904374
kmeans,ae_d3,sin_costura,px,12,asw_corr,0.3571022774381925
kmeans,ae_d3,sin_costura,px,12,nmi_estados,0.6290653185426139
kmeans,ae_d3,sin_costura,px,12,nmi_anio_primer_cambio,0.2024140826382515
kmeans,ae_d3,sin_costura,px,12,costura_max_share_cluster,0.0
kmeans,ae_d3,sin_costura,px,12,solo_costura_max_share_cluster,0.0
kmeans,ae_d3,sin_costura,px,12,clusters_definidos_por_costura,0.0
kmeans,ae_d3,sin_costura,px,12,cluster_mayor_share,0.1839637683767694
kmeans,ae_d3,sin_costura,px,24,k_real,24.0
kmeans,ae_d3,sin_costura,px,24,ruido_share_px,0.0
kmeans,ae_d3,sin_costura,px,24,pseudo_r2,0.7789002612704469
kmeans,ae_d3,sin_costura,px,24,pseudo_f,242550.2231483796
kmeans,ae_d3,sin_costura,px,24,asw_corr,0.3641990468770518
kmeans,ae_d3,sin_costura,px,24,nmi_estados,0.7202935424841298
kmeans,ae_d3,sin_costura,px,24,nmi_anio_primer_cambio,0.2874611154424088
kmeans,ae_d3,sin_costura,px,24,costura_max_share_cluster,0.0
kmeans,ae_d3,sin_costura,px,24,solo_costura_max_share_cluster,0.0
kmeans,ae_d3,sin_costura,px,24,clusters_definidos_por_costura,0.0
kmeans,ae_d3,sin_costura,px,24,cluster_mayor_share,0.1299200739585839
kmeans,ae_d3,completo,px,6,estabilidad_ari_80,0.9938326838111028
kmeans,ae_d3,completo,px,6,estabilidad_ari_80_sd,0.0182413709632353
kmeans,ae_d3,completo,px,12,estabilidad_ari_80,0.8045690713500739
kmeans,ae_d3,completo,px,12,estabilidad_ari_80_sd,0.042946047592182
kmeans,ae_d3,completo,px,24,estabilidad_ari_80,0.7635809651867055
kmeans,ae_d3,completo,px,24,estabilidad_ari_80_sd,0.076606371031727
gmm,ae_d3,completo,px,6,k_real,6.0
gmm,ae_d3,completo,px,6,ruido_share_px,0.0
gmm,ae_d3,completo,px,6,pseudo_r2,0.4348594675586436
gmm,ae_d3,completo,px,6,pseudo_f,259188.125353722
gmm,ae_d3,completo,px,6,asw_corr,0.2315456760955266
gmm,ae_d3,completo,px,6,nmi_estados,0.6758589422912218
gmm,ae_d3,completo,px,6,nmi_anio_primer_cambio,0.0721497791126932
gmm,ae_d3,completo,px,6,costura_max_share_cluster,0.1660898235023948
gmm,ae_d3,completo,px,6,solo_costura_max_share_cluster,0.1436175447805262
gmm,ae_d3,completo,px,6,clusters_definidos_por_costura,0.0
gmm,ae_d3,completo,px,6,cluster_mayor_share,0.2718343761615293
gmm,ae_d3,completo,px,12,k_real,12.0
gmm,ae_d3,completo,px,12,ruido_share_px,0.0
gmm,ae_d3,completo,px,12,pseudo_r2,0.6037629788910757
gmm,ae_d3,completo,px,12,pseudo_f,233297.3624938749
gmm,ae_d3,completo,px,12,asw_corr,0.280163847523719
gmm,ae_d3,completo,px,12,nmi_estados,0.6728154892358283
gmm,ae_d3,completo,px,12,nmi_anio_primer_cambio,0.1909367442322959
gmm,ae_d3,completo,px,12,costura_max_share_cluster,0.2323362519815695
gmm,ae_d3,completo,px,12,solo_costura_max_share_cluster,0.2323066210350089
gmm,ae_d3,completo,px,12,clusters_definidos_por_costura,0.0
gmm,ae_d3,completo,px,12,cluster_mayor_share,0.1754177943025836
gmm,ae_d3,completo,px,24,k_real,24.0
gmm,ae_d3,completo,px,24,ruido_share_px,0.0
gmm,ae_d3,completo,px,24,pseudo_r2,0.7039322141052902
gmm,ae_d3,completo,px,24,pseudo_f,174100.42784403512
gmm,ae_d3,completo,px,24,asw_corr,0.2856483723602311
gmm,ae_d3,completo,px,24,nmi_estados,0.7631770110283814
gmm,ae_d3,completo,px,24,nmi_anio_primer_cambio,0.2779315580504698
gmm,ae_d3,completo,px,24,costura_max_share_cluster,0.3930072379173476
gmm,ae_d3,completo,px,24,solo_costura_max_share_cluster,0.3927153864113938
gmm,ae_d3,completo,px,24,clusters_definidos_por_costura,0.0
gmm,ae_d3,completo,px,24,cluster_mayor_share,0.1220922430919806
gmm,ae_d3,sin_costura,px,6,k_real,6.0
gmm,ae_d3,sin_costura,px,6,ruido_share_px,0.0
gmm,ae_d3,sin_costura,px,6,pseudo_r2,0.5289871927031029
gmm,ae_d3,sin_costura,px,6,pseudo_f,355699.5107584526
gmm,ae_d3,sin_costura,px,6,asw_corr,0.4123201784296269
gmm,ae_d3,sin_costura,px,6,nmi_estados,0.5290596540694836
gmm,ae_d3,sin_costura,px,6,nmi_anio_primer_cambio,0.1451359066140504
gmm,ae_d3,sin_costura,px,6,costura_max_share_cluster,0.0
gmm,ae_d3,sin_costura,px,6,solo_costura_max_share_cluster,0.0
gmm,ae_d3,sin_costura,px,6,clusters_definidos_por_costura,0.0
gmm,ae_d3,sin_costura,px,6,cluster_mayor_share,0.2553377170465316
gmm,ae_d3,sin_costura,px,12,k_real,12.0
gmm,ae_d3,sin_costura,px,12,ruido_share_px,0.0
gmm,ae_d3,sin_costura,px,12,pseudo_r2,0.5993648916118842
gmm,ae_d3,sin_costura,px,12,pseudo_f,215371.77916033712
gmm,ae_d3,sin_costura,px,12,asw_corr,0.2384693458438689
gmm,ae_d3,sin_costura,px,12,nmi_estados,0.7372786524874286
gmm,ae_d3,sin_costura,px,12,nmi_anio_primer_cambio,0.1294227885983348
gmm,ae_d3,sin_costura,px,12,costura_max_share_cluster,0.0
gmm,ae_d3,sin_costura,px,12,solo_costura_max_share_cluster,0.0
gmm,ae_d3,sin_costura,px,12,clusters_definidos_por_costura,0.0
gmm,ae_d3,sin_costura,px,12,cluster_mayor_share,0.2790894607123439
gmm,ae_d3,sin_costura,px,24,k_real,24.0
gmm,ae_d3,sin_costura,px,24,ruido_share_px,0.0
gmm,ae_d3,sin_costura,px,24,pseudo_r2,0.7281362505971352
gmm,ae_d3,sin_costura,px,24,pseudo_f,184403.6059798132
gmm,ae_d3,sin_costura,px,24,asw_corr,0.3262676521596313
gmm,ae_d3,sin_costura,px,24,nmi_estados,0.7442074825067578
gmm,ae_d3,sin_costura,px,24,nmi_anio_primer_cambio,0.3106680651301939
gmm,ae_d3,sin_costura,px,24,costura_max_share_cluster,0.0
gmm,ae_d3,sin_costura,px,24,solo_costura_max_share_cluster,0.0
gmm,ae_d3,sin_costura,px,24,clusters_definidos_por_costura,0.0
gmm,ae_d3,sin_costura,px,24,cluster_mayor_share,0.1077059767401769
gmm,ae_d3,completo,px,6,estabilidad_ari_80,0.6800474867676018
gmm,ae_d3,completo,px,6,estabilidad_ari_80_sd,0.0343368440189554
gmm,ae_d3,completo,px,12,estabilidad_ari_80,0.6841005674110616
gmm,ae_d3,completo,px,12,estabilidad_ari_80_sd,0.1237764558932835
gmm,ae_d3,completo,px,24,estabilidad_ari_80,0.8029242394912603
gmm,ae_d3,completo,px,24,estabilidad_ari_80_sd,0.0609447995622193
kmedoides,ae_d8,completo,px,6,k_real,6.0
kmedoides,ae_d8,completo,px,6,ruido_share_px,0.0
kmedoides,ae_d8,completo,px,6,pseudo_r2,0.4791782590592413
kmedoides,ae_d8,completo,px,6,pseudo_f,309906.45887278125
kmedoides,ae_d8,completo,px,6,asw_corr,0.3344801413299823
kmedoides,ae_d8,completo,px,6,nmi_estados,0.5222573594486839
kmedoides,ae_d8,completo,px,6,nmi_anio_primer_cambio,0.1554466103920592
kmedoides,ae_d8,completo,px,6,costura_max_share_cluster,0.2456517356401891
kmedoides,ae_d8,completo,px,6,solo_costura_max_share_cluster,0.2168725486602397
kmedoides,ae_d8,completo,px,6,clusters_definidos_por_costura,0.0
kmedoides,ae_d8,completo,px,6,cluster_mayor_share,0.2528366549855658
kmedoides,ae_d8,completo,px,12,k_real,12.0
kmedoides,ae_d8,completo,px,12,ruido_share_px,0.0
kmedoides,ae_d8,completo,px,12,pseudo_r2,0.6808428438760339
kmedoides,ae_d8,completo,px,12,pseudo_f,326618.43210963486
kmedoides,ae_d8,completo,px,12,asw_corr,0.3797020629220189
kmedoides,ae_d8,completo,px,12,nmi_estados,0.5773100037298357
kmedoides,ae_d8,completo,px,12,nmi_anio_primer_cambio,0.2592552398755783
kmedoides,ae_d8,completo,px,12,costura_max_share_cluster,0.2907140593712286
kmedoides,ae_d8,completo,px,12,solo_costura_max_share_cluster,0.2552167258850736
kmedoides,ae_d8,completo,px,12,clusters_definidos_por_costura,0.0
kmedoides,ae_d8,completo,px,12,cluster_mayor_share,0.1632725765674188
kmedoides,ae_d8,completo,px,24,k_real,24.0
kmedoides,ae_d8,completo,px,24,ruido_share_px,0.0
kmedoides,ae_d8,completo,px,24,pseudo_r2,0.7588582071131478
kmedoides,ae_d8,completo,px,24,pseudo_f,230434.92599160835
kmedoides,ae_d8,completo,px,24,asw_corr,0.3071288811098726
kmedoides,ae_d8,completo,px,24,nmi_estados,0.6381505249140984
kmedoides,ae_d8,completo,px,24,nmi_anio_primer_cambio,0.3679322028095422
kmedoides,ae_d8,completo,px,24,costura_max_share_cluster,0.5936328652106552
kmedoides,ae_d8,completo,px,24,solo_costura_max_share_cluster,0.5208322921352059
kmedoides,ae_d8,completo,px,24,clusters_definidos_por_costura,0.0
kmedoides,ae_d8,completo,px,24,cluster_mayor_share,0.1203377029596212
kmedoides,ae_d8,sin_costura,px,6,k_real,6.0
kmedoides,ae_d8,sin_costura,px,6,ruido_share_px,0.0
kmedoides,ae_d8,sin_costura,px,6,pseudo_r2,0.5004214251209502
kmedoides,ae_d8,sin_costura,px,6,pseudo_f,317250.9396941882
kmedoides,ae_d8,sin_costura,px,6,asw_corr,0.3677565122325401
kmedoides,ae_d8,sin_costura,px,6,nmi_estados,0.5289746507248747
kmedoides,ae_d8,sin_costura,px,6,nmi_anio_primer_cambio,0.1442921306055148
kmedoides,ae_d8,sin_costura,px,6,costura_max_share_cluster,0.0
kmedoides,ae_d8,sin_costura,px,6,solo_costura_max_share_cluster,0.0
kmedoides,ae_d8,sin_costura,px,6,clusters_definidos_por_costura,0.0
kmedoides,ae_d8,sin_costura,px,6,cluster_mayor_share,0.2541075998886075
kmedoides,ae_d8,sin_costura,px,12,k_real,12.0
kmedoides,ae_d8,sin_costura,px,12,ruido_share_px,0.0
kmedoides,ae_d8,sin_costura,px,12,pseudo_r2,0.6678911133281189
kmedoides,ae_d8,sin_costura,px,12,pseudo_f,289515.3991018266
kmedoides,ae_d8,sin_costura,px,12,asw_corr,0.35504761373682
kmedoides,ae_d8,sin_costura,px,12,nmi_estados,0.5828889741587462
kmedoides,ae_d8,sin_costura,px,12,nmi_anio_primer_cambio,0.2417128482763591
kmedoides,ae_d8,sin_costura,px,12,costura_max_share_cluster,0.0
kmedoides,ae_d8,sin_costura,px,12,solo_costura_max_share_cluster,0.0
kmedoides,ae_d8,sin_costura,px,12,clusters_definidos_por_costura,0.0
kmedoides,ae_d8,sin_costura,px,12,cluster_mayor_share,0.2246049953618016
kmedoides,ae_d8,sin_costura,px,24,k_real,24.0
kmedoides,ae_d8,sin_costura,px,24,ruido_share_px,0.0
kmedoides,ae_d8,sin_costura,px,24,pseudo_r2,0.779499661763794
kmedoides,ae_d8,sin_costura,px,24,pseudo_f,243396.72451790117
kmedoides,ae_d8,sin_costura,px,24,asw_corr,0.366609356824711
kmedoides,ae_d8,sin_costura,px,24,nmi_estados,0.6480115760054815
kmedoides,ae_d8,sin_costura,px,24,nmi_anio_primer_cambio,0.3746644737754868
kmedoides,ae_d8,sin_costura,px,24,costura_max_share_cluster,0.0
kmedoides,ae_d8,sin_costura,px,24,solo_costura_max_share_cluster,0.0
kmedoides,ae_d8,sin_costura,px,24,clusters_definidos_por_costura,0.0
kmedoides,ae_d8,sin_costura,px,24,cluster_mayor_share,0.0830089120346251
kmedoides,ae_d8,completo,px,6,estabilidad_ari_80,0.6132678337952463
kmedoides,ae_d8,completo,px,6,estabilidad_ari_80_sd,0.0899660053542982
kmedoides,ae_d8,completo,px,12,estabilidad_ari_80,0.741980459955268
kmedoides,ae_d8,completo,px,12,estabilidad_ari_80_sd,0.0682075767610228
kmedoides,ae_d8,completo,px,24,estabilidad_ari_80,0.7326888709415711
kmedoides,ae_d8,completo,px,24,estabilidad_ari_80_sd,0.0563513643006363
avg,ae_d8,completo,px,6,k_real,6.0
avg,ae_d8,completo,px,6,ruido_share_px,0.0
avg,ae_d8,completo,px,6,pseudo_r2,0.3399044441029466
avg,ae_d8,completo,px,6,pseudo_f,173449.34381884747
avg,ae_d8,completo,px,6,asw_corr,0.2149124939578218
avg,ae_d8,completo,px,6,nmi_estados,0.421529871217242
avg,ae_d8,completo,px,6,nmi_anio_primer_cambio,0.1021444739153029
avg,ae_d8,completo,px,6,costura_max_share_cluster,0.2373636664965512
avg,ae_d8,completo,px,6,solo_costura_max_share_cluster,0.2133721266711212
avg,ae_d8,completo,px,6,clusters_definidos_por_costura,0.0
avg,ae_d8,completo,px,6,cluster_mayor_share,0.480682839706876
avg,ae_d8,completo,px,12,k_real,12.0
avg,ae_d8,completo,px,12,ruido_share_px,0.0
avg,ae_d8,completo,px,12,pseudo_r2,0.5174136121443222
avg,ae_d8,completo,px,12,pseudo_f,164157.67082739747
avg,ae_d8,completo,px,12,asw_corr,0.2134281078833866
avg,ae_d8,completo,px,12,nmi_estados,0.54473955606797
avg,ae_d8,completo,px,12,nmi_anio_primer_cambio,0.1416410726308552
avg,ae_d8,completo,px,12,costura_max_share_cluster,0.282125801410775
avg,ae_d8,completo,px,12,solo_costura_max_share_cluster,0.2552319892512377
avg,ae_d8,completo,px,12,clusters_definidos_por_costura,0.0
avg,ae_d8,completo,px,12,cluster_mayor_share,0.3629232122987623
avg,ae_d8,completo,px,24,k_real,24.0
avg,ae_d8,completo,px,24,ruido_share_px,0.0
avg,ae_d8,completo,px,24,pseudo_r2,0.7012728722040745
avg,ae_d8,completo,px,24,pseudo_f,171898.6752773191
avg,ae_d8,completo,px,24,asw_corr,0.3448690791905076
avg,ae_d8,completo,px,24,nmi_estados,0.6617865054498615
avg,ae_d8,completo,px,24,nmi_anio_primer_cambio,0.2036584669696439
avg,ae_d8,completo,px,24,costura_max_share_cluster,0.4611806797853309
avg,ae_d8,completo,px,24,solo_costura_max_share_cluster,0.4338700059630292
avg,ae_d8,completo,px,24,clusters_definidos_por_costura,0.0
avg,ae_d8,completo,px,24,cluster_mayor_share,0.2503749550232098
avg,ae_d8,sin_costura,px,6,k_real,6.0
avg,ae_d8,sin_costura,px,6,ruido_share_px,0.0
avg,ae_d8,sin_costura,px,6,pseudo_r2,0.3968242227755917
avg,ae_d8,sin_costura,px,6,pseudo_f,208365.1621646091
avg,ae_d8,sin_costura,px,6,asw_corr,0.3248204331857072
avg,ae_d8,sin_costura,px,6,nmi_estados,0.4691773932085519
avg,ae_d8,sin_costura,px,6,nmi_anio_primer_cambio,0.0970650746487227
avg,ae_d8,sin_costura,px,6,costura_max_share_cluster,0.0
avg,ae_d8,sin_costura,px,6,solo_costura_max_share_cluster,0.0
avg,ae_d8,sin_costura,px,6,clusters_definidos_por_costura,0.0
avg,ae_d8,sin_costura,px,6,cluster_mayor_share,0.394633961210895
avg,ae_d8,sin_costura,px,12,k_real,12.0
avg,ae_d8,sin_costura,px,12,ruido_share_px,0.0
avg,ae_d8,sin_costura,px,12,pseudo_r2,0.6385223088897237
avg,ae_d8,sin_costura,px,12,pseudo_f,254296.90588271007
avg,ae_d8,sin_costura,px,12,asw_corr,0.4921889597915838
avg,ae_d8,sin_costura,px,12,nmi_estados,0.6040363696941891
avg,ae_d8,sin_costura,px,12,nmi_anio_primer_cambio,0.1264342376684298
avg,ae_d8,sin_costura,px,12,costura_max_share_cluster,0.0
avg,ae_d8,sin_costura,px,12,solo_costura_max_share_cluster,0.0
avg,ae_d8,sin_costura,px,12,clusters_definidos_por_costura,0.0
avg,ae_d8,sin_costura,px,12,cluster_mayor_share,0.3226544261168775
avg,ae_d8,sin_costura,px,24,k_real,24.0
avg,ae_d8,sin_costura,px,24,ruido_share_px,0.0
avg,ae_d8,sin_costura,px,24,pseudo_r2,0.7128738008513349
avg,ae_d8,sin_costura,px,24,pseudo_f,170941.6495319452
avg,ae_d8,sin_costura,px,24,asw_corr,0.3604780553322077
avg,ae_d8,sin_costura,px,24,nmi_estados,0.6656196420718815
avg,ae_d8,sin_costura,px,24,nmi_anio_primer_cambio,0.2091118441896068
avg,ae_d8,sin_costura,px,24,costura_max_share_cluster,0.0
avg,ae_d8,sin_costura,px,24,solo_costura_max_share_cluster,0.0
avg,ae_d8,sin_costura,px,24,clusters_definidos_por_costura,0.0
avg,ae_d8,sin_costura,px,24,cluster_mayor_share,0.2641487153548048
avg,ae_d8,completo,px,6,estabilidad_ari_80,0.9897796052145846
avg,ae_d8,completo,px,6,estabilidad_ari_80_sd,0.0246510955971416
avg,ae_d8,completo,px,12,estabilidad_ari_80,0.9857912443356164
avg,ae_d8,completo,px,12,estabilidad_ari_80_sd,0.0376464722147652
avg,ae_d8,completo,px,24,estabilidad_ari_80,0.9966353892892303
avg,ae_d8,completo,px,24,estabilidad_ari_80_sd,0.0025591418014211
ward,ae_d8,completo,px,6,k_real,6.0
ward,ae_d8,completo,px,6,ruido_share_px,0.0
ward,ae_d8,completo,px,6,pseudo_r2,0.5022132255570632
ward,ae_d8,completo,px,6,pseudo_f,339834.4628889949
ward,ae_d8,completo,px,6,asw_corr,0.3475448893461181
ward,ae_d8,completo,px,6,nmi_estados,0.5495014032216968
ward,ae_d8,completo,px,6,nmi_anio_primer_cambio,0.1328579741382111
ward,ae_d8,completo,px,6,costura_max_share_cluster,0.2885012056593358
ward,ae_d8,completo,px,6,solo_costura_max_share_cluster,0.2532683536213358
ward,ae_d8,completo,px,6,clusters_definidos_por_costura,0.0
ward,ae_d8,completo,px,6,cluster_mayor_share,0.2942473646272834
ward,ae_d8,completo,px,12,k_real,12.0
ward,ae_d8,completo,px,12,ruido_share_px,0.0
ward,ae_d8,completo,px,12,pseudo_r2,0.6702723587087664
ward,ae_d8,completo,px,12,pseudo_f,311239.245102415
ward,ae_d8,completo,px,12,asw_corr,0.3296855836186361
ward,ae_d8,completo,px,12,nmi_estados,0.5992360094517891
ward,ae_d8,completo,px,12,nmi_anio_primer_cambio,0.2592846777847274
ward,ae_d8,completo,px,12,costura_max_share_cluster,0.3066672549971319
ward,ae_d8,completo,px,12,solo_costura_max_share_cluster,0.2867228522260954
ward,ae_d8,completo,px,12,clusters_definidos_por_costura,0.0
ward,ae_d8,completo,px,12,cluster_mayor_share,0.1689049175811452
ward,ae_d8,completo,px,24,k_real,24.0
ward,ae_d8,completo,px,24,ruido_share_px,0.0
ward,ae_d8,completo,px,24,pseudo_r2,0.7739228124334258
ward,ae_d8,completo,px,24,pseudo_f,250669.2492810814
ward,ae_d8,completo,px,24,asw_corr,0.3397022192800377
ward,ae_d8,completo,px,24,nmi_estados,0.687394663478211
ward,ae_d8,completo,px,24,nmi_anio_primer_cambio,0.3473871393977519
ward,ae_d8,completo,px,24,costura_max_share_cluster,0.6550280623112972
ward,ae_d8,completo,px,24,solo_costura_max_share_cluster,0.5680812047344731
ward,ae_d8,completo,px,24,clusters_definidos_por_costura,0.0
ward,ae_d8,completo,px,24,cluster_mayor_share,0.1323457637504289
ward,ae_d8,sin_costura,px,6,k_real,6.0
ward,ae_d8,sin_costura,px,6,ruido_share_px,0.0
ward,ae_d8,sin_costura,px,6,pseudo_r2,0.476306879383219
ward,ae_d8,sin_costura,px,6,pseudo_f,288058.57754479215
ward,ae_d8,sin_costura,px,6,asw_corr,0.2820272121167754
ward,ae_d8,sin_costura,px,6,nmi_estados,0.525306626398141
ward,ae_d8,sin_costura,px,6,nmi_anio_primer_cambio,0.1213358307851436
ward,ae_d8,sin_costura,px,6,costura_max_share_cluster,0.0
ward,ae_d8,sin_costura,px,6,solo_costura_max_share_cluster,0.0
ward,ae_d8,sin_costura,px,6,clusters_definidos_por_costura,0.0
ward,ae_d8,sin_costura,px,6,cluster_mayor_share,0.2428944631466877
ward,ae_d8,sin_costura,px,12,k_real,12.0
ward,ae_d8,sin_costura,px,12,ruido_share_px,0.0
ward,ae_d8,sin_costura,px,12,pseudo_r2,0.6818441192755029
ward,ae_d8,sin_costura,px,12,pseudo_f,308525.91172122525
ward,ae_d8,sin_costura,px,12,asw_corr,0.3630753028919437
ward,ae_d8,sin_costura,px,12,nmi_estados,0.6156138520986443
ward,ae_d8,sin_costura,px,12,nmi_anio_primer_cambio,0.2393230562272356
ward,ae_d8,sin_costura,px,12,costura_max_share_cluster,0.0
ward,ae_d8,sin_costura,px,12,solo_costura_max_share_cluster,0.0
ward,ae_d8,sin_costura,px,12,clusters_definidos_por_costura,0.0
ward,ae_d8,sin_costura,px,12,cluster_mayor_share,0.1633706725671875
ward,ae_d8,sin_costura,px,24,k_real,24.0
ward,ae_d8,sin_costura,px,24,ruido_share_px,0.0
ward,ae_d8,sin_costura,px,24,pseudo_r2,0.783593452249799
ward,ae_d8,sin_costura,px,24,pseudo_f,249303.54828672952
ward,ae_d8,sin_costura,px,24,asw_corr,0.3615153236117132
ward,ae_d8,sin_costura,px,24,nmi_estados,0.6885381968913048
ward,ae_d8,sin_costura,px,24,nmi_anio_primer_cambio,0.3401189399126734
ward,ae_d8,sin_costura,px,24,costura_max_share_cluster,0.0
ward,ae_d8,sin_costura,px,24,solo_costura_max_share_cluster,0.0
ward,ae_d8,sin_costura,px,24,clusters_definidos_por_costura,0.0
ward,ae_d8,sin_costura,px,24,cluster_mayor_share,0.1407928446080391
ward,ae_d8,completo,px,6,estabilidad_ari_80,0.8225855321124133
ward,ae_d8,completo,px,6,estabilidad_ari_80_sd,0.0505185668345333
ward,ae_d8,completo,px,12,estabilidad_ari_80,0.8323859745155067
ward,ae_d8,completo,px,12,estabilidad_ari_80_sd,0.0251689747157191
ward,ae_d8,completo,px,24,estabilidad_ari_80,0.9371691013387092
ward,ae_d8,completo,px,24,estabilidad_ari_80_sd,0.0333230255648016
kmeans,ae_d8,completo,px,6,k_real,6.0
kmeans,ae_d8,completo,px,6,ruido_share_px,0.0
kmeans,ae_d8,completo,px,6,pseudo_r2,0.458933759268098
kmeans,ae_d8,completo,px,6,pseudo_f,285707.8647445248
kmeans,ae_d8,completo,px,6,asw_corr,0.3110311475335591
kmeans,ae_d8,completo,px,6,nmi_estados,0.4761427501489867
kmeans,ae_d8,completo,px,6,nmi_anio_primer_cambio,0.1679004768789611
kmeans,ae_d8,completo,px,6,costura_max_share_cluster,0.1930504482915341
kmeans,ae_d8,completo,px,6,solo_costura_max_share_cluster,0.1687435441887369
kmeans,ae_d8,completo,px,6,clusters_definidos_por_costura,0.0
kmeans,ae_d8,completo,px,6,cluster_mayor_share,0.2688353297288567
kmeans,ae_d8,completo,px,12,k_real,12.0
kmeans,ae_d8,completo,px,12,ruido_share_px,0.0
kmeans,ae_d8,completo,px,12,pseudo_r2,0.6893296259446735
kmeans,ae_d8,completo,px,12,pseudo_f,339723.4320225224
kmeans,ae_d8,completo,px,12,asw_corr,0.3590397896405595
kmeans,ae_d8,completo,px,12,nmi_estados,0.5873017061681935
kmeans,ae_d8,completo,px,12,nmi_anio_primer_cambio,0.2466465669649147
kmeans,ae_d8,completo,px,12,costura_max_share_cluster,0.2735140785793803
kmeans,ae_d8,completo,px,12,solo_costura_max_share_cluster,0.2376727578810177
kmeans,ae_d8,completo,px,12,clusters_definidos_por_costura,0.0
kmeans,ae_d8,completo,px,12,cluster_mayor_share,0.1485124705943823
kmeans,ae_d8,completo,px,24,k_real,24.0
kmeans,ae_d8,completo,px,24,ruido_share_px,0.0
kmeans,ae_d8,completo,px,24,pseudo_r2,0.7746432183148082
kmeans,ae_d8,completo,px,24,pseudo_f,251704.6537377353
kmeans,ae_d8,completo,px,24,asw_corr,0.3477239706171057
kmeans,ae_d8,completo,px,24,nmi_estados,0.6558275288309365
kmeans,ae_d8,completo,px,24,nmi_anio_primer_cambio,0.354254443320784
kmeans,ae_d8,completo,px,24,costura_max_share_cluster,0.4970573487107756
kmeans,ae_d8,completo,px,24,solo_costura_max_share_cluster,0.4314349053865033
kmeans,ae_d8,completo,px,24,clusters_definidos_por_costura,0.0
kmeans,ae_d8,completo,px,24,cluster_mayor_share,0.1230143415101038
kmeans,ae_d8,sin_costura,px,6,k_real,6.0
kmeans,ae_d8,sin_costura,px,6,ruido_share_px,0.0
kmeans,ae_d8,sin_costura,px,6,pseudo_r2,0.4797866485120194
kmeans,ae_d8,sin_costura,px,6,pseudo_f,292103.9908096876
kmeans,ae_d8,sin_costura,px,6,asw_corr,0.3496152999182573
kmeans,ae_d8,sin_costura,px,6,nmi_estados,0.4420622352315952
kmeans,ae_d8,sin_costura,px,6,nmi_anio_primer_cambio,0.1932041557096409
kmeans,ae_d8,sin_costura,px,6,costura_max_share_cluster,0.0
kmeans,ae_d8,sin_costura,px,6,solo_costura_max_share_cluster,0.0
kmeans,ae_d8,sin_costura,px,6,clusters_definidos_por_costura,0.0
kmeans,ae_d8,sin_costura,px,6,cluster_mayor_share,0.246718056263336
kmeans,ae_d8,sin_costura,px,12,k_real,12.0
kmeans,ae_d8,sin_costura,px,12,ruido_share_px,0.0
kmeans,ae_d8,sin_costura,px,12,pseudo_r2,0.7074808751484867
kmeans,ae_d8,sin_costura,px,12,pseudo_f,348182.4999223929
kmeans,ae_d8,sin_costura,px,12,asw_corr,0.4102669195776519
kmeans,ae_d8,sin_costura,px,12,nmi_estados,0.5865307018552139
kmeans,ae_d8,sin_costura,px,12,nmi_anio_primer_cambio,0.254944247695999
kmeans,ae_d8,sin_costura,px,12,costura_max_share_cluster,0.0
kmeans,ae_d8,sin_costura,px,12,solo_costura_max_share_cluster,0.0
kmeans,ae_d8,sin_costura,px,12,clusters_definidos_por_costura,0.0
kmeans,ae_d8,sin_costura,px,12,cluster_mayor_share,0.1735652369396352
kmeans,ae_d8,sin_costura,px,24,k_real,24.0
kmeans,ae_d8,sin_costura,px,24,ruido_share_px,0.0
kmeans,ae_d8,sin_costura,px,24,pseudo_r2,0.7851516020210008
kmeans,ae_d8,sin_costura,px,24,pseudo_f,251610.90500578244
kmeans,ae_d8,sin_costura,px,24,asw_corr,0.3899364351716362
kmeans,ae_d8,sin_costura,px,24,nmi_estados,0.6704312527833994
kmeans,ae_d8,sin_costura,px,24,nmi_anio_primer_cambio,0.3536271635460069
kmeans,ae_d8,sin_costura,px,24,costura_max_share_cluster,0.0
kmeans,ae_d8,sin_costura,px,24,solo_costura_max_share_cluster,0.0
kmeans,ae_d8,sin_costura,px,24,clusters_definidos_por_costura,0.0
kmeans,ae_d8,sin_costura,px,24,cluster_mayor_share,0.1221718514084146
kmeans,ae_d8,completo,px,6,estabilidad_ari_80,0.7110943500629132
kmeans,ae_d8,completo,px,6,estabilidad_ari_80_sd,0.1236527632607869
kmeans,ae_d8,completo,px,12,estabilidad_ari_80,0.8159810325528765
kmeans,ae_d8,completo,px,12,estabilidad_ari_80_sd,0.0412066898610931
kmeans,ae_d8,completo,px,24,estabilidad_ari_80,0.7943955241859699
kmeans,ae_d8,completo,px,24,estabilidad_ari_80_sd,0.0722788951144798
gmm,ae_d8,completo,px,6,k_real,6.0
gmm,ae_d8,completo,px,6,ruido_share_px,0.0
gmm,ae_d8,completo,px,6,pseudo_r2,0.410427746128576
gmm,ae_d8,completo,px,6,pseudo_f,234488.9074340705
gmm,ae_d8,completo,px,6,asw_corr,0.2828908513389558
gmm,ae_d8,completo,px,6,nmi_estados,0.6104535536473071
gmm,ae_d8,completo,px,6,nmi_anio_primer_cambio,0.092812730477256
gmm,ae_d8,completo,px,6,costura_max_share_cluster,0.1665350789202901
gmm,ae_d8,completo,px,6,solo_costura_max_share_cluster,0.144632190677116
gmm,ae_d8,completo,px,6,clusters_definidos_por_costura,0.0
gmm,ae_d8,completo,px,6,cluster_mayor_share,0.2713112797633538
gmm,ae_d8,completo,px,12,k_real,12.0
gmm,ae_d8,completo,px,12,ruido_share_px,0.0
gmm,ae_d8,completo,px,12,pseudo_r2,0.5860010755127675
gmm,ae_d8,completo,px,12,pseudo_f,216719.3050715905
gmm,ae_d8,completo,px,12,asw_corr,0.2456062994356131
gmm,ae_d8,completo,px,12,nmi_estados,0.6309832404181904
gmm,ae_d8,completo,px,12,nmi_anio_primer_cambio,0.2331173763681177
gmm,ae_d8,completo,px,12,costura_max_share_cluster,0.5181003311120655
gmm,ae_d8,completo,px,12,solo_costura_max_share_cluster,0.5181003311120655
gmm,ae_d8,completo,px,12,clusters_definidos_por_costura,0.0
gmm,ae_d8,completo,px,12,cluster_mayor_share,0.1980005961280179
gmm,ae_d8,completo,px,24,k_real,24.0
gmm,ae_d8,completo,px,24,ruido_share_px,0.0
gmm,ae_d8,completo,px,24,pseudo_r2,0.7037580395650114
gmm,ae_d8,completo,px,24,pseudo_f,173955.01355043153
gmm,ae_d8,completo,px,24,asw_corr,0.2529113041263254
gmm,ae_d8,completo,px,24,nmi_estados,0.7230306644545564
gmm,ae_d8,completo,px,24,nmi_anio_primer_cambio,0.3257750520810876
gmm,ae_d8,completo,px,24,costura_max_share_cluster,0.3187747508029394
gmm,ae_d8,completo,px,24,solo_costura_max_share_cluster,0.3187747508029394
gmm,ae_d8,completo,px,24,clusters_definidos_por_costura,0.0
gmm,ae_d8,completo,px,24,cluster_mayor_share,0.18176976395943
gmm,ae_d8,sin_costura,px,6,k_real,6.0
gmm,ae_d8,sin_costura,px,6,ruido_share_px,0.0
gmm,ae_d8,sin_costura,px,6,pseudo_r2,0.4433839861000247
gmm,ae_d8,sin_costura,px,6,pseudo_f,252287.15140287363
gmm,ae_d8,sin_costura,px,6,asw_corr,0.1830066169089519
gmm,ae_d8,sin_costura,px,6,nmi_estados,0.5697896243661799
gmm,ae_d8,sin_costura,px,6,nmi_anio_primer_cambio,0.108672096806246
gmm,ae_d8,sin_costura,px,6,costura_max_share_cluster,0.0
gmm,ae_d8,sin_costura,px,6,solo_costura_max_share_cluster,0.0
gmm,ae_d8,sin_costura,px,6,clusters_definidos_por_costura,0.0
gmm,ae_d8,sin_costura,px,6,cluster_mayor_share,0.3116635692720775
gmm,ae_d8,sin_costura,px,12,k_real,12.0
gmm,ae_d8,sin_costura,px,12,ruido_share_px,0.0
gmm,ae_d8,sin_costura,px,12,pseudo_r2,0.6366244794313507
gmm,ae_d8,sin_costura,px,12,pseudo_f,252216.89064169695
gmm,ae_d8,sin_costura,px,12,asw_corr,0.2773509315420785
gmm,ae_d8,sin_costura,px,12,nmi_estados,0.657247693372587
gmm,ae_d8,sin_costura,px,12,nmi_anio_primer_cambio,0.2449025823909366
gmm,ae_d8,sin_costura,px,12,costura_max_share_cluster,0.0
gmm,ae_d8,sin_costura,px,12,solo_costura_max_share_cluster,0.0
gmm,ae_d8,sin_costura,px,12,clusters_definidos_por_costura,0.0
gmm,ae_d8,sin_costura,px,12,cluster_mayor_share,0.1933184683652134
gmm,ae_d8,sin_costura,px,24,k_real,24.0
gmm,ae_d8,sin_costura,px,24,ruido_share_px,0.0
gmm,ae_d8,sin_costura,px,24,pseudo_r2,0.7465389266126743
gmm,ae_d8,sin_costura,px,24,pseudo_f,202791.26606533927
gmm,ae_d8,sin_costura,px,24,asw_corr,0.3642862870236646
gmm,ae_d8,sin_costura,px,24,nmi_estados,0.6989931711002743
gmm,ae_d8,sin_costura,px,24,nmi_anio_primer_cambio,0.3554436440908122
gmm,ae_d8,sin_costura,px,24,costura_max_share_cluster,0.0
gmm,ae_d8,sin_costura,px,24,solo_costura_max_share_cluster,0.0
gmm,ae_d8,sin_costura,px,24,clusters_definidos_por_costura,0.0
gmm,ae_d8,sin_costura,px,24,cluster_mayor_share,0.1009472786183788
gmm,ae_d8,completo,px,6,estabilidad_ari_80,0.6273116245169436
gmm,ae_d8,completo,px,6,estabilidad_ari_80_sd,0.0707012003996643
gmm,ae_d8,completo,px,12,estabilidad_ari_80,0.7299518517475743
gmm,ae_d8,completo,px,12,estabilidad_ari_80_sd,0.0411995947404521
gmm,ae_d8,completo,px,24,estabilidad_ari_80,0.7082021707823143
gmm,ae_d8,completo,px,24,estabilidad_ari_80_sd,0.0712436335879208
kmedoides,ae_d16,completo,px,6,k_real,6.0
kmedoides,ae_d16,completo,px,6,ruido_share_px,0.0
kmedoides,ae_d16,completo,px,6,pseudo_r2,0.3834779564956889
kmedoides,ae_d16,completo,px,6,pseudo_f,209514.6628487736
kmedoides,ae_d16,completo,px,6,asw_corr,0.2528547930653803
kmedoides,ae_d16,completo,px,6,nmi_estados,0.4258707981712251
kmedoides,ae_d16,completo,px,6,nmi_anio_primer_cambio,0.2110625652301451
kmedoides,ae_d16,completo,px,6,costura_max_share_cluster,0.1843127978101449
kmedoides,ae_d16,completo,px,6,solo_costura_max_share_cluster,0.162427765198878
kmedoides,ae_d16,completo,px,6,clusters_definidos_por_costura,0.0
kmedoides,ae_d16,completo,px,6,cluster_mayor_share,0.2453755547137457
kmedoides,ae_d16,completo,px,12,k_real,12.0
kmedoides,ae_d16,completo,px,12,ruido_share_px,0.0
kmedoides,ae_d16,completo,px,12,pseudo_r2,0.6382419190232036
kmedoides,ae_d16,completo,px,12,pseudo_f,270125.437192536
kmedoides,ae_d16,completo,px,12,asw_corr,0.3246524266374823
kmedoides,ae_d16,completo,px,12,nmi_estados,0.5955719292510235
kmedoides,ae_d16,completo,px,12,nmi_anio_primer_cambio,0.291542985037329
kmedoides,ae_d16,completo,px,12,costura_max_share_cluster,0.2844061444106874
kmedoides,ae_d16,completo,px,12,solo_costura_max_share_cluster,0.2485093273517135
kmedoides,ae_d16,completo,px,12,clusters_definidos_por_costura,0.0
kmedoides,ae_d16,completo,px,12,cluster_mayor_share,0.1492012240811969
kmedoides,ae_d16,completo,px,24,k_real,24.0
kmedoides,ae_d16,completo,px,24,ruido_share_px,0.0
kmedoides,ae_d16,completo,px,24,pseudo_r2,0.7455208586894674
kmedoides,ae_d16,completo,px,24,pseudo_f,214519.9871323518
kmedoides,ae_d16,completo,px,24,asw_corr,0.2977171959430434
kmedoides,ae_d16,completo,px,24,nmi_estados,0.6779943524362471
kmedoides,ae_d16,completo,px,24,nmi_anio_primer_cambio,0.3345235824570101
kmedoides,ae_d16,completo,px,24,costura_max_share_cluster,0.4019444593650964
kmedoides,ae_d16,completo,px,24,solo_costura_max_share_cluster,0.3513133157866466
kmedoides,ae_d16,completo,px,24,clusters_definidos_por_costura,0.0
kmedoides,ae_d16,completo,px,24,cluster_mayor_share,0.1370393812618676
kmedoides,ae_d16,sin_costura,px,6,k_real,6.0
kmedoides,ae_d16,sin_costura,px,6,ruido_share_px,0.0
kmedoides,ae_d16,sin_costura,px,6,pseudo_r2,0.4840795808936078
kmedoides,ae_d16,sin_costura,px,6,pseudo_f,297169.9380606059
kmedoides,ae_d16,sin_costura,px,6,asw_corr,0.3481052562266402
kmedoides,ae_d16,sin_costura,px,6,nmi_estados,0.4969256790654198
kmedoides,ae_d16,sin_costura,px,6,nmi_anio_primer_cambio,0.167894760906319
kmedoides,ae_d16,sin_costura,px,6,costura_max_share_cluster,0.0
kmedoides,ae_d16,sin_costura,px,6,solo_costura_max_share_cluster,0.0
kmedoides,ae_d16,sin_costura,px,6,clusters_definidos_por_costura,0.0
kmedoides,ae_d16,sin_costura,px,6,cluster_mayor_share,0.2489054925236282
kmedoides,ae_d16,sin_costura,px,12,k_real,12.0
kmedoides,ae_d16,sin_costura,px,12,ruido_share_px,0.0
kmedoides,ae_d16,sin_costura,px,12,pseudo_r2,0.6606433316371365
kmedoides,ae_d16,sin_costura,px,12,pseudo_f,280257.4514758813
kmedoides,ae_d16,sin_costura,px,12,asw_corr,0.2894074020866249
kmedoides,ae_d16,sin_costura,px,12,nmi_estados,0.5770961712607398
kmedoides,ae_d16,sin_costura,px,12,nmi_anio_primer_cambio,0.2887744104153364
kmedoides,ae_d16,sin_costura,px,12,costura_max_share_cluster,0.0
kmedoides,ae_d16,sin_costura,px,12,solo_costura_max_share_cluster,0.0
kmedoides,ae_d16,sin_costura,px,12,clusters_definidos_por_costura,0.0
kmedoides,ae_d16,sin_costura,px,12,cluster_mayor_share,0.1788715380063892
kmedoides,ae_d16,sin_costura,px,24,k_real,24.0
kmedoides,ae_d16,sin_costura,px,24,ruido_share_px,0.0
kmedoides,ae_d16,sin_costura,px,24,pseudo_r2,0.7728929893762566
kmedoides,ae_d16,sin_costura,px,24,pseudo_f,234313.27035237345
kmedoides,ae_d16,sin_costura,px,24,asw_corr,0.343070775823004
kmedoides,ae_d16,sin_costura,px,24,nmi_estados,0.682930521458514
kmedoides,ae_d16,sin_costura,px,24,nmi_anio_primer_cambio,0.3591414980456459
kmedoides,ae_d16,sin_costura,px,24,costura_max_share_cluster,0.0
kmedoides,ae_d16,sin_costura,px,24,solo_costura_max_share_cluster,0.0
kmedoides,ae_d16,sin_costura,px,24,clusters_definidos_por_costura,0.0
kmedoides,ae_d16,sin_costura,px,24,cluster_mayor_share,0.1349302123215051
kmedoides,ae_d16,completo,px,6,estabilidad_ari_80,0.6778201824300458
kmedoides,ae_d16,completo,px,6,estabilidad_ari_80_sd,0.0880145856033482
kmedoides,ae_d16,completo,px,12,estabilidad_ari_80,0.7917139585633979
kmedoides,ae_d16,completo,px,12,estabilidad_ari_80_sd,0.0929337711349007
kmedoides,ae_d16,completo,px,24,estabilidad_ari_80,0.6671151851287062
kmedoides,ae_d16,completo,px,24,estabilidad_ari_80_sd,0.0492447921685427
avg,ae_d16,completo,px,6,k_real,6.0
avg,ae_d16,completo,px,6,ruido_share_px,0.0
avg,ae_d16,completo,px,6,pseudo_r2,0.4281184062488299
avg,ae_d16,completo,px,6,pseudo_f,252162.44593610129
avg,ae_d16,completo,px,6,asw_corr,0.3976688586544717
avg,ae_d16,completo,px,6,nmi_estados,0.4789806305190325
avg,ae_d16,completo,px,6,nmi_anio_primer_cambio,0.0373332938662501
avg,ae_d16,completo,px,6,costura_max_share_cluster,0.2938034188034188
avg,ae_d16,completo,px,6,solo_costura_max_share_cluster,0.233003108003108
avg,ae_d16,completo,px,6,clusters_definidos_por_costura,0.0
avg,ae_d16,completo,px,6,cluster_mayor_share,0.4122949622432463
avg,ae_d16,completo,px,12,k_real,12.0
avg,ae_d16,completo,px,12,ruido_share_px,0.0
avg,ae_d16,completo,px,12,pseudo_r2,0.6167107086927072
avg,ae_d16,completo,px,12,pseudo_f,246350.36109068085
avg,ae_d16,completo,px,12,asw_corr,0.2573074084465014
avg,ae_d16,completo,px,12,nmi_estados,0.6128925804231361
avg,ae_d16,completo,px,12,nmi_anio_primer_cambio,0.1204576859802148
avg,ae_d16,completo,px,12,costura_max_share_cluster,0.442355705683654
avg,ae_d16,completo,px,12,solo_costura_max_share_cluster,0.3523278014392715
avg,ae_d16,completo,px,12,clusters_definidos_por_costura,0.0
avg,ae_d16,completo,px,12,cluster_mayor_share,0.3404407547313208
avg,ae_d16,completo,px,24,k_real,24.0
avg,ae_d16,completo,px,24,ruido_share_px,0.0
avg,ae_d16,completo,px,24,pseudo_r2,0.6787145407370845
avg,ae_d16,completo,px,24,pseudo_f,154687.8619638579
avg,ae_d16,completo,px,24,asw_corr,0.2094623991625465
avg,ae_d16,completo,px,24,nmi_estados,0.6817518525206522
avg,ae_d16,completo,px,24,nmi_anio_primer_cambio,0.1641432142678126
avg,ae_d16,completo,px,24,costura_max_share_cluster,0.625
avg,ae_d16,completo,px,24,solo_costura_max_share_cluster,0.3523278014392715
avg,ae_d16,completo,px,24,clusters_definidos_por_costura,0.0
avg,ae_d16,completo,px,24,cluster_mayor_share,0.3404360047072738
avg,ae_d16,sin_costura,px,6,k_real,6.0
avg,ae_d16,sin_costura,px,6,ruido_share_px,0.0
avg,ae_d16,sin_costura,px,6,pseudo_r2,0.4291364631629846
avg,ae_d16,sin_costura,px,6,pseudo_f,238086.04470004907
avg,ae_d16,sin_costura,px,6,asw_corr,0.4009017799340487
avg,ae_d16,sin_costura,px,6,nmi_estados,0.4921721786096026
avg,ae_d16,sin_costura,px,6,nmi_anio_primer_cambio,0.049697601010387
avg,ae_d16,sin_costura,px,6,costura_max_share_cluster,0.0
avg,ae_d16,sin_costura,px,6,solo_costura_max_share_cluster,0.0
avg,ae_d16,sin_costura,px,6,clusters_definidos_por_costura,0.0
avg,ae_d16,sin_costura,px,6,cluster_mayor_share,0.4017620733662585
avg,ae_d16,sin_costura,px,12,k_real,12.0
avg,ae_d16,sin_costura,px,12,ruido_share_px,0.0
avg,ae_d16,sin_costura,px,12,pseudo_r2,0.6422900687279036
avg,ae_d16,sin_costura,px,12,pseudo_f,258491.76341106545
avg,ae_d16,sin_costura,px,12,asw_corr,0.2955511492208276
avg,ae_d16,sin_costura,px,12,nmi_estados,0.6321909283186077
avg,ae_d16,sin_costura,px,12,nmi_anio_primer_cambio,0.1265737212044224
avg,ae_d16,sin_costura,px,12,costura_max_share_cluster,0.0
avg,ae_d16,sin_costura,px,12,solo_costura_max_share_cluster,0.0
avg,ae_d16,sin_costura,px,12,clusters_definidos_por_costura,0.0
avg,ae_d16,sin_costura,px,12,cluster_mayor_share,0.3271511736946897
avg,ae_d16,sin_costura,px,24,k_real,24.0
avg,ae_d16,sin_costura,px,24,ruido_share_px,0.0
avg,ae_d16,sin_costura,px,24,pseudo_r2,0.7015607171482534
avg,ae_d16,sin_costura,px,24,pseudo_f,161851.72559622605
avg,ae_d16,sin_costura,px,24,asw_corr,0.1091175147895674
avg,ae_d16,sin_costura,px,24,nmi_estados,0.6818317625066012
avg,ae_d16,sin_costura,px,24,nmi_anio_primer_cambio,0.1733606951159269
avg,ae_d16,sin_costura,px,24,costura_max_share_cluster,0.0
avg,ae_d16,sin_costura,px,24,solo_costura_max_share_cluster,0.0
avg,ae_d16,sin_costura,px,24,clusters_definidos_por_costura,0.0
avg,ae_d16,sin_costura,px,24,cluster_mayor_share,0.314197686394639
avg,ae_d16,completo,px,6,estabilidad_ari_80,0.9580181131488648
avg,ae_d16,completo,px,6,estabilidad_ari_80_sd,0.0982916448558909
avg,ae_d16,completo,px,12,estabilidad_ari_80,0.9685260644539496
avg,ae_d16,completo,px,12,estabilidad_ari_80_sd,0.0344764001245281
avg,ae_d16,completo,px,24,estabilidad_ari_80,0.9695051851850812
avg,ae_d16,completo,px,24,estabilidad_ari_80_sd,0.0257081977335137
ward,ae_d16,completo,px,6,k_real,6.0
ward,ae_d16,completo,px,6,ruido_share_px,0.0
ward,ae_d16,completo,px,6,pseudo_r2,0.530537439850352
ward,ae_d16,completo,px,6,pseudo_f,380660.4018694816
ward,ae_d16,completo,px,6,asw_corr,0.4030349938148638
ward,ae_d16,completo,px,6,nmi_estados,0.506799936875104
ward,ae_d16,completo,px,6,nmi_anio_primer_cambio,0.1269890536057069
ward,ae_d16,completo,px,6,costura_max_share_cluster,0.1307489857029438
ward,ae_d16,completo,px,6,solo_costura_max_share_cluster,0.1103598957258866
ward,ae_d16,completo,px,6,clusters_definidos_por_costura,0.0
ward,ae_d16,completo,px,6,cluster_mayor_share,0.3041291959040542
ward,ae_d16,completo,px,12,k_real,12.0
ward,ae_d16,completo,px,12,ruido_share_px,0.0
ward,ae_d16,completo,px,12,pseudo_r2,0.671577564706766
ward,ae_d16,completo,px,12,pseudo_f,313084.6398795144
ward,ae_d16,completo,px,12,asw_corr,0.3276536025183522
ward,ae_d16,completo,px,12,nmi_estados,0.6611972166055237
ward,ae_d16,completo,px,12,nmi_anio_primer_cambio,0.2356074092181005
ward,ae_d16,completo,px,12,costura_max_share_cluster,0.284646503830754
ward,ae_d16,completo,px,12,solo_costura_max_share_cluster,0.2437689632718657
ward,ae_d16,completo,px,12,clusters_definidos_por_costura,0.0
ward,ae_d16,completo,px,12,cluster_mayor_share,0.1528522113143197
ward,ae_d16,completo,px,24,k_real,24.0
ward,ae_d16,completo,px,24,ruido_share_px,0.0
ward,ae_d16,completo,px,24,pseudo_r2,0.7687592518699922
ward,ae_d16,completo,px,24,pseudo_f,243436.75129210955
ward,ae_d16,completo,px,24,asw_corr,0.3294867102358224
ward,ae_d16,completo,px,24,nmi_estados,0.7059358049670669
ward,ae_d16,completo,px,24,nmi_anio_primer_cambio,0.3543722637208208
ward,ae_d16,completo,px,24,costura_max_share_cluster,0.5123447193996523
ward,ae_d16,completo,px,24,solo_costura_max_share_cluster,0.4334289631001003
ward,ae_d16,completo,px,24,clusters_definidos_por_costura,0.0
ward,ae_d16,completo,px,24,cluster_mayor_share,0.1145022984178857
ward,ae_d16,sin_costura,px,6,k_real,6.0
ward,ae_d16,sin_costura,px,6,ruido_share_px,0.0
ward,ae_d16,sin_costura,px,6,pseudo_r2,0.5135292872129973
ward,ae_d16,sin_costura,px,6,pseudo_f,334333.07611621014
ward,ae_d16,sin_costura,px,6,asw_corr,0.4125985210499115
ward,ae_d16,sin_costura,px,6,nmi_estados,0.5624401090257104
ward,ae_d16,sin_costura,px,6,nmi_anio_primer_cambio,0.1081607598502906
ward,ae_d16,sin_costura,px,6,costura_max_share_cluster,0.0
ward,ae_d16,sin_costura,px,6,solo_costura_max_share_cluster,0.0
ward,ae_d16,sin_costura,px,6,clusters_definidos_por_costura,0.0
ward,ae_d16,sin_costura,px,6,cluster_mayor_share,0.3202598654069964
ward,ae_d16,sin_costura,px,12,k_real,12.0
ward,ae_d16,sin_costura,px,12,ruido_share_px,0.0
ward,ae_d16,sin_costura,px,12,pseudo_r2,0.6931907951525536
ward,ae_d16,sin_costura,px,12,pseudo_f,325260.1831638215
ward,ae_d16,sin_costura,px,12,asw_corr,0.4238911570385249
ward,ae_d16,sin_costura,px,12,nmi_estados,0.6177065482142325
ward,ae_d16,sin_costura,px,12,nmi_anio_primer_cambio,0.2289331862296256
ward,ae_d16,sin_costura,px,12,costura_max_share_cluster,0.0
ward,ae_d16,sin_costura,px,12,solo_costura_max_share_cluster,0.0
ward,ae_d16,sin_costura,px,12,clusters_definidos_por_costura,0.0
ward,ae_d16,sin_costura,px,12,cluster_mayor_share,0.1651047083555139
ward,ae_d16,sin_costura,px,24,k_real,24.0
ward,ae_d16,sin_costura,px,24,ruido_share_px,0.0
ward,ae_d16,sin_costura,px,24,pseudo_r2,0.7750998227833705
ward,ae_d16,sin_costura,px,24,pseudo_f,237288.06690586064
ward,ae_d16,sin_costura,px,24,asw_corr,0.3321524709575352
ward,ae_d16,sin_costura,px,24,nmi_estados,0.7108087433641862
ward,ae_d16,sin_costura,px,24,nmi_anio_primer_cambio,0.3634461870305306
ward,ae_d16,sin_costura,px,24,costura_max_share_cluster,0.0
ward,ae_d16,sin_costura,px,24,solo_costura_max_share_cluster,0.0
ward,ae_d16,sin_costura,px,24,clusters_definidos_por_costura,0.0
ward,ae_d16,sin_costura,px,24,cluster_mayor_share,0.1055867399937736
ward,ae_d16,completo,px,6,estabilidad_ari_80,0.8999585968328716
ward,ae_d16,completo,px,6,estabilidad_ari_80_sd,0.0873338444455119
ward,ae_d16,completo,px,12,estabilidad_ari_80,0.9326281916857088
ward,ae_d16,completo,px,12,estabilidad_ari_80_sd,0.0542686029420538
ward,ae_d16,completo,px,24,estabilidad_ari_80,0.946347995827498
ward,ae_d16,completo,px,24,estabilidad_ari_80_sd,0.0207518387414896
kmeans,ae_d16,completo,px,6,k_real,6.0
kmeans,ae_d16,completo,px,6,ruido_share_px,0.0
kmeans,ae_d16,completo,px,6,pseudo_r2,0.5161940774356537
kmeans,ae_d16,completo,px,6,pseudo_f,359388.73829110345
kmeans,ae_d16,completo,px,6,asw_corr,0.4011102785317528
kmeans,ae_d16,completo,px,6,nmi_estados,0.5293343515629205
kmeans,ae_d16,completo,px,6,nmi_anio_primer_cambio,0.1389696926671096
kmeans,ae_d16,completo,px,6,costura_max_share_cluster,0.162029235914499
kmeans,ae_d16,completo,px,6,solo_costura_max_share_cluster,0.1562769970319302
kmeans,ae_d16,completo,px,6,clusters_definidos_por_costura,0.0
kmeans,ae_d16,completo,px,6,cluster_mayor_share,0.2507852383502691
kmeans,ae_d16,completo,px,12,k_real,12.0
kmeans,ae_d16,completo,px,12,ruido_share_px,0.0
kmeans,ae_d16,completo,px,12,pseudo_r2,0.6966651351889048
kmeans,ae_d16,completo,px,12,pseudo_f,351641.5175397589
kmeans,ae_d16,completo,px,12,asw_corr,0.4111607775634732
kmeans,ae_d16,completo,px,12,nmi_estados,0.594240311305262
kmeans,ae_d16,completo,px,12,nmi_anio_primer_cambio,0.2638107719400477
kmeans,ae_d16,completo,px,12,costura_max_share_cluster,0.2722136724445164
kmeans,ae_d16,completo,px,12,solo_costura_max_share_cluster,0.2379043144878233
kmeans,ae_d16,completo,px,12,clusters_definidos_por_costura,0.0
kmeans,ae_d16,completo,px,12,cluster_mayor_share,0.1656855887832932
kmeans,ae_d16,completo,px,24,k_real,24.0
kmeans,ae_d16,completo,px,24,ruido_share_px,0.0
kmeans,ae_d16,completo,px,24,pseudo_r2,0.7858077830712915
kmeans,ae_d16,completo,px,24,pseudo_f,268641.3084337912
kmeans,ae_d16,completo,px,24,asw_corr,0.3609949155518501
kmeans,ae_d16,completo,px,24,nmi_estados,0.685312714523944
kmeans,ae_d16,completo,px,24,nmi_anio_primer_cambio,0.3530829648517197
kmeans,ae_d16,completo,px,24,costura_max_share_cluster,0.3440576456778593
kmeans,ae_d16,completo,px,24,solo_costura_max_share_cluster,0.3019457986685288
kmeans,ae_d16,completo,px,24,clusters_definidos_por_costura,0.0
kmeans,ae_d16,completo,px,24,cluster_mayor_share,0.106342944611157
kmeans,ae_d16,sin_costura,px,6,k_real,6.0
kmeans,ae_d16,sin_costura,px,6,ruido_share_px,0.0
kmeans,ae_d16,sin_costura,px,6,pseudo_r2,0.53178219480815
kmeans,ae_d16,sin_costura,px,6,pseudo_f,359713.4641455251
kmeans,ae_d16,sin_costura,px,6,asw_corr,0.4332477927905968
kmeans,ae_d16,sin_costura,px,6,nmi_estados,0.5438286106133313
kmeans,ae_d16,sin_costura,px,6,nmi_anio_primer_cambio,0.1358811947076586
kmeans,ae_d16,sin_costura,px,6,costura_max_share_cluster,0.0
kmeans,ae_d16,sin_costura,px,6,solo_costura_max_share_cluster,0.0
kmeans,ae_d16,sin_costura,px,6,clusters_definidos_por_costura,0.0
kmeans,ae_d16,sin_costura,px,6,cluster_mayor_share,0.2856391399536117
kmeans,ae_d16,sin_costura,px,12,k_real,12.0
kmeans,ae_d16,sin_costura,px,12,ruido_share_px,0.0
kmeans,ae_d16,sin_costura,px,12,pseudo_r2,0.6877517505844274
kmeans,ae_d16,sin_costura,px,12,pseudo_f,317086.8214265972
kmeans,ae_d16,sin_costura,px,12,asw_corr,0.3585453897720623
kmeans,ae_d16,sin_costura,px,12,nmi_estados,0.6342644191768754
kmeans,ae_d16,sin_costura,px,12,nmi_anio_primer_cambio,0.2700415554949288
kmeans,ae_d16,sin_costura,px,12,costura_max_share_cluster,0.0
kmeans,ae_d16,sin_costura,px,12,solo_costura_max_share_cluster,0.0
kmeans,ae_d16,sin_costura,px,12,clusters_definidos_por_costura,0.0
kmeans,ae_d16,sin_costura,px,12,cluster_mayor_share,0.14731915920103
kmeans,ae_d16,sin_costura,px,24,k_real,24.0
kmeans,ae_d16,sin_costura,px,24,ruido_share_px,0.0
kmeans,ae_d16,sin_costura,px,24,pseudo_r2,0.7739019484595856
kmeans,ae_d16,sin_costura,px,24,pseudo_f,235666.13470165263
kmeans,ae_d16,sin_costura,px,24,asw_corr,0.3221699591863266
kmeans,ae_d16,sin_costura,px,24,nmi_estados,0.687913849362256
kmeans,ae_d16,sin_costura,px,24,nmi_anio_primer_cambio,0.3757449194391573
kmeans,ae_d16,sin_costura,px,24,costura_max_share_cluster,0.0
kmeans,ae_d16,sin_costura,px,24,solo_costura_max_share_cluster,0.0
kmeans,ae_d16,sin_costura,px,24,clusters_definidos_por_costura,0.0
kmeans,ae_d16,sin_costura,px,24,cluster_mayor_share,0.1100898023413903
kmeans,ae_d16,completo,px,6,estabilidad_ari_80,0.8861389358385038
kmeans,ae_d16,completo,px,6,estabilidad_ari_80_sd,0.0426582770925914
kmeans,ae_d16,completo,px,12,estabilidad_ari_80,0.7770169027774981
kmeans,ae_d16,completo,px,12,estabilidad_ari_80_sd,0.0454712287535698
kmeans,ae_d16,completo,px,24,estabilidad_ari_80,0.7381697955423191
kmeans,ae_d16,completo,px,24,estabilidad_ari_80_sd,0.077877642523747
gmm,ae_d16,completo,px,6,k_real,6.0
gmm,ae_d16,completo,px,6,ruido_share_px,0.0
gmm,ae_d16,completo,px,6,pseudo_r2,0.4595628657429544
gmm,ae_d16,completo,px,6,pseudo_f,286432.5528988132
gmm,ae_d16,completo,px,6,asw_corr,0.3139444213059838
gmm,ae_d16,completo,px,6,nmi_estados,0.603015870065163
gmm,ae_d16,completo,px,6,nmi_anio_primer_cambio,0.0855221827719227
gmm,ae_d16,completo,px,6,costura_max_share_cluster,0.1070509022967553
gmm,ae_d16,completo,px,6,solo_costura_max_share_cluster,0.1068686201239518
gmm,ae_d16,completo,px,6,clusters_definidos_por_costura,0.0
gmm,ae_d16,completo,px,6,cluster_mayor_share,0.2958136850567806
gmm,ae_d16,completo,px,12,k_real,12.0
gmm,ae_d16,completo,px,12,ruido_share_px,0.0
gmm,ae_d16,completo,px,12,pseudo_r2,0.5604044518963053
gmm,ae_d16,completo,px,12,pseudo_f,195185.11295846512
gmm,ae_d16,completo,px,12,asw_corr,0.2429889987063581
gmm,ae_d16,completo,px,12,nmi_estados,0.6904611450681148
gmm,ae_d16,completo,px,12,nmi_anio_primer_cambio,0.235987252212593
gmm,ae_d16,completo,px,12,costura_max_share_cluster,0.2181129962614533
gmm,ae_d16,completo,px,12,solo_costura_max_share_cluster,0.2181129962614533
gmm,ae_d16,completo,px,12,clusters_definidos_por_costura,0.0
gmm,ae_d16,completo,px,12,cluster_mayor_share,0.2149664945178785
gmm,ae_d16,completo,px,24,k_real,24.0
gmm,ae_d16,completo,px,24,ruido_share_px,0.0
gmm,ae_d16,completo,px,24,pseudo_r2,0.7340055174053824
gmm,ae_d16,completo,px,24,pseudo_f,202063.0248702264
gmm,ae_d16,completo,px,24,asw_corr,0.3092482925125065
gmm,ae_d16,completo,px,24,nmi_estados,0.7200551880904263
gmm,ae_d16,completo,px,24,nmi_anio_primer_cambio,0.3403389509300207
gmm,ae_d16,completo,px,24,costura_max_share_cluster,0.3873225314831154
gmm,ae_d16,completo,px,24,solo_costura_max_share_cluster,0.3873225314831154
gmm,ae_d16,completo,px,24,clusters_definidos_por_costura,0.0
gmm,ae_d16,completo,px,24,cluster_mayor_share,0.1066154772408535
gmm,ae_d16,sin_costura,px,6,k_real,6.0
gmm,ae_d16,sin_costura,px,6,ruido_share_px,0.0
gmm,ae_d16,sin_costura,px,6,pseudo_r2,0.506531240228263
gmm,ae_d16,sin_costura,px,6,pseudo_f,325100.32098706113
gmm,ae_d16,sin_costura,px,6,asw_corr,0.3475864428536936
gmm,ae_d16,sin_costura,px,6,nmi_estados,0.586646564532342
gmm,ae_d16,sin_costura,px,6,nmi_anio_primer_cambio,0.1272924011996464
gmm,ae_d16,sin_costura,px,6,costura_max_share_cluster,0.0
gmm,ae_d16,sin_costura,px,6,solo_costura_max_share_cluster,0.0
gmm,ae_d16,sin_costura,px,6,clusters_definidos_por_costura,0.0
gmm,ae_d16,sin_costura,px,6,cluster_mayor_share,0.2218707000364362
gmm,ae_d16,sin_costura,px,12,k_real,12.0
gmm,ae_d16,sin_costura,px,12,ruido_share_px,0.0
gmm,ae_d16,sin_costura,px,12,pseudo_r2,0.6249849065403708
gmm,ae_d16,sin_costura,px,12,pseudo_f,239920.45813751276
gmm,ae_d16,sin_costura,px,12,asw_corr,0.2777965796535778
gmm,ae_d16,sin_costura,px,12,nmi_estados,0.688269170772555
gmm,ae_d16,sin_costura,px,12,nmi_anio_primer_cambio,0.2099373544369197
gmm,ae_d16,sin_costura,px,12,costura_max_share_cluster,0.0
gmm,ae_d16,sin_costura,px,12,solo_costura_max_share_cluster,0.0
gmm,ae_d16,sin_costura,px,12,clusters_definidos_por_costura,0.0
gmm,ae_d16,sin_costura,px,12,cluster_mayor_share,0.2143365481826408
gmm,ae_d16,sin_costura,px,24,k_real,24.0
gmm,ae_d16,sin_costura,px,24,ruido_share_px,0.0
gmm,ae_d16,sin_costura,px,24,pseudo_r2,0.7550258871060567
gmm,ae_d16,sin_costura,px,24,pseudo_f,212202.11442481968
gmm,ae_d16,sin_costura,px,24,asw_corr,0.3457150918048894
gmm,ae_d16,sin_costura,px,24,nmi_estados,0.7423595206542348
gmm,ae_d16,sin_costura,px,24,nmi_anio_primer_cambio,0.3348348610362969
gmm,ae_d16,sin_costura,px,24,costura_max_share_cluster,0.0
gmm,ae_d16,sin_costura,px,24,solo_costura_max_share_cluster,0.0
gmm,ae_d16,sin_costura,px,24,clusters_definidos_por_costura,0.0
gmm,ae_d16,sin_costura,px,24,cluster_mayor_share,0.1596253825961155
gmm,ae_d16,completo,px,6,estabilidad_ari_80,0.6347252795900238
gmm,ae_d16,completo,px,6,estabilidad_ari_80_sd,0.1126209131738519
gmm,ae_d16,completo,px,12,estabilidad_ari_80,0.6373917048564456
gmm,ae_d16,completo,px,12,estabilidad_ari_80_sd,0.031274204184583
gmm,ae_d16,completo,px,24,estabilidad_ari_80,0.6930704258119744
gmm,ae_d16,completo,px,24,estabilidad_ari_80_sd,0.0571472050536676
