metodo,espacio,universo,peso,k,metrica,valor
kmedoides,om,completo,px,2,k_real,2.0
kmedoides,om,completo,px,2,ruido_share_px,0.0
kmedoides,om,completo,px,2,pseudo_r2,0.18459012553619014
kmedoides,om,completo,px,2,pseudo_f,381264.3176935791
kmedoides,om,completo,px,2,asw_corr,0.32063331956637187
kmedoides,om,completo,px,2,nmi_estados,0.3555184182794108
kmedoides,om,completo,px,2,nmi_anio_primer_cambio,0.011501325487265695
kmedoides,om,completo,px,2,costura_max_share_cluster,0.06497557890045752
kmedoides,om,completo,px,2,solo_costura_max_share_cluster,0.05584956315163364
kmedoides,om,completo,px,2,clusters_definidos_por_costura,0.0
kmedoides,om,completo,px,2,cluster_mayor_share,0.6608304704542567
kmedoides,om,completo,px,3,k_real,3.0
kmedoides,om,completo,px,3,ruido_share_px,0.0
kmedoides,om,completo,px,3,pseudo_r2,0.3539649124191355
kmedoides,om,completo,px,3,pseudo_f,461389.2983457926
kmedoides,om,completo,px,3,asw_corr,0.4451566308631473
kmedoides,om,completo,px,3,nmi_estados,0.5194595753964979
kmedoides,om,completo,px,3,nmi_anio_primer_cambio,0.026484867942326552
kmedoides,om,completo,px,3,costura_max_share_cluster,0.06239433515123455
kmedoides,om,completo,px,3,solo_costura_max_share_cluster,0.0539822794182013
kmedoides,om,completo,px,3,clusters_definidos_por_costura,0.0
kmedoides,om,completo,px,3,cluster_mayor_share,0.562974631309071
kmedoides,om,completo,px,4,k_real,4.0
kmedoides,om,completo,px,4,ruido_share_px,0.0
kmedoides,om,completo,px,4,pseudo_r2,0.48232939821127074
kmedoides,om,completo,px,4,pseudo_f,523072.7834789917
kmedoides,om,completo,px,4,asw_corr,0.5125062732349078
kmedoides,om,completo,px,4,nmi_estados,0.5259703437068999
kmedoides,om,completo,px,4,nmi_anio_primer_cambio,0.036676857001039675
kmedoides,om,completo,px,4,costura_max_share_cluster,0.07086274237594026
kmedoides,om,completo,px,4,solo_costura_max_share_cluster,0.06035590514388069
kmedoides,om,completo,px,4,clusters_definidos_por_costura,0.0
kmedoides,om,completo,px,4,cluster_mayor_share,0.3507079317089043
kmedoides,om,completo,px,5,k_real,5.0
kmedoides,om,completo,px,5,ruido_share_px,0.0
kmedoides,om,completo,px,5,pseudo_r2,0.5514012733953065
kmedoides,om,completo,px,5,pseudo_f,517538.45662768703
kmedoides,om,completo,px,5,asw_corr,0.5487836477658279
kmedoides,om,completo,px,5,nmi_estados,0.5483866203363923
kmedoides,om,completo,px,5,nmi_anio_primer_cambio,0.046323244412689514
kmedoides,om,completo,px,5,costura_max_share_cluster,0.07712742335300815
kmedoides,om,completo,px,5,solo_costura_max_share_cluster,0.06956163653540255
kmedoides,om,completo,px,5,clusters_definidos_por_costura,0.0
kmedoides,om,completo,px,5,cluster_mayor_share,0.33943790590439865
kmedoides,om,completo,px,6,k_real,6.0
kmedoides,om,completo,px,6,ruido_share_px,0.0
kmedoides,om,completo,px,6,pseudo_r2,0.6075946435346316
kmedoides,om,completo,px,6,pseudo_f,521556.8296416791
kmedoides,om,completo,px,6,asw_corr,0.5746613722653856
kmedoides,om,completo,px,6,nmi_estados,0.5589375355310677
kmedoides,om,completo,px,6,nmi_anio_primer_cambio,0.05365797845556109
kmedoides,om,completo,px,6,costura_max_share_cluster,0.0808007810023709
kmedoides,om,completo,px,6,solo_costura_max_share_cluster,0.0702838740760463
kmedoides,om,completo,px,6,clusters_definidos_por_costura,0.0
kmedoides,om,completo,px,6,cluster_mayor_share,0.33570023073241806
kmedoides,om,completo,px,8,k_real,8.0
kmedoides,om,completo,px,8,ruido_share_px,0.0
kmedoides,om,completo,px,8,pseudo_r2,0.6706763225274293
kmedoides,om,completo,px,8,pseudo_f,489986.4764449562
kmedoides,om,completo,px,8,asw_corr,0.5321951357100373
kmedoides,om,completo,px,8,nmi_estados,0.5583925352157485
kmedoides,om,completo,px,8,nmi_anio_primer_cambio,0.12226512594943069
kmedoides,om,completo,px,8,costura_max_share_cluster,0.10519667506998304
kmedoides,om,completo,px,8,solo_costura_max_share_cluster,0.0944891372416783
kmedoides,om,completo,px,8,clusters_definidos_por_costura,0.0
kmedoides,om,completo,px,8,cluster_mayor_share,0.25827008874232427
kmedoides,om,completo,px,10,k_real,10.0
kmedoides,om,completo,px,10,ruido_share_px,0.0
kmedoides,om,completo,px,10,pseudo_r2,0.7005528513505848
kmedoides,om,completo,px,10,pseudo_f,437794.0084820924
kmedoides,om,completo,px,10,asw_corr,0.530886412797462
kmedoides,om,completo,px,10,nmi_estados,0.5978809885127073
kmedoides,om,completo,px,10,nmi_anio_primer_cambio,0.152320516088154
kmedoides,om,completo,px,10,costura_max_share_cluster,0.294917408806318
kmedoides,om,completo,px,10,solo_costura_max_share_cluster,0.25374235638775855
kmedoides,om,completo,px,10,clusters_definidos_por_costura,0.0
kmedoides,om,completo,px,10,cluster_mayor_share,0.2466919051277697
kmedoides,om,completo,px,12,k_real,12.0
kmedoides,om,completo,px,12,ruido_share_px,0.0
kmedoides,om,completo,px,12,pseudo_r2,0.7253552871390907
kmedoides,om,completo,px,12,pseudo_f,404369.07752276794
kmedoides,om,completo,px,12,asw_corr,0.4622958720757146
kmedoides,om,completo,px,12,nmi_estados,0.5884795451260502
kmedoides,om,completo,px,12,nmi_anio_primer_cambio,0.20552378871696594
kmedoides,om,completo,px,12,costura_max_share_cluster,0.3899581589958159
kmedoides,om,completo,px,12,solo_costura_max_share_cluster,0.3379585482144595
kmedoides,om,completo,px,12,clusters_definidos_por_costura,0.0
kmedoides,om,completo,px,12,cluster_mayor_share,0.1720607148073687
kmedoides,om,completo,px,16,k_real,16.0
kmedoides,om,completo,px,16,ruido_share_px,0.0
kmedoides,om,completo,px,16,pseudo_r2,0.7585386632781088
kmedoides,om,completo,px,16,pseudo_f,352719.0493505024
kmedoides,om,completo,px,16,asw_corr,0.4680820638209585
kmedoides,om,completo,px,16,nmi_estados,0.6362989135477033
kmedoides,om,completo,px,16,nmi_anio_primer_cambio,0.23494567070680672
kmedoides,om,completo,px,16,costura_max_share_cluster,0.37669074009219206
kmedoides,om,completo,px,16,solo_costura_max_share_cluster,0.32874897064808944
kmedoides,om,completo,px,16,clusters_definidos_por_costura,0.0
kmedoides,om,completo,px,16,cluster_mayor_share,0.17910025044501787
kmedoides,om,completo,px,20,k_real,20.0
kmedoides,om,completo,px,20,ruido_share_px,0.0
kmedoides,om,completo,px,20,pseudo_r2,0.7747334602406935
kmedoides,om,completo,px,20,pseudo_f,304853.4018807559
kmedoides,om,completo,px,20,asw_corr,0.43591074960413634
kmedoides,om,completo,px,20,nmi_estados,0.641949059956368
kmedoides,om,completo,px,20,nmi_anio_primer_cambio,0.25121371233136003
kmedoides,om,completo,px,20,costura_max_share_cluster,0.38820611346609335
kmedoides,om,completo,px,20,solo_costura_max_share_cluster,0.3530541916989418
kmedoides,om,completo,px,20,clusters_definidos_por_costura,0.0
kmedoides,om,completo,px,20,cluster_mayor_share,0.144702951308691
kmedoides,om,completo,px,24,k_real,24.0
kmedoides,om,completo,px,24,ruido_share_px,0.0
kmedoides,om,completo,px,24,pseudo_r2,0.8013933686185475
kmedoides,om,completo,px,24,pseudo_f,295469.1569887993
kmedoides,om,completo,px,24,asw_corr,0.46405353892820084
kmedoides,om,completo,px,24,nmi_estados,0.6567198337795579
kmedoides,om,completo,px,24,nmi_anio_primer_cambio,0.2910155548138842
kmedoides,om,completo,px,24,costura_max_share_cluster,0.6041685781570174
kmedoides,om,completo,px,24,solo_costura_max_share_cluster,0.5275560448970854
kmedoides,om,completo,px,24,clusters_definidos_por_costura,0.0
kmedoides,om,completo,px,24,cluster_mayor_share,0.1371011315744786
kmedoides,om,completo,px,32,k_real,32.0
kmedoides,om,completo,px,32,ruido_share_px,0.0
kmedoides,om,completo,px,32,pseudo_r2,0.8339422532931237
kmedoides,om,completo,px,32,pseudo_f,272835.6215721114
kmedoides,om,completo,px,32,asw_corr,0.4516360550820667
kmedoides,om,completo,px,32,nmi_estados,0.6712933733118802
kmedoides,om,completo,px,32,nmi_anio_primer_cambio,0.3362985937584478
kmedoides,om,completo,px,32,costura_max_share_cluster,0.6418584641858465
kmedoides,om,completo,px,32,solo_costura_max_share_cluster,0.5796945579694558
kmedoides,om,completo,px,32,clusters_definidos_por_costura,0.0
kmedoides,om,completo,px,32,cluster_mayor_share,0.09361050515318234
kmedoides,om,completo,px,40,k_real,40.0
kmedoides,om,completo,px,40,ruido_share_px,0.0
kmedoides,om,completo,px,40,pseudo_r2,0.8507206233897396
kmedoides,om,completo,px,40,pseudo_f,246097.04868667727
kmedoides,om,completo,px,40,asw_corr,0.46775063013271945
kmedoides,om,completo,px,40,nmi_estados,0.6729267667937777
kmedoides,om,completo,px,40,nmi_anio_primer_cambio,0.3876896707454109
kmedoides,om,completo,px,40,costura_max_share_cluster,0.8221526418786693
kmedoides,om,completo,px,40,solo_costura_max_share_cluster,0.7628571428571429
kmedoides,om,completo,px,40,clusters_definidos_por_costura,1.0
kmedoides,om,completo,px,40,cluster_mayor_share,0.09065242767791512
kmedoides,om,completo,px,60,k_real,60.0
kmedoides,om,completo,px,60,ruido_share_px,0.0
kmedoides,om,completo,px,60,pseudo_r2,0.8830042938074345
kmedoides,om,completo,px,60,pseudo_f,215436.64999961137
kmedoides,om,completo,px,60,asw_corr,0.4954904333108509
kmedoides,om,completo,px,60,nmi_estados,0.6980535570238958
kmedoides,om,completo,px,60,nmi_anio_primer_cambio,0.4286235861043574
kmedoides,om,completo,px,60,costura_max_share_cluster,0.8211228153233124
kmedoides,om,completo,px,60,solo_costura_max_share_cluster,0.7688483844241922
kmedoides,om,completo,px,60,clusters_definidos_por_costura,1.0
kmedoides,om,completo,px,60,cluster_mayor_share,0.08676215798342479
kmedoides,om,completo,px,2,estabilidad_ari_80,0.9649451236437683
kmedoides,om,completo,px,2,estabilidad_ari_80_sd,0.10515502493513802
kmedoides,om,completo,px,3,estabilidad_ari_80,1.0
kmedoides,om,completo,px,3,estabilidad_ari_80_sd,0.0
kmedoides,om,completo,px,4,estabilidad_ari_80,0.9998443154392695
kmedoides,om,completo,px,4,estabilidad_ari_80_sd,0.0002871213044234949
kmedoides,om,completo,px,5,estabilidad_ari_80,0.969767031561469
kmedoides,om,completo,px,5,estabilidad_ari_80_sd,0.04008776773963629
kmedoides,om,completo,px,6,estabilidad_ari_80,0.9631811135415032
kmedoides,om,completo,px,6,estabilidad_ari_80_sd,0.07896119989410011
kmedoides,om,completo,px,8,estabilidad_ari_80,0.8150200896221123
kmedoides,om,completo,px,8,estabilidad_ari_80_sd,0.08184436781101047
kmedoides,om,completo,px,10,estabilidad_ari_80,0.8447586097629027
kmedoides,om,completo,px,10,estabilidad_ari_80_sd,0.1095034981982515
kmedoides,om,completo,px,12,estabilidad_ari_80,0.7518838019226616
kmedoides,om,completo,px,12,estabilidad_ari_80_sd,0.0849987043082245
kmedoides,om,completo,px,16,estabilidad_ari_80,0.7234179190755828
kmedoides,om,completo,px,16,estabilidad_ari_80_sd,0.056857997897891734
kmedoides,om,completo,px,20,estabilidad_ari_80,0.7224500583690682
kmedoides,om,completo,px,20,estabilidad_ari_80_sd,0.08824757946731754
kmedoides,om,completo,px,24,estabilidad_ari_80,0.7208661263640976
kmedoides,om,completo,px,24,estabilidad_ari_80_sd,0.06392330403369244
kmedoides,om,completo,px,32,estabilidad_ari_80,0.7151407165228869
kmedoides,om,completo,px,32,estabilidad_ari_80_sd,0.04522788861297531
kmedoides,om,completo,px,40,estabilidad_ari_80,0.7355689121423281
kmedoides,om,completo,px,40,estabilidad_ari_80_sd,0.0628123068571853
kmedoides,om,completo,px,60,estabilidad_ari_80,0.7417728992744793
kmedoides,om,completo,px,60,estabilidad_ari_80_sd,0.04947856629031854
kmedoides,onehot,completo,px,2,k_real,2.0
kmedoides,onehot,completo,px,2,ruido_share_px,0.0
kmedoides,onehot,completo,px,2,pseudo_r2,0.1990930926658333
kmedoides,onehot,completo,px,2,pseudo_f,418666.1191172525
kmedoides,onehot,completo,px,2,asw_corr,0.31843976804681684
kmedoides,onehot,completo,px,2,nmi_estados,0.40988777878080107
kmedoides,onehot,completo,px,2,nmi_anio_primer_cambio,0.009877400128857109
kmedoides,onehot,completo,px,2,costura_max_share_cluster,0.06530394925691005
kmedoides,onehot,completo,px,2,solo_costura_max_share_cluster,0.0563554897088857
kmedoides,onehot,completo,px,2,clusters_definidos_por_costura,0.0
kmedoides,onehot,completo,px,2,cluster_mayor_share,0.5383190377401286
kmedoides,onehot,completo,px,3,k_real,3.0
kmedoides,onehot,completo,px,3,ruido_share_px,0.0
kmedoides,onehot,completo,px,3,pseudo_r2,0.31842037796569145
kmedoides,onehot,completo,px,3,pseudo_f,393412.0569426626
kmedoides,onehot,completo,px,3,asw_corr,0.35825800924634954
kmedoides,onehot,completo,px,3,nmi_estados,0.3895795532065116
kmedoides,onehot,completo,px,3,nmi_anio_primer_cambio,0.031996290768705554
kmedoides,onehot,completo,px,3,costura_max_share_cluster,0.07388845171865174
kmedoides,onehot,completo,px,3,solo_costura_max_share_cluster,0.06368959462292062
kmedoides,onehot,completo,px,3,clusters_definidos_por_costura,0.0
kmedoides,onehot,completo,px,3,cluster_mayor_share,0.4645683831274396
kmedoides,onehot,completo,px,4,k_real,4.0
kmedoides,onehot,completo,px,4,ruido_share_px,0.0
kmedoides,onehot,completo,px,4,pseudo_r2,0.4709995370107376
kmedoides,onehot,completo,px,4,pseudo_f,499846.1146592681
kmedoides,onehot,completo,px,4,asw_corr,0.49193036993143097
kmedoides,onehot,completo,px,4,nmi_estados,0.5130715586992352
kmedoides,onehot,completo,px,4,nmi_anio_primer_cambio,0.03709216501296539
kmedoides,onehot,completo,px,4,costura_max_share_cluster,0.07580258591827733
kmedoides,onehot,completo,px,4,solo_costura_max_share_cluster,0.06565235182518214
kmedoides,onehot,completo,px,4,clusters_definidos_por_costura,0.0
kmedoides,onehot,completo,px,4,cluster_mayor_share,0.3351848531233189
kmedoides,onehot,completo,px,5,k_real,5.0
kmedoides,onehot,completo,px,5,ruido_share_px,0.0
kmedoides,onehot,completo,px,5,pseudo_r2,0.5111866725253451
kmedoides,onehot,completo,px,5,pseudo_f,440320.98344935593
kmedoides,onehot,completo,px,5,asw_corr,0.4955445697874805
kmedoides,onehot,completo,px,5,nmi_estados,0.5097641283494668
kmedoides,onehot,completo,px,5,nmi_anio_primer_cambio,0.05455159390805245
kmedoides,onehot,completo,px,5,costura_max_share_cluster,0.08335297088032317
kmedoides,onehot,completo,px,5,solo_costura_max_share_cluster,0.0725265106884363
kmedoides,onehot,completo,px,5,clusters_definidos_por_costura,0.0
kmedoides,onehot,completo,px,5,cluster_mayor_share,0.3404039420449566
kmedoides,onehot,completo,px,6,k_real,6.0
kmedoides,onehot,completo,px,6,ruido_share_px,0.0
kmedoides,onehot,completo,px,6,pseudo_r2,0.6021678458170652
kmedoides,onehot,completo,px,6,pseudo_f,509847.5156371467
kmedoides,onehot,completo,px,6,asw_corr,0.5692117581015746
kmedoides,onehot,completo,px,6,nmi_estados,0.5566079014728551
kmedoides,onehot,completo,px,6,nmi_anio_primer_cambio,0.05158565674970321
kmedoides,onehot,completo,px,6,costura_max_share_cluster,0.0814114879971557
kmedoides,onehot,completo,px,6,solo_costura_max_share_cluster,0.0703966305886214
kmedoides,onehot,completo,px,6,clusters_definidos_por_costura,0.0
kmedoides,onehot,completo,px,6,cluster_mayor_share,0.34451627536364404
kmedoides,onehot,completo,px,8,k_real,8.0
kmedoides,onehot,completo,px,8,ruido_share_px,0.0
kmedoides,onehot,completo,px,8,pseudo_r2,0.640768901872736
kmedoides,onehot,completo,px,8,pseudo_f,429162.3118482801
kmedoides,onehot,completo,px,8,asw_corr,0.4366107371564691
kmedoides,onehot,completo,px,8,nmi_estados,0.6221667503502688
kmedoides,onehot,completo,px,8,nmi_anio_primer_cambio,0.14693006781152493
kmedoides,onehot,completo,px,8,costura_max_share_cluster,0.20753533651595993
kmedoides,onehot,completo,px,8,solo_costura_max_share_cluster,0.18770008424599832
kmedoides,onehot,completo,px,8,clusters_definidos_por_costura,0.0
kmedoides,onehot,completo,px,8,cluster_mayor_share,0.23633388394028745
kmedoides,onehot,completo,px,10,k_real,10.0
kmedoides,onehot,completo,px,10,ruido_share_px,0.0
kmedoides,onehot,completo,px,10,pseudo_r2,0.6549035016386715
kmedoides,onehot,completo,px,10,pseudo_f,355128.76461746276
kmedoides,onehot,completo,px,10,asw_corr,0.4094189082619366
kmedoides,onehot,completo,px,10,nmi_estados,0.5957406413953464
kmedoides,onehot,completo,px,10,nmi_anio_primer_cambio,0.1548161490775416
kmedoides,onehot,completo,px,10,costura_max_share_cluster,0.6675955414012739
kmedoides,onehot,completo,px,10,solo_costura_max_share_cluster,0.5696656050955414
kmedoides,onehot,completo,px,10,clusters_definidos_por_costura,0.0
kmedoides,onehot,completo,px,10,cluster_mayor_share,0.23198345566624431
kmedoides,onehot,completo,px,12,k_real,12.0
kmedoides,onehot,completo,px,12,ruido_share_px,0.0
kmedoides,onehot,completo,px,12,pseudo_r2,0.7070663482030539
kmedoides,onehot,completo,px,12,pseudo_f,369563.69585435116
kmedoides,onehot,completo,px,12,asw_corr,0.463697980763953
kmedoides,onehot,completo,px,12,nmi_estados,0.6336064941653985
kmedoides,onehot,completo,px,12,nmi_anio_primer_cambio,0.20378258744891484
kmedoides,onehot,completo,px,12,costura_max_share_cluster,0.26902277351184617
kmedoides,onehot,completo,px,12,solo_costura_max_share_cluster,0.23095753757301307
kmedoides,onehot,completo,px,12,clusters_definidos_por_costura,0.0
kmedoides,onehot,completo,px,12,cluster_mayor_share,0.23643719696330961
kmedoides,onehot,completo,px,16,k_real,16.0
kmedoides,onehot,completo,px,16,ruido_share_px,0.0
kmedoides,onehot,completo,px,16,pseudo_r2,0.7520770000277245
kmedoides,onehot,completo,px,16,pseudo_f,340599.7169847998
kmedoides,onehot,completo,px,16,asw_corr,0.40297802989326836
kmedoides,onehot,completo,px,16,nmi_estados,0.6537616015312656
kmedoides,onehot,completo,px,16,nmi_anio_primer_cambio,0.2747727408902898
kmedoides,onehot,completo,px,16,costura_max_share_cluster,0.30789242911429404
kmedoides,onehot,completo,px,16,solo_costura_max_share_cluster,0.284887459807074
kmedoides,onehot,completo,px,16,clusters_definidos_por_costura,0.0
kmedoides,onehot,completo,px,16,cluster_mayor_share,0.1354837483864762
kmedoides,onehot,completo,px,20,k_real,20.0
kmedoides,onehot,completo,px,20,ruido_share_px,0.0
kmedoides,onehot,completo,px,20,pseudo_r2,0.7740756163772404
kmedoides,onehot,completo,px,20,pseudo_f,303707.62922311004
kmedoides,onehot,completo,px,20,asw_corr,0.3886917423275498
kmedoides,onehot,completo,px,20,nmi_estados,0.6317358136035595
kmedoides,onehot,completo,px,20,nmi_anio_primer_cambio,0.32571069466610003
kmedoides,onehot,completo,px,20,costura_max_share_cluster,0.36550943465123287
kmedoides,onehot,completo,px,20,solo_costura_max_share_cluster,0.3212437125147202
kmedoides,onehot,completo,px,20,clusters_definidos_por_costura,0.0
kmedoides,onehot,completo,px,20,cluster_mayor_share,0.11127762584298083
kmedoides,onehot,completo,px,24,k_real,24.0
kmedoides,onehot,completo,px,24,ruido_share_px,0.0
kmedoides,onehot,completo,px,24,pseudo_r2,0.7983468202186109
kmedoides,onehot,completo,px,24,pseudo_f,289898.9745962688
kmedoides,onehot,completo,px,24,asw_corr,0.39031158291496815
kmedoides,onehot,completo,px,24,nmi_estados,0.6712198045392176
kmedoides,onehot,completo,px,24,nmi_anio_primer_cambio,0.342433633141263
kmedoides,onehot,completo,px,24,costura_max_share_cluster,0.627587304957011
kmedoides,onehot,completo,px,24,solo_costura_max_share_cluster,0.542564483600467
kmedoides,onehot,completo,px,24,clusters_definidos_por_costura,0.0
kmedoides,onehot,completo,px,24,cluster_mayor_share,0.09604786124229754
kmedoides,onehot,completo,px,32,k_real,32.0
kmedoides,onehot,completo,px,32,ruido_share_px,0.0
kmedoides,onehot,completo,px,32,pseudo_r2,0.8336091778082434
kmedoides,onehot,completo,px,32,pseudo_f,272180.71644006355
kmedoides,onehot,completo,px,32,asw_corr,0.43033262717482096
kmedoides,onehot,completo,px,32,nmi_estados,0.6829414771288804
kmedoides,onehot,completo,px,32,nmi_anio_primer_cambio,0.3704779519488775
kmedoides,onehot,completo,px,32,costura_max_share_cluster,0.46875
kmedoides,onehot,completo,px,32,solo_costura_max_share_cluster,0.4512310606060606
kmedoides,onehot,completo,px,32,clusters_definidos_por_costura,0.0
kmedoides,onehot,completo,px,32,cluster_mayor_share,0.12773645916582452
kmedoides,onehot,completo,px,40,k_real,40.0
kmedoides,onehot,completo,px,40,ruido_share_px,0.0
kmedoides,onehot,completo,px,40,pseudo_r2,0.8502543804070413
kmedoides,onehot,completo,px,40,pseudo_f,245196.35394865996
kmedoides,onehot,completo,px,40,asw_corr,0.4412574039733898
kmedoides,onehot,completo,px,40,nmi_estados,0.6815720231351952
kmedoides,onehot,completo,px,40,nmi_anio_primer_cambio,0.4195051050008344
kmedoides,onehot,completo,px,40,costura_max_share_cluster,0.8043343268753105
kmedoides,onehot,completo,px,40,solo_costura_max_share_cluster,0.7283904619970194
kmedoides,onehot,completo,px,40,clusters_definidos_por_costura,1.0
kmedoides,onehot,completo,px,40,cluster_mayor_share,0.07803220753805067
kmedoides,onehot,completo,px,60,k_real,60.0
kmedoides,onehot,completo,px,60,ruido_share_px,0.0
kmedoides,onehot,completo,px,60,pseudo_r2,0.8842329657433592
kmedoides,onehot,completo,px,60,pseudo_f,218026.10162921975
kmedoides,onehot,completo,px,60,asw_corr,0.47204712827666073
kmedoides,onehot,completo,px,60,nmi_estados,0.6795756996855778
kmedoides,onehot,completo,px,60,nmi_anio_primer_cambio,0.4883510069505242
kmedoides,onehot,completo,px,60,costura_max_share_cluster,0.6249354195881615
kmedoides,onehot,completo,px,60,solo_costura_max_share_cluster,0.5658904716215218
kmedoides,onehot,completo,px,60,clusters_definidos_por_costura,0.0
kmedoides,onehot,completo,px,60,cluster_mayor_share,0.05687975670376831
kmedoides,onehot,completo,px,2,estabilidad_ari_80,0.7031496483230375
kmedoides,onehot,completo,px,2,estabilidad_ari_80_sd,0.36356594582780993
kmedoides,onehot,completo,px,3,estabilidad_ari_80,0.676113602904782
kmedoides,onehot,completo,px,3,estabilidad_ari_80_sd,0.26656750235585003
kmedoides,onehot,completo,px,4,estabilidad_ari_80,0.7691635940459662
kmedoides,onehot,completo,px,4,estabilidad_ari_80_sd,0.09489996643550223
kmedoides,onehot,completo,px,5,estabilidad_ari_80,0.7429940385280792
kmedoides,onehot,completo,px,5,estabilidad_ari_80_sd,0.10418121036784804
kmedoides,onehot,completo,px,6,estabilidad_ari_80,0.7077668499405098
kmedoides,onehot,completo,px,6,estabilidad_ari_80_sd,0.09804489725209994
kmedoides,onehot,completo,px,8,estabilidad_ari_80,0.7408876365188978
kmedoides,onehot,completo,px,8,estabilidad_ari_80_sd,0.047030885263646224
kmedoides,onehot,completo,px,10,estabilidad_ari_80,0.6356518557230636
kmedoides,onehot,completo,px,10,estabilidad_ari_80_sd,0.0848412526601903
kmedoides,onehot,completo,px,12,estabilidad_ari_80,0.7373986357944349
kmedoides,onehot,completo,px,12,estabilidad_ari_80_sd,0.07063834719237326
kmedoides,onehot,completo,px,16,estabilidad_ari_80,0.7004366186718044
kmedoides,onehot,completo,px,16,estabilidad_ari_80_sd,0.08273305195318299
kmedoides,onehot,completo,px,20,estabilidad_ari_80,0.6615676050620914
kmedoides,onehot,completo,px,20,estabilidad_ari_80_sd,0.04100640395477318
kmedoides,onehot,completo,px,24,estabilidad_ari_80,0.6584366724213154
kmedoides,onehot,completo,px,24,estabilidad_ari_80_sd,0.06019575444872294
kmedoides,onehot,completo,px,32,estabilidad_ari_80,0.662110403553944
kmedoides,onehot,completo,px,32,estabilidad_ari_80_sd,0.05428320540829065
kmedoides,onehot,completo,px,40,estabilidad_ari_80,0.6974169709752807
kmedoides,onehot,completo,px,40,estabilidad_ari_80_sd,0.0432712495581323
kmedoides,onehot,completo,px,60,estabilidad_ari_80,0.6580698940221621
kmedoides,onehot,completo,px,60,estabilidad_ari_80_sd,0.029390850475254523
ward,onehot,completo,px,2,k_real,2.0
ward,onehot,completo,px,2,ruido_share_px,0.0
ward,onehot,completo,px,2,pseudo_r2,0.20828103730032532
ward,onehot,completo,px,2,pseudo_f,443070.0028013263
ward,onehot,completo,px,2,asw_corr,0.301608080373287
ward,onehot,completo,px,2,nmi_estados,0.3072795775219411
ward,onehot,completo,px,2,nmi_anio_primer_cambio,0.01394658126622002
ward,onehot,completo,px,2,costura_max_share_cluster,0.07246555609807802
ward,onehot,completo,px,2,solo_costura_max_share_cluster,0.06135002371846443
ward,onehot,completo,px,2,clusters_definidos_por_costura,0.0
ward,onehot,completo,px,2,cluster_mayor_share,0.6582945513661663
ward,onehot,completo,px,3,k_real,3.0
ward,onehot,completo,px,3,ruido_share_px,0.0
ward,onehot,completo,px,3,pseudo_r2,0.36402116465259404
ward,onehot,completo,px,3,pseudo_f,482000.38068234967
ward,onehot,completo,px,3,asw_corr,0.4297879908217654
ward,onehot,completo,px,3,nmi_estados,0.43673330055540144
ward,onehot,completo,px,3,nmi_anio_primer_cambio,0.0332290785759263
ward,onehot,completo,px,3,costura_max_share_cluster,0.07246555609807802
ward,onehot,completo,px,3,solo_costura_max_share_cluster,0.06135002371846443
ward,onehot,completo,px,3,clusters_definidos_por_costura,0.0
ward,onehot,completo,px,3,cluster_mayor_share,0.3774084106300788
ward,onehot,completo,px,4,k_real,4.0
ward,onehot,completo,px,4,ruido_share_px,0.0
ward,onehot,completo,px,4,pseudo_r2,0.47357922788566686
ward,onehot,completo,px,4,pseudo_f,505046.67919484107
ward,onehot,completo,px,4,asw_corr,0.5031043687447257
ward,onehot,completo,px,4,nmi_estados,0.5224276735191091
ward,onehot,completo,px,4,nmi_anio_primer_cambio,0.03479956487332411
ward,onehot,completo,px,4,costura_max_share_cluster,0.07246555609807802
ward,onehot,completo,px,4,solo_costura_max_share_cluster,0.06135002371846443
ward,onehot,completo,px,4,clusters_definidos_por_costura,0.0
ward,onehot,completo,px,4,cluster_mayor_share,0.34170544863383373
ward,onehot,completo,px,5,k_real,5.0
ward,onehot,completo,px,5,ruido_share_px,0.0
ward,onehot,completo,px,5,pseudo_r2,0.5403319007411551
ward,onehot,completo,px,5,pseudo_f,494936.11134851904
ward,onehot,completo,px,5,asw_corr,0.5319867193025992
ward,onehot,completo,px,5,nmi_estados,0.5502133958547041
ward,onehot,completo,px,5,nmi_anio_primer_cambio,0.04562928740894153
ward,onehot,completo,px,5,costura_max_share_cluster,0.07246555609807802
ward,onehot,completo,px,5,solo_costura_max_share_cluster,0.06135002371846443
ward,onehot,completo,px,5,clusters_definidos_por_costura,0.0
ward,onehot,completo,px,5,cluster_mayor_share,0.34170544863383373
ward,onehot,completo,px,6,k_real,6.0
ward,onehot,completo,px,6,ruido_share_px,0.0
ward,onehot,completo,px,6,pseudo_r2,0.5637526980311955
ward,onehot,completo,px,6,pseudo_f,435289.81599581
ward,onehot,completo,px,6,asw_corr,0.45245187391440117
ward,onehot,completo,px,6,nmi_estados,0.6058373177485662
ward,onehot,completo,px,6,nmi_anio_primer_cambio,0.10468015935128457
ward,onehot,completo,px,6,costura_max_share_cluster,0.28333264414395787
ward,onehot,completo,px,6,solo_costura_max_share_cluster,0.2425257412231733
ward,onehot,completo,px,6,clusters_definidos_por_costura,0.0
ward,onehot,completo,px,6,cluster_mayor_share,0.2808861407360875
ward,onehot,completo,px,8,k_real,8.0
ward,onehot,completo,px,8,ruido_share_px,0.0
ward,onehot,completo,px,8,pseudo_r2,0.631703073984772
ward,onehot,completo,px,8,pseudo_f,412675.7716535331
ward,onehot,completo,px,8,asw_corr,0.41994478772763694
ward,onehot,completo,px,8,nmi_estados,0.6599288980722624
ward,onehot,completo,px,8,nmi_anio_primer_cambio,0.1446503444219018
ward,onehot,completo,px,8,costura_max_share_cluster,0.28333264414395787
ward,onehot,completo,px,8,solo_costura_max_share_cluster,0.2425257412231733
ward,onehot,completo,px,8,clusters_definidos_por_costura,0.0
ward,onehot,completo,px,8,cluster_mayor_share,0.2555530749874421
ward,onehot,completo,px,10,k_real,10.0
ward,onehot,completo,px,10,ruido_share_px,0.0
ward,onehot,completo,px,10,pseudo_r2,0.686264751087546
ward,onehot,completo,px,10,pseudo_f,409333.6686019181
ward,onehot,completo,px,10,asw_corr,0.4512304270053679
ward,onehot,completo,px,10,nmi_estados,0.6472429947601798
ward,onehot,completo,px,10,nmi_anio_primer_cambio,0.18965536370285646
ward,onehot,completo,px,10,costura_max_share_cluster,0.28333264414395787
ward,onehot,completo,px,10,solo_costura_max_share_cluster,0.2425257412231733
ward,onehot,completo,px,10,clusters_definidos_por_costura,0.0
ward,onehot,completo,px,10,cluster_mayor_share,0.20119379979361146
ward,onehot,completo,px,12,k_real,12.0
ward,onehot,completo,px,12,ruido_share_px,0.0
ward,onehot,completo,px,12,pseudo_r2,0.7091252715830014
ward,onehot,completo,px,12,pseudo_f,373263.3687507823
ward,onehot,completo,px,12,asw_corr,0.4149660092921373
ward,onehot,completo,px,12,nmi_estados,0.6685628076201887
ward,onehot,completo,px,12,nmi_anio_primer_cambio,0.22144569495936026
ward,onehot,completo,px,12,costura_max_share_cluster,0.28333264414395787
ward,onehot,completo,px,12,solo_costura_max_share_cluster,0.2425257412231733
ward,onehot,completo,px,12,clusters_definidos_por_costura,0.0
ward,onehot,completo,px,12,cluster_mayor_share,0.20119379979361146
ward,onehot,completo,px,16,k_real,16.0
ward,onehot,completo,px,16,ruido_share_px,0.0
ward,onehot,completo,px,16,pseudo_r2,0.7549604725827666
ward,onehot,completo,px,16,pseudo_f,345928.91247086634
ward,onehot,completo,px,16,asw_corr,0.4185103366571728
ward,onehot,completo,px,16,nmi_estados,0.6660435780077175
ward,onehot,completo,px,16,nmi_anio_primer_cambio,0.2904709263131581
ward,onehot,completo,px,16,costura_max_share_cluster,0.28333264414395787
ward,onehot,completo,px,16,solo_costura_max_share_cluster,0.2425257412231733
ward,onehot,completo,px,16,clusters_definidos_por_costura,0.0
ward,onehot,completo,px,16,cluster_mayor_share,0.11629958876666813
ward,onehot,completo,px,20,k_real,20.0
ward,onehot,completo,px,20,ruido_share_px,0.0
ward,onehot,completo,px,20,pseudo_r2,0.780156328547787
ward,onehot,completo,px,20,pseudo_f,314559.7043780014
ward,onehot,completo,px,20,asw_corr,0.3838293677422623
ward,onehot,completo,px,20,nmi_estados,0.682863163804932
ward,onehot,completo,px,20,nmi_anio_primer_cambio,0.3343190974481439
ward,onehot,completo,px,20,costura_max_share_cluster,0.28333264414395787
ward,onehot,completo,px,20,solo_costura_max_share_cluster,0.2425257412231733
ward,onehot,completo,px,20,clusters_definidos_por_costura,0.0
ward,onehot,completo,px,20,cluster_mayor_share,0.10510081332286744
ward,onehot,completo,px,24,k_real,24.0
ward,onehot,completo,px,24,ruido_share_px,0.0
ward,onehot,completo,px,24,pseudo_r2,0.8049726605757708
ward,onehot,completo,px,24,pseudo_f,302235.7185465038
ward,onehot,completo,px,24,asw_corr,0.40361160442227445
ward,onehot,completo,px,24,nmi_estados,0.6845516954766747
ward,onehot,completo,px,24,nmi_anio_primer_cambio,0.35929651635445264
ward,onehot,completo,px,24,costura_max_share_cluster,0.5893924751437323
ward,onehot,completo,px,24,solo_costura_max_share_cluster,0.5023504938494046
ward,onehot,completo,px,24,clusters_definidos_por_costura,0.0
ward,onehot,completo,px,24,cluster_mayor_share,0.10510081332286744
ward,onehot,completo,px,32,k_real,32.0
ward,onehot,completo,px,32,ruido_share_px,0.0
ward,onehot,completo,px,32,pseudo_r2,0.8377320395714276
ward,onehot,completo,px,32,pseudo_f,280476.56587819546
ward,onehot,completo,px,32,asw_corr,0.4214849744560878
ward,onehot,completo,px,32,nmi_estados,0.6974721163966568
ward,onehot,completo,px,32,nmi_anio_primer_cambio,0.4086633724333632
ward,onehot,completo,px,32,costura_max_share_cluster,0.5893924751437323
ward,onehot,completo,px,32,solo_costura_max_share_cluster,0.5023504938494046
ward,onehot,completo,px,32,clusters_definidos_por_costura,0.0
ward,onehot,completo,px,32,cluster_mayor_share,0.0683730336384828
ward,onehot,completo,px,40,k_real,40.0
ward,onehot,completo,px,40,ruido_share_px,0.0
ward,onehot,completo,px,40,pseudo_r2,0.8595946241026913
ward,onehot,completo,px,40,pseudo_f,264380.3731701199
ward,onehot,completo,px,40,asw_corr,0.4546653325134197
ward,onehot,completo,px,40,nmi_estados,0.711094890604319
ward,onehot,completo,px,40,nmi_anio_primer_cambio,0.4351689648461248
ward,onehot,completo,px,40,costura_max_share_cluster,0.6115248226950355
ward,onehot,completo,px,40,solo_costura_max_share_cluster,0.5560283687943263
ward,onehot,completo,px,40,clusters_definidos_por_costura,0.0
ward,onehot,completo,px,40,cluster_mayor_share,0.06297403755606512
ward,onehot,completo,px,60,k_real,60.0
ward,onehot,completo,px,60,ruido_share_px,0.0
ward,onehot,completo,px,60,pseudo_r2,0.8949057644080418
ward,onehot,completo,px,60,pseudo_f,243066.49854310555
ward,onehot,completo,px,60,asw_corr,0.5187013138977469
ward,onehot,completo,px,60,nmi_estados,0.7095859109404717
ward,onehot,completo,px,60,nmi_anio_primer_cambio,0.5094491684741133
ward,onehot,completo,px,60,costura_max_share_cluster,0.9998697704704542
ward,onehot,completo,px,60,solo_costura_max_share_cluster,0.998502360410223
ward,onehot,completo,px,60,clusters_definidos_por_costura,1.0
ward,onehot,completo,px,60,cluster_mayor_share,0.03758100275382644
ward,onehot,completo,px,2,estabilidad_ari_80,0.9660754133143635
ward,onehot,completo,px,2,estabilidad_ari_80_sd,0.026748888832238846
ward,onehot,completo,px,3,estabilidad_ari_80,0.9647257223339828
ward,onehot,completo,px,3,estabilidad_ari_80_sd,0.025101982837493594
ward,onehot,completo,px,4,estabilidad_ari_80,0.9684016289672052
ward,onehot,completo,px,4,estabilidad_ari_80_sd,0.021469758478751655
ward,onehot,completo,px,5,estabilidad_ari_80,0.8947838386087378
ward,onehot,completo,px,5,estabilidad_ari_80_sd,0.09450434746844602
ward,onehot,completo,px,6,estabilidad_ari_80,0.978925856972373
ward,onehot,completo,px,6,estabilidad_ari_80_sd,0.012613208022061586
ward,onehot,completo,px,8,estabilidad_ari_80,0.9792512978566036
ward,onehot,completo,px,8,estabilidad_ari_80_sd,0.012574511351070147
ward,onehot,completo,px,10,estabilidad_ari_80,0.9751272376351142
ward,onehot,completo,px,10,estabilidad_ari_80_sd,0.01603571750191194
ward,onehot,completo,px,12,estabilidad_ari_80,0.9086981766007216
ward,onehot,completo,px,12,estabilidad_ari_80_sd,0.05317991919468131
ward,onehot,completo,px,16,estabilidad_ari_80,0.9443740094959676
ward,onehot,completo,px,16,estabilidad_ari_80_sd,0.020035855567796714
ward,onehot,completo,px,20,estabilidad_ari_80,0.9081139697524605
ward,onehot,completo,px,20,estabilidad_ari_80_sd,0.05508708669193475
ward,onehot,completo,px,24,estabilidad_ari_80,0.9314512608258777
ward,onehot,completo,px,24,estabilidad_ari_80_sd,0.029122221671381412
ward,onehot,completo,px,32,estabilidad_ari_80,0.9393893496524439
ward,onehot,completo,px,32,estabilidad_ari_80_sd,0.024016916087613933
ward,onehot,completo,px,40,estabilidad_ari_80,0.9612115015727365
ward,onehot,completo,px,40,estabilidad_ari_80_sd,0.014304406923986459
ward,onehot,completo,px,60,estabilidad_ari_80,0.9400430586844528
ward,onehot,completo,px,60,estabilidad_ari_80_sd,0.016250164872196625
kmeans,onehot,completo,px,2,k_real,2.0
kmeans,onehot,completo,px,2,ruido_share_px,0.0
kmeans,onehot,completo,px,2,pseudo_r2,0.20872419034755108
kmeans,onehot,completo,px,2,pseudo_f,444261.3777587224
kmeans,onehot,completo,px,2,asw_corr,0.30234316725946375
kmeans,onehot,completo,px,2,nmi_estados,0.3093263721896771
kmeans,onehot,completo,px,2,nmi_anio_primer_cambio,0.013747457555129045
kmeans,onehot,completo,px,2,costura_max_share_cluster,0.0794864374500708
kmeans,onehot,completo,px,2,solo_costura_max_share_cluster,0.06852410551980966
kmeans,onehot,completo,px,2,clusters_definidos_por_costura,0.0
kmeans,onehot,completo,px,2,cluster_mayor_share,0.6573647341589667
kmeans,onehot,completo,px,3,k_real,3.0
kmeans,onehot,completo,px,3,ruido_share_px,0.0
kmeans,onehot,completo,px,3,pseudo_r2,0.3734823286476384
kmeans,onehot,completo,px,3,pseudo_f,501995.8679443663
kmeans,onehot,completo,px,3,asw_corr,0.43328766993371776
kmeans,onehot,completo,px,3,nmi_estados,0.42501594796718534
kmeans,onehot,completo,px,3,nmi_anio_primer_cambio,0.0325237623445451
kmeans,onehot,completo,px,3,costura_max_share_cluster,0.07243955179870258
kmeans,onehot,completo,px,3,solo_costura_max_share_cluster,0.06176458198769974
kmeans,onehot,completo,px,3,clusters_definidos_por_costura,0.0
kmeans,onehot,completo,px,3,cluster_mayor_share,0.4084308176810145
kmeans,onehot,completo,px,4,k_real,4.0
kmeans,onehot,completo,px,4,ruido_share_px,0.0
kmeans,onehot,completo,px,4,pseudo_r2,0.47829749529375853
kmeans,onehot,completo,px,4,pseudo_f,514691.5963995884
kmeans,onehot,completo,px,4,asw_corr,0.4864327628610237
kmeans,onehot,completo,px,4,nmi_estados,0.496356329733133
kmeans,onehot,completo,px,4,nmi_anio_primer_cambio,0.041115661426531204
kmeans,onehot,completo,px,4,costura_max_share_cluster,0.07376700147784485
kmeans,onehot,completo,px,4,solo_costura_max_share_cluster,0.06296048464723164
kmeans,onehot,completo,px,4,clusters_definidos_por_costura,0.0
kmeans,onehot,completo,px,4,cluster_mayor_share,0.3318616175494388
kmeans,onehot,completo,px,5,k_real,5.0
kmeans,onehot,completo,px,5,ruido_share_px,0.0
kmeans,onehot,completo,px,5,pseudo_r2,0.5542941574480602
kmeans,onehot,completo,px,5,pseudo_f,523630.42390607734
kmeans,onehot,completo,px,5,asw_corr,0.5501011733664457
kmeans,onehot,completo,px,5,nmi_estados,0.5396028754296079
kmeans,onehot,completo,px,5,nmi_anio_primer_cambio,0.04329928883511667
kmeans,onehot,completo,px,5,costura_max_share_cluster,0.0774977054084373
kmeans,onehot,completo,px,5,solo_costura_max_share_cluster,0.0698830608151749
kmeans,onehot,completo,px,5,clusters_definidos_por_costura,0.0
kmeans,onehot,completo,px,5,cluster_mayor_share,0.33416834797726164
kmeans,onehot,completo,px,6,k_real,6.0
kmeans,onehot,completo,px,6,ruido_share_px,0.0
kmeans,onehot,completo,px,6,pseudo_r2,0.5790510096429111
kmeans,onehot,completo,px,6,pseudo_f,463350.86510565795
kmeans,onehot,completo,px,6,asw_corr,0.484209756580598
kmeans,onehot,completo,px,6,nmi_estados,0.6025578078793382
kmeans,onehot,completo,px,6,nmi_anio_primer_cambio,0.09865042750208249
kmeans,onehot,completo,px,6,costura_max_share_cluster,0.23970508270430507
kmeans,onehot,completo,px,6,solo_costura_max_share_cluster,0.2057521735825669
kmeans,onehot,completo,px,6,clusters_definidos_por_costura,0.0
kmeans,onehot,completo,px,6,cluster_mayor_share,0.2570048010868055
kmeans,onehot,completo,px,8,k_real,8.0
kmeans,onehot,completo,px,8,ruido_share_px,0.0
kmeans,onehot,completo,px,8,pseudo_r2,0.6449850681754419
kmeans,onehot,completo,px,8,pseudo_f,437116.4158113657
kmeans,onehot,completo,px,8,asw_corr,0.45069113001581207
kmeans,onehot,completo,px,8,nmi_estados,0.6497876795266072
kmeans,onehot,completo,px,8,nmi_anio_primer_cambio,0.14279801700841024
kmeans,onehot,completo,px,8,costura_max_share_cluster,0.23442344752207553
kmeans,onehot,completo,px,8,solo_costura_max_share_cluster,0.20243334196220553
kmeans,onehot,completo,px,8,clusters_definidos_por_costura,0.0
kmeans,onehot,completo,px,8,cluster_mayor_share,0.2512738970741039
kmeans,onehot,completo,px,10,k_real,10.0
kmeans,onehot,completo,px,10,ruido_share_px,0.0
kmeans,onehot,completo,px,10,pseudo_r2,0.69985895587043
kmeans,onehot,completo,px,10,pseudo_f,436349.2422643547
kmeans,onehot,completo,px,10,asw_corr,0.46246558281355066
kmeans,onehot,completo,px,10,nmi_estados,0.635968590760643
kmeans,onehot,completo,px,10,nmi_anio_primer_cambio,0.19242896585170988
kmeans,onehot,completo,px,10,costura_max_share_cluster,0.24200820649840163
kmeans,onehot,completo,px,10,solo_costura_max_share_cluster,0.2098740397919748
kmeans,onehot,completo,px,10,clusters_definidos_por_costura,0.0
kmeans,onehot,completo,px,10,cluster_mayor_share,0.20488397472512204
kmeans,onehot,completo,px,12,k_real,12.0
kmeans,onehot,completo,px,12,ruido_share_px,0.0
kmeans,onehot,completo,px,12,pseudo_r2,0.7115087492146408
kmeans,onehot,completo,px,12,pseudo_f,377612.18284236046
kmeans,onehot,completo,px,12,asw_corr,0.4129087574798614
kmeans,onehot,completo,px,12,nmi_estados,0.6628787440167422
kmeans,onehot,completo,px,12,nmi_anio_primer_cambio,0.23546928681892396
kmeans,onehot,completo,px,12,costura_max_share_cluster,0.28800215998067386
kmeans,onehot,completo,px,12,solo_costura_max_share_cluster,0.25003197339813277
kmeans,onehot,completo,px,12,clusters_definidos_por_costura,0.0
kmeans,onehot,completo,px,12,cluster_mayor_share,0.20222930503585673
kmeans,onehot,completo,px,16,k_real,16.0
kmeans,onehot,completo,px,16,ruido_share_px,0.0
kmeans,onehot,completo,px,16,pseudo_r2,0.7514472272404797
kmeans,onehot,completo,px,16,pseudo_f,339452.231359523
kmeans,onehot,completo,px,16,asw_corr,0.41008385903061567
kmeans,onehot,completo,px,16,nmi_estados,0.6739868680590266
kmeans,onehot,completo,px,16,nmi_anio_primer_cambio,0.27872621026349753
kmeans,onehot,completo,px,16,costura_max_share_cluster,0.284234591190558
kmeans,onehot,completo,px,16,solo_costura_max_share_cluster,0.24677938526055948
kmeans,onehot,completo,px,16,clusters_definidos_por_costura,0.0
kmeans,onehot,completo,px,16,cluster_mayor_share,0.1381128866964889
kmeans,onehot,completo,px,20,k_real,20.0
kmeans,onehot,completo,px,20,ruido_share_px,0.0
kmeans,onehot,completo,px,20,pseudo_r2,0.7925611725923003
kmeans,onehot,completo,px,20,pseudo_f,338671.1201510784
kmeans,onehot,completo,px,20,asw_corr,0.4276073001827975
kmeans,onehot,completo,px,20,nmi_estados,0.6645230174966568
kmeans,onehot,completo,px,20,nmi_anio_primer_cambio,0.3362467991527782
kmeans,onehot,completo,px,20,costura_max_share_cluster,0.4488626299941803
kmeans,onehot,completo,px,20,solo_costura_max_share_cluster,0.3880089066572202
kmeans,onehot,completo,px,20,clusters_definidos_por_costura,0.0
kmeans,onehot,completo,px,20,cluster_mayor_share,0.12090236206820797
kmeans,onehot,completo,px,24,k_real,24.0
kmeans,onehot,completo,px,24,ruido_share_px,0.0
kmeans,onehot,completo,px,24,pseudo_r2,0.8131323410686944
kmeans,onehot,completo,px,24,pseudo_f,318630.4258105113
kmeans,onehot,completo,px,24,asw_corr,0.4205792105116321
kmeans,onehot,completo,px,24,nmi_estados,0.6778053520139449
kmeans,onehot,completo,px,24,nmi_anio_primer_cambio,0.34841996097617844
kmeans,onehot,completo,px,24,costura_max_share_cluster,0.3715868701651683
kmeans,onehot,completo,px,24,solo_costura_max_share_cluster,0.32060422329082167
kmeans,onehot,completo,px,24,clusters_definidos_por_costura,0.0
kmeans,onehot,completo,px,24,cluster_mayor_share,0.08698006533658077
kmeans,onehot,completo,px,32,k_real,32.0
kmeans,onehot,completo,px,32,ruido_share_px,0.0
kmeans,onehot,completo,px,32,pseudo_r2,0.8439536534671385
kmeans,onehot,completo,px,32,pseudo_f,293825.3253146811
kmeans,onehot,completo,px,32,asw_corr,0.4363178183545688
kmeans,onehot,completo,px,32,nmi_estados,0.6766367404564084
kmeans,onehot,completo,px,32,nmi_anio_primer_cambio,0.4056475346773866
kmeans,onehot,completo,px,32,costura_max_share_cluster,0.5055605991829324
kmeans,onehot,completo,px,32,solo_costura_max_share_cluster,0.43504596005447116
kmeans,onehot,completo,px,32,clusters_definidos_por_costura,0.0
kmeans,onehot,completo,px,32,cluster_mayor_share,0.07083117108280361
kmeans,onehot,completo,px,40,k_real,40.0
kmeans,onehot,completo,px,40,ruido_share_px,0.0
kmeans,onehot,completo,px,40,pseudo_r2,0.8626461860077131
kmeans,onehot,completo,px,40,pseudo_f,271213.46066726145
kmeans,onehot,completo,px,40,asw_corr,0.46991345188546735
kmeans,onehot,completo,px,40,nmi_estados,0.701880750771257
kmeans,onehot,completo,px,40,nmi_anio_primer_cambio,0.43046538912290383
kmeans,onehot,completo,px,40,costura_max_share_cluster,0.5872730274017828
kmeans,onehot,completo,px,40,solo_costura_max_share_cluster,0.5062561901617696
kmeans,onehot,completo,px,40,clusters_definidos_por_costura,0.0
kmeans,onehot,completo,px,40,cluster_mayor_share,0.06863190994904411
kmeans,onehot,completo,px,60,k_real,60.0
kmeans,onehot,completo,px,60,ruido_share_px,0.0
kmeans,onehot,completo,px,60,pseudo_r2,0.8986163120005501
kmeans,onehot,completo,px,60,pseudo_f,253007.2157760779
kmeans,onehot,completo,px,60,asw_corr,0.5306523254944293
kmeans,onehot,completo,px,60,nmi_estados,0.6945099042017316
kmeans,onehot,completo,px,60,nmi_anio_primer_cambio,0.5003733624280862
kmeans,onehot,completo,px,60,costura_max_share_cluster,0.5928321386897817
kmeans,onehot,completo,px,60,solo_costura_max_share_cluster,0.5112352058676446
kmeans,onehot,completo,px,60,clusters_definidos_por_costura,0.0
kmeans,onehot,completo,px,60,cluster_mayor_share,0.06183284427877416
kmeans,onehot,completo,px,2,estabilidad_ari_80,0.963934809671591
kmeans,onehot,completo,px,2,estabilidad_ari_80_sd,0.055090488235306906
kmeans,onehot,completo,px,3,estabilidad_ari_80,0.9999987569050987
kmeans,onehot,completo,px,3,estabilidad_ari_80_sd,1.5224741051369112e-06
kmeans,onehot,completo,px,4,estabilidad_ari_80,0.9868042725799524
kmeans,onehot,completo,px,4,estabilidad_ari_80_sd,0.01615943192220544
kmeans,onehot,completo,px,5,estabilidad_ari_80,0.996491869420806
kmeans,onehot,completo,px,5,estabilidad_ari_80_sd,0.010510989504640718
kmeans,onehot,completo,px,6,estabilidad_ari_80,0.9987719591754448
kmeans,onehot,completo,px,6,estabilidad_ari_80_sd,0.0005668194070876293
kmeans,onehot,completo,px,8,estabilidad_ari_80,0.821559803296636
kmeans,onehot,completo,px,8,estabilidad_ari_80_sd,0.09494086241956003
kmeans,onehot,completo,px,10,estabilidad_ari_80,0.8909058735890852
kmeans,onehot,completo,px,10,estabilidad_ari_80_sd,0.07430158629840794
kmeans,onehot,completo,px,12,estabilidad_ari_80,0.85718439632146
kmeans,onehot,completo,px,12,estabilidad_ari_80_sd,0.06502844781320828
kmeans,onehot,completo,px,16,estabilidad_ari_80,0.7780834612109022
kmeans,onehot,completo,px,16,estabilidad_ari_80_sd,0.05929907397798136
kmeans,onehot,completo,px,20,estabilidad_ari_80,0.775664317168958
kmeans,onehot,completo,px,20,estabilidad_ari_80_sd,0.05878630049820497
kmeans,onehot,completo,px,24,estabilidad_ari_80,0.7464680189511773
kmeans,onehot,completo,px,24,estabilidad_ari_80_sd,0.033294787683905855
kmeans,onehot,completo,px,32,estabilidad_ari_80,0.7422383734619503
kmeans,onehot,completo,px,32,estabilidad_ari_80_sd,0.03599289571394367
kmeans,onehot,completo,px,40,estabilidad_ari_80,0.7251022325774257
kmeans,onehot,completo,px,40,estabilidad_ari_80_sd,0.029623403591686498
kmeans,onehot,completo,px,60,estabilidad_ari_80,0.7282070398566184
kmeans,onehot,completo,px,60,estabilidad_ari_80_sd,0.02954677639446797
kmedoides,pca8,completo,px,2,k_real,2.0
kmedoides,pca8,completo,px,2,ruido_share_px,0.0
kmedoides,pca8,completo,px,2,pseudo_r2,0.20984652091719436
kmedoides,pca8,completo,px,2,pseudo_f,447284.63505468034
kmedoides,pca8,completo,px,2,asw_corr,0.3049906015179496
kmedoides,pca8,completo,px,2,nmi_estados,0.3111491172585799
kmedoides,pca8,completo,px,2,nmi_anio_primer_cambio,0.015019194281950327
kmedoides,pca8,completo,px,2,costura_max_share_cluster,0.07828342937383874
kmedoides,pca8,completo,px,2,solo_costura_max_share_cluster,0.06771583426805147
kmedoides,pca8,completo,px,2,clusters_definidos_por_costura,0.0
kmedoides,pca8,completo,px,2,cluster_mayor_share,0.6532749634545025
kmedoides,pca8,completo,px,3,k_real,3.0
kmedoides,pca8,completo,px,3,ruido_share_px,0.0
kmedoides,pca8,completo,px,3,pseudo_r2,0.367562352141626
kmedoides,pca8,completo,px,3,pseudo_f,489414.36994687107
kmedoides,pca8,completo,px,3,asw_corr,0.41721378242053114
kmedoides,pca8,completo,px,3,nmi_estados,0.4007151092613368
kmedoides,pca8,completo,px,3,nmi_anio_primer_cambio,0.0392557063677666
kmedoides,pca8,completo,px,3,costura_max_share_cluster,0.07306723555300593
kmedoides,pca8,completo,px,3,solo_costura_max_share_cluster,0.0630854315498866
kmedoides,pca8,completo,px,3,clusters_definidos_por_costura,0.0
kmedoides,pca8,completo,px,3,cluster_mayor_share,0.43284119125853077
kmedoides,pca8,completo,px,4,k_real,4.0
kmedoides,pca8,completo,px,4,ruido_share_px,0.0
kmedoides,pca8,completo,px,4,pseudo_r2,0.46059721468057857
kmedoides,pca8,completo,px,4,pseudo_f,479380.11499837314
kmedoides,pca8,completo,px,4,asw_corr,0.47552025217151495
kmedoides,pca8,completo,px,4,nmi_estados,0.4797008752222117
kmedoides,pca8,completo,px,4,nmi_anio_primer_cambio,0.04007066849416671
kmedoides,pca8,completo,px,4,costura_max_share_cluster,0.07309102445320076
kmedoides,pca8,completo,px,4,solo_costura_max_share_cluster,0.0634312350614845
kmedoides,pca8,completo,px,4,clusters_definidos_por_costura,0.0
kmedoides,pca8,completo,px,4,cluster_mayor_share,0.329398730081071
kmedoides,pca8,completo,px,5,k_real,5.0
kmedoides,pca8,completo,px,5,ruido_share_px,0.0
kmedoides,pca8,completo,px,5,pseudo_r2,0.5556553660507346
kmedoides,pca8,completo,px,5,pseudo_f,526524.3625308418
kmedoides,pca8,completo,px,5,asw_corr,0.5510231720755472
kmedoides,pca8,completo,px,5,nmi_estados,0.5328310264403724
kmedoides,pca8,completo,px,5,nmi_anio_primer_cambio,0.04417144245619052
kmedoides,pca8,completo,px,5,costura_max_share_cluster,0.0739164648584893
kmedoides,pca8,completo,px,5,solo_costura_max_share_cluster,0.06328859794254248
kmedoides,pca8,completo,px,5,clusters_definidos_por_costura,0.0
kmedoides,pca8,completo,px,5,cluster_mayor_share,0.3312387706462764
kmedoides,pca8,completo,px,6,k_real,6.0
kmedoides,pca8,completo,px,6,ruido_share_px,0.0
kmedoides,pca8,completo,px,6,pseudo_r2,0.6073747056610739
kmedoides,pca8,completo,px,6,pseudo_f,521075.97983360005
kmedoides,pca8,completo,px,6,asw_corr,0.5726418047500463
kmedoides,pca8,completo,px,6,nmi_estados,0.5492700659463065
kmedoides,pca8,completo,px,6,nmi_anio_primer_cambio,0.05278633952866305
kmedoides,pca8,completo,px,6,costura_max_share_cluster,0.0770781028505064
kmedoides,pca8,completo,px,6,solo_costura_max_share_cluster,0.07022083311984424
kmedoides,pca8,completo,px,6,clusters_definidos_por_costura,0.0
kmedoides,pca8,completo,px,6,cluster_mayor_share,0.3312969584408521
kmedoides,pca8,completo,px,8,k_real,8.0
kmedoides,pca8,completo,px,8,ruido_share_px,0.0
kmedoides,pca8,completo,px,8,pseudo_r2,0.6515824217403663
kmedoides,pca8,completo,px,8,pseudo_f,449949.0896945834
kmedoides,pca8,completo,px,8,asw_corr,0.49968802537935847
kmedoides,pca8,completo,px,8,nmi_estados,0.5628583955445667
kmedoides,pca8,completo,px,8,nmi_anio_primer_cambio,0.1537735377335913
kmedoides,pca8,completo,px,8,costura_max_share_cluster,0.24814948239884177
kmedoides,pca8,completo,px,8,solo_costura_max_share_cluster,0.212267453320736
kmedoides,pca8,completo,px,8,clusters_definidos_por_costura,0.0
kmedoides,pca8,completo,px,8,cluster_mayor_share,0.2456569936385303
kmedoides,pca8,completo,px,10,k_real,10.0
kmedoides,pca8,completo,px,10,ruido_share_px,0.0
kmedoides,pca8,completo,px,10,pseudo_r2,0.7049270527474345
kmedoides,pca8,completo,px,10,pseudo_f,447058.00299182895
kmedoides,pca8,completo,px,10,asw_corr,0.49634880205005283
kmedoides,pca8,completo,px,10,nmi_estados,0.6155596441193933
kmedoides,pca8,completo,px,10,nmi_anio_primer_cambio,0.16895819269284335
kmedoides,pca8,completo,px,10,costura_max_share_cluster,0.2743183464603339
kmedoides,pca8,completo,px,10,solo_costura_max_share_cluster,0.23635536922578954
kmedoides,pca8,completo,px,10,clusters_definidos_por_costura,0.0
kmedoides,pca8,completo,px,10,cluster_mayor_share,0.2116806653833685
kmedoides,pca8,completo,px,12,k_real,12.0
kmedoides,pca8,completo,px,12,ruido_share_px,0.0
kmedoides,pca8,completo,px,12,pseudo_r2,0.7214147040429838
kmedoides,pca8,completo,px,12,pseudo_f,396483.5735263118
kmedoides,pca8,completo,px,12,asw_corr,0.4209441107027493
kmedoides,pca8,completo,px,12,nmi_estados,0.6017422528636333
kmedoides,pca8,completo,px,12,nmi_anio_primer_cambio,0.21700988154324913
kmedoides,pca8,completo,px,12,costura_max_share_cluster,0.2921324338077182
kmedoides,pca8,completo,px,12,solo_costura_max_share_cluster,0.2517112325798986
kmedoides,pca8,completo,px,12,clusters_definidos_por_costura,0.0
kmedoides,pca8,completo,px,12,cluster_mayor_share,0.14620395890754198
kmedoides,pca8,completo,px,16,k_real,16.0
kmedoides,pca8,completo,px,16,ruido_share_px,0.0
kmedoides,pca8,completo,px,16,pseudo_r2,0.757230406635907
kmedoides,pca8,completo,px,16,pseudo_f,350213.2294681151
kmedoides,pca8,completo,px,16,asw_corr,0.4109799319207484
kmedoides,pca8,completo,px,16,nmi_estados,0.6376420390877113
kmedoides,pca8,completo,px,16,nmi_anio_primer_cambio,0.26667794176631376
kmedoides,pca8,completo,px,16,costura_max_share_cluster,0.45385914627904594
kmedoides,pca8,completo,px,16,solo_costura_max_share_cluster,0.39242757702937864
kmedoides,pca8,completo,px,16,clusters_definidos_por_costura,0.0
kmedoides,pca8,completo,px,16,cluster_mayor_share,0.12137795822591352
kmedoides,pca8,completo,px,20,k_real,20.0
kmedoides,pca8,completo,px,20,ruido_share_px,0.0
kmedoides,pca8,completo,px,20,pseudo_r2,0.7881789450132646
kmedoides,pca8,completo,px,20,pseudo_f,329830.73528079124
kmedoides,pca8,completo,px,20,asw_corr,0.4345278046713856
kmedoides,pca8,completo,px,20,nmi_estados,0.6259405993640099
kmedoides,pca8,completo,px,20,nmi_anio_primer_cambio,0.30439219192550726
kmedoides,pca8,completo,px,20,costura_max_share_cluster,0.35064397560086324
kmedoides,pca8,completo,px,20,solo_costura_max_share_cluster,0.3045074087740081
kmedoides,pca8,completo,px,20,clusters_definidos_por_costura,0.0
kmedoides,pca8,completo,px,20,cluster_mayor_share,0.14009364672408653
kmedoides,pca8,completo,px,24,k_real,24.0
kmedoides,pca8,completo,px,24,ruido_share_px,0.0
kmedoides,pca8,completo,px,24,pseudo_r2,0.8061362330614593
kmedoides,pca8,completo,px,24,pseudo_f,304489.23873868276
kmedoides,pca8,completo,px,24,asw_corr,0.432133525490674
kmedoides,pca8,completo,px,24,nmi_estados,0.6497278051874702
kmedoides,pca8,completo,px,24,nmi_anio_primer_cambio,0.3163854433293247
kmedoides,pca8,completo,px,24,costura_max_share_cluster,0.4838626461820683
kmedoides,pca8,completo,px,24,solo_costura_max_share_cluster,0.449438202247191
kmedoides,pca8,completo,px,24,clusters_definidos_por_costura,0.0
kmedoides,pca8,completo,px,24,cluster_mayor_share,0.11814497310892637
kmedoides,pca8,completo,px,32,k_real,32.0
kmedoides,pca8,completo,px,32,ruido_share_px,0.0
kmedoides,pca8,completo,px,32,pseudo_r2,0.8374536237086699
kmedoides,pca8,completo,px,32,pseudo_f,279903.09926421545
kmedoides,pca8,completo,px,32,asw_corr,0.4297951351841631
kmedoides,pca8,completo,px,32,nmi_estados,0.6419969447758788
kmedoides,pca8,completo,px,32,nmi_anio_primer_cambio,0.39356465580180144
kmedoides,pca8,completo,px,32,costura_max_share_cluster,0.6359232011483941
kmedoides,pca8,completo,px,32,solo_costura_max_share_cluster,0.5503140139960524
kmedoides,pca8,completo,px,32,clusters_definidos_por_costura,0.0
kmedoides,pca8,completo,px,32,cluster_mayor_share,0.07247230439104098
kmedoides,pca8,completo,px,40,k_real,40.0
kmedoides,pca8,completo,px,40,ruido_share_px,0.0
kmedoides,pca8,completo,px,40,pseudo_r2,0.8490282977063914
kmedoides,pca8,completo,px,40,pseudo_f,242854.3407257855
kmedoides,pca8,completo,px,40,asw_corr,0.45274803337243474
kmedoides,pca8,completo,px,40,nmi_estados,0.6601001060614939
kmedoides,pca8,completo,px,40,nmi_anio_primer_cambio,0.3952617349802497
kmedoides,pca8,completo,px,40,costura_max_share_cluster,0.7967992468816192
kmedoides,pca8,completo,px,40,solo_costura_max_share_cluster,0.7380560131795717
kmedoides,pca8,completo,px,40,clusters_definidos_por_costura,0.0
kmedoides,pca8,completo,px,40,cluster_mayor_share,0.085549120592423
kmedoides,pca8,completo,px,60,k_real,60.0
kmedoides,pca8,completo,px,60,ruido_share_px,0.0
kmedoides,pca8,completo,px,60,pseudo_r2,0.8805630565155707
kmedoides,pca8,completo,px,60,pseudo_f,210449.77954534994
kmedoides,pca8,completo,px,60,asw_corr,0.45436862044275933
kmedoides,pca8,completo,px,60,nmi_estados,0.6615990965413255
kmedoides,pca8,completo,px,60,nmi_anio_primer_cambio,0.4604141836122988
kmedoides,pca8,completo,px,60,costura_max_share_cluster,0.7980439764914112
kmedoides,pca8,completo,px,60,solo_costura_max_share_cluster,0.6959313803353832
kmedoides,pca8,completo,px,60,clusters_definidos_por_costura,0.0
kmedoides,pca8,completo,px,60,cluster_mayor_share,0.06169984360545825
kmedoides,pca8,completo,px,2,estabilidad_ari_80,0.10642569014408103
kmedoides,pca8,completo,px,2,estabilidad_ari_80_sd,0.25063988203606885
kmedoides,pca8,completo,px,3,estabilidad_ari_80,0.9508064880666263
kmedoides,pca8,completo,px,3,estabilidad_ari_80_sd,0.14604572636272095
kmedoides,pca8,completo,px,4,estabilidad_ari_80,0.8249875201941567
kmedoides,pca8,completo,px,4,estabilidad_ari_80_sd,0.05833749371141158
kmedoides,pca8,completo,px,5,estabilidad_ari_80,0.9382479311341017
kmedoides,pca8,completo,px,5,estabilidad_ari_80_sd,0.06492072017434333
kmedoides,pca8,completo,px,6,estabilidad_ari_80,0.9731149438265334
kmedoides,pca8,completo,px,6,estabilidad_ari_80_sd,0.07146636838925335
kmedoides,pca8,completo,px,8,estabilidad_ari_80,0.8190367087813776
kmedoides,pca8,completo,px,8,estabilidad_ari_80_sd,0.09201496202611362
kmedoides,pca8,completo,px,10,estabilidad_ari_80,0.8541933541343292
kmedoides,pca8,completo,px,10,estabilidad_ari_80_sd,0.06456310109526028
kmedoides,pca8,completo,px,12,estabilidad_ari_80,0.8128591912208641
kmedoides,pca8,completo,px,12,estabilidad_ari_80_sd,0.05554801338797723
kmedoides,pca8,completo,px,16,estabilidad_ari_80,0.7038374310413105
kmedoides,pca8,completo,px,16,estabilidad_ari_80_sd,0.06910817934969284
kmedoides,pca8,completo,px,20,estabilidad_ari_80,0.6923688774799273
kmedoides,pca8,completo,px,20,estabilidad_ari_80_sd,0.03072263104367777
kmedoides,pca8,completo,px,24,estabilidad_ari_80,0.7978015334368952
kmedoides,pca8,completo,px,24,estabilidad_ari_80_sd,0.036639900390448794
kmedoides,pca8,completo,px,32,estabilidad_ari_80,0.7923547084565093
kmedoides,pca8,completo,px,32,estabilidad_ari_80_sd,0.041473673280660095
kmedoides,pca8,completo,px,40,estabilidad_ari_80,0.770841832610751
kmedoides,pca8,completo,px,40,estabilidad_ari_80_sd,0.06533348624763874
kmedoides,pca8,completo,px,60,estabilidad_ari_80,0.6999975838940723
kmedoides,pca8,completo,px,60,estabilidad_ari_80_sd,0.05245354070512607
ward,pca8,completo,px,2,k_real,2.0
ward,pca8,completo,px,2,ruido_share_px,0.0
ward,pca8,completo,px,2,pseudo_r2,0.20753252817460222
ward,pca8,completo,px,2,pseudo_f,441060.73293652514
ward,pca8,completo,px,2,asw_corr,0.2990486248094364
ward,pca8,completo,px,2,nmi_estados,0.30287046051628613
ward,pca8,completo,px,2,nmi_anio_primer_cambio,0.012855367627848014
ward,pca8,completo,px,2,costura_max_share_cluster,0.07224148028554696
ward,pca8,completo,px,2,solo_costura_max_share_cluster,0.06188961172578628
ward,pca8,completo,px,2,clusters_definidos_por_costura,0.0
ward,pca8,completo,px,2,cluster_mayor_share,0.6623961971307479
ward,pca8,completo,px,3,k_real,3.0
ward,pca8,completo,px,3,ruido_share_px,0.0
ward,pca8,completo,px,3,pseudo_r2,0.36372648340947356
ward,pca8,completo,px,3,pseudo_f,481387.1422107158
ward,pca8,completo,px,3,asw_corr,0.41510304591223013
ward,pca8,completo,px,3,nmi_estados,0.42332677419552445
ward,pca8,completo,px,3,nmi_anio_primer_cambio,0.036756908378149385
ward,pca8,completo,px,3,costura_max_share_cluster,0.07668313482939068
ward,pca8,completo,px,3,solo_costura_max_share_cluster,0.06842373946832164
ward,pca8,completo,px,3,clusters_definidos_por_costura,0.0
ward,pca8,completo,px,3,cluster_mayor_share,0.4221993561342404
ward,pca8,completo,px,4,k_real,4.0
ward,pca8,completo,px,4,ruido_share_px,0.0
ward,pca8,completo,px,4,pseudo_r2,0.4727707299193663
ward,pca8,completo,px,4,pseudo_f,503411.3006579731
ward,pca8,completo,px,4,asw_corr,0.48900409524907534
ward,pca8,completo,px,4,nmi_estados,0.5159043430078548
ward,pca8,completo,px,4,nmi_anio_primer_cambio,0.038400435077788724
ward,pca8,completo,px,4,costura_max_share_cluster,0.09019602838327632
ward,pca8,completo,px,4,solo_costura_max_share_cluster,0.08298024401449794
ward,pca8,completo,px,4,clusters_definidos_por_costura,0.0
ward,pca8,completo,px,4,cluster_mayor_share,0.337603802869252
ward,pca8,completo,px,5,k_real,5.0
ward,pca8,completo,px,5,ruido_share_px,0.0
ward,pca8,completo,px,5,pseudo_r2,0.5393512738707205
ward,pca8,completo,px,5,pseudo_f,492986.16596212704
ward,pca8,completo,px,5,asw_corr,0.5247244847891619
ward,pca8,completo,px,5,nmi_estados,0.548150951005434
ward,pca8,completo,px,5,nmi_anio_primer_cambio,0.04653205338011037
ward,pca8,completo,px,5,costura_max_share_cluster,0.1066541719997562
ward,pca8,completo,px,5,solo_costura_max_share_cluster,0.09821265313585664
ward,pca8,completo,px,5,clusters_definidos_por_costura,0.0
ward,pca8,completo,px,5,cluster_mayor_share,0.337603802869252
ward,pca8,completo,px,6,k_real,6.0
ward,pca8,completo,px,6,ruido_share_px,0.0
ward,pca8,completo,px,6,pseudo_r2,0.5904357836720864
ward,pca8,completo,px,6,pseudo_f,485593.97792761715
ward,pca8,completo,px,6,asw_corr,0.5435661228525486
ward,pca8,completo,px,6,nmi_estados,0.5606086416528796
ward,pca8,completo,px,6,nmi_anio_primer_cambio,0.05751469592733861
ward,pca8,completo,px,6,costura_max_share_cluster,0.1066541719997562
ward,pca8,completo,px,6,solo_costura_max_share_cluster,0.09821265313585664
ward,pca8,completo,px,6,clusters_definidos_por_costura,0.0
ward,pca8,completo,px,6,cluster_mayor_share,0.337603802869252
ward,pca8,completo,px,8,k_real,8.0
ward,pca8,completo,px,8,ruido_share_px,0.0
ward,pca8,completo,px,8,pseudo_r2,0.6426235532408008
ward,pca8,completo,px,8,pseudo_f,432638.12568411307
ward,pca8,completo,px,8,asw_corr,0.46516759004027974
ward,pca8,completo,px,8,nmi_estados,0.5661741021434065
ward,pca8,completo,px,8,nmi_anio_primer_cambio,0.15933997628885868
ward,pca8,completo,px,8,costura_max_share_cluster,0.14721431122026843
ward,pca8,completo,px,8,solo_costura_max_share_cluster,0.14064745381861887
ward,pca8,completo,px,8,clusters_definidos_por_costura,0.0
ward,pca8,completo,px,8,cluster_mayor_share,0.24019684099650754
ward,pca8,completo,px,10,k_real,10.0
ward,pca8,completo,px,10,ruido_share_px,0.0
ward,pca8,completo,px,10,pseudo_r2,0.6874735329806109
ward,pca8,completo,px,10,pseudo_f,411640.66501138534
ward,pca8,completo,px,10,asw_corr,0.49217095711639086
ward,pca8,completo,px,10,nmi_estados,0.6041124938370274
ward,pca8,completo,px,10,nmi_anio_primer_cambio,0.18353053237499292
ward,pca8,completo,px,10,costura_max_share_cluster,0.3254196772966806
ward,pca8,completo,px,10,solo_costura_max_share_cluster,0.27769326886510565
ward,pca8,completo,px,10,clusters_definidos_por_costura,0.0
ward,pca8,completo,px,10,cluster_mayor_share,0.24019684099650754
ward,pca8,completo,px,12,k_real,12.0
ward,pca8,completo,px,12,ruido_share_px,0.0
ward,pca8,completo,px,12,pseudo_r2,0.7143681865085288
ward,pca8,completo,px,12,pseudo_f,382925.18206603255
ward,pca8,completo,px,12,asw_corr,0.42618002621896217
ward,pca8,completo,px,12,nmi_estados,0.6240652508097297
ward,pca8,completo,px,12,nmi_anio_primer_cambio,0.20503384999206045
ward,pca8,completo,px,12,costura_max_share_cluster,0.3254196772966806
ward,pca8,completo,px,12,solo_costura_max_share_cluster,0.27769326886510565
ward,pca8,completo,px,12,clusters_definidos_por_costura,0.0
ward,pca8,completo,px,12,cluster_mayor_share,0.1553709115652398
ward,pca8,completo,px,16,k_real,16.0
ward,pca8,completo,px,16,ruido_share_px,0.0
ward,pca8,completo,px,16,pseudo_r2,0.7554467520797711
ward,pca8,completo,px,16,pseudo_f,346840.03161368443
ward,pca8,completo,px,16,asw_corr,0.395251246995006
ward,pca8,completo,px,16,nmi_estados,0.6319668445940791
ward,pca8,completo,px,16,nmi_anio_primer_cambio,0.26358248526839534
ward,pca8,completo,px,16,costura_max_share_cluster,0.36943048387460276
ward,pca8,completo,px,16,solo_costura_max_share_cluster,0.35338396700547653
ward,pca8,completo,px,16,clusters_definidos_por_costura,0.0
ward,pca8,completo,px,16,cluster_mayor_share,0.13899223489818918
ward,pca8,completo,px,20,k_real,20.0
ward,pca8,completo,px,20,ruido_share_px,0.0
ward,pca8,completo,px,20,pseudo_r2,0.7810871030348208
ward,pca8,completo,px,20,pseudo_f,316274.0349677297
ward,pca8,completo,px,20,asw_corr,0.43060478867485125
ward,pca8,completo,px,20,nmi_estados,0.645385588449986
ward,pca8,completo,px,20,nmi_anio_primer_cambio,0.29075908566594577
ward,pca8,completo,px,20,costura_max_share_cluster,0.36943048387460276
ward,pca8,completo,px,20,solo_costura_max_share_cluster,0.35338396700547653
ward,pca8,completo,px,20,clusters_definidos_por_costura,0.0
ward,pca8,completo,px,20,cluster_mayor_share,0.11665762182921051
ward,pca8,completo,px,24,k_real,24.0
ward,pca8,completo,px,24,ruido_share_px,0.0
ward,pca8,completo,px,24,pseudo_r2,0.8033061374271622
ward,pca8,completo,px,24,pseudo_f,299054.560842654
ward,pca8,completo,px,24,asw_corr,0.4123729372972594
ward,pca8,completo,px,24,nmi_estados,0.6400569207191074
ward,pca8,completo,px,24,nmi_anio_primer_cambio,0.3325488446058351
ward,pca8,completo,px,24,costura_max_share_cluster,0.36943048387460276
ward,pca8,completo,px,24,solo_costura_max_share_cluster,0.35338396700547653
ward,pca8,completo,px,24,clusters_definidos_por_costura,0.0
ward,pca8,completo,px,24,cluster_mayor_share,0.08855826082619543
ward,pca8,completo,px,32,k_real,32.0
ward,pca8,completo,px,32,ruido_share_px,0.0
ward,pca8,completo,px,32,pseudo_r2,0.8292979862540777
ward,pca8,completo,px,32,pseudo_f,263934.52257316245
ward,pca8,completo,px,32,asw_corr,0.4289696136504533
ward,pca8,completo,px,32,nmi_estados,0.650147461829595
ward,pca8,completo,px,32,nmi_anio_primer_cambio,0.3689321069082573
ward,pca8,completo,px,32,costura_max_share_cluster,0.5754203671850318
ward,pca8,completo,px,32,solo_costura_max_share_cluster,0.5504265103380489
ward,pca8,completo,px,32,clusters_definidos_por_costura,0.0
ward,pca8,completo,px,32,cluster_mayor_share,0.08855826082619543
ward,pca8,completo,px,40,k_real,40.0
ward,pca8,completo,px,40,ruido_share_px,0.0
ward,pca8,completo,px,40,pseudo_r2,0.849037211817121
ward,pca8,completo,px,40,pseudo_f,242871.2308102422
ward,pca8,completo,px,40,asw_corr,0.42597441024055194
ward,pca8,completo,px,40,nmi_estados,0.6395823886704307
ward,pca8,completo,px,40,nmi_anio_primer_cambio,0.4156477791667458
ward,pca8,completo,px,40,costura_max_share_cluster,0.5754203671850318
ward,pca8,completo,px,40,solo_costura_max_share_cluster,0.5504265103380489
ward,pca8,completo,px,40,clusters_definidos_por_costura,0.0
ward,pca8,completo,px,40,cluster_mayor_share,0.08855826082619543
ward,pca8,completo,px,60,k_real,60.0
ward,pca8,completo,px,60,ruido_share_px,0.0
ward,pca8,completo,px,60,pseudo_r2,0.8800458358485976
ward,pca8,completo,px,60,pseudo_f,209419.27821852965
ward,pca8,completo,px,60,asw_corr,0.48282106921212176
ward,pca8,completo,px,60,nmi_estados,0.6616889328307298
ward,pca8,completo,px,60,nmi_anio_primer_cambio,0.4627090520918429
ward,pca8,completo,px,60,costura_max_share_cluster,0.633055566372026
ward,pca8,completo,px,60,solo_costura_max_share_cluster,0.5971145983411861
ward,pca8,completo,px,60,clusters_definidos_por_costura,0.0
ward,pca8,completo,px,60,cluster_mayor_share,0.07180195724740857
ward,pca8,completo,px,2,estabilidad_ari_80,0.8861819044905157
ward,pca8,completo,px,2,estabilidad_ari_80_sd,0.2880664549154787
ward,pca8,completo,px,3,estabilidad_ari_80,0.9478037082968763
ward,pca8,completo,px,3,estabilidad_ari_80_sd,0.04276129535094513
ward,pca8,completo,px,4,estabilidad_ari_80,0.9552585788915076
ward,pca8,completo,px,4,estabilidad_ari_80_sd,0.03480640389094435
ward,pca8,completo,px,5,estabilidad_ari_80,0.9563906252340455
ward,pca8,completo,px,5,estabilidad_ari_80_sd,0.03185926222414539
ward,pca8,completo,px,6,estabilidad_ari_80,0.95614067628571
ward,pca8,completo,px,6,estabilidad_ari_80_sd,0.032487860828749535
ward,pca8,completo,px,8,estabilidad_ari_80,0.9386159366926391
ward,pca8,completo,px,8,estabilidad_ari_80_sd,0.04238890577323706
ward,pca8,completo,px,10,estabilidad_ari_80,0.9148057865583807
ward,pca8,completo,px,10,estabilidad_ari_80_sd,0.0606246733811649
ward,pca8,completo,px,12,estabilidad_ari_80,0.8760495584904737
ward,pca8,completo,px,12,estabilidad_ari_80_sd,0.07759580344193362
ward,pca8,completo,px,16,estabilidad_ari_80,0.8572952452161436
ward,pca8,completo,px,16,estabilidad_ari_80_sd,0.03947945737238229
ward,pca8,completo,px,20,estabilidad_ari_80,0.8880357336582592
ward,pca8,completo,px,20,estabilidad_ari_80_sd,0.0462727467649953
ward,pca8,completo,px,24,estabilidad_ari_80,0.9178137450049043
ward,pca8,completo,px,24,estabilidad_ari_80_sd,0.032399554328548075
ward,pca8,completo,px,32,estabilidad_ari_80,0.9370909787505506
ward,pca8,completo,px,32,estabilidad_ari_80_sd,0.020320095018349877
ward,pca8,completo,px,40,estabilidad_ari_80,0.919606821247112
ward,pca8,completo,px,40,estabilidad_ari_80_sd,0.02158471199827937
ward,pca8,completo,px,60,estabilidad_ari_80,0.9588456984797986
ward,pca8,completo,px,60,estabilidad_ari_80_sd,0.013908292567797867
kmeans,pca8,completo,px,2,k_real,2.0
kmeans,pca8,completo,px,2,ruido_share_px,0.0
kmeans,pca8,completo,px,2,pseudo_r2,0.20592443529111415
kmeans,pca8,completo,px,2,pseudo_f,436756.83943812153
kmeans,pca8,completo,px,2,asw_corr,0.33053516050044024
kmeans,pca8,completo,px,2,nmi_estados,0.34392640244666234
kmeans,pca8,completo,px,2,nmi_anio_primer_cambio,0.02286176054161995
kmeans,pca8,completo,px,2,costura_max_share_cluster,0.06324607129045764
kmeans,pca8,completo,px,2,solo_costura_max_share_cluster,0.05446100693856288
kmeans,pca8,completo,px,2,clusters_definidos_por_costura,0.0
kmeans,pca8,completo,px,2,cluster_mayor_share,0.7431151370203811
kmeans,pca8,completo,px,3,k_real,3.0
kmeans,pca8,completo,px,3,ruido_share_px,0.0
kmeans,pca8,completo,px,3,pseudo_r2,0.374843134461069
kmeans,pca8,completo,px,3,pseudo_f,504921.6180901749
kmeans,pca8,completo,px,3,asw_corr,0.43650274496744723
kmeans,pca8,completo,px,3,nmi_estados,0.4254544453730488
kmeans,pca8,completo,px,3,nmi_anio_primer_cambio,0.03319875958991254
kmeans,pca8,completo,px,3,costura_max_share_cluster,0.07114641625807792
kmeans,pca8,completo,px,3,solo_costura_max_share_cluster,0.060967792234792706
kmeans,pca8,completo,px,3,clusters_definidos_por_costura,0.0
kmeans,pca8,completo,px,3,cluster_mayor_share,0.4043630158377677
kmeans,pca8,completo,px,4,k_real,4.0
kmeans,pca8,completo,px,4,ruido_share_px,0.0
kmeans,pca8,completo,px,4,pseudo_r2,0.4826925666865264
kmeans,pca8,completo,px,4,pseudo_f,523834.12201727094
kmeans,pca8,completo,px,4,asw_corr,0.49520973251804834
kmeans,pca8,completo,px,4,nmi_estados,0.491240697073465
kmeans,pca8,completo,px,4,nmi_anio_primer_cambio,0.040055789067223714
kmeans,pca8,completo,px,4,costura_max_share_cluster,0.07249679331239772
kmeans,pca8,completo,px,4,solo_costura_max_share_cluster,0.062258392675483214
kmeans,pca8,completo,px,4,clusters_definidos_por_costura,0.0
kmeans,pca8,completo,px,4,cluster_mayor_share,0.3356040427454664
kmeans,pca8,completo,px,5,k_real,5.0
kmeans,pca8,completo,px,5,ruido_share_px,0.0
kmeans,pca8,completo,px,5,pseudo_r2,0.5552475820488894
kmeans,pca8,completo,px,5,pseudo_f,525655.5525049383
kmeans,pca8,completo,px,5,asw_corr,0.5516044583737282
kmeans,pca8,completo,px,5,nmi_estados,0.5387524242919882
kmeans,pca8,completo,px,5,nmi_anio_primer_cambio,0.04296885704465167
kmeans,pca8,completo,px,5,costura_max_share_cluster,0.07647677992505579
kmeans,pca8,completo,px,5,solo_costura_max_share_cluster,0.06924340027788303
kmeans,pca8,completo,px,5,clusters_definidos_por_costura,0.0
kmeans,pca8,completo,px,5,cluster_mayor_share,0.336339702719745
kmeans,pca8,completo,px,6,k_real,6.0
kmeans,pca8,completo,px,6,ruido_share_px,0.0
kmeans,pca8,completo,px,6,pseudo_r2,0.6070206468439873
kmeans,pca8,completo,px,6,pseudo_f,520303.0322695791
kmeans,pca8,completo,px,6,asw_corr,0.5738108472119491
kmeans,pca8,completo,px,6,nmi_estados,0.5551774134447877
kmeans,pca8,completo,px,6,nmi_anio_primer_cambio,0.051694809422175456
kmeans,pca8,completo,px,6,costura_max_share_cluster,0.07649333906317146
kmeans,pca8,completo,px,6,solo_costura_max_share_cluster,0.06928891023534467
kmeans,pca8,completo,px,6,clusters_definidos_por_costura,0.0
kmeans,pca8,completo,px,6,cluster_mayor_share,0.33614020170977116
kmeans,pca8,completo,px,8,k_real,8.0
kmeans,pca8,completo,px,8,ruido_share_px,0.0
kmeans,pca8,completo,px,8,pseudo_r2,0.6673596806810007
kmeans,pca8,completo,px,8,pseudo_f,482702.0593233729
kmeans,pca8,completo,px,8,asw_corr,0.5253195350737841
kmeans,pca8,completo,px,8,nmi_estados,0.575779147186403
kmeans,pca8,completo,px,8,nmi_anio_primer_cambio,0.11695145237192481
kmeans,pca8,completo,px,8,costura_max_share_cluster,0.15153168981178625
kmeans,pca8,completo,px,8,solo_costura_max_share_cluster,0.1315440255686597
kmeans,pca8,completo,px,8,clusters_definidos_por_costura,0.0
kmeans,pca8,completo,px,8,cluster_mayor_share,0.25522591708120523
kmeans,pca8,completo,px,10,k_real,10.0
kmeans,pca8,completo,px,10,ruido_share_px,0.0
kmeans,pca8,completo,px,10,pseudo_r2,0.6915307541549891
kmeans,pca8,completo,px,10,pseudo_f,419516.18249345256
kmeans,pca8,completo,px,10,asw_corr,0.41059359424927616
kmeans,pca8,completo,px,10,nmi_estados,0.5872542005373651
kmeans,pca8,completo,px,10,nmi_anio_primer_cambio,0.17827637013710354
kmeans,pca8,completo,px,10,costura_max_share_cluster,0.154470888799247
kmeans,pca8,completo,px,10,solo_costura_max_share_cluster,0.1351927620584337
kmeans,pca8,completo,px,10,clusters_definidos_por_costura,0.0
kmeans,pca8,completo,px,10,cluster_mayor_share,0.19247275564332544
kmeans,pca8,completo,px,12,k_real,12.0
kmeans,pca8,completo,px,12,ruido_share_px,0.0
kmeans,pca8,completo,px,12,pseudo_r2,0.7257767856547217
kmeans,pca8,completo,px,12,pseudo_f,405225.9555149223
kmeans,pca8,completo,px,12,asw_corr,0.4415198065309268
kmeans,pca8,completo,px,12,nmi_estados,0.6128651790470165
kmeans,pca8,completo,px,12,nmi_anio_primer_cambio,0.2077587285597653
kmeans,pca8,completo,px,12,costura_max_share_cluster,0.3478673078426773
kmeans,pca8,completo,px,12,solo_costura_max_share_cluster,0.2997595589960122
kmeans,pca8,completo,px,12,clusters_definidos_por_costura,0.0
kmeans,pca8,completo,px,12,cluster_mayor_share,0.1456725499672842
kmeans,pca8,completo,px,16,k_real,16.0
kmeans,pca8,completo,px,16,ruido_share_px,0.0
kmeans,pca8,completo,px,16,pseudo_r2,0.765621042062415
kmeans,pca8,completo,px,16,pseudo_f,366770.1946435851
kmeans,pca8,completo,px,16,asw_corr,0.45533527035325483
kmeans,pca8,completo,px,16,nmi_estados,0.6233878489320204
kmeans,pca8,completo,px,16,nmi_anio_primer_cambio,0.2658749799712772
kmeans,pca8,completo,px,16,costura_max_share_cluster,0.3396548677778432
kmeans,pca8,completo,px,16,solo_costura_max_share_cluster,0.30783124251526395
kmeans,pca8,completo,px,16,clusters_definidos_por_costura,0.0
kmeans,pca8,completo,px,16,cluster_mayor_share,0.155781788645305
kmeans,pca8,completo,px,20,k_real,20.0
kmeans,pca8,completo,px,20,ruido_share_px,0.0
kmeans,pca8,completo,px,20,pseudo_r2,0.792444176414059
kmeans,pca8,completo,px,20,pseudo_f,338430.25047764194
kmeans,pca8,completo,px,20,asw_corr,0.42467354332738994
kmeans,pca8,completo,px,20,nmi_estados,0.6364357966128202
kmeans,pca8,completo,px,20,nmi_anio_primer_cambio,0.30302103861059837
kmeans,pca8,completo,px,20,costura_max_share_cluster,0.4192403981917633
kmeans,pca8,completo,px,20,solo_costura_max_share_cluster,0.3638898446862282
kmeans,pca8,completo,px,20,clusters_definidos_por_costura,0.0
kmeans,pca8,completo,px,20,cluster_mayor_share,0.12509900831372958
kmeans,pca8,completo,px,24,k_real,24.0
kmeans,pca8,completo,px,24,ruido_share_px,0.0
kmeans,pca8,completo,px,24,pseudo_r2,0.8160581480780194
kmeans,pca8,completo,px,24,pseudo_f,324863.3397511174
kmeans,pca8,completo,px,24,asw_corr,0.4472555835654024
kmeans,pca8,completo,px,24,nmi_estados,0.6482811991725851
kmeans,pca8,completo,px,24,nmi_anio_primer_cambio,0.33305074000993623
kmeans,pca8,completo,px,24,costura_max_share_cluster,0.4105359713900887
kmeans,pca8,completo,px,24,solo_costura_max_share_cluster,0.35610282847986624
kmeans,pca8,completo,px,24,clusters_definidos_por_costura,0.0
kmeans,pca8,completo,px,24,cluster_mayor_share,0.08461514711418226
kmeans,pca8,completo,px,32,k_real,32.0
kmeans,pca8,completo,px,32,ruido_share_px,0.0
kmeans,pca8,completo,px,32,pseudo_r2,0.8432238066887325
kmeans,pca8,completo,px,32,pseudo_f,292204.5522585664
kmeans,pca8,completo,px,32,asw_corr,0.47573396452425615
kmeans,pca8,completo,px,32,nmi_estados,0.6393329149864634
kmeans,pca8,completo,px,32,nmi_anio_primer_cambio,0.3944262143234152
kmeans,pca8,completo,px,32,costura_max_share_cluster,0.6000236902666847
kmeans,pca8,completo,px,32,solo_costura_max_share_cluster,0.5189691349668336
kmeans,pca8,completo,px,32,clusters_definidos_por_costura,0.0
kmeans,pca8,completo,px,32,cluster_mayor_share,0.08423277017839903
kmeans,pca8,completo,px,40,k_real,40.0
kmeans,pca8,completo,px,40,ruido_share_px,0.0
kmeans,pca8,completo,px,40,pseudo_r2,0.857324871567072
kmeans,pca8,completo,px,40,pseudo_f,259487.479722232
kmeans,pca8,completo,px,40,asw_corr,0.4660709950918475
kmeans,pca8,completo,px,40,nmi_estados,0.647122600163333
kmeans,pca8,completo,px,40,nmi_anio_primer_cambio,0.4217083909609094
kmeans,pca8,completo,px,40,costura_max_share_cluster,0.6355335434488969
kmeans,pca8,completo,px,40,solo_costura_max_share_cluster,0.5523457901846015
kmeans,pca8,completo,px,40,clusters_definidos_por_costura,0.0
kmeans,pca8,completo,px,40,cluster_mayor_share,0.0794964024505374
kmeans,pca8,completo,px,60,k_real,60.0
kmeans,pca8,completo,px,60,ruido_share_px,0.0
kmeans,pca8,completo,px,60,pseudo_r2,0.8845334927962837
kmeans,pca8,completo,px,60,pseudo_f,218667.8567328051
kmeans,pca8,completo,px,60,asw_corr,0.486315864896532
kmeans,pca8,completo,px,60,nmi_estados,0.6556100166264088
kmeans,pca8,completo,px,60,nmi_anio_primer_cambio,0.4702883952196792
kmeans,pca8,completo,px,60,costura_max_share_cluster,0.7813634724059156
kmeans,pca8,completo,px,60,solo_costura_max_share_cluster,0.7375015029457738
kmeans,pca8,completo,px,60,clusters_definidos_por_costura,0.0
kmeans,pca8,completo,px,60,cluster_mayor_share,0.06573380152737024
kmeans,pca8,completo,px,2,estabilidad_ari_80,1.0
kmeans,pca8,completo,px,2,estabilidad_ari_80_sd,0.0
kmeans,pca8,completo,px,3,estabilidad_ari_80,1.0
kmeans,pca8,completo,px,3,estabilidad_ari_80_sd,0.0
kmeans,pca8,completo,px,4,estabilidad_ari_80,0.9999996219661
kmeans,pca8,completo,px,4,estabilidad_ari_80_sd,8.068640882986504e-07
kmeans,pca8,completo,px,5,estabilidad_ari_80,0.9952386542389465
kmeans,pca8,completo,px,5,estabilidad_ari_80_sd,0.00542694857697631
kmeans,pca8,completo,px,6,estabilidad_ari_80,0.9977965137595387
kmeans,pca8,completo,px,6,estabilidad_ari_80_sd,0.00541883744124641
kmeans,pca8,completo,px,8,estabilidad_ari_80,0.9431782031149956
kmeans,pca8,completo,px,8,estabilidad_ari_80_sd,0.03719715371334769
kmeans,pca8,completo,px,10,estabilidad_ari_80,0.8582326319423761
kmeans,pca8,completo,px,10,estabilidad_ari_80_sd,0.0680570103538994
kmeans,pca8,completo,px,12,estabilidad_ari_80,0.9447987158982245
kmeans,pca8,completo,px,12,estabilidad_ari_80_sd,0.06644308212410022
kmeans,pca8,completo,px,16,estabilidad_ari_80,0.794782989031091
kmeans,pca8,completo,px,16,estabilidad_ari_80_sd,0.07645752951670162
kmeans,pca8,completo,px,20,estabilidad_ari_80,0.7583545018550369
kmeans,pca8,completo,px,20,estabilidad_ari_80_sd,0.06447688935408256
kmeans,pca8,completo,px,24,estabilidad_ari_80,0.8014405074807271
kmeans,pca8,completo,px,24,estabilidad_ari_80_sd,0.04167934312067788
kmeans,pca8,completo,px,32,estabilidad_ari_80,0.8121615802304104
kmeans,pca8,completo,px,32,estabilidad_ari_80_sd,0.0530435179066442
kmeans,pca8,completo,px,40,estabilidad_ari_80,0.7604125257127431
kmeans,pca8,completo,px,40,estabilidad_ari_80_sd,0.02943431740519871
kmeans,pca8,completo,px,60,estabilidad_ari_80,0.8483339777310969
kmeans,pca8,completo,px,60,estabilidad_ari_80_sd,0.037412898809980395
kmedoides,ae_d3,completo,px,2,k_real,2.0
kmedoides,ae_d3,completo,px,2,ruido_share_px,0.0
kmedoides,ae_d3,completo,px,2,pseudo_r2,0.1640137027580717
kmedoides,ae_d3,completo,px,2,pseudo_f,330426.32289127674
kmedoides,ae_d3,completo,px,2,asw_corr,0.28745888181871815
kmedoides,ae_d3,completo,px,2,nmi_estados,0.4138182216489682
kmedoides,ae_d3,completo,px,2,nmi_anio_primer_cambio,0.017191812778464398
kmedoides,ae_d3,completo,px,2,costura_max_share_cluster,0.06290441133914412
kmedoides,ae_d3,completo,px,2,solo_costura_max_share_cluster,0.05645263974256578
kmedoides,ae_d3,completo,px,2,clusters_definidos_por_costura,0.0
kmedoides,ae_d3,completo,px,2,cluster_mayor_share,0.5896406725559048
kmedoides,ae_d3,completo,px,3,k_real,3.0
kmedoides,ae_d3,completo,px,3,ruido_share_px,0.0
kmedoides,ae_d3,completo,px,3,pseudo_r2,0.2851401153669815
kmedoides,ae_d3,completo,px,3,pseudo_f,335892.8843849504
kmedoides,ae_d3,completo,px,3,asw_corr,0.35701443608711686
kmedoides,ae_d3,completo,px,3,nmi_estados,0.5204884541123056
kmedoides,ae_d3,completo,px,3,nmi_anio_primer_cambio,0.032168638124836335
kmedoides,ae_d3,completo,px,3,costura_max_share_cluster,0.06054112592995594
kmedoides,ae_d3,completo,px,3,solo_costura_max_share_cluster,0.05430306704887752
kmedoides,ae_d3,completo,px,3,clusters_definidos_por_costura,0.0
kmedoides,ae_d3,completo,px,3,cluster_mayor_share,0.46273428009229295
kmedoides,ae_d3,completo,px,4,k_real,4.0
kmedoides,ae_d3,completo,px,4,ruido_share_px,0.0
kmedoides,ae_d3,completo,px,4,pseudo_r2,0.391311838954171
kmedoides,ae_d3,completo,px,4,pseudo_f,360910.9221655653
kmedoides,ae_d3,completo,px,4,asw_corr,0.43097295941612807
kmedoides,ae_d3,completo,px,4,nmi_estados,0.5728420006289268
kmedoides,ae_d3,completo,px,4,nmi_anio_primer_cambio,0.03944121369970297
kmedoides,ae_d3,completo,px,4,costura_max_share_cluster,0.07446808510638298
kmedoides,ae_d3,completo,px,4,solo_costura_max_share_cluster,0.06590580797331529
kmedoides,ae_d3,completo,px,4,clusters_definidos_por_costura,0.0
kmedoides,ae_d3,completo,px,4,cluster_mayor_share,0.4483333946878106
kmedoides,ae_d3,completo,px,5,k_real,5.0
kmedoides,ae_d3,completo,px,5,ruido_share_px,0.0
kmedoides,ae_d3,completo,px,5,pseudo_r2,0.43847825136272356
kmedoides,ae_d3,completo,px,5,pseudo_f,328786.80002267356
kmedoides,ae_d3,completo,px,5,asw_corr,0.3501518266367174
kmedoides,ae_d3,completo,px,5,nmi_estados,0.5287499024595226
kmedoides,ae_d3,completo,px,5,nmi_anio_primer_cambio,0.09060483619648399
kmedoides,ae_d3,completo,px,5,costura_max_share_cluster,0.11381083006390014
kmedoides,ae_d3,completo,px,5,solo_costura_max_share_cluster,0.09839930677384028
kmedoides,ae_d3,completo,px,5,clusters_definidos_por_costura,0.0
kmedoides,ae_d3,completo,px,5,cluster_mayor_share,0.31237167513160535
kmedoides,ae_d3,completo,px,6,k_real,6.0
kmedoides,ae_d3,completo,px,6,ruido_share_px,0.0
kmedoides,ae_d3,completo,px,6,pseudo_r2,0.5318073263727825
kmedoides,ae_d3,completo,px,6,pseudo_f,382606.487585015
kmedoides,ae_d3,completo,px,6,asw_corr,0.4157566605842767
kmedoides,ae_d3,completo,px,6,nmi_estados,0.5756597918543086
kmedoides,ae_d3,completo,px,6,nmi_anio_primer_cambio,0.08426445665842354
kmedoides,ae_d3,completo,px,6,costura_max_share_cluster,0.11393562791698611
kmedoides,ae_d3,completo,px,6,solo_costura_max_share_cluster,0.09832008500450577
kmedoides,ae_d3,completo,px,6,clusters_definidos_por_costura,0.0
kmedoides,ae_d3,completo,px,6,cluster_mayor_share,0.25755461637024535
kmedoides,ae_d3,completo,px,8,k_real,8.0
kmedoides,ae_d3,completo,px,8,ruido_share_px,0.0
kmedoides,ae_d3,completo,px,8,pseudo_r2,0.5636088223614215
kmedoides,ae_d3,completo,px,8,pseudo_f,310739.09491174325
kmedoides,ae_d3,completo,px,8,asw_corr,0.32075691681501495
kmedoides,ae_d3,completo,px,8,nmi_estados,0.584899772778783
kmedoides,ae_d3,completo,px,8,nmi_anio_primer_cambio,0.1615835323346951
kmedoides,ae_d3,completo,px,8,costura_max_share_cluster,0.26436477987421386
kmedoides,ae_d3,completo,px,8,solo_costura_max_share_cluster,0.2429559748427673
kmedoides,ae_d3,completo,px,8,clusters_definidos_por_costura,0.0
kmedoides,ae_d3,completo,px,8,cluster_mayor_share,0.20923143423413582
kmedoides,ae_d3,completo,px,10,k_real,10.0
kmedoides,ae_d3,completo,px,10,ruido_share_px,0.0
kmedoides,ae_d3,completo,px,10,pseudo_r2,0.620558941274262
kmedoides,ae_d3,completo,px,10,pseudo_f,306046.7730943323
kmedoides,ae_d3,completo,px,10,asw_corr,0.3697502282919448
kmedoides,ae_d3,completo,px,10,nmi_estados,0.6213395764110806
kmedoides,ae_d3,completo,px,10,nmi_anio_primer_cambio,0.16172605664247944
kmedoides,ae_d3,completo,px,10,costura_max_share_cluster,0.36556849435309263
kmedoides,ae_d3,completo,px,10,solo_costura_max_share_cluster,0.3589326467318158
kmedoides,ae_d3,completo,px,10,clusters_definidos_por_costura,0.0
kmedoides,ae_d3,completo,px,10,cluster_mayor_share,0.1915928136886193
kmedoides,ae_d3,completo,px,12,k_real,12.0
kmedoides,ae_d3,completo,px,12,ruido_share_px,0.0
kmedoides,ae_d3,completo,px,12,pseudo_r2,0.6433943991454356
kmedoides,ae_d3,completo,px,12,pseudo_f,276240.6042111897
kmedoides,ae_d3,completo,px,12,asw_corr,0.2918267413645116
kmedoides,ae_d3,completo,px,12,nmi_estados,0.6210551865960728
kmedoides,ae_d3,completo,px,12,nmi_anio_primer_cambio,0.19471999441031607
kmedoides,ae_d3,completo,px,12,costura_max_share_cluster,0.11992471439244067
kmedoides,ae_d3,completo,px,12,solo_costura_max_share_cluster,0.11260494058954483
kmedoides,ae_d3,completo,px,12,clusters_definidos_por_costura,0.0
kmedoides,ae_d3,completo,px,12,cluster_mayor_share,0.18517909371916194
kmedoides,ae_d3,completo,px,16,k_real,16.0
kmedoides,ae_d3,completo,px,16,ruido_share_px,0.0
kmedoides,ae_d3,completo,px,16,pseudo_r2,0.6819064463502772
kmedoides,ae_d3,completo,px,16,pseudo_f,240695.91625394212
kmedoides,ae_d3,completo,px,16,asw_corr,0.30524783955236173
kmedoides,ae_d3,completo,px,16,nmi_estados,0.6627528540131693
kmedoides,ae_d3,completo,px,16,nmi_anio_primer_cambio,0.24946983059212977
kmedoides,ae_d3,completo,px,16,costura_max_share_cluster,0.3414551721807306
kmedoides,ae_d3,completo,px,16,solo_costura_max_share_cluster,0.32636612483525396
kmedoides,ae_d3,completo,px,16,clusters_definidos_por_costura,0.0
kmedoides,ae_d3,completo,px,16,cluster_mayor_share,0.1288069958354164
kmedoides,ae_d3,completo,px,20,k_real,20.0
kmedoides,ae_d3,completo,px,20,ruido_share_px,0.0
kmedoides,ae_d3,completo,px,20,pseudo_r2,0.7239385472811541
kmedoides,ae_d3,completo,px,20,pseudo_f,232450.96497043275
kmedoides,ae_d3,completo,px,20,asw_corr,0.308452325271131
kmedoides,ae_d3,completo,px,20,nmi_estados,0.6971483317190248
kmedoides,ae_d3,completo,px,20,nmi_anio_primer_cambio,0.2543507998071609
kmedoides,ae_d3,completo,px,20,costura_max_share_cluster,0.354700382803298
kmedoides,ae_d3,completo,px,20,solo_costura_max_share_cluster,0.3349896937573616
kmedoides,ae_d3,completo,px,20,clusters_definidos_por_costura,0.0
kmedoides,ae_d3,completo,px,20,cluster_mayor_share,0.1296435938206937
kmedoides,ae_d3,completo,px,24,k_real,24.0
kmedoides,ae_d3,completo,px,24,ruido_share_px,0.0
kmedoides,ae_d3,completo,px,24,pseudo_r2,0.748748024904587
kmedoides,ae_d3,completo,px,24,pseudo_f,218215.88373824174
kmedoides,ae_d3,completo,px,24,asw_corr,0.3266895371959267
kmedoides,ae_d3,completo,px,24,nmi_estados,0.6820072938212252
kmedoides,ae_d3,completo,px,24,nmi_anio_primer_cambio,0.28793489213177925
kmedoides,ae_d3,completo,px,24,costura_max_share_cluster,0.34075137592725535
kmedoides,ae_d3,completo,px,24,solo_costura_max_share_cluster,0.30606747270508816
kmedoides,ae_d3,completo,px,24,clusters_definidos_por_costura,0.0
kmedoides,ae_d3,completo,px,24,cluster_mayor_share,0.12380759552595234
kmedoides,ae_d3,completo,px,32,k_real,32.0
kmedoides,ae_d3,completo,px,32,ruido_share_px,0.0
kmedoides,ae_d3,completo,px,32,pseudo_r2,0.8012306605324298
kmedoides,ae_d3,completo,px,32,pseudo_f,218994.09201794144
kmedoides,ae_d3,completo,px,32,asw_corr,0.3387924672554852
kmedoides,ae_d3,completo,px,32,nmi_estados,0.701703685683554
kmedoides,ae_d3,completo,px,32,nmi_anio_primer_cambio,0.36259140157236425
kmedoides,ae_d3,completo,px,32,costura_max_share_cluster,0.4675525866969869
kmedoides,ae_d3,completo,px,32,solo_costura_max_share_cluster,0.4358868675383741
kmedoides,ae_d3,completo,px,32,clusters_definidos_por_costura,0.0
kmedoides,ae_d3,completo,px,32,cluster_mayor_share,0.06810287602080986
kmedoides,ae_d3,completo,px,40,k_real,40.0
kmedoides,ae_d3,completo,px,40,ruido_share_px,0.0
kmedoides,ae_d3,completo,px,40,pseudo_r2,0.8247009869101904
kmedoides,ae_d3,completo,px,40,pseudo_f,203159.10936689592
kmedoides,ae_d3,completo,px,40,asw_corr,0.3788764125287415
kmedoides,ae_d3,completo,px,40,nmi_estados,0.731227261428008
kmedoides,ae_d3,completo,px,40,nmi_anio_primer_cambio,0.37667256511933195
kmedoides,ae_d3,completo,px,40,costura_max_share_cluster,0.6844975331082835
kmedoides,ae_d3,completo,px,40,solo_costura_max_share_cluster,0.6548948325110361
kmedoides,ae_d3,completo,px,40,clusters_definidos_por_costura,0.0
kmedoides,ae_d3,completo,px,40,cluster_mayor_share,0.07681442012300187
kmedoides,ae_d3,completo,px,60,k_real,60.0
kmedoides,ae_d3,completo,px,60,ruido_share_px,0.0
kmedoides,ae_d3,completo,px,60,pseudo_r2,0.8635105305641175
kmedoides,ae_d3,completo,px,60,pseudo_f,180590.61942137312
kmedoides,ae_d3,completo,px,60,asw_corr,0.44028183065781806
kmedoides,ae_d3,completo,px,60,nmi_estados,0.7239707374026967
kmedoides,ae_d3,completo,px,60,nmi_anio_primer_cambio,0.4493324865468538
kmedoides,ae_d3,completo,px,60,costura_max_share_cluster,0.9980144790298439
kmedoides,ae_d3,completo,px,60,solo_costura_max_share_cluster,0.9368298866725723
kmedoides,ae_d3,completo,px,60,clusters_definidos_por_costura,1.0
kmedoides,ae_d3,completo,px,60,cluster_mayor_share,0.05410871142535159
kmedoides,ae_d3,completo,px,2,estabilidad_ari_80,1.0
kmedoides,ae_d3,completo,px,2,estabilidad_ari_80_sd,0.0
kmedoides,ae_d3,completo,px,3,estabilidad_ari_80,0.9116527987076477
kmedoides,ae_d3,completo,px,3,estabilidad_ari_80_sd,0.1766944025949579
kmedoides,ae_d3,completo,px,4,estabilidad_ari_80,0.898535436622058
kmedoides,ae_d3,completo,px,4,estabilidad_ari_80_sd,0.1945453128484
kmedoides,ae_d3,completo,px,5,estabilidad_ari_80,0.8508831687159703
kmedoides,ae_d3,completo,px,5,estabilidad_ari_80_sd,0.05009130461673637
kmedoides,ae_d3,completo,px,6,estabilidad_ari_80,0.9943434111520999
kmedoides,ae_d3,completo,px,6,estabilidad_ari_80_sd,0.01009901341097868
kmedoides,ae_d3,completo,px,8,estabilidad_ari_80,0.7331826108109892
kmedoides,ae_d3,completo,px,8,estabilidad_ari_80_sd,0.09741356454590552
kmedoides,ae_d3,completo,px,10,estabilidad_ari_80,0.6983894326590153
kmedoides,ae_d3,completo,px,10,estabilidad_ari_80_sd,0.05430571059907951
kmedoides,ae_d3,completo,px,12,estabilidad_ari_80,0.7808395684872552
kmedoides,ae_d3,completo,px,12,estabilidad_ari_80_sd,0.07514268438103071
kmedoides,ae_d3,completo,px,16,estabilidad_ari_80,0.7185262394456217
kmedoides,ae_d3,completo,px,16,estabilidad_ari_80_sd,0.07294775437889234
kmedoides,ae_d3,completo,px,20,estabilidad_ari_80,0.70031257077906
kmedoides,ae_d3,completo,px,20,estabilidad_ari_80_sd,0.09062963478624692
kmedoides,ae_d3,completo,px,24,estabilidad_ari_80,0.707388405745405
kmedoides,ae_d3,completo,px,24,estabilidad_ari_80_sd,0.05519664253619299
kmedoides,ae_d3,completo,px,32,estabilidad_ari_80,0.6525414923965733
kmedoides,ae_d3,completo,px,32,estabilidad_ari_80_sd,0.03214983946814761
kmedoides,ae_d3,completo,px,40,estabilidad_ari_80,0.7878517986250781
kmedoides,ae_d3,completo,px,40,estabilidad_ari_80_sd,0.03957070363289175
kmedoides,ae_d3,completo,px,60,estabilidad_ari_80,0.7942564790876826
kmedoides,ae_d3,completo,px,60,estabilidad_ari_80_sd,0.04370468473555521
ward,ae_d3,completo,px,2,k_real,2.0
ward,ae_d3,completo,px,2,ruido_share_px,0.0
ward,ae_d3,completo,px,2,pseudo_r2,0.1487771399283555
ward,ae_d3,completo,px,2,pseudo_f,294365.2841351637
ward,ae_d3,completo,px,2,asw_corr,0.26352497077845194
ward,ae_d3,completo,px,2,nmi_estados,0.45050975986260766
ward,ae_d3,completo,px,2,nmi_anio_primer_cambio,0.014338970891204433
ward,ae_d3,completo,px,2,costura_max_share_cluster,0.06327190438839346
ward,ae_d3,completo,px,2,solo_costura_max_share_cluster,0.057337174122772255
ward,ae_d3,completo,px,2,clusters_definidos_por_costura,0.0
ward,ae_d3,completo,px,2,cluster_mayor_share,0.5654951128190087
ward,ae_d3,completo,px,3,k_real,3.0
ward,ae_d3,completo,px,3,ruido_share_px,0.0
ward,ae_d3,completo,px,3,pseudo_r2,0.2613474687790195
ward,ae_d3,completo,px,3,pseudo_f,297948.71537404513
ward,ae_d3,completo,px,3,asw_corr,0.3380633198827787
ward,ae_d3,completo,px,3,nmi_estados,0.5151224410645265
ward,ae_d3,completo,px,3,nmi_anio_primer_cambio,0.02005742660070609
ward,ae_d3,completo,px,3,costura_max_share_cluster,0.07860499559542486
ward,ae_d3,completo,px,3,solo_costura_max_share_cluster,0.0704100290947633
ward,ae_d3,completo,px,3,clusters_definidos_por_costura,0.0
ward,ae_d3,completo,px,3,cluster_mayor_share,0.5654951128190087
ward,ae_d3,completo,px,4,k_real,4.0
ward,ae_d3,completo,px,4,ruido_share_px,0.0
ward,ae_d3,completo,px,4,pseudo_r2,0.390328327088281
ward,ae_d3,completo,px,4,pseudo_f,359423.06711075694
ward,ae_d3,completo,px,4,asw_corr,0.4247445972979653
ward,ae_d3,completo,px,4,nmi_estados,0.5957153609434627
ward,ae_d3,completo,px,4,nmi_anio_primer_cambio,0.0329061172561632
ward,ae_d3,completo,px,4,costura_max_share_cluster,0.07860499559542486
ward,ae_d3,completo,px,4,solo_costura_max_share_cluster,0.0704100290947633
ward,ae_d3,completo,px,4,clusters_definidos_por_costura,0.0
ward,ae_d3,completo,px,4,cluster_mayor_share,0.4654406062930694
ward,ae_d3,completo,px,5,k_real,5.0
ward,ae_d3,completo,px,5,ruido_share_px,0.0
ward,ae_d3,completo,px,5,pseudo_r2,0.45482027972789807
ward,ae_d3,completo,px,5,pseudo_f,351263.5018203579
ward,ae_d3,completo,px,5,asw_corr,0.33847098641873896
ward,ae_d3,completo,px,5,nmi_estados,0.5573655318069001
ward,ae_d3,completo,px,5,nmi_anio_primer_cambio,0.08797824915544392
ward,ae_d3,completo,px,5,costura_max_share_cluster,0.12381001689112665
ward,ae_d3,completo,px,5,solo_costura_max_share_cluster,0.10462467398831211
ward,ae_d3,completo,px,5,clusters_definidos_por_costura,0.0
ward,ae_d3,completo,px,5,cluster_mayor_share,0.28194836486359715
ward,ae_d3,completo,px,6,k_real,6.0
ward,ae_d3,completo,px,6,ruido_share_px,0.0
ward,ae_d3,completo,px,6,pseudo_r2,0.5047000054192095
ward,ae_d3,completo,px,6,pseudo_f,343231.87548041105
ward,ae_d3,completo,px,6,asw_corr,0.370983165296664
ward,ae_d3,completo,px,6,nmi_estados,0.5897651879930068
ward,ae_d3,completo,px,6,nmi_anio_primer_cambio,0.08667729098555275
ward,ae_d3,completo,px,6,costura_max_share_cluster,0.12381001689112665
ward,ae_d3,completo,px,6,solo_costura_max_share_cluster,0.10462467398831211
ward,ae_d3,completo,px,6,clusters_definidos_por_costura,0.0
ward,ae_d3,completo,px,6,cluster_mayor_share,0.28194836486359715
ward,ae_d3,completo,px,8,k_real,8.0
ward,ae_d3,completo,px,8,ruido_share_px,0.0
ward,ae_d3,completo,px,8,pseudo_r2,0.5539278421007726
ward,ae_d3,completo,px,8,pseudo_f,298773.5541303631
ward,ae_d3,completo,px,8,asw_corr,0.34404118022924046
ward,ae_d3,completo,px,8,nmi_estados,0.5955999645045299
ward,ae_d3,completo,px,8,nmi_anio_primer_cambio,0.1311885214698168
ward,ae_d3,completo,px,8,costura_max_share_cluster,0.12381001689112665
ward,ae_d3,completo,px,8,solo_costura_max_share_cluster,0.10462467398831211
ward,ae_d3,completo,px,8,clusters_definidos_por_costura,0.0
ward,ae_d3,completo,px,8,cluster_mayor_share,0.21582743637639665
ward,ae_d3,completo,px,10,k_real,10.0
ward,ae_d3,completo,px,10,ruido_share_px,0.0
ward,ae_d3,completo,px,10,pseudo_r2,0.6160959831190445
ward,ae_d3,completo,px,10,pseudo_f,300313.4696796377
ward,ae_d3,completo,px,10,asw_corr,0.39821348639904713
ward,ae_d3,completo,px,10,nmi_estados,0.6440902905719356
ward,ae_d3,completo,px,10,nmi_anio_primer_cambio,0.15640543973985085
ward,ae_d3,completo,px,10,costura_max_share_cluster,0.14434375913475592
ward,ae_d3,completo,px,10,solo_costura_max_share_cluster,0.1320081847413037
ward,ae_d3,completo,px,10,clusters_definidos_por_costura,0.0
ward,ae_d3,completo,px,10,cluster_mayor_share,0.21375880090392957
ward,ae_d3,completo,px,12,k_real,12.0
ward,ae_d3,completo,px,12,ruido_share_px,0.0
ward,ae_d3,completo,px,12,pseudo_r2,0.6402826562214603
ward,ae_d3,completo,px,12,pseudo_f,272526.512939386
ward,ae_d3,completo,px,12,asw_corr,0.3530542198004616
ward,ae_d3,completo,px,12,nmi_estados,0.659098438518642
ward,ae_d3,completo,px,12,nmi_anio_primer_cambio,0.1954417341702841
ward,ae_d3,completo,px,12,costura_max_share_cluster,0.14434375913475592
ward,ae_d3,completo,px,12,solo_costura_max_share_cluster,0.1320081847413037
ward,ae_d3,completo,px,12,clusters_definidos_por_costura,0.0
ward,ae_d3,completo,px,12,cluster_mayor_share,0.18349224142947224
ward,ae_d3,completo,px,16,k_real,16.0
ward,ae_d3,completo,px,16,ruido_share_px,0.0
ward,ae_d3,completo,px,16,pseudo_r2,0.6911968138013944
ward,ae_d3,completo,px,16,pseudo_f,251315.19558441898
ward,ae_d3,completo,px,16,asw_corr,0.3304817664193462
ward,ae_d3,completo,px,16,nmi_estados,0.6846972267414133
ward,ae_d3,completo,px,16,nmi_anio_primer_cambio,0.20518007539577893
ward,ae_d3,completo,px,16,costura_max_share_cluster,0.14434375913475592
ward,ae_d3,completo,px,16,solo_costura_max_share_cluster,0.1320081847413037
ward,ae_d3,completo,px,16,clusters_definidos_por_costura,0.0
ward,ae_d3,completo,px,16,cluster_mayor_share,0.18349224142947224
ward,ae_d3,completo,px,20,k_real,20.0
ward,ae_d3,completo,px,20,ruido_share_px,0.0
ward,ae_d3,completo,px,20,pseudo_r2,0.7151889562466092
ward,ae_d3,completo,px,20,pseudo_f,222586.7942470646
ward,ae_d3,completo,px,20,asw_corr,0.2885385144001877
ward,ae_d3,completo,px,20,nmi_estados,0.7015110023348053
ward,ae_d3,completo,px,20,nmi_anio_primer_cambio,0.2543179848385482
ward,ae_d3,completo,px,20,costura_max_share_cluster,0.3564549291202251
ward,ae_d3,completo,px,20,solo_costura_max_share_cluster,0.34835695992497206
ward,ae_d3,completo,px,20,clusters_definidos_por_costura,0.0
ward,ae_d3,completo,px,20,cluster_mayor_share,0.14585008211604072
ward,ae_d3,completo,px,24,k_real,24.0
ward,ae_d3,completo,px,24,ruido_share_px,0.0
ward,ae_d3,completo,px,24,pseudo_r2,0.751675638466282
ward,ae_d3,completo,px,24,pseudo_f,221651.81994787225
ward,ae_d3,completo,px,24,asw_corr,0.2979334826885589
ward,ae_d3,completo,px,24,nmi_estados,0.699147325981268
ward,ae_d3,completo,px,24,nmi_anio_primer_cambio,0.29297773169670477
ward,ae_d3,completo,px,24,costura_max_share_cluster,0.3564549291202251
ward,ae_d3,completo,px,24,solo_costura_max_share_cluster,0.34835695992497206
ward,ae_d3,completo,px,24,clusters_definidos_por_costura,0.0
ward,ae_d3,completo,px,24,cluster_mayor_share,0.1200461702337368
ward,ae_d3,completo,px,32,k_real,32.0
ward,ae_d3,completo,px,32,ruido_share_px,0.0
ward,ae_d3,completo,px,32,pseudo_r2,0.7993693725000968
ward,ae_d3,completo,px,32,pseudo_f,216458.43101110662
ward,ae_d3,completo,px,32,asw_corr,0.34728155836926794
ward,ae_d3,completo,px,32,nmi_estados,0.7092826808728369
ward,ae_d3,completo,px,32,nmi_anio_primer_cambio,0.3484399790607862
ward,ae_d3,completo,px,32,costura_max_share_cluster,0.5235188011655335
ward,ae_d3,completo,px,32,solo_costura_max_share_cluster,0.47282734378613384
ward,ae_d3,completo,px,32,clusters_definidos_por_costura,0.0
ward,ae_d3,completo,px,32,cluster_mayor_share,0.08153356901369313
ward,ae_d3,completo,px,40,k_real,40.0
ward,ae_d3,completo,px,40,ruido_share_px,0.0
ward,ae_d3,completo,px,40,pseudo_r2,0.8270262826139481
ward,ae_d3,completo,px,40,pseudo_f,206470.70923186926
ward,ae_d3,completo,px,40,asw_corr,0.39105089047302155
ward,ae_d3,completo,px,40,nmi_estados,0.7386849452735743
ward,ae_d3,completo,px,40,nmi_anio_primer_cambio,0.37667062741275
ward,ae_d3,completo,px,40,costura_max_share_cluster,0.6466834528225729
ward,ae_d3,completo,px,40,solo_costura_max_share_cluster,0.5894823841466931
ward,ae_d3,completo,px,40,clusters_definidos_por_costura,0.0
ward,ae_d3,completo,px,40,cluster_mayor_share,0.08011390557664698
ward,ae_d3,completo,px,60,k_real,60.0
ward,ae_d3,completo,px,60,ruido_share_px,0.0
ward,ae_d3,completo,px,60,pseudo_r2,0.8689603984926645
ward,ae_d3,completo,px,60,pseudo_f,189288.4503905796
ward,ae_d3,completo,px,60,asw_corr,0.4466096479534459
ward,ae_d3,completo,px,60,nmi_estados,0.7577770608132957
ward,ae_d3,completo,px,60,nmi_anio_primer_cambio,0.42526189509016915
ward,ae_d3,completo,px,60,costura_max_share_cluster,0.675130890052356
ward,ae_d3,completo,px,60,solo_costura_max_share_cluster,0.6602094240837696
ward,ae_d3,completo,px,60,clusters_definidos_por_costura,0.0
ward,ae_d3,completo,px,60,cluster_mayor_share,0.058807672713843115
ward,ae_d3,completo,px,2,estabilidad_ari_80,0.949593524957996
ward,ae_d3,completo,px,2,estabilidad_ari_80_sd,0.02988972253863597
ward,ae_d3,completo,px,3,estabilidad_ari_80,0.9586516142234892
ward,ae_d3,completo,px,3,estabilidad_ari_80_sd,0.022044986669445626
ward,ae_d3,completo,px,4,estabilidad_ari_80,0.9587324947925311
ward,ae_d3,completo,px,4,estabilidad_ari_80_sd,0.02299377658522472
ward,ae_d3,completo,px,5,estabilidad_ari_80,0.7784820248048432
ward,ae_d3,completo,px,5,estabilidad_ari_80_sd,0.10088560176751284
ward,ae_d3,completo,px,6,estabilidad_ari_80,0.8245784791195065
ward,ae_d3,completo,px,6,estabilidad_ari_80_sd,0.0761158482931677
ward,ae_d3,completo,px,8,estabilidad_ari_80,0.7905692357043257
ward,ae_d3,completo,px,8,estabilidad_ari_80_sd,0.09300077401129438
ward,ae_d3,completo,px,10,estabilidad_ari_80,0.790000137010986
ward,ae_d3,completo,px,10,estabilidad_ari_80_sd,0.09610256889891167
ward,ae_d3,completo,px,12,estabilidad_ari_80,0.7767702307707479
ward,ae_d3,completo,px,12,estabilidad_ari_80_sd,0.10076265163222724
ward,ae_d3,completo,px,16,estabilidad_ari_80,0.7604668616630406
ward,ae_d3,completo,px,16,estabilidad_ari_80_sd,0.06973433442568715
ward,ae_d3,completo,px,20,estabilidad_ari_80,0.8419408942338619
ward,ae_d3,completo,px,20,estabilidad_ari_80_sd,0.05739460954672262
ward,ae_d3,completo,px,24,estabilidad_ari_80,0.9154418108429654
ward,ae_d3,completo,px,24,estabilidad_ari_80_sd,0.0348324416712818
ward,ae_d3,completo,px,32,estabilidad_ari_80,0.9684972229101969
ward,ae_d3,completo,px,32,estabilidad_ari_80_sd,0.009825572483884295
ward,ae_d3,completo,px,40,estabilidad_ari_80,0.9704082422545603
ward,ae_d3,completo,px,40,estabilidad_ari_80_sd,0.01632930916173898
ward,ae_d3,completo,px,60,estabilidad_ari_80,0.9561743505222674
ward,ae_d3,completo,px,60,estabilidad_ari_80_sd,0.021281041195051142
kmeans,ae_d3,completo,px,2,k_real,2.0
kmeans,ae_d3,completo,px,2,ruido_share_px,0.0
kmeans,ae_d3,completo,px,2,pseudo_r2,0.16673912829780924
kmeans,ae_d3,completo,px,2,pseudo_f,337015.7527083987
kmeans,ae_d3,completo,px,2,asw_corr,0.29095637745500863
kmeans,ae_d3,completo,px,2,nmi_estados,0.42129336842510184
kmeans,ae_d3,completo,px,2,nmi_anio_primer_cambio,0.016313211381413527
kmeans,ae_d3,completo,px,2,costura_max_share_cluster,0.06146362187997876
kmeans,ae_d3,completo,px,2,solo_costura_max_share_cluster,0.055253673216498496
kmeans,ae_d3,completo,px,2,clusters_definidos_por_costura,0.0
kmeans,ae_d3,completo,px,2,cluster_mayor_share,0.5807361587268035
kmeans,ae_d3,completo,px,3,k_real,3.0
kmeans,ae_d3,completo,px,3,ruido_share_px,0.0
kmeans,ae_d3,completo,px,3,pseudo_r2,0.2943962740484274
kmeans,ae_d3,completo,px,3,pseudo_f,351345.87029527454
kmeans,ae_d3,completo,px,3,asw_corr,0.36557504461569484
kmeans,ae_d3,completo,px,3,nmi_estados,0.5360666227844015
kmeans,ae_d3,completo,px,3,nmi_anio_primer_cambio,0.030571848019202104
kmeans,ae_d3,completo,px,3,costura_max_share_cluster,0.06751639492682313
kmeans,ae_d3,completo,px,3,solo_costura_max_share_cluster,0.057895938466867684
kmeans,ae_d3,completo,px,3,clusters_definidos_por_costura,0.0
kmeans,ae_d3,completo,px,3,cluster_mayor_share,0.45052434327948787
kmeans,ae_d3,completo,px,4,k_real,4.0
kmeans,ae_d3,completo,px,4,ruido_share_px,0.0
kmeans,ae_d3,completo,px,4,pseudo_r2,0.3989941093466143
kmeans,ae_d3,completo,px,4,pseudo_f,372700.21887406026
kmeans,ae_d3,completo,px,4,asw_corr,0.4384779411973465
kmeans,ae_d3,completo,px,4,nmi_estados,0.5817847886104838
kmeans,ae_d3,completo,px,4,nmi_anio_primer_cambio,0.03786655883468098
kmeans,ae_d3,completo,px,4,costura_max_share_cluster,0.0738599215429879
kmeans,ae_d3,completo,px,4,solo_costura_max_share_cluster,0.06549321673749592
kmeans,ae_d3,completo,px,4,clusters_definidos_por_costura,0.0
kmeans,ae_d3,completo,px,4,cluster_mayor_share,0.4383868443333994
kmeans,ae_d3,completo,px,5,k_real,5.0
kmeans,ae_d3,completo,px,5,ruido_share_px,0.0
kmeans,ae_d3,completo,px,5,pseudo_r2,0.47612412143311245
kmeans,ae_d3,completo,px,5,pseudo_f,382670.2324694361
kmeans,ae_d3,completo,px,5,asw_corr,0.3864221579437606
kmeans,ae_d3,completo,px,5,nmi_estados,0.5306988727850027
kmeans,ae_d3,completo,px,5,nmi_anio_primer_cambio,0.0849963192762524
kmeans,ae_d3,completo,px,5,costura_max_share_cluster,0.11378052606113453
kmeans,ae_d3,completo,px,5,solo_costura_max_share_cluster,0.09830813975127209
kmeans,ae_d3,completo,px,5,clusters_definidos_por_costura,0.0
kmeans,ae_d3,completo,px,5,cluster_mayor_share,0.2592052497265767
kmeans,ae_d3,completo,px,6,k_real,6.0
kmeans,ae_d3,completo,px,6,ruido_share_px,0.0
kmeans,ae_d3,completo,px,6,pseudo_r2,0.5390042806869348
kmeans,ae_d3,completo,px,6,pseudo_f,393838.3006542964
kmeans,ae_d3,completo,px,6,asw_corr,0.43364650588279285
kmeans,ae_d3,completo,px,6,nmi_estados,0.5745054073950796
kmeans,ae_d3,completo,px,6,nmi_anio_primer_cambio,0.08411765324314575
kmeans,ae_d3,completo,px,6,costura_max_share_cluster,0.10273344068228421
kmeans,ae_d3,completo,px,6,solo_costura_max_share_cluster,0.08797667015427083
kmeans,ae_d3,completo,px,6,clusters_definidos_por_costura,0.0
kmeans,ae_d3,completo,px,6,cluster_mayor_share,0.2590680927822197
kmeans,ae_d3,completo,px,8,k_real,8.0
kmeans,ae_d3,completo,px,8,ruido_share_px,0.0
kmeans,ae_d3,completo,px,8,pseudo_r2,0.583447105206651
kmeans,ae_d3,completo,px,8,pseudo_f,336996.5139357443
kmeans,ae_d3,completo,px,8,asw_corr,0.38290852674046855
kmeans,ae_d3,completo,px,8,nmi_estados,0.6125375415940255
kmeans,ae_d3,completo,px,8,nmi_anio_primer_cambio,0.09537622047414604
kmeans,ae_d3,completo,px,8,costura_max_share_cluster,0.09860249823381503
kmeans,ae_d3,completo,px,8,solo_costura_max_share_cluster,0.09094213498585955
kmeans,ae_d3,completo,px,8,clusters_definidos_por_costura,0.0
kmeans,ae_d3,completo,px,8,cluster_mayor_share,0.2344843433269881
kmeans,ae_d3,completo,px,10,k_real,10.0
kmeans,ae_d3,completo,px,10,ruido_share_px,0.0
kmeans,ae_d3,completo,px,10,pseudo_r2,0.6306445037819901
kmeans,ae_d3,completo,px,10,pseudo_f,319513.4464670872
kmeans,ae_d3,completo,px,10,asw_corr,0.3588901993396816
kmeans,ae_d3,completo,px,10,nmi_estados,0.5956531028027804
kmeans,ae_d3,completo,px,10,nmi_anio_primer_cambio,0.1543060474373682
kmeans,ae_d3,completo,px,10,costura_max_share_cluster,0.13361160817363196
kmeans,ae_d3,completo,px,10,solo_costura_max_share_cluster,0.11664453936735165
kmeans,ae_d3,completo,px,10,clusters_definidos_por_costura,0.0
kmeans,ae_d3,completo,px,10,cluster_mayor_share,0.20938640376866907
kmeans,ae_d3,completo,px,12,k_real,12.0
kmeans,ae_d3,completo,px,12,ruido_share_px,0.0
kmeans,ae_d3,completo,px,12,pseudo_r2,0.6433107353694734
kmeans,ae_d3,completo,px,12,pseudo_f,276139.89767413907
kmeans,ae_d3,completo,px,12,asw_corr,0.37394001587003617
kmeans,ae_d3,completo,px,12,nmi_estados,0.6608717099378569
kmeans,ae_d3,completo,px,12,nmi_anio_primer_cambio,0.1798107816215951
kmeans,ae_d3,completo,px,12,costura_max_share_cluster,0.28130806391675955
kmeans,ae_d3,completo,px,12,solo_costura_max_share_cluster,0.26583811607966196
kmeans,ae_d3,completo,px,12,clusters_definidos_por_costura,0.0
kmeans,ae_d3,completo,px,12,cluster_mayor_share,0.1831775523363587
kmeans,ae_d3,completo,px,16,k_real,16.0
kmeans,ae_d3,completo,px,16,ruido_share_px,0.0
kmeans,ae_d3,completo,px,16,pseudo_r2,0.7047011128850748
kmeans,ae_d3,completo,px,16,pseudo_f,267942.70715589967
kmeans,ae_d3,completo,px,16,asw_corr,0.3291848929669599
kmeans,ae_d3,completo,px,16,nmi_estados,0.6731498244790931
kmeans,ae_d3,completo,px,16,nmi_anio_primer_cambio,0.2309002043827367
kmeans,ae_d3,completo,px,16,costura_max_share_cluster,0.23136844552958957
kmeans,ae_d3,completo,px,16,solo_costura_max_share_cluster,0.21953671597693838
kmeans,ae_d3,completo,px,16,clusters_definidos_por_costura,0.0
kmeans,ae_d3,completo,px,16,cluster_mayor_share,0.1431770060835933
kmeans,ae_d3,completo,px,20,k_real,20.0
kmeans,ae_d3,completo,px,20,ruido_share_px,0.0
kmeans,ae_d3,completo,px,20,pseudo_r2,0.732832973537762
kmeans,ae_d3,completo,px,20,pseudo_f,243140.64567773952
kmeans,ae_d3,completo,px,20,asw_corr,0.3235902863678633
kmeans,ae_d3,completo,px,20,nmi_estados,0.6852774719206773
kmeans,ae_d3,completo,px,20,nmi_anio_primer_cambio,0.27021780444097077
kmeans,ae_d3,completo,px,20,costura_max_share_cluster,0.31648944415165703
kmeans,ae_d3,completo,px,20,solo_costura_max_share_cluster,0.2993923799485383
kmeans,ae_d3,completo,px,20,clusters_definidos_por_costura,0.0
kmeans,ae_d3,completo,px,20,cluster_mayor_share,0.11877257003613581
kmeans,ae_d3,completo,px,24,k_real,24.0
kmeans,ae_d3,completo,px,24,ruido_share_px,0.0
kmeans,ae_d3,completo,px,24,pseudo_r2,0.7665255173646166
kmeans,ae_d3,completo,px,24,pseudo_f,240407.1329639467
kmeans,ae_d3,completo,px,24,asw_corr,0.33764556550233943
kmeans,ae_d3,completo,px,24,nmi_estados,0.6816770301695273
kmeans,ae_d3,completo,px,24,nmi_anio_primer_cambio,0.31941745671360927
kmeans,ae_d3,completo,px,24,costura_max_share_cluster,0.5059645721611608
kmeans,ae_d3,completo,px,24,solo_costura_max_share_cluster,0.47949531745907664
kmeans,ae_d3,completo,px,24,clusters_definidos_por_costura,0.0
kmeans,ae_d3,completo,px,24,cluster_mayor_share,0.11163209638748796
kmeans,ae_d3,completo,px,32,k_real,32.0
kmeans,ae_d3,completo,px,32,ruido_share_px,0.0
kmeans,ae_d3,completo,px,32,pseudo_r2,0.8075077115383476
kmeans,ae_d3,completo,px,32,pseudo_f,227906.9535737102
kmeans,ae_d3,completo,px,32,asw_corr,0.35349740534671154
kmeans,ae_d3,completo,px,32,nmi_estados,0.71328855910577
kmeans,ae_d3,completo,px,32,nmi_anio_primer_cambio,0.3476064752575076
kmeans,ae_d3,completo,px,32,costura_max_share_cluster,0.6217474405313854
kmeans,ae_d3,completo,px,32,solo_costura_max_share_cluster,0.5803796150861987
kmeans,ae_d3,completo,px,32,clusters_definidos_por_costura,0.0
kmeans,ae_d3,completo,px,32,cluster_mayor_share,0.09073674060474932
kmeans,ae_d3,completo,px,40,k_real,40.0
kmeans,ae_d3,completo,px,40,ruido_share_px,0.0
kmeans,ae_d3,completo,px,40,pseudo_r2,0.8293230889022596
kmeans,ae_d3,completo,px,40,pseudo_f,209830.3182023376
kmeans,ae_d3,completo,px,40,asw_corr,0.38586613163527256
kmeans,ae_d3,completo,px,40,nmi_estados,0.7013759434858312
kmeans,ae_d3,completo,px,40,nmi_anio_primer_cambio,0.384927691528551
kmeans,ae_d3,completo,px,40,costura_max_share_cluster,0.6216415651252555
kmeans,ae_d3,completo,px,40,solo_costura_max_share_cluster,0.5802807840762885
kmeans,ae_d3,completo,px,40,clusters_definidos_por_costura,0.0
kmeans,ae_d3,completo,px,40,cluster_mayor_share,0.07952727760684289
kmeans,ae_d3,completo,px,60,k_real,60.0
kmeans,ae_d3,completo,px,60,ruido_share_px,0.0
kmeans,ae_d3,completo,px,60,pseudo_r2,0.8680888446300008
kmeans,ae_d3,completo,px,60,pseudo_f,187849.1983990748
kmeans,ae_d3,completo,px,60,asw_corr,0.44003396588673616
kmeans,ae_d3,completo,px,60,nmi_estados,0.7338418361925444
kmeans,ae_d3,completo,px,60,nmi_anio_primer_cambio,0.4411441617627762
kmeans,ae_d3,completo,px,60,costura_max_share_cluster,0.9922819811607414
kmeans,ae_d3,completo,px,60,solo_costura_max_share_cluster,0.9319051959890611
kmeans,ae_d3,completo,px,60,clusters_definidos_por_costura,1.0
kmeans,ae_d3,completo,px,60,cluster_mayor_share,0.05902558006699909
kmeans,ae_d3,completo,px,2,estabilidad_ari_80,0.9981904187474544
kmeans,ae_d3,completo,px,2,estabilidad_ari_80_sd,0.0028408640731143976
kmeans,ae_d3,completo,px,3,estabilidad_ari_80,0.9869739524031218
kmeans,ae_d3,completo,px,3,estabilidad_ari_80_sd,0.029385860016349758
kmeans,ae_d3,completo,px,4,estabilidad_ari_80,0.9967879328132436
kmeans,ae_d3,completo,px,4,estabilidad_ari_80_sd,0.0010707745129216288
kmeans,ae_d3,completo,px,5,estabilidad_ari_80,0.9692660474825141
kmeans,ae_d3,completo,px,5,estabilidad_ari_80_sd,0.028206700967422976
kmeans,ae_d3,completo,px,6,estabilidad_ari_80,0.9389572264712169
kmeans,ae_d3,completo,px,6,estabilidad_ari_80_sd,0.0004901811551965142
kmeans,ae_d3,completo,px,8,estabilidad_ari_80,0.8029438826806136
kmeans,ae_d3,completo,px,8,estabilidad_ari_80_sd,0.09042930189858939
kmeans,ae_d3,completo,px,10,estabilidad_ari_80,0.8449625268885947
kmeans,ae_d3,completo,px,10,estabilidad_ari_80_sd,0.07918545712163219
kmeans,ae_d3,completo,px,12,estabilidad_ari_80,0.797203745392143
kmeans,ae_d3,completo,px,12,estabilidad_ari_80_sd,0.06654752990140647
kmeans,ae_d3,completo,px,16,estabilidad_ari_80,0.7676530082694031
kmeans,ae_d3,completo,px,16,estabilidad_ari_80_sd,0.04034639595980944
kmeans,ae_d3,completo,px,20,estabilidad_ari_80,0.7452821204816831
kmeans,ae_d3,completo,px,20,estabilidad_ari_80_sd,0.07234790550087745
kmeans,ae_d3,completo,px,24,estabilidad_ari_80,0.7772583650668563
kmeans,ae_d3,completo,px,24,estabilidad_ari_80_sd,0.09829001963465571
kmeans,ae_d3,completo,px,32,estabilidad_ari_80,0.84558701021798
kmeans,ae_d3,completo,px,32,estabilidad_ari_80_sd,0.04907655606338677
kmeans,ae_d3,completo,px,40,estabilidad_ari_80,0.7283351781398101
kmeans,ae_d3,completo,px,40,estabilidad_ari_80_sd,0.05006524989095469
kmeans,ae_d3,completo,px,60,estabilidad_ari_80,0.7457571011921004
kmeans,ae_d3,completo,px,60,estabilidad_ari_80_sd,0.03676478370658158
kmedoides,ae_d8,completo,px,2,k_real,2.0
kmedoides,ae_d8,completo,px,2,ruido_share_px,0.0
kmedoides,ae_d8,completo,px,2,pseudo_r2,0.16587894703889416
kmedoides,ae_d8,completo,px,2,pseudo_f,334931.3886888939
kmedoides,ae_d8,completo,px,2,asw_corr,0.2895435773579465
kmedoides,ae_d8,completo,px,2,nmi_estados,0.3063686565583157
kmedoides,ae_d8,completo,px,2,nmi_anio_primer_cambio,0.03283522893138231
kmedoides,ae_d8,completo,px,2,costura_max_share_cluster,0.062075437472929804
kmedoides,ae_d8,completo,px,2,solo_costura_max_share_cluster,0.05610240957165227
kmedoides,ae_d8,completo,px,2,clusters_definidos_por_costura,0.0
kmedoides,ae_d8,completo,px,2,cluster_mayor_share,0.6792178135401811
kmedoides,ae_d8,completo,px,3,k_real,3.0
kmedoides,ae_d8,completo,px,3,ruido_share_px,0.0
kmedoides,ae_d8,completo,px,3,pseudo_r2,0.20755595614507227
kmedoides,ae_d8,completo,px,3,pseudo_f,220561.65132056276
kmedoides,ae_d8,completo,px,3,asw_corr,0.2046955670712316
kmedoides,ae_d8,completo,px,3,nmi_estados,0.3285617935602859
kmedoides,ae_d8,completo,px,3,nmi_anio_primer_cambio,0.08518024712462803
kmedoides,ae_d8,completo,px,3,costura_max_share_cluster,0.12802161439322093
kmedoides,ae_d8,completo,px,3,solo_costura_max_share_cluster,0.10984587463924841
kmedoides,ae_d8,completo,px,3,clusters_definidos_por_costura,0.0
kmedoides,ae_d8,completo,px,3,cluster_mayor_share,0.47718266573724527
kmedoides,ae_d8,completo,px,4,k_real,4.0
kmedoides,ae_d8,completo,px,4,ruido_share_px,0.0
kmedoides,ae_d8,completo,px,4,pseudo_r2,0.33704012270155814
kmedoides,ae_d8,completo,px,4,pseudo_f,285408.07169550913
kmedoides,ae_d8,completo,px,4,asw_corr,0.28531667384637543
kmedoides,ae_d8,completo,px,4,nmi_estados,0.4175262580772582
kmedoides,ae_d8,completo,px,4,nmi_anio_primer_cambio,0.10003274098618956
kmedoides,ae_d8,completo,px,4,costura_max_share_cluster,0.1326217491183539
kmedoides,ae_d8,completo,px,4,solo_costura_max_share_cluster,0.1146658181651637
kmedoides,ae_d8,completo,px,4,clusters_definidos_por_costura,0.0
kmedoides,ae_d8,completo,px,4,cluster_mayor_share,0.4005089650766357
kmedoides,ae_d8,completo,px,5,k_real,5.0
kmedoides,ae_d8,completo,px,5,ruido_share_px,0.0
kmedoides,ae_d8,completo,px,5,pseudo_r2,0.395777821204384
kmedoides,ae_d8,completo,px,5,pseudo_f,275795.82582834683
kmedoides,ae_d8,completo,px,5,asw_corr,0.3118935553067488
kmedoides,ae_d8,completo,px,5,nmi_estados,0.47306132511561666
kmedoides,ae_d8,completo,px,5,nmi_anio_primer_cambio,0.1579766985443579
kmedoides,ae_d8,completo,px,5,costura_max_share_cluster,0.21984474562762535
kmedoides,ae_d8,completo,px,5,solo_costura_max_share_cluster,0.19246987829325915
kmedoides,ae_d8,completo,px,5,clusters_definidos_por_costura,0.0
kmedoides,ae_d8,completo,px,5,cluster_mayor_share,0.2943732402645288
kmedoides,ae_d8,completo,px,6,k_real,6.0
kmedoides,ae_d8,completo,px,6,ruido_share_px,0.0
kmedoides,ae_d8,completo,px,6,pseudo_r2,0.42048601335938807
kmedoides,ae_d8,completo,px,6,pseudo_f,244405.09740276876
kmedoides,ae_d8,completo,px,6,asw_corr,0.29459812887183245
kmedoides,ae_d8,completo,px,6,nmi_estados,0.43783948977033205
kmedoides,ae_d8,completo,px,6,nmi_anio_primer_cambio,0.22115056953802215
kmedoides,ae_d8,completo,px,6,costura_max_share_cluster,0.21865272422633586
kmedoides,ae_d8,completo,px,6,solo_costura_max_share_cluster,0.19109756343743062
kmedoides,ae_d8,completo,px,6,clusters_definidos_por_costura,0.0
kmedoides,ae_d8,completo,px,6,cluster_mayor_share,0.2611123843814459
kmedoides,ae_d8,completo,px,8,k_real,8.0
kmedoides,ae_d8,completo,px,8,ruido_share_px,0.0
kmedoides,ae_d8,completo,px,8,pseudo_r2,0.5154759473963992
kmedoides,ae_d8,completo,px,8,pseudo_f,255968.86354889206
kmedoides,ae_d8,completo,px,8,asw_corr,0.26964607056174145
kmedoides,ae_d8,completo,px,8,nmi_estados,0.5164252596726255
kmedoides,ae_d8,completo,px,8,nmi_anio_primer_cambio,0.20291692580839024
kmedoides,ae_d8,completo,px,8,costura_max_share_cluster,0.1982939979047603
kmedoides,ae_d8,completo,px,8,solo_costura_max_share_cluster,0.17653415961305924
kmedoides,ae_d8,completo,px,8,clusters_definidos_por_costura,0.0
kmedoides,ae_d8,completo,px,8,cluster_mayor_share,0.24866019634224398
kmedoides,ae_d8,completo,px,10,k_real,10.0
kmedoides,ae_d8,completo,px,10,ruido_share_px,0.0
kmedoides,ae_d8,completo,px,10,pseudo_r2,0.611247303821876
kmedoides,ae_d8,completo,px,10,pseudo_f,294233.84904796537
kmedoides,ae_d8,completo,px,10,asw_corr,0.2778872787455656
kmedoides,ae_d8,completo,px,10,nmi_estados,0.5468299301052293
kmedoides,ae_d8,completo,px,10,nmi_anio_primer_cambio,0.25846517145912845
kmedoides,ae_d8,completo,px,10,costura_max_share_cluster,0.2676002941041312
kmedoides,ae_d8,completo,px,10,solo_costura_max_share_cluster,0.23301433757639814
kmedoides,ae_d8,completo,px,10,clusters_definidos_por_costura,0.0
kmedoides,ae_d8,completo,px,10,cluster_mayor_share,0.15466553299426078
kmedoides,ae_d8,completo,px,12,k_real,12.0
kmedoides,ae_d8,completo,px,12,ruido_share_px,0.0
kmedoides,ae_d8,completo,px,12,pseudo_r2,0.6539069665218848
kmedoides,ae_d8,completo,px,12,pseudo_f,289282.06302291644
kmedoides,ae_d8,completo,px,12,asw_corr,0.29384182623900157
kmedoides,ae_d8,completo,px,12,nmi_estados,0.5356181811302395
kmedoides,ae_d8,completo,px,12,nmi_anio_primer_cambio,0.2816813743189438
kmedoides,ae_d8,completo,px,12,costura_max_share_cluster,0.33167311675569605
kmedoides,ae_d8,completo,px,12,solo_costura_max_share_cluster,0.29377657254987466
kmedoides,ae_d8,completo,px,12,clusters_definidos_por_costura,0.0
kmedoides,ae_d8,completo,px,12,cluster_mayor_share,0.15225667704942755
kmedoides,ae_d8,completo,px,16,k_real,16.0
kmedoides,ae_d8,completo,px,16,ruido_share_px,0.0
kmedoides,ae_d8,completo,px,16,pseudo_r2,0.691987970000759
kmedoides,ae_d8,completo,px,16,pseudo_f,252249.11967379312
kmedoides,ae_d8,completo,px,16,asw_corr,0.34580993843144625
kmedoides,ae_d8,completo,px,16,nmi_estados,0.6385768133161794
kmedoides,ae_d8,completo,px,16,nmi_anio_primer_cambio,0.29261825786871176
kmedoides,ae_d8,completo,px,16,costura_max_share_cluster,0.3314090097066873
kmedoides,ae_d8,completo,px,16,solo_costura_max_share_cluster,0.2877245166456927
kmedoides,ae_d8,completo,px,16,clusters_definidos_por_costura,0.0
kmedoides,ae_d8,completo,px,16,cluster_mayor_share,0.12871199535447647
kmedoides,ae_d8,completo,px,20,k_real,20.0
kmedoides,ae_d8,completo,px,20,ruido_share_px,0.0
kmedoides,ae_d8,completo,px,20,pseudo_r2,0.7423884178853823
kmedoides,ae_d8,completo,px,20,pseudo_f,255447.2451464674
kmedoides,ae_d8,completo,px,20,asw_corr,0.3131580135190776
kmedoides,ae_d8,completo,px,20,nmi_estados,0.6219752866794002
kmedoides,ae_d8,completo,px,20,nmi_anio_primer_cambio,0.3404354247086627
kmedoides,ae_d8,completo,px,20,costura_max_share_cluster,0.5651298539143463
kmedoides,ae_d8,completo,px,20,solo_costura_max_share_cluster,0.4879510550630541
kmedoides,ae_d8,completo,px,20,clusters_definidos_por_costura,0.0
kmedoides,ae_d8,completo,px,20,cluster_mayor_share,0.12070345481123998
kmedoides,ae_d8,completo,px,24,k_real,24.0
kmedoides,ae_d8,completo,px,24,ruido_share_px,0.0
kmedoides,ae_d8,completo,px,24,pseudo_r2,0.7630965247079629
kmedoides,ae_d8,completo,px,24,pseudo_f,235867.55106563045
kmedoides,ae_d8,completo,px,24,asw_corr,0.3800541097273986
kmedoides,ae_d8,completo,px,24,nmi_estados,0.6679085561849756
kmedoides,ae_d8,completo,px,24,nmi_anio_primer_cambio,0.32604975519874263
kmedoides,ae_d8,completo,px,24,costura_max_share_cluster,0.5688634223421065
kmedoides,ae_d8,completo,px,24,solo_costura_max_share_cluster,0.5087483176312247
kmedoides,ae_d8,completo,px,24,clusters_definidos_por_costura,0.0
kmedoides,ae_d8,completo,px,24,cluster_mayor_share,0.12933662351665656
kmedoides,ae_d8,completo,px,32,k_real,32.0
kmedoides,ae_d8,completo,px,32,ruido_share_px,0.0
kmedoides,ae_d8,completo,px,32,pseudo_r2,0.8027471308566284
kmedoides,ae_d8,completo,px,32,pseudo_f,221095.37926983254
kmedoides,ae_d8,completo,px,32,asw_corr,0.36147379288757725
kmedoides,ae_d8,completo,px,32,nmi_estados,0.6632196853287982
kmedoides,ae_d8,completo,px,32,nmi_anio_primer_cambio,0.40416226096008007
kmedoides,ae_d8,completo,px,32,costura_max_share_cluster,0.5939724013498613
kmedoides,ae_d8,completo,px,32,solo_costura_max_share_cluster,0.5214841792241639
kmedoides,ae_d8,completo,px,32,clusters_definidos_por_costura,0.0
kmedoides,ae_d8,completo,px,32,cluster_mayor_share,0.08572784024719125
kmedoides,ae_d8,completo,px,40,k_real,40.0
kmedoides,ae_d8,completo,px,40,ruido_share_px,0.0
kmedoides,ae_d8,completo,px,40,pseudo_r2,0.8305507871211153
kmedoides,ae_d8,completo,px,40,pseudo_f,211663.46207956443
kmedoides,ae_d8,completo,px,40,asw_corr,0.36939325981912324
kmedoides,ae_d8,completo,px,40,nmi_estados,0.6904784326659583
kmedoides,ae_d8,completo,px,40,nmi_anio_primer_cambio,0.4125944951804244
kmedoides,ae_d8,completo,px,40,costura_max_share_cluster,0.5939569881709128
kmedoides,ae_d8,completo,px,40,solo_costura_max_share_cluster,0.5216143617465004
kmedoides,ae_d8,completo,px,40,clusters_definidos_por_costura,0.0
kmedoides,ae_d8,completo,px,40,cluster_mayor_share,0.07613872920231658
kmedoides,ae_d8,completo,px,60,k_real,60.0
kmedoides,ae_d8,completo,px,60,ruido_share_px,0.0
kmedoides,ae_d8,completo,px,60,pseudo_r2,0.8726581081638789
kmedoides,ae_d8,completo,px,60,pseudo_f,195613.81614303956
kmedoides,ae_d8,completo,px,60,asw_corr,0.43155376826766123
kmedoides,ae_d8,completo,px,60,nmi_estados,0.7155515072439849
kmedoides,ae_d8,completo,px,60,nmi_anio_primer_cambio,0.45625967404028905
kmedoides,ae_d8,completo,px,60,costura_max_share_cluster,0.5936528107547737
kmedoides,ae_d8,completo,px,60,solo_costura_max_share_cluster,0.5288320402600126
kmedoides,ae_d8,completo,px,60,clusters_definidos_por_costura,0.0
kmedoides,ae_d8,completo,px,60,cluster_mayor_share,0.06205550165597713
kmedoides,ae_d8,completo,px,2,estabilidad_ari_80,0.9767042053639201
kmedoides,ae_d8,completo,px,2,estabilidad_ari_80_sd,0.06988738390823972
kmedoides,ae_d8,completo,px,3,estabilidad_ari_80,0.7862392786745439
kmedoides,ae_d8,completo,px,3,estabilidad_ari_80_sd,0.1774482989750996
kmedoides,ae_d8,completo,px,4,estabilidad_ari_80,0.5216457932164713
kmedoides,ae_d8,completo,px,4,estabilidad_ari_80_sd,0.11799661400407521
kmedoides,ae_d8,completo,px,5,estabilidad_ari_80,0.7945513493667796
kmedoides,ae_d8,completo,px,5,estabilidad_ari_80_sd,0.15157793263872185
kmedoides,ae_d8,completo,px,6,estabilidad_ari_80,0.6714130558454903
kmedoides,ae_d8,completo,px,6,estabilidad_ari_80_sd,0.029560557228759287
kmedoides,ae_d8,completo,px,8,estabilidad_ari_80,0.5622073933330954
kmedoides,ae_d8,completo,px,8,estabilidad_ari_80_sd,0.07717229337434295
kmedoides,ae_d8,completo,px,10,estabilidad_ari_80,0.7372712094506483
kmedoides,ae_d8,completo,px,10,estabilidad_ari_80_sd,0.05113492248495182
kmedoides,ae_d8,completo,px,12,estabilidad_ari_80,0.6694662771035234
kmedoides,ae_d8,completo,px,12,estabilidad_ari_80_sd,0.05755678487877761
kmedoides,ae_d8,completo,px,16,estabilidad_ari_80,0.7483339410879695
kmedoides,ae_d8,completo,px,16,estabilidad_ari_80_sd,0.0581524045247726
kmedoides,ae_d8,completo,px,20,estabilidad_ari_80,0.7453883771154232
kmedoides,ae_d8,completo,px,20,estabilidad_ari_80_sd,0.055512681845787996
kmedoides,ae_d8,completo,px,24,estabilidad_ari_80,0.7132634001161694
kmedoides,ae_d8,completo,px,24,estabilidad_ari_80_sd,0.06969671987072477
kmedoides,ae_d8,completo,px,32,estabilidad_ari_80,0.7088431127912044
kmedoides,ae_d8,completo,px,32,estabilidad_ari_80_sd,0.03710912165436746
kmedoides,ae_d8,completo,px,40,estabilidad_ari_80,0.7384039730569181
kmedoides,ae_d8,completo,px,40,estabilidad_ari_80_sd,0.06750951875567233
kmedoides,ae_d8,completo,px,60,estabilidad_ari_80,0.7194562954088094
kmedoides,ae_d8,completo,px,60,estabilidad_ari_80_sd,0.03150167693487666
ward,ae_d8,completo,px,2,k_real,2.0
ward,ae_d8,completo,px,2,ruido_share_px,0.0
ward,ae_d8,completo,px,2,pseudo_r2,0.20279542241160997
ward,ae_d8,completo,px,2,pseudo_f,428432.12398358865
ward,ae_d8,completo,px,2,asw_corr,0.32881137431050605
ward,ae_d8,completo,px,2,nmi_estados,0.352276505448737
ward,ae_d8,completo,px,2,nmi_anio_primer_cambio,0.023894796067797267
ward,ae_d8,completo,px,2,costura_max_share_cluster,0.06374766629370358
ward,ae_d8,completo,px,2,solo_costura_max_share_cluster,0.054935204382692365
ward,ae_d8,completo,px,2,clusters_definidos_por_costura,0.0
ward,ae_d8,completo,px,2,cluster_mayor_share,0.7365601038355256
ward,ae_d8,completo,px,3,k_real,3.0
ward,ae_d8,completo,px,3,ruido_share_px,0.0
ward,ae_d8,completo,px,3,pseudo_r2,0.27557233843560613
ward,ae_d8,completo,px,3,pseudo_f,320334.71486901125
ward,ae_d8,completo,px,3,asw_corr,0.2866567876065384
ward,ae_d8,completo,px,3,nmi_estados,0.3342116400498171
ward,ae_d8,completo,px,3,nmi_anio_primer_cambio,0.062184186168655294
ward,ae_d8,completo,px,3,costura_max_share_cluster,0.07493969323198763
ward,ae_d8,completo,px,3,solo_costura_max_share_cluster,0.06622934777661463
ward,ae_d8,completo,px,3,clusters_definidos_por_costura,0.0
ward,ae_d8,completo,px,3,cluster_mayor_share,0.6321973254989603
ward,ae_d8,completo,px,4,k_real,4.0
ward,ae_d8,completo,px,4,ruido_share_px,0.0
ward,ae_d8,completo,px,4,pseudo_r2,0.36691815632240377
ward,ae_d8,completo,px,4,pseudo_f,325372.7940619865
ward,ae_d8,completo,px,4,asw_corr,0.33649289939174004
ward,ae_d8,completo,px,4,nmi_estados,0.47308929495615126
ward,ae_d8,completo,px,4,nmi_anio_primer_cambio,0.11046513960591396
ward,ae_d8,completo,px,4,costura_max_share_cluster,0.11186170885631158
ward,ae_d8,completo,px,4,solo_costura_max_share_cluster,0.09818579841736123
ward,ae_d8,completo,px,4,clusters_definidos_por_costura,0.0
ward,ae_d8,completo,px,4,cluster_mayor_share,0.3379499608716769
ward,ae_d8,completo,px,5,k_real,5.0
ward,ae_d8,completo,px,5,ruido_share_px,0.0
ward,ae_d8,completo,px,5,pseudo_r2,0.41393085915760086
ward,ae_d8,completo,px,5,pseudo_f,297380.06261454197
ward,ae_d8,completo,px,5,asw_corr,0.3577938327431227
ward,ae_d8,completo,px,5,nmi_estados,0.5062625744133451
ward,ae_d8,completo,px,5,nmi_anio_primer_cambio,0.12316952264327279
ward,ae_d8,completo,px,5,costura_max_share_cluster,0.14495014157682076
ward,ae_d8,completo,px,5,solo_costura_max_share_cluster,0.12626713393195757
ward,ae_d8,completo,px,5,clusters_definidos_por_costura,0.0
ward,ae_d8,completo,px,5,cluster_mayor_share,0.2942473646272834
ward,ae_d8,completo,px,6,k_real,6.0
ward,ae_d8,completo,px,6,ruido_share_px,0.0
ward,ae_d8,completo,px,6,pseudo_r2,0.5022132255570632
ward,ae_d8,completo,px,6,pseudo_f,339834.46288899495
ward,ae_d8,completo,px,6,asw_corr,0.34754488934611816
ward,ae_d8,completo,px,6,nmi_estados,0.5495014032216968
ward,ae_d8,completo,px,6,nmi_anio_primer_cambio,0.13285797413821113
ward,ae_d8,completo,px,6,costura_max_share_cluster,0.28850120565933585
ward,ae_d8,completo,px,6,solo_costura_max_share_cluster,0.2532683536213358
ward,ae_d8,completo,px,6,clusters_definidos_por_costura,0.0
ward,ae_d8,completo,px,6,cluster_mayor_share,0.2942473646272834
ward,ae_d8,completo,px,8,k_real,8.0
ward,ae_d8,completo,px,8,ruido_share_px,0.0
ward,ae_d8,completo,px,8,pseudo_r2,0.5736749496540544
ward,ae_d8,completo,px,8,pseudo_f,323756.9574046324
ward,ae_d8,completo,px,8,asw_corr,0.37264811654218893
ward,ae_d8,completo,px,8,nmi_estados,0.539053315410719
ward,ae_d8,completo,px,8,nmi_anio_primer_cambio,0.19482378413031082
ward,ae_d8,completo,px,8,costura_max_share_cluster,0.28850120565933585
ward,ae_d8,completo,px,8,solo_costura_max_share_cluster,0.2532683536213358
ward,ae_d8,completo,px,8,clusters_definidos_por_costura,0.0
ward,ae_d8,completo,px,8,cluster_mayor_share,0.26343989616447433
ward,ae_d8,completo,px,10,k_real,10.0
ward,ae_d8,completo,px,10,ruido_share_px,0.0
ward,ae_d8,completo,px,10,pseudo_r2,0.6275649289401906
ward,ae_d8,completo,px,10,pseudo_f,315324.1150625222
ward,ae_d8,completo,px,10,asw_corr,0.3120303422874043
ward,ae_d8,completo,px,10,nmi_estados,0.5646534661271961
ward,ae_d8,completo,px,10,nmi_anio_primer_cambio,0.2286396879729816
ward,ae_d8,completo,px,10,costura_max_share_cluster,0.28850120565933585
ward,ae_d8,completo,px,10,solo_costura_max_share_cluster,0.2532683536213358
ward,ae_d8,completo,px,10,clusters_definidos_por_costura,0.0
ward,ae_d8,completo,px,10,cluster_mayor_share,0.16890491758114526
ward,ae_d8,completo,px,12,k_real,12.0
ward,ae_d8,completo,px,12,ruido_share_px,0.0
ward,ae_d8,completo,px,12,pseudo_r2,0.6702723587087664
ward,ae_d8,completo,px,12,pseudo_f,311239.245102415
ward,ae_d8,completo,px,12,asw_corr,0.32968558361863615
ward,ae_d8,completo,px,12,nmi_estados,0.5992360094517891
ward,ae_d8,completo,px,12,nmi_anio_primer_cambio,0.2592846777847274
ward,ae_d8,completo,px,12,costura_max_share_cluster,0.3066672549971319
ward,ae_d8,completo,px,12,solo_costura_max_share_cluster,0.2867228522260954
ward,ae_d8,completo,px,12,clusters_definidos_por_costura,0.0
ward,ae_d8,completo,px,12,cluster_mayor_share,0.16890491758114526
ward,ae_d8,completo,px,16,k_real,16.0
ward,ae_d8,completo,px,16,ruido_share_px,0.0
ward,ae_d8,completo,px,16,pseudo_r2,0.7323177590391414
ward,ae_d8,completo,px,16,pseudo_f,307170.0019888985
ward,ae_d8,completo,px,16,asw_corr,0.41415888610350216
ward,ae_d8,completo,px,16,nmi_estados,0.6405963308316768
ward,ae_d8,completo,px,16,nmi_anio_primer_cambio,0.2820846607146185
ward,ae_d8,completo,px,16,costura_max_share_cluster,0.3066672549971319
ward,ae_d8,completo,px,16,solo_costura_max_share_cluster,0.2867228522260954
ward,ae_d8,completo,px,16,clusters_definidos_por_costura,0.0
ward,ae_d8,completo,px,16,cluster_mayor_share,0.13234576375042897
ward,ae_d8,completo,px,20,k_real,20.0
ward,ae_d8,completo,px,20,ruido_share_px,0.0
ward,ae_d8,completo,px,20,pseudo_r2,0.749686050610942
ward,ae_d8,completo,px,20,pseudo_f,265478.77074321377
ward,ae_d8,completo,px,20,asw_corr,0.3507651569174971
ward,ae_d8,completo,px,20,nmi_estados,0.6620421659466474
ward,ae_d8,completo,px,20,nmi_anio_primer_cambio,0.3240344770739259
ward,ae_d8,completo,px,20,costura_max_share_cluster,0.3066672549971319
ward,ae_d8,completo,px,20,solo_costura_max_share_cluster,0.2867228522260954
ward,ae_d8,completo,px,20,clusters_definidos_por_costura,0.0
ward,ae_d8,completo,px,20,cluster_mayor_share,0.13234576375042897
ward,ae_d8,completo,px,24,k_real,24.0
ward,ae_d8,completo,px,24,ruido_share_px,0.0
ward,ae_d8,completo,px,24,pseudo_r2,0.7739228124334258
ward,ae_d8,completo,px,24,pseudo_f,250669.2492810814
ward,ae_d8,completo,px,24,asw_corr,0.3397022192800377
ward,ae_d8,completo,px,24,nmi_estados,0.687394663478211
ward,ae_d8,completo,px,24,nmi_anio_primer_cambio,0.34738713939775195
ward,ae_d8,completo,px,24,costura_max_share_cluster,0.6550280623112972
ward,ae_d8,completo,px,24,solo_costura_max_share_cluster,0.5680812047344731
ward,ae_d8,completo,px,24,clusters_definidos_por_costura,0.0
ward,ae_d8,completo,px,24,cluster_mayor_share,0.13234576375042897
ward,ae_d8,completo,px,32,k_real,32.0
ward,ae_d8,completo,px,32,ruido_share_px,0.0
ward,ae_d8,completo,px,32,pseudo_r2,0.8138850752619009
ward,ae_d8,completo,px,32,pseudo_f,237577.94244478227
ward,ae_d8,completo,px,32,asw_corr,0.36030165818735665
ward,ae_d8,completo,px,32,nmi_estados,0.6896536861093603
ward,ae_d8,completo,px,32,nmi_anio_primer_cambio,0.4047850094848272
ward,ae_d8,completo,px,32,costura_max_share_cluster,0.6550280623112972
ward,ae_d8,completo,px,32,solo_costura_max_share_cluster,0.5680812047344731
ward,ae_d8,completo,px,32,clusters_definidos_por_costura,0.0
ward,ae_d8,completo,px,32,cluster_mayor_share,0.0987945626474734
ward,ae_d8,completo,px,40,k_real,40.0
ward,ae_d8,completo,px,40,ruido_share_px,0.0
ward,ae_d8,completo,px,40,pseudo_r2,0.8373349182284502
ward,ae_d8,completo,px,40,pseudo_f,222292.14858659427
ward,ae_d8,completo,px,40,asw_corr,0.39293539888061557
ward,ae_d8,completo,px,40,nmi_estados,0.712504861972719
ward,ae_d8,completo,px,40,nmi_anio_primer_cambio,0.4153049455680835
ward,ae_d8,completo,px,40,costura_max_share_cluster,0.6550280623112972
ward,ae_d8,completo,px,40,solo_costura_max_share_cluster,0.5680812047344731
ward,ae_d8,completo,px,40,clusters_definidos_por_costura,0.0
ward,ae_d8,completo,px,40,cluster_mayor_share,0.0987945626474734
ward,ae_d8,completo,px,60,k_real,60.0
ward,ae_d8,completo,px,60,ruido_share_px,0.0
ward,ae_d8,completo,px,60,pseudo_r2,0.8778253694625759
ward,ae_d8,completo,px,60,pseudo_f,205094.3935081889
ward,ae_d8,completo,px,60,asw_corr,0.45536246587015844
ward,ae_d8,completo,px,60,nmi_estados,0.7396876893505442
ward,ae_d8,completo,px,60,nmi_anio_primer_cambio,0.45672605179367515
ward,ae_d8,completo,px,60,costura_max_share_cluster,0.6550280623112972
ward,ae_d8,completo,px,60,solo_costura_max_share_cluster,0.5680812047344731
ward,ae_d8,completo,px,60,clusters_definidos_por_costura,0.0
ward,ae_d8,completo,px,60,cluster_mayor_share,0.06150212385450202
ward,ae_d8,completo,px,2,estabilidad_ari_80,0.9880721929565158
ward,ae_d8,completo,px,2,estabilidad_ari_80_sd,0.006003282099689162
ward,ae_d8,completo,px,3,estabilidad_ari_80,0.9883894343774735
ward,ae_d8,completo,px,3,estabilidad_ari_80_sd,0.00488803533254636
ward,ae_d8,completo,px,4,estabilidad_ari_80,0.6792634361228578
ward,ae_d8,completo,px,4,estabilidad_ari_80_sd,0.04491059939598649
ward,ae_d8,completo,px,5,estabilidad_ari_80,0.6955590359918505
ward,ae_d8,completo,px,5,estabilidad_ari_80_sd,0.02483982885228928
ward,ae_d8,completo,px,6,estabilidad_ari_80,0.8272072453426575
ward,ae_d8,completo,px,6,estabilidad_ari_80_sd,0.02877795438259811
ward,ae_d8,completo,px,8,estabilidad_ari_80,0.6061735737292986
ward,ae_d8,completo,px,8,estabilidad_ari_80_sd,0.025789318175914924
ward,ae_d8,completo,px,10,estabilidad_ari_80,0.8380078614701765
ward,ae_d8,completo,px,10,estabilidad_ari_80_sd,0.01604279444411245
ward,ae_d8,completo,px,12,estabilidad_ari_80,0.8385394640263042
ward,ae_d8,completo,px,12,estabilidad_ari_80_sd,0.018092747280365827
ward,ae_d8,completo,px,16,estabilidad_ari_80,0.9317332990697927
ward,ae_d8,completo,px,16,estabilidad_ari_80_sd,0.023862693406856372
ward,ae_d8,completo,px,20,estabilidad_ari_80,0.9359324973913342
ward,ae_d8,completo,px,20,estabilidad_ari_80_sd,0.03162672721874112
ward,ae_d8,completo,px,24,estabilidad_ari_80,0.9410645810838659
ward,ae_d8,completo,px,24,estabilidad_ari_80_sd,0.02828254543943724
ward,ae_d8,completo,px,32,estabilidad_ari_80,0.9254848060814721
ward,ae_d8,completo,px,32,estabilidad_ari_80_sd,0.05092811803174897
ward,ae_d8,completo,px,40,estabilidad_ari_80,0.9557681178442261
ward,ae_d8,completo,px,40,estabilidad_ari_80_sd,0.02932604966732638
ward,ae_d8,completo,px,60,estabilidad_ari_80,0.9418393319342349
ward,ae_d8,completo,px,60,estabilidad_ari_80_sd,0.041410580136897364
kmeans,ae_d8,completo,px,2,k_real,2.0
kmeans,ae_d8,completo,px,2,ruido_share_px,0.0
kmeans,ae_d8,completo,px,2,pseudo_r2,0.08403526324573796
kmeans,ae_d8,completo,px,2,pseudo_f,154517.0732882073
kmeans,ae_d8,completo,px,2,asw_corr,0.14854717217501873
kmeans,ae_d8,completo,px,2,nmi_estados,0.1856111657584862
kmeans,ae_d8,completo,px,2,nmi_anio_primer_cambio,0.07419450248933483
kmeans,ae_d8,completo,px,2,costura_max_share_cluster,0.08851700892670285
kmeans,ae_d8,completo,px,2,solo_costura_max_share_cluster,0.07750201645517926
kmeans,ae_d8,completo,px,2,clusters_definidos_por_costura,0.0
kmeans,ae_d8,completo,px,2,cluster_mayor_share,0.5248640008740044
kmeans,ae_d8,completo,px,3,k_real,3.0
kmeans,ae_d8,completo,px,3,ruido_share_px,0.0
kmeans,ae_d8,completo,px,3,pseudo_r2,0.2454392618027541
kmeans,ae_d8,completo,px,3,pseudo_f,273913.37659346923
kmeans,ae_d8,completo,px,3,asw_corr,0.2550720251214106
kmeans,ae_d8,completo,px,3,nmi_estados,0.32310307384402903
kmeans,ae_d8,completo,px,3,nmi_anio_primer_cambio,0.08213507847520338
kmeans,ae_d8,completo,px,3,costura_max_share_cluster,0.08606674732975922
kmeans,ae_d8,completo,px,3,solo_costura_max_share_cluster,0.0738563854879262
kmeans,ae_d8,completo,px,3,clusters_definidos_por_costura,0.0
kmeans,ae_d8,completo,px,3,cluster_mayor_share,0.35872122227618775
kmeans,ae_d8,completo,px,4,k_real,4.0
kmeans,ae_d8,completo,px,4,ruido_share_px,0.0
kmeans,ae_d8,completo,px,4,pseudo_r2,0.3010319149062476
kmeans,ae_d8,completo,px,4,pseudo_f,241783.73797675807
kmeans,ae_d8,completo,px,4,asw_corr,0.2690619097868495
kmeans,ae_d8,completo,px,4,nmi_estados,0.4071782083466821
kmeans,ae_d8,completo,px,4,nmi_anio_primer_cambio,0.09371689757572267
kmeans,ae_d8,completo,px,4,costura_max_share_cluster,0.1729819807192138
kmeans,ae_d8,completo,px,4,solo_costura_max_share_cluster,0.14968618106495973
kmeans,ae_d8,completo,px,4,clusters_definidos_por_costura,0.0
kmeans,ae_d8,completo,px,4,cluster_mayor_share,0.36568713254110846
kmeans,ae_d8,completo,px,5,k_real,5.0
kmeans,ae_d8,completo,px,5,ruido_share_px,0.0
kmeans,ae_d8,completo,px,5,pseudo_r2,0.4125933854864965
kmeans,ae_d8,completo,px,5,pseudo_f,295744.261677967
kmeans,ae_d8,completo,px,5,asw_corr,0.3349601559954836
kmeans,ae_d8,completo,px,5,nmi_estados,0.47901877882001553
kmeans,ae_d8,completo,px,5,nmi_anio_primer_cambio,0.13704027889399778
kmeans,ae_d8,completo,px,5,costura_max_share_cluster,0.19257285950237094
kmeans,ae_d8,completo,px,5,solo_costura_max_share_cluster,0.16812119274690535
kmeans,ae_d8,completo,px,5,clusters_definidos_por_costura,0.0
kmeans,ae_d8,completo,px,5,cluster_mayor_share,0.2966680956322341
kmeans,ae_d8,completo,px,6,k_real,6.0
kmeans,ae_d8,completo,px,6,ruido_share_px,0.0
kmeans,ae_d8,completo,px,6,pseudo_r2,0.5164053902923784
kmeans,ae_d8,completo,px,6,pseudo_f,359692.9640033396
kmeans,ae_d8,completo,px,6,asw_corr,0.401212875329096
kmeans,ae_d8,completo,px,6,nmi_estados,0.5560648729208051
kmeans,ae_d8,completo,px,6,nmi_anio_primer_cambio,0.13620171737875963
kmeans,ae_d8,completo,px,6,costura_max_share_cluster,0.2374440063126151
kmeans,ae_d8,completo,px,6,solo_costura_max_share_cluster,0.2080701245378735
kmeans,ae_d8,completo,px,6,clusters_definidos_por_costura,0.0
kmeans,ae_d8,completo,px,6,cluster_mayor_share,0.24216928848202293
kmeans,ae_d8,completo,px,8,k_real,8.0
kmeans,ae_d8,completo,px,8,ruido_share_px,0.0
kmeans,ae_d8,completo,px,8,pseudo_r2,0.5815160052738291
kmeans,ae_d8,completo,px,8,pseudo_f,334331.1911322741
kmeans,ae_d8,completo,px,8,asw_corr,0.39701877385028655
kmeans,ae_d8,completo,px,8,nmi_estados,0.5661024795884113
kmeans,ae_d8,completo,px,8,nmi_anio_primer_cambio,0.1780807457585561
kmeans,ae_d8,completo,px,8,costura_max_share_cluster,0.26008003497326565
kmeans,ae_d8,completo,px,8,solo_costura_max_share_cluster,0.2275728329466097
kmeans,ae_d8,completo,px,8,clusters_definidos_por_costura,0.0
kmeans,ae_d8,completo,px,8,cluster_mayor_share,0.22349931896530226
kmeans,ae_d8,completo,px,10,k_real,10.0
kmeans,ae_d8,completo,px,10,ruido_share_px,0.0
kmeans,ae_d8,completo,px,10,pseudo_r2,0.6234407607609557
kmeans,ae_d8,completo,px,10,pseudo_f,309821.08887637925
kmeans,ae_d8,completo,px,10,asw_corr,0.3894411489444991
kmeans,ae_d8,completo,px,10,nmi_estados,0.550056833219219
kmeans,ae_d8,completo,px,10,nmi_anio_primer_cambio,0.24221609473287425
kmeans,ae_d8,completo,px,10,costura_max_share_cluster,0.267212680420684
kmeans,ae_d8,completo,px,10,solo_costura_max_share_cluster,0.2338643720265865
kmeans,ae_d8,completo,px,10,clusters_definidos_por_costura,0.0
kmeans,ae_d8,completo,px,10,cluster_mayor_share,0.20175845890219818
kmeans,ae_d8,completo,px,12,k_real,12.0
kmeans,ae_d8,completo,px,12,ruido_share_px,0.0
kmeans,ae_d8,completo,px,12,pseudo_r2,0.6704834125098941
kmeans,ae_d8,completo,px,12,pseudo_f,311536.6574124959
kmeans,ae_d8,completo,px,12,asw_corr,0.353282478132556
kmeans,ae_d8,completo,px,12,nmi_estados,0.5823424319690321
kmeans,ae_d8,completo,px,12,nmi_anio_primer_cambio,0.25737941125780656
kmeans,ae_d8,completo,px,12,costura_max_share_cluster,0.34618042984563735
kmeans,ae_d8,completo,px,12,solo_costura_max_share_cluster,0.31807260639173224
kmeans,ae_d8,completo,px,12,clusters_definidos_por_costura,0.0
kmeans,ae_d8,completo,px,12,cluster_mayor_share,0.15129598468592248
kmeans,ae_d8,completo,px,16,k_real,16.0
kmeans,ae_d8,completo,px,16,ruido_share_px,0.0
kmeans,ae_d8,completo,px,16,pseudo_r2,0.7266193476044309
kmeans,ae_d8,completo,px,16,pseudo_f,298426.905693821
kmeans,ae_d8,completo,px,16,asw_corr,0.38142305630133394
kmeans,ae_d8,completo,px,16,nmi_estados,0.633823623417645
kmeans,ae_d8,completo,px,16,nmi_anio_primer_cambio,0.29218226499060784
kmeans,ae_d8,completo,px,16,costura_max_share_cluster,0.5261135270237081
kmeans,ae_d8,completo,px,16,solo_costura_max_share_cluster,0.45168094543248044
kmeans,ae_d8,completo,px,16,clusters_definidos_por_costura,0.0
kmeans,ae_d8,completo,px,16,cluster_mayor_share,0.1414871850288742
kmeans,ae_d8,completo,px,20,k_real,20.0
kmeans,ae_d8,completo,px,20,ruido_share_px,0.0
kmeans,ae_d8,completo,px,20,pseudo_r2,0.7552098378015453
kmeans,ae_d8,completo,px,20,pseudo_f,273469.6275169507
kmeans,ae_d8,completo,px,20,asw_corr,0.38429904706415463
kmeans,ae_d8,completo,px,20,nmi_estados,0.660709122872057
kmeans,ae_d8,completo,px,20,nmi_anio_primer_cambio,0.32480896995084846
kmeans,ae_d8,completo,px,20,costura_max_share_cluster,0.5588108308147782
kmeans,ae_d8,completo,px,20,solo_costura_max_share_cluster,0.482082279652131
kmeans,ae_d8,completo,px,20,clusters_definidos_por_costura,0.0
kmeans,ae_d8,completo,px,20,cluster_mayor_share,0.13463468158807554
kmeans,ae_d8,completo,px,24,k_real,24.0
kmeans,ae_d8,completo,px,24,ruido_share_px,0.0
kmeans,ae_d8,completo,px,24,pseudo_r2,0.7818304977225424
kmeans,ae_d8,completo,px,24,pseudo_f,262408.9965645923
kmeans,ae_d8,completo,px,24,asw_corr,0.3858958410492982
kmeans,ae_d8,completo,px,24,nmi_estados,0.6756310142002732
kmeans,ae_d8,completo,px,24,nmi_anio_primer_cambio,0.343205805242824
kmeans,ae_d8,completo,px,24,costura_max_share_cluster,0.5587763661033675
kmeans,ae_d8,completo,px,24,solo_costura_max_share_cluster,0.48205254718144813
kmeans,ae_d8,completo,px,24,clusters_definidos_por_costura,0.0
kmeans,ae_d8,completo,px,24,cluster_mayor_share,0.1343835240665906
kmeans,ae_d8,completo,px,32,k_real,32.0
kmeans,ae_d8,completo,px,32,ruido_share_px,0.0
kmeans,ae_d8,completo,px,32,pseudo_r2,0.8172218387592098
kmeans,ae_d8,completo,px,32,pseudo_f,242906.92322706088
kmeans,ae_d8,completo,px,32,asw_corr,0.381415611918915
kmeans,ae_d8,completo,px,32,nmi_estados,0.697542191651125
kmeans,ae_d8,completo,px,32,nmi_anio_primer_cambio,0.3735341307705773
kmeans,ae_d8,completo,px,32,costura_max_share_cluster,0.5679420662413593
kmeans,ae_d8,completo,px,32,solo_costura_max_share_cluster,0.49005439127231687
kmeans,ae_d8,completo,px,32,clusters_definidos_por_costura,0.0
kmeans,ae_d8,completo,px,32,cluster_mayor_share,0.11772222096874366
kmeans,ae_d8,completo,px,40,k_real,40.0
kmeans,ae_d8,completo,px,40,ruido_share_px,0.0
kmeans,ae_d8,completo,px,40,pseudo_r2,0.8384623244555203
kmeans,ae_d8,completo,px,40,pseudo_f,224144.96129630046
kmeans,ae_d8,completo,px,40,asw_corr,0.39933342424883317
kmeans,ae_d8,completo,px,40,nmi_estados,0.7104022103775482
kmeans,ae_d8,completo,px,40,nmi_anio_primer_cambio,0.407834857244757
kmeans,ae_d8,completo,px,40,costura_max_share_cluster,0.5660070394994133
kmeans,ae_d8,completo,px,40,solo_costura_max_share_cluster,0.4883066093077826
kmeans,ae_d8,completo,px,40,clusters_definidos_por_costura,0.0
kmeans,ae_d8,completo,px,40,cluster_mayor_share,0.1003442579928061
kmeans,ae_d8,completo,px,60,k_real,60.0
kmeans,ae_d8,completo,px,60,ruido_share_px,0.0
kmeans,ae_d8,completo,px,60,pseudo_r2,0.8770543552288398
kmeans,ae_d8,completo,px,60,pseudo_f,203629.2002644013
kmeans,ae_d8,completo,px,60,asw_corr,0.4536247400993696
kmeans,ae_d8,completo,px,60,nmi_estados,0.7283592765573706
kmeans,ae_d8,completo,px,60,nmi_anio_primer_cambio,0.461004135447121
kmeans,ae_d8,completo,px,60,costura_max_share_cluster,0.5931517663311624
kmeans,ae_d8,completo,px,60,solo_costura_max_share_cluster,0.5133708308663903
kmeans,ae_d8,completo,px,60,clusters_definidos_por_costura,0.0
kmeans,ae_d8,completo,px,60,cluster_mayor_share,0.06532114318828738
kmeans,ae_d8,completo,px,2,estabilidad_ari_80,0.9751976938411421
kmeans,ae_d8,completo,px,2,estabilidad_ari_80_sd,0.02915019602781391
kmeans,ae_d8,completo,px,3,estabilidad_ari_80,0.9910334210330565
kmeans,ae_d8,completo,px,3,estabilidad_ari_80_sd,0.014355474618518582
kmeans,ae_d8,completo,px,4,estabilidad_ari_80,0.8950085118235853
kmeans,ae_d8,completo,px,4,estabilidad_ari_80_sd,0.04579201410987573
kmeans,ae_d8,completo,px,5,estabilidad_ari_80,0.9013991870954895
kmeans,ae_d8,completo,px,5,estabilidad_ari_80_sd,0.10191087575678093
kmeans,ae_d8,completo,px,6,estabilidad_ari_80,0.8354780304861847
kmeans,ae_d8,completo,px,6,estabilidad_ari_80_sd,0.11002227888145467
kmeans,ae_d8,completo,px,8,estabilidad_ari_80,0.8769758365241292
kmeans,ae_d8,completo,px,8,estabilidad_ari_80_sd,0.07823675691184935
kmeans,ae_d8,completo,px,10,estabilidad_ari_80,0.8385137083519443
kmeans,ae_d8,completo,px,10,estabilidad_ari_80_sd,0.0583419989850542
kmeans,ae_d8,completo,px,12,estabilidad_ari_80,0.8675147747243181
kmeans,ae_d8,completo,px,12,estabilidad_ari_80_sd,0.04600219303771672
kmeans,ae_d8,completo,px,16,estabilidad_ari_80,0.8392507387050909
kmeans,ae_d8,completo,px,16,estabilidad_ari_80_sd,0.034518712269871424
kmeans,ae_d8,completo,px,20,estabilidad_ari_80,0.7538727111932028
kmeans,ae_d8,completo,px,20,estabilidad_ari_80_sd,0.10158693534117037
kmeans,ae_d8,completo,px,24,estabilidad_ari_80,0.8428417546721155
kmeans,ae_d8,completo,px,24,estabilidad_ari_80_sd,0.07898123042814038
kmeans,ae_d8,completo,px,32,estabilidad_ari_80,0.7447780087123401
kmeans,ae_d8,completo,px,32,estabilidad_ari_80_sd,0.05380766590971444
kmeans,ae_d8,completo,px,40,estabilidad_ari_80,0.7988374327242006
kmeans,ae_d8,completo,px,40,estabilidad_ari_80_sd,0.06402037298791872
kmeans,ae_d8,completo,px,60,estabilidad_ari_80,0.7704995896146254
kmeans,ae_d8,completo,px,60,estabilidad_ari_80_sd,0.05666620025355479
kmedoides,ae_d16,completo,px,2,k_real,2.0
kmedoides,ae_d16,completo,px,2,ruido_share_px,0.0
kmedoides,ae_d16,completo,px,2,pseudo_r2,0.1877648152621001
kmedoides,ae_d16,completo,px,2,pseudo_f,389337.35918676597
kmedoides,ae_d16,completo,px,2,asw_corr,0.3169526605268532
kmedoides,ae_d16,completo,px,2,nmi_estados,0.3367789753515341
kmedoides,ae_d16,completo,px,2,nmi_anio_primer_cambio,0.02381520056596862
kmedoides,ae_d16,completo,px,2,costura_max_share_cluster,0.06471052043496776
kmedoides,ae_d16,completo,px,2,solo_costura_max_share_cluster,0.05576745500006325
kmedoides,ae_d16,completo,px,2,clusters_definidos_por_costura,0.0
kmedoides,ae_d16,completo,px,2,cluster_mayor_share,0.7040930957212971
kmedoides,ae_d16,completo,px,3,k_real,3.0
kmedoides,ae_d16,completo,px,3,ruido_share_px,0.0
kmedoides,ae_d16,completo,px,3,pseudo_r2,0.2397279059715739
kmedoides,ae_d16,completo,px,3,pseudo_f,265529.60622958414
kmedoides,ae_d16,completo,px,3,asw_corr,0.2585607441404205
kmedoides,ae_d16,completo,px,3,nmi_estados,0.345528661233739
kmedoides,ae_d16,completo,px,3,nmi_anio_primer_cambio,0.05347926706339863
kmedoides,ae_d16,completo,px,3,costura_max_share_cluster,0.12551454229380027
kmedoides,ae_d16,completo,px,3,solo_costura_max_share_cluster,0.10929463795137857
kmedoides,ae_d16,completo,px,3,clusters_definidos_por_costura,0.0
kmedoides,ae_d16,completo,px,3,cluster_mayor_share,0.4738249924890245
kmedoides,ae_d16,completo,px,4,k_real,4.0
kmedoides,ae_d16,completo,px,4,ruido_share_px,0.0
kmedoides,ae_d16,completo,px,4,pseudo_r2,0.38451047697697205
kmedoides,ae_d16,completo,px,4,pseudo_f,350719.09002499434
kmedoides,ae_d16,completo,px,4,asw_corr,0.3851057993439353
kmedoides,ae_d16,completo,px,4,nmi_estados,0.42739598684694774
kmedoides,ae_d16,completo,px,4,nmi_anio_primer_cambio,0.04255271220160761
kmedoides,ae_d16,completo,px,4,costura_max_share_cluster,0.07177948478795824
kmedoides,ae_d16,completo,px,4,solo_costura_max_share_cluster,0.06175886574746221
kmedoides,ae_d16,completo,px,4,clusters_definidos_por_costura,0.0
kmedoides,ae_d16,completo,px,4,cluster_mayor_share,0.4048766121878492
kmedoides,ae_d16,completo,px,5,k_real,5.0
kmedoides,ae_d16,completo,px,5,ruido_share_px,0.0
kmedoides,ae_d16,completo,px,5,pseudo_r2,0.30886257411531703
kmedoides,ae_d16,completo,px,5,pseudo_f,188162.80281430169
kmedoides,ae_d16,completo,px,5,asw_corr,0.21276893264529087
kmedoides,ae_d16,completo,px,5,nmi_estados,0.38004418817017244
kmedoides,ae_d16,completo,px,5,nmi_anio_primer_cambio,0.21442585761377575
kmedoides,ae_d16,completo,px,5,costura_max_share_cluster,0.16624773609511911
kmedoides,ae_d16,completo,px,5,solo_costura_max_share_cluster,0.14691482830972968
kmedoides,ae_d16,completo,px,5,clusters_definidos_por_costura,0.0
kmedoides,ae_d16,completo,px,5,cluster_mayor_share,0.2546470079004775
kmedoides,ae_d16,completo,px,6,k_real,6.0
kmedoides,ae_d16,completo,px,6,ruido_share_px,0.0
kmedoides,ae_d16,completo,px,6,pseudo_r2,0.48102274237975073
kmedoides,ae_d16,completo,px,6,pseudo_f,312205.0404828364
kmedoides,ae_d16,completo,px,6,asw_corr,0.3761203136690455
kmedoides,ae_d16,completo,px,6,nmi_estados,0.524929176157877
kmedoides,ae_d16,completo,px,6,nmi_anio_primer_cambio,0.1376023463782879
kmedoides,ae_d16,completo,px,6,costura_max_share_cluster,0.16790817223691742
kmedoides,ae_d16,completo,px,6,solo_costura_max_share_cluster,0.150413606551857
kmedoides,ae_d16,completo,px,6,clusters_definidos_por_costura,0.0
kmedoides,ae_d16,completo,px,6,cluster_mayor_share,0.289836967299647
kmedoides,ae_d16,completo,px,8,k_real,8.0
kmedoides,ae_d16,completo,px,8,ruido_share_px,0.0
kmedoides,ae_d16,completo,px,8,pseudo_r2,0.4724809247392311
kmedoides,ae_d16,completo,px,8,pseudo_f,215496.48314122943
kmedoides,ae_d16,completo,px,8,asw_corr,0.17371317441064157
kmedoides,ae_d16,completo,px,8,nmi_estados,0.5043922657845031
kmedoides,ae_d16,completo,px,8,nmi_anio_primer_cambio,0.23360685656165872
kmedoides,ae_d16,completo,px,8,costura_max_share_cluster,0.1693252078546294
kmedoides,ae_d16,completo,px,8,solo_costura_max_share_cluster,0.15218053332292195
kmedoides,ae_d16,completo,px,8,clusters_definidos_por_costura,0.0
kmedoides,ae_d16,completo,px,8,cluster_mayor_share,0.22004070770608275
kmedoides,ae_d16,completo,px,10,k_real,10.0
kmedoides,ae_d16,completo,px,10,ruido_share_px,0.0
kmedoides,ae_d16,completo,px,10,pseudo_r2,0.5399344777972794
kmedoides,ae_d16,completo,px,10,pseudo_f,219619.27985013873
kmedoides,ae_d16,completo,px,10,asw_corr,0.21207294641693858
kmedoides,ae_d16,completo,px,10,nmi_estados,0.5888912849470724
kmedoides,ae_d16,completo,px,10,nmi_anio_primer_cambio,0.2631302414482156
kmedoides,ae_d16,completo,px,10,costura_max_share_cluster,0.2506785294779197
kmedoides,ae_d16,completo,px,10,solo_costura_max_share_cluster,0.22265763626821283
kmedoides,ae_d16,completo,px,10,clusters_definidos_por_costura,0.0
kmedoides,ae_d16,completo,px,10,cluster_mayor_share,0.1560371024378311
kmedoides,ae_d16,completo,px,12,k_real,12.0
kmedoides,ae_d16,completo,px,12,ruido_share_px,0.0
kmedoides,ae_d16,completo,px,12,pseudo_r2,0.6242983850718345
kmedoides,ae_d16,completo,px,12,pseudo_f,254417.8328023735
kmedoides,ae_d16,completo,px,12,asw_corr,0.2666778417306718
kmedoides,ae_d16,completo,px,12,nmi_estados,0.6486175684632585
kmedoides,ae_d16,completo,px,12,nmi_anio_primer_cambio,0.23998440360375073
kmedoides,ae_d16,completo,px,12,costura_max_share_cluster,0.2327777186068804
kmedoides,ae_d16,completo,px,12,solo_costura_max_share_cluster,0.20994248588774098
kmedoides,ae_d16,completo,px,12,clusters_definidos_por_costura,0.0
kmedoides,ae_d16,completo,px,12,cluster_mayor_share,0.21923320361809331
kmedoides,ae_d16,completo,px,16,k_real,16.0
kmedoides,ae_d16,completo,px,16,ruido_share_px,0.0
kmedoides,ae_d16,completo,px,16,pseudo_r2,0.7048985334634632
kmedoides,ae_d16,completo,px,16,pseudo_f,268197.07255565503
kmedoides,ae_d16,completo,px,16,asw_corr,0.34949472777562696
kmedoides,ae_d16,completo,px,16,nmi_estados,0.6442534035997595
kmedoides,ae_d16,completo,px,16,nmi_anio_primer_cambio,0.29951695037837767
kmedoides,ae_d16,completo,px,16,costura_max_share_cluster,0.3341551473415013
kmedoides,ae_d16,completo,px,16,solo_costura_max_share_cluster,0.29258528757918667
kmedoides,ae_d16,completo,px,16,clusters_definidos_por_costura,0.0
kmedoides,ae_d16,completo,px,16,cluster_mayor_share,0.14929681831514272
kmedoides,ae_d16,completo,px,20,k_real,20.0
kmedoides,ae_d16,completo,px,20,ruido_share_px,0.0
kmedoides,ae_d16,completo,px,20,pseudo_r2,0.713494501089776
kmedoides,ae_d16,completo,px,20,pseudo_f,220746.12518324825
kmedoides,ae_d16,completo,px,20,asw_corr,0.3180593926794656
kmedoides,ae_d16,completo,px,20,nmi_estados,0.6929060201015554
kmedoides,ae_d16,completo,px,20,nmi_anio_primer_cambio,0.3200015273236429
kmedoides,ae_d16,completo,px,20,costura_max_share_cluster,0.44422158428501585
kmedoides,ae_d16,completo,px,20,solo_costura_max_share_cluster,0.3850772837246618
kmedoides,ae_d16,completo,px,20,clusters_definidos_por_costura,0.0
kmedoides,ae_d16,completo,px,20,cluster_mayor_share,0.12869477651730613
kmedoides,ae_d16,completo,px,24,k_real,24.0
kmedoides,ae_d16,completo,px,24,ruido_share_px,0.0
kmedoides,ae_d16,completo,px,24,pseudo_r2,0.7703223984700884
kmedoides,ae_d16,completo,px,24,pseudo_f,245591.89807396504
kmedoides,ae_d16,completo,px,24,asw_corr,0.32113504664584847
kmedoides,ae_d16,completo,px,24,nmi_estados,0.6706482603517611
kmedoides,ae_d16,completo,px,24,nmi_anio_primer_cambio,0.37068983831736585
kmedoides,ae_d16,completo,px,24,costura_max_share_cluster,0.44867916465176955
kmedoides,ae_d16,completo,px,24,solo_costura_max_share_cluster,0.3937090226155801
kmedoides,ae_d16,completo,px,24,clusters_definidos_por_costura,0.0
kmedoides,ae_d16,completo,px,24,cluster_mayor_share,0.12339553093987539
kmedoides,ae_d16,completo,px,32,k_real,32.0
kmedoides,ae_d16,completo,px,32,ruido_share_px,0.0
kmedoides,ae_d16,completo,px,32,pseudo_r2,0.7846349486586025
kmedoides,ae_d16,completo,px,32,pseudo_f,197932.2914596787
kmedoides,ae_d16,completo,px,32,asw_corr,0.3149427529167517
kmedoides,ae_d16,completo,px,32,nmi_estados,0.6817513868273798
kmedoides,ae_d16,completo,px,32,nmi_anio_primer_cambio,0.3925988869147004
kmedoides,ae_d16,completo,px,32,costura_max_share_cluster,0.3618504497351936
kmedoides,ae_d16,completo,px,32,solo_costura_max_share_cluster,0.3166251948529768
kmedoides,ae_d16,completo,px,32,clusters_definidos_por_costura,0.0
kmedoides,ae_d16,completo,px,32,cluster_mayor_share,0.10677341554041617
kmedoides,ae_d16,completo,px,40,k_real,40.0
kmedoides,ae_d16,completo,px,40,ruido_share_px,0.0
kmedoides,ae_d16,completo,px,40,pseudo_r2,0.8305498243498436
kmedoides,ae_d16,completo,px,40,pseudo_f,211662.01410544093
kmedoides,ae_d16,completo,px,40,asw_corr,0.38726343746802533
kmedoides,ae_d16,completo,px,40,nmi_estados,0.7035058934995552
kmedoides,ae_d16,completo,px,40,nmi_anio_primer_cambio,0.41965526161520994
kmedoides,ae_d16,completo,px,40,costura_max_share_cluster,0.5919662404416663
kmedoides,ae_d16,completo,px,40,solo_costura_max_share_cluster,0.5187993781133992
kmedoides,ae_d16,completo,px,40,clusters_definidos_por_costura,0.0
kmedoides,ae_d16,completo,px,40,cluster_mayor_share,0.08571715269308551
kmedoides,ae_d16,completo,px,60,k_real,60.0
kmedoides,ae_d16,completo,px,60,ruido_share_px,0.0
kmedoides,ae_d16,completo,px,60,pseudo_r2,0.8684586320540761
kmedoides,ae_d16,completo,px,60,pseudo_f,188457.52240377228
kmedoides,ae_d16,completo,px,60,asw_corr,0.42185642509972565
kmedoides,ae_d16,completo,px,60,nmi_estados,0.7328359093430432
kmedoides,ae_d16,completo,px,60,nmi_anio_primer_cambio,0.4442292424049897
kmedoides,ae_d16,completo,px,60,costura_max_share_cluster,0.5973530731269627
kmedoides,ae_d16,completo,px,60,solo_costura_max_share_cluster,0.5238575914888163
kmedoides,ae_d16,completo,px,60,clusters_definidos_por_costura,0.0
kmedoides,ae_d16,completo,px,60,cluster_mayor_share,0.09723299224202323
kmedoides,ae_d16,completo,px,2,estabilidad_ari_80,1.0
kmedoides,ae_d16,completo,px,2,estabilidad_ari_80_sd,0.0
kmedoides,ae_d16,completo,px,3,estabilidad_ari_80,0.8122146333984942
kmedoides,ae_d16,completo,px,3,estabilidad_ari_80_sd,0.13658607865486966
kmedoides,ae_d16,completo,px,4,estabilidad_ari_80,0.4335349732564159
kmedoides,ae_d16,completo,px,4,estabilidad_ari_80_sd,0.04872261937775046
kmedoides,ae_d16,completo,px,5,estabilidad_ari_80,0.6747296244288242
kmedoides,ae_d16,completo,px,5,estabilidad_ari_80_sd,0.0852556405744015
kmedoides,ae_d16,completo,px,6,estabilidad_ari_80,0.6955857271127647
kmedoides,ae_d16,completo,px,6,estabilidad_ari_80_sd,0.15348607694392938
kmedoides,ae_d16,completo,px,8,estabilidad_ari_80,0.5971113368709755
kmedoides,ae_d16,completo,px,8,estabilidad_ari_80_sd,0.06881289309508845
kmedoides,ae_d16,completo,px,10,estabilidad_ari_80,0.7261799884438769
kmedoides,ae_d16,completo,px,10,estabilidad_ari_80_sd,0.07260396780611587
kmedoides,ae_d16,completo,px,12,estabilidad_ari_80,0.6110298045591306
kmedoides,ae_d16,completo,px,12,estabilidad_ari_80_sd,0.07891162961195225
kmedoides,ae_d16,completo,px,16,estabilidad_ari_80,0.8065407612716591
kmedoides,ae_d16,completo,px,16,estabilidad_ari_80_sd,0.08573792538653682
kmedoides,ae_d16,completo,px,20,estabilidad_ari_80,0.7640269705392224
kmedoides,ae_d16,completo,px,20,estabilidad_ari_80_sd,0.0676326337077995
kmedoides,ae_d16,completo,px,24,estabilidad_ari_80,0.7549623645983908
kmedoides,ae_d16,completo,px,24,estabilidad_ari_80_sd,0.06240845011438125
kmedoides,ae_d16,completo,px,32,estabilidad_ari_80,0.7228157140835375
kmedoides,ae_d16,completo,px,32,estabilidad_ari_80_sd,0.047404207866102194
kmedoides,ae_d16,completo,px,40,estabilidad_ari_80,0.7288857620411758
kmedoides,ae_d16,completo,px,40,estabilidad_ari_80_sd,0.050818016438247474
kmedoides,ae_d16,completo,px,60,estabilidad_ari_80,0.7224764737496907
kmedoides,ae_d16,completo,px,60,estabilidad_ari_80_sd,0.038828256370854804
ward,ae_d16,completo,px,2,k_real,2.0
ward,ae_d16,completo,px,2,ruido_share_px,0.0
ward,ae_d16,completo,px,2,pseudo_r2,0.18625899904269594
ward,ae_d16,completo,px,2,pseudo_f,385500.30761466804
ward,ae_d16,completo,px,2,asw_corr,0.31484923523127667
ward,ae_d16,completo,px,2,nmi_estados,0.3489660861179819
ward,ae_d16,completo,px,2,nmi_anio_primer_cambio,0.019369883318392154
ward,ae_d16,completo,px,2,costura_max_share_cluster,0.05995529221127847
ward,ae_d16,completo,px,2,solo_costura_max_share_cluster,0.05480315882978827
ward,ae_d16,completo,px,2,clusters_definidos_por_costura,0.0
ward,ae_d16,completo,px,2,cluster_mayor_share,0.6958708040959457
ward,ae_d16,completo,px,3,k_real,3.0
ward,ae_d16,completo,px,3,ruido_share_px,0.0
ward,ae_d16,completo,px,3,pseudo_r2,0.2684703402416695
ward,ae_d16,completo,px,3,pseudo_f,309049.31367653306
ward,ae_d16,completo,px,3,asw_corr,0.2936521399181604
ward,ae_d16,completo,px,3,nmi_estados,0.35391542716465846
ward,ae_d16,completo,px,3,nmi_anio_primer_cambio,0.034673874632436055
ward,ae_d16,completo,px,3,costura_max_share_cluster,0.07180948838958996
ward,ae_d16,completo,px,3,solo_costura_max_share_cluster,0.06182030368318457
ward,ae_d16,completo,px,3,clusters_definidos_por_costura,0.0
ward,ae_d16,completo,px,3,cluster_mayor_share,0.5555818126329265
ward,ae_d16,completo,px,4,k_real,4.0
ward,ae_d16,completo,px,4,ruido_share_px,0.0
ward,ae_d16,completo,px,4,pseudo_r2,0.37390300223089634
ward,ae_d16,completo,px,4,pseudo_f,335265.7765996327
ward,ae_d16,completo,px,4,asw_corr,0.37687490344226676
ward,ae_d16,completo,px,4,nmi_estados,0.4432213042395962
ward,ae_d16,completo,px,4,nmi_anio_primer_cambio,0.034861967870496
ward,ae_d16,completo,px,4,costura_max_share_cluster,0.08141795962866837
ward,ae_d16,completo,px,4,solo_costura_max_share_cluster,0.07097120633964966
ward,ae_d16,completo,px,4,clusters_definidos_por_costura,0.0
ward,ae_d16,completo,px,4,cluster_mayor_share,0.40962663623484596
ward,ae_d16,completo,px,5,k_real,5.0
ward,ae_d16,completo,px,5,ruido_share_px,0.0
ward,ae_d16,completo,px,5,pseudo_r2,0.4220046989409265
ward,ae_d16,completo,px,5,pseudo_f,307415.58220279164
ward,ae_d16,completo,px,5,asw_corr,0.2913806233612885
ward,ae_d16,completo,px,5,nmi_estados,0.4593006547869608
ward,ae_d16,completo,px,5,nmi_anio_primer_cambio,0.11766486830597908
ward,ae_d16,completo,px,5,costura_max_share_cluster,0.09896637839337742
ward,ae_d16,completo,px,5,solo_costura_max_share_cluster,0.0833533737224252
ward,ae_d16,completo,px,5,clusters_definidos_por_costura,0.0
ward,ae_d16,completo,px,5,cluster_mayor_share,0.30412919590405424
ward,ae_d16,completo,px,6,k_real,6.0
ward,ae_d16,completo,px,6,ruido_share_px,0.0
ward,ae_d16,completo,px,6,pseudo_r2,0.530537439850352
ward,ae_d16,completo,px,6,pseudo_f,380660.40186948155
ward,ae_d16,completo,px,6,asw_corr,0.40303499381486385
ward,ae_d16,completo,px,6,nmi_estados,0.506799936875104
ward,ae_d16,completo,px,6,nmi_anio_primer_cambio,0.12698905360570695
ward,ae_d16,completo,px,6,costura_max_share_cluster,0.1307489857029438
ward,ae_d16,completo,px,6,solo_costura_max_share_cluster,0.11035989572588661
ward,ae_d16,completo,px,6,clusters_definidos_por_costura,0.0
ward,ae_d16,completo,px,6,cluster_mayor_share,0.30412919590405424
ward,ae_d16,completo,px,8,k_real,8.0
ward,ae_d16,completo,px,8,ruido_share_px,0.0
ward,ae_d16,completo,px,8,pseudo_r2,0.5577305363914223
ward,ae_d16,completo,px,8,pseudo_f,303411.15551172814
ward,ae_d16,completo,px,8,asw_corr,0.26936287276884224
ward,ae_d16,completo,px,8,nmi_estados,0.5924406187658005
ward,ae_d16,completo,px,8,nmi_anio_primer_cambio,0.1683861496130209
ward,ae_d16,completo,px,8,costura_max_share_cluster,0.1307489857029438
ward,ae_d16,completo,px,8,solo_costura_max_share_cluster,0.11035989572588661
ward,ae_d16,completo,px,8,clusters_definidos_por_costura,0.0
ward,ae_d16,completo,px,8,cluster_mayor_share,0.1899570241574348
ward,ae_d16,completo,px,10,k_real,10.0
ward,ae_d16,completo,px,10,ruido_share_px,0.0
ward,ae_d16,completo,px,10,pseudo_r2,0.6073022861636994
ward,ae_d16,completo,px,10,pseudo_f,289398.0721616496
ward,ae_d16,completo,px,10,asw_corr,0.2808357797297708
ward,ae_d16,completo,px,10,nmi_estados,0.6285749465788322
ward,ae_d16,completo,px,10,nmi_anio_primer_cambio,0.22573055591610858
ward,ae_d16,completo,px,10,costura_max_share_cluster,0.28464650383075407
ward,ae_d16,completo,px,10,solo_costura_max_share_cluster,0.24376896327186579
ward,ae_d16,completo,px,10,clusters_definidos_por_costura,0.0
ward,ae_d16,completo,px,10,cluster_mayor_share,0.15285221131431978
ward,ae_d16,completo,px,12,k_real,12.0
ward,ae_d16,completo,px,12,ruido_share_px,0.0
ward,ae_d16,completo,px,12,pseudo_r2,0.671577564706766
ward,ae_d16,completo,px,12,pseudo_f,313084.6398795144
ward,ae_d16,completo,px,12,asw_corr,0.32765360251835224
ward,ae_d16,completo,px,12,nmi_estados,0.6611972166055237
ward,ae_d16,completo,px,12,nmi_anio_primer_cambio,0.2356074092181005
ward,ae_d16,completo,px,12,costura_max_share_cluster,0.28464650383075407
ward,ae_d16,completo,px,12,solo_costura_max_share_cluster,0.24376896327186579
ward,ae_d16,completo,px,12,clusters_definidos_por_costura,0.0
ward,ae_d16,completo,px,12,cluster_mayor_share,0.15285221131431978
ward,ae_d16,completo,px,16,k_real,16.0
ward,ae_d16,completo,px,16,ruido_share_px,0.0
ward,ae_d16,completo,px,16,pseudo_r2,0.7097090775066026
ward,ae_d16,completo,px,16,pseudo_f,274502.1171962922
ward,ae_d16,completo,px,16,asw_corr,0.338398149313008
ward,ae_d16,completo,px,16,nmi_estados,0.6851232160801721
ward,ae_d16,completo,px,16,nmi_anio_primer_cambio,0.27226196422133164
ward,ae_d16,completo,px,16,costura_max_share_cluster,0.2914133897149852
ward,ae_d16,completo,px,16,solo_costura_max_share_cluster,0.2710770471964502
ward,ae_d16,completo,px,16,clusters_definidos_por_costura,0.0
ward,ae_d16,completo,px,16,cluster_mayor_share,0.15285221131431978
ward,ae_d16,completo,px,20,k_real,20.0
ward,ae_d16,completo,px,20,ruido_share_px,0.0
ward,ae_d16,completo,px,20,pseudo_r2,0.7385458817423963
ward,ae_d16,completo,px,20,pseudo_f,250390.25031357104
ward,ae_d16,completo,px,20,asw_corr,0.31712022873667156
ward,ae_d16,completo,px,20,nmi_estados,0.6812243462796952
ward,ae_d16,completo,px,20,nmi_anio_primer_cambio,0.32769697541111414
ward,ae_d16,completo,px,20,costura_max_share_cluster,0.2914133897149852
ward,ae_d16,completo,px,20,solo_costura_max_share_cluster,0.2710770471964502
ward,ae_d16,completo,px,20,clusters_definidos_por_costura,0.0
ward,ae_d16,completo,px,20,cluster_mayor_share,0.11450229841788574
ward,ae_d16,completo,px,24,k_real,24.0
ward,ae_d16,completo,px,24,ruido_share_px,0.0
ward,ae_d16,completo,px,24,pseudo_r2,0.7687592518699922
ward,ae_d16,completo,px,24,pseudo_f,243436.75129210955
ward,ae_d16,completo,px,24,asw_corr,0.3294867102358224
ward,ae_d16,completo,px,24,nmi_estados,0.7059358049670669
ward,ae_d16,completo,px,24,nmi_anio_primer_cambio,0.3543722637208208
ward,ae_d16,completo,px,24,costura_max_share_cluster,0.5123447193996523
ward,ae_d16,completo,px,24,solo_costura_max_share_cluster,0.4334289631001003
ward,ae_d16,completo,px,24,clusters_definidos_por_costura,0.0
ward,ae_d16,completo,px,24,cluster_mayor_share,0.11450229841788574
ward,ae_d16,completo,px,32,k_real,32.0
ward,ae_d16,completo,px,32,ruido_share_px,0.0
ward,ae_d16,completo,px,32,pseudo_r2,0.8071665130910555
ward,ae_d16,completo,px,32,pseudo_f,227407.56857846212
ward,ae_d16,completo,px,32,asw_corr,0.35358228458178315
ward,ae_d16,completo,px,32,nmi_estados,0.7393172342915589
ward,ae_d16,completo,px,32,nmi_anio_primer_cambio,0.3794817205641486
ward,ae_d16,completo,px,32,costura_max_share_cluster,0.5123447193996523
ward,ae_d16,completo,px,32,solo_costura_max_share_cluster,0.4334289631001003
ward,ae_d16,completo,px,32,clusters_definidos_por_costura,0.0
ward,ae_d16,completo,px,32,cluster_mayor_share,0.09429272735693224
ward,ae_d16,completo,px,40,k_real,40.0
ward,ae_d16,completo,px,40,ruido_share_px,0.0
ward,ae_d16,completo,px,40,pseudo_r2,0.835202774938822
ward,ae_d16,completo,px,40,pseudo_f,218857.4279887789
ward,ae_d16,completo,px,40,asw_corr,0.39225702580200295
ward,ae_d16,completo,px,40,nmi_estados,0.7431314539103578
ward,ae_d16,completo,px,40,nmi_anio_primer_cambio,0.4131859644950161
ward,ae_d16,completo,px,40,costura_max_share_cluster,0.5478174532817985
ward,ae_d16,completo,px,40,solo_costura_max_share_cluster,0.5437573135704408
ward,ae_d16,completo,px,40,clusters_definidos_por_costura,0.0
ward,ae_d16,completo,px,40,cluster_mayor_share,0.09429272735693224
ward,ae_d16,completo,px,60,k_real,60.0
ward,ae_d16,completo,px,60,ruido_share_px,0.0
ward,ae_d16,completo,px,60,pseudo_r2,0.8773923051496302
ward,ae_d16,completo,px,60,pseudo_f,204269.15339475844
ward,ae_d16,completo,px,60,asw_corr,0.457734236892516
ward,ae_d16,completo,px,60,nmi_estados,0.7535978996454896
ward,ae_d16,completo,px,60,nmi_anio_primer_cambio,0.460036068250937
ward,ae_d16,completo,px,60,costura_max_share_cluster,0.5478174532817985
ward,ae_d16,completo,px,60,solo_costura_max_share_cluster,0.5437573135704408
ward,ae_d16,completo,px,60,clusters_definidos_por_costura,0.0
ward,ae_d16,completo,px,60,cluster_mayor_share,0.06294969368282427
ward,ae_d16,completo,px,2,estabilidad_ari_80,0.9166318229745434
ward,ae_d16,completo,px,2,estabilidad_ari_80_sd,0.07141620344714522
ward,ae_d16,completo,px,3,estabilidad_ari_80,0.7833646430433779
ward,ae_d16,completo,px,3,estabilidad_ari_80_sd,0.20630823715246102
ward,ae_d16,completo,px,4,estabilidad_ari_80,0.9473475728273411
ward,ae_d16,completo,px,4,estabilidad_ari_80_sd,0.034318814560390175
ward,ae_d16,completo,px,5,estabilidad_ari_80,0.9169893634623374
ward,ae_d16,completo,px,5,estabilidad_ari_80_sd,0.08717266781857683
ward,ae_d16,completo,px,6,estabilidad_ari_80,0.9364218450343351
ward,ae_d16,completo,px,6,estabilidad_ari_80_sd,0.04696363930070301
ward,ae_d16,completo,px,8,estabilidad_ari_80,0.9228308174633615
ward,ae_d16,completo,px,8,estabilidad_ari_80_sd,0.05580091618720201
ward,ae_d16,completo,px,10,estabilidad_ari_80,0.9076496970537498
ward,ae_d16,completo,px,10,estabilidad_ari_80_sd,0.06743351174292006
ward,ae_d16,completo,px,12,estabilidad_ari_80,0.9565072748357114
ward,ae_d16,completo,px,12,estabilidad_ari_80_sd,0.022422795375975035
ward,ae_d16,completo,px,16,estabilidad_ari_80,0.9601665786574924
ward,ae_d16,completo,px,16,estabilidad_ari_80_sd,0.016512677535738565
ward,ae_d16,completo,px,20,estabilidad_ari_80,0.9465738120560354
ward,ae_d16,completo,px,20,estabilidad_ari_80_sd,0.021268331788398737
ward,ae_d16,completo,px,24,estabilidad_ari_80,0.951172212140013
ward,ae_d16,completo,px,24,estabilidad_ari_80_sd,0.018316658660495432
ward,ae_d16,completo,px,32,estabilidad_ari_80,0.9040277269235902
ward,ae_d16,completo,px,32,estabilidad_ari_80_sd,0.04441804817491141
ward,ae_d16,completo,px,40,estabilidad_ari_80,0.9718695340417559
ward,ae_d16,completo,px,40,estabilidad_ari_80_sd,0.010649519618106102
ward,ae_d16,completo,px,60,estabilidad_ari_80,0.9766646944093529
ward,ae_d16,completo,px,60,estabilidad_ari_80_sd,0.006353654633397809
kmeans,ae_d16,completo,px,2,k_real,2.0
kmeans,ae_d16,completo,px,2,ruido_share_px,0.0
kmeans,ae_d16,completo,px,2,pseudo_r2,0.19135193384851656
kmeans,ae_d16,completo,px,2,pseudo_f,398535.4574845419
kmeans,ae_d16,completo,px,2,asw_corr,0.3215903530276952
kmeans,ae_d16,completo,px,2,nmi_estados,0.33653803789462944
kmeans,ae_d16,completo,px,2,nmi_anio_primer_cambio,0.022689943206209883
kmeans,ae_d16,completo,px,2,costura_max_share_cluster,0.06313776844324881
kmeans,ae_d16,completo,px,2,solo_costura_max_share_cluster,0.05440366166423309
kmeans,ae_d16,completo,px,2,clusters_definidos_por_costura,0.0
kmeans,ae_d16,completo,px,2,cluster_mayor_share,0.709585311025637
kmeans,ae_d16,completo,px,3,k_real,3.0
kmeans,ae_d16,completo,px,3,ruido_share_px,0.0
kmeans,ae_d16,completo,px,3,pseudo_r2,0.2772104907120101
kmeans,ae_d16,completo,px,3,pseudo_f,322969.2913685143
kmeans,ae_d16,completo,px,3,asw_corr,0.32179302269438054
kmeans,ae_d16,completo,px,3,nmi_estados,0.3080652795009498
kmeans,ae_d16,completo,px,3,nmi_anio_primer_cambio,0.0605432634337224
kmeans,ae_d16,completo,px,3,costura_max_share_cluster,0.06423253758543329
kmeans,ae_d16,completo,px,3,solo_costura_max_share_cluster,0.05635892214897558
kmeans,ae_d16,completo,px,3,clusters_definidos_por_costura,0.0
kmeans,ae_d16,completo,px,3,cluster_mayor_share,0.45547921211351133
kmeans,ae_d16,completo,px,4,k_real,4.0
kmeans,ae_d16,completo,px,4,ruido_share_px,0.0
kmeans,ae_d16,completo,px,4,pseudo_r2,0.39445191136458024
kmeans,ae_d16,completo,px,4,pseudo_f,365693.56625524606
kmeans,ae_d16,completo,px,4,asw_corr,0.39812304025064227
kmeans,ae_d16,completo,px,4,nmi_estados,0.43323932427840695
kmeans,ae_d16,completo,px,4,nmi_anio_primer_cambio,0.04304658776839472
kmeans,ae_d16,completo,px,4,costura_max_share_cluster,0.08313069623226534
kmeans,ae_d16,completo,px,4,solo_costura_max_share_cluster,0.07287794794700743
kmeans,ae_d16,completo,px,4,clusters_definidos_por_costura,0.0
kmeans,ae_d16,completo,px,4,cluster_mayor_share,0.3995708353273538
kmeans,ae_d16,completo,px,5,k_real,5.0
kmeans,ae_d16,completo,px,5,ruido_share_px,0.0
kmeans,ae_d16,completo,px,5,pseudo_r2,0.40172452862720587
kmeans,ae_d16,completo,px,5,pseudo_f,282722.29028037714
kmeans,ae_d16,completo,px,5,asw_corr,0.31256717523329697
kmeans,ae_d16,completo,px,5,nmi_estados,0.45990061777444635
kmeans,ae_d16,completo,px,5,nmi_anio_primer_cambio,0.13195525278393386
kmeans,ae_d16,completo,px,5,costura_max_share_cluster,0.07938000227053414
kmeans,ae_d16,completo,px,5,solo_costura_max_share_cluster,0.06921404041550774
kmeans,ae_d16,completo,px,5,clusters_definidos_por_costura,0.0
kmeans,ae_d16,completo,px,5,cluster_mayor_share,0.33472469454376613
kmeans,ae_d16,completo,px,6,k_real,6.0
kmeans,ae_d16,completo,px,6,ruido_share_px,0.0
kmeans,ae_d16,completo,px,6,pseudo_r2,0.5113629241289354
kmeans,ae_d16,completo,px,6,pseudo_f,352505.134748927
kmeans,ae_d16,completo,px,6,asw_corr,0.37746388438052536
kmeans,ae_d16,completo,px,6,nmi_estados,0.5222579839897088
kmeans,ae_d16,completo,px,6,nmi_anio_primer_cambio,0.1464282248428284
kmeans,ae_d16,completo,px,6,costura_max_share_cluster,0.16202751418686898
kmeans,ae_d16,completo,px,6,solo_costura_max_share_cluster,0.1562629627570635
kmeans,ae_d16,completo,px,6,clusters_definidos_por_costura,0.0
kmeans,ae_d16,completo,px,6,cluster_mayor_share,0.24534171079241088
kmeans,ae_d16,completo,px,8,k_real,8.0
kmeans,ae_d16,completo,px,8,ruido_share_px,0.0
kmeans,ae_d16,completo,px,8,pseudo_r2,0.5670247586264866
kmeans,ae_d16,completo,px,8,pseudo_f,315088.85004956
kmeans,ae_d16,completo,px,8,asw_corr,0.2993555454068553
kmeans,ae_d16,completo,px,8,nmi_estados,0.5820454446341506
kmeans,ae_d16,completo,px,8,nmi_anio_primer_cambio,0.19599989910280197
kmeans,ae_d16,completo,px,8,costura_max_share_cluster,0.18297345928924877
kmeans,ae_d16,completo,px,8,solo_costura_max_share_cluster,0.16860661268556004
kmeans,ae_d16,completo,px,8,clusters_definidos_por_costura,0.0
kmeans,ae_d16,completo,px,8,cluster_mayor_share,0.1660626219420236
kmeans,ae_d16,completo,px,10,k_real,10.0
kmeans,ae_d16,completo,px,10,ruido_share_px,0.0
kmeans,ae_d16,completo,px,10,pseudo_r2,0.5886382694604936
kmeans,ae_d16,completo,px,10,pseudo_f,267777.26288058487
kmeans,ae_d16,completo,px,10,asw_corr,0.27390286416899856
kmeans,ae_d16,completo,px,10,nmi_estados,0.5969597069244253
kmeans,ae_d16,completo,px,10,nmi_anio_primer_cambio,0.24062700282596836
kmeans,ae_d16,completo,px,10,costura_max_share_cluster,0.27833816039149106
kmeans,ae_d16,completo,px,10,solo_costura_max_share_cluster,0.24527003783969728
kmeans,ae_d16,completo,px,10,clusters_definidos_por_costura,0.0
kmeans,ae_d16,completo,px,10,cluster_mayor_share,0.14484426452408916
kmeans,ae_d16,completo,px,12,k_real,12.0
kmeans,ae_d16,completo,px,12,ruido_share_px,0.0
kmeans,ae_d16,completo,px,12,pseudo_r2,0.6663929902905101
kmeans,ae_d16,completo,px,12,pseudo_f,305839.55417666666
kmeans,ae_d16,completo,px,12,asw_corr,0.3681425236889394
kmeans,ae_d16,completo,px,12,nmi_estados,0.5897219075816723
kmeans,ae_d16,completo,px,12,nmi_anio_primer_cambio,0.27071692673014874
kmeans,ae_d16,completo,px,12,costura_max_share_cluster,0.3380289674328959
kmeans,ae_d16,completo,px,12,solo_costura_max_share_cluster,0.2990703211360222
kmeans,ae_d16,completo,px,12,clusters_definidos_por_costura,0.0
kmeans,ae_d16,completo,px,12,cluster_mayor_share,0.15712960796864034
kmeans,ae_d16,completo,px,16,k_real,16.0
kmeans,ae_d16,completo,px,16,ruido_share_px,0.0
kmeans,ae_d16,completo,px,16,pseudo_r2,0.7265807086374243
kmeans,ae_d16,completo,px,16,pseudo_f,298368.865698046
kmeans,ae_d16,completo,px,16,asw_corr,0.38771753294652156
kmeans,ae_d16,completo,px,16,nmi_estados,0.641258145374216
kmeans,ae_d16,completo,px,16,nmi_anio_primer_cambio,0.3004609703655838
kmeans,ae_d16,completo,px,16,costura_max_share_cluster,0.31489886955774476
kmeans,ae_d16,completo,px,16,solo_costura_max_share_cluster,0.2753138598314102
kmeans,ae_d16,completo,px,16,clusters_definidos_por_costura,0.0
kmeans,ae_d16,completo,px,16,cluster_mayor_share,0.14555023684807405
kmeans,ae_d16,completo,px,20,k_real,20.0
kmeans,ae_d16,completo,px,20,ruido_share_px,0.0
kmeans,ae_d16,completo,px,20,pseudo_r2,0.7588406007290223
kmeans,ae_d16,completo,px,20,pseudo_f,278921.3678152215
kmeans,ae_d16,completo,px,20,asw_corr,0.356799324217936
kmeans,ae_d16,completo,px,20,nmi_estados,0.6777808299246875
kmeans,ae_d16,completo,px,20,nmi_anio_primer_cambio,0.32294413843553116
kmeans,ae_d16,completo,px,20,costura_max_share_cluster,0.3211910471622702
kmeans,ae_d16,completo,px,20,solo_costura_max_share_cluster,0.28170263788968825
kmeans,ae_d16,completo,px,20,clusters_definidos_por_costura,0.0
kmeans,ae_d16,completo,px,20,cluster_mayor_share,0.14068443096493177
kmeans,ae_d16,completo,px,24,k_real,24.0
kmeans,ae_d16,completo,px,24,ruido_share_px,0.0
kmeans,ae_d16,completo,px,24,pseudo_r2,0.7844590336056994
kmeans,ae_d16,completo,px,24,pseudo_f,266502.0762291604
kmeans,ae_d16,completo,px,24,asw_corr,0.33886164509021993
kmeans,ae_d16,completo,px,24,nmi_estados,0.6706120887979251
kmeans,ae_d16,completo,px,24,nmi_anio_primer_cambio,0.37627316332005073
kmeans,ae_d16,completo,px,24,costura_max_share_cluster,0.3588141570740615
kmeans,ae_d16,completo,px,24,solo_costura_max_share_cluster,0.3154460337635833
kmeans,ae_d16,completo,px,24,clusters_definidos_por_costura,0.0
kmeans,ae_d16,completo,px,24,cluster_mayor_share,0.10668019631849386
kmeans,ae_d16,completo,px,32,k_real,32.0
kmeans,ae_d16,completo,px,32,ruido_share_px,0.0
kmeans,ae_d16,completo,px,32,pseudo_r2,0.8196985017431666
kmeans,ae_d16,completo,px,32,pseudo_f,246989.8116045705
kmeans,ae_d16,completo,px,32,asw_corr,0.39057696822740584
kmeans,ae_d16,completo,px,32,nmi_estados,0.7130440613860742
kmeans,ae_d16,completo,px,32,nmi_anio_primer_cambio,0.40498243802497824
kmeans,ae_d16,completo,px,32,costura_max_share_cluster,0.5627103202010257
kmeans,ae_d16,completo,px,32,solo_costura_max_share_cluster,0.4934240496098514
kmeans,ae_d16,completo,px,32,clusters_definidos_por_costura,0.0
kmeans,ae_d16,completo,px,32,cluster_mayor_share,0.06627471051572198
kmeans,ae_d16,completo,px,40,k_real,40.0
kmeans,ae_d16,completo,px,40,ruido_share_px,0.0
kmeans,ae_d16,completo,px,40,pseudo_r2,0.841808733110502
kmeans,ae_d16,completo,px,40,pseudo_f,229800.08225287765
kmeans,ae_d16,completo,px,40,asw_corr,0.4188849722205879
kmeans,ae_d16,completo,px,40,nmi_estados,0.7151423845829589
kmeans,ae_d16,completo,px,40,nmi_anio_primer_cambio,0.4197747694304362
kmeans,ae_d16,completo,px,40,costura_max_share_cluster,0.5820776645373125
kmeans,ae_d16,completo,px,40,solo_costura_max_share_cluster,0.5068838282862762
kmeans,ae_d16,completo,px,40,clusters_definidos_por_costura,0.0
kmeans,ae_d16,completo,px,40,cluster_mayor_share,0.08609537335782762
kmeans,ae_d16,completo,px,60,k_real,60.0
kmeans,ae_d16,completo,px,60,ruido_share_px,0.0
kmeans,ae_d16,completo,px,60,pseudo_r2,0.8819175142856963
kmeans,ae_d16,completo,px,60,pseudo_f,213191.1516953063
kmeans,ae_d16,completo,px,60,asw_corr,0.4765069264726345
kmeans,ae_d16,completo,px,60,nmi_estados,0.7348576615733207
kmeans,ae_d16,completo,px,60,nmi_anio_primer_cambio,0.4681692530342062
kmeans,ae_d16,completo,px,60,costura_max_share_cluster,0.5543707482993198
kmeans,ae_d16,completo,px,60,solo_costura_max_share_cluster,0.5293877551020408
kmeans,ae_d16,completo,px,60,clusters_definidos_por_costura,0.0
kmeans,ae_d16,completo,px,60,cluster_mayor_share,0.0697517281181236
kmeans,ae_d16,completo,px,2,estabilidad_ari_80,0.9999629917958952
kmeans,ae_d16,completo,px,2,estabilidad_ari_80_sd,0.000105344239220383
kmeans,ae_d16,completo,px,3,estabilidad_ari_80,0.8804096262380652
kmeans,ae_d16,completo,px,3,estabilidad_ari_80_sd,0.05308312976123406
kmeans,ae_d16,completo,px,4,estabilidad_ari_80,0.9588904609479162
kmeans,ae_d16,completo,px,4,estabilidad_ari_80_sd,0.0629637085913298
kmeans,ae_d16,completo,px,5,estabilidad_ari_80,0.9083231080759196
kmeans,ae_d16,completo,px,5,estabilidad_ari_80_sd,0.08891055826886227
kmeans,ae_d16,completo,px,6,estabilidad_ari_80,0.8216829798957148
kmeans,ae_d16,completo,px,6,estabilidad_ari_80_sd,0.058463969615623196
kmeans,ae_d16,completo,px,8,estabilidad_ari_80,0.73317875062111
kmeans,ae_d16,completo,px,8,estabilidad_ari_80_sd,0.06671750324753427
kmeans,ae_d16,completo,px,10,estabilidad_ari_80,0.8415254457886124
kmeans,ae_d16,completo,px,10,estabilidad_ari_80_sd,0.0689201846754654
kmeans,ae_d16,completo,px,12,estabilidad_ari_80,0.7807293234215027
kmeans,ae_d16,completo,px,12,estabilidad_ari_80_sd,0.08973349162804234
kmeans,ae_d16,completo,px,16,estabilidad_ari_80,0.8140532230518158
kmeans,ae_d16,completo,px,16,estabilidad_ari_80_sd,0.07376176073421771
kmeans,ae_d16,completo,px,20,estabilidad_ari_80,0.7829608833882052
kmeans,ae_d16,completo,px,20,estabilidad_ari_80_sd,0.06846375079146147
kmeans,ae_d16,completo,px,24,estabilidad_ari_80,0.7229458977856977
kmeans,ae_d16,completo,px,24,estabilidad_ari_80_sd,0.021541570556153217
kmeans,ae_d16,completo,px,32,estabilidad_ari_80,0.7270822992381014
kmeans,ae_d16,completo,px,32,estabilidad_ari_80_sd,0.047689339030089234
kmeans,ae_d16,completo,px,40,estabilidad_ari_80,0.7768144093153272
kmeans,ae_d16,completo,px,40,estabilidad_ari_80_sd,0.07713719994315778
kmeans,ae_d16,completo,px,60,estabilidad_ari_80,0.767035437771703
kmeans,ae_d16,completo,px,60,estabilidad_ari_80_sd,0.06754385509184967
