metodo,d,semilla,subset,peso,metrica,valor
ae,10,0,todas,px,acc_anio,1.0
ae,10,0,todas,px,exacta,1.0
ae,10,0,todas,px,n_cambios_ok,1.0
ae,10,0,todas,px,estados_ok,1.0
ae,10,0,todas,px,err_anio_cambio,0.0
ae,10,0,todas,px,macro_f1,1.0
ae,10,0,todas,px,recall_A,1.0
ae,10,0,todas,px,recall_F,1.0
ae,10,0,todas,px,recall_G,1.0
ae,10,0,todas,px,recall_Wt,1.0
ae,10,0,todas,px,recall_U,1.0
ae,10,0,todas,px,recall_Sh,1.0
ae,10,0,todas,px,recall_Sp,1.0
ae,10,0,todas,px,recall_B,1.0
ae,10,0,todas,px,recall_Wa,1.0
ae,10,0,todas,tipo,acc_anio,1.0
ae,10,0,todas,tipo,exacta,1.0
ae,10,0,todas,tipo,n_cambios_ok,1.0
ae,10,0,todas,tipo,estados_ok,1.0
ae,10,0,todas,tipo,err_anio_cambio,0.0
ae,10,0,todas,tipo,macro_f1,1.0
ae,10,0,todas,tipo,recall_A,1.0
ae,10,0,todas,tipo,recall_F,1.0
ae,10,0,todas,tipo,recall_G,1.0
ae,10,0,todas,tipo,recall_Wt,1.0
ae,10,0,todas,tipo,recall_U,1.0
ae,10,0,todas,tipo,recall_Sh,1.0
ae,10,0,todas,tipo,recall_Sp,1.0
ae,10,0,todas,tipo,recall_B,1.0
ae,10,0,todas,tipo,recall_Wa,1.0
ae,10,0,dinamicas,px,acc_anio,1.0
ae,10,0,dinamicas,px,exacta,1.0
ae,10,0,dinamicas,px,n_cambios_ok,1.0
ae,10,0,dinamicas,px,estados_ok,1.0
ae,10,0,dinamicas,px,err_anio_cambio,0.0
ae,10,0,dinamicas,px,macro_f1,1.0
ae,10,0,dinamicas,px,recall_A,1.0
ae,10,0,dinamicas,px,recall_F,1.0
ae,10,0,dinamicas,px,recall_G,1.0
ae,10,0,dinamicas,px,recall_Wt,1.0
ae,10,0,dinamicas,px,recall_U,1.0
ae,10,0,dinamicas,px,recall_Sh,1.0
ae,10,0,dinamicas,px,recall_Sp,1.0
ae,10,0,dinamicas,px,recall_B,1.0
ae,10,0,dinamicas,px,recall_Wa,1.0
ae,10,0,dinamicas,tipo,acc_anio,1.0
ae,10,0,dinamicas,tipo,exacta,1.0
ae,10,0,dinamicas,tipo,n_cambios_ok,1.0
ae,10,0,dinamicas,tipo,estados_ok,1.0
ae,10,0,dinamicas,tipo,err_anio_cambio,0.0
ae,10,0,dinamicas,tipo,macro_f1,1.0
ae,10,0,dinamicas,tipo,recall_A,1.0
ae,10,0,dinamicas,tipo,recall_F,1.0
ae,10,0,dinamicas,tipo,recall_G,1.0
ae,10,0,dinamicas,tipo,recall_Wt,1.0
ae,10,0,dinamicas,tipo,recall_U,1.0
ae,10,0,dinamicas,tipo,recall_Sh,1.0
ae,10,0,dinamicas,tipo,recall_Sp,1.0
ae,10,0,dinamicas,tipo,recall_B,1.0
ae,10,0,dinamicas,tipo,recall_Wa,1.0
ae,10,0,constantes,px,acc_anio,1.0
ae,10,0,constantes,px,exacta,1.0
ae,10,0,constantes,px,n_cambios_ok,1.0
ae,10,0,constantes,px,estados_ok,1.0
ae,10,0,constantes,px,err_anio_cambio,
ae,10,0,constantes,px,macro_f1,1.0
ae,10,0,constantes,tipo,acc_anio,1.0
ae,10,0,constantes,tipo,exacta,1.0
ae,10,0,constantes,tipo,n_cambios_ok,1.0
ae,10,0,constantes,tipo,estados_ok,1.0
ae,10,0,constantes,tipo,err_anio_cambio,
ae,10,0,constantes,tipo,macro_f1,1.0
ae,10,0,todas_sin_costura,px,acc_anio,1.0
ae,10,0,todas_sin_costura,px,exacta,1.0
ae,10,0,todas_sin_costura,px,n_cambios_ok,1.0
ae,10,0,todas_sin_costura,px,estados_ok,1.0
ae,10,0,todas_sin_costura,px,err_anio_cambio,0.0
ae,10,0,todas_sin_costura,px,macro_f1,1.0
ae,10,0,todas_sin_costura,tipo,acc_anio,1.0
ae,10,0,todas_sin_costura,tipo,exacta,1.0
ae,10,0,todas_sin_costura,tipo,n_cambios_ok,1.0
ae,10,0,todas_sin_costura,tipo,estados_ok,1.0
ae,10,0,todas_sin_costura,tipo,err_anio_cambio,0.0
ae,10,0,todas_sin_costura,tipo,macro_f1,1.0
ae,10,0,dinamicas_sin_costura,px,acc_anio,1.0
ae,10,0,dinamicas_sin_costura,px,exacta,1.0
ae,10,0,dinamicas_sin_costura,px,n_cambios_ok,1.0
ae,10,0,dinamicas_sin_costura,px,estados_ok,1.0
ae,10,0,dinamicas_sin_costura,px,err_anio_cambio,0.0
ae,10,0,dinamicas_sin_costura,px,macro_f1,1.0
ae,10,0,dinamicas_sin_costura,tipo,acc_anio,1.0
ae,10,0,dinamicas_sin_costura,tipo,exacta,1.0
ae,10,0,dinamicas_sin_costura,tipo,n_cambios_ok,1.0
ae,10,0,dinamicas_sin_costura,tipo,estados_ok,1.0
ae,10,0,dinamicas_sin_costura,tipo,err_anio_cambio,0.0
ae,10,0,dinamicas_sin_costura,tipo,macro_f1,1.0
ae,10,0,todas,tipo,spearman_om,0.3858719230029054
ae,10,0,todas,px,spearman_om,-0.34374763544149767
ae,10,0,todas,tipo,knn10_om,0.6864954644180401
ae,10,0,todas,px,knn10_om,0.23667794106851467
ae,10,1,todas,px,acc_anio,1.0
ae,10,1,todas,px,exacta,1.0
ae,10,1,todas,px,n_cambios_ok,1.0
ae,10,1,todas,px,estados_ok,1.0
ae,10,1,todas,px,err_anio_cambio,0.0
ae,10,1,todas,px,macro_f1,1.0
ae,10,1,todas,px,recall_A,1.0
ae,10,1,todas,px,recall_F,1.0
ae,10,1,todas,px,recall_G,1.0
ae,10,1,todas,px,recall_Wt,1.0
ae,10,1,todas,px,recall_U,1.0
ae,10,1,todas,px,recall_Sh,1.0
ae,10,1,todas,px,recall_Sp,1.0
ae,10,1,todas,px,recall_B,1.0
ae,10,1,todas,px,recall_Wa,1.0
ae,10,1,todas,tipo,acc_anio,1.0
ae,10,1,todas,tipo,exacta,1.0
ae,10,1,todas,tipo,n_cambios_ok,1.0
ae,10,1,todas,tipo,estados_ok,1.0
ae,10,1,todas,tipo,err_anio_cambio,0.0
ae,10,1,todas,tipo,macro_f1,1.0
ae,10,1,todas,tipo,recall_A,1.0
ae,10,1,todas,tipo,recall_F,1.0
ae,10,1,todas,tipo,recall_G,1.0
ae,10,1,todas,tipo,recall_Wt,1.0
ae,10,1,todas,tipo,recall_U,1.0
ae,10,1,todas,tipo,recall_Sh,1.0
ae,10,1,todas,tipo,recall_Sp,1.0
ae,10,1,todas,tipo,recall_B,1.0
ae,10,1,todas,tipo,recall_Wa,1.0
ae,10,1,dinamicas,px,acc_anio,1.0
ae,10,1,dinamicas,px,exacta,1.0
ae,10,1,dinamicas,px,n_cambios_ok,1.0
ae,10,1,dinamicas,px,estados_ok,1.0
ae,10,1,dinamicas,px,err_anio_cambio,0.0
ae,10,1,dinamicas,px,macro_f1,1.0
ae,10,1,dinamicas,px,recall_A,1.0
ae,10,1,dinamicas,px,recall_F,1.0
ae,10,1,dinamicas,px,recall_G,1.0
ae,10,1,dinamicas,px,recall_Wt,1.0
ae,10,1,dinamicas,px,recall_U,1.0
ae,10,1,dinamicas,px,recall_Sh,1.0
ae,10,1,dinamicas,px,recall_Sp,1.0
ae,10,1,dinamicas,px,recall_B,1.0
ae,10,1,dinamicas,px,recall_Wa,1.0
ae,10,1,dinamicas,tipo,acc_anio,1.0
ae,10,1,dinamicas,tipo,exacta,1.0
ae,10,1,dinamicas,tipo,n_cambios_ok,1.0
ae,10,1,dinamicas,tipo,estados_ok,1.0
ae,10,1,dinamicas,tipo,err_anio_cambio,0.0
ae,10,1,dinamicas,tipo,macro_f1,1.0
ae,10,1,dinamicas,tipo,recall_A,1.0
ae,10,1,dinamicas,tipo,recall_F,1.0
ae,10,1,dinamicas,tipo,recall_G,1.0
ae,10,1,dinamicas,tipo,recall_Wt,1.0
ae,10,1,dinamicas,tipo,recall_U,1.0
ae,10,1,dinamicas,tipo,recall_Sh,1.0
ae,10,1,dinamicas,tipo,recall_Sp,1.0
ae,10,1,dinamicas,tipo,recall_B,1.0
ae,10,1,dinamicas,tipo,recall_Wa,1.0
ae,10,1,constantes,px,acc_anio,1.0
ae,10,1,constantes,px,exacta,1.0
ae,10,1,constantes,px,n_cambios_ok,1.0
ae,10,1,constantes,px,estados_ok,1.0
ae,10,1,constantes,px,err_anio_cambio,
ae,10,1,constantes,px,macro_f1,1.0
ae,10,1,constantes,tipo,acc_anio,1.0
ae,10,1,constantes,tipo,exacta,1.0
ae,10,1,constantes,tipo,n_cambios_ok,1.0
ae,10,1,constantes,tipo,estados_ok,1.0
ae,10,1,constantes,tipo,err_anio_cambio,
ae,10,1,constantes,tipo,macro_f1,1.0
ae,10,1,todas_sin_costura,px,acc_anio,1.0
ae,10,1,todas_sin_costura,px,exacta,1.0
ae,10,1,todas_sin_costura,px,n_cambios_ok,1.0
ae,10,1,todas_sin_costura,px,estados_ok,1.0
ae,10,1,todas_sin_costura,px,err_anio_cambio,0.0
ae,10,1,todas_sin_costura,px,macro_f1,1.0
ae,10,1,todas_sin_costura,tipo,acc_anio,1.0
ae,10,1,todas_sin_costura,tipo,exacta,1.0
ae,10,1,todas_sin_costura,tipo,n_cambios_ok,1.0
ae,10,1,todas_sin_costura,tipo,estados_ok,1.0
ae,10,1,todas_sin_costura,tipo,err_anio_cambio,0.0
ae,10,1,todas_sin_costura,tipo,macro_f1,1.0
ae,10,1,dinamicas_sin_costura,px,acc_anio,1.0
ae,10,1,dinamicas_sin_costura,px,exacta,1.0
ae,10,1,dinamicas_sin_costura,px,n_cambios_ok,1.0
ae,10,1,dinamicas_sin_costura,px,estados_ok,1.0
ae,10,1,dinamicas_sin_costura,px,err_anio_cambio,0.0
ae,10,1,dinamicas_sin_costura,px,macro_f1,1.0
ae,10,1,dinamicas_sin_costura,tipo,acc_anio,1.0
ae,10,1,dinamicas_sin_costura,tipo,exacta,1.0
ae,10,1,dinamicas_sin_costura,tipo,n_cambios_ok,1.0
ae,10,1,dinamicas_sin_costura,tipo,estados_ok,1.0
ae,10,1,dinamicas_sin_costura,tipo,err_anio_cambio,0.0
ae,10,1,dinamicas_sin_costura,tipo,macro_f1,1.0
ae,10,1,todas,tipo,spearman_om,0.38556718263578377
ae,10,1,todas,px,spearman_om,-0.07701870352699143
ae,10,1,todas,tipo,knn10_om,0.6878114220007666
ae,10,1,todas,px,knn10_om,0.4296713738779302
ae,10,2,todas,px,acc_anio,0.9999999991060531
ae,10,2,todas,px,exacta,0.9999999722876457
ae,10,2,todas,px,n_cambios_ok,0.9999999722876457
ae,10,2,todas,px,estados_ok,0.9999999722876457
ae,10,2,todas,px,err_anio_cambio,0.0
ae,10,2,todas,px,macro_f1,0.9999999747344197
ae,10,2,todas,px,recall_A,0.9999999959988525
ae,10,2,todas,px,recall_F,1.0
ae,10,2,todas,px,recall_G,1.0
ae,10,2,todas,px,recall_Wt,1.0
ae,10,2,todas,px,recall_U,1.0
ae,10,2,todas,px,recall_Sh,1.0
ae,10,2,todas,px,recall_Sp,1.0
ae,10,2,todas,px,recall_B,1.0
ae,10,2,todas,px,recall_Wa,1.0
ae,10,2,todas,tipo,acc_anio,0.9999958786170288
ae,10,2,todas,tipo,exacta,0.9998722371278906
ae,10,2,todas,tipo,n_cambios_ok,0.9998722371278906
ae,10,2,todas,tipo,estados_ok,0.9998722371278906
ae,10,2,todas,tipo,err_anio_cambio,0.0
ae,10,2,todas,tipo,macro_f1,0.9999903786758948
ae,10,2,todas,tipo,recall_A,0.9999717546039996
ae,10,2,todas,tipo,recall_F,1.0
ae,10,2,todas,tipo,recall_G,1.0
ae,10,2,todas,tipo,recall_Wt,1.0
ae,10,2,todas,tipo,recall_U,1.0
ae,10,2,todas,tipo,recall_Sh,1.0
ae,10,2,todas,tipo,recall_Sp,1.0
ae,10,2,todas,tipo,recall_B,1.0
ae,10,2,todas,tipo,recall_Wa,1.0
ae,10,2,dinamicas,px,acc_anio,0.9999999862522206
ae,10,2,dinamicas,px,exacta,0.9999995738188389
ae,10,2,dinamicas,px,n_cambios_ok,0.9999995738188389
ae,10,2,dinamicas,px,estados_ok,0.9999995738188389
ae,10,2,dinamicas,px,err_anio_cambio,0.0
ae,10,2,dinamicas,px,macro_f1,0.9999999067658081
ae,10,2,dinamicas,px,recall_A,0.9999999376236495
ae,10,2,dinamicas,px,recall_F,1.0
ae,10,2,dinamicas,px,recall_G,1.0
ae,10,2,dinamicas,px,recall_Wt,1.0
ae,10,2,dinamicas,px,recall_U,1.0
ae,10,2,dinamicas,px,recall_Sh,1.0
ae,10,2,dinamicas,px,recall_Sp,1.0
ae,10,2,dinamicas,px,recall_B,1.0
ae,10,2,dinamicas,px,recall_Wa,1.0
ae,10,2,dinamicas,tipo,acc_anio,0.9999958738725356
ae,10,2,dinamicas,tipo,exacta,0.9998720900486058
ae,10,2,dinamicas,tipo,n_cambios_ok,0.9998720900486058
ae,10,2,dinamicas,tipo,estados_ok,0.9998720900486058
ae,10,2,dinamicas,tipo,err_anio_cambio,0.0
ae,10,2,dinamicas,tipo,macro_f1,0.9999903409585882
ae,10,2,dinamicas,tipo,recall_A,0.9999717298504509
ae,10,2,dinamicas,tipo,recall_F,1.0
ae,10,2,dinamicas,tipo,recall_G,1.0
ae,10,2,dinamicas,tipo,recall_Wt,1.0
ae,10,2,dinamicas,tipo,recall_U,1.0
ae,10,2,dinamicas,tipo,recall_Sh,1.0
ae,10,2,dinamicas,tipo,recall_Sp,1.0
ae,10,2,dinamicas,tipo,recall_B,1.0
ae,10,2,dinamicas,tipo,recall_Wa,1.0
ae,10,2,constantes,px,acc_anio,1.0
ae,10,2,constantes,px,exacta,1.0
ae,10,2,constantes,px,n_cambios_ok,1.0
ae,10,2,constantes,px,estados_ok,1.0
ae,10,2,constantes,px,err_anio_cambio,
ae,10,2,constantes,px,macro_f1,1.0
ae,10,2,constantes,tipo,acc_anio,1.0
ae,10,2,constantes,tipo,exacta,1.0
ae,10,2,constantes,tipo,n_cambios_ok,1.0
ae,10,2,constantes,tipo,estados_ok,1.0
ae,10,2,constantes,tipo,err_anio_cambio,
ae,10,2,constantes,tipo,macro_f1,1.0
ae,10,2,todas_sin_costura,px,acc_anio,0.9999999991015806
ae,10,2,todas_sin_costura,px,exacta,0.9999999721489965
ae,10,2,todas_sin_costura,px,n_cambios_ok,0.9999999721489965
ae,10,2,todas_sin_costura,px,estados_ok,0.9999999721489965
ae,10,2,todas_sin_costura,px,err_anio_cambio,0.0
ae,10,2,todas_sin_costura,px,macro_f1,0.9999999743844517
ae,10,2,todas_sin_costura,tipo,acc_anio,0.9999950796118798
ae,10,2,todas_sin_costura,tipo,exacta,0.9998474679682733
ae,10,2,todas_sin_costura,tipo,n_cambios_ok,0.9998474679682733
ae,10,2,todas_sin_costura,tipo,estados_ok,0.9998474679682733
ae,10,2,todas_sin_costura,tipo,err_anio_cambio,0.0
ae,10,2,todas_sin_costura,tipo,macro_f1,0.9999892195833665
ae,10,2,dinamicas_sin_costura,px,acc_anio,0.9999999851124413
ae,10,2,dinamicas_sin_costura,px,exacta,0.9999995384856792
ae,10,2,dinamicas_sin_costura,px,n_cambios_ok,0.9999995384856792
ae,10,2,dinamicas_sin_costura,px,estados_ok,0.9999995384856792
ae,10,2,dinamicas_sin_costura,px,err_anio_cambio,0.0
ae,10,2,dinamicas_sin_costura,px,macro_f1,0.9999999017617205
ae,10,2,dinamicas_sin_costura,tipo,acc_anio,0.9999950728479432
ae,10,2,dinamicas_sin_costura,tipo,exacta,0.999847258286238
ae,10,2,dinamicas_sin_costura,tipo,n_cambios_ok,0.999847258286238
ae,10,2,dinamicas_sin_costura,tipo,estados_ok,0.999847258286238
ae,10,2,dinamicas_sin_costura,tipo,err_anio_cambio,0.0
ae,10,2,dinamicas_sin_costura,tipo,macro_f1,0.999989173191859
ae,10,2,todas,tipo,spearman_om,0.3381907492289258
ae,10,2,todas,px,spearman_om,-0.23603418248022423
ae,10,2,todas,tipo,knn10_om,0.6920020442059537
ae,10,2,todas,px,knn10_om,0.38771289358020866
ae,13,0,todas,px,acc_anio,1.0
ae,13,0,todas,px,exacta,1.0
ae,13,0,todas,px,n_cambios_ok,1.0
ae,13,0,todas,px,estados_ok,1.0
ae,13,0,todas,px,err_anio_cambio,0.0
ae,13,0,todas,px,macro_f1,1.0
ae,13,0,todas,px,recall_A,1.0
ae,13,0,todas,px,recall_F,1.0
ae,13,0,todas,px,recall_G,1.0
ae,13,0,todas,px,recall_Wt,1.0
ae,13,0,todas,px,recall_U,1.0
ae,13,0,todas,px,recall_Sh,1.0
ae,13,0,todas,px,recall_Sp,1.0
ae,13,0,todas,px,recall_B,1.0
ae,13,0,todas,px,recall_Wa,1.0
ae,13,0,todas,tipo,acc_anio,1.0
ae,13,0,todas,tipo,exacta,1.0
ae,13,0,todas,tipo,n_cambios_ok,1.0
ae,13,0,todas,tipo,estados_ok,1.0
ae,13,0,todas,tipo,err_anio_cambio,0.0
ae,13,0,todas,tipo,macro_f1,1.0
ae,13,0,todas,tipo,recall_A,1.0
ae,13,0,todas,tipo,recall_F,1.0
ae,13,0,todas,tipo,recall_G,1.0
ae,13,0,todas,tipo,recall_Wt,1.0
ae,13,0,todas,tipo,recall_U,1.0
ae,13,0,todas,tipo,recall_Sh,1.0
ae,13,0,todas,tipo,recall_Sp,1.0
ae,13,0,todas,tipo,recall_B,1.0
ae,13,0,todas,tipo,recall_Wa,1.0
ae,13,0,dinamicas,px,acc_anio,1.0
ae,13,0,dinamicas,px,exacta,1.0
ae,13,0,dinamicas,px,n_cambios_ok,1.0
ae,13,0,dinamicas,px,estados_ok,1.0
ae,13,0,dinamicas,px,err_anio_cambio,0.0
ae,13,0,dinamicas,px,macro_f1,1.0
ae,13,0,dinamicas,px,recall_A,1.0
ae,13,0,dinamicas,px,recall_F,1.0
ae,13,0,dinamicas,px,recall_G,1.0
ae,13,0,dinamicas,px,recall_Wt,1.0
ae,13,0,dinamicas,px,recall_U,1.0
ae,13,0,dinamicas,px,recall_Sh,1.0
ae,13,0,dinamicas,px,recall_Sp,1.0
ae,13,0,dinamicas,px,recall_B,1.0
ae,13,0,dinamicas,px,recall_Wa,1.0
ae,13,0,dinamicas,tipo,acc_anio,1.0
ae,13,0,dinamicas,tipo,exacta,1.0
ae,13,0,dinamicas,tipo,n_cambios_ok,1.0
ae,13,0,dinamicas,tipo,estados_ok,1.0
ae,13,0,dinamicas,tipo,err_anio_cambio,0.0
ae,13,0,dinamicas,tipo,macro_f1,1.0
ae,13,0,dinamicas,tipo,recall_A,1.0
ae,13,0,dinamicas,tipo,recall_F,1.0
ae,13,0,dinamicas,tipo,recall_G,1.0
ae,13,0,dinamicas,tipo,recall_Wt,1.0
ae,13,0,dinamicas,tipo,recall_U,1.0
ae,13,0,dinamicas,tipo,recall_Sh,1.0
ae,13,0,dinamicas,tipo,recall_Sp,1.0
ae,13,0,dinamicas,tipo,recall_B,1.0
ae,13,0,dinamicas,tipo,recall_Wa,1.0
ae,13,0,constantes,px,acc_anio,1.0
ae,13,0,constantes,px,exacta,1.0
ae,13,0,constantes,px,n_cambios_ok,1.0
ae,13,0,constantes,px,estados_ok,1.0
ae,13,0,constantes,px,err_anio_cambio,
ae,13,0,constantes,px,macro_f1,1.0
ae,13,0,constantes,tipo,acc_anio,1.0
ae,13,0,constantes,tipo,exacta,1.0
ae,13,0,constantes,tipo,n_cambios_ok,1.0
ae,13,0,constantes,tipo,estados_ok,1.0
ae,13,0,constantes,tipo,err_anio_cambio,
ae,13,0,constantes,tipo,macro_f1,1.0
ae,13,0,todas_sin_costura,px,acc_anio,1.0
ae,13,0,todas_sin_costura,px,exacta,1.0
ae,13,0,todas_sin_costura,px,n_cambios_ok,1.0
ae,13,0,todas_sin_costura,px,estados_ok,1.0
ae,13,0,todas_sin_costura,px,err_anio_cambio,0.0
ae,13,0,todas_sin_costura,px,macro_f1,1.0
ae,13,0,todas_sin_costura,tipo,acc_anio,1.0
ae,13,0,todas_sin_costura,tipo,exacta,1.0
ae,13,0,todas_sin_costura,tipo,n_cambios_ok,1.0
ae,13,0,todas_sin_costura,tipo,estados_ok,1.0
ae,13,0,todas_sin_costura,tipo,err_anio_cambio,0.0
ae,13,0,todas_sin_costura,tipo,macro_f1,1.0
ae,13,0,dinamicas_sin_costura,px,acc_anio,1.0
ae,13,0,dinamicas_sin_costura,px,exacta,1.0
ae,13,0,dinamicas_sin_costura,px,n_cambios_ok,1.0
ae,13,0,dinamicas_sin_costura,px,estados_ok,1.0
ae,13,0,dinamicas_sin_costura,px,err_anio_cambio,0.0
ae,13,0,dinamicas_sin_costura,px,macro_f1,1.0
ae,13,0,dinamicas_sin_costura,tipo,acc_anio,1.0
ae,13,0,dinamicas_sin_costura,tipo,exacta,1.0
ae,13,0,dinamicas_sin_costura,tipo,n_cambios_ok,1.0
ae,13,0,dinamicas_sin_costura,tipo,estados_ok,1.0
ae,13,0,dinamicas_sin_costura,tipo,err_anio_cambio,0.0
ae,13,0,dinamicas_sin_costura,tipo,macro_f1,1.0
ae,13,0,todas,tipo,spearman_om,0.3645393262626516
ae,13,0,todas,px,spearman_om,-0.21173491127597557
ae,13,0,todas,tipo,knn10_om,0.6829564328606107
ae,13,0,todas,px,knn10_om,0.08462391938099248
ae,13,1,todas,px,acc_anio,1.0
ae,13,1,todas,px,exacta,1.0
ae,13,1,todas,px,n_cambios_ok,1.0
ae,13,1,todas,px,estados_ok,1.0
ae,13,1,todas,px,err_anio_cambio,0.0
ae,13,1,todas,px,macro_f1,1.0
ae,13,1,todas,px,recall_A,1.0
ae,13,1,todas,px,recall_F,1.0
ae,13,1,todas,px,recall_G,1.0
ae,13,1,todas,px,recall_Wt,1.0
ae,13,1,todas,px,recall_U,1.0
ae,13,1,todas,px,recall_Sh,1.0
ae,13,1,todas,px,recall_Sp,1.0
ae,13,1,todas,px,recall_B,1.0
ae,13,1,todas,px,recall_Wa,1.0
ae,13,1,todas,tipo,acc_anio,1.0
ae,13,1,todas,tipo,exacta,1.0
ae,13,1,todas,tipo,n_cambios_ok,1.0
ae,13,1,todas,tipo,estados_ok,1.0
ae,13,1,todas,tipo,err_anio_cambio,0.0
ae,13,1,todas,tipo,macro_f1,1.0
ae,13,1,todas,tipo,recall_A,1.0
ae,13,1,todas,tipo,recall_F,1.0
ae,13,1,todas,tipo,recall_G,1.0
ae,13,1,todas,tipo,recall_Wt,1.0
ae,13,1,todas,tipo,recall_U,1.0
ae,13,1,todas,tipo,recall_Sh,1.0
ae,13,1,todas,tipo,recall_Sp,1.0
ae,13,1,todas,tipo,recall_B,1.0
ae,13,1,todas,tipo,recall_Wa,1.0
ae,13,1,dinamicas,px,acc_anio,1.0
ae,13,1,dinamicas,px,exacta,1.0
ae,13,1,dinamicas,px,n_cambios_ok,1.0
ae,13,1,dinamicas,px,estados_ok,1.0
ae,13,1,dinamicas,px,err_anio_cambio,0.0
ae,13,1,dinamicas,px,macro_f1,1.0
ae,13,1,dinamicas,px,recall_A,1.0
ae,13,1,dinamicas,px,recall_F,1.0
ae,13,1,dinamicas,px,recall_G,1.0
ae,13,1,dinamicas,px,recall_Wt,1.0
ae,13,1,dinamicas,px,recall_U,1.0
ae,13,1,dinamicas,px,recall_Sh,1.0
ae,13,1,dinamicas,px,recall_Sp,1.0
ae,13,1,dinamicas,px,recall_B,1.0
ae,13,1,dinamicas,px,recall_Wa,1.0
ae,13,1,dinamicas,tipo,acc_anio,1.0
ae,13,1,dinamicas,tipo,exacta,1.0
ae,13,1,dinamicas,tipo,n_cambios_ok,1.0
ae,13,1,dinamicas,tipo,estados_ok,1.0
ae,13,1,dinamicas,tipo,err_anio_cambio,0.0
ae,13,1,dinamicas,tipo,macro_f1,1.0
ae,13,1,dinamicas,tipo,recall_A,1.0
ae,13,1,dinamicas,tipo,recall_F,1.0
ae,13,1,dinamicas,tipo,recall_G,1.0
ae,13,1,dinamicas,tipo,recall_Wt,1.0
ae,13,1,dinamicas,tipo,recall_U,1.0
ae,13,1,dinamicas,tipo,recall_Sh,1.0
ae,13,1,dinamicas,tipo,recall_Sp,1.0
ae,13,1,dinamicas,tipo,recall_B,1.0
ae,13,1,dinamicas,tipo,recall_Wa,1.0
ae,13,1,constantes,px,acc_anio,1.0
ae,13,1,constantes,px,exacta,1.0
ae,13,1,constantes,px,n_cambios_ok,1.0
ae,13,1,constantes,px,estados_ok,1.0
ae,13,1,constantes,px,err_anio_cambio,
ae,13,1,constantes,px,macro_f1,1.0
ae,13,1,constantes,tipo,acc_anio,1.0
ae,13,1,constantes,tipo,exacta,1.0
ae,13,1,constantes,tipo,n_cambios_ok,1.0
ae,13,1,constantes,tipo,estados_ok,1.0
ae,13,1,constantes,tipo,err_anio_cambio,
ae,13,1,constantes,tipo,macro_f1,1.0
ae,13,1,todas_sin_costura,px,acc_anio,1.0
ae,13,1,todas_sin_costura,px,exacta,1.0
ae,13,1,todas_sin_costura,px,n_cambios_ok,1.0
ae,13,1,todas_sin_costura,px,estados_ok,1.0
ae,13,1,todas_sin_costura,px,err_anio_cambio,0.0
ae,13,1,todas_sin_costura,px,macro_f1,1.0
ae,13,1,todas_sin_costura,tipo,acc_anio,1.0
ae,13,1,todas_sin_costura,tipo,exacta,1.0
ae,13,1,todas_sin_costura,tipo,n_cambios_ok,1.0
ae,13,1,todas_sin_costura,tipo,estados_ok,1.0
ae,13,1,todas_sin_costura,tipo,err_anio_cambio,0.0
ae,13,1,todas_sin_costura,tipo,macro_f1,1.0
ae,13,1,dinamicas_sin_costura,px,acc_anio,1.0
ae,13,1,dinamicas_sin_costura,px,exacta,1.0
ae,13,1,dinamicas_sin_costura,px,n_cambios_ok,1.0
ae,13,1,dinamicas_sin_costura,px,estados_ok,1.0
ae,13,1,dinamicas_sin_costura,px,err_anio_cambio,0.0
ae,13,1,dinamicas_sin_costura,px,macro_f1,1.0
ae,13,1,dinamicas_sin_costura,tipo,acc_anio,1.0
ae,13,1,dinamicas_sin_costura,tipo,exacta,1.0
ae,13,1,dinamicas_sin_costura,tipo,n_cambios_ok,1.0
ae,13,1,dinamicas_sin_costura,tipo,estados_ok,1.0
ae,13,1,dinamicas_sin_costura,tipo,err_anio_cambio,0.0
ae,13,1,dinamicas_sin_costura,tipo,macro_f1,1.0
ae,13,1,todas,tipo,spearman_om,0.3575322180961015
ae,13,1,todas,px,spearman_om,-0.2223024821582334
ae,13,1,todas,tipo,knn10_om,0.6808355691835953
ae,13,1,todas,px,knn10_om,0.12449737202358575
ae,13,2,todas,px,acc_anio,1.0
ae,13,2,todas,px,exacta,1.0
ae,13,2,todas,px,n_cambios_ok,1.0
ae,13,2,todas,px,estados_ok,1.0
ae,13,2,todas,px,err_anio_cambio,0.0
ae,13,2,todas,px,macro_f1,1.0
ae,13,2,todas,px,recall_A,1.0
ae,13,2,todas,px,recall_F,1.0
ae,13,2,todas,px,recall_G,1.0
ae,13,2,todas,px,recall_Wt,1.0
ae,13,2,todas,px,recall_U,1.0
ae,13,2,todas,px,recall_Sh,1.0
ae,13,2,todas,px,recall_Sp,1.0
ae,13,2,todas,px,recall_B,1.0
ae,13,2,todas,px,recall_Wa,1.0
ae,13,2,todas,tipo,acc_anio,1.0
ae,13,2,todas,tipo,exacta,1.0
ae,13,2,todas,tipo,n_cambios_ok,1.0
ae,13,2,todas,tipo,estados_ok,1.0
ae,13,2,todas,tipo,err_anio_cambio,0.0
ae,13,2,todas,tipo,macro_f1,1.0
ae,13,2,todas,tipo,recall_A,1.0
ae,13,2,todas,tipo,recall_F,1.0
ae,13,2,todas,tipo,recall_G,1.0
ae,13,2,todas,tipo,recall_Wt,1.0
ae,13,2,todas,tipo,recall_U,1.0
ae,13,2,todas,tipo,recall_Sh,1.0
ae,13,2,todas,tipo,recall_Sp,1.0
ae,13,2,todas,tipo,recall_B,1.0
ae,13,2,todas,tipo,recall_Wa,1.0
ae,13,2,dinamicas,px,acc_anio,1.0
ae,13,2,dinamicas,px,exacta,1.0
ae,13,2,dinamicas,px,n_cambios_ok,1.0
ae,13,2,dinamicas,px,estados_ok,1.0
ae,13,2,dinamicas,px,err_anio_cambio,0.0
ae,13,2,dinamicas,px,macro_f1,1.0
ae,13,2,dinamicas,px,recall_A,1.0
ae,13,2,dinamicas,px,recall_F,1.0
ae,13,2,dinamicas,px,recall_G,1.0
ae,13,2,dinamicas,px,recall_Wt,1.0
ae,13,2,dinamicas,px,recall_U,1.0
ae,13,2,dinamicas,px,recall_Sh,1.0
ae,13,2,dinamicas,px,recall_Sp,1.0
ae,13,2,dinamicas,px,recall_B,1.0
ae,13,2,dinamicas,px,recall_Wa,1.0
ae,13,2,dinamicas,tipo,acc_anio,1.0
ae,13,2,dinamicas,tipo,exacta,1.0
ae,13,2,dinamicas,tipo,n_cambios_ok,1.0
ae,13,2,dinamicas,tipo,estados_ok,1.0
ae,13,2,dinamicas,tipo,err_anio_cambio,0.0
ae,13,2,dinamicas,tipo,macro_f1,1.0
ae,13,2,dinamicas,tipo,recall_A,1.0
ae,13,2,dinamicas,tipo,recall_F,1.0
ae,13,2,dinamicas,tipo,recall_G,1.0
ae,13,2,dinamicas,tipo,recall_Wt,1.0
ae,13,2,dinamicas,tipo,recall_U,1.0
ae,13,2,dinamicas,tipo,recall_Sh,1.0
ae,13,2,dinamicas,tipo,recall_Sp,1.0
ae,13,2,dinamicas,tipo,recall_B,1.0
ae,13,2,dinamicas,tipo,recall_Wa,1.0
ae,13,2,constantes,px,acc_anio,1.0
ae,13,2,constantes,px,exacta,1.0
ae,13,2,constantes,px,n_cambios_ok,1.0
ae,13,2,constantes,px,estados_ok,1.0
ae,13,2,constantes,px,err_anio_cambio,
ae,13,2,constantes,px,macro_f1,1.0
ae,13,2,constantes,tipo,acc_anio,1.0
ae,13,2,constantes,tipo,exacta,1.0
ae,13,2,constantes,tipo,n_cambios_ok,1.0
ae,13,2,constantes,tipo,estados_ok,1.0
ae,13,2,constantes,tipo,err_anio_cambio,
ae,13,2,constantes,tipo,macro_f1,1.0
ae,13,2,todas_sin_costura,px,acc_anio,1.0
ae,13,2,todas_sin_costura,px,exacta,1.0
ae,13,2,todas_sin_costura,px,n_cambios_ok,1.0
ae,13,2,todas_sin_costura,px,estados_ok,1.0
ae,13,2,todas_sin_costura,px,err_anio_cambio,0.0
ae,13,2,todas_sin_costura,px,macro_f1,1.0
ae,13,2,todas_sin_costura,tipo,acc_anio,1.0
ae,13,2,todas_sin_costura,tipo,exacta,1.0
ae,13,2,todas_sin_costura,tipo,n_cambios_ok,1.0
ae,13,2,todas_sin_costura,tipo,estados_ok,1.0
ae,13,2,todas_sin_costura,tipo,err_anio_cambio,0.0
ae,13,2,todas_sin_costura,tipo,macro_f1,1.0
ae,13,2,dinamicas_sin_costura,px,acc_anio,1.0
ae,13,2,dinamicas_sin_costura,px,exacta,1.0
ae,13,2,dinamicas_sin_costura,px,n_cambios_ok,1.0
ae,13,2,dinamicas_sin_costura,px,estados_ok,1.0
ae,13,2,dinamicas_sin_costura,px,err_anio_cambio,0.0
ae,13,2,dinamicas_sin_costura,px,macro_f1,1.0
ae,13,2,dinamicas_sin_costura,tipo,acc_anio,1.0
ae,13,2,dinamicas_sin_costura,tipo,exacta,1.0
ae,13,2,dinamicas_sin_costura,tipo,n_cambios_ok,1.0
ae,13,2,dinamicas_sin_costura,tipo,estados_ok,1.0
ae,13,2,dinamicas_sin_costura,tipo,err_anio_cambio,0.0
ae,13,2,dinamicas_sin_costura,tipo,macro_f1,1.0
ae,13,2,todas,tipo,spearman_om,0.3259638995106584
ae,13,2,todas,px,spearman_om,-0.2502271198998829
ae,13,2,todas,tipo,knn10_om,0.6731570205698224
ae,13,2,todas,px,knn10_om,0.1080851985295049
ae,16,0,todas,px,acc_anio,1.0
ae,16,0,todas,px,exacta,1.0
ae,16,0,todas,px,n_cambios_ok,1.0
ae,16,0,todas,px,estados_ok,1.0
ae,16,0,todas,px,err_anio_cambio,0.0
ae,16,0,todas,px,macro_f1,1.0
ae,16,0,todas,px,recall_A,1.0
ae,16,0,todas,px,recall_F,1.0
ae,16,0,todas,px,recall_G,1.0
ae,16,0,todas,px,recall_Wt,1.0
ae,16,0,todas,px,recall_U,1.0
ae,16,0,todas,px,recall_Sh,1.0
ae,16,0,todas,px,recall_Sp,1.0
ae,16,0,todas,px,recall_B,1.0
ae,16,0,todas,px,recall_Wa,1.0
ae,16,0,todas,tipo,acc_anio,1.0
ae,16,0,todas,tipo,exacta,1.0
ae,16,0,todas,tipo,n_cambios_ok,1.0
ae,16,0,todas,tipo,estados_ok,1.0
ae,16,0,todas,tipo,err_anio_cambio,0.0
ae,16,0,todas,tipo,macro_f1,1.0
ae,16,0,todas,tipo,recall_A,1.0
ae,16,0,todas,tipo,recall_F,1.0
ae,16,0,todas,tipo,recall_G,1.0
ae,16,0,todas,tipo,recall_Wt,1.0
ae,16,0,todas,tipo,recall_U,1.0
ae,16,0,todas,tipo,recall_Sh,1.0
ae,16,0,todas,tipo,recall_Sp,1.0
ae,16,0,todas,tipo,recall_B,1.0
ae,16,0,todas,tipo,recall_Wa,1.0
ae,16,0,dinamicas,px,acc_anio,1.0
ae,16,0,dinamicas,px,exacta,1.0
ae,16,0,dinamicas,px,n_cambios_ok,1.0
ae,16,0,dinamicas,px,estados_ok,1.0
ae,16,0,dinamicas,px,err_anio_cambio,0.0
ae,16,0,dinamicas,px,macro_f1,1.0
ae,16,0,dinamicas,px,recall_A,1.0
ae,16,0,dinamicas,px,recall_F,1.0
ae,16,0,dinamicas,px,recall_G,1.0
ae,16,0,dinamicas,px,recall_Wt,1.0
ae,16,0,dinamicas,px,recall_U,1.0
ae,16,0,dinamicas,px,recall_Sh,1.0
ae,16,0,dinamicas,px,recall_Sp,1.0
ae,16,0,dinamicas,px,recall_B,1.0
ae,16,0,dinamicas,px,recall_Wa,1.0
ae,16,0,dinamicas,tipo,acc_anio,1.0
ae,16,0,dinamicas,tipo,exacta,1.0
ae,16,0,dinamicas,tipo,n_cambios_ok,1.0
ae,16,0,dinamicas,tipo,estados_ok,1.0
ae,16,0,dinamicas,tipo,err_anio_cambio,0.0
ae,16,0,dinamicas,tipo,macro_f1,1.0
ae,16,0,dinamicas,tipo,recall_A,1.0
ae,16,0,dinamicas,tipo,recall_F,1.0
ae,16,0,dinamicas,tipo,recall_G,1.0
ae,16,0,dinamicas,tipo,recall_Wt,1.0
ae,16,0,dinamicas,tipo,recall_U,1.0
ae,16,0,dinamicas,tipo,recall_Sh,1.0
ae,16,0,dinamicas,tipo,recall_Sp,1.0
ae,16,0,dinamicas,tipo,recall_B,1.0
ae,16,0,dinamicas,tipo,recall_Wa,1.0
ae,16,0,constantes,px,acc_anio,1.0
ae,16,0,constantes,px,exacta,1.0
ae,16,0,constantes,px,n_cambios_ok,1.0
ae,16,0,constantes,px,estados_ok,1.0
ae,16,0,constantes,px,err_anio_cambio,
ae,16,0,constantes,px,macro_f1,1.0
ae,16,0,constantes,tipo,acc_anio,1.0
ae,16,0,constantes,tipo,exacta,1.0
ae,16,0,constantes,tipo,n_cambios_ok,1.0
ae,16,0,constantes,tipo,estados_ok,1.0
ae,16,0,constantes,tipo,err_anio_cambio,
ae,16,0,constantes,tipo,macro_f1,1.0
ae,16,0,todas_sin_costura,px,acc_anio,1.0
ae,16,0,todas_sin_costura,px,exacta,1.0
ae,16,0,todas_sin_costura,px,n_cambios_ok,1.0
ae,16,0,todas_sin_costura,px,estados_ok,1.0
ae,16,0,todas_sin_costura,px,err_anio_cambio,0.0
ae,16,0,todas_sin_costura,px,macro_f1,1.0
ae,16,0,todas_sin_costura,tipo,acc_anio,1.0
ae,16,0,todas_sin_costura,tipo,exacta,1.0
ae,16,0,todas_sin_costura,tipo,n_cambios_ok,1.0
ae,16,0,todas_sin_costura,tipo,estados_ok,1.0
ae,16,0,todas_sin_costura,tipo,err_anio_cambio,0.0
ae,16,0,todas_sin_costura,tipo,macro_f1,1.0
ae,16,0,dinamicas_sin_costura,px,acc_anio,1.0
ae,16,0,dinamicas_sin_costura,px,exacta,1.0
ae,16,0,dinamicas_sin_costura,px,n_cambios_ok,1.0
ae,16,0,dinamicas_sin_costura,px,estados_ok,1.0
ae,16,0,dinamicas_sin_costura,px,err_anio_cambio,0.0
ae,16,0,dinamicas_sin_costura,px,macro_f1,1.0
ae,16,0,dinamicas_sin_costura,tipo,acc_anio,1.0
ae,16,0,dinamicas_sin_costura,tipo,exacta,1.0
ae,16,0,dinamicas_sin_costura,tipo,n_cambios_ok,1.0
ae,16,0,dinamicas_sin_costura,tipo,estados_ok,1.0
ae,16,0,dinamicas_sin_costura,tipo,err_anio_cambio,0.0
ae,16,0,dinamicas_sin_costura,tipo,macro_f1,1.0
ae,16,0,todas,tipo,spearman_om,0.35191170066331146
ae,16,0,todas,px,spearman_om,-0.4883605110993532
ae,16,0,todas,tipo,knn10_om,0.6753034368212598
ae,16,0,todas,px,knn10_om,0.3012350648076961
ae,16,1,todas,px,acc_anio,1.0
ae,16,1,todas,px,exacta,1.0
ae,16,1,todas,px,n_cambios_ok,1.0
ae,16,1,todas,px,estados_ok,1.0
ae,16,1,todas,px,err_anio_cambio,0.0
ae,16,1,todas,px,macro_f1,1.0
ae,16,1,todas,px,recall_A,1.0
ae,16,1,todas,px,recall_F,1.0
ae,16,1,todas,px,recall_G,1.0
ae,16,1,todas,px,recall_Wt,1.0
ae,16,1,todas,px,recall_U,1.0
ae,16,1,todas,px,recall_Sh,1.0
ae,16,1,todas,px,recall_Sp,1.0
ae,16,1,todas,px,recall_B,1.0
ae,16,1,todas,px,recall_Wa,1.0
ae,16,1,todas,tipo,acc_anio,1.0
ae,16,1,todas,tipo,exacta,1.0
ae,16,1,todas,tipo,n_cambios_ok,1.0
ae,16,1,todas,tipo,estados_ok,1.0
ae,16,1,todas,tipo,err_anio_cambio,0.0
ae,16,1,todas,tipo,macro_f1,1.0
ae,16,1,todas,tipo,recall_A,1.0
ae,16,1,todas,tipo,recall_F,1.0
ae,16,1,todas,tipo,recall_G,1.0
ae,16,1,todas,tipo,recall_Wt,1.0
ae,16,1,todas,tipo,recall_U,1.0
ae,16,1,todas,tipo,recall_Sh,1.0
ae,16,1,todas,tipo,recall_Sp,1.0
ae,16,1,todas,tipo,recall_B,1.0
ae,16,1,todas,tipo,recall_Wa,1.0
ae,16,1,dinamicas,px,acc_anio,1.0
ae,16,1,dinamicas,px,exacta,1.0
ae,16,1,dinamicas,px,n_cambios_ok,1.0
ae,16,1,dinamicas,px,estados_ok,1.0
ae,16,1,dinamicas,px,err_anio_cambio,0.0
ae,16,1,dinamicas,px,macro_f1,1.0
ae,16,1,dinamicas,px,recall_A,1.0
ae,16,1,dinamicas,px,recall_F,1.0
ae,16,1,dinamicas,px,recall_G,1.0
ae,16,1,dinamicas,px,recall_Wt,1.0
ae,16,1,dinamicas,px,recall_U,1.0
ae,16,1,dinamicas,px,recall_Sh,1.0
ae,16,1,dinamicas,px,recall_Sp,1.0
ae,16,1,dinamicas,px,recall_B,1.0
ae,16,1,dinamicas,px,recall_Wa,1.0
ae,16,1,dinamicas,tipo,acc_anio,1.0
ae,16,1,dinamicas,tipo,exacta,1.0
ae,16,1,dinamicas,tipo,n_cambios_ok,1.0
ae,16,1,dinamicas,tipo,estados_ok,1.0
ae,16,1,dinamicas,tipo,err_anio_cambio,0.0
ae,16,1,dinamicas,tipo,macro_f1,1.0
ae,16,1,dinamicas,tipo,recall_A,1.0
ae,16,1,dinamicas,tipo,recall_F,1.0
ae,16,1,dinamicas,tipo,recall_G,1.0
ae,16,1,dinamicas,tipo,recall_Wt,1.0
ae,16,1,dinamicas,tipo,recall_U,1.0
ae,16,1,dinamicas,tipo,recall_Sh,1.0
ae,16,1,dinamicas,tipo,recall_Sp,1.0
ae,16,1,dinamicas,tipo,recall_B,1.0
ae,16,1,dinamicas,tipo,recall_Wa,1.0
ae,16,1,constantes,px,acc_anio,1.0
ae,16,1,constantes,px,exacta,1.0
ae,16,1,constantes,px,n_cambios_ok,1.0
ae,16,1,constantes,px,estados_ok,1.0
ae,16,1,constantes,px,err_anio_cambio,
ae,16,1,constantes,px,macro_f1,1.0
ae,16,1,constantes,tipo,acc_anio,1.0
ae,16,1,constantes,tipo,exacta,1.0
ae,16,1,constantes,tipo,n_cambios_ok,1.0
ae,16,1,constantes,tipo,estados_ok,1.0
ae,16,1,constantes,tipo,err_anio_cambio,
ae,16,1,constantes,tipo,macro_f1,1.0
ae,16,1,todas_sin_costura,px,acc_anio,1.0
ae,16,1,todas_sin_costura,px,exacta,1.0
ae,16,1,todas_sin_costura,px,n_cambios_ok,1.0
ae,16,1,todas_sin_costura,px,estados_ok,1.0
ae,16,1,todas_sin_costura,px,err_anio_cambio,0.0
ae,16,1,todas_sin_costura,px,macro_f1,1.0
ae,16,1,todas_sin_costura,tipo,acc_anio,1.0
ae,16,1,todas_sin_costura,tipo,exacta,1.0
ae,16,1,todas_sin_costura,tipo,n_cambios_ok,1.0
ae,16,1,todas_sin_costura,tipo,estados_ok,1.0
ae,16,1,todas_sin_costura,tipo,err_anio_cambio,0.0
ae,16,1,todas_sin_costura,tipo,macro_f1,1.0
ae,16,1,dinamicas_sin_costura,px,acc_anio,1.0
ae,16,1,dinamicas_sin_costura,px,exacta,1.0
ae,16,1,dinamicas_sin_costura,px,n_cambios_ok,1.0
ae,16,1,dinamicas_sin_costura,px,estados_ok,1.0
ae,16,1,dinamicas_sin_costura,px,err_anio_cambio,0.0
ae,16,1,dinamicas_sin_costura,px,macro_f1,1.0
ae,16,1,dinamicas_sin_costura,tipo,acc_anio,1.0
ae,16,1,dinamicas_sin_costura,tipo,exacta,1.0
ae,16,1,dinamicas_sin_costura,tipo,n_cambios_ok,1.0
ae,16,1,dinamicas_sin_costura,tipo,estados_ok,1.0
ae,16,1,dinamicas_sin_costura,tipo,err_anio_cambio,0.0
ae,16,1,dinamicas_sin_costura,tipo,macro_f1,1.0
ae,16,1,todas,tipo,spearman_om,0.3128341489068739
ae,16,1,todas,px,spearman_om,-0.2927854718864741
ae,16,1,todas,tipo,knn10_om,0.661172863165964
ae,16,1,todas,px,knn10_om,0.28215960104629667
ae,16,2,todas,px,acc_anio,1.0
ae,16,2,todas,px,exacta,1.0
ae,16,2,todas,px,n_cambios_ok,1.0
ae,16,2,todas,px,estados_ok,1.0
ae,16,2,todas,px,err_anio_cambio,0.0
ae,16,2,todas,px,macro_f1,1.0
ae,16,2,todas,px,recall_A,1.0
ae,16,2,todas,px,recall_F,1.0
ae,16,2,todas,px,recall_G,1.0
ae,16,2,todas,px,recall_Wt,1.0
ae,16,2,todas,px,recall_U,1.0
ae,16,2,todas,px,recall_Sh,1.0
ae,16,2,todas,px,recall_Sp,1.0
ae,16,2,todas,px,recall_B,1.0
ae,16,2,todas,px,recall_Wa,1.0
ae,16,2,todas,tipo,acc_anio,1.0
ae,16,2,todas,tipo,exacta,1.0
ae,16,2,todas,tipo,n_cambios_ok,1.0
ae,16,2,todas,tipo,estados_ok,1.0
ae,16,2,todas,tipo,err_anio_cambio,0.0
ae,16,2,todas,tipo,macro_f1,1.0
ae,16,2,todas,tipo,recall_A,1.0
ae,16,2,todas,tipo,recall_F,1.0
ae,16,2,todas,tipo,recall_G,1.0
ae,16,2,todas,tipo,recall_Wt,1.0
ae,16,2,todas,tipo,recall_U,1.0
ae,16,2,todas,tipo,recall_Sh,1.0
ae,16,2,todas,tipo,recall_Sp,1.0
ae,16,2,todas,tipo,recall_B,1.0
ae,16,2,todas,tipo,recall_Wa,1.0
ae,16,2,dinamicas,px,acc_anio,1.0
ae,16,2,dinamicas,px,exacta,1.0
ae,16,2,dinamicas,px,n_cambios_ok,1.0
ae,16,2,dinamicas,px,estados_ok,1.0
ae,16,2,dinamicas,px,err_anio_cambio,0.0
ae,16,2,dinamicas,px,macro_f1,1.0
ae,16,2,dinamicas,px,recall_A,1.0
ae,16,2,dinamicas,px,recall_F,1.0
ae,16,2,dinamicas,px,recall_G,1.0
ae,16,2,dinamicas,px,recall_Wt,1.0
ae,16,2,dinamicas,px,recall_U,1.0
ae,16,2,dinamicas,px,recall_Sh,1.0
ae,16,2,dinamicas,px,recall_Sp,1.0
ae,16,2,dinamicas,px,recall_B,1.0
ae,16,2,dinamicas,px,recall_Wa,1.0
ae,16,2,dinamicas,tipo,acc_anio,1.0
ae,16,2,dinamicas,tipo,exacta,1.0
ae,16,2,dinamicas,tipo,n_cambios_ok,1.0
ae,16,2,dinamicas,tipo,estados_ok,1.0
ae,16,2,dinamicas,tipo,err_anio_cambio,0.0
ae,16,2,dinamicas,tipo,macro_f1,1.0
ae,16,2,dinamicas,tipo,recall_A,1.0
ae,16,2,dinamicas,tipo,recall_F,1.0
ae,16,2,dinamicas,tipo,recall_G,1.0
ae,16,2,dinamicas,tipo,recall_Wt,1.0
ae,16,2,dinamicas,tipo,recall_U,1.0
ae,16,2,dinamicas,tipo,recall_Sh,1.0
ae,16,2,dinamicas,tipo,recall_Sp,1.0
ae,16,2,dinamicas,tipo,recall_B,1.0
ae,16,2,dinamicas,tipo,recall_Wa,1.0
ae,16,2,constantes,px,acc_anio,1.0
ae,16,2,constantes,px,exacta,1.0
ae,16,2,constantes,px,n_cambios_ok,1.0
ae,16,2,constantes,px,estados_ok,1.0
ae,16,2,constantes,px,err_anio_cambio,
ae,16,2,constantes,px,macro_f1,1.0
ae,16,2,constantes,tipo,acc_anio,1.0
ae,16,2,constantes,tipo,exacta,1.0
ae,16,2,constantes,tipo,n_cambios_ok,1.0
ae,16,2,constantes,tipo,estados_ok,1.0
ae,16,2,constantes,tipo,err_anio_cambio,
ae,16,2,constantes,tipo,macro_f1,1.0
ae,16,2,todas_sin_costura,px,acc_anio,1.0
ae,16,2,todas_sin_costura,px,exacta,1.0
ae,16,2,todas_sin_costura,px,n_cambios_ok,1.0
ae,16,2,todas_sin_costura,px,estados_ok,1.0
ae,16,2,todas_sin_costura,px,err_anio_cambio,0.0
ae,16,2,todas_sin_costura,px,macro_f1,1.0
ae,16,2,todas_sin_costura,tipo,acc_anio,1.0
ae,16,2,todas_sin_costura,tipo,exacta,1.0
ae,16,2,todas_sin_costura,tipo,n_cambios_ok,1.0
ae,16,2,todas_sin_costura,tipo,estados_ok,1.0
ae,16,2,todas_sin_costura,tipo,err_anio_cambio,0.0
ae,16,2,todas_sin_costura,tipo,macro_f1,1.0
ae,16,2,dinamicas_sin_costura,px,acc_anio,1.0
ae,16,2,dinamicas_sin_costura,px,exacta,1.0
ae,16,2,dinamicas_sin_costura,px,n_cambios_ok,1.0
ae,16,2,dinamicas_sin_costura,px,estados_ok,1.0
ae,16,2,dinamicas_sin_costura,px,err_anio_cambio,0.0
ae,16,2,dinamicas_sin_costura,px,macro_f1,1.0
ae,16,2,dinamicas_sin_costura,tipo,acc_anio,1.0
ae,16,2,dinamicas_sin_costura,tipo,exacta,1.0
ae,16,2,dinamicas_sin_costura,tipo,n_cambios_ok,1.0
ae,16,2,dinamicas_sin_costura,tipo,estados_ok,1.0
ae,16,2,dinamicas_sin_costura,tipo,err_anio_cambio,0.0
ae,16,2,dinamicas_sin_costura,tipo,macro_f1,1.0
ae,16,2,todas,tipo,spearman_om,0.345904000031414
ae,16,2,todas,px,spearman_om,-0.3228822640869504
ae,16,2,todas,tipo,knn10_om,0.674460201865338
ae,16,2,todas,px,knn10_om,0.30120532945153444
ae,19,0,todas,px,acc_anio,1.0
ae,19,0,todas,px,exacta,1.0
ae,19,0,todas,px,n_cambios_ok,1.0
ae,19,0,todas,px,estados_ok,1.0
ae,19,0,todas,px,err_anio_cambio,0.0
ae,19,0,todas,px,macro_f1,1.0
ae,19,0,todas,px,recall_A,1.0
ae,19,0,todas,px,recall_F,1.0
ae,19,0,todas,px,recall_G,1.0
ae,19,0,todas,px,recall_Wt,1.0
ae,19,0,todas,px,recall_U,1.0
ae,19,0,todas,px,recall_Sh,1.0
ae,19,0,todas,px,recall_Sp,1.0
ae,19,0,todas,px,recall_B,1.0
ae,19,0,todas,px,recall_Wa,1.0
ae,19,0,todas,tipo,acc_anio,1.0
ae,19,0,todas,tipo,exacta,1.0
ae,19,0,todas,tipo,n_cambios_ok,1.0
ae,19,0,todas,tipo,estados_ok,1.0
ae,19,0,todas,tipo,err_anio_cambio,0.0
ae,19,0,todas,tipo,macro_f1,1.0
ae,19,0,todas,tipo,recall_A,1.0
ae,19,0,todas,tipo,recall_F,1.0
ae,19,0,todas,tipo,recall_G,1.0
ae,19,0,todas,tipo,recall_Wt,1.0
ae,19,0,todas,tipo,recall_U,1.0
ae,19,0,todas,tipo,recall_Sh,1.0
ae,19,0,todas,tipo,recall_Sp,1.0
ae,19,0,todas,tipo,recall_B,1.0
ae,19,0,todas,tipo,recall_Wa,1.0
ae,19,0,dinamicas,px,acc_anio,1.0
ae,19,0,dinamicas,px,exacta,1.0
ae,19,0,dinamicas,px,n_cambios_ok,1.0
ae,19,0,dinamicas,px,estados_ok,1.0
ae,19,0,dinamicas,px,err_anio_cambio,0.0
ae,19,0,dinamicas,px,macro_f1,1.0
ae,19,0,dinamicas,px,recall_A,1.0
ae,19,0,dinamicas,px,recall_F,1.0
ae,19,0,dinamicas,px,recall_G,1.0
ae,19,0,dinamicas,px,recall_Wt,1.0
ae,19,0,dinamicas,px,recall_U,1.0
ae,19,0,dinamicas,px,recall_Sh,1.0
ae,19,0,dinamicas,px,recall_Sp,1.0
ae,19,0,dinamicas,px,recall_B,1.0
ae,19,0,dinamicas,px,recall_Wa,1.0
ae,19,0,dinamicas,tipo,acc_anio,1.0
ae,19,0,dinamicas,tipo,exacta,1.0
ae,19,0,dinamicas,tipo,n_cambios_ok,1.0
ae,19,0,dinamicas,tipo,estados_ok,1.0
ae,19,0,dinamicas,tipo,err_anio_cambio,0.0
ae,19,0,dinamicas,tipo,macro_f1,1.0
ae,19,0,dinamicas,tipo,recall_A,1.0
ae,19,0,dinamicas,tipo,recall_F,1.0
ae,19,0,dinamicas,tipo,recall_G,1.0
ae,19,0,dinamicas,tipo,recall_Wt,1.0
ae,19,0,dinamicas,tipo,recall_U,1.0
ae,19,0,dinamicas,tipo,recall_Sh,1.0
ae,19,0,dinamicas,tipo,recall_Sp,1.0
ae,19,0,dinamicas,tipo,recall_B,1.0
ae,19,0,dinamicas,tipo,recall_Wa,1.0
ae,19,0,constantes,px,acc_anio,1.0
ae,19,0,constantes,px,exacta,1.0
ae,19,0,constantes,px,n_cambios_ok,1.0
ae,19,0,constantes,px,estados_ok,1.0
ae,19,0,constantes,px,err_anio_cambio,
ae,19,0,constantes,px,macro_f1,1.0
ae,19,0,constantes,tipo,acc_anio,1.0
ae,19,0,constantes,tipo,exacta,1.0
ae,19,0,constantes,tipo,n_cambios_ok,1.0
ae,19,0,constantes,tipo,estados_ok,1.0
ae,19,0,constantes,tipo,err_anio_cambio,
ae,19,0,constantes,tipo,macro_f1,1.0
ae,19,0,todas_sin_costura,px,acc_anio,1.0
ae,19,0,todas_sin_costura,px,exacta,1.0
ae,19,0,todas_sin_costura,px,n_cambios_ok,1.0
ae,19,0,todas_sin_costura,px,estados_ok,1.0
ae,19,0,todas_sin_costura,px,err_anio_cambio,0.0
ae,19,0,todas_sin_costura,px,macro_f1,1.0
ae,19,0,todas_sin_costura,tipo,acc_anio,1.0
ae,19,0,todas_sin_costura,tipo,exacta,1.0
ae,19,0,todas_sin_costura,tipo,n_cambios_ok,1.0
ae,19,0,todas_sin_costura,tipo,estados_ok,1.0
ae,19,0,todas_sin_costura,tipo,err_anio_cambio,0.0
ae,19,0,todas_sin_costura,tipo,macro_f1,1.0
ae,19,0,dinamicas_sin_costura,px,acc_anio,1.0
ae,19,0,dinamicas_sin_costura,px,exacta,1.0
ae,19,0,dinamicas_sin_costura,px,n_cambios_ok,1.0
ae,19,0,dinamicas_sin_costura,px,estados_ok,1.0
ae,19,0,dinamicas_sin_costura,px,err_anio_cambio,0.0
ae,19,0,dinamicas_sin_costura,px,macro_f1,1.0
ae,19,0,dinamicas_sin_costura,tipo,acc_anio,1.0
ae,19,0,dinamicas_sin_costura,tipo,exacta,1.0
ae,19,0,dinamicas_sin_costura,tipo,n_cambios_ok,1.0
ae,19,0,dinamicas_sin_costura,tipo,estados_ok,1.0
ae,19,0,dinamicas_sin_costura,tipo,err_anio_cambio,0.0
ae,19,0,dinamicas_sin_costura,tipo,macro_f1,1.0
ae,19,0,todas,tipo,spearman_om,0.2717320144506075
ae,19,0,todas,px,spearman_om,-0.34998274040914407
ae,19,0,todas,tipo,knn10_om,0.6419828797751373
ae,19,0,todas,px,knn10_om,0.1329600931844541
ae,19,1,todas,px,acc_anio,1.0
ae,19,1,todas,px,exacta,1.0
ae,19,1,todas,px,n_cambios_ok,1.0
ae,19,1,todas,px,estados_ok,1.0
ae,19,1,todas,px,err_anio_cambio,0.0
ae,19,1,todas,px,macro_f1,1.0
ae,19,1,todas,px,recall_A,1.0
ae,19,1,todas,px,recall_F,1.0
ae,19,1,todas,px,recall_G,1.0
ae,19,1,todas,px,recall_Wt,1.0
ae,19,1,todas,px,recall_U,1.0
ae,19,1,todas,px,recall_Sh,1.0
ae,19,1,todas,px,recall_Sp,1.0
ae,19,1,todas,px,recall_B,1.0
ae,19,1,todas,px,recall_Wa,1.0
ae,19,1,todas,tipo,acc_anio,1.0
ae,19,1,todas,tipo,exacta,1.0
ae,19,1,todas,tipo,n_cambios_ok,1.0
ae,19,1,todas,tipo,estados_ok,1.0
ae,19,1,todas,tipo,err_anio_cambio,0.0
ae,19,1,todas,tipo,macro_f1,1.0
ae,19,1,todas,tipo,recall_A,1.0
ae,19,1,todas,tipo,recall_F,1.0
ae,19,1,todas,tipo,recall_G,1.0
ae,19,1,todas,tipo,recall_Wt,1.0
ae,19,1,todas,tipo,recall_U,1.0
ae,19,1,todas,tipo,recall_Sh,1.0
ae,19,1,todas,tipo,recall_Sp,1.0
ae,19,1,todas,tipo,recall_B,1.0
ae,19,1,todas,tipo,recall_Wa,1.0
ae,19,1,dinamicas,px,acc_anio,1.0
ae,19,1,dinamicas,px,exacta,1.0
ae,19,1,dinamicas,px,n_cambios_ok,1.0
ae,19,1,dinamicas,px,estados_ok,1.0
ae,19,1,dinamicas,px,err_anio_cambio,0.0
ae,19,1,dinamicas,px,macro_f1,1.0
ae,19,1,dinamicas,px,recall_A,1.0
ae,19,1,dinamicas,px,recall_F,1.0
ae,19,1,dinamicas,px,recall_G,1.0
ae,19,1,dinamicas,px,recall_Wt,1.0
ae,19,1,dinamicas,px,recall_U,1.0
ae,19,1,dinamicas,px,recall_Sh,1.0
ae,19,1,dinamicas,px,recall_Sp,1.0
ae,19,1,dinamicas,px,recall_B,1.0
ae,19,1,dinamicas,px,recall_Wa,1.0
ae,19,1,dinamicas,tipo,acc_anio,1.0
ae,19,1,dinamicas,tipo,exacta,1.0
ae,19,1,dinamicas,tipo,n_cambios_ok,1.0
ae,19,1,dinamicas,tipo,estados_ok,1.0
ae,19,1,dinamicas,tipo,err_anio_cambio,0.0
ae,19,1,dinamicas,tipo,macro_f1,1.0
ae,19,1,dinamicas,tipo,recall_A,1.0
ae,19,1,dinamicas,tipo,recall_F,1.0
ae,19,1,dinamicas,tipo,recall_G,1.0
ae,19,1,dinamicas,tipo,recall_Wt,1.0
ae,19,1,dinamicas,tipo,recall_U,1.0
ae,19,1,dinamicas,tipo,recall_Sh,1.0
ae,19,1,dinamicas,tipo,recall_Sp,1.0
ae,19,1,dinamicas,tipo,recall_B,1.0
ae,19,1,dinamicas,tipo,recall_Wa,1.0
ae,19,1,constantes,px,acc_anio,1.0
ae,19,1,constantes,px,exacta,1.0
ae,19,1,constantes,px,n_cambios_ok,1.0
ae,19,1,constantes,px,estados_ok,1.0
ae,19,1,constantes,px,err_anio_cambio,
ae,19,1,constantes,px,macro_f1,1.0
ae,19,1,constantes,tipo,acc_anio,1.0
ae,19,1,constantes,tipo,exacta,1.0
ae,19,1,constantes,tipo,n_cambios_ok,1.0
ae,19,1,constantes,tipo,estados_ok,1.0
ae,19,1,constantes,tipo,err_anio_cambio,
ae,19,1,constantes,tipo,macro_f1,1.0
ae,19,1,todas_sin_costura,px,acc_anio,1.0
ae,19,1,todas_sin_costura,px,exacta,1.0
ae,19,1,todas_sin_costura,px,n_cambios_ok,1.0
ae,19,1,todas_sin_costura,px,estados_ok,1.0
ae,19,1,todas_sin_costura,px,err_anio_cambio,0.0
ae,19,1,todas_sin_costura,px,macro_f1,1.0
ae,19,1,todas_sin_costura,tipo,acc_anio,1.0
ae,19,1,todas_sin_costura,tipo,exacta,1.0
ae,19,1,todas_sin_costura,tipo,n_cambios_ok,1.0
ae,19,1,todas_sin_costura,tipo,estados_ok,1.0
ae,19,1,todas_sin_costura,tipo,err_anio_cambio,0.0
ae,19,1,todas_sin_costura,tipo,macro_f1,1.0
ae,19,1,dinamicas_sin_costura,px,acc_anio,1.0
ae,19,1,dinamicas_sin_costura,px,exacta,1.0
ae,19,1,dinamicas_sin_costura,px,n_cambios_ok,1.0
ae,19,1,dinamicas_sin_costura,px,estados_ok,1.0
ae,19,1,dinamicas_sin_costura,px,err_anio_cambio,0.0
ae,19,1,dinamicas_sin_costura,px,macro_f1,1.0
ae,19,1,dinamicas_sin_costura,tipo,acc_anio,1.0
ae,19,1,dinamicas_sin_costura,tipo,exacta,1.0
ae,19,1,dinamicas_sin_costura,tipo,n_cambios_ok,1.0
ae,19,1,dinamicas_sin_costura,tipo,estados_ok,1.0
ae,19,1,dinamicas_sin_costura,tipo,err_anio_cambio,0.0
ae,19,1,dinamicas_sin_costura,tipo,macro_f1,1.0
ae,19,1,todas,tipo,spearman_om,0.3612840269349509
ae,19,1,todas,px,spearman_om,-0.25682483042236803
ae,19,1,todas,tipo,knn10_om,0.6799412290788298
ae,19,1,todas,px,knn10_om,0.3718313839585763
ae,19,2,todas,px,acc_anio,1.0
ae,19,2,todas,px,exacta,1.0
ae,19,2,todas,px,n_cambios_ok,1.0
ae,19,2,todas,px,estados_ok,1.0
ae,19,2,todas,px,err_anio_cambio,0.0
ae,19,2,todas,px,macro_f1,1.0
ae,19,2,todas,px,recall_A,1.0
ae,19,2,todas,px,recall_F,1.0
ae,19,2,todas,px,recall_G,1.0
ae,19,2,todas,px,recall_Wt,1.0
ae,19,2,todas,px,recall_U,1.0
ae,19,2,todas,px,recall_Sh,1.0
ae,19,2,todas,px,recall_Sp,1.0
ae,19,2,todas,px,recall_B,1.0
ae,19,2,todas,px,recall_Wa,1.0
ae,19,2,todas,tipo,acc_anio,1.0
ae,19,2,todas,tipo,exacta,1.0
ae,19,2,todas,tipo,n_cambios_ok,1.0
ae,19,2,todas,tipo,estados_ok,1.0
ae,19,2,todas,tipo,err_anio_cambio,0.0
ae,19,2,todas,tipo,macro_f1,1.0
ae,19,2,todas,tipo,recall_A,1.0
ae,19,2,todas,tipo,recall_F,1.0
ae,19,2,todas,tipo,recall_G,1.0
ae,19,2,todas,tipo,recall_Wt,1.0
ae,19,2,todas,tipo,recall_U,1.0
ae,19,2,todas,tipo,recall_Sh,1.0
ae,19,2,todas,tipo,recall_Sp,1.0
ae,19,2,todas,tipo,recall_B,1.0
ae,19,2,todas,tipo,recall_Wa,1.0
ae,19,2,dinamicas,px,acc_anio,1.0
ae,19,2,dinamicas,px,exacta,1.0
ae,19,2,dinamicas,px,n_cambios_ok,1.0
ae,19,2,dinamicas,px,estados_ok,1.0
ae,19,2,dinamicas,px,err_anio_cambio,0.0
ae,19,2,dinamicas,px,macro_f1,1.0
ae,19,2,dinamicas,px,recall_A,1.0
ae,19,2,dinamicas,px,recall_F,1.0
ae,19,2,dinamicas,px,recall_G,1.0
ae,19,2,dinamicas,px,recall_Wt,1.0
ae,19,2,dinamicas,px,recall_U,1.0
ae,19,2,dinamicas,px,recall_Sh,1.0
ae,19,2,dinamicas,px,recall_Sp,1.0
ae,19,2,dinamicas,px,recall_B,1.0
ae,19,2,dinamicas,px,recall_Wa,1.0
ae,19,2,dinamicas,tipo,acc_anio,1.0
ae,19,2,dinamicas,tipo,exacta,1.0
ae,19,2,dinamicas,tipo,n_cambios_ok,1.0
ae,19,2,dinamicas,tipo,estados_ok,1.0
ae,19,2,dinamicas,tipo,err_anio_cambio,0.0
ae,19,2,dinamicas,tipo,macro_f1,1.0
ae,19,2,dinamicas,tipo,recall_A,1.0
ae,19,2,dinamicas,tipo,recall_F,1.0
ae,19,2,dinamicas,tipo,recall_G,1.0
ae,19,2,dinamicas,tipo,recall_Wt,1.0
ae,19,2,dinamicas,tipo,recall_U,1.0
ae,19,2,dinamicas,tipo,recall_Sh,1.0
ae,19,2,dinamicas,tipo,recall_Sp,1.0
ae,19,2,dinamicas,tipo,recall_B,1.0
ae,19,2,dinamicas,tipo,recall_Wa,1.0
ae,19,2,constantes,px,acc_anio,1.0
ae,19,2,constantes,px,exacta,1.0
ae,19,2,constantes,px,n_cambios_ok,1.0
ae,19,2,constantes,px,estados_ok,1.0
ae,19,2,constantes,px,err_anio_cambio,
ae,19,2,constantes,px,macro_f1,1.0
ae,19,2,constantes,tipo,acc_anio,1.0
ae,19,2,constantes,tipo,exacta,1.0
ae,19,2,constantes,tipo,n_cambios_ok,1.0
ae,19,2,constantes,tipo,estados_ok,1.0
ae,19,2,constantes,tipo,err_anio_cambio,
ae,19,2,constantes,tipo,macro_f1,1.0
ae,19,2,todas_sin_costura,px,acc_anio,1.0
ae,19,2,todas_sin_costura,px,exacta,1.0
ae,19,2,todas_sin_costura,px,n_cambios_ok,1.0
ae,19,2,todas_sin_costura,px,estados_ok,1.0
ae,19,2,todas_sin_costura,px,err_anio_cambio,0.0
ae,19,2,todas_sin_costura,px,macro_f1,1.0
ae,19,2,todas_sin_costura,tipo,acc_anio,1.0
ae,19,2,todas_sin_costura,tipo,exacta,1.0
ae,19,2,todas_sin_costura,tipo,n_cambios_ok,1.0
ae,19,2,todas_sin_costura,tipo,estados_ok,1.0
ae,19,2,todas_sin_costura,tipo,err_anio_cambio,0.0
ae,19,2,todas_sin_costura,tipo,macro_f1,1.0
ae,19,2,dinamicas_sin_costura,px,acc_anio,1.0
ae,19,2,dinamicas_sin_costura,px,exacta,1.0
ae,19,2,dinamicas_sin_costura,px,n_cambios_ok,1.0
ae,19,2,dinamicas_sin_costura,px,estados_ok,1.0
ae,19,2,dinamicas_sin_costura,px,err_anio_cambio,0.0
ae,19,2,dinamicas_sin_costura,px,macro_f1,1.0
ae,19,2,dinamicas_sin_costura,tipo,acc_anio,1.0
ae,19,2,dinamicas_sin_costura,tipo,exacta,1.0
ae,19,2,dinamicas_sin_costura,tipo,n_cambios_ok,1.0
ae,19,2,dinamicas_sin_costura,tipo,estados_ok,1.0
ae,19,2,dinamicas_sin_costura,tipo,err_anio_cambio,0.0
ae,19,2,dinamicas_sin_costura,tipo,macro_f1,1.0
ae,19,2,todas,tipo,spearman_om,0.28118318914397616
ae,19,2,todas,px,spearman_om,-0.05517369912966471
ae,19,2,todas,tipo,knn10_om,0.6591925386482688
ae,19,2,todas,px,knn10_om,0.1506757948575237
ae,1,0,todas,px,acc_anio,0.9590605112835145
ae,1,0,todas,px,exacta,0.27673243852173546
ae,1,0,todas,px,n_cambios_ok,0.29722259302891846
ae,1,0,todas,px,estados_ok,0.29346147230362185
ae,1,0,todas,px,err_anio_cambio,0.9432025593320874
ae,1,0,todas,px,macro_f1,0.970084442929083
ae,1,0,todas,px,recall_A,0.9063323473678839
ae,1,0,todas,px,recall_F,0.9630544084260754
ae,1,0,todas,px,recall_G,0.9663014600150664
ae,1,0,todas,px,recall_Wt,0.9931842274486318
ae,1,0,todas,px,recall_U,0.9525063334505359
ae,1,0,todas,px,recall_Sh,0.9615629103165488
ae,1,0,todas,px,recall_Sp,0.9977183748906309
ae,1,0,todas,px,recall_B,0.991956947411008
ae,1,0,todas,px,recall_Wa,0.9980455479959245
ae,1,0,todas,tipo,acc_anio,0.7830874928390971
ae,1,0,todas,tipo,exacta,0.05468250926280823
ae,1,0,todas,tipo,n_cambios_ok,0.37523955538520504
ae,1,0,todas,tipo,estados_ok,0.20876453302670245
ae,1,0,todas,tipo,err_anio_cambio,1.475869120654397
ae,1,0,todas,tipo,macro_f1,0.7843886829917684
ae,1,0,todas,tipo,recall_A,0.7827646593605242
ae,1,0,todas,tipo,recall_F,0.7911786738776927
ae,1,0,todas,tipo,recall_G,0.8266138904758018
ae,1,0,todas,tipo,recall_Wt,0.7663115462136482
ae,1,0,todas,tipo,recall_U,0.6374836932888824
ae,1,0,todas,tipo,recall_Sh,0.7236980339186553
ae,1,0,todas,tipo,recall_Sp,0.809804672539257
ae,1,0,todas,tipo,recall_B,0.7631578947368421
ae,1,0,todas,tipo,recall_Wa,0.892786388532805
ae,1,0,dinamicas,px,acc_anio,0.9127385136615807
ae,1,0,dinamicas,px,exacta,0.2583646576486733
ae,1,0,dinamicas,px,n_cambios_ok,0.5734774678020133
ae,1,0,dinamicas,px,estados_ok,0.515636160619156
ae,1,0,dinamicas,px,err_anio_cambio,0.9432025593320874
ae,1,0,dinamicas,px,macro_f1,0.9280913339416264
ae,1,0,dinamicas,px,recall_A,0.9516555837406561
ae,1,0,dinamicas,px,recall_F,0.9333047872029757
ae,1,0,dinamicas,px,recall_G,0.9506627111511454
ae,1,0,dinamicas,px,recall_Wt,0.9409205457394185
ae,1,0,dinamicas,px,recall_U,0.913129188056354
ae,1,0,dinamicas,px,recall_Sh,0.8365496363857374
ae,1,0,dinamicas,px,recall_Sp,0.8999428674848066
ae,1,0,dinamicas,px,recall_B,0.9224781559860263
ae,1,0,dinamicas,px,recall_Wa,0.9773464464353606
ae,1,0,dinamicas,tipo,acc_anio,0.7828666683171176
ae,1,0,dinamicas,tipo,exacta,0.05423381939114863
ae,1,0,dinamicas,tipo,n_cambios_ok,0.3751598874392428
ae,1,0,dinamicas,tipo,estados_ok,0.2084932207725761
ae,1,0,dinamicas,tipo,err_anio_cambio,1.475869120654397
ae,1,0,dinamicas,tipo,macro_f1,0.7840505930375922
ae,1,0,dinamicas,tipo,recall_A,0.7826590902665875
ae,1,0,dinamicas,tipo,recall_F,0.7910786106032907
ae,1,0,dinamicas,tipo,recall_G,0.826435137895812
ae,1,0,dinamicas,tipo,recall_Wt,0.765893619476174
ae,1,0,dinamicas,tipo,recall_U,0.6359930110658125
ae,1,0,dinamicas,tipo,recall_Sh,0.7235086489598719
ae,1,0,dinamicas,tipo,recall_Sp,0.8095785881360482
ae,1,0,dinamicas,tipo,recall_B,0.762798885140091
ae,1,0,dinamicas,tipo,recall_Wa,0.8925923763936723
ae,1,0,constantes,px,acc_anio,0.9622820723894423
ae,1,0,constantes,px,exacta,0.2780098646151827
ae,1,0,constantes,px,n_cambios_ok,0.2780098646151827
ae,1,0,constantes,px,estados_ok,0.2780098646151827
ae,1,0,constantes,px,err_anio_cambio,
ae,1,0,constantes,px,macro_f1,0.9741209620709488
ae,1,0,constantes,tipo,acc_anio,0.9749103942652328
ae,1,0,constantes,tipo,exacta,0.4444444444444444
ae,1,0,constantes,tipo,n_cambios_ok,0.4444444444444444
ae,1,0,constantes,tipo,estados_ok,0.4444444444444444
ae,1,0,constantes,tipo,err_anio_cambio,
ae,1,0,constantes,tipo,macro_f1,0.9751173740244778
ae,1,0,todas_sin_costura,px,acc_anio,0.9593724097640268
ae,1,0,todas_sin_costura,px,exacta,0.27698828383481244
ae,1,0,todas_sin_costura,px,n_cambios_ok,0.29582338832021937
ae,1,0,todas_sin_costura,px,estados_ok,0.2922604929978539
ae,1,0,todas_sin_costura,px,err_anio_cambio,0.9381414226642492
ae,1,0,todas_sin_costura,px,macro_f1,0.9705517446893575
ae,1,0,todas_sin_costura,tipo,acc_anio,0.7880346001692614
ae,1,0,todas_sin_costura,tipo,exacta,0.06162294081757169
ae,1,0,todas_sin_costura,tipo,n_cambios_ok,0.3840756558877364
ae,1,0,todas_sin_costura,tipo,estados_ok,0.21842586943258085
ae,1,0,todas_sin_costura,tipo,err_anio_cambio,1.3971755368814192
ae,1,0,todas_sin_costura,tipo,macro_f1,0.7899774776345652
ae,1,0,dinamicas_sin_costura,px,acc_anio,0.9140665396460154
ae,1,0,dinamicas_sin_costura,px,exacta,0.26108142035647364
ae,1,0,dinamicas_sin_costura,px,n_cambios_ok,0.5731947867342324
ae,1,0,dinamicas_sin_costura,px,estados_ok,0.5141546442186101
ae,1,0,dinamicas_sin_costura,px,err_anio_cambio,0.9381414226642492
ae,1,0,dinamicas_sin_costura,px,macro_f1,0.9303195295985408
ae,1,0,dinamicas_sin_costura,tipo,acc_anio,0.7877777066078036
ae,1,0,dinamicas_sin_costura,tipo,exacta,0.061096685504811364
ae,1,0,dinamicas_sin_costura,tipo,n_cambios_ok,0.38399266839773943
ae,1,0,dinamicas_sin_costura,tipo,estados_ok,0.21811516725217656
ae,1,0,dinamicas_sin_costura,tipo,err_anio_cambio,1.3971755368814192
ae,1,0,dinamicas_sin_costura,tipo,macro_f1,0.7895961155362349
ae,1,0,todas,tipo,spearman_om,0.5441772497766371
ae,1,0,todas,px,spearman_om,0.8426610149355449
ae,1,0,todas,tipo,knn10_om,0.20991439887568672
ae,1,0,todas,px,knn10_om,0.3120558856204723
ae,1,1,todas,px,acc_anio,0.9782755712023762
ae,1,1,todas,px,exacta,0.4445334041808908
ae,1,1,todas,px,n_cambios_ok,0.46957852751458506
ae,1,1,todas,px,estados_ok,0.46862430801904914
ae,1,1,todas,px,err_anio_cambio,1.4894303172447847
ae,1,1,todas,px,macro_f1,0.9757795156745129
ae,1,1,todas,px,recall_A,0.9940343610070117
ae,1,1,todas,px,recall_F,0.9646992484711099
ae,1,1,todas,px,recall_G,0.9859865340301469
ae,1,1,todas,px,recall_Wt,0.9633063641360853
ae,1,1,todas,px,recall_U,0.9657723203418711
ae,1,1,todas,px,recall_Sh,0.9640989681304204
ae,1,1,todas,px,recall_Sp,0.9978705159075908
ae,1,1,todas,px,recall_B,0.9650057610165957
ae,1,1,todas,px,recall_Wa,0.9952088517374075
ae,1,1,todas,tipo,acc_anio,0.7731755667931932
ae,1,1,todas,tipo,exacta,0.04778331416890252
ae,1,1,todas,tipo,n_cambios_ok,0.40769132490098375
ae,1,1,todas,tipo,estados_ok,0.2594863932541204
ae,1,1,todas,tipo,err_anio_cambio,1.4597105739187635
ae,1,1,todas,tipo,macro_f1,0.770289964382063
ae,1,1,todas,tipo,recall_A,0.7851655180205627
ae,1,1,todas,tipo,recall_F,0.7629862418008075
ae,1,1,todas,tipo,recall_G,0.6957479800865094
ae,1,1,todas,tipo,recall_Wt,0.7544486035128132
ae,1,1,todas,tipo,recall_U,0.6722713436729961
ae,1,1,todas,tipo,recall_Sh,0.780279153534444
ae,1,1,todas,tipo,recall_Sp,0.8281884335503639
ae,1,1,todas,tipo,recall_B,0.8331705888096865
ae,1,1,todas,tipo,recall_Wa,0.779163267684419
ae,1,1,dinamicas,px,acc_anio,0.9155216966079555
ae,1,1,dinamicas,px,exacta,0.19572114114267694
ae,1,1,dinamicas,px,n_cambios_ok,0.5808836440193997
ae,1,1,dinamicas,px,estados_ok,0.5662089480996582
ae,1,1,dinamicas,px,err_anio_cambio,1.4894303172447847
ae,1,1,dinamicas,px,macro_f1,0.9204434295241322
ae,1,1,dinamicas,px,recall_A,0.9069979840587256
ae,1,1,dinamicas,px,recall_F,0.9453886855636279
ae,1,1,dinamicas,px,recall_G,0.8338471330047891
ae,1,1,dinamicas,px,recall_Wt,0.9292941832171897
ae,1,1,dinamicas,px,recall_U,0.9606817553843842
ae,1,1,dinamicas,px,recall_Sh,0.8903949026272717
ae,1,1,dinamicas,px,recall_Sp,0.9066147759558519
ae,1,1,dinamicas,px,recall_B,0.9413696983388061
ae,1,1,dinamicas,px,recall_Wa,0.9444670252447004
ae,1,1,dinamicas,tipo,acc_anio,0.7729350795104762
ae,1,1,dinamicas,tipo,exacta,0.047326682015860835
ae,1,1,dinamicas,tipo,n_cambios_ok,0.40764901509337426
ae,1,1,dinamicas,tipo,estados_ok,0.2592734714760808
ae,1,1,dinamicas,tipo,err_anio_cambio,1.4597105739187635
ae,1,1,dinamicas,tipo,macro_f1,0.7699422508006862
ae,1,1,dinamicas,tipo,recall_A,0.784977242529613
ae,1,1,dinamicas,tipo,recall_F,0.7628702010968922
ae,1,1,dinamicas,tipo,recall_G,0.6953626149131767
ae,1,1,dinamicas,tipo,recall_Wt,0.754067151263413
ae,1,1,dinamicas,tipo,recall_U,0.6709376820034945
ae,1,1,dinamicas,tipo,recall_Sh,0.780133677122187
ae,1,1,dinamicas,tipo,recall_Sp,0.8279842018482304
ae,1,1,dinamicas,tipo,recall_B,0.8329666031000929
ae,1,1,dinamicas,tipo,recall_Wa,0.7787636448543576
ae,1,1,constantes,px,acc_anio,0.9826399218784773
ae,1,1,constantes,px,exacta,0.4618375782327935
ae,1,1,constantes,px,n_cambios_ok,0.4618375782327935
ae,1,1,constantes,px,estados_ok,0.4618375782327935
ae,1,1,constantes,px,err_anio_cambio,
ae,1,1,constantes,px,macro_f1,0.9804525556388192
ae,1,1,constantes,tipo,acc_anio,0.9820788530465951
ae,1,1,constantes,tipo,exacta,0.4444444444444444
ae,1,1,constantes,tipo,n_cambios_ok,0.4444444444444444
ae,1,1,constantes,tipo,estados_ok,0.4444444444444444
ae,1,1,constantes,tipo,err_anio_cambio,
ae,1,1,constantes,tipo,macro_f1,0.9821311696917638
ae,1,1,todas_sin_costura,px,acc_anio,0.9786849936499575
ae,1,1,todas_sin_costura,px,exacta,0.44649806913170514
ae,1,1,todas_sin_costura,px,n_cambios_ok,0.4694415865446678
ae,1,1,todas_sin_costura,px,estados_ok,0.46853578835844206
ae,1,1,todas_sin_costura,px,err_anio_cambio,1.4581162722371808
ae,1,1,todas_sin_costura,px,macro_f1,0.9763206972921713
ae,1,1,todas_sin_costura,tipo,acc_anio,0.7767964337026905
ae,1,1,todas_sin_costura,tipo,exacta,0.05292861500915192
ae,1,1,todas_sin_costura,tipo,n_cambios_ok,0.4257169005491153
ae,1,1,todas_sin_costura,tipo,estados_ok,0.2722696766320927
ae,1,1,todas_sin_costura,tipo,err_anio_cambio,1.4172749391727493
ae,1,1,todas_sin_costura,tipo,macro_f1,0.7734569868874053
ae,1,1,dinamicas_sin_costura,px,acc_anio,0.9171034676399558
ae,1,1,dinamicas_sin_costura,px,exacta,0.20764913835276308
ae,1,1,dinamicas_sin_costura,px,n_cambios_ok,0.5878423282474455
ae,1,1,dinamicas_sin_costura,px,estados_ok,0.5728324979924128
ae,1,1,dinamicas_sin_costura,px,err_anio_cambio,1.4581162722371808
ae,1,1,dinamicas_sin_costura,px,macro_f1,0.9228833725125845
ae,1,1,dinamicas_sin_costura,tipo,acc_anio,0.7765142370058683
ae,1,1,dinamicas_sin_costura,tipo,exacta,0.052390407820375746
ae,1,1,dinamicas_sin_costura,tipo,n_cambios_ok,0.42569115625477316
ae,1,1,dinamicas_sin_costura,tipo,estados_ok,0.2720329922101726
ae,1,1,dinamicas_sin_costura,tipo,err_anio_cambio,1.4172749391727493
ae,1,1,dinamicas_sin_costura,tipo,macro_f1,0.7730542722729485
ae,1,1,todas,tipo,spearman_om,0.5632110548516103
ae,1,1,todas,px,spearman_om,0.8265110346820527
ae,1,1,todas,tipo,knn10_om,0.21163919764916314
ae,1,1,todas,px,knn10_om,0.25167253064702333
ae,1,2,todas,px,acc_anio,0.9468376216296013
ae,1,2,todas,px,exacta,0.5329498091297742
ae,1,2,todas,px,n_cambios_ok,0.5497594027256043
ae,1,2,todas,px,estados_ok,0.5468573095588307
ae,1,2,todas,px,err_anio_cambio,0.8516073423007818
ae,1,2,todas,px,macro_f1,0.9322563604441636
ae,1,2,todas,px,recall_A,0.8172522624868993
ae,1,2,todas,px,recall_F,0.9903198790515451
ae,1,2,todas,px,recall_G,0.962142044164237
ae,1,2,todas,px,recall_Wt,0.9916688713549784
ae,1,2,todas,px,recall_U,0.9670241347289463
ae,1,2,todas,px,recall_Sh,0.9910669433797261
ae,1,2,todas,px,recall_Sp,0.9675037865051379
ae,1,2,todas,px,recall_B,0.9928157583595324
ae,1,2,todas,px,recall_Wa,0.982098021459029
ae,1,2,todas,tipo,acc_anio,0.7704513326491838
ae,1,2,todas,tipo,exacta,0.054299220646480136
ae,1,2,todas,tipo,n_cambios_ok,0.3977258208764533
ae,1,2,todas,tipo,estados_ok,0.24351603424044974
ae,1,2,todas,tipo,err_anio_cambio,1.4368753287743292
ae,1,2,todas,tipo,macro_f1,0.7753820788311986
ae,1,2,todas,tipo,recall_A,0.8472206530335555
ae,1,2,todas,tipo,recall_F,0.7390144525040654
ae,1,2,todas,tipo,recall_G,0.735370929568269
ae,1,2,todas,tipo,recall_Wt,0.7622228620788943
ae,1,2,todas,tipo,recall_U,0.7908392520655168
ae,1,2,todas,tipo,recall_Sh,0.7013607484116264
ae,1,2,todas,tipo,recall_Sp,0.8262734584450402
ae,1,2,todas,tipo,recall_B,0.8688116394883312
ae,1,2,todas,tipo,recall_Wa,0.7211863419181913
ae,1,2,dinamicas,px,acc_anio,0.907764154644921
ae,1,2,dinamicas,px,exacta,0.22493756445990062
ae,1,2,dinamicas,px,n_cambios_ok,0.483447976065666
ae,1,2,dinamicas,px,estados_ok,0.4388174325142131
ae,1,2,dinamicas,px,err_anio_cambio,0.8516073423007818
ae,1,2,dinamicas,px,macro_f1,0.9174715633734026
ae,1,2,dinamicas,px,recall_A,0.9748295831319876
ae,1,2,dinamicas,px,recall_F,0.9288845149331882
ae,1,2,dinamicas,px,recall_G,0.9013459418288811
ae,1,2,dinamicas,px,recall_Wt,0.9277853640195536
ae,1,2,dinamicas,px,recall_U,0.9651689441937199
ae,1,2,dinamicas,px,recall_Sh,0.8103344452802362
ae,1,2,dinamicas,px,recall_Sp,0.9572982811667757
ae,1,2,dinamicas,px,recall_B,0.9307556858980048
ae,1,2,dinamicas,px,recall_Wa,0.7925027429963681
ae,1,2,dinamicas,tipo,acc_anio,0.7702242137664116
ae,1,2,dinamicas,tipo,exacta,0.05372217958557176
ae,1,2,dinamicas,tipo,n_cambios_ok,0.397544128933231
ae,1,2,dinamicas,tipo,estados_ok,0.2431568176004093
ae,1,2,dinamicas,tipo,err_anio_cambio,1.4368753287743292
ae,1,2,dinamicas,tipo,macro_f1,0.7750776181992675
ae,1,2,dinamicas,tipo,recall_A,0.8472563819862607
ae,1,2,dinamicas,tipo,recall_F,0.7388665447897623
ae,1,2,dinamicas,tipo,recall_G,0.735076608784474
ae,1,2,dinamicas,tipo,recall_Wt,0.7617976231683397
ae,1,2,dinamicas,tipo,recall_U,0.7900407687827606
ae,1,2,dinamicas,tipo,recall_Sh,0.7011289959195934
ae,1,2,dinamicas,tipo,recall_Sp,0.8261052954484451
ae,1,2,dinamicas,tipo,recall_B,0.8686127817710625
ae,1,2,dinamicas,tipo,recall_Wa,0.7206818049150663
ae,1,2,constantes,px,acc_anio,0.9495550683714056
ae,1,2,constantes,px,exacta,0.5543711708697544
ae,1,2,constantes,px,n_cambios_ok,0.5543711708697544
ae,1,2,constantes,px,estados_ok,0.5543711708697544
ae,1,2,constantes,px,err_anio_cambio,
ae,1,2,constantes,px,macro_f1,0.9290221039755099
ae,1,2,constantes,tipo,acc_anio,0.9677419354838711
ae,1,2,constantes,tipo,exacta,0.5555555555555556
ae,1,2,constantes,tipo,n_cambios_ok,0.5555555555555556
ae,1,2,constantes,tipo,estados_ok,0.5555555555555556
ae,1,2,constantes,tipo,err_anio_cambio,
ae,1,2,constantes,tipo,macro_f1,0.9678331439821795
ae,1,2,todas_sin_costura,px,acc_anio,0.9471304293102184
ae,1,2,todas_sin_costura,px,exacta,0.5353616810687455
ae,1,2,todas_sin_costura,px,n_cambios_ok,0.5497518768025343
ae,1,2,todas_sin_costura,px,estados_ok,0.5471359434495401
ae,1,2,todas_sin_costura,px,err_anio_cambio,0.6947489794639358
ae,1,2,todas_sin_costura,px,macro_f1,0.9325383709933097
ae,1,2,todas_sin_costura,tipo,acc_anio,0.7767226278808872
ae,1,2,todas_sin_costura,tipo,exacta,0.06070774862721171
ae,1,2,todas_sin_costura,tipo,n_cambios_ok,0.4061928004881025
ae,1,2,todas_sin_costura,tipo,estados_ok,0.2544234289200732
ae,1,2,todas_sin_costura,tipo,err_anio_cambio,1.3277209861695731
ae,1,2,todas_sin_costura,tipo,macro_f1,0.781358833845949
ae,1,2,dinamicas_sin_costura,px,acc_anio,0.9093767799937413
ae,1,2,dinamicas_sin_costura,px,exacta,0.2393680945919752
ae,1,2,dinamicas_sin_costura,px,n_cambios_ok,0.47782562142903295
ae,1,2,dinamicas_sin_costura,px,estados_ok,0.4344774273345702
ae,1,2,dinamicas_sin_costura,px,err_anio_cambio,0.6947489794639358
ae,1,2,dinamicas_sin_costura,px,macro_f1,0.9205374948301102
ae,1,2,dinamicas_sin_costura,tipo,acc_anio,0.7764600383332431
ae,1,2,dinamicas_sin_costura,tipo,exacta,0.060027493508477164
ae,1,2,dinamicas_sin_costura,tipo,n_cambios_ok,0.40598747517947154
ae,1,2,dinamicas_sin_costura,tipo,estados_ok,0.25400946998625323
ae,1,2,dinamicas_sin_costura,tipo,err_anio_cambio,1.3277209861695731
ae,1,2,dinamicas_sin_costura,tipo,macro_f1,0.7810108700532423
ae,1,2,todas,tipo,spearman_om,0.5731519556019745
ae,1,2,todas,px,spearman_om,0.8105816034171865
ae,1,2,todas,tipo,knn10_om,0.2071674971253354
ae,1,2,todas,px,knn10_om,0.2969543679229055
ae,22,0,todas,px,acc_anio,1.0
ae,22,0,todas,px,exacta,1.0
ae,22,0,todas,px,n_cambios_ok,1.0
ae,22,0,todas,px,estados_ok,1.0
ae,22,0,todas,px,err_anio_cambio,0.0
ae,22,0,todas,px,macro_f1,1.0
ae,22,0,todas,px,recall_A,1.0
ae,22,0,todas,px,recall_F,1.0
ae,22,0,todas,px,recall_G,1.0
ae,22,0,todas,px,recall_Wt,1.0
ae,22,0,todas,px,recall_U,1.0
ae,22,0,todas,px,recall_Sh,1.0
ae,22,0,todas,px,recall_Sp,1.0
ae,22,0,todas,px,recall_B,1.0
ae,22,0,todas,px,recall_Wa,1.0
ae,22,0,todas,tipo,acc_anio,1.0
ae,22,0,todas,tipo,exacta,1.0
ae,22,0,todas,tipo,n_cambios_ok,1.0
ae,22,0,todas,tipo,estados_ok,1.0
ae,22,0,todas,tipo,err_anio_cambio,0.0
ae,22,0,todas,tipo,macro_f1,1.0
ae,22,0,todas,tipo,recall_A,1.0
ae,22,0,todas,tipo,recall_F,1.0
ae,22,0,todas,tipo,recall_G,1.0
ae,22,0,todas,tipo,recall_Wt,1.0
ae,22,0,todas,tipo,recall_U,1.0
ae,22,0,todas,tipo,recall_Sh,1.0
ae,22,0,todas,tipo,recall_Sp,1.0
ae,22,0,todas,tipo,recall_B,1.0
ae,22,0,todas,tipo,recall_Wa,1.0
ae,22,0,dinamicas,px,acc_anio,1.0
ae,22,0,dinamicas,px,exacta,1.0
ae,22,0,dinamicas,px,n_cambios_ok,1.0
ae,22,0,dinamicas,px,estados_ok,1.0
ae,22,0,dinamicas,px,err_anio_cambio,0.0
ae,22,0,dinamicas,px,macro_f1,1.0
ae,22,0,dinamicas,px,recall_A,1.0
ae,22,0,dinamicas,px,recall_F,1.0
ae,22,0,dinamicas,px,recall_G,1.0
ae,22,0,dinamicas,px,recall_Wt,1.0
ae,22,0,dinamicas,px,recall_U,1.0
ae,22,0,dinamicas,px,recall_Sh,1.0
ae,22,0,dinamicas,px,recall_Sp,1.0
ae,22,0,dinamicas,px,recall_B,1.0
ae,22,0,dinamicas,px,recall_Wa,1.0
ae,22,0,dinamicas,tipo,acc_anio,1.0
ae,22,0,dinamicas,tipo,exacta,1.0
ae,22,0,dinamicas,tipo,n_cambios_ok,1.0
ae,22,0,dinamicas,tipo,estados_ok,1.0
ae,22,0,dinamicas,tipo,err_anio_cambio,0.0
ae,22,0,dinamicas,tipo,macro_f1,1.0
ae,22,0,dinamicas,tipo,recall_A,1.0
ae,22,0,dinamicas,tipo,recall_F,1.0
ae,22,0,dinamicas,tipo,recall_G,1.0
ae,22,0,dinamicas,tipo,recall_Wt,1.0
ae,22,0,dinamicas,tipo,recall_U,1.0
ae,22,0,dinamicas,tipo,recall_Sh,1.0
ae,22,0,dinamicas,tipo,recall_Sp,1.0
ae,22,0,dinamicas,tipo,recall_B,1.0
ae,22,0,dinamicas,tipo,recall_Wa,1.0
ae,22,0,constantes,px,acc_anio,1.0
ae,22,0,constantes,px,exacta,1.0
ae,22,0,constantes,px,n_cambios_ok,1.0
ae,22,0,constantes,px,estados_ok,1.0
ae,22,0,constantes,px,err_anio_cambio,
ae,22,0,constantes,px,macro_f1,1.0
ae,22,0,constantes,tipo,acc_anio,1.0
ae,22,0,constantes,tipo,exacta,1.0
ae,22,0,constantes,tipo,n_cambios_ok,1.0
ae,22,0,constantes,tipo,estados_ok,1.0
ae,22,0,constantes,tipo,err_anio_cambio,
ae,22,0,constantes,tipo,macro_f1,1.0
ae,22,0,todas_sin_costura,px,acc_anio,1.0
ae,22,0,todas_sin_costura,px,exacta,1.0
ae,22,0,todas_sin_costura,px,n_cambios_ok,1.0
ae,22,0,todas_sin_costura,px,estados_ok,1.0
ae,22,0,todas_sin_costura,px,err_anio_cambio,0.0
ae,22,0,todas_sin_costura,px,macro_f1,1.0
ae,22,0,todas_sin_costura,tipo,acc_anio,1.0
ae,22,0,todas_sin_costura,tipo,exacta,1.0
ae,22,0,todas_sin_costura,tipo,n_cambios_ok,1.0
ae,22,0,todas_sin_costura,tipo,estados_ok,1.0
ae,22,0,todas_sin_costura,tipo,err_anio_cambio,0.0
ae,22,0,todas_sin_costura,tipo,macro_f1,1.0
ae,22,0,dinamicas_sin_costura,px,acc_anio,1.0
ae,22,0,dinamicas_sin_costura,px,exacta,1.0
ae,22,0,dinamicas_sin_costura,px,n_cambios_ok,1.0
ae,22,0,dinamicas_sin_costura,px,estados_ok,1.0
ae,22,0,dinamicas_sin_costura,px,err_anio_cambio,0.0
ae,22,0,dinamicas_sin_costura,px,macro_f1,1.0
ae,22,0,dinamicas_sin_costura,tipo,acc_anio,1.0
ae,22,0,dinamicas_sin_costura,tipo,exacta,1.0
ae,22,0,dinamicas_sin_costura,tipo,n_cambios_ok,1.0
ae,22,0,dinamicas_sin_costura,tipo,estados_ok,1.0
ae,22,0,dinamicas_sin_costura,tipo,err_anio_cambio,0.0
ae,22,0,dinamicas_sin_costura,tipo,macro_f1,1.0
ae,22,0,todas,tipo,spearman_om,0.27593679101407864
ae,22,0,todas,px,spearman_om,-0.2991753116264967
ae,22,0,todas,tipo,knn10_om,0.644870320684809
ae,22,0,todas,px,knn10_om,0.13535559342972228
ae,22,1,todas,px,acc_anio,1.0
ae,22,1,todas,px,exacta,1.0
ae,22,1,todas,px,n_cambios_ok,1.0
ae,22,1,todas,px,estados_ok,1.0
ae,22,1,todas,px,err_anio_cambio,0.0
ae,22,1,todas,px,macro_f1,1.0
ae,22,1,todas,px,recall_A,1.0
ae,22,1,todas,px,recall_F,1.0
ae,22,1,todas,px,recall_G,1.0
ae,22,1,todas,px,recall_Wt,1.0
ae,22,1,todas,px,recall_U,1.0
ae,22,1,todas,px,recall_Sh,1.0
ae,22,1,todas,px,recall_Sp,1.0
ae,22,1,todas,px,recall_B,1.0
ae,22,1,todas,px,recall_Wa,1.0
ae,22,1,todas,tipo,acc_anio,1.0
ae,22,1,todas,tipo,exacta,1.0
ae,22,1,todas,tipo,n_cambios_ok,1.0
ae,22,1,todas,tipo,estados_ok,1.0
ae,22,1,todas,tipo,err_anio_cambio,0.0
ae,22,1,todas,tipo,macro_f1,1.0
ae,22,1,todas,tipo,recall_A,1.0
ae,22,1,todas,tipo,recall_F,1.0
ae,22,1,todas,tipo,recall_G,1.0
ae,22,1,todas,tipo,recall_Wt,1.0
ae,22,1,todas,tipo,recall_U,1.0
ae,22,1,todas,tipo,recall_Sh,1.0
ae,22,1,todas,tipo,recall_Sp,1.0
ae,22,1,todas,tipo,recall_B,1.0
ae,22,1,todas,tipo,recall_Wa,1.0
ae,22,1,dinamicas,px,acc_anio,1.0
ae,22,1,dinamicas,px,exacta,1.0
ae,22,1,dinamicas,px,n_cambios_ok,1.0
ae,22,1,dinamicas,px,estados_ok,1.0
ae,22,1,dinamicas,px,err_anio_cambio,0.0
ae,22,1,dinamicas,px,macro_f1,1.0
ae,22,1,dinamicas,px,recall_A,1.0
ae,22,1,dinamicas,px,recall_F,1.0
ae,22,1,dinamicas,px,recall_G,1.0
ae,22,1,dinamicas,px,recall_Wt,1.0
ae,22,1,dinamicas,px,recall_U,1.0
ae,22,1,dinamicas,px,recall_Sh,1.0
ae,22,1,dinamicas,px,recall_Sp,1.0
ae,22,1,dinamicas,px,recall_B,1.0
ae,22,1,dinamicas,px,recall_Wa,1.0
ae,22,1,dinamicas,tipo,acc_anio,1.0
ae,22,1,dinamicas,tipo,exacta,1.0
ae,22,1,dinamicas,tipo,n_cambios_ok,1.0
ae,22,1,dinamicas,tipo,estados_ok,1.0
ae,22,1,dinamicas,tipo,err_anio_cambio,0.0
ae,22,1,dinamicas,tipo,macro_f1,1.0
ae,22,1,dinamicas,tipo,recall_A,1.0
ae,22,1,dinamicas,tipo,recall_F,1.0
ae,22,1,dinamicas,tipo,recall_G,1.0
ae,22,1,dinamicas,tipo,recall_Wt,1.0
ae,22,1,dinamicas,tipo,recall_U,1.0
ae,22,1,dinamicas,tipo,recall_Sh,1.0
ae,22,1,dinamicas,tipo,recall_Sp,1.0
ae,22,1,dinamicas,tipo,recall_B,1.0
ae,22,1,dinamicas,tipo,recall_Wa,1.0
ae,22,1,constantes,px,acc_anio,1.0
ae,22,1,constantes,px,exacta,1.0
ae,22,1,constantes,px,n_cambios_ok,1.0
ae,22,1,constantes,px,estados_ok,1.0
ae,22,1,constantes,px,err_anio_cambio,
ae,22,1,constantes,px,macro_f1,1.0
ae,22,1,constantes,tipo,acc_anio,1.0
ae,22,1,constantes,tipo,exacta,1.0
ae,22,1,constantes,tipo,n_cambios_ok,1.0
ae,22,1,constantes,tipo,estados_ok,1.0
ae,22,1,constantes,tipo,err_anio_cambio,
ae,22,1,constantes,tipo,macro_f1,1.0
ae,22,1,todas_sin_costura,px,acc_anio,1.0
ae,22,1,todas_sin_costura,px,exacta,1.0
ae,22,1,todas_sin_costura,px,n_cambios_ok,1.0
ae,22,1,todas_sin_costura,px,estados_ok,1.0
ae,22,1,todas_sin_costura,px,err_anio_cambio,0.0
ae,22,1,todas_sin_costura,px,macro_f1,1.0
ae,22,1,todas_sin_costura,tipo,acc_anio,1.0
ae,22,1,todas_sin_costura,tipo,exacta,1.0
ae,22,1,todas_sin_costura,tipo,n_cambios_ok,1.0
ae,22,1,todas_sin_costura,tipo,estados_ok,1.0
ae,22,1,todas_sin_costura,tipo,err_anio_cambio,0.0
ae,22,1,todas_sin_costura,tipo,macro_f1,1.0
ae,22,1,dinamicas_sin_costura,px,acc_anio,1.0
ae,22,1,dinamicas_sin_costura,px,exacta,1.0
ae,22,1,dinamicas_sin_costura,px,n_cambios_ok,1.0
ae,22,1,dinamicas_sin_costura,px,estados_ok,1.0
ae,22,1,dinamicas_sin_costura,px,err_anio_cambio,0.0
ae,22,1,dinamicas_sin_costura,px,macro_f1,1.0
ae,22,1,dinamicas_sin_costura,tipo,acc_anio,1.0
ae,22,1,dinamicas_sin_costura,tipo,exacta,1.0
ae,22,1,dinamicas_sin_costura,tipo,n_cambios_ok,1.0
ae,22,1,dinamicas_sin_costura,tipo,estados_ok,1.0
ae,22,1,dinamicas_sin_costura,tipo,err_anio_cambio,0.0
ae,22,1,dinamicas_sin_costura,tipo,macro_f1,1.0
ae,22,1,todas,tipo,spearman_om,0.34983161788742995
ae,22,1,todas,px,spearman_om,-0.14439885955869478
ae,22,1,todas,tipo,knn10_om,0.6688897406413696
ae,22,1,todas,px,knn10_om,0.11936211481178502
ae,22,2,todas,px,acc_anio,1.0
ae,22,2,todas,px,exacta,1.0
ae,22,2,todas,px,n_cambios_ok,1.0
ae,22,2,todas,px,estados_ok,1.0
ae,22,2,todas,px,err_anio_cambio,0.0
ae,22,2,todas,px,macro_f1,1.0
ae,22,2,todas,px,recall_A,1.0
ae,22,2,todas,px,recall_F,1.0
ae,22,2,todas,px,recall_G,1.0
ae,22,2,todas,px,recall_Wt,1.0
ae,22,2,todas,px,recall_U,1.0
ae,22,2,todas,px,recall_Sh,1.0
ae,22,2,todas,px,recall_Sp,1.0
ae,22,2,todas,px,recall_B,1.0
ae,22,2,todas,px,recall_Wa,1.0
ae,22,2,todas,tipo,acc_anio,1.0
ae,22,2,todas,tipo,exacta,1.0
ae,22,2,todas,tipo,n_cambios_ok,1.0
ae,22,2,todas,tipo,estados_ok,1.0
ae,22,2,todas,tipo,err_anio_cambio,0.0
ae,22,2,todas,tipo,macro_f1,1.0
ae,22,2,todas,tipo,recall_A,1.0
ae,22,2,todas,tipo,recall_F,1.0
ae,22,2,todas,tipo,recall_G,1.0
ae,22,2,todas,tipo,recall_Wt,1.0
ae,22,2,todas,tipo,recall_U,1.0
ae,22,2,todas,tipo,recall_Sh,1.0
ae,22,2,todas,tipo,recall_Sp,1.0
ae,22,2,todas,tipo,recall_B,1.0
ae,22,2,todas,tipo,recall_Wa,1.0
ae,22,2,dinamicas,px,acc_anio,1.0
ae,22,2,dinamicas,px,exacta,1.0
ae,22,2,dinamicas,px,n_cambios_ok,1.0
ae,22,2,dinamicas,px,estados_ok,1.0
ae,22,2,dinamicas,px,err_anio_cambio,0.0
ae,22,2,dinamicas,px,macro_f1,1.0
ae,22,2,dinamicas,px,recall_A,1.0
ae,22,2,dinamicas,px,recall_F,1.0
ae,22,2,dinamicas,px,recall_G,1.0
ae,22,2,dinamicas,px,recall_Wt,1.0
ae,22,2,dinamicas,px,recall_U,1.0
ae,22,2,dinamicas,px,recall_Sh,1.0
ae,22,2,dinamicas,px,recall_Sp,1.0
ae,22,2,dinamicas,px,recall_B,1.0
ae,22,2,dinamicas,px,recall_Wa,1.0
ae,22,2,dinamicas,tipo,acc_anio,1.0
ae,22,2,dinamicas,tipo,exacta,1.0
ae,22,2,dinamicas,tipo,n_cambios_ok,1.0
ae,22,2,dinamicas,tipo,estados_ok,1.0
ae,22,2,dinamicas,tipo,err_anio_cambio,0.0
ae,22,2,dinamicas,tipo,macro_f1,1.0
ae,22,2,dinamicas,tipo,recall_A,1.0
ae,22,2,dinamicas,tipo,recall_F,1.0
ae,22,2,dinamicas,tipo,recall_G,1.0
ae,22,2,dinamicas,tipo,recall_Wt,1.0
ae,22,2,dinamicas,tipo,recall_U,1.0
ae,22,2,dinamicas,tipo,recall_Sh,1.0
ae,22,2,dinamicas,tipo,recall_Sp,1.0
ae,22,2,dinamicas,tipo,recall_B,1.0
ae,22,2,dinamicas,tipo,recall_Wa,1.0
ae,22,2,constantes,px,acc_anio,1.0
ae,22,2,constantes,px,exacta,1.0
ae,22,2,constantes,px,n_cambios_ok,1.0
ae,22,2,constantes,px,estados_ok,1.0
ae,22,2,constantes,px,err_anio_cambio,
ae,22,2,constantes,px,macro_f1,1.0
ae,22,2,constantes,tipo,acc_anio,1.0
ae,22,2,constantes,tipo,exacta,1.0
ae,22,2,constantes,tipo,n_cambios_ok,1.0
ae,22,2,constantes,tipo,estados_ok,1.0
ae,22,2,constantes,tipo,err_anio_cambio,
ae,22,2,constantes,tipo,macro_f1,1.0
ae,22,2,todas_sin_costura,px,acc_anio,1.0
ae,22,2,todas_sin_costura,px,exacta,1.0
ae,22,2,todas_sin_costura,px,n_cambios_ok,1.0
ae,22,2,todas_sin_costura,px,estados_ok,1.0
ae,22,2,todas_sin_costura,px,err_anio_cambio,0.0
ae,22,2,todas_sin_costura,px,macro_f1,1.0
ae,22,2,todas_sin_costura,tipo,acc_anio,1.0
ae,22,2,todas_sin_costura,tipo,exacta,1.0
ae,22,2,todas_sin_costura,tipo,n_cambios_ok,1.0
ae,22,2,todas_sin_costura,tipo,estados_ok,1.0
ae,22,2,todas_sin_costura,tipo,err_anio_cambio,0.0
ae,22,2,todas_sin_costura,tipo,macro_f1,1.0
ae,22,2,dinamicas_sin_costura,px,acc_anio,1.0
ae,22,2,dinamicas_sin_costura,px,exacta,1.0
ae,22,2,dinamicas_sin_costura,px,n_cambios_ok,1.0
ae,22,2,dinamicas_sin_costura,px,estados_ok,1.0
ae,22,2,dinamicas_sin_costura,px,err_anio_cambio,0.0
ae,22,2,dinamicas_sin_costura,px,macro_f1,1.0
ae,22,2,dinamicas_sin_costura,tipo,acc_anio,1.0
ae,22,2,dinamicas_sin_costura,tipo,exacta,1.0
ae,22,2,dinamicas_sin_costura,tipo,n_cambios_ok,1.0
ae,22,2,dinamicas_sin_costura,tipo,estados_ok,1.0
ae,22,2,dinamicas_sin_costura,tipo,err_anio_cambio,0.0
ae,22,2,dinamicas_sin_costura,tipo,macro_f1,1.0
ae,22,2,todas,tipo,spearman_om,0.3307533274046492
ae,22,2,todas,px,spearman_om,-0.3860217151083299
ae,22,2,todas,tipo,knn10_om,0.6624249393126358
ae,22,2,todas,px,knn10_om,0.31311253829119917
ae,25,0,todas,px,acc_anio,1.0
ae,25,0,todas,px,exacta,1.0
ae,25,0,todas,px,n_cambios_ok,1.0
ae,25,0,todas,px,estados_ok,1.0
ae,25,0,todas,px,err_anio_cambio,0.0
ae,25,0,todas,px,macro_f1,1.0
ae,25,0,todas,px,recall_A,1.0
ae,25,0,todas,px,recall_F,1.0
ae,25,0,todas,px,recall_G,1.0
ae,25,0,todas,px,recall_Wt,1.0
ae,25,0,todas,px,recall_U,1.0
ae,25,0,todas,px,recall_Sh,1.0
ae,25,0,todas,px,recall_Sp,1.0
ae,25,0,todas,px,recall_B,1.0
ae,25,0,todas,px,recall_Wa,1.0
ae,25,0,todas,tipo,acc_anio,1.0
ae,25,0,todas,tipo,exacta,1.0
ae,25,0,todas,tipo,n_cambios_ok,1.0
ae,25,0,todas,tipo,estados_ok,1.0
ae,25,0,todas,tipo,err_anio_cambio,0.0
ae,25,0,todas,tipo,macro_f1,1.0
ae,25,0,todas,tipo,recall_A,1.0
ae,25,0,todas,tipo,recall_F,1.0
ae,25,0,todas,tipo,recall_G,1.0
ae,25,0,todas,tipo,recall_Wt,1.0
ae,25,0,todas,tipo,recall_U,1.0
ae,25,0,todas,tipo,recall_Sh,1.0
ae,25,0,todas,tipo,recall_Sp,1.0
ae,25,0,todas,tipo,recall_B,1.0
ae,25,0,todas,tipo,recall_Wa,1.0
ae,25,0,dinamicas,px,acc_anio,1.0
ae,25,0,dinamicas,px,exacta,1.0
ae,25,0,dinamicas,px,n_cambios_ok,1.0
ae,25,0,dinamicas,px,estados_ok,1.0
ae,25,0,dinamicas,px,err_anio_cambio,0.0
ae,25,0,dinamicas,px,macro_f1,1.0
ae,25,0,dinamicas,px,recall_A,1.0
ae,25,0,dinamicas,px,recall_F,1.0
ae,25,0,dinamicas,px,recall_G,1.0
ae,25,0,dinamicas,px,recall_Wt,1.0
ae,25,0,dinamicas,px,recall_U,1.0
ae,25,0,dinamicas,px,recall_Sh,1.0
ae,25,0,dinamicas,px,recall_Sp,1.0
ae,25,0,dinamicas,px,recall_B,1.0
ae,25,0,dinamicas,px,recall_Wa,1.0
ae,25,0,dinamicas,tipo,acc_anio,1.0
ae,25,0,dinamicas,tipo,exacta,1.0
ae,25,0,dinamicas,tipo,n_cambios_ok,1.0
ae,25,0,dinamicas,tipo,estados_ok,1.0
ae,25,0,dinamicas,tipo,err_anio_cambio,0.0
ae,25,0,dinamicas,tipo,macro_f1,1.0
ae,25,0,dinamicas,tipo,recall_A,1.0
ae,25,0,dinamicas,tipo,recall_F,1.0
ae,25,0,dinamicas,tipo,recall_G,1.0
ae,25,0,dinamicas,tipo,recall_Wt,1.0
ae,25,0,dinamicas,tipo,recall_U,1.0
ae,25,0,dinamicas,tipo,recall_Sh,1.0
ae,25,0,dinamicas,tipo,recall_Sp,1.0
ae,25,0,dinamicas,tipo,recall_B,1.0
ae,25,0,dinamicas,tipo,recall_Wa,1.0
ae,25,0,constantes,px,acc_anio,1.0
ae,25,0,constantes,px,exacta,1.0
ae,25,0,constantes,px,n_cambios_ok,1.0
ae,25,0,constantes,px,estados_ok,1.0
ae,25,0,constantes,px,err_anio_cambio,
ae,25,0,constantes,px,macro_f1,1.0
ae,25,0,constantes,tipo,acc_anio,1.0
ae,25,0,constantes,tipo,exacta,1.0
ae,25,0,constantes,tipo,n_cambios_ok,1.0
ae,25,0,constantes,tipo,estados_ok,1.0
ae,25,0,constantes,tipo,err_anio_cambio,
ae,25,0,constantes,tipo,macro_f1,1.0
ae,25,0,todas_sin_costura,px,acc_anio,1.0
ae,25,0,todas_sin_costura,px,exacta,1.0
ae,25,0,todas_sin_costura,px,n_cambios_ok,1.0
ae,25,0,todas_sin_costura,px,estados_ok,1.0
ae,25,0,todas_sin_costura,px,err_anio_cambio,0.0
ae,25,0,todas_sin_costura,px,macro_f1,1.0
ae,25,0,todas_sin_costura,tipo,acc_anio,1.0
ae,25,0,todas_sin_costura,tipo,exacta,1.0
ae,25,0,todas_sin_costura,tipo,n_cambios_ok,1.0
ae,25,0,todas_sin_costura,tipo,estados_ok,1.0
ae,25,0,todas_sin_costura,tipo,err_anio_cambio,0.0
ae,25,0,todas_sin_costura,tipo,macro_f1,1.0
ae,25,0,dinamicas_sin_costura,px,acc_anio,1.0
ae,25,0,dinamicas_sin_costura,px,exacta,1.0
ae,25,0,dinamicas_sin_costura,px,n_cambios_ok,1.0
ae,25,0,dinamicas_sin_costura,px,estados_ok,1.0
ae,25,0,dinamicas_sin_costura,px,err_anio_cambio,0.0
ae,25,0,dinamicas_sin_costura,px,macro_f1,1.0
ae,25,0,dinamicas_sin_costura,tipo,acc_anio,1.0
ae,25,0,dinamicas_sin_costura,tipo,exacta,1.0
ae,25,0,dinamicas_sin_costura,tipo,n_cambios_ok,1.0
ae,25,0,dinamicas_sin_costura,tipo,estados_ok,1.0
ae,25,0,dinamicas_sin_costura,tipo,err_anio_cambio,0.0
ae,25,0,dinamicas_sin_costura,tipo,macro_f1,1.0
ae,25,0,todas,tipo,spearman_om,0.31165773001942687
ae,25,0,todas,px,spearman_om,-0.2124987166453442
ae,25,0,todas,tipo,knn10_om,0.6436821259741919
ae,25,0,todas,px,knn10_om,0.23135249119793277
ae,25,1,todas,px,acc_anio,1.0
ae,25,1,todas,px,exacta,1.0
ae,25,1,todas,px,n_cambios_ok,1.0
ae,25,1,todas,px,estados_ok,1.0
ae,25,1,todas,px,err_anio_cambio,0.0
ae,25,1,todas,px,macro_f1,1.0
ae,25,1,todas,px,recall_A,1.0
ae,25,1,todas,px,recall_F,1.0
ae,25,1,todas,px,recall_G,1.0
ae,25,1,todas,px,recall_Wt,1.0
ae,25,1,todas,px,recall_U,1.0
ae,25,1,todas,px,recall_Sh,1.0
ae,25,1,todas,px,recall_Sp,1.0
ae,25,1,todas,px,recall_B,1.0
ae,25,1,todas,px,recall_Wa,1.0
ae,25,1,todas,tipo,acc_anio,1.0
ae,25,1,todas,tipo,exacta,1.0
ae,25,1,todas,tipo,n_cambios_ok,1.0
ae,25,1,todas,tipo,estados_ok,1.0
ae,25,1,todas,tipo,err_anio_cambio,0.0
ae,25,1,todas,tipo,macro_f1,1.0
ae,25,1,todas,tipo,recall_A,1.0
ae,25,1,todas,tipo,recall_F,1.0
ae,25,1,todas,tipo,recall_G,1.0
ae,25,1,todas,tipo,recall_Wt,1.0
ae,25,1,todas,tipo,recall_U,1.0
ae,25,1,todas,tipo,recall_Sh,1.0
ae,25,1,todas,tipo,recall_Sp,1.0
ae,25,1,todas,tipo,recall_B,1.0
ae,25,1,todas,tipo,recall_Wa,1.0
ae,25,1,dinamicas,px,acc_anio,1.0
ae,25,1,dinamicas,px,exacta,1.0
ae,25,1,dinamicas,px,n_cambios_ok,1.0
ae,25,1,dinamicas,px,estados_ok,1.0
ae,25,1,dinamicas,px,err_anio_cambio,0.0
ae,25,1,dinamicas,px,macro_f1,1.0
ae,25,1,dinamicas,px,recall_A,1.0
ae,25,1,dinamicas,px,recall_F,1.0
ae,25,1,dinamicas,px,recall_G,1.0
ae,25,1,dinamicas,px,recall_Wt,1.0
ae,25,1,dinamicas,px,recall_U,1.0
ae,25,1,dinamicas,px,recall_Sh,1.0
ae,25,1,dinamicas,px,recall_Sp,1.0
ae,25,1,dinamicas,px,recall_B,1.0
ae,25,1,dinamicas,px,recall_Wa,1.0
ae,25,1,dinamicas,tipo,acc_anio,1.0
ae,25,1,dinamicas,tipo,exacta,1.0
ae,25,1,dinamicas,tipo,n_cambios_ok,1.0
ae,25,1,dinamicas,tipo,estados_ok,1.0
ae,25,1,dinamicas,tipo,err_anio_cambio,0.0
ae,25,1,dinamicas,tipo,macro_f1,1.0
ae,25,1,dinamicas,tipo,recall_A,1.0
ae,25,1,dinamicas,tipo,recall_F,1.0
ae,25,1,dinamicas,tipo,recall_G,1.0
ae,25,1,dinamicas,tipo,recall_Wt,1.0
ae,25,1,dinamicas,tipo,recall_U,1.0
ae,25,1,dinamicas,tipo,recall_Sh,1.0
ae,25,1,dinamicas,tipo,recall_Sp,1.0
ae,25,1,dinamicas,tipo,recall_B,1.0
ae,25,1,dinamicas,tipo,recall_Wa,1.0
ae,25,1,constantes,px,acc_anio,1.0
ae,25,1,constantes,px,exacta,1.0
ae,25,1,constantes,px,n_cambios_ok,1.0
ae,25,1,constantes,px,estados_ok,1.0
ae,25,1,constantes,px,err_anio_cambio,
ae,25,1,constantes,px,macro_f1,1.0
ae,25,1,constantes,tipo,acc_anio,1.0
ae,25,1,constantes,tipo,exacta,1.0
ae,25,1,constantes,tipo,n_cambios_ok,1.0
ae,25,1,constantes,tipo,estados_ok,1.0
ae,25,1,constantes,tipo,err_anio_cambio,
ae,25,1,constantes,tipo,macro_f1,1.0
ae,25,1,todas_sin_costura,px,acc_anio,1.0
ae,25,1,todas_sin_costura,px,exacta,1.0
ae,25,1,todas_sin_costura,px,n_cambios_ok,1.0
ae,25,1,todas_sin_costura,px,estados_ok,1.0
ae,25,1,todas_sin_costura,px,err_anio_cambio,0.0
ae,25,1,todas_sin_costura,px,macro_f1,1.0
ae,25,1,todas_sin_costura,tipo,acc_anio,1.0
ae,25,1,todas_sin_costura,tipo,exacta,1.0
ae,25,1,todas_sin_costura,tipo,n_cambios_ok,1.0
ae,25,1,todas_sin_costura,tipo,estados_ok,1.0
ae,25,1,todas_sin_costura,tipo,err_anio_cambio,0.0
ae,25,1,todas_sin_costura,tipo,macro_f1,1.0
ae,25,1,dinamicas_sin_costura,px,acc_anio,1.0
ae,25,1,dinamicas_sin_costura,px,exacta,1.0
ae,25,1,dinamicas_sin_costura,px,n_cambios_ok,1.0
ae,25,1,dinamicas_sin_costura,px,estados_ok,1.0
ae,25,1,dinamicas_sin_costura,px,err_anio_cambio,0.0
ae,25,1,dinamicas_sin_costura,px,macro_f1,1.0
ae,25,1,dinamicas_sin_costura,tipo,acc_anio,1.0
ae,25,1,dinamicas_sin_costura,tipo,exacta,1.0
ae,25,1,dinamicas_sin_costura,tipo,n_cambios_ok,1.0
ae,25,1,dinamicas_sin_costura,tipo,estados_ok,1.0
ae,25,1,dinamicas_sin_costura,tipo,err_anio_cambio,0.0
ae,25,1,dinamicas_sin_costura,tipo,macro_f1,1.0
ae,25,1,todas,tipo,spearman_om,0.35335685460564914
ae,25,1,todas,px,spearman_om,-0.2475976142094788
ae,25,1,todas,tipo,knn10_om,0.6588986840424172
ae,25,1,todas,px,knn10_om,0.4768945447094356
ae,25,2,todas,px,acc_anio,1.0
ae,25,2,todas,px,exacta,1.0
ae,25,2,todas,px,n_cambios_ok,1.0
ae,25,2,todas,px,estados_ok,1.0
ae,25,2,todas,px,err_anio_cambio,0.0
ae,25,2,todas,px,macro_f1,1.0
ae,25,2,todas,px,recall_A,1.0
ae,25,2,todas,px,recall_F,1.0
ae,25,2,todas,px,recall_G,1.0
ae,25,2,todas,px,recall_Wt,1.0
ae,25,2,todas,px,recall_U,1.0
ae,25,2,todas,px,recall_Sh,1.0
ae,25,2,todas,px,recall_Sp,1.0
ae,25,2,todas,px,recall_B,1.0
ae,25,2,todas,px,recall_Wa,1.0
ae,25,2,todas,tipo,acc_anio,1.0
ae,25,2,todas,tipo,exacta,1.0
ae,25,2,todas,tipo,n_cambios_ok,1.0
ae,25,2,todas,tipo,estados_ok,1.0
ae,25,2,todas,tipo,err_anio_cambio,0.0
ae,25,2,todas,tipo,macro_f1,1.0
ae,25,2,todas,tipo,recall_A,1.0
ae,25,2,todas,tipo,recall_F,1.0
ae,25,2,todas,tipo,recall_G,1.0
ae,25,2,todas,tipo,recall_Wt,1.0
ae,25,2,todas,tipo,recall_U,1.0
ae,25,2,todas,tipo,recall_Sh,1.0
ae,25,2,todas,tipo,recall_Sp,1.0
ae,25,2,todas,tipo,recall_B,1.0
ae,25,2,todas,tipo,recall_Wa,1.0
ae,25,2,dinamicas,px,acc_anio,1.0
ae,25,2,dinamicas,px,exacta,1.0
ae,25,2,dinamicas,px,n_cambios_ok,1.0
ae,25,2,dinamicas,px,estados_ok,1.0
ae,25,2,dinamicas,px,err_anio_cambio,0.0
ae,25,2,dinamicas,px,macro_f1,1.0
ae,25,2,dinamicas,px,recall_A,1.0
ae,25,2,dinamicas,px,recall_F,1.0
ae,25,2,dinamicas,px,recall_G,1.0
ae,25,2,dinamicas,px,recall_Wt,1.0
ae,25,2,dinamicas,px,recall_U,1.0
ae,25,2,dinamicas,px,recall_Sh,1.0
ae,25,2,dinamicas,px,recall_Sp,1.0
ae,25,2,dinamicas,px,recall_B,1.0
ae,25,2,dinamicas,px,recall_Wa,1.0
ae,25,2,dinamicas,tipo,acc_anio,1.0
ae,25,2,dinamicas,tipo,exacta,1.0
ae,25,2,dinamicas,tipo,n_cambios_ok,1.0
ae,25,2,dinamicas,tipo,estados_ok,1.0
ae,25,2,dinamicas,tipo,err_anio_cambio,0.0
ae,25,2,dinamicas,tipo,macro_f1,1.0
ae,25,2,dinamicas,tipo,recall_A,1.0
ae,25,2,dinamicas,tipo,recall_F,1.0
ae,25,2,dinamicas,tipo,recall_G,1.0
ae,25,2,dinamicas,tipo,recall_Wt,1.0
ae,25,2,dinamicas,tipo,recall_U,1.0
ae,25,2,dinamicas,tipo,recall_Sh,1.0
ae,25,2,dinamicas,tipo,recall_Sp,1.0
ae,25,2,dinamicas,tipo,recall_B,1.0
ae,25,2,dinamicas,tipo,recall_Wa,1.0
ae,25,2,constantes,px,acc_anio,1.0
ae,25,2,constantes,px,exacta,1.0
ae,25,2,constantes,px,n_cambios_ok,1.0
ae,25,2,constantes,px,estados_ok,1.0
ae,25,2,constantes,px,err_anio_cambio,
ae,25,2,constantes,px,macro_f1,1.0
ae,25,2,constantes,tipo,acc_anio,1.0
ae,25,2,constantes,tipo,exacta,1.0
ae,25,2,constantes,tipo,n_cambios_ok,1.0
ae,25,2,constantes,tipo,estados_ok,1.0
ae,25,2,constantes,tipo,err_anio_cambio,
ae,25,2,constantes,tipo,macro_f1,1.0
ae,25,2,todas_sin_costura,px,acc_anio,1.0
ae,25,2,todas_sin_costura,px,exacta,1.0
ae,25,2,todas_sin_costura,px,n_cambios_ok,1.0
ae,25,2,todas_sin_costura,px,estados_ok,1.0
ae,25,2,todas_sin_costura,px,err_anio_cambio,0.0
ae,25,2,todas_sin_costura,px,macro_f1,1.0
ae,25,2,todas_sin_costura,tipo,acc_anio,1.0
ae,25,2,todas_sin_costura,tipo,exacta,1.0
ae,25,2,todas_sin_costura,tipo,n_cambios_ok,1.0
ae,25,2,todas_sin_costura,tipo,estados_ok,1.0
ae,25,2,todas_sin_costura,tipo,err_anio_cambio,0.0
ae,25,2,todas_sin_costura,tipo,macro_f1,1.0
ae,25,2,dinamicas_sin_costura,px,acc_anio,1.0
ae,25,2,dinamicas_sin_costura,px,exacta,1.0
ae,25,2,dinamicas_sin_costura,px,n_cambios_ok,1.0
ae,25,2,dinamicas_sin_costura,px,estados_ok,1.0
ae,25,2,dinamicas_sin_costura,px,err_anio_cambio,0.0
ae,25,2,dinamicas_sin_costura,px,macro_f1,1.0
ae,25,2,dinamicas_sin_costura,tipo,acc_anio,1.0
ae,25,2,dinamicas_sin_costura,tipo,exacta,1.0
ae,25,2,dinamicas_sin_costura,tipo,n_cambios_ok,1.0
ae,25,2,dinamicas_sin_costura,tipo,estados_ok,1.0
ae,25,2,dinamicas_sin_costura,tipo,err_anio_cambio,0.0
ae,25,2,dinamicas_sin_costura,tipo,macro_f1,1.0
ae,25,2,todas,tipo,spearman_om,0.334576651533259
ae,25,2,todas,px,spearman_om,-0.36651062910628474
ae,25,2,todas,tipo,knn10_om,0.6758017120224864
ae,25,2,todas,px,knn10_om,0.25721330273926374
ae,28,0,todas,px,acc_anio,1.0
ae,28,0,todas,px,exacta,1.0
ae,28,0,todas,px,n_cambios_ok,1.0
ae,28,0,todas,px,estados_ok,1.0
ae,28,0,todas,px,err_anio_cambio,0.0
ae,28,0,todas,px,macro_f1,1.0
ae,28,0,todas,px,recall_A,1.0
ae,28,0,todas,px,recall_F,1.0
ae,28,0,todas,px,recall_G,1.0
ae,28,0,todas,px,recall_Wt,1.0
ae,28,0,todas,px,recall_U,1.0
ae,28,0,todas,px,recall_Sh,1.0
ae,28,0,todas,px,recall_Sp,1.0
ae,28,0,todas,px,recall_B,1.0
ae,28,0,todas,px,recall_Wa,1.0
ae,28,0,todas,tipo,acc_anio,1.0
ae,28,0,todas,tipo,exacta,1.0
ae,28,0,todas,tipo,n_cambios_ok,1.0
ae,28,0,todas,tipo,estados_ok,1.0
ae,28,0,todas,tipo,err_anio_cambio,0.0
ae,28,0,todas,tipo,macro_f1,1.0
ae,28,0,todas,tipo,recall_A,1.0
ae,28,0,todas,tipo,recall_F,1.0
ae,28,0,todas,tipo,recall_G,1.0
ae,28,0,todas,tipo,recall_Wt,1.0
ae,28,0,todas,tipo,recall_U,1.0
ae,28,0,todas,tipo,recall_Sh,1.0
ae,28,0,todas,tipo,recall_Sp,1.0
ae,28,0,todas,tipo,recall_B,1.0
ae,28,0,todas,tipo,recall_Wa,1.0
ae,28,0,dinamicas,px,acc_anio,1.0
ae,28,0,dinamicas,px,exacta,1.0
ae,28,0,dinamicas,px,n_cambios_ok,1.0
ae,28,0,dinamicas,px,estados_ok,1.0
ae,28,0,dinamicas,px,err_anio_cambio,0.0
ae,28,0,dinamicas,px,macro_f1,1.0
ae,28,0,dinamicas,px,recall_A,1.0
ae,28,0,dinamicas,px,recall_F,1.0
ae,28,0,dinamicas,px,recall_G,1.0
ae,28,0,dinamicas,px,recall_Wt,1.0
ae,28,0,dinamicas,px,recall_U,1.0
ae,28,0,dinamicas,px,recall_Sh,1.0
ae,28,0,dinamicas,px,recall_Sp,1.0
ae,28,0,dinamicas,px,recall_B,1.0
ae,28,0,dinamicas,px,recall_Wa,1.0
ae,28,0,dinamicas,tipo,acc_anio,1.0
ae,28,0,dinamicas,tipo,exacta,1.0
ae,28,0,dinamicas,tipo,n_cambios_ok,1.0
ae,28,0,dinamicas,tipo,estados_ok,1.0
ae,28,0,dinamicas,tipo,err_anio_cambio,0.0
ae,28,0,dinamicas,tipo,macro_f1,1.0
ae,28,0,dinamicas,tipo,recall_A,1.0
ae,28,0,dinamicas,tipo,recall_F,1.0
ae,28,0,dinamicas,tipo,recall_G,1.0
ae,28,0,dinamicas,tipo,recall_Wt,1.0
ae,28,0,dinamicas,tipo,recall_U,1.0
ae,28,0,dinamicas,tipo,recall_Sh,1.0
ae,28,0,dinamicas,tipo,recall_Sp,1.0
ae,28,0,dinamicas,tipo,recall_B,1.0
ae,28,0,dinamicas,tipo,recall_Wa,1.0
ae,28,0,constantes,px,acc_anio,1.0
ae,28,0,constantes,px,exacta,1.0
ae,28,0,constantes,px,n_cambios_ok,1.0
ae,28,0,constantes,px,estados_ok,1.0
ae,28,0,constantes,px,err_anio_cambio,
ae,28,0,constantes,px,macro_f1,1.0
ae,28,0,constantes,tipo,acc_anio,1.0
ae,28,0,constantes,tipo,exacta,1.0
ae,28,0,constantes,tipo,n_cambios_ok,1.0
ae,28,0,constantes,tipo,estados_ok,1.0
ae,28,0,constantes,tipo,err_anio_cambio,
ae,28,0,constantes,tipo,macro_f1,1.0
ae,28,0,todas_sin_costura,px,acc_anio,1.0
ae,28,0,todas_sin_costura,px,exacta,1.0
ae,28,0,todas_sin_costura,px,n_cambios_ok,1.0
ae,28,0,todas_sin_costura,px,estados_ok,1.0
ae,28,0,todas_sin_costura,px,err_anio_cambio,0.0
ae,28,0,todas_sin_costura,px,macro_f1,1.0
ae,28,0,todas_sin_costura,tipo,acc_anio,1.0
ae,28,0,todas_sin_costura,tipo,exacta,1.0
ae,28,0,todas_sin_costura,tipo,n_cambios_ok,1.0
ae,28,0,todas_sin_costura,tipo,estados_ok,1.0
ae,28,0,todas_sin_costura,tipo,err_anio_cambio,0.0
ae,28,0,todas_sin_costura,tipo,macro_f1,1.0
ae,28,0,dinamicas_sin_costura,px,acc_anio,1.0
ae,28,0,dinamicas_sin_costura,px,exacta,1.0
ae,28,0,dinamicas_sin_costura,px,n_cambios_ok,1.0
ae,28,0,dinamicas_sin_costura,px,estados_ok,1.0
ae,28,0,dinamicas_sin_costura,px,err_anio_cambio,0.0
ae,28,0,dinamicas_sin_costura,px,macro_f1,1.0
ae,28,0,dinamicas_sin_costura,tipo,acc_anio,1.0
ae,28,0,dinamicas_sin_costura,tipo,exacta,1.0
ae,28,0,dinamicas_sin_costura,tipo,n_cambios_ok,1.0
ae,28,0,dinamicas_sin_costura,tipo,estados_ok,1.0
ae,28,0,dinamicas_sin_costura,tipo,err_anio_cambio,0.0
ae,28,0,dinamicas_sin_costura,tipo,macro_f1,1.0
ae,28,0,todas,tipo,spearman_om,0.3212475766036507
ae,28,0,todas,px,spearman_om,-0.21605985780546566
ae,28,0,todas,tipo,knn10_om,0.648882074869043
ae,28,0,todas,px,knn10_om,0.3829961815978383
ae,28,1,todas,px,acc_anio,1.0
ae,28,1,todas,px,exacta,1.0
ae,28,1,todas,px,n_cambios_ok,1.0
ae,28,1,todas,px,estados_ok,1.0
ae,28,1,todas,px,err_anio_cambio,0.0
ae,28,1,todas,px,macro_f1,1.0
ae,28,1,todas,px,recall_A,1.0
ae,28,1,todas,px,recall_F,1.0
ae,28,1,todas,px,recall_G,1.0
ae,28,1,todas,px,recall_Wt,1.0
ae,28,1,todas,px,recall_U,1.0
ae,28,1,todas,px,recall_Sh,1.0
ae,28,1,todas,px,recall_Sp,1.0
ae,28,1,todas,px,recall_B,1.0
ae,28,1,todas,px,recall_Wa,1.0
ae,28,1,todas,tipo,acc_anio,1.0
ae,28,1,todas,tipo,exacta,1.0
ae,28,1,todas,tipo,n_cambios_ok,1.0
ae,28,1,todas,tipo,estados_ok,1.0
ae,28,1,todas,tipo,err_anio_cambio,0.0
ae,28,1,todas,tipo,macro_f1,1.0
ae,28,1,todas,tipo,recall_A,1.0
ae,28,1,todas,tipo,recall_F,1.0
ae,28,1,todas,tipo,recall_G,1.0
ae,28,1,todas,tipo,recall_Wt,1.0
ae,28,1,todas,tipo,recall_U,1.0
ae,28,1,todas,tipo,recall_Sh,1.0
ae,28,1,todas,tipo,recall_Sp,1.0
ae,28,1,todas,tipo,recall_B,1.0
ae,28,1,todas,tipo,recall_Wa,1.0
ae,28,1,dinamicas,px,acc_anio,1.0
ae,28,1,dinamicas,px,exacta,1.0
ae,28,1,dinamicas,px,n_cambios_ok,1.0
ae,28,1,dinamicas,px,estados_ok,1.0
ae,28,1,dinamicas,px,err_anio_cambio,0.0
ae,28,1,dinamicas,px,macro_f1,1.0
ae,28,1,dinamicas,px,recall_A,1.0
ae,28,1,dinamicas,px,recall_F,1.0
ae,28,1,dinamicas,px,recall_G,1.0
ae,28,1,dinamicas,px,recall_Wt,1.0
ae,28,1,dinamicas,px,recall_U,1.0
ae,28,1,dinamicas,px,recall_Sh,1.0
ae,28,1,dinamicas,px,recall_Sp,1.0
ae,28,1,dinamicas,px,recall_B,1.0
ae,28,1,dinamicas,px,recall_Wa,1.0
ae,28,1,dinamicas,tipo,acc_anio,1.0
ae,28,1,dinamicas,tipo,exacta,1.0
ae,28,1,dinamicas,tipo,n_cambios_ok,1.0
ae,28,1,dinamicas,tipo,estados_ok,1.0
ae,28,1,dinamicas,tipo,err_anio_cambio,0.0
ae,28,1,dinamicas,tipo,macro_f1,1.0
ae,28,1,dinamicas,tipo,recall_A,1.0
ae,28,1,dinamicas,tipo,recall_F,1.0
ae,28,1,dinamicas,tipo,recall_G,1.0
ae,28,1,dinamicas,tipo,recall_Wt,1.0
ae,28,1,dinamicas,tipo,recall_U,1.0
ae,28,1,dinamicas,tipo,recall_Sh,1.0
ae,28,1,dinamicas,tipo,recall_Sp,1.0
ae,28,1,dinamicas,tipo,recall_B,1.0
ae,28,1,dinamicas,tipo,recall_Wa,1.0
ae,28,1,constantes,px,acc_anio,1.0
ae,28,1,constantes,px,exacta,1.0
ae,28,1,constantes,px,n_cambios_ok,1.0
ae,28,1,constantes,px,estados_ok,1.0
ae,28,1,constantes,px,err_anio_cambio,
ae,28,1,constantes,px,macro_f1,1.0
ae,28,1,constantes,tipo,acc_anio,1.0
ae,28,1,constantes,tipo,exacta,1.0
ae,28,1,constantes,tipo,n_cambios_ok,1.0
ae,28,1,constantes,tipo,estados_ok,1.0
ae,28,1,constantes,tipo,err_anio_cambio,
ae,28,1,constantes,tipo,macro_f1,1.0
ae,28,1,todas_sin_costura,px,acc_anio,1.0
ae,28,1,todas_sin_costura,px,exacta,1.0
ae,28,1,todas_sin_costura,px,n_cambios_ok,1.0
ae,28,1,todas_sin_costura,px,estados_ok,1.0
ae,28,1,todas_sin_costura,px,err_anio_cambio,0.0
ae,28,1,todas_sin_costura,px,macro_f1,1.0
ae,28,1,todas_sin_costura,tipo,acc_anio,1.0
ae,28,1,todas_sin_costura,tipo,exacta,1.0
ae,28,1,todas_sin_costura,tipo,n_cambios_ok,1.0
ae,28,1,todas_sin_costura,tipo,estados_ok,1.0
ae,28,1,todas_sin_costura,tipo,err_anio_cambio,0.0
ae,28,1,todas_sin_costura,tipo,macro_f1,1.0
ae,28,1,dinamicas_sin_costura,px,acc_anio,1.0
ae,28,1,dinamicas_sin_costura,px,exacta,1.0
ae,28,1,dinamicas_sin_costura,px,n_cambios_ok,1.0
ae,28,1,dinamicas_sin_costura,px,estados_ok,1.0
ae,28,1,dinamicas_sin_costura,px,err_anio_cambio,0.0
ae,28,1,dinamicas_sin_costura,px,macro_f1,1.0
ae,28,1,dinamicas_sin_costura,tipo,acc_anio,1.0
ae,28,1,dinamicas_sin_costura,tipo,exacta,1.0
ae,28,1,dinamicas_sin_costura,tipo,n_cambios_ok,1.0
ae,28,1,dinamicas_sin_costura,tipo,estados_ok,1.0
ae,28,1,dinamicas_sin_costura,tipo,err_anio_cambio,0.0
ae,28,1,dinamicas_sin_costura,tipo,macro_f1,1.0
ae,28,1,todas,tipo,spearman_om,0.3675845570307633
ae,28,1,todas,px,spearman_om,-0.06848477575463986
ae,28,1,todas,tipo,knn10_om,0.667203270729526
ae,28,1,todas,px,knn10_om,0.28882015455235416
ae,28,2,todas,px,acc_anio,1.0
ae,28,2,todas,px,exacta,1.0
ae,28,2,todas,px,n_cambios_ok,1.0
ae,28,2,todas,px,estados_ok,1.0
ae,28,2,todas,px,err_anio_cambio,0.0
ae,28,2,todas,px,macro_f1,1.0
ae,28,2,todas,px,recall_A,1.0
ae,28,2,todas,px,recall_F,1.0
ae,28,2,todas,px,recall_G,1.0
ae,28,2,todas,px,recall_Wt,1.0
ae,28,2,todas,px,recall_U,1.0
ae,28,2,todas,px,recall_Sh,1.0
ae,28,2,todas,px,recall_Sp,1.0
ae,28,2,todas,px,recall_B,1.0
ae,28,2,todas,px,recall_Wa,1.0
ae,28,2,todas,tipo,acc_anio,1.0
ae,28,2,todas,tipo,exacta,1.0
ae,28,2,todas,tipo,n_cambios_ok,1.0
ae,28,2,todas,tipo,estados_ok,1.0
ae,28,2,todas,tipo,err_anio_cambio,0.0
ae,28,2,todas,tipo,macro_f1,1.0
ae,28,2,todas,tipo,recall_A,1.0
ae,28,2,todas,tipo,recall_F,1.0
ae,28,2,todas,tipo,recall_G,1.0
ae,28,2,todas,tipo,recall_Wt,1.0
ae,28,2,todas,tipo,recall_U,1.0
ae,28,2,todas,tipo,recall_Sh,1.0
ae,28,2,todas,tipo,recall_Sp,1.0
ae,28,2,todas,tipo,recall_B,1.0
ae,28,2,todas,tipo,recall_Wa,1.0
ae,28,2,dinamicas,px,acc_anio,1.0
ae,28,2,dinamicas,px,exacta,1.0
ae,28,2,dinamicas,px,n_cambios_ok,1.0
ae,28,2,dinamicas,px,estados_ok,1.0
ae,28,2,dinamicas,px,err_anio_cambio,0.0
ae,28,2,dinamicas,px,macro_f1,1.0
ae,28,2,dinamicas,px,recall_A,1.0
ae,28,2,dinamicas,px,recall_F,1.0
ae,28,2,dinamicas,px,recall_G,1.0
ae,28,2,dinamicas,px,recall_Wt,1.0
ae,28,2,dinamicas,px,recall_U,1.0
ae,28,2,dinamicas,px,recall_Sh,1.0
ae,28,2,dinamicas,px,recall_Sp,1.0
ae,28,2,dinamicas,px,recall_B,1.0
ae,28,2,dinamicas,px,recall_Wa,1.0
ae,28,2,dinamicas,tipo,acc_anio,1.0
ae,28,2,dinamicas,tipo,exacta,1.0
ae,28,2,dinamicas,tipo,n_cambios_ok,1.0
ae,28,2,dinamicas,tipo,estados_ok,1.0
ae,28,2,dinamicas,tipo,err_anio_cambio,0.0
ae,28,2,dinamicas,tipo,macro_f1,1.0
ae,28,2,dinamicas,tipo,recall_A,1.0
ae,28,2,dinamicas,tipo,recall_F,1.0
ae,28,2,dinamicas,tipo,recall_G,1.0
ae,28,2,dinamicas,tipo,recall_Wt,1.0
ae,28,2,dinamicas,tipo,recall_U,1.0
ae,28,2,dinamicas,tipo,recall_Sh,1.0
ae,28,2,dinamicas,tipo,recall_Sp,1.0
ae,28,2,dinamicas,tipo,recall_B,1.0
ae,28,2,dinamicas,tipo,recall_Wa,1.0
ae,28,2,constantes,px,acc_anio,1.0
ae,28,2,constantes,px,exacta,1.0
ae,28,2,constantes,px,n_cambios_ok,1.0
ae,28,2,constantes,px,estados_ok,1.0
ae,28,2,constantes,px,err_anio_cambio,
ae,28,2,constantes,px,macro_f1,1.0
ae,28,2,constantes,tipo,acc_anio,1.0
ae,28,2,constantes,tipo,exacta,1.0
ae,28,2,constantes,tipo,n_cambios_ok,1.0
ae,28,2,constantes,tipo,estados_ok,1.0
ae,28,2,constantes,tipo,err_anio_cambio,
ae,28,2,constantes,tipo,macro_f1,1.0
ae,28,2,todas_sin_costura,px,acc_anio,1.0
ae,28,2,todas_sin_costura,px,exacta,1.0
ae,28,2,todas_sin_costura,px,n_cambios_ok,1.0
ae,28,2,todas_sin_costura,px,estados_ok,1.0
ae,28,2,todas_sin_costura,px,err_anio_cambio,0.0
ae,28,2,todas_sin_costura,px,macro_f1,1.0
ae,28,2,todas_sin_costura,tipo,acc_anio,1.0
ae,28,2,todas_sin_costura,tipo,exacta,1.0
ae,28,2,todas_sin_costura,tipo,n_cambios_ok,1.0
ae,28,2,todas_sin_costura,tipo,estados_ok,1.0
ae,28,2,todas_sin_costura,tipo,err_anio_cambio,0.0
ae,28,2,todas_sin_costura,tipo,macro_f1,1.0
ae,28,2,dinamicas_sin_costura,px,acc_anio,1.0
ae,28,2,dinamicas_sin_costura,px,exacta,1.0
ae,28,2,dinamicas_sin_costura,px,n_cambios_ok,1.0
ae,28,2,dinamicas_sin_costura,px,estados_ok,1.0
ae,28,2,dinamicas_sin_costura,px,err_anio_cambio,0.0
ae,28,2,dinamicas_sin_costura,px,macro_f1,1.0
ae,28,2,dinamicas_sin_costura,tipo,acc_anio,1.0
ae,28,2,dinamicas_sin_costura,tipo,exacta,1.0
ae,28,2,dinamicas_sin_costura,tipo,n_cambios_ok,1.0
ae,28,2,dinamicas_sin_costura,tipo,estados_ok,1.0
ae,28,2,dinamicas_sin_costura,tipo,err_anio_cambio,0.0
ae,28,2,dinamicas_sin_costura,tipo,macro_f1,1.0
ae,28,2,todas,tipo,spearman_om,0.3183562911540939
ae,28,2,todas,px,spearman_om,-0.27782849517843455
ae,28,2,todas,tipo,knn10_om,0.6480132873386993
ae,28,2,todas,px,knn10_om,0.1742203136046404
ae,31,0,todas,px,acc_anio,1.0
ae,31,0,todas,px,exacta,1.0
ae,31,0,todas,px,n_cambios_ok,1.0
ae,31,0,todas,px,estados_ok,1.0
ae,31,0,todas,px,err_anio_cambio,0.0
ae,31,0,todas,px,macro_f1,1.0
ae,31,0,todas,px,recall_A,1.0
ae,31,0,todas,px,recall_F,1.0
ae,31,0,todas,px,recall_G,1.0
ae,31,0,todas,px,recall_Wt,1.0
ae,31,0,todas,px,recall_U,1.0
ae,31,0,todas,px,recall_Sh,1.0
ae,31,0,todas,px,recall_Sp,1.0
ae,31,0,todas,px,recall_B,1.0
ae,31,0,todas,px,recall_Wa,1.0
ae,31,0,todas,tipo,acc_anio,1.0
ae,31,0,todas,tipo,exacta,1.0
ae,31,0,todas,tipo,n_cambios_ok,1.0
ae,31,0,todas,tipo,estados_ok,1.0
ae,31,0,todas,tipo,err_anio_cambio,0.0
ae,31,0,todas,tipo,macro_f1,1.0
ae,31,0,todas,tipo,recall_A,1.0
ae,31,0,todas,tipo,recall_F,1.0
ae,31,0,todas,tipo,recall_G,1.0
ae,31,0,todas,tipo,recall_Wt,1.0
ae,31,0,todas,tipo,recall_U,1.0
ae,31,0,todas,tipo,recall_Sh,1.0
ae,31,0,todas,tipo,recall_Sp,1.0
ae,31,0,todas,tipo,recall_B,1.0
ae,31,0,todas,tipo,recall_Wa,1.0
ae,31,0,dinamicas,px,acc_anio,1.0
ae,31,0,dinamicas,px,exacta,1.0
ae,31,0,dinamicas,px,n_cambios_ok,1.0
ae,31,0,dinamicas,px,estados_ok,1.0
ae,31,0,dinamicas,px,err_anio_cambio,0.0
ae,31,0,dinamicas,px,macro_f1,1.0
ae,31,0,dinamicas,px,recall_A,1.0
ae,31,0,dinamicas,px,recall_F,1.0
ae,31,0,dinamicas,px,recall_G,1.0
ae,31,0,dinamicas,px,recall_Wt,1.0
ae,31,0,dinamicas,px,recall_U,1.0
ae,31,0,dinamicas,px,recall_Sh,1.0
ae,31,0,dinamicas,px,recall_Sp,1.0
ae,31,0,dinamicas,px,recall_B,1.0
ae,31,0,dinamicas,px,recall_Wa,1.0
ae,31,0,dinamicas,tipo,acc_anio,1.0
ae,31,0,dinamicas,tipo,exacta,1.0
ae,31,0,dinamicas,tipo,n_cambios_ok,1.0
ae,31,0,dinamicas,tipo,estados_ok,1.0
ae,31,0,dinamicas,tipo,err_anio_cambio,0.0
ae,31,0,dinamicas,tipo,macro_f1,1.0
ae,31,0,dinamicas,tipo,recall_A,1.0
ae,31,0,dinamicas,tipo,recall_F,1.0
ae,31,0,dinamicas,tipo,recall_G,1.0
ae,31,0,dinamicas,tipo,recall_Wt,1.0
ae,31,0,dinamicas,tipo,recall_U,1.0
ae,31,0,dinamicas,tipo,recall_Sh,1.0
ae,31,0,dinamicas,tipo,recall_Sp,1.0
ae,31,0,dinamicas,tipo,recall_B,1.0
ae,31,0,dinamicas,tipo,recall_Wa,1.0
ae,31,0,constantes,px,acc_anio,1.0
ae,31,0,constantes,px,exacta,1.0
ae,31,0,constantes,px,n_cambios_ok,1.0
ae,31,0,constantes,px,estados_ok,1.0
ae,31,0,constantes,px,err_anio_cambio,
ae,31,0,constantes,px,macro_f1,1.0
ae,31,0,constantes,tipo,acc_anio,1.0
ae,31,0,constantes,tipo,exacta,1.0
ae,31,0,constantes,tipo,n_cambios_ok,1.0
ae,31,0,constantes,tipo,estados_ok,1.0
ae,31,0,constantes,tipo,err_anio_cambio,
ae,31,0,constantes,tipo,macro_f1,1.0
ae,31,0,todas_sin_costura,px,acc_anio,1.0
ae,31,0,todas_sin_costura,px,exacta,1.0
ae,31,0,todas_sin_costura,px,n_cambios_ok,1.0
ae,31,0,todas_sin_costura,px,estados_ok,1.0
ae,31,0,todas_sin_costura,px,err_anio_cambio,0.0
ae,31,0,todas_sin_costura,px,macro_f1,1.0
ae,31,0,todas_sin_costura,tipo,acc_anio,1.0
ae,31,0,todas_sin_costura,tipo,exacta,1.0
ae,31,0,todas_sin_costura,tipo,n_cambios_ok,1.0
ae,31,0,todas_sin_costura,tipo,estados_ok,1.0
ae,31,0,todas_sin_costura,tipo,err_anio_cambio,0.0
ae,31,0,todas_sin_costura,tipo,macro_f1,1.0
ae,31,0,dinamicas_sin_costura,px,acc_anio,1.0
ae,31,0,dinamicas_sin_costura,px,exacta,1.0
ae,31,0,dinamicas_sin_costura,px,n_cambios_ok,1.0
ae,31,0,dinamicas_sin_costura,px,estados_ok,1.0
ae,31,0,dinamicas_sin_costura,px,err_anio_cambio,0.0
ae,31,0,dinamicas_sin_costura,px,macro_f1,1.0
ae,31,0,dinamicas_sin_costura,tipo,acc_anio,1.0
ae,31,0,dinamicas_sin_costura,tipo,exacta,1.0
ae,31,0,dinamicas_sin_costura,tipo,n_cambios_ok,1.0
ae,31,0,dinamicas_sin_costura,tipo,estados_ok,1.0
ae,31,0,dinamicas_sin_costura,tipo,err_anio_cambio,0.0
ae,31,0,dinamicas_sin_costura,tipo,macro_f1,1.0
ae,31,0,todas,tipo,spearman_om,0.3496822002985224
ae,31,0,todas,px,spearman_om,-0.458869527448418
ae,31,0,todas,tipo,knn10_om,0.670831736297432
ae,31,0,todas,px,knn10_om,0.4583533806813686
ae,31,1,todas,px,acc_anio,1.0
ae,31,1,todas,px,exacta,1.0
ae,31,1,todas,px,n_cambios_ok,1.0
ae,31,1,todas,px,estados_ok,1.0
ae,31,1,todas,px,err_anio_cambio,0.0
ae,31,1,todas,px,macro_f1,1.0
ae,31,1,todas,px,recall_A,1.0
ae,31,1,todas,px,recall_F,1.0
ae,31,1,todas,px,recall_G,1.0
ae,31,1,todas,px,recall_Wt,1.0
ae,31,1,todas,px,recall_U,1.0
ae,31,1,todas,px,recall_Sh,1.0
ae,31,1,todas,px,recall_Sp,1.0
ae,31,1,todas,px,recall_B,1.0
ae,31,1,todas,px,recall_Wa,1.0
ae,31,1,todas,tipo,acc_anio,1.0
ae,31,1,todas,tipo,exacta,1.0
ae,31,1,todas,tipo,n_cambios_ok,1.0
ae,31,1,todas,tipo,estados_ok,1.0
ae,31,1,todas,tipo,err_anio_cambio,0.0
ae,31,1,todas,tipo,macro_f1,1.0
ae,31,1,todas,tipo,recall_A,1.0
ae,31,1,todas,tipo,recall_F,1.0
ae,31,1,todas,tipo,recall_G,1.0
ae,31,1,todas,tipo,recall_Wt,1.0
ae,31,1,todas,tipo,recall_U,1.0
ae,31,1,todas,tipo,recall_Sh,1.0
ae,31,1,todas,tipo,recall_Sp,1.0
ae,31,1,todas,tipo,recall_B,1.0
ae,31,1,todas,tipo,recall_Wa,1.0
ae,31,1,dinamicas,px,acc_anio,1.0
ae,31,1,dinamicas,px,exacta,1.0
ae,31,1,dinamicas,px,n_cambios_ok,1.0
ae,31,1,dinamicas,px,estados_ok,1.0
ae,31,1,dinamicas,px,err_anio_cambio,0.0
ae,31,1,dinamicas,px,macro_f1,1.0
ae,31,1,dinamicas,px,recall_A,1.0
ae,31,1,dinamicas,px,recall_F,1.0
ae,31,1,dinamicas,px,recall_G,1.0
ae,31,1,dinamicas,px,recall_Wt,1.0
ae,31,1,dinamicas,px,recall_U,1.0
ae,31,1,dinamicas,px,recall_Sh,1.0
ae,31,1,dinamicas,px,recall_Sp,1.0
ae,31,1,dinamicas,px,recall_B,1.0
ae,31,1,dinamicas,px,recall_Wa,1.0
ae,31,1,dinamicas,tipo,acc_anio,1.0
ae,31,1,dinamicas,tipo,exacta,1.0
ae,31,1,dinamicas,tipo,n_cambios_ok,1.0
ae,31,1,dinamicas,tipo,estados_ok,1.0
ae,31,1,dinamicas,tipo,err_anio_cambio,0.0
ae,31,1,dinamicas,tipo,macro_f1,1.0
ae,31,1,dinamicas,tipo,recall_A,1.0
ae,31,1,dinamicas,tipo,recall_F,1.0
ae,31,1,dinamicas,tipo,recall_G,1.0
ae,31,1,dinamicas,tipo,recall_Wt,1.0
ae,31,1,dinamicas,tipo,recall_U,1.0
ae,31,1,dinamicas,tipo,recall_Sh,1.0
ae,31,1,dinamicas,tipo,recall_Sp,1.0
ae,31,1,dinamicas,tipo,recall_B,1.0
ae,31,1,dinamicas,tipo,recall_Wa,1.0
ae,31,1,constantes,px,acc_anio,1.0
ae,31,1,constantes,px,exacta,1.0
ae,31,1,constantes,px,n_cambios_ok,1.0
ae,31,1,constantes,px,estados_ok,1.0
ae,31,1,constantes,px,err_anio_cambio,
ae,31,1,constantes,px,macro_f1,1.0
ae,31,1,constantes,tipo,acc_anio,1.0
ae,31,1,constantes,tipo,exacta,1.0
ae,31,1,constantes,tipo,n_cambios_ok,1.0
ae,31,1,constantes,tipo,estados_ok,1.0
ae,31,1,constantes,tipo,err_anio_cambio,
ae,31,1,constantes,tipo,macro_f1,1.0
ae,31,1,todas_sin_costura,px,acc_anio,1.0
ae,31,1,todas_sin_costura,px,exacta,1.0
ae,31,1,todas_sin_costura,px,n_cambios_ok,1.0
ae,31,1,todas_sin_costura,px,estados_ok,1.0
ae,31,1,todas_sin_costura,px,err_anio_cambio,0.0
ae,31,1,todas_sin_costura,px,macro_f1,1.0
ae,31,1,todas_sin_costura,tipo,acc_anio,1.0
ae,31,1,todas_sin_costura,tipo,exacta,1.0
ae,31,1,todas_sin_costura,tipo,n_cambios_ok,1.0
ae,31,1,todas_sin_costura,tipo,estados_ok,1.0
ae,31,1,todas_sin_costura,tipo,err_anio_cambio,0.0
ae,31,1,todas_sin_costura,tipo,macro_f1,1.0
ae,31,1,dinamicas_sin_costura,px,acc_anio,1.0
ae,31,1,dinamicas_sin_costura,px,exacta,1.0
ae,31,1,dinamicas_sin_costura,px,n_cambios_ok,1.0
ae,31,1,dinamicas_sin_costura,px,estados_ok,1.0
ae,31,1,dinamicas_sin_costura,px,err_anio_cambio,0.0
ae,31,1,dinamicas_sin_costura,px,macro_f1,1.0
ae,31,1,dinamicas_sin_costura,tipo,acc_anio,1.0
ae,31,1,dinamicas_sin_costura,tipo,exacta,1.0
ae,31,1,dinamicas_sin_costura,tipo,n_cambios_ok,1.0
ae,31,1,dinamicas_sin_costura,tipo,estados_ok,1.0
ae,31,1,dinamicas_sin_costura,tipo,err_anio_cambio,0.0
ae,31,1,dinamicas_sin_costura,tipo,macro_f1,1.0
ae,31,1,todas,tipo,spearman_om,0.34324364204223196
ae,31,1,todas,px,spearman_om,-0.10945475444158076
ae,31,1,todas,tipo,knn10_om,0.6659895234444871
ae,31,1,todas,px,knn10_om,0.17190891481219514
ae,31,2,todas,px,acc_anio,1.0
ae,31,2,todas,px,exacta,1.0
ae,31,2,todas,px,n_cambios_ok,1.0
ae,31,2,todas,px,estados_ok,1.0
ae,31,2,todas,px,err_anio_cambio,0.0
ae,31,2,todas,px,macro_f1,1.0
ae,31,2,todas,px,recall_A,1.0
ae,31,2,todas,px,recall_F,1.0
ae,31,2,todas,px,recall_G,1.0
ae,31,2,todas,px,recall_Wt,1.0
ae,31,2,todas,px,recall_U,1.0
ae,31,2,todas,px,recall_Sh,1.0
ae,31,2,todas,px,recall_Sp,1.0
ae,31,2,todas,px,recall_B,1.0
ae,31,2,todas,px,recall_Wa,1.0
ae,31,2,todas,tipo,acc_anio,1.0
ae,31,2,todas,tipo,exacta,1.0
ae,31,2,todas,tipo,n_cambios_ok,1.0
ae,31,2,todas,tipo,estados_ok,1.0
ae,31,2,todas,tipo,err_anio_cambio,0.0
ae,31,2,todas,tipo,macro_f1,1.0
ae,31,2,todas,tipo,recall_A,1.0
ae,31,2,todas,tipo,recall_F,1.0
ae,31,2,todas,tipo,recall_G,1.0
ae,31,2,todas,tipo,recall_Wt,1.0
ae,31,2,todas,tipo,recall_U,1.0
ae,31,2,todas,tipo,recall_Sh,1.0
ae,31,2,todas,tipo,recall_Sp,1.0
ae,31,2,todas,tipo,recall_B,1.0
ae,31,2,todas,tipo,recall_Wa,1.0
ae,31,2,dinamicas,px,acc_anio,1.0
ae,31,2,dinamicas,px,exacta,1.0
ae,31,2,dinamicas,px,n_cambios_ok,1.0
ae,31,2,dinamicas,px,estados_ok,1.0
ae,31,2,dinamicas,px,err_anio_cambio,0.0
ae,31,2,dinamicas,px,macro_f1,1.0
ae,31,2,dinamicas,px,recall_A,1.0
ae,31,2,dinamicas,px,recall_F,1.0
ae,31,2,dinamicas,px,recall_G,1.0
ae,31,2,dinamicas,px,recall_Wt,1.0
ae,31,2,dinamicas,px,recall_U,1.0
ae,31,2,dinamicas,px,recall_Sh,1.0
ae,31,2,dinamicas,px,recall_Sp,1.0
ae,31,2,dinamicas,px,recall_B,1.0
ae,31,2,dinamicas,px,recall_Wa,1.0
ae,31,2,dinamicas,tipo,acc_anio,1.0
ae,31,2,dinamicas,tipo,exacta,1.0
ae,31,2,dinamicas,tipo,n_cambios_ok,1.0
ae,31,2,dinamicas,tipo,estados_ok,1.0
ae,31,2,dinamicas,tipo,err_anio_cambio,0.0
ae,31,2,dinamicas,tipo,macro_f1,1.0
ae,31,2,dinamicas,tipo,recall_A,1.0
ae,31,2,dinamicas,tipo,recall_F,1.0
ae,31,2,dinamicas,tipo,recall_G,1.0
ae,31,2,dinamicas,tipo,recall_Wt,1.0
ae,31,2,dinamicas,tipo,recall_U,1.0
ae,31,2,dinamicas,tipo,recall_Sh,1.0
ae,31,2,dinamicas,tipo,recall_Sp,1.0
ae,31,2,dinamicas,tipo,recall_B,1.0
ae,31,2,dinamicas,tipo,recall_Wa,1.0
ae,31,2,constantes,px,acc_anio,1.0
ae,31,2,constantes,px,exacta,1.0
ae,31,2,constantes,px,n_cambios_ok,1.0
ae,31,2,constantes,px,estados_ok,1.0
ae,31,2,constantes,px,err_anio_cambio,
ae,31,2,constantes,px,macro_f1,1.0
ae,31,2,constantes,tipo,acc_anio,1.0
ae,31,2,constantes,tipo,exacta,1.0
ae,31,2,constantes,tipo,n_cambios_ok,1.0
ae,31,2,constantes,tipo,estados_ok,1.0
ae,31,2,constantes,tipo,err_anio_cambio,
ae,31,2,constantes,tipo,macro_f1,1.0
ae,31,2,todas_sin_costura,px,acc_anio,1.0
ae,31,2,todas_sin_costura,px,exacta,1.0
ae,31,2,todas_sin_costura,px,n_cambios_ok,1.0
ae,31,2,todas_sin_costura,px,estados_ok,1.0
ae,31,2,todas_sin_costura,px,err_anio_cambio,0.0
ae,31,2,todas_sin_costura,px,macro_f1,1.0
ae,31,2,todas_sin_costura,tipo,acc_anio,1.0
ae,31,2,todas_sin_costura,tipo,exacta,1.0
ae,31,2,todas_sin_costura,tipo,n_cambios_ok,1.0
ae,31,2,todas_sin_costura,tipo,estados_ok,1.0
ae,31,2,todas_sin_costura,tipo,err_anio_cambio,0.0
ae,31,2,todas_sin_costura,tipo,macro_f1,1.0
ae,31,2,dinamicas_sin_costura,px,acc_anio,1.0
ae,31,2,dinamicas_sin_costura,px,exacta,1.0
ae,31,2,dinamicas_sin_costura,px,n_cambios_ok,1.0
ae,31,2,dinamicas_sin_costura,px,estados_ok,1.0
ae,31,2,dinamicas_sin_costura,px,err_anio_cambio,0.0
ae,31,2,dinamicas_sin_costura,px,macro_f1,1.0
ae,31,2,dinamicas_sin_costura,tipo,acc_anio,1.0
ae,31,2,dinamicas_sin_costura,tipo,exacta,1.0
ae,31,2,dinamicas_sin_costura,tipo,n_cambios_ok,1.0
ae,31,2,dinamicas_sin_costura,tipo,estados_ok,1.0
ae,31,2,dinamicas_sin_costura,tipo,err_anio_cambio,0.0
ae,31,2,dinamicas_sin_costura,tipo,macro_f1,1.0
ae,31,2,todas,tipo,spearman_om,0.2850923290480761
ae,31,2,todas,px,spearman_om,-0.21158585466845023
ae,31,2,todas,tipo,knn10_om,0.6264852433882714
ae,31,2,todas,px,knn10_om,0.27611430891665234
ae,4,0,todas,px,acc_anio,0.9999997836648471
ae,4,0,todas,px,exacta,0.9999953166121237
ae,4,0,todas,px,n_cambios_ok,0.9999979769981363
ae,4,0,todas,px,estados_ok,0.9999974781757589
ae,4,0,todas,px,err_anio_cambio,1.7758237087239965e-05
ae,4,0,todas,px,macro_f1,0.9999991351378623
ae,4,0,todas,px,recall_A,0.9999998239495073
ae,4,0,todas,px,recall_F,0.9999998239335305
ae,4,0,todas,px,recall_G,0.9999994133446378
ae,4,0,todas,px,recall_Wt,0.9999994401103419
ae,4,0,todas,px,recall_U,0.9999918859708435
ae,4,0,todas,px,recall_Sh,0.9999999366217274
ae,4,0,todas,px,recall_Sp,0.9999998186463394
ae,4,0,todas,px,recall_B,0.9999992047853007
ae,4,0,todas,px,recall_Wa,0.999999211974093
ae,4,0,todas,tipo,acc_anio,0.999068567448493
ae,4,0,todas,tipo,exacta,0.9799412290788297
ae,4,0,todas,tipo,n_cambios_ok,0.9918231761850006
ae,4,0,todas,tipo,estados_ok,0.9896512073591415
ae,4,0,todas,tipo,err_anio_cambio,0.005277670070225325
ae,4,0,todas,tipo,macro_f1,0.9989896669687841
ae,4,0,todas,tipo,recall_A,0.9987854479719805
ae,4,0,todas,tipo,recall_F,0.9995432204783395
ae,4,0,todas,tipo,recall_G,0.9991838733371419
ae,4,0,todas,tipo,recall_Wt,0.9991361934926577
ae,4,0,todas,tipo,recall_U,0.9975358747644586
ae,4,0,todas,tipo,recall_Sh,0.9993996698184001
ae,4,0,todas,tipo,recall_Sp,0.9988510149368058
ae,4,0,todas,tipo,recall_B,0.9981935357875208
ae,4,0,todas,tipo,recall_Wa,0.999125975993474
ae,4,0,dinamicas,px,acc_anio,0.9999966730373876
ae,4,0,dinamicas,px,exacta,0.9999279753837761
ae,4,0,dinamicas,px,n_cambios_ok,0.9999688887752406
ae,4,0,dinamicas,px,estados_ok,0.999961217514341
ae,4,0,dinamicas,px,err_anio_cambio,1.7758237087239965e-05
ae,4,0,dinamicas,px,macro_f1,0.9999935899432687
ae,4,0,dinamicas,px,recall_A,0.9999972554405745
ae,4,0,dinamicas,px,recall_F,0.9999987065190148
ae,4,0,dinamicas,px,recall_G,0.9999930442282745
ae,4,0,dinamicas,px,recall_Wt,0.9999951468486956
ae,4,0,dinamicas,px,recall_U,0.9999709148726799
ae,4,0,dinamicas,px,recall_Sh,0.9999986543603434
ae,4,0,dinamicas,px,recall_Sp,0.9999920470163199
ae,4,0,dinamicas,px,recall_B,0.9999923354336935
ae,4,0,dinamicas,px,recall_Wa,0.9999908661931549
ae,4,0,dinamicas,tipo,acc_anio,0.9990674951930615
ae,4,0,dinamicas,tipo,exacta,0.9799181376311077
ae,4,0,dinamicas,tipo,n_cambios_ok,0.99181376311077
ae,4,0,dinamicas,tipo,estados_ok,0.9896392939370683
ae,4,0,dinamicas,tipo,err_anio_cambio,0.005277670070225325
ae,4,0,dinamicas,tipo,macro_f1,0.9989879060411544
ae,4,0,dinamicas,tipo,recall_A,0.998784383569389
ae,4,0,dinamicas,tipo,recall_F,0.9995429616087751
ae,4,0,dinamicas,tipo,recall_G,0.9991828396322778
ae,4,0,dinamicas,tipo,recall_Wt,0.9991346486673589
ae,4,0,dinamicas,tipo,recall_U,0.9975247524752475
ae,4,0,dinamicas,tipo,recall_Sh,0.9993992039452274
ae,4,0,dinamicas,tipo,recall_Sp,0.9988496491429886
ae,4,0,dinamicas,tipo,recall_B,0.9981907975160139
ae,4,0,dinamicas,tipo,recall_Wa,0.9991243943727744
ae,4,0,constantes,px,acc_anio,1.0
ae,4,0,constantes,px,exacta,1.0
ae,4,0,constantes,px,n_cambios_ok,1.0
ae,4,0,constantes,px,estados_ok,1.0
ae,4,0,constantes,px,err_anio_cambio,
ae,4,0,constantes,px,macro_f1,1.0
ae,4,0,constantes,tipo,acc_anio,1.0
ae,4,0,constantes,tipo,exacta,1.0
ae,4,0,constantes,tipo,n_cambios_ok,1.0
ae,4,0,constantes,tipo,estados_ok,1.0
ae,4,0,constantes,tipo,err_anio_cambio,
ae,4,0,constantes,tipo,macro_f1,1.0
ae,4,0,todas_sin_costura,px,acc_anio,0.9999998310971402
ae,4,0,todas_sin_costura,px,exacta,0.9999962958165369
ae,4,0,todas_sin_costura,px,n_cambios_ok,0.9999983567907946
ae,4,0,todas_sin_costura,px,estados_ok,0.9999980504297563
ae,4,0,todas_sin_costura,px,err_anio_cambio,1.553815077544603e-05
ae,4,0,todas_sin_costura,px,macro_f1,0.9999992461319646
ae,4,0,todas_sin_costura,tipo,acc_anio,0.9991438524670826
ae,4,0,todas_sin_costura,tipo,exacta,0.9812385600976204
ae,4,0,todas_sin_costura,tipo,n_cambios_ok,0.9920683343502136
ae,4,0,todas_sin_costura,tipo,estados_ok,0.9905430140329469
ae,4,0,todas_sin_costura,tipo,err_anio_cambio,0.005062965818555642
ae,4,0,todas_sin_costura,tipo,macro_f1,0.9990548697774629
ae,4,0,dinamicas_sin_costura,px,acc_anio,0.9999972011389578
ae,4,0,dinamicas_sin_costura,px,exacta,0.9999386185953351
ae,4,0,dinamicas_sin_costura,px,n_cambios_ok,0.9999727706550734
ae,4,0,dinamicas_sin_costura,px,estados_ok,0.9999676939975447
ae,4,0,dinamicas_sin_costura,px,err_anio_cambio,1.553815077544603e-05
ae,4,0,dinamicas_sin_costura,px,macro_f1,0.9999943012162432
ae,4,0,dinamicas_sin_costura,tipo,acc_anio,0.9991426755421099
ae,4,0,dinamicas_sin_costura,tipo,exacta,0.9812127692072705
ae,4,0,dinamicas_sin_costura,tipo,n_cambios_ok,0.9920574308843745
ae,4,0,dinamicas_sin_costura,tipo,estados_ok,0.9905300137467542
ae,4,0,dinamicas_sin_costura,tipo,err_anio_cambio,0.005062965818555642
ae,4,0,dinamicas_sin_costura,tipo,macro_f1,0.9990528867116417
ae,4,0,todas,tipo,spearman_om,0.6305082231562492
ae,4,0,todas,px,spearman_om,0.10003326628264572
ae,4,0,todas,tipo,knn10_om,0.6444359269196371
ae,4,0,todas,px,knn10_om,0.36835907584730043
ae,4,1,todas,px,acc_anio,0.999999814952989
ae,4,1,todas,px,exacta,0.9999957600097924
ae,4,1,todas,px,n_cambios_ok,0.9999982264093249
ae,4,1,todas,px,estados_ok,0.9999979215734277
ae,4,1,todas,px,err_anio_cambio,1.6905726424147623e-05
ae,4,1,todas,px,macro_f1,0.9999993728535126
ae,4,1,todas,px,recall_A,0.9999999039724585
ae,4,1,todas,px,recall_F,0.9999997494438704
ae,4,1,todas,px,recall_G,0.9999990906841886
ae,4,1,todas,px,recall_Wt,0.9999995579818488
ae,4,1,todas,px,recall_U,0.999996844544217
ae,4,1,todas,px,recall_Sh,0.9999999128548751
ae,4,1,todas,px,recall_Sp,0.9999998872666434
ae,4,1,todas,px,recall_B,0.9999993931256242
ae,4,1,todas,px,recall_Wa,0.9999996059870465
ae,4,1,todas,tipo,acc_anio,0.9992004517035736
ae,4,1,todas,tipo,exacta,0.9821131979046889
ae,4,1,todas,tipo,n_cambios_ok,0.9925897534176569
ae,4,1,todas,tipo,estados_ok,0.9914398875686725
ae,4,1,todas,tipo,err_anio_cambio,0.004859588010149227
ae,4,1,todas,tipo,macro_f1,0.999187556858787
ae,4,1,todas,tipo,recall_A,0.9993503558919896
ae,4,1,todas,tipo,recall_F,0.9993239663079425
ae,4,1,todas,tipo,recall_G,0.99873500367257
ae,4,1,todas,tipo,recall_Wt,0.9993665418946156
ae,4,1,todas,tipo,recall_U,0.9991303087403972
ae,4,1,todas,tipo,recall_Sh,0.9991995597578668
ae,4,1,todas,tipo,recall_Sp,0.9991574109536576
ae,4,1,todas,tipo,recall_B,0.9987794160726492
ae,4,1,todas,tipo,recall_Wa,0.9995921221302878
ae,4,1,dinamicas,px,acc_anio,0.9999971542096664
ae,4,1,dinamicas,px,exacta,0.9999347942823535
ae,4,1,dinamicas,px,n_cambios_ok,0.9999727244056904
ae,4,1,dinamicas,px,estados_ok,0.9999680364129184
ae,4,1,dinamicas,px,err_anio_cambio,1.6905726424147623e-05
ae,4,1,dinamicas,px,macro_f1,0.9999948960474419
ae,4,1,dinamicas,px,recall_A,0.9999985029675861
ae,4,1,dinamicas,px,recall_F,0.9999981592770596
ae,4,1,dinamicas,px,recall_G,0.9999892185538255
ae,4,1,dinamicas,px,recall_Wt,0.9999961685647597
ae,4,1,dinamicas,px,recall_U,0.9999886891171533
ae,4,1,dinamicas,px,recall_Sh,0.9999981497454723
ae,4,1,dinamicas,px,recall_Sp,0.999995056253388
ae,4,1,dinamicas,px,recall_B,0.9999941507257134
ae,4,1,dinamicas,px,recall_Wa,0.9999954330965775
ae,4,1,dinamicas,tipo,acc_anio,0.9991995312719201
ae,4,1,dinamicas,tipo,exacta,0.9820926068048094
ae,4,1,dinamicas,tipo,n_cambios_ok,0.9925812228191353
ae,4,1,dinamicas,tipo,estados_ok,0.9914300332565874
ae,4,1,dinamicas,tipo,err_anio_cambio,0.004859588010149227
ae,4,1,dinamicas,tipo,macro_f1,0.9991862695240301
ae,4,1,dinamicas,tipo,recall_A,0.9993497865603709
ae,4,1,dinamicas,tipo,recall_F,0.9993235831809872
ae,4,1,dinamicas,tipo,recall_G,0.9987334014300306
ae,4,1,dinamicas,tipo,recall_Wt,0.9993654090227299
ae,4,1,dinamicas,tipo,recall_U,0.999126383226558
ae,4,1,dinamicas,tipo,recall_Sh,0.9991989385936366
ae,4,1,dinamicas,tipo,recall_Sp,0.999156409371525
ae,4,1,dinamicas,tipo,recall_B,0.9987775658891985
ae,4,1,dinamicas,tipo,recall_Wa,0.9995913840406281
ae,4,1,constantes,px,acc_anio,1.0
ae,4,1,constantes,px,exacta,1.0
ae,4,1,constantes,px,n_cambios_ok,1.0
ae,4,1,constantes,px,estados_ok,1.0
ae,4,1,constantes,px,err_anio_cambio,
ae,4,1,constantes,px,macro_f1,1.0
ae,4,1,constantes,tipo,acc_anio,1.0
ae,4,1,constantes,tipo,exacta,1.0
ae,4,1,constantes,tipo,n_cambios_ok,1.0
ae,4,1,constantes,tipo,estados_ok,1.0
ae,4,1,constantes,tipo,err_anio_cambio,
ae,4,1,constantes,tipo,macro_f1,1.0
ae,4,1,todas_sin_costura,px,acc_anio,0.9999998544560463
ae,4,1,todas_sin_costura,px,exacta,0.9999967135815891
ae,4,1,todas_sin_costura,px,n_cambios_ok,0.9999986074498259
ae,4,1,todas_sin_costura,px,estados_ok,0.9999983846417981
ae,4,1,todas_sin_costura,px,err_anio_cambio,1.4307326920574027e-05
ae,4,1,todas_sin_costura,px,macro_f1,0.9999995155921536
ae,4,1,todas_sin_costura,tipo,acc_anio,0.9992324194532465
ae,4,1,todas_sin_costura,tipo,exacta,0.9829164124466138
ae,4,1,todas_sin_costura,tipo,n_cambios_ok,0.9929835265405735
ae,4,1,todas_sin_costura,tipo,estados_ok,0.9919158023184869
ae,4,1,todas_sin_costura,tipo,err_anio_cambio,0.0047223077712760485
ae,4,1,todas_sin_costura,tipo,macro_f1,0.9992331614321789
ae,4,1,dinamicas_sin_costura,px,acc_anio,0.999997588215485
ae,4,1,dinamicas_sin_costura,px,exacta,0.9999455413101469
ae,4,1,dinamicas_sin_costura,px,n_cambios_ok,0.9999769242839606
ae,4,1,dinamicas_sin_costura,px,estados_ok,0.9999732321693943
ae,4,1,dinamicas_sin_costura,px,err_anio_cambio,1.4307326920574027e-05
ae,4,1,dinamicas_sin_costura,px,macro_f1,0.9999957612555205
ae,4,1,dinamicas_sin_costura,tipo,acc_anio,0.9992313642791331
ae,4,1,dinamicas_sin_costura,tipo,exacta,0.9828929280586528
ae,4,1,dinamicas_sin_costura,tipo,n_cambios_ok,0.9929738811669467
ae,4,1,dinamicas_sin_costura,tipo,estados_ok,0.9919046891706125
ae,4,1,dinamicas_sin_costura,tipo,err_anio_cambio,0.0047223077712760485
ae,4,1,dinamicas_sin_costura,tipo,macro_f1,0.9992317679323501
ae,4,1,todas,tipo,spearman_om,0.6145243398458082
ae,4,1,todas,px,spearman_om,0.07786857687105322
ae,4,1,todas,tipo,knn10_om,0.6602274179123547
ae,4,1,todas,px,knn10_om,0.2865215782662425
ae,4,2,todas,px,acc_anio,0.9999999097113618
ae,4,2,todas,px,exacta,0.9999976998745933
ae,4,2,todas,px,n_cambios_ok,0.9999988360811195
ae,4,2,todas,px,estados_ok,0.9999985589575765
ae,4,2,todas,px,err_anio_cambio,7.103176767952284e-06
ae,4,2,todas,px,macro_f1,0.9999995367637453
ae,4,2,todas,px,recall_A,0.9999999479850817
ae,4,2,todas,px,recall_F,0.9999998645642543
ae,4,2,todas,px,recall_G,0.9999995893412464
ae,4,2,todas,px,recall_Wt,0.9999997937248628
ae,4,2,todas,px,recall_U,0.999996844544217
ae,4,2,todas,px,recall_Sh,0.9999999683108637
ae,4,2,todas,px,recall_Sp,0.999999916675345
ae,4,2,todas,px,recall_B,0.9999998325863791
ae,4,2,todas,px,recall_Wa,0.9999998522451424
ae,4,2,todas,tipo,acc_anio,0.9996043472347581
ae,4,2,todas,tipo,exacta,0.9900344959754696
ae,4,2,todas,tipo,n_cambios_ok,0.9950172479877347
ae,4,2,todas,tipo,estados_ok,0.9939951450108598
ae,4,2,todas,tipo,err_anio_cambio,0.0021447261184746706
ae,4,2,todas,tipo,macro_f1,0.9995479856554543
ae,4,2,todas,tipo,recall_A,0.9996893006439951
ae,4,2,todas,tipo,recall_F,0.999652847563538
ae,4,2,todas,tipo,recall_G,0.9994695176691423
ae,4,2,todas,tipo,recall_Wt,0.999654477397063
ae,4,2,todas,tipo,recall_U,0.99898536019713
ae,4,2,todas,tipo,recall_Sh,0.9996998349092001
ae,4,2,todas,tipo,recall_Sp,0.99934890846419
ae,4,2,todas,tipo,recall_B,0.9996094131432477
ae,4,2,todas,tipo,recall_Wa,0.9998251951986948
ae,4,2,dinamicas,px,acc_anio,0.9999986114742815
ae,4,2,dinamicas,px,exacta,0.9999646269636298
ae,4,2,dinamicas,px,n_cambios_ok,0.9999821003912343
ae,4,2,dinamicas,px,estados_ok,0.9999778385796234
ae,4,2,dinamicas,px,err_anio_cambio,7.103176767952284e-06
ae,4,2,dinamicas,px,macro_f1,0.9999970274936655
ae,4,2,dinamicas,px,recall_A,0.9999991891074425
ae,4,2,dinamicas,px,recall_F,0.9999990050146268
ae,4,2,dinamicas,px,recall_G,0.9999951309597922
ae,4,2,dinamicas,px,recall_Wt,0.9999982119968879
ae,4,2,dinamicas,px,recall_U,0.9999886891171533
ae,4,2,dinamicas,px,recall_Sh,0.9999993271801717
ae,4,2,dinamicas,px,recall_Sp,0.9999963459264173
ae,4,2,dinamicas,px,recall_B,0.9999983864070934
ae,4,2,dinamicas,px,recall_Wa,0.9999982874112165
ae,4,2,dinamicas,tipo,acc_anio,0.9996038917634243
ae,4,2,dinamicas,tipo,exacta,0.990023023791251
ae,4,2,dinamicas,tipo,n_cambios_ok,0.9950115118956255
ae,4,2,dinamicas,tipo,estados_ok,0.9939882322844718
ae,4,2,dinamicas,tipo,err_anio_cambio,0.0021447261184746706
ae,4,2,dinamicas,tipo,macro_f1,0.9995470875580273
ae,4,2,dinamicas,tipo,recall_A,0.99968902835496
ae,4,2,dinamicas,tipo,recall_F,0.9996526508226691
ae,4,2,dinamicas,tipo,recall_G,0.9994688457609806
ae,4,2,dinamicas,tipo,recall_Wt,0.9996538594669436
ae,4,2,dinamicas,tipo,recall_U,0.9989807804309843
ae,4,2,dinamicas,tipo,recall_Sh,0.9996996019726138
ae,4,2,dinamicas,tipo,recall_Sp,0.9993481345143602
ae,4,2,dinamicas,tipo,recall_B,0.9996088210845435
ae,4,2,dinamicas,tipo,recall_Wa,0.9998248788745548
ae,4,2,constantes,px,acc_anio,1.0
ae,4,2,constantes,px,exacta,1.0
ae,4,2,constantes,px,n_cambios_ok,1.0
ae,4,2,constantes,px,estados_ok,1.0
ae,4,2,constantes,px,err_anio_cambio,
ae,4,2,constantes,px,macro_f1,1.0
ae,4,2,constantes,tipo,acc_anio,1.0
ae,4,2,constantes,tipo,exacta,1.0
ae,4,2,constantes,tipo,n_cambios_ok,1.0
ae,4,2,constantes,tipo,estados_ok,1.0
ae,4,2,constantes,tipo,err_anio_cambio,
ae,4,2,constantes,tipo,macro_f1,1.0
ae,4,2,todas_sin_costura,px,acc_anio,0.9999999326185399
ae,4,2,todas_sin_costura,px,exacta,0.9999982175357772
ae,4,2,todas_sin_costura,px,n_cambios_ok,0.9999991087678886
ae,4,2,todas_sin_costura,px,estados_ok,0.9999989138108643
ae,4,2,todas_sin_costura,px,err_anio_cambio,6.538237226630533e-06
ae,4,2,todas_sin_costura,px,macro_f1,0.9999996145475806
ae,4,2,todas_sin_costura,tipo,acc_anio,0.9996506524434647
ae,4,2,todas_sin_costura,tipo,exacta,0.9908480780964003
ae,4,2,todas_sin_costura,tipo,n_cambios_ok,0.9955765710799268
ae,4,2,todas_sin_costura,tipo,estados_ok,0.9946613788895668
ae,4,2,todas_sin_costura,tipo,err_anio_cambio,0.0021754709254709257
ae,4,2,todas_sin_costura,tipo,macro_f1,0.9995968092474422
ae,4,2,dinamicas_sin_costura,px,acc_anio,0.9999988834330948
ae,4,2,dinamicas_sin_costura,px,exacta,0.9999704630834695
ae,4,2,dinamicas_sin_costura,px,n_cambios_ok,0.9999852315417347
ae,4,2,dinamicas_sin_costura,px,estados_ok,0.9999820009414893
ae,4,2,dinamicas_sin_costura,px,err_anio_cambio,6.538237226630533e-06
ae,4,2,dinamicas_sin_costura,px,macro_f1,0.9999974939833981
ae,4,2,dinamicas_sin_costura,tipo,acc_anio,0.9996501722039645
ae,4,2,dinamicas_sin_costura,tipo,exacta,0.9908354971742783
ae,4,2,dinamicas_sin_costura,tipo,n_cambios_ok,0.9955704903009012
ae,4,2,dinamicas_sin_costura,tipo,estados_ok,0.994654040018329
ae,4,2,dinamicas_sin_costura,tipo,err_anio_cambio,0.0021754709254709257
ae,4,2,dinamicas_sin_costura,tipo,macro_f1,0.9995958672720913
ae,4,2,todas,tipo,spearman_om,0.6167377210186715
ae,4,2,todas,px,spearman_om,0.2027616820716959
ae,4,2,todas,tipo,knn10_om,0.6417273540309186
ae,4,2,todas,px,knn10_om,0.34173488316706996
ae,7,0,todas,px,acc_anio,0.9999999973181594
ae,7,0,todas,px,exacta,0.9999999168629371
ae,7,0,todas,px,n_cambios_ok,0.9999999722876457
ae,7,0,todas,px,estados_ok,0.9999999722876457
ae,7,0,todas,px,err_anio_cambio,3.5515111893201225e-07
ae,7,0,todas,px,macro_f1,0.9999999945411155
ae,7,0,todas,px,recall_A,1.0
ae,7,0,todas,px,recall_F,0.9999999932282128
ae,7,0,todas,px,recall_G,1.0
ae,7,0,todas,px,recall_Wt,1.0
ae,7,0,todas,px,recall_U,1.0
ae,7,0,todas,px,recall_Sh,1.0
ae,7,0,todas,px,recall_Sp,0.9999999950985498
ae,7,0,todas,px,recall_B,1.0
ae,7,0,todas,px,recall_Wa,0.9999999507483808
ae,7,0,todas,tipo,acc_anio,0.9999876358510862
ae,7,0,todas,tipo,exacta,0.9996167113836719
ae,7,0,todas,tipo,n_cambios_ok,0.9998722371278906
ae,7,0,todas,tipo,estados_ok,0.9998722371278906
ae,7,0,todas,tipo,err_anio_cambio,0.00010660526203573408
ae,7,0,todas,tipo,macro_f1,0.9999882146530498
ae,7,0,todas,tipo,recall_A,1.0
ae,7,0,todas,tipo,recall_F,0.9999817288191336
ae,7,0,todas,tipo,recall_G,1.0
ae,7,0,todas,tipo,recall_Wt,1.0
ae,7,0,todas,tipo,recall_U,1.0
ae,7,0,todas,tipo,recall_Sh,1.0
ae,7,0,todas,tipo,recall_Sp,0.9999617004978936
ae,7,0,todas,tipo,recall_B,1.0
ae,7,0,todas,tipo,recall_Wa,0.9999417317328982
ae,7,0,dinamicas,px,acc_anio,0.9999999587566619
ae,7,0,dinamicas,px,exacta,0.9999987214565167
ae,7,0,dinamicas,px,n_cambios_ok,0.9999995738188389
ae,7,0,dinamicas,px,estados_ok,0.9999995738188389
ae,7,0,dinamicas,px,err_anio_cambio,3.5515111893201225e-07
ae,7,0,dinamicas,px,macro_f1,0.9999999273278273
ae,7,0,dinamicas,px,recall_A,1.0
ae,7,0,dinamicas,px,recall_F,0.9999999502507313
ae,7,0,dinamicas,px,recall_G,1.0
ae,7,0,dinamicas,px,recall_Wt,1.0
ae,7,0,dinamicas,px,recall_U,1.0
ae,7,0,dinamicas,px,recall_Sh,1.0
ae,7,0,dinamicas,px,recall_Sp,0.9999997850544952
ae,7,0,dinamicas,px,recall_B,1.0
ae,7,0,dinamicas,px,recall_Wa,0.9999994291370722
ae,7,0,dinamicas,tipo,acc_anio,0.999987621617607
ae,7,0,dinamicas,tipo,exacta,0.9996162701458173
ae,7,0,dinamicas,tipo,n_cambios_ok,0.9998720900486058
ae,7,0,dinamicas,tipo,estados_ok,0.9998720900486058
ae,7,0,dinamicas,tipo,err_anio_cambio,0.00010660526203573408
ae,7,0,dinamicas,tipo,macro_f1,0.9999882000687088
ae,7,0,dinamicas,tipo,recall_A,1.0
ae,7,0,dinamicas,tipo,recall_F,0.999981718464351
ae,7,0,dinamicas,tipo,recall_G,1.0
ae,7,0,dinamicas,tipo,recall_Wt,1.0
ae,7,0,dinamicas,tipo,recall_U,1.0
ae,7,0,dinamicas,tipo,recall_Sh,1.0
ae,7,0,dinamicas,tipo,recall_Sp,0.999961654971433
ae,7,0,dinamicas,tipo,recall_B,1.0
ae,7,0,dinamicas,tipo,recall_Wa,0.9999416262915183
ae,7,0,constantes,px,acc_anio,1.0
ae,7,0,constantes,px,exacta,1.0
ae,7,0,constantes,px,n_cambios_ok,1.0
ae,7,0,constantes,px,estados_ok,1.0
ae,7,0,constantes,px,err_anio_cambio,
ae,7,0,constantes,px,macro_f1,1.0
ae,7,0,constantes,tipo,acc_anio,1.0
ae,7,0,constantes,tipo,exacta,1.0
ae,7,0,constantes,tipo,n_cambios_ok,1.0
ae,7,0,constantes,tipo,estados_ok,1.0
ae,7,0,constantes,tipo,err_anio_cambio,
ae,7,0,constantes,tipo,macro_f1,1.0
ae,7,0,todas_sin_costura,px,acc_anio,0.9999999991015806
ae,7,0,todas_sin_costura,px,exacta,0.9999999721489965
ae,7,0,todas_sin_costura,px,n_cambios_ok,1.0
ae,7,0,todas_sin_costura,px,estados_ok,1.0
ae,7,0,todas_sin_costura,px,err_anio_cambio,2.3075716039468705e-07
ae,7,0,todas_sin_costura,px,macro_f1,0.9999999970137381
ae,7,0,todas_sin_costura,tipo,acc_anio,0.9999950796118798
ae,7,0,todas_sin_costura,tipo,exacta,0.9998474679682733
ae,7,0,todas_sin_costura,tipo,n_cambios_ok,1.0
ae,7,0,todas_sin_costura,tipo,estados_ok,1.0
ae,7,0,todas_sin_costura,tipo,err_anio_cambio,7.63708568810142e-05
ae,7,0,todas_sin_costura,tipo,macro_f1,0.9999943541409952
ae,7,0,dinamicas_sin_costura,px,acc_anio,0.9999999851124413
ae,7,0,dinamicas_sin_costura,px,exacta,0.9999995384856792
ae,7,0,dinamicas_sin_costura,px,n_cambios_ok,1.0
ae,7,0,dinamicas_sin_costura,px,estados_ok,1.0
ae,7,0,dinamicas_sin_costura,px,err_anio_cambio,2.3075716039468705e-07
ae,7,0,dinamicas_sin_costura,px,macro_f1,0.9999999605066378
ae,7,0,dinamicas_sin_costura,tipo,acc_anio,0.9999950728479432
ae,7,0,dinamicas_sin_costura,tipo,exacta,0.999847258286238
ae,7,0,dinamicas_sin_costura,tipo,n_cambios_ok,1.0
ae,7,0,dinamicas_sin_costura,tipo,estados_ok,1.0
ae,7,0,dinamicas_sin_costura,tipo,err_anio_cambio,7.63708568810142e-05
ae,7,0,dinamicas_sin_costura,tipo,macro_f1,0.9999943442383383
ae,7,0,todas,tipo,spearman_om,0.44844306697142067
ae,7,0,todas,px,spearman_om,-0.2785046892332416
ae,7,0,todas,tipo,knn10_om,0.6667177718155104
ae,7,0,todas,px,knn10_om,0.3391977672488691
ae,7,1,todas,px,acc_anio,1.0
ae,7,1,todas,px,exacta,1.0
ae,7,1,todas,px,n_cambios_ok,1.0
ae,7,1,todas,px,estados_ok,1.0
ae,7,1,todas,px,err_anio_cambio,0.0
ae,7,1,todas,px,macro_f1,1.0
ae,7,1,todas,px,recall_A,1.0
ae,7,1,todas,px,recall_F,1.0
ae,7,1,todas,px,recall_G,1.0
ae,7,1,todas,px,recall_Wt,1.0
ae,7,1,todas,px,recall_U,1.0
ae,7,1,todas,px,recall_Sh,1.0
ae,7,1,todas,px,recall_Sp,1.0
ae,7,1,todas,px,recall_B,1.0
ae,7,1,todas,px,recall_Wa,1.0
ae,7,1,todas,tipo,acc_anio,1.0
ae,7,1,todas,tipo,exacta,1.0
ae,7,1,todas,tipo,n_cambios_ok,1.0
ae,7,1,todas,tipo,estados_ok,1.0
ae,7,1,todas,tipo,err_anio_cambio,0.0
ae,7,1,todas,tipo,macro_f1,1.0
ae,7,1,todas,tipo,recall_A,1.0
ae,7,1,todas,tipo,recall_F,1.0
ae,7,1,todas,tipo,recall_G,1.0
ae,7,1,todas,tipo,recall_Wt,1.0
ae,7,1,todas,tipo,recall_U,1.0
ae,7,1,todas,tipo,recall_Sh,1.0
ae,7,1,todas,tipo,recall_Sp,1.0
ae,7,1,todas,tipo,recall_B,1.0
ae,7,1,todas,tipo,recall_Wa,1.0
ae,7,1,dinamicas,px,acc_anio,1.0
ae,7,1,dinamicas,px,exacta,1.0
ae,7,1,dinamicas,px,n_cambios_ok,1.0
ae,7,1,dinamicas,px,estados_ok,1.0
ae,7,1,dinamicas,px,err_anio_cambio,0.0
ae,7,1,dinamicas,px,macro_f1,1.0
ae,7,1,dinamicas,px,recall_A,1.0
ae,7,1,dinamicas,px,recall_F,1.0
ae,7,1,dinamicas,px,recall_G,1.0
ae,7,1,dinamicas,px,recall_Wt,1.0
ae,7,1,dinamicas,px,recall_U,1.0
ae,7,1,dinamicas,px,recall_Sh,1.0
ae,7,1,dinamicas,px,recall_Sp,1.0
ae,7,1,dinamicas,px,recall_B,1.0
ae,7,1,dinamicas,px,recall_Wa,1.0
ae,7,1,dinamicas,tipo,acc_anio,1.0
ae,7,1,dinamicas,tipo,exacta,1.0
ae,7,1,dinamicas,tipo,n_cambios_ok,1.0
ae,7,1,dinamicas,tipo,estados_ok,1.0
ae,7,1,dinamicas,tipo,err_anio_cambio,0.0
ae,7,1,dinamicas,tipo,macro_f1,1.0
ae,7,1,dinamicas,tipo,recall_A,1.0
ae,7,1,dinamicas,tipo,recall_F,1.0
ae,7,1,dinamicas,tipo,recall_G,1.0
ae,7,1,dinamicas,tipo,recall_Wt,1.0
ae,7,1,dinamicas,tipo,recall_U,1.0
ae,7,1,dinamicas,tipo,recall_Sh,1.0
ae,7,1,dinamicas,tipo,recall_Sp,1.0
ae,7,1,dinamicas,tipo,recall_B,1.0
ae,7,1,dinamicas,tipo,recall_Wa,1.0
ae,7,1,constantes,px,acc_anio,1.0
ae,7,1,constantes,px,exacta,1.0
ae,7,1,constantes,px,n_cambios_ok,1.0
ae,7,1,constantes,px,estados_ok,1.0
ae,7,1,constantes,px,err_anio_cambio,
ae,7,1,constantes,px,macro_f1,1.0
ae,7,1,constantes,tipo,acc_anio,1.0
ae,7,1,constantes,tipo,exacta,1.0
ae,7,1,constantes,tipo,n_cambios_ok,1.0
ae,7,1,constantes,tipo,estados_ok,1.0
ae,7,1,constantes,tipo,err_anio_cambio,
ae,7,1,constantes,tipo,macro_f1,1.0
ae,7,1,todas_sin_costura,px,acc_anio,1.0
ae,7,1,todas_sin_costura,px,exacta,1.0
ae,7,1,todas_sin_costura,px,n_cambios_ok,1.0
ae,7,1,todas_sin_costura,px,estados_ok,1.0
ae,7,1,todas_sin_costura,px,err_anio_cambio,0.0
ae,7,1,todas_sin_costura,px,macro_f1,1.0
ae,7,1,todas_sin_costura,tipo,acc_anio,1.0
ae,7,1,todas_sin_costura,tipo,exacta,1.0
ae,7,1,todas_sin_costura,tipo,n_cambios_ok,1.0
ae,7,1,todas_sin_costura,tipo,estados_ok,1.0
ae,7,1,todas_sin_costura,tipo,err_anio_cambio,0.0
ae,7,1,todas_sin_costura,tipo,macro_f1,1.0
ae,7,1,dinamicas_sin_costura,px,acc_anio,1.0
ae,7,1,dinamicas_sin_costura,px,exacta,1.0
ae,7,1,dinamicas_sin_costura,px,n_cambios_ok,1.0
ae,7,1,dinamicas_sin_costura,px,estados_ok,1.0
ae,7,1,dinamicas_sin_costura,px,err_anio_cambio,0.0
ae,7,1,dinamicas_sin_costura,px,macro_f1,1.0
ae,7,1,dinamicas_sin_costura,tipo,acc_anio,1.0
ae,7,1,dinamicas_sin_costura,tipo,exacta,1.0
ae,7,1,dinamicas_sin_costura,tipo,n_cambios_ok,1.0
ae,7,1,dinamicas_sin_costura,tipo,estados_ok,1.0
ae,7,1,dinamicas_sin_costura,tipo,err_anio_cambio,0.0
ae,7,1,dinamicas_sin_costura,tipo,macro_f1,1.0
ae,7,1,todas,tipo,spearman_om,0.4439286706824758
ae,7,1,todas,px,spearman_om,0.04392626626036057
ae,7,1,todas,tipo,knn10_om,0.6740769132490099
ae,7,1,todas,px,knn10_om,0.3054299559298743
ae,7,2,todas,px,acc_anio,0.9999999982121063
ae,7,2,todas,px,exacta,0.9999999445752914
ae,7,2,todas,px,n_cambios_ok,1.0
ae,7,2,todas,px,estados_ok,1.0
ae,7,2,todas,px,err_anio_cambio,2.8412077405863684e-07
ae,7,2,todas,px,macro_f1,0.9999999961961978
ae,7,2,todas,px,recall_A,1.0
ae,7,2,todas,px,recall_F,1.0
ae,7,2,todas,px,recall_G,0.9999999413344638
ae,7,2,todas,px,recall_Wt,1.0
ae,7,2,todas,px,recall_U,1.0
ae,7,2,todas,px,recall_Sh,1.0
ae,7,2,todas,px,recall_Sp,1.0
ae,7,2,todas,px,recall_B,1.0
ae,7,2,todas,px,recall_Wa,1.0
ae,7,2,todas,tipo,acc_anio,0.9999917572340574
ae,7,2,todas,tipo,exacta,0.9997444742557813
ae,7,2,todas,tipo,n_cambios_ok,1.0
ae,7,2,todas,tipo,estados_ok,1.0
ae,7,2,todas,tipo,err_anio_cambio,8.527330092947898e-05
ae,7,2,todas,tipo,macro_f1,0.9999912104407025
ae,7,2,todas,tipo,recall_A,1.0
ae,7,2,todas,tipo,recall_F,1.0
ae,7,2,todas,tipo,recall_G,0.9999183873337142
ae,7,2,todas,tipo,recall_Wt,1.0
ae,7,2,todas,tipo,recall_U,1.0
ae,7,2,todas,tipo,recall_Sh,1.0
ae,7,2,todas,tipo,recall_Sp,1.0
ae,7,2,todas,tipo,recall_B,1.0
ae,7,2,todas,tipo,recall_Wa,1.0
ae,7,2,dinamicas,px,acc_anio,0.9999999725044413
ae,7,2,dinamicas,px,exacta,0.9999991476376778
ae,7,2,dinamicas,px,n_cambios_ok,1.0
ae,7,2,dinamicas,px,estados_ok,1.0
ae,7,2,dinamicas,px,err_anio_cambio,2.8412077405863684e-07
ae,7,2,dinamicas,px,macro_f1,0.9999999374739816
ae,7,2,dinamicas,px,recall_A,1.0
ae,7,2,dinamicas,px,recall_F,1.0
ae,7,2,dinamicas,px,recall_G,0.9999993044228275
ae,7,2,dinamicas,px,recall_Wt,1.0
ae,7,2,dinamicas,px,recall_U,1.0
ae,7,2,dinamicas,px,recall_Sh,1.0
ae,7,2,dinamicas,px,recall_Sp,1.0
ae,7,2,dinamicas,px,recall_B,1.0
ae,7,2,dinamicas,px,recall_Wa,1.0
ae,7,2,dinamicas,tipo,acc_anio,0.9999917477450714
ae,7,2,dinamicas,tipo,exacta,0.9997441800972116
ae,7,2,dinamicas,tipo,n_cambios_ok,1.0
ae,7,2,dinamicas,tipo,estados_ok,1.0
ae,7,2,dinamicas,tipo,err_anio_cambio,8.527330092947898e-05
ae,7,2,dinamicas,tipo,macro_f1,0.9999911996393206
ae,7,2,dinamicas,tipo,recall_A,1.0
ae,7,2,dinamicas,tipo,recall_F,1.0
ae,7,2,dinamicas,tipo,recall_G,0.9999182839632278
ae,7,2,dinamicas,tipo,recall_Wt,1.0
ae,7,2,dinamicas,tipo,recall_U,1.0
ae,7,2,dinamicas,tipo,recall_Sh,1.0
ae,7,2,dinamicas,tipo,recall_Sp,1.0
ae,7,2,dinamicas,tipo,recall_B,1.0
ae,7,2,dinamicas,tipo,recall_Wa,1.0
ae,7,2,constantes,px,acc_anio,1.0
ae,7,2,constantes,px,exacta,1.0
ae,7,2,constantes,px,n_cambios_ok,1.0
ae,7,2,constantes,px,estados_ok,1.0
ae,7,2,constantes,px,err_anio_cambio,
ae,7,2,constantes,px,macro_f1,1.0
ae,7,2,constantes,tipo,acc_anio,1.0
ae,7,2,constantes,tipo,exacta,1.0
ae,7,2,constantes,tipo,n_cambios_ok,1.0
ae,7,2,constantes,tipo,estados_ok,1.0
ae,7,2,constantes,tipo,err_anio_cambio,
ae,7,2,constantes,tipo,macro_f1,1.0
ae,7,2,todas_sin_costura,px,acc_anio,0.9999999991015806
ae,7,2,todas_sin_costura,px,exacta,0.9999999721489965
ae,7,2,todas_sin_costura,px,n_cambios_ok,1.0
ae,7,2,todas_sin_costura,px,estados_ok,1.0
ae,7,2,todas_sin_costura,px,err_anio_cambio,1.5383810692979137e-07
ae,7,2,todas_sin_costura,px,macro_f1,0.9999999980877171
ae,7,2,todas_sin_costura,tipo,acc_anio,0.9999950796118798
ae,7,2,todas_sin_costura,tipo,exacta,0.9998474679682733
ae,7,2,todas_sin_costura,tipo,n_cambios_ok,1.0
ae,7,2,todas_sin_costura,tipo,estados_ok,1.0
ae,7,2,todas_sin_costura,tipo,err_anio_cambio,5.09139045873428e-05
ae,7,2,todas_sin_costura,tipo,macro_f1,0.9999947519114829
ae,7,2,dinamicas_sin_costura,px,acc_anio,0.9999999851124413
ae,7,2,dinamicas_sin_costura,px,exacta,0.9999995384856792
ae,7,2,dinamicas_sin_costura,px,n_cambios_ok,1.0
ae,7,2,dinamicas_sin_costura,px,estados_ok,1.0
ae,7,2,dinamicas_sin_costura,px,err_anio_cambio,1.5383810692979137e-07
ae,7,2,dinamicas_sin_costura,px,macro_f1,0.9999999661419555
ae,7,2,dinamicas_sin_costura,tipo,acc_anio,0.9999950728479432
ae,7,2,dinamicas_sin_costura,tipo,exacta,0.999847258286238
ae,7,2,dinamicas_sin_costura,tipo,n_cambios_ok,1.0
ae,7,2,dinamicas_sin_costura,tipo,estados_ok,1.0
ae,7,2,dinamicas_sin_costura,tipo,err_anio_cambio,5.09139045873428e-05
ae,7,2,dinamicas_sin_costura,tipo,macro_f1,0.9999947442126802
ae,7,2,todas,tipo,spearman_om,0.49285755873810394
ae,7,2,todas,px,spearman_om,-0.010358952102710678
ae,7,2,todas,tipo,knn10_om,0.6713300114986585
ae,7,2,todas,px,knn10_om,0.2268440431005812
lin,10,0,todas,px,acc_anio,0.9999307182203087
lin,10,0,todas,px,exacta,0.99829926510439
lin,10,0,todas,px,n_cambios_ok,0.9996386863246653
lin,10,0,todas,px,estados_ok,0.9995387278627132
lin,10,0,todas,px,err_anio_cambio,0.018127430045104496
lin,10,0,todas,px,macro_f1,0.9998099595490237
lin,10,0,todas,px,recall_A,0.9998490086944857
lin,10,0,todas,px,recall_F,0.999956125590163
lin,10,0,todas,px,recall_G,0.9997341277898469
lin,10,0,todas,px,recall_Wt,0.9998960078629725
lin,10,0,todas,px,recall_U,0.9984578836808843
lin,10,0,todas,px,recall_Sh,0.9999809838774388
lin,10,0,todas,px,recall_Sp,0.9999811098105875
lin,10,0,todas,px,recall_B,0.9999380151068611
lin,10,0,todas,px,recall_Wa,0.9998397352311755
lin,10,0,todas,tipo,acc_anio,0.9616051962396502
lin,10,0,todas,tipo,exacta,0.522550146927303
lin,10,0,todas,tipo,n_cambios_ok,0.7750095822154082
lin,10,0,todas,tipo,estados_ok,0.7513734508751757
lin,10,0,todas,tipo,err_anio_cambio,0.24122956403269755
lin,10,0,todas,tipo,macro_f1,0.9592396885740211
lin,10,0,todas,tipo,recall_A,0.965371144503446
lin,10,0,todas,tipo,recall_F,0.9712777036779887
lin,10,0,todas,tipo,recall_G,0.952950297886232
lin,10,0,todas,tipo,recall_Wt,0.9516268355888281
lin,10,0,todas,tipo,recall_U,0.9615886360342079
lin,10,0,todas,tipo,recall_Sh,0.9591525338936415
lin,10,0,todas,tipo,recall_Sp,0.9638452700114899
lin,10,0,todas,tipo,recall_B,0.9635289522507567
lin,10,0,todas,tipo,recall_Wa,0.9454609019927748
lin,10,0,dinamicas,px,acc_anio,0.9989345333495008
lin,10,0,dinamicas,px,exacta,0.9738448359628711
lin,10,0,dinamicas,px,n_cambios_ok,0.9944434500217353
lin,10,0,dinamicas,px,estados_ok,0.992906214573691
lin,10,0,dinamicas,px,err_anio_cambio,0.018127430045104496
lin,10,0,dinamicas,px,macro_f1,0.9985025418909493
lin,10,0,dinamicas,px,recall_A,0.9976461036581422
lin,10,0,dinamicas,px,recall_F,0.9996776744883462
lin,10,0,dinamicas,px,recall_G,0.9968476442540108
lin,10,0,dinamicas,px,recall_Wt,0.9990985910024618
lin,10,0,dinamicas,px,recall_U,0.9944722099687658
lin,10,0,dinamicas,px,recall_Sh,0.9995962520347192
lin,10,0,dinamicas,px,recall_Sp,0.9991716000242459
lin,10,0,dinamicas,px,recall_B,0.9994025672263145
lin,10,0,dinamicas,px,recall_Wa,0.9981424120328771
lin,10,0,dinamicas,tipo,acc_anio,0.9615609965423052
lin,10,0,dinamicas,tipo,exacta,0.5220005116398055
lin,10,0,dinamicas,tipo,n_cambios_ok,0.7747505755947812
lin,10,0,dinamicas,tipo,estados_ok,0.7510872345868509
lin,10,0,dinamicas,tipo,err_anio_cambio,0.24122956403269755
lin,10,0,dinamicas,tipo,macro_f1,0.959171775664799
lin,10,0,dinamicas,tipo,recall_A,0.9653407966528142
lin,10,0,dinamicas,tipo,recall_F,0.9712614259597806
lin,10,0,dinamicas,tipo,recall_G,0.9528907048008172
lin,10,0,dinamicas,tipo,recall_Wt,0.9515403253721011
lin,10,0,dinamicas,tipo,recall_U,0.9614152591729761
lin,10,0,dinamicas,tipo,recall_Sh,0.9591208351065161
lin,10,0,dinamicas,tipo,recall_Sp,0.9638022930327083
lin,10,0,dinamicas,tipo,recall_B,0.9634736687692533
lin,10,0,dinamicas,tipo,recall_Wa,0.945362208861129
lin,10,0,constantes,px,acc_anio,1.0
lin,10,0,constantes,px,exacta,1.0
lin,10,0,constantes,px,n_cambios_ok,1.0
lin,10,0,constantes,px,estados_ok,1.0
lin,10,0,constantes,px,err_anio_cambio,
lin,10,0,constantes,px,macro_f1,1.0
lin,10,0,constantes,tipo,acc_anio,1.0
lin,10,0,constantes,tipo,exacta,1.0
lin,10,0,constantes,tipo,n_cambios_ok,1.0
lin,10,0,constantes,tipo,estados_ok,1.0
lin,10,0,constantes,tipo,err_anio_cambio,
lin,10,0,constantes,tipo,macro_f1,1.0
lin,10,0,todas_sin_costura,px,acc_anio,0.9999368518924936
lin,10,0,todas_sin_costura,px,exacta,0.998381076869633
lin,10,0,todas_sin_costura,px,n_cambios_ok,0.9996740597062571
lin,10,0,todas_sin_costura,px,estados_ok,0.9995779737442463
lin,10,0,todas_sin_costura,px,err_anio_cambio,0.01908269106742634
lin,10,0,todas_sin_costura,px,macro_f1,0.9998232486021605
lin,10,0,todas_sin_costura,tipo,acc_anio,0.9630675667696668
lin,10,0,todas_sin_costura,tipo,exacta,0.5273032336790726
lin,10,0,todas_sin_costura,tipo,n_cambios_ok,0.7826418547895058
lin,10,0,todas_sin_costura,tipo,estados_ok,0.7609823062843197
lin,10,0,todas_sin_costura,tipo,err_anio_cambio,0.24521419009370812
lin,10,0,todas_sin_costura,tipo,macro_f1,0.9608242745832012
lin,10,0,dinamicas_sin_costura,px,acc_anio,0.9989535832716245
lin,10,0,dinamicas_sin_costura,px,exacta,0.9731730955611553
lin,10,0,dinamicas_sin_costura,px,n_cambios_ok,0.994598897903802
lin,10,0,dinamicas_sin_costura,px,estados_ok,0.9930066734970786
lin,10,0,dinamicas_sin_costura,px,err_anio_cambio,0.01908269106742634
lin,10,0,dinamicas_sin_costura,px,macro_f1,0.998549070838968
lin,10,0,dinamicas_sin_costura,tipo,acc_anio,0.9630167966613618
lin,10,0,dinamicas_sin_costura,tipo,exacta,0.5266534290514739
lin,10,0,dinamicas_sin_costura,tipo,n_cambios_ok,0.7823430578891095
lin,10,0,dinamicas_sin_costura,tipo,estados_ok,0.7606537345349015
lin,10,0,dinamicas_sin_costura,tipo,err_anio_cambio,0.24521419009370812
lin,10,0,dinamicas_sin_costura,tipo,macro_f1,0.9607477928974775
lin,10,0,todas,tipo,spearman_om,0.6939197891998036
lin,10,0,todas,px,spearman_om,0.5558908328701373
lin,10,0,todas,tipo,knn10_om,0.6840040884119075
lin,10,0,todas,px,knn10_om,0.5919178664568804
lin,10,1,todas,px,acc_anio,0.9999623576833945
lin,10,1,todas,px,exacta,0.9992091448330496
lin,10,1,todas,px,n_cambios_ok,0.99964264919133
lin,10,1,todas,px,estados_ok,0.9996147428505521
lin,10,1,todas,px,err_anio_cambio,0.00529563616086421
lin,10,1,todas,px,macro_f1,0.9998996550419371
lin,10,1,todas,px,recall_A,0.9999615489719376
lin,10,1,todas,px,recall_F,0.9999430560406977
lin,10,1,todas,px,recall_G,0.9998652452633006
lin,10,1,todas,px,recall_Wt,0.9999127161490861
lin,10,1,todas,px,recall_U,0.9996001586743479
lin,10,1,todas,px,recall_Sh,0.9999806062485642
lin,10,1,todas,px,recall_Sp,0.9999853103534849
lin,10,1,todas,px,recall_B,0.999952287118043
lin,10,1,todas,px,recall_Wa,0.9998510138519686
lin,10,1,todas,tipo,acc_anio,0.9669794796341861
lin,10,1,todas,tipo,exacta,0.5629232145138623
lin,10,1,todas,tipo,n_cambios_ok,0.7972403219624378
lin,10,1,todas,tipo,estados_ok,0.7760316851922832
lin,10,1,todas,tipo,err_anio_cambio,0.20945314646881014
lin,10,1,todas,tipo,macro_f1,0.9662636350789902
lin,10,1,todas,tipo,recall_A,0.9689300643995029
lin,10,1,todas,tipo,recall_F,0.964974146279074
lin,10,1,todas,tipo,recall_G,0.9587447971925243
lin,10,1,todas,tipo,recall_Wt,0.9651022171033689
lin,10,1,todas,tipo,recall_U,0.9786925641397304
lin,10,1,todas,tipo,recall_Sh,0.9721847015858722
lin,10,1,todas,tipo,recall_Sp,0.9679816162389889
lin,10,1,todas,tipo,recall_B,0.9735377404550337
lin,10,1,todas,tipo,recall_Wa,0.9568232140776133
lin,10,1,dinamicas,px,acc_anio,0.999421108505449
lin,10,1,dinamicas,px,exacta,0.9878376420248719
lin,10,1,dinamicas,px,n_cambios_ok,0.9945043939277708
lin,10,1,dinamicas,px,estados_ok,0.9940752294985552
lin,10,1,dinamicas,px,err_anio_cambio,0.00529563616086421
lin,10,1,dinamicas,px,macro_f1,0.9990946225716415
lin,10,1,dinamicas,px,recall_A,0.999400563270921
lin,10,1,dinamicas,px,recall_F,0.9995816583998307
lin,10,1,dinamicas,px,recall_G,0.9984022592346564
lin,10,1,dinamicas,px,recall_Wt,0.9992434192545457
lin,10,1,dinamicas,px,recall_U,0.9985667495592795
lin,10,1,dinamicas,px,recall_Sh,0.9995882342650991
lin,10,1,dinamicas,px,recall_Sp,0.9993558083219162
lin,10,1,dinamicas,px,recall_B,0.999540126021606
lin,10,1,dinamicas,px,recall_Wa,0.9982731396433476
lin,10,1,dinamicas,tipo,acc_anio,0.9669414667557911
lin,10,1,dinamicas,tipo,exacta,0.5624200562803786
lin,10,1,dinamicas,tipo,n_cambios_ok,0.7970069071373753
lin,10,1,dinamicas,tipo,estados_ok,0.775773855205935
lin,10,1,dinamicas,tipo,err_anio_cambio,0.20945314646881014
lin,10,1,dinamicas,tipo,macro_f1,0.966209728796187
lin,10,1,dinamicas,tipo,recall_A,0.9689028354959998
lin,10,1,dinamicas,tipo,recall_F,0.9649542961608775
lin,10,1,dinamicas,tipo,recall_G,0.9586925434116446
lin,10,1,dinamicas,tipo,recall_Wt,0.9650398061613015
lin,10,1,dinamicas,tipo,recall_U,0.9785963890506698
lin,10,1,dinamicas,tipo,recall_Sh,0.9721631161288707
lin,10,1,dinamicas,tipo,recall_Sp,0.9679435561179494
lin,10,1,dinamicas,tipo,recall_B,0.9734976284778251
lin,10,1,dinamicas,tipo,recall_Wa,0.9567450820150604
lin,10,1,constantes,px,acc_anio,1.0
lin,10,1,constantes,px,exacta,1.0
lin,10,1,constantes,px,n_cambios_ok,1.0
lin,10,1,constantes,px,estados_ok,1.0
lin,10,1,constantes,px,err_anio_cambio,
lin,10,1,constantes,px,macro_f1,1.0
lin,10,1,constantes,tipo,acc_anio,1.0
lin,10,1,constantes,tipo,exacta,1.0
lin,10,1,constantes,tipo,n_cambios_ok,1.0
lin,10,1,constantes,tipo,estados_ok,1.0
lin,10,1,constantes,tipo,err_anio_cambio,
lin,10,1,constantes,tipo,macro_f1,1.0
lin,10,1,todas_sin_costura,px,acc_anio,0.9999687889077113
lin,10,1,todas_sin_costura,px,exacta,0.999315645142455
lin,10,1,todas_sin_costura,px,n_cambios_ok,0.9996819415402424
lin,10,1,todas_sin_costura,px,estados_ok,0.9996565692760708
lin,10,1,todas_sin_costura,px,err_anio_cambio,0.004870928328619831
lin,10,1,todas_sin_costura,px,macro_f1,0.9999130376294456
lin,10,1,todas_sin_costura,tipo,acc_anio,0.9686423665098703
lin,10,1,todas_sin_costura,tipo,exacta,0.5748932275777914
lin,10,1,todas_sin_costura,tipo,n_cambios_ok,0.8067419158023185
lin,10,1,todas_sin_costura,tipo,estados_ok,0.7867602196461256
lin,10,1,todas_sin_costura,tipo,err_anio_cambio,0.20589758529164237
lin,10,1,todas_sin_costura,tipo,macro_f1,0.968005095447345
lin,10,1,dinamicas_sin_costura,px,acc_anio,0.9994828062095412
lin,10,1,dinamicas_sin_costura,px,exacta,0.9886596701095635
lin,10,1,dinamicas_sin_costura,px,n_cambios_ok,0.9947295064565853
lin,10,1,dinamicas_sin_costura,px,estados_ok,0.9943090669103463
lin,10,1,dinamicas_sin_costura,px,err_anio_cambio,0.004870928328619831
lin,10,1,dinamicas_sin_costura,px,macro_f1,0.999176107954522
lin,10,1,dinamicas_sin_costura,tipo,acc_anio,0.9685992599417611
lin,10,1,dinamicas_sin_costura,tipo,exacta,0.5743088437452268
lin,10,1,dinamicas_sin_costura,tipo,n_cambios_ok,0.80647624866351
lin,10,1,dinamicas_sin_costura,tipo,estados_ok,0.7864670841606843
lin,10,1,dinamicas_sin_costura,tipo,err_anio_cambio,0.20589758529164237
lin,10,1,dinamicas_sin_costura,tipo,macro_f1,0.967945248195215
lin,10,1,todas,tipo,spearman_om,0.6095639951455807
lin,10,1,todas,px,spearman_om,0.30630497118964745
lin,10,1,todas,tipo,knn10_om,0.6841574038584388
lin,10,1,todas,px,knn10_om,0.6868097867509395
lin,10,2,todas,px,acc_anio,0.9999649322505032
lin,10,2,todas,px,exacta,0.9992545653817436
lin,10,2,todas,px,n_cambios_ok,0.9996303449060218
lin,10,2,todas,px,estados_ok,0.9996167104277072
lin,10,2,todas,px,err_anio_cambio,0.004579032139824033
lin,10,2,todas,px,macro_f1,0.9999091337952171
lin,10,2,todas,px,recall_A,0.9999774935449687
lin,10,2,todas,px,recall_F,0.9999680574793639
lin,10,2,todas,px,recall_G,0.9998019744824864
lin,10,2,todas,px,recall_Wt,0.9999082664996978
lin,10,2,todas,px,recall_U,0.9997673978308496
lin,10,2,todas,px,recall_Sh,0.9999707984608692
lin,10,2,todas,px,recall_Sp,0.9999862563333906
lin,10,2,todas,px,recall_B,0.9999456114999095
lin,10,2,todas,px,recall_Wa,0.9998992804387689
lin,10,2,todas,tipo,acc_anio,0.967482288356681
lin,10,2,todas,tipo,exacta,0.5580682253737064
lin,10,2,todas,tipo,n_cambios_ok,0.8023508368468123
lin,10,2,todas,tipo,estados_ok,0.7835696946467356
lin,10,2,todas,tipo,err_anio_cambio,0.22300239494883517
lin,10,2,todas,tipo,macro_f1,0.9655078331263015
lin,10,2,todas,tipo,recall_A,0.9661055247994577
lin,10,2,todas,tipo,recall_F,0.9751511940216696
lin,10,2,todas,tipo,recall_G,0.9455643515873664
lin,10,2,todas,tipo,recall_Wt,0.9647566945004319
lin,10,2,todas,tipo,recall_U,0.9789824612262646
lin,10,2,todas,tipo,recall_Sh,0.9676321977087398
lin,10,2,todas,tipo,recall_Sp,0.9754883186518575
lin,10,2,todas,tipo,recall_B,0.9656283566058003
lin,10,2,todas,tipo,recall_Wa,0.9649807714718565
lin,10,2,dinamicas,px,acc_anio,0.9994607021100916
lin,10,2,dinamicas,px,exacta,0.9885361529478951
lin,10,2,dinamicas,px,n_cambios_ok,0.9943151694922477
lin,10,2,dinamicas,px,estados_ok,0.9941054883609924
lin,10,2,dinamicas,px,err_anio_cambio,0.004579032139824033
lin,10,2,dinamicas,px,macro_f1,0.9991751042906214
lin,10,2,dinamicas,px,recall_A,0.9996491330279844
lin,10,2,dinamicas,px,recall_F,0.9997653326997267
lin,10,2,dinamicas,px,recall_G,0.9976520792540631
lin,10,2,dinamicas,px,recall_Wt,0.9992048494731266
lin,10,2,dinamicas,px,recall_U,0.9991662263501558
lin,10,2,dinamicas,px,recall_Sh,0.9993799965282497
lin,10,2,dinamicas,px,recall_Sp,0.9993972928043553
lin,10,2,dinamicas,px,recall_B,0.9994757840044535
lin,10,2,dinamicas,px,recall_Wa,0.9988325853126102
lin,10,2,dinamicas,tipo,acc_anio,0.9674448543064393
lin,10,2,dinamicas,tipo,exacta,0.5575594781273984
lin,10,2,dinamicas,tipo,n_cambios_ok,0.802123305193144
lin,10,2,dinamicas,tipo,estados_ok,0.7833205423381939
lin,10,2,dinamicas,tipo,err_anio_cambio,0.22300239494883517
lin,10,2,dinamicas,tipo,macro_f1,0.9654515528012748
lin,10,2,dinamicas,tipo,recall_A,0.9660758205410906
lin,10,2,dinamicas,tipo,recall_F,0.9751371115173675
lin,10,2,dinamicas,tipo,recall_G,0.9454954034729316
lin,10,2,dinamicas,tipo,recall_Wt,0.9646936656282451
lin,10,2,dinamicas,tipo,recall_U,0.9788875946418171
lin,10,2,dinamicas,tipo,recall_Sh,0.9676070793801788
lin,10,2,dinamicas,tipo,recall_Sp,0.9754591817170903
lin,10,2,dinamicas,tipo,recall_B,0.9655762554398318
lin,10,2,dinamicas,tipo,recall_Wa,0.9649174012024984
lin,10,2,constantes,px,acc_anio,1.0
lin,10,2,constantes,px,exacta,1.0
lin,10,2,constantes,px,n_cambios_ok,1.0
lin,10,2,constantes,px,estados_ok,1.0
lin,10,2,constantes,px,err_anio_cambio,
lin,10,2,constantes,px,macro_f1,1.0
lin,10,2,constantes,tipo,acc_anio,1.0
lin,10,2,constantes,tipo,exacta,1.0
lin,10,2,constantes,tipo,n_cambios_ok,1.0
lin,10,2,constantes,tipo,estados_ok,1.0
lin,10,2,constantes,tipo,err_anio_cambio,
lin,10,2,constantes,tipo,macro_f1,1.0
lin,10,2,todas_sin_costura,px,acc_anio,0.9999705012952156
lin,10,2,todas_sin_costura,px,exacta,0.99934168583071
lin,10,2,todas_sin_costura,px,n_cambios_ok,0.9996650916831361
lin,10,2,todas_sin_costura,px,estados_ok,0.9996539512817436
lin,10,2,todas_sin_costura,px,err_anio_cambio,0.004363177532641246
lin,10,2,todas_sin_costura,px,macro_f1,0.9999232350080453
lin,10,2,todas_sin_costura,tipo,acc_anio,0.9695821606408314
lin,10,2,todas_sin_costura,tipo,exacta,0.5697071384990848
lin,10,2,todas_sin_costura,tipo,n_cambios_ok,0.811928004881025
lin,10,2,todas_sin_costura,tipo,estados_ok,0.7951494813910921
lin,10,2,todas_sin_costura,tipo,err_anio_cambio,0.22027927235459902
lin,10,2,todas_sin_costura,tipo,macro_f1,0.9678075797740101
lin,10,2,dinamicas_sin_costura,px,acc_anio,0.9995111818964905
lin,10,2,dinamicas_sin_costura,px,exacta,0.9890911859995015
lin,10,2,dinamicas_sin_costura,px,n_cambios_ok,0.9944502902925078
lin,10,2,dinamicas_sin_costura,px,estados_ok,0.9942656845641921
lin,10,2,dinamicas_sin_costura,px,err_anio_cambio,0.004363177532641246
lin,10,2,dinamicas_sin_costura,px,macro_f1,0.9992585278338141
lin,10,2,dinamicas_sin_costura,tipo,acc_anio,0.9695403459846175
lin,10,2,dinamicas_sin_costura,tipo,exacta,0.5691156254773179
lin,10,2,dinamicas_sin_costura,tipo,n_cambios_ok,0.811669466931419
lin,10,2,dinamicas_sin_costura,tipo,estados_ok,0.7948678784175959
lin,10,2,dinamicas_sin_costura,tipo,err_anio_cambio,0.22027927235459902
lin,10,2,dinamicas_sin_costura,tipo,macro_f1,0.9677458465663903
lin,10,2,todas,tipo,spearman_om,0.6077225706495926
lin,10,2,todas,px,spearman_om,-0.061118361276794896
lin,10,2,todas,tipo,knn10_om,0.6829436565733997
lin,10,2,todas,px,knn10_om,0.678009966969922
lin,13,0,todas,px,acc_anio,0.9999920626453609
lin,13,0,todas,px,exacta,0.9998356934513684
lin,13,0,todas,px,n_cambios_ok,0.9999345157067943
lin,13,0,todas,px,estados_ok,0.9999299985930438
lin,13,0,todas,px,err_anio_cambio,0.0009862505158794155
lin,13,0,todas,px,macro_f1,0.9999740524229642
lin,13,0,todas,px,recall_A,0.999995358668829
lin,13,0,todas,px,recall_F,0.9999904382363498
lin,13,0,todas,px,recall_G,0.9999682032793683
lin,13,0,todas,px,recall_Wt,0.9999775160100448
lin,13,0,todas,px,recall_U,0.9999377924431342
lin,13,0,todas,px,recall_Sh,0.9999955925692884
lin,13,0,todas,px,recall_Sp,0.9999953877352784
lin,13,0,todas,px,recall_B,0.9999821285959687
lin,13,0,todas,px,recall_Wa,0.9999577421107402
lin,13,0,todas,tipo,acc_anio,0.9851341716226298
lin,13,0,todas,tipo,exacta,0.740641369617989
lin,13,0,todas,tipo,n_cambios_ok,0.8938290532771177
lin,13,0,todas,tipo,estados_ok,0.8845023636131341
lin,13,0,todas,tipo,err_anio_cambio,0.11293510751132965
lin,13,0,todas,tipo,macro_f1,0.9838524654056608
lin,13,0,todas,tipo,recall_A,0.9875155349678002
lin,13,0,todas,tipo,recall_F,0.9889824779375491
lin,13,0,todas,tipo,recall_G,0.9800048967599772
lin,13,0,todas,tipo,recall_Wt,0.9815145407428736
lin,13,0,todas,tipo,recall_U,0.9866647340194231
lin,13,0,todas,tipo,recall_Sh,0.9862924608534694
lin,13,0,todas,tipo,recall_Sp,0.9847950976637304
lin,13,0,todas,tipo,recall_B,0.9832047651596524
lin,13,0,todas,tipo,recall_Wa,0.9784407411723576
lin,13,0,dinamicas,px,acc_anio,0.9998779334667968
lin,13,0,dinamicas,px,exacta,0.9974731718959096
lin,13,0,dinamicas,px,n_cambios_ok,0.9989929339163491
lin,13,0,dinamicas,px,estados_ok,0.9989234663870918
lin,13,0,dinamicas,px,err_anio_cambio,0.0009862505158794155
lin,13,0,dinamicas,px,macro_f1,0.9997778978721242
lin,13,0,dinamicas,px,recall_A,0.9999276434333265
lin,13,0,dinamicas,px,recall_F,0.9999297540326508
lin,13,0,dinamicas,px,recall_G,0.9996229971724788
lin,13,0,dinamicas,px,recall_Wt,0.999805107660776
lin,13,0,dinamicas,px,recall_U,0.9997770140238789
lin,13,0,dinamicas,px,recall_Sh,0.9999064219755516
lin,13,0,dinamicas,px,recall_Sp,0.999797736279921
lin,13,0,dinamicas,px,recall_B,0.9998277489572156
lin,13,0,dinamicas,px,recall_Wa,0.9995101996079313
lin,13,0,dinamicas,tipo,acc_anio,0.9851170582361631
lin,13,0,dinamicas,tipo,exacta,0.7403427986697365
lin,13,0,dinamicas,tipo,n_cambios_ok,0.8937068303914044
lin,13,0,dinamicas,tipo,estados_ok,0.8843694039396265
lin,13,0,dinamicas,tipo,err_anio_cambio,0.11293510751132965
lin,13,0,dinamicas,tipo,macro_f1,0.9838249808505368
lin,13,0,dinamicas,tipo,recall_A,0.9875045938993017
lin,13,0,dinamicas,tipo,recall_F,0.9889762340036563
lin,13,0,dinamicas,tipo,recall_G,0.9799795709908069
lin,13,0,dinamicas,tipo,recall_Wt,0.9814814814814815
lin,13,0,dinamicas,tipo,recall_U,0.9866045428072219
lin,13,0,dinamicas,tipo,recall_Sh,0.9862818234160262
lin,13,0,dinamicas,tipo,recall_Sp,0.9847770236588826
lin,13,0,dinamicas,tipo,recall_B,0.9831793066353723
lin,13,0,dinamicas,tipo,recall_Wa,0.978401727861771
lin,13,0,constantes,px,acc_anio,1.0
lin,13,0,constantes,px,exacta,1.0
lin,13,0,constantes,px,n_cambios_ok,1.0
lin,13,0,constantes,px,estados_ok,1.0
lin,13,0,constantes,px,err_anio_cambio,
lin,13,0,constantes,px,macro_f1,1.0
lin,13,0,constantes,tipo,acc_anio,1.0
lin,13,0,constantes,tipo,exacta,1.0
lin,13,0,constantes,tipo,n_cambios_ok,1.0
lin,13,0,constantes,tipo,estados_ok,1.0
lin,13,0,constantes,tipo,err_anio_cambio,
lin,13,0,constantes,tipo,macro_f1,1.0
lin,13,0,todas_sin_costura,px,acc_anio,0.999993584386585
lin,13,0,todas_sin_costura,px,exacta,0.9998621653837705
lin,13,0,todas_sin_costura,px,n_cambios_ok,0.9999451335231416
lin,13,0,todas_sin_costura,px,estados_ok,0.9999419585087448
lin,13,0,todas_sin_costura,px,err_anio_cambio,0.0009156789991142712
lin,13,0,todas_sin_costura,px,macro_f1,0.999978320784353
lin,13,0,todas_sin_costura,tipo,acc_anio,0.9859030880355841
lin,13,0,todas_sin_costura,tipo,exacta,0.7460341671751067
lin,13,0,todas_sin_costura,tipo,n_cambios_ok,0.900091519219036
lin,13,0,todas_sin_costura,tipo,estados_ok,0.8912446613788896
lin,13,0,todas_sin_costura,tipo,err_anio_cambio,0.11361558679008112
lin,13,0,todas_sin_costura,tipo,macro_f1,0.9846902392374327
lin,13,0,dinamicas_sin_costura,px,acc_anio,0.9998936879430725
lin,13,0,dinamicas_sin_costura,px,exacta,0.9977159656264134
lin,13,0,dinamicas_sin_costura,px,n_cambios_ok,0.9990908167880449
lin,13,0,dinamicas_sin_costura,px,estados_ok,0.999038204155475
lin,13,0,dinamicas_sin_costura,px,err_anio_cambio,0.0009156789991142712
lin,13,0,dinamicas_sin_costura,px,macro_f1,0.9998027273525794
lin,13,0,dinamicas_sin_costura,tipo,acc_anio,0.9858837093571545
lin,13,0,dinamicas_sin_costura,tipo,exacta,0.7456850465862227
lin,13,0,dinamicas_sin_costura,tipo,n_cambios_ok,0.8999541774858714
lin,13,0,dinamicas_sin_costura,tipo,estados_ok,0.8910951580876737
lin,13,0,dinamicas_sin_costura,tipo,err_anio_cambio,0.11361558679008112
lin,13,0,dinamicas_sin_costura,tipo,macro_f1,0.9846597504953262
lin,13,0,todas,tipo,spearman_om,0.6886810195345876
lin,13,0,todas,px,spearman_om,0.5533003805625547
lin,13,0,todas,tipo,knn10_om,0.7119074996805929
lin,13,0,todas,px,knn10_om,0.683138229583498
lin,13,1,todas,px,acc_anio,0.999991857931518
lin,13,1,todas,px,exacta,0.9998262435385529
lin,13,1,todas,px,n_cambios_ok,0.9999326866914107
lin,13,1,todas,px,estados_ok,0.999928058728243
lin,13,1,todas,px,err_anio_cambio,0.0009963774299321679
lin,13,1,todas,px,macro_f1,0.9999749842475878
lin,13,1,todas,px,recall_A,0.9999947344898096
lin,13,1,todas,px,recall_F,0.9999883796130143
lin,13,1,todas,px,recall_G,0.9999624540568186
lin,13,1,todas,px,recall_Wt,0.9999733315715472
lin,13,1,todas,px,recall_U,0.99994230023711
lin,13,1,todas,px,recall_Sh,0.9999961233623219
lin,13,1,todas,px,recall_Sp,0.9999964072369384
lin,13,1,todas,px,recall_B,0.9999866906171383
lin,13,1,todas,px,recall_Wa,0.9999543930006357
lin,13,1,todas,tipo,acc_anio,0.9856328589621534
lin,13,1,todas,tipo,exacta,0.7362974319662706
lin,13,1,todas,tipo,n_cambios_ok,0.8993228567778203
lin,13,1,todas,tipo,estados_ok,0.8905072186022742
lin,13,1,todas,tipo,err_anio_cambio,0.1138725278935019
lin,13,1,todas,tipo,macro_f1,0.9849163861013827
lin,13,1,todas,tipo,recall_A,0.9868658908597898
lin,13,1,todas,tipo,recall_F,0.9889276643949498
lin,13,1,todas,tipo,recall_G,0.978331837101118
lin,13,1,todas,tipo,recall_Wt,0.9819752375467895
lin,13,1,todas,tipo,recall_U,0.9899985505145673
lin,13,1,todas,tipo,recall_Sh,0.986242433338336
lin,13,1,todas,tipo,recall_Sp,0.9872845653006511
lin,13,1,todas,tipo,recall_B,0.9868176935846109
lin,13,1,todas,tipo,recall_Wa,0.9796061065143923
lin,13,1,dinamicas,px,acc_anio,0.9998747852253164
lin,13,1,dinamicas,px,exacta,0.9973278441199785
lin,13,1,dinamicas,px,n_cambios_ok,0.9989648059597174
lin,13,1,dinamicas,px,estados_ok,0.9988936337058156
lin,13,1,dinamicas,px,err_anio_cambio,0.0009963774299321679
lin,13,1,dinamicas,px,macro_f1,0.999776849253847
lin,13,1,dinamicas,px,recall_A,0.999917912722636
lin,13,1,dinamicas,px,recall_F,0.999914630254978
lin,13,1,dinamicas,px,recall_G,0.9995548306095691
lin,13,1,dinamicas,px,recall_Wt,0.999768836740501
lin,13,1,dinamicas,px,recall_U,0.9997931724279456
lin,13,1,dinamicas,px,recall_Sh,0.9999176917076751
lin,13,1,dinamicas,px,recall_Sp,0.9998424449449331
lin,13,1,dinamicas,px,recall_B,0.9998717193639217
lin,13,1,dinamicas,px,recall_Wa,0.9994713809288397
lin,13,1,dinamicas,tipo,acc_anio,0.9856163196593469
lin,13,1,dinamicas,tipo,exacta,0.735993860322333
lin,13,1,dinamicas,tipo,n_cambios_ok,0.8992069583013559
lin,13,1,dinamicas,tipo,estados_ok,0.8903811716551547
lin,13,1,dinamicas,tipo,err_anio_cambio,0.1138725278935019
lin,13,1,dinamicas,tipo,macro_f1,0.9848919560138758
lin,13,1,dinamicas,tipo,recall_A,0.9868543804596727
lin,13,1,dinamicas,tipo,recall_F,0.9889213893967094
lin,13,1,dinamicas,tipo,recall_G,0.9783043922369765
lin,13,1,dinamicas,tipo,recall_Wt,0.9819430021922234
lin,13,1,dinamicas,tipo,recall_U,0.9899534071054165
lin,13,1,dinamicas,tipo,recall_Sh,0.9862317570781285
lin,13,1,dinamicas,tipo,recall_Sp,0.9872694505157407
lin,13,1,dinamicas,tipo,recall_B,0.9867977116033446
lin,13,1,dinamicas,tipo,recall_Wa,0.9795692020314051
lin,13,1,constantes,px,acc_anio,1.0
lin,13,1,constantes,px,exacta,1.0
lin,13,1,constantes,px,n_cambios_ok,1.0
lin,13,1,constantes,px,estados_ok,1.0
lin,13,1,constantes,px,err_anio_cambio,
lin,13,1,constantes,px,macro_f1,1.0
lin,13,1,constantes,tipo,acc_anio,1.0
lin,13,1,constantes,tipo,exacta,1.0
lin,13,1,constantes,tipo,n_cambios_ok,1.0
lin,13,1,constantes,tipo,estados_ok,1.0
lin,13,1,constantes,tipo,err_anio_cambio,
lin,13,1,constantes,tipo,macro_f1,1.0
lin,13,1,todas_sin_costura,px,acc_anio,0.9999933265401981
lin,13,1,todas_sin_costura,px,exacta,0.9998544506558061
lin,13,1,todas_sin_costura,px,n_cambios_ok,0.9999444929500616
lin,13,1,todas_sin_costura,px,estados_ok,0.9999407887665985
lin,13,1,todas_sin_costura,px,err_anio_cambio,0.0009180835982717484
lin,13,1,todas_sin_costura,px,macro_f1,0.9999786120042218
lin,13,1,todas_sin_costura,tipo,acc_anio,0.9860457792910705
lin,13,1,todas_sin_costura,tipo,exacta,0.7384075655887736
lin,13,1,todas_sin_costura,tipo,n_cambios_ok,0.9042098840756558
lin,13,1,todas_sin_costura,tipo,estados_ok,0.8955155582672362
lin,13,1,todas_sin_costura,tipo,err_anio_cambio,0.11563175253042192
lin,13,1,todas_sin_costura,tipo,macro_f1,0.9853101191163525
lin,13,1,dinamicas_sin_costura,px,acc_anio,0.9998894152137154
lin,13,1,dinamicas_sin_costura,px,exacta,0.9975881261595547
lin,13,1,dinamicas_sin_costura,px,n_cambios_ok,0.9990802019586668
lin,13,1,dinamicas_sin_costura,px,estados_ok,0.9990188205540018
lin,13,1,dinamicas_sin_costura,px,err_anio_cambio,0.0009180835982717484
lin,13,1,dinamicas_sin_costura,px,macro_f1,0.9997974255310003
lin,13,1,dinamicas_sin_costura,tipo,acc_anio,0.9860265967668029
lin,13,1,dinamicas_sin_costura,tipo,exacta,0.7380479608981213
lin,13,1,dinamicas_sin_costura,tipo,n_cambios_ok,0.9040782037574462
lin,13,1,dinamicas_sin_costura,tipo,estados_ok,0.8953719260730105
lin,13,1,dinamicas_sin_costura,tipo,err_anio_cambio,0.11563175253042192
lin,13,1,dinamicas_sin_costura,tipo,macro_f1,0.9852821991311603
lin,13,1,todas,tipo,spearman_om,0.7360723338772305
lin,13,1,todas,px,spearman_om,0.6021748425709325
lin,13,1,todas,tipo,knn10_om,0.7243899322856778
lin,13,1,todas,px,knn10_om,0.7152949554730363
lin,13,2,todas,px,acc_anio,0.9999921216458573
lin,13,2,todas,px,exacta,0.9998309269264292
lin,13,2,todas,px,n_cambios_ok,0.9999258417398991
lin,13,2,todas,px,estados_ok,0.9999217680238174
lin,13,2,todas,px,err_anio_cambio,0.0008680388878008178
lin,13,2,todas,px,macro_f1,0.9999735896652139
lin,13,2,todas,px,recall_A,0.9999955347193218
lin,13,2,todas,px,recall_F,0.9999901673648582
lin,13,2,todas,px,recall_G,0.9999616034065434
lin,13,2,todas,px,recall_Wt,0.9999771623955238
lin,13,2,todas,px,recall_U,0.9999305799727729
lin,13,2,todas,px,recall_Sh,0.9999958724899927
lin,13,2,todas,px,recall_Sp,0.9999960200223657
lin,13,2,todas,px,recall_B,0.9999869835909748
lin,13,2,todas,px,recall_Wa,0.9999502558646243
lin,13,2,todas,tipo,acc_anio,0.9855957665154119
lin,13,2,todas,tipo,exacta,0.7420467612111921
lin,13,2,todas,tipo,n_cambios_ok,0.8926791874281333
lin,13,2,todas,tipo,estados_ok,0.8848856522294621
lin,13,2,todas,tipo,err_anio_cambio,0.10404317864199315
lin,13,2,todas,tipo,macro_f1,0.9841262247234989
lin,13,2,todas,tipo,recall_A,0.9878827251158061
lin,13,2,todas,tipo,recall_F,0.9894757998209425
lin,13,2,todas,tipo,recall_G,0.9790255447645475
lin,13,2,todas,tipo,recall_Wt,0.9833573279585373
lin,13,2,todas,tipo,recall_U,0.9833309175242789
lin,13,2,todas,tipo,recall_Sh,0.9875681624893692
lin,13,2,todas,tipo,recall_Sp,0.9851780926847951
lin,13,2,todas,tipo,recall_B,0.9867688702275168
lin,13,2,todas,tipo,recall_Wa,0.975702132618576
lin,13,2,dinamicas,px,acc_anio,0.9998788408202365
lin,13,2,dinamicas,px,exacta,0.9973998687362023
lin,13,2,dinamicas,px,n_cambios_ok,0.9988595392129286
lin,13,2,dinamicas,px,estados_ok,0.9987968905822487
lin,13,2,dinamicas,px,err_anio_cambio,0.0008680388878008178
lin,13,2,dinamicas,px,macro_f1,0.9997713624928087
lin,13,2,dinamicas,px,recall_A,0.9999303879927521
lin,13,2,dinamicas,px,recall_F,0.9999277640619044
lin,13,2,dinamicas,px,recall_G,0.9995447447405671
lin,13,2,dinamicas,px,recall_Wt,0.9998020425125838
lin,13,2,dinamicas,px,recall_U,0.9997511605773721
lin,13,2,dinamicas,px,recall_Sh,0.9999123652173679
lin,13,2,dinamicas,px,recall_Sp,0.9998254642500487
lin,13,2,dinamicas,px,recall_B,0.9998745431515083
lin,13,2,dinamicas,px,recall_Wa,0.9994234284429029
lin,13,2,dinamicas,tipo,acc_anio,0.985579184512168
lin,13,2,dinamicas,tipo,exacta,0.741749808135073
lin,13,2,dinamicas,tipo,n_cambios_ok,0.8925556408288565
lin,13,2,dinamicas,tipo,estados_ok,0.8847531337938092
lin,13,2,dinamicas,tipo,err_anio_cambio,0.10404317864199315
lin,13,2,dinamicas,tipo,macro_f1,0.9840987541419514
lin,13,2,dinamicas,tipo,recall_A,0.9878721058434399
lin,13,2,dinamicas,tipo,recall_F,0.9894698354661792
lin,13,2,dinamicas,tipo,recall_G,0.9789989785495403
lin,13,2,dinamicas,tipo,recall_Wt,0.983327564324449
lin,13,2,dinamicas,tipo,recall_U,0.9832556785090274
lin,13,2,dinamicas,tipo,recall_Sh,0.987558515032418
lin,13,2,dinamicas,tipo,recall_Sp,0.9851604739445531
lin,13,2,dinamicas,tipo,recall_B,0.9867488142389125
lin,13,2,dinamicas,tipo,recall_Wa,0.9756581635631312
lin,13,2,constantes,px,acc_anio,1.0
lin,13,2,constantes,px,exacta,1.0
lin,13,2,constantes,px,n_cambios_ok,1.0
lin,13,2,constantes,px,estados_ok,1.0
lin,13,2,constantes,px,err_anio_cambio,
lin,13,2,constantes,px,macro_f1,1.0
lin,13,2,constantes,tipo,acc_anio,1.0
lin,13,2,constantes,tipo,exacta,1.0
lin,13,2,constantes,tipo,n_cambios_ok,1.0
lin,13,2,constantes,tipo,estados_ok,1.0
lin,13,2,constantes,tipo,err_anio_cambio,
lin,13,2,constantes,tipo,macro_f1,1.0
lin,13,2,todas_sin_costura,px,acc_anio,0.9999935619260986
lin,13,2,todas_sin_costura,px,exacta,0.9998583219452901
lin,13,2,todas_sin_costura,px,n_cambios_ok,0.9999372516891564
lin,13,2,todas_sin_costura,px,estados_ok,0.9999342716317838
lin,13,2,todas_sin_costura,px,err_anio_cambio,0.0007861228412230528
lin,13,2,todas_sin_costura,px,macro_f1,0.9999774729433126
lin,13,2,todas_sin_costura,tipo,acc_anio,0.9862130724871578
lin,13,2,todas_sin_costura,tipo,exacta,0.7481696156192801
lin,13,2,todas_sin_costura,tipo,n_cambios_ok,0.8967358145210494
lin,13,2,todas_sin_costura,tipo,estados_ok,0.8904820012202562
lin,13,2,todas_sin_costura,tipo,err_anio_cambio,0.10330531251787041
lin,13,2,todas_sin_costura,tipo,macro_f1,0.9848502069047732
lin,13,2,dinamicas_sin_costura,px,acc_anio,0.999893315754104
lin,13,2,dinamicas_sin_costura,px,exacta,0.9976522766501444
lin,13,2,dinamicas_sin_costura,px,n_cambios_ok,0.9989602082352615
lin,13,2,dinamicas_sin_costura,px,estados_ok,0.998910826202937
lin,13,2,dinamicas_sin_costura,px,err_anio_cambio,0.0007861228412230528
lin,13,2,dinamicas_sin_costura,px,macro_f1,0.9997950700360843
lin,13,2,dinamicas_sin_costura,tipo,acc_anio,0.9861941199367354
lin,13,2,dinamicas_sin_costura,tipo,exacta,0.7478234305788911
lin,13,2,dinamicas_sin_costura,tipo,n_cambios_ok,0.8965938597831068
lin,13,2,dinamicas_sin_costura,tipo,estados_ok,0.8903314495188636
lin,13,2,dinamicas_sin_costura,tipo,err_anio_cambio,0.10330531251787041
lin,13,2,dinamicas_sin_costura,tipo,macro_f1,0.9848195882169164
lin,13,2,todas,tipo,spearman_om,0.703505221089491
lin,13,2,todas,px,spearman_om,0.5611943153812281
lin,13,2,todas,tipo,knn10_om,0.7201865337932798
lin,13,2,todas,px,knn10_om,0.6278295387591776
lin,16,0,todas,px,acc_anio,0.9999972824013851
lin,16,0,todas,px,exacta,0.9999369266816183
lin,16,0,todas,px,n_cambios_ok,0.9999763059370754
lin,16,0,todas,px,estados_ok,0.9999738118251886
lin,16,0,todas,px,err_anio_cambio,0.00034442206091871933
lin,16,0,todas,px,macro_f1,0.9999912543670008
lin,16,0,todas,px,recall_A,0.999998067445728
lin,16,0,todas,px,recall_F,0.9999965328449087
lin,16,0,todas,px,recall_G,0.9999861256006838
lin,16,0,todas,px,recall_Wt,0.9999932518562258
lin,16,0,todas,px,recall_U,0.9999801657065065
lin,16,0,todas,px,recall_Sh,0.9999987033861717
lin,16,0,todas,px,recall_Sp,0.999998505057662
lin,16,0,todas,px,recall_B,0.9999949985180756
lin,16,0,todas,px,recall_Wa,0.9999869975725354
lin,16,0,todas,tipo,acc_anio,0.9932903885227727
lin,16,0,todas,tipo,exacta,0.8569055832375112
lin,16,0,todas,tipo,n_cambios_ok,0.9485115625399259
lin,16,0,todas,tipo,estados_ok,0.94365657339977
lin,16,0,todas,tipo,err_anio_cambio,0.05783742261985451
lin,16,0,todas,tipo,macro_f1,0.992915203356818
lin,16,0,todas,tipo,recall_A,0.9937295220878997
lin,16,0,todas,tipo,recall_F,0.9950667811660667
lin,16,0,todas,tipo,recall_G,0.9900024483799885
lin,16,0,todas,tipo,recall_Wt,0.9925712640368557
lin,16,0,todas,tipo,recall_U,0.9949268009856501
lin,16,0,todas,tipo,recall_Sh,0.9938966431537346
lin,16,0,todas,tipo,recall_Sp,0.9931060896208349
lin,16,0,todas,tipo,recall_B,0.992725319792989
lin,16,0,todas,tipo,recall_Wa,0.9910266868663326
lin,16,0,dinamicas,px,acc_anio,0.9999582067506544
lin,16,0,dinamicas,px,exacta,0.9990300116773638
lin,16,0,dinamicas,px,n_cambios_ok,0.9996356151072698
lin,16,0,dinamicas,px,estados_ok,0.9995972588027718
lin,16,0,dinamicas,px,err_anio_cambio,0.00034442206091871933
lin,16,0,dinamicas,px,macro_f1,0.9999251428806541
lin,16,0,dinamicas,px,recall_A,0.9999698722226696
lin,16,0,dinamicas,px,recall_F,0.9999745283744457
lin,16,0,dinamicas,px,recall_G,0.9998354959986924
lin,16,0,dinamicas,px,recall_Wt,0.9999415067553312
lin,16,0,dinamicas,px,recall_U,0.9999289030221064
lin,16,0,dinamicas,px,recall_Sh,0.99997247045536
lin,16,0,dinamicas,px,recall_Sp,0.9999344416210159
lin,16,0,dinamicas,px,recall_B,0.9999517939119139
lin,16,0,dinamicas,px,recall_Wa,0.9998492921870558
lin,16,0,dinamicas,tipo,acc_anio,0.9932826644880715
lin,16,0,dinamicas,tipo,exacta,0.8567408544384754
lin,16,0,dinamicas,tipo,n_cambios_ok,0.94845228958813
lin,16,0,dinamicas,tipo,estados_ok,0.9435917114351496
lin,16,0,dinamicas,tipo,err_anio_cambio,0.05783742261985451
lin,16,0,dinamicas,tipo,macro_f1,0.9929034512457245
lin,16,0,dinamicas,tipo,recall_A,0.9937240268001017
lin,16,0,dinamicas,tipo,recall_F,0.9950639853747715
lin,16,0,dinamicas,tipo,recall_G,0.9899897854954035
lin,16,0,dinamicas,tipo,recall_Wt,0.992557978539287
lin,16,0,dinamicas,tipo,recall_U,0.9949039021549214
lin,16,0,dinamicas,tipo,recall_Sh,0.9938919067764789
lin,16,0,dinamicas,tipo,recall_Sp,0.9930978948579317
lin,16,0,dinamicas,tipo,recall_B,0.9927142926996235
lin,16,0,dinamicas,tipo,recall_Wa,0.9910104488938182
lin,16,0,constantes,px,acc_anio,1.0
lin,16,0,constantes,px,exacta,1.0
lin,16,0,constantes,px,n_cambios_ok,1.0
lin,16,0,constantes,px,estados_ok,1.0
lin,16,0,constantes,px,err_anio_cambio,
lin,16,0,constantes,px,macro_f1,1.0
lin,16,0,constantes,tipo,acc_anio,1.0
lin,16,0,constantes,tipo,exacta,1.0
lin,16,0,constantes,tipo,n_cambios_ok,1.0
lin,16,0,constantes,tipo,estados_ok,1.0
lin,16,0,constantes,tipo,err_anio_cambio,
lin,16,0,constantes,tipo,macro_f1,1.0
lin,16,0,todas_sin_costura,px,acc_anio,0.9999978698474434
lin,16,0,todas_sin_costura,px,exacta,0.999948336388542
lin,16,0,todas_sin_costura,px,n_cambios_ok,0.9999804764465595
lin,16,0,todas_sin_costura,px,estados_ok,0.9999782205152775
lin,16,0,todas_sin_costura,px,err_anio_cambio,0.0002950910696439547
lin,16,0,todas_sin_costura,px,macro_f1,0.9999928754788517
lin,16,0,todas_sin_costura,tipo,acc_anio,0.9937215847586058
lin,16,0,todas_sin_costura,tipo,exacta,0.8599755948749237
lin,16,0,todas_sin_costura,tipo,n_cambios_ok,0.951647345942648
lin,16,0,todas_sin_costura,tipo,estados_ok,0.9469188529591214
lin,16,0,todas_sin_costura,tipo,err_anio_cambio,0.05686401032424584
lin,16,0,todas_sin_costura,tipo,macro_f1,0.9933539648313047
lin,16,0,dinamicas_sin_costura,px,acc_anio,0.999964701598239
lin,16,0,dinamicas_sin_costura,px,exacta,0.9991438909349357
lin,16,0,dinamicas_sin_costura,px,n_cambios_ok,0.9996764784611266
lin,16,0,dinamicas_sin_costura,px,estados_ok,0.9996390958011427
lin,16,0,dinamicas_sin_costura,px,err_anio_cambio,0.0002950910696439547
lin,16,0,dinamicas_sin_costura,px,macro_f1,0.9999357816749969
lin,16,0,dinamicas_sin_costura,tipo,acc_anio,0.9937129539754725
lin,16,0,dinamicas_sin_costura,tipo,exacta,0.859783106766458
lin,16,0,dinamicas_sin_costura,tipo,n_cambios_ok,0.951580876737437
lin,16,0,dinamicas_sin_costura,tipo,estados_ok,0.9468458836108141
lin,16,0,dinamicas_sin_costura,tipo,err_anio_cambio,0.05686401032424584
lin,16,0,dinamicas_sin_costura,tipo,macro_f1,0.9933409508630962
lin,16,0,todas,tipo,spearman_om,0.6775877693130811
lin,16,0,todas,px,spearman_om,0.21436770506329103
lin,16,0,todas,tipo,knn10_om,0.7472083812444104
lin,16,0,todas,px,knn10_om,0.7884283240324671
lin,16,1,todas,px,acc_anio,0.9999973512352973
lin,16,1,todas,px,exacta,0.9999401967394254
lin,16,1,todas,px,n_cambios_ok,0.9999768878965156
lin,16,1,todas,px,estados_ok,0.9999751974429035
lin,16,1,todas,px,err_anio_cambio,0.0003424251144910699
lin,16,1,todas,px,macro_f1,0.9999913165858599
lin,16,1,todas,px,recall_A,0.9999985075719597
lin,16,1,todas,px,recall_F,0.9999965125295468
lin,16,1,todas,px,recall_G,0.9999888828808862
lin,16,1,todas,px,recall_Wt,0.9999936054707467
lin,16,1,todas,px,recall_U,0.9999806164859041
lin,16,1,todas,px,recall_Sh,0.999998610959524
lin,16,1,todas,px,recall_Sp,0.9999984903533111
lin,16,1,todas,px,recall_B,0.999994161449971
lin,16,1,todas,px,recall_Wa,0.9999840917270036
lin,16,1,todas,tipo,acc_anio,0.9933934230970544
lin,16,1,todas,tipo,exacta,0.8615050466334483
lin,16,1,todas,tipo,n_cambios_ok,0.9488948511562539
lin,16,1,todas,tipo,estados_ok,0.9442953877603169
lin,16,1,todas,tipo,err_anio_cambio,0.055337306962882686
lin,16,1,todas,tipo,macro_f1,0.9929217869329153
lin,16,1,todas,tipo,recall_A,0.9945768839679132
lin,16,1,todas,tipo,recall_F,0.9946465440061392
lin,16,1,todas,tipo,recall_G,0.991553089039419
lin,16,1,todas,tipo,recall_Wt,0.9934926576446876
lin,16,1,todas,tipo,recall_U,0.9952166980721844
lin,16,1,todas,tipo,recall_Sh,0.9934463955175347
lin,16,1,todas,tipo,recall_Sp,0.9934124856376867
lin,16,1,todas,tipo,recall_B,0.992822966507177
lin,16,1,todas,tipo,recall_Wa,0.9892786388532805
lin,16,1,dinamicas,px,acc_anio,0.9999592653296676
lin,16,1,dinamicas,px,exacta,0.9990803010543722
lin,16,1,dinamicas,px,n_cambios_ok,0.9996445649116527
lin,16,1,dinamicas,px,estados_ok,0.9996185678608263
lin,16,1,dinamicas,px,err_anio_cambio,0.0003424251144910699
lin,16,1,dinamicas,px,macro_f1,0.9999244928710966
lin,16,1,dinamicas,px,recall_A,0.9999767336212334
lin,16,1,dinamicas,px,recall_F,0.9999743791266397
lin,16,1,dinamicas,px,recall_G,0.9998681881258021
lin,16,1,dinamicas,px,recall_Wt,0.9999445719035235
lin,16,1,dinamicas,px,recall_U,0.9999305188625129
lin,16,1,dinamicas,px,recall_Sh,0.9999705080641942
lin,16,1,dinamicas,px,recall_Sp,0.9999337967845012
lin,16,1,dinamicas,px,recall_B,0.9999437259473808
lin,16,1,dinamicas,px,recall_Wa,0.9998156112743145
lin,16,1,dinamicas,tipo,acc_anio,0.9933858176746796
lin,16,1,dinamicas,tipo,exacta,0.8613456126886672
lin,16,1,dinamicas,tipo,n_cambios_ok,0.9488360194423127
lin,16,1,dinamicas,tipo,estados_ok,0.9442312611921208
lin,16,1,dinamicas,tipo,err_anio_cambio,0.055337306962882686
lin,16,1,dinamicas,tipo,macro_f1,0.9929098335425623
lin,16,1,dinamicas,tipo,recall_A,0.9945721312865745
lin,16,1,dinamicas,tipo,recall_F,0.9946435100548446
lin,16,1,dinamicas,tipo,recall_G,0.9915423901940756
lin,16,1,dinamicas,tipo,recall_Wt,0.9934810199607708
lin,16,1,dinamicas,tipo,recall_U,0.9951951077460687
lin,16,1,dinamicas,tipo,recall_Sh,0.9934413097353995
lin,16,1,dinamicas,tipo,recall_Sp,0.993404655086468
lin,16,1,dinamicas,tipo,recall_B,0.9928120874284876
lin,16,1,dinamicas,tipo,recall_Wa,0.9892592376393672
lin,16,1,constantes,px,acc_anio,1.0
lin,16,1,constantes,px,exacta,1.0
lin,16,1,constantes,px,n_cambios_ok,1.0
lin,16,1,constantes,px,estados_ok,1.0
lin,16,1,constantes,px,err_anio_cambio,
lin,16,1,constantes,px,macro_f1,1.0
lin,16,1,constantes,tipo,acc_anio,1.0
lin,16,1,constantes,tipo,exacta,1.0
lin,16,1,constantes,tipo,n_cambios_ok,1.0
lin,16,1,constantes,tipo,estados_ok,1.0
lin,16,1,constantes,tipo,err_anio_cambio,
lin,16,1,constantes,tipo,macro_f1,1.0
lin,16,1,todas_sin_costura,px,acc_anio,0.9999978419964399
lin,16,1,todas_sin_costura,px,exacta,0.9999495339816917
lin,16,1,todas_sin_costura,px,n_cambios_ok,0.9999815626356953
lin,16,1,todas_sin_costura,px,estados_ok,0.9999803371915421
lin,16,1,todas_sin_costura,px,err_anio_cambio,0.00032624308618572895
lin,16,1,todas_sin_costura,px,macro_f1,0.99999257278557
lin,16,1,todas_sin_costura,tipo,acc_anio,0.9937461866992068
lin,16,1,todas_sin_costura,tipo,exacta,0.8633312995729103
lin,16,1,todas_sin_costura,tipo,n_cambios_ok,0.9530201342281879
lin,16,1,todas_sin_costura,tipo,estados_ok,0.948901769371568
lin,16,1,todas_sin_costura,tipo,err_anio_cambio,0.05671817986692422
lin,16,1,todas_sin_costura,tipo,macro_f1,0.9932940747242126
lin,16,1,dinamicas_sin_costura,px,acc_anio,0.9999642400839182
lin,16,1,dinamicas_sin_costura,px,exacta,0.9991637360507296
lin,16,1,dinamicas_sin_costura,px,n_cambios_ok,0.9996944775196375
lin,16,1,dinamicas_sin_costura,px,estados_ok,0.9996741708895227
lin,16,1,dinamicas_sin_costura,px,err_anio_cambio,0.00032624308618572895
lin,16,1,dinamicas_sin_costura,px,macro_f1,0.999932324464125
lin,16,1,dinamicas_sin_costura,tipo,acc_anio,0.9937375897357569
lin,16,1,dinamicas_sin_costura,tipo,exacta,0.8631434244692225
lin,16,1,dinamicas_sin_costura,tipo,n_cambios_ok,0.9529555521612952
lin,16,1,dinamicas_sin_costura,tipo,estados_ok,0.9488315258897205
lin,16,1,dinamicas_sin_costura,tipo,err_anio_cambio,0.05671817986692422
lin,16,1,dinamicas_sin_costura,tipo,macro_f1,0.9932806918785053
lin,16,1,todas,tipo,spearman_om,0.7593164837169999
lin,16,1,todas,px,spearman_om,0.3869077835531387
lin,16,1,todas,tipo,knn10_om,0.7529704867765428
lin,16,1,todas,px,knn10_om,0.771003718471412
lin,16,2,todas,px,acc_anio,0.9999975988585921
lin,16,2,todas,px,exacta,0.9999456560732221
lin,16,2,todas,px,n_cambios_ok,0.999978689199545
lin,16,2,todas,px,estados_ok,0.9999765830606183
lin,16,2,todas,px,err_anio_cambio,0.0002817361769857426
lin,16,2,todas,px,macro_f1,0.9999930331108775
lin,16,2,todas,px,recall_A,0.9999983915386804
lin,16,2,todas,px,recall_F,0.9999971964800629
lin,16,2,todas,px,recall_G,0.9999882082272196
lin,16,2,todas,px,recall_Wt,0.9999946663143094
lin,16,2,todas,px,recall_U,0.9999855750592775
lin,16,2,todas,px,recall_Sh,0.9999989304916488
lin,16,2,todas,px,recall_Sp,0.9999982403793464
lin,16,2,todas,px,recall_B,0.9999957728060722
lin,16,2,todas,px,recall_Wa,0.9999857662820558
lin,16,2,todas,tipo,acc_anio,0.9936984054369284
lin,16,2,todas,tipo,exacta,0.8699373961926664
lin,16,2,todas,tipo,n_cambios_ok,0.9511945828542225
lin,16,2,todas,tipo,estados_ok,0.9462118308419574
lin,16,2,todas,tipo,err_anio_cambio,0.047857239421387046
lin,16,2,todas,tipo,macro_f1,0.9934859766819754
lin,16,2,todas,tipo,recall_A,0.9940684668399051
lin,16,2,todas,tipo,recall_F,0.9953773912407959
lin,16,2,todas,tipo,recall_G,0.9911858320411328
lin,16,2,todas,tipo,recall_Wt,0.9940685286495825
lin,16,2,todas,tipo,recall_U,0.9963762864183215
lin,16,2,todas,tipo,recall_Sh,0.994972234729101
lin,16,2,todas,tipo,recall_Sp,0.9918039065492149
lin,16,2,todas,tipo,recall_B,0.9937017869348697
lin,16,2,todas,tipo,recall_Wa,0.9896282484558909
lin,16,2,dinamicas,px,acc_anio,0.9999630734645587
lin,16,2,dinamicas,px,exacta,0.9991642587431065
lin,16,2,dinamicas,px,n_cambios_ok,0.9996722666871234
lin,16,2,dinamicas,px,estados_ok,0.9996398769188807
lin,16,2,dinamicas,px,err_anio_cambio,0.0002817361769857426
lin,16,2,dinamicas,px,macro_f1,0.9999348750176886
lin,16,2,dinamicas,px,recall_A,0.9999749247070666
lin,16,2,dinamicas,px,recall_F,0.9999794038027744
lin,16,2,dinamicas,px,recall_G,0.9998601889883177
lin,16,2,dinamicas,px,recall_Wt,0.9999537673481002
lin,16,2,dinamicas,px,recall_U,0.9999482931069864
lin,16,2,dinamicas,px,recall_Sh,0.9999772923307959
lin,16,2,dinamicas,px,recall_Sp,0.9999228345637531
lin,16,2,dinamicas,px,recall_B,0.9999592567791072
lin,16,2,dinamicas,px,recall_Wa,0.9998350206138603
lin,16,2,dinamicas,tipo,acc_anio,0.99369115110704
lin,16,2,dinamicas,tipo,exacta,0.8697876694806856
lin,16,2,dinamicas,tipo,n_cambios_ok,0.9511383985674086
lin,16,2,dinamicas,tipo,estados_ok,0.946149910463034
lin,16,2,dinamicas,tipo,err_anio_cambio,0.047857239421387046
lin,16,2,dinamicas,tipo,macro_f1,0.9934756997130704
lin,16,2,dinamicas,tipo,recall_A,0.9940632685946909
lin,16,2,dinamicas,tipo,recall_F,0.9953747714808043
lin,16,2,dinamicas,tipo,recall_G,0.9911746680286007
lin,16,2,dinamicas,tipo,recall_Wt,0.9940579208491981
lin,16,2,dinamicas,tipo,recall_U,0.9963599301106582
lin,16,2,dinamicas,tipo,recall_Sh,0.9949683330412797
lin,16,2,dinamicas,tipo,recall_Sp,0.9917941638866521
lin,16,2,dinamicas,tipo,recall_B,0.9936922399882646
lin,16,2,dinamicas,tipo,recall_Wa,0.9896094798902574
lin,16,2,constantes,px,acc_anio,1.0
lin,16,2,constantes,px,exacta,1.0
lin,16,2,constantes,px,n_cambios_ok,1.0
lin,16,2,constantes,px,estados_ok,1.0
lin,16,2,constantes,px,err_anio_cambio,
lin,16,2,constantes,px,macro_f1,1.0
lin,16,2,constantes,tipo,acc_anio,1.0
lin,16,2,constantes,tipo,exacta,1.0
lin,16,2,constantes,tipo,n_cambios_ok,1.0
lin,16,2,constantes,tipo,estados_ok,1.0
lin,16,2,constantes,tipo,err_anio_cambio,
lin,16,2,constantes,tipo,macro_f1,1.0
lin,16,2,todas_sin_costura,px,acc_anio,0.999998096249149
lin,16,2,todas_sin_costura,px,exacta,0.9999552434374054
lin,16,2,todas_sin_costura,px,n_cambios_ok,0.9999826209738276
lin,16,2,todas_sin_costura,px,estados_ok,0.9999812562746571
lin,16,2,todas_sin_costura,px,err_anio_cambio,0.00025637391566221484
lin,16,2,todas_sin_costura,px,macro_f1,0.9999943391104933
lin,16,2,todas_sin_costura,tipo,acc_anio,0.9940856934795018
lin,16,2,todas_sin_costura,tipo,exacta,0.8732458816351434
lin,16,2,todas_sin_costura,tipo,n_cambios_ok,0.9543929225137279
lin,16,2,todas_sin_costura,tipo,estados_ok,0.950274557657108
lin,16,2,todas_sin_costura,tipo,err_anio_cambio,0.04835771312222043
lin,16,2,todas_sin_costura,tipo,macro_f1,0.9938763577816538
lin,16,2,dinamicas_sin_costura,px,acc_anio,0.9999684532630402
lin,16,2,dinamicas_sin_costura,px,exacta,0.9992583464864915
lin,16,2,dinamicas_sin_costura,px,n_cambios_ok,0.9997120150638275
lin,16,2,dinamicas_sin_costura,px,estados_ok,0.9996894008621088
lin,16,2,dinamicas_sin_costura,px,err_anio_cambio,0.00025637391566221484
lin,16,2,dinamicas_sin_costura,px,macro_f1,0.9999431091518759
lin,16,2,dinamicas_sin_costura,tipo,acc_anio,0.9940775632276789
lin,16,2,dinamicas_sin_costura,tipo,exacta,0.8730716358637544
lin,16,2,dinamicas_sin_costura,tipo,n_cambios_ok,0.9543302275851535
lin,16,2,dinamicas_sin_costura,tipo,estados_ok,0.9502062013135787
lin,16,2,dinamicas_sin_costura,tipo,err_anio_cambio,0.04835771312222043
lin,16,2,dinamicas_sin_costura,tipo,macro_f1,0.9938650982217789
lin,16,2,todas,tipo,spearman_om,0.7257892031162917
lin,16,2,todas,px,spearman_om,0.3316648756095841
lin,16,2,todas,tipo,knn10_om,0.747911077041012
lin,16,2,todas,px,knn10_om,0.7582715710402461
lin,19,0,todas,px,acc_anio,0.9999988405508541
lin,19,0,todas,px,exacta,0.9999718165356791
lin,19,0,todas,px,n_cambios_ok,0.9999877788517547
lin,19,0,todas,px,estados_ok,0.9999871414676058
lin,19,0,todas,px,err_anio_cambio,0.0001401702902072048
lin,19,0,todas,px,macro_f1,0.9999962129985224
lin,19,0,todas,px,recall_A,0.9999991717624549
lin,19,0,todas,px,recall_F,0.9999986998168408
lin,19,0,todas,px,recall_G,0.9999941334463779
lin,19,0,todas,px,recall_Wt,0.9999972300195861
lin,19,0,todas,px,recall_U,0.9999914351914461
lin,19,0,todas,px,recall_Sh,0.9999994692069665
lin,19,0,todas,px,recall_Sp,0.9999993432056613
lin,19,0,todas,px,recall_B,0.999997300455363
lin,19,0,todas,px,recall_Wa,0.9999940405540787
lin,19,0,todas,tipo,acc_anio,0.9967193791548692
lin,19,0,todas,tipo,exacta,0.9234700396064903
lin,19,0,todas,tipo,n_cambios_ok,0.9718921681359397
lin,19,0,todas,tipo,estados_ok,0.9699757250542992
lin,19,0,todas,tipo,err_anio_cambio,0.029056222251527538
lin,19,0,todas,tipo,macro_f1,0.9965354948701606
lin,19,0,todas,tipo,recall_A,0.9967235340639475
lin,19,0,todas,tipo,recall_F,0.9976430176682319
lin,19,0,todas,tipo,recall_G,0.9946951766914225
lin,19,0,todas,tipo,recall_Wt,0.9970054707745465
lin,19,0,todas,tipo,recall_U,0.9975358747644586
lin,19,0,todas,tipo,recall_Sh,0.9971984591525339
lin,19,0,todas,tipo,recall_Sp,0.9968211413251628
lin,19,0,todas,tipo,recall_B,0.9964358949321356
lin,19,0,todas,tipo,recall_Wa,0.9951054655634541
lin,19,0,dinamicas,px,acc_anio,0.9999821691301314
lin,19,0,dinamicas,px,exacta,0.9995665737591736
lin,19,0,dinamicas,px,n_cambios_ok,0.9998120541079603
lin,19,0,dinamicas,px,estados_ok,0.9998022519412552
lin,19,0,dinamicas,px,err_anio_cambio,0.0001401702902072048
lin,19,0,dinamicas,px,macro_f1,0.9999680779327483
lin,19,0,dinamicas,px,recall_A,0.9999870880954298
lin,19,0,dinamicas,px,recall_F,0.9999904481404172
lin,19,0,dinamicas,px,recall_G,0.9999304422827452
lin,19,0,dinamicas,px,recall_Wt,0.999975989672494
lin,19,0,dinamicas,px,recall_U,0.9999692990322732
lin,19,0,dinamicas,px,recall_Sh,0.9999887302678765
lin,19,0,dinamicas,px,recall_Sp,0.999971197302348
lin,19,0,dinamicas,px,recall_B,0.9999739808143804
lin,19,0,dinamicas,px,recall_Wa,0.9999309255857339
lin,19,0,dinamicas,tipo,acc_anio,0.9967156025383935
lin,19,0,dinamicas,tipo,exacta,0.9233819391148631
lin,19,0,dinamicas,tipo,n_cambios_ok,0.971859810693272
lin,19,0,dinamicas,tipo,estados_ok,0.9699411614223586
lin,19,0,dinamicas,tipo,err_anio_cambio,0.029056222251527538
lin,19,0,dinamicas,tipo,macro_f1,0.9965296590400379
lin,19,0,dinamicas,tipo,recall_A,0.9967206626523054
lin,19,0,dinamicas,tipo,recall_F,0.9976416819012797
lin,19,0,dinamicas,tipo,recall_G,0.994688457609806
lin,19,0,dinamicas,tipo,recall_Wt,0.9970001153801776
lin,19,0,dinamicas,tipo,recall_U,0.9975247524752475
lin,19,0,dinamicas,tipo,recall_Sh,0.997196285077728
lin,19,0,dinamicas,tipo,recall_Sp,0.9968173626289352
lin,19,0,dinamicas,tipo,recall_B,0.9964304923964599
lin,19,0,dinamicas,tipo,recall_Wa,0.9950966084875372
lin,19,0,constantes,px,acc_anio,1.0
lin,19,0,constantes,px,exacta,1.0
lin,19,0,constantes,px,n_cambios_ok,1.0
lin,19,0,constantes,px,estados_ok,1.0
lin,19,0,constantes,px,err_anio_cambio,
lin,19,0,constantes,px,macro_f1,1.0
lin,19,0,constantes,tipo,acc_anio,1.0
lin,19,0,constantes,tipo,exacta,1.0
lin,19,0,constantes,tipo,n_cambios_ok,1.0
lin,19,0,constantes,tipo,estados_ok,1.0
lin,19,0,constantes,tipo,err_anio_cambio,
lin,19,0,constantes,tipo,macro_f1,1.0
lin,19,0,todas_sin_costura,px,acc_anio,0.9999990530658817
lin,19,0,todas_sin_costura,px,exacta,0.999975992434999
lin,19,0,todas_sin_costura,px,n_cambios_ok,0.9999897508307188
lin,19,0,todas_sin_costura,px,estados_ok,0.9999891659596457
lin,19,0,todas_sin_costura,px,err_anio_cambio,0.00013132440081222642
lin,19,0,todas_sin_costura,px,macro_f1,0.9999966948163761
lin,19,0,todas_sin_costura,tipo,acc_anio,0.9968804739317838
lin,19,0,todas_sin_costura,tipo,exacta,0.9246491763270287
lin,19,0,todas_sin_costura,tipo,n_cambios_ok,0.9737644905430141
lin,19,0,todas_sin_costura,tipo,estados_ok,0.9717815741305674
lin,19,0,todas_sin_costura,tipo,err_anio_cambio,0.029629047469349263
lin,19,0,todas_sin_costura,tipo,macro_f1,0.9967074224651176
lin,19,0,dinamicas_sin_costura,px,acc_anio,0.9999843085130932
lin,19,0,dinamicas_sin_costura,px,exacta,0.9996021746554795
lin,19,0,dinamicas_sin_costura,px,n_cambios_ok,0.9998301627299495
lin,19,0,dinamicas_sin_costura,px,estados_ok,0.9998204709292129
lin,19,0,dinamicas_sin_costura,px,err_anio_cambio,0.00013132440081222642
lin,19,0,dinamicas_sin_costura,px,macro_f1,0.9999712749937721
lin,19,0,dinamicas_sin_costura,tipo,acc_anio,0.9968761855959637
lin,19,0,dinamicas_sin_costura,tipo,exacta,0.924545593401558
lin,19,0,dinamicas_sin_costura,tipo,n_cambios_ok,0.9737284252329311
lin,19,0,dinamicas_sin_costura,tipo,estados_ok,0.9717427829540247
lin,19,0,dinamicas_sin_costura,tipo,err_anio_cambio,0.029629047469349263
lin,19,0,dinamicas_sin_costura,tipo,macro_f1,0.996700867850512
lin,19,0,todas,tipo,spearman_om,0.6960193324312106
lin,19,0,todas,px,spearman_om,0.47179225441802525
lin,19,0,todas,tipo,knn10_om,0.7552318896128786
lin,19,0,todas,px,knn10_om,0.788953531342354
lin,19,1,todas,px,acc_anio,0.99999886200558
lin,19,1,todas,px,exacta,0.9999720659468678
lin,19,1,todas,px,n_cambios_ok,0.9999865317958113
lin,19,1,todas,px,estados_ok,0.9999858389869538
lin,19,1,todas,px,err_anio_cambio,0.00012397468671348006
lin,19,1,todas,px,macro_f1,0.9999962355695655
lin,19,1,todas,px,recall_A,0.9999991357521268
lin,19,1,todas,px,recall_F,0.9999985846964569
lin,19,1,todas,px,recall_G,0.9999943681085228
lin,19,1,todas,px,recall_Wt,0.9999968174693117
lin,19,1,todas,px,recall_U,0.9999878289562654
lin,19,1,todas,px,recall_Sh,0.9999995431482845
lin,19,1,todas,px,recall_Sp,0.9999994657419186
lin,19,1,todas,px,recall_B,0.9999978445496309
lin,19,1,todas,px,recall_Wa,0.999993301779791
lin,19,1,todas,tipo,acc_anio,0.9968182923461798
lin,19,1,todas,tipo,exacta,0.9256420084323496
lin,19,1,todas,tipo,n_cambios_ok,0.9699757250542992
lin,19,1,todas,tipo,estados_ok,0.9678037562284401
lin,19,1,todas,tipo,err_anio_cambio,0.026235791699709222
lin,19,1,todas,tipo,macro_f1,0.9966219419206234
lin,19,1,todas,tipo,recall_A,0.9964975708959439
lin,19,1,todas,tipo,recall_F,0.9976247464873654
lin,19,1,todas,tipo,recall_G,0.9949400146902799
lin,19,1,todas,tipo,recall_Wt,0.9968902965735675
lin,19,1,todas,tipo,recall_U,0.9968111320481229
lin,19,1,todas,tipo,recall_Sh,0.9974235829706338
lin,19,1,todas,tipo,recall_Sp,0.9973190348525469
lin,19,1,todas,tipo,recall_B,0.9968753051459819
lin,19,1,todas,tipo,recall_Wa,0.9952802703647593
lin,19,1,dinamicas,px,acc_anio,0.9999824990768367
lin,19,1,dinamicas,px,exacta,0.9995704093896234
lin,19,1,dinamicas,px,n_cambios_ok,0.9997928759557112
lin,19,1,dinamicas,px,estados_ok,0.999782221426684
lin,19,1,dinamicas,px,err_anio_cambio,0.00012397468671348006
lin,19,1,dinamicas,px,macro_f1,0.9999684917505794
lin,19,1,dinamicas,px,recall_A,0.9999865267082746
lin,19,1,dinamicas,px,recall_F,0.9999896024028498
lin,19,1,dinamicas,px,recall_G,0.9999332245914354
lin,19,1,dinamicas,px,recall_Wt,0.9999724136662698
lin,19,1,dinamicas,px,recall_U,0.9999563723090198
lin,19,1,dinamicas,px,recall_Sh,0.9999903001808091
lin,19,1,dinamicas,px,recall_Sp,0.9999765709399696
lin,19,1,dinamicas,px,recall_B,0.999979224991327
lin,19,1,dinamicas,px,recall_Wa,0.9999223626418167
lin,19,1,dinamicas,tipo,acc_anio,0.9968146295975375
lin,19,1,dinamicas,tipo,exacta,0.9255564082885649
lin,19,1,dinamicas,tipo,n_cambios_ok,0.9699411614223586
lin,19,1,dinamicas,tipo,estados_ok,0.967766692248657
lin,19,1,dinamicas,tipo,err_anio_cambio,0.026235791699709222
lin,19,1,dinamicas,tipo,macro_f1,0.9966161450818541
lin,19,1,dinamicas,tipo,recall_A,0.9964945014559127
lin,19,1,dinamicas,tipo,recall_F,0.9976234003656307
lin,19,1,dinamicas,tipo,recall_G,0.9949336057201226
lin,19,1,dinamicas,tipo,recall_Wt,0.9968847352024922
lin,19,1,dinamicas,tipo,recall_U,0.9967967384973792
lin,19,1,dinamicas,tipo,recall_Sh,0.9974215835982677
lin,19,1,dinamicas,tipo,recall_Sp,0.9973158480003068
lin,19,1,dinamicas,tipo,recall_B,0.9968705686763484
lin,19,1,dinamicas,tipo,recall_Wa,0.9952717296129823
lin,19,1,constantes,px,acc_anio,1.0
lin,19,1,constantes,px,exacta,1.0
lin,19,1,constantes,px,n_cambios_ok,1.0
lin,19,1,constantes,px,estados_ok,1.0
lin,19,1,constantes,px,err_anio_cambio,
lin,19,1,constantes,px,macro_f1,1.0
lin,19,1,constantes,tipo,acc_anio,1.0
lin,19,1,constantes,tipo,exacta,1.0
lin,19,1,constantes,tipo,n_cambios_ok,1.0
lin,19,1,constantes,tipo,estados_ok,1.0
lin,19,1,constantes,tipo,err_anio_cambio,
lin,19,1,constantes,tipo,macro_f1,1.0
lin,19,1,todas_sin_costura,px,acc_anio,0.9999990710342709
lin,19,1,todas_sin_costura,px,exacta,0.9999765773060721
lin,19,1,todas_sin_costura,px,n_cambios_ok,0.9999889431516179
lin,19,1,todas_sin_costura,px,estados_ok,0.9999884139825518
lin,19,1,todas_sin_costura,px,err_anio_cambio,0.0001146313977398689
lin,19,1,todas_sin_costura,px,macro_f1,0.9999967785204381
lin,19,1,todas_sin_costura,tipo,acc_anio,0.9969493593654668
lin,19,1,todas_sin_costura,tipo,exacta,0.9269371568029287
lin,19,1,todas_sin_costura,tipo,n_cambios_ok,0.9722391702257475
lin,19,1,todas_sin_costura,tipo,estados_ok,0.9701037217815741
lin,19,1,todas_sin_costura,tipo,err_anio_cambio,0.026872408544586158
lin,19,1,todas_sin_costura,tipo,macro_f1,0.9967343249582608
lin,19,1,dinamicas_sin_costura,px,acc_anio,0.9999846062642678
lin,19,1,dinamicas_sin_costura,px,exacta,0.9996118664562161
lin,19,1,dinamicas_sin_costura,px,n_cambios_ok,0.9998167788146466
lin,19,1,dinamicas_sin_costura,px,estados_ok,0.9998080100425516
lin,19,1,dinamicas_sin_costura,px,err_anio_cambio,0.0001146313977398689
lin,19,1,dinamicas_sin_costura,px,macro_f1,0.9999716390643587
lin,19,1,dinamicas_sin_costura,tipo,acc_anio,0.9969451657247594
lin,19,1,dinamicas_sin_costura,tipo,exacta,0.9268367191079884
lin,19,1,dinamicas_sin_costura,tipo,n_cambios_ok,0.9722010080953108
lin,19,1,dinamicas_sin_costura,tipo,estados_ok,0.9700626241026424
lin,19,1,dinamicas_sin_costura,tipo,err_anio_cambio,0.026872408544586158
lin,19,1,dinamicas_sin_costura,tipo,macro_f1,0.99672775123748
lin,19,1,todas,tipo,spearman_om,0.7179300656011719
lin,19,1,todas,px,spearman_om,0.19693202096562762
lin,19,1,todas,tipo,knn10_om,0.7507090839402071
lin,19,1,todas,px,knn10_om,0.776240070351691
lin,19,2,todas,px,acc_anio,0.99999887362689
lin,19,2,todas,px,exacta,0.9999718719603877
lin,19,2,todas,px,n_cambios_ok,0.9999878342764633
lin,19,2,todas,px,estados_ok,0.999987252317023
lin,19,2,todas,px,err_anio_cambio,0.00013285250672077386
lin,19,2,todas,px,macro_f1,0.999995841477135
lin,19,2,todas,px,recall_A,0.999999207772783
lin,19,2,todas,px,recall_F,0.9999987946218628
lin,19,2,todas,px,recall_G,0.9999938987842331
lin,19,2,todas,px,recall_Wt,0.9999969353408187
lin,19,2,todas,px,recall_U,0.9999887305150605
lin,19,2,todas,px,recall_Sh,0.9999995193814323
lin,19,2,todas,px,recall_Sp,0.9999993677129128
lin,19,2,todas,px,recall_B,0.9999974887956865
lin,19,2,todas,px,recall_Wa,0.9999942868121746
lin,19,2,todas,tipo,acc_anio,0.9967976854313233
lin,19,2,todas,tipo,exacta,0.9244921425833653
lin,19,2,todas,tipo,n_cambios_ok,0.9715088795196116
lin,19,2,todas,tipo,estados_ok,0.9697201993100805
lin,19,2,todas,tipo,err_anio_cambio,0.02679945477729411
lin,19,2,todas,tipo,macro_f1,0.9965121853402121
lin,19,2,todas,tipo,recall_A,0.9967235340639475
lin,19,2,todas,tipo,recall_F,0.998081526009026
lin,19,2,todas,tipo,recall_G,0.9946543703582796
lin,19,2,todas,tipo,recall_Wt,0.996487186870141
lin,19,2,todas,tipo,recall_U,0.9972459776779243
lin,19,2,todas,tipo,recall_Sh,0.9972234729101006
lin,19,2,todas,tipo,recall_Sp,0.9970126388356951
lin,19,2,todas,tipo,recall_B,0.9963382482179475
lin,19,2,todas,tipo,recall_Wa,0.9952802703647593
lin,19,2,dinamicas,px,acc_anio,0.9999826777979688
lin,19,2,dinamicas,px,exacta,0.9995674261214957
lin,19,2,dinamicas,px,n_cambios_ok,0.9998129064702824
lin,19,2,dinamicas,px,estados_ok,0.9998039566658995
lin,19,2,dinamicas,px,err_anio_cambio,0.00013285250672077386
lin,19,2,dinamicas,px,macro_f1,0.9999670771016258
lin,19,2,dinamicas,px,recall_A,0.999987649482585
lin,19,2,dinamicas,px,recall_F,0.9999911446301784
lin,19,2,dinamicas,px,recall_G,0.999927659974055
lin,19,2,dinamicas,px,recall_Wt,0.9999734353823339
lin,19,2,dinamicas,px,recall_U,0.9999596039898331
lin,19,2,dinamicas,px,recall_Sh,0.9999897955659379
lin,19,2,dinamicas,px,recall_Sp,0.9999722720298723
lin,19,2,dinamicas,px,recall_B,0.9999757961064003
lin,19,2,dinamicas,px,recall_Wa,0.999933779900373
lin,19,2,dinamicas,tipo,acc_anio,0.9967939989602159
lin,19,2,dinamicas,tipo,exacta,0.9244052187260169
lin,19,2,dinamicas,tipo,n_cambios_ok,0.9714760808390893
lin,19,2,dinamicas,tipo,estados_ok,0.9696853415195702
lin,19,2,dinamicas,tipo,err_anio_cambio,0.02679945477729411
lin,19,2,dinamicas,tipo,macro_f1,0.9965060612481332
lin,19,2,dinamicas,tipo,recall_A,0.9967206626523054
lin,19,2,dinamicas,tipo,recall_F,0.9980804387568556
lin,19,2,dinamicas,tipo,recall_G,0.9946475995914198
lin,19,2,dinamicas,tipo,recall_Wt,0.996480904580593
lin,19,2,dinamicas,tipo,recall_U,0.9972335468841002
lin,19,2,dinamicas,tipo,recall_Sh,0.9972213182466768
lin,19,2,dinamicas,tipo,recall_Sp,0.9970090877717704
lin,19,2,dinamicas,tipo,recall_B,0.9963326976675957
lin,19,2,dinamicas,tipo,recall_Wa,0.9952717296129823
lin,19,2,constantes,px,acc_anio,1.0
lin,19,2,constantes,px,exacta,1.0
lin,19,2,constantes,px,n_cambios_ok,1.0
lin,19,2,constantes,px,estados_ok,1.0
lin,19,2,constantes,px,err_anio_cambio,
lin,19,2,constantes,px,macro_f1,1.0
lin,19,2,constantes,tipo,acc_anio,1.0
lin,19,2,constantes,tipo,exacta,1.0
lin,19,2,constantes,tipo,n_cambios_ok,1.0
lin,19,2,constantes,tipo,estados_ok,1.0
lin,19,2,constantes,tipo,err_anio_cambio,
lin,19,2,constantes,tipo,macro_f1,1.0
lin,19,2,todas_sin_costura,px,acc_anio,0.9999991042757914
lin,19,2,todas_sin_costura,px,exacta,0.9999768001141
lin,19,2,todas_sin_costura,px,n_cambios_ok,0.9999897786817223
lin,19,2,todas_sin_costura,px,estados_ok,0.9999893052146631
lin,19,2,todas_sin_costura,px,err_anio_cambio,0.00011716848320128606
lin,19,2,todas_sin_costura,px,macro_f1,0.9999965668589539
lin,19,2,todas_sin_costura,tipo,acc_anio,0.9970084040229092
lin,19,2,todas_sin_costura,tipo,exacta,0.9269371568029287
lin,19,2,todas_sin_costura,tipo,n_cambios_ok,0.9730018303843807
lin,19,2,todas_sin_costura,tipo,estados_ok,0.9714765100671141
lin,19,2,todas_sin_costura,tipo,err_anio_cambio,0.0264937106918239
lin,19,2,todas_sin_costura,tipo,macro_f1,0.9967665290281832
lin,19,2,dinamicas_sin_costura,px,acc_anio,0.9999851571039409
lin,19,2,dinamicas_sin_costura,px,exacta,0.9996155585707824
lin,19,2,dinamicas_sin_costura,px,n_cambios_ok,0.9998306242442703
lin,19,2,dinamicas_sin_costura,px,estados_ok,0.9998227785008169
lin,19,2,dinamicas_sin_costura,px,err_anio_cambio,0.00011716848320128606
lin,19,2,dinamicas_sin_costura,px,macro_f1,0.9999715496874136
lin,19,2,dinamicas_sin_costura,tipo,acc_anio,0.9970042915494415
lin,19,2,dinamicas_sin_costura,tipo,exacta,0.9268367191079884
lin,19,2,dinamicas_sin_costura,tipo,n_cambios_ok,0.972964716664121
lin,19,2,dinamicas_sin_costura,tipo,estados_ok,0.9714372995265007
lin,19,2,dinamicas_sin_costura,tipo,err_anio_cambio,0.0264937106918239
lin,19,2,dinamicas_sin_costura,tipo,macro_f1,0.996759904917679
lin,19,2,todas,tipo,spearman_om,0.6982517374949833
lin,19,2,todas,px,spearman_om,-0.021709840501646413
lin,19,2,todas,tipo,knn10_om,0.7608279034112688
lin,19,2,todas,px,knn10_om,0.7935123023038748
lin,1,0,todas,px,acc_anio,0.7407575782970621
lin,1,0,todas,px,exacta,0.2930665712548783
lin,1,0,todas,px,n_cambios_ok,0.3129304265549312
lin,1,0,todas,px,estados_ok,0.3037229137024262
lin,1,0,todas,px,err_anio_cambio,3.1083243226680923
lin,1,0,todas,px,macro_f1,0.6307188229027914
lin,1,0,todas,px,recall_A,0.8411836221923137
lin,1,0,todas,px,recall_F,0.9736242135601763
lin,1,0,todas,px,recall_G,0.60034071183471
lin,1,0,todas,px,recall_Wt,0.1945415001707074
lin,1,0,todas,px,recall_U,0.0
lin,1,0,todas,px,recall_Sh,0.5146439433728865
lin,1,0,todas,px,recall_Sp,0.9954586739684029
lin,1,0,todas,px,recall_B,0.8010053690176024
lin,1,0,todas,px,recall_Wa,0.5565665927941631
lin,1,0,todas,tipo,acc_anio,0.49262478517291264
lin,1,0,todas,tipo,exacta,0.0006388143605468251
lin,1,0,todas,tipo,n_cambios_ok,0.3794557301648141
lin,1,0,todas,tipo,estados_ok,0.05966526127507346
lin,1,0,todas,tipo,err_anio_cambio,4.297491039426523
lin,1,0,todas,tipo,macro_f1,0.40862996060359186
lin,1,0,todas,tipo,recall_A,0.5559541294768953
lin,1,0,todas,tipo,recall_F,0.7528274652390784
lin,1,0,todas,tipo,recall_G,0.3207785848363666
lin,1,0,todas,tipo,recall_Wt,0.11390728476821192
lin,1,0,todas,tipo,recall_U,0.0
lin,1,0,todas,tipo,recall_Sh,0.3465405973285307
lin,1,0,todas,tipo,recall_Sp,0.7011106855610877
lin,1,0,todas,tipo,recall_B,0.6064837418220876
lin,1,0,todas,tipo,recall_Wa,0.24600862370353105
lin,1,0,dinamicas,px,acc_anio,0.6740625457972901
lin,1,0,dinamicas,px,exacta,0.012301719214803828
lin,1,0,dinamicas,px,n_cambios_ok,0.317782835127556
lin,1,0,dinamicas,px,estados_ok,0.17618286581259962
lin,1,0,dinamicas,px,err_anio_cambio,3.1083243226680923
lin,1,0,dinamicas,px,macro_f1,0.5421510692154566
lin,1,0,dinamicas,px,recall_A,0.8772775242976157
lin,1,0,dinamicas,px,recall_F,0.8062289865307835
lin,1,0,dinamicas,px,recall_G,0.4639537997641993
lin,1,0,dinamicas,px,recall_Wt,0.20215674043967508
lin,1,0,dinamicas,px,recall_U,0.0
lin,1,0,dinamicas,px,recall_Sh,0.48459780849125533
lin,1,0,dinamicas,px,recall_Sp,0.8008471862128794
lin,1,0,dinamicas,px,recall_B,0.7539587484973416
lin,1,0,dinamicas,px,recall_Wa,0.3015566290315767
lin,1,0,dinamicas,tipo,acc_anio,0.4924821957599914
lin,1,0,dinamicas,tipo,exacta,0.0003837298541826554
lin,1,0,dinamicas,tipo,n_cambios_ok,0.3796367357380404
lin,1,0,dinamicas,tipo,estados_ok,0.05947812739831159
lin,1,0,dinamicas,tipo,err_anio_cambio,4.297491039426523
lin,1,0,dinamicas,tipo,macro_f1,0.4083670518481437
lin,1,0,dinamicas,tipo,recall_A,0.555706329686484
lin,1,0,dinamicas,tipo,recall_F,0.7526873857404022
lin,1,0,dinamicas,tipo,recall_G,0.3204085801838611
lin,1,0,dinamicas,tipo,recall_Wt,0.113764855197877
lin,1,0,dinamicas,tipo,recall_U,0.0
lin,1,0,dinamicas,tipo,recall_Sh,0.3464089919142864
lin,1,0,dinamicas,tipo,recall_Sp,0.7007553970627708
lin,1,0,dinamicas,tipo,recall_B,0.606180626864212
lin,1,0,dinamicas,tipo,recall_Wa,0.24540307045706614
lin,1,0,constantes,px,acc_anio,0.745396025119099
lin,1,0,constantes,px,exacta,0.3125929555577772
lin,1,0,constantes,px,n_cambios_ok,0.3125929555577772
lin,1,0,constantes,px,estados_ok,0.3125929555577772
lin,1,0,constantes,px,err_anio_cambio,
lin,1,0,constantes,px,macro_f1,0.6362106762992042
lin,1,0,constantes,tipo,acc_anio,0.6164874551971327
lin,1,0,constantes,tipo,exacta,0.2222222222222222
lin,1,0,constantes,tipo,n_cambios_ok,0.2222222222222222
lin,1,0,constantes,tipo,estados_ok,0.2222222222222222
lin,1,0,constantes,tipo,err_anio_cambio,
lin,1,0,constantes,tipo,macro_f1,0.5927916206573418
lin,1,0,todas_sin_costura,px,acc_anio,0.740902246680167
lin,1,0,todas_sin_costura,px,exacta,0.29453282852089807
lin,1,0,todas_sin_costura,px,n_cambios_ok,0.3122677626667826
lin,1,0,todas_sin_costura,px,estados_ok,0.3038148717061628
lin,1,0,todas_sin_costura,px,err_anio_cambio,3.229106607021226
lin,1,0,todas_sin_costura,px,macro_f1,0.6310074262632137
lin,1,0,todas_sin_costura,tipo,acc_anio,0.4874234879647307
lin,1,0,todas_sin_costura,tipo,exacta,0.000762660158633313
lin,1,0,todas_sin_costura,tipo,n_cambios_ok,0.3808724832214765
lin,1,0,todas_sin_costura,tipo,estados_ok,0.060250152532031725
lin,1,0,todas_sin_costura,tipo,err_anio_cambio,4.253180661577608
lin,1,0,todas_sin_costura,tipo,macro_f1,0.4089737904363992
lin,1,0,dinamicas_sin_costura,px,acc_anio,0.6709303741630587
lin,1,0,dinamicas_sin_costura,px,exacta,0.013321610869585283
lin,1,0,dinamicas_sin_costura,px,n_cambios_ok,0.30720423854752216
lin,1,0,dinamicas_sin_costura,px,estados_ok,0.16713279613066392
lin,1,0,dinamicas_sin_costura,px,err_anio_cambio,3.229106607021226
lin,1,0,dinamicas_sin_costura,px,macro_f1,0.5368843571217633
lin,1,0,dinamicas_sin_costura,tipo,acc_anio,0.48724606690087063
lin,1,0,dinamicas_sin_costura,tipo,exacta,0.00045822514128608525
lin,1,0,dinamicas_sin_costura,tipo,n_cambios_ok,0.3810905758362609
lin,1,0,dinamicas_sin_costura,tipo,estados_ok,0.060027493508477164
lin,1,0,dinamicas_sin_costura,tipo,err_anio_cambio,4.253180661577608
lin,1,0,dinamicas_sin_costura,tipo,macro_f1,0.4086652339684754
lin,1,0,todas,tipo,spearman_om,0.6670859055286703
lin,1,0,todas,px,spearman_om,0.85675656084597
lin,1,0,todas,tipo,knn10_om,0.028452791618755593
lin,1,0,todas,px,knn10_om,0.08513636238049013
lin,1,1,todas,px,acc_anio,0.7532209673828818
lin,1,1,todas,px,exacta,0.29308087082969597
lin,1,1,todas,px,n_cambios_ok,0.30219931617548784
lin,1,1,todas,px,estados_ok,0.2985032363457281
lin,1,1,todas,px,err_anio_cambio,1.8401193232228525
lin,1,1,todas,px,macro_f1,0.631530204944132
lin,1,1,todas,px,recall_A,0.4559813951119693
lin,1,1,todas,px,recall_F,0.968628977580251
lin,1,1,todas,px,recall_G,0.56998995000699
lin,1,1,todas,px,recall_Wt,0.2866161795498947
lin,1,1,todas,px,recall_U,0.0
lin,1,1,todas,px,recall_Sh,0.801904482763711
lin,1,1,todas,px,recall_Sp,0.9952684486827001
lin,1,1,todas,px,recall_B,0.8027686739064548
lin,1,1,todas,px,recall_Wa,0.5584286487606495
lin,1,1,todas,tipo,acc_anio,0.49679974612280897
lin,1,1,todas,tipo,exacta,0.0007665772326561902
lin,1,1,todas,tipo,n_cambios_ok,0.3973425322601252
lin,1,1,todas,tipo,estados_ok,0.06809761083429156
lin,1,1,todas,tipo,err_anio_cambio,4.182988072818581
lin,1,1,todas,tipo,macro_f1,0.4142912405490707
lin,1,1,todas,tipo,recall_A,0.3363179301773811
lin,1,1,todas,tipo,recall_F,0.7814035921141583
lin,1,1,todas,tipo,recall_G,0.3177181098506488
lin,1,1,todas,tipo,recall_Wt,0.14298877051540454
lin,1,1,todas,tipo,recall_U,0.0
lin,1,1,todas,tipo,recall_Sh,0.4978988443644004
lin,1,1,todas,tipo,recall_Sp,0.7060513213328227
lin,1,1,todas,tipo,recall_B,0.6187872278097842
lin,1,1,todas,tipo,recall_Wa,0.2671600046614614
lin,1,1,dinamicas,px,acc_anio,0.6441394728716444
lin,1,1,dinamicas,px,exacta,0.012521628693925214
lin,1,1,dinamicas,px,n_cambios_ok,0.15275185175714492
lin,1,1,dinamicas,px,estados_ok,0.09591079175936107
lin,1,1,dinamicas,px,err_anio_cambio,1.8401193232228525
lin,1,1,dinamicas,px,macro_f1,0.5369953363099138
lin,1,1,dinamicas,px,recall_A,0.5197160104560229
lin,1,1,dinamicas,px,recall_F,0.7695312395060137
lin,1,1,dinamicas,px,recall_G,0.45430997005540275
lin,1,1,dinamicas,px,recall_Wt,0.25819531226452636
lin,1,1,dinamicas,px,recall_U,0.0
lin,1,1,dinamicas,px,recall_Sh,0.7099075074582077
lin,1,1,dinamicas,px,recall_Sp,0.7925051511690241
lin,1,1,dinamicas,px,recall_B,0.7709541174856995
lin,1,1,dinamicas,px,recall_Wa,0.32313924374362774
lin,1,1,dinamicas,tipo,acc_anio,0.49666608900882164
lin,1,1,dinamicas,tipo,exacta,0.0005116398055768739
lin,1,1,dinamicas,tipo,n_cambios_ok,0.397544128933231
lin,1,1,dinamicas,tipo,estados_ok,0.06792018419033001
lin,1,1,dinamicas,tipo,err_anio_cambio,4.182988072818581
lin,1,1,dinamicas,tipo,macro_f1,0.41402745104543104
lin,1,1,dinamicas,tipo,recall_A,0.3362168885873406
lin,1,1,dinamicas,tipo,recall_F,0.7812797074954296
lin,1,1,dinamicas,tipo,recall_G,0.3173850868232891
lin,1,1,dinamicas,tipo,recall_Wt,0.1427252797969309
lin,1,1,dinamicas,tipo,recall_U,0.0
lin,1,1,dinamicas,tipo,recall_Sh,0.49765939870328185
lin,1,1,dinamicas,tipo,recall_Sp,0.7057019057479198
lin,1,1,dinamicas,tipo,recall_B,0.6185027627010904
lin,1,1,dinamicas,tipo,recall_Wa,0.2665927266359232
lin,1,1,constantes,px,acc_anio,0.7608072701792764
lin,1,1,constantes,px,exacta,0.3125929555577772
lin,1,1,constantes,px,n_cambios_ok,0.3125929555577772
lin,1,1,constantes,px,estados_ok,0.3125929555577772
lin,1,1,constantes,px,err_anio_cambio,
lin,1,1,constantes,px,macro_f1,0.6376861597427321
lin,1,1,constantes,tipo,acc_anio,0.6129032258064515
lin,1,1,constantes,tipo,exacta,0.2222222222222222
lin,1,1,constantes,tipo,n_cambios_ok,0.2222222222222222
lin,1,1,constantes,tipo,estados_ok,0.2222222222222222
lin,1,1,constantes,tipo,err_anio_cambio,
lin,1,1,constantes,tipo,macro_f1,0.6002991195763481
lin,1,1,todas_sin_costura,px,acc_anio,0.7538100233405876
lin,1,1,todas_sin_costura,px,exacta,0.2945471996386945
lin,1,1,todas_sin_costura,px,n_cambios_ok,0.30247933253621906
lin,1,1,todas_sin_costura,px,estados_ok,0.29895386896253257
lin,1,1,todas_sin_costura,px,err_anio_cambio,1.597045727525355
lin,1,1,todas_sin_costura,px,macro_f1,0.6319956909784474
lin,1,1,todas_sin_costura,tipo,acc_anio,0.49447932452911886
lin,1,1,todas_sin_costura,tipo,exacta,0.0009151921903599756
lin,1,1,todas_sin_costura,tipo,n_cambios_ok,0.3894142769981696
lin,1,1,todas_sin_costura,tipo,estados_ok,0.06650396583282489
lin,1,1,todas_sin_costura,tipo,err_anio_cambio,4.059523809523809
lin,1,1,todas_sin_costura,tipo,macro_f1,0.41685093571469717
lin,1,1,dinamicas_sin_costura,px,acc_anio,0.6448570630598278
lin,1,1,dinamicas_sin_costura,px,exacta,0.0135597522591126
lin,1,1,dinamicas_sin_costura,px,n_cambios_ok,0.14500179990585108
lin,1,1,dinamicas_sin_costura,px,estados_ok,0.08658193263736974
lin,1,1,dinamicas_sin_costura,px,err_anio_cambio,1.597045727525355
lin,1,1,dinamicas_sin_costura,px,macro_f1,0.5345499212402961
lin,1,1,dinamicas_sin_costura,tipo,acc_anio,0.4943165301024354
lin,1,1,dinamicas_sin_costura,tipo,exacta,0.0006109668550481136
lin,1,1,dinamicas_sin_costura,tipo,n_cambios_ok,0.3896441118069345
lin,1,1,dinamicas_sin_costura,tipo,estados_ok,0.06628990377272033
lin,1,1,dinamicas_sin_costura,tipo,err_anio_cambio,4.059523809523809
lin,1,1,dinamicas_sin_costura,tipo,macro_f1,0.416545378910931
lin,1,1,todas,tipo,spearman_om,0.6682165118464781
lin,1,1,todas,px,spearman_om,0.7859447525230974
lin,1,1,todas,tipo,knn10_om,0.031123035645841318
lin,1,1,todas,px,knn10_om,0.08295224920257006
lin,1,2,todas,px,acc_anio,0.7408815106273225
lin,1,2,todas,px,exacta,0.29307247398634373
lin,1,2,todas,px,n_cambios_ok,0.3133050421603288
lin,1,2,todas,px,estados_ok,0.30408929873859736
lin,1,2,todas,px,err_anio_cambio,3.3636647758348572
lin,1,2,todas,px,macro_f1,0.630709385068479
lin,1,2,todas,px,recall_A,0.8413347655414354
lin,1,2,todas,px,recall_F,0.9744971443440725
lin,1,2,todas,px,recall_G,0.5999063228717625
lin,1,2,todas,px,recall_Wt,0.19422321763400177
lin,1,2,todas,px,recall_U,0.0
lin,1,2,todas,px,recall_Sh,0.5146258647206087
lin,1,2,todas,px,recall_Sp,0.9954630950765633
lin,1,2,todas,px,recall_B,0.8010570579730559
lin,1,2,todas,px,recall_Wa,0.5566176667232567
lin,1,2,todas,tipo,acc_anio,0.49163565325980785
lin,1,2,todas,tipo,exacta,0.0007665772326561902
lin,1,2,todas,tipo,n_cambios_ok,0.3780503385716111
lin,1,2,todas,tipo,estados_ok,0.05966526127507346
lin,1,2,todas,tipo,err_anio_cambio,4.383512544802867
lin,1,2,todas,tipo,macro_f1,0.4066697982634142
lin,1,2,todas,tipo,recall_A,0.5616032086769857
lin,1,2,todas,tipo,recall_F,0.7525168551643493
lin,1,2,todas,tipo,recall_G,0.316779564188362
lin,1,2,todas,tipo,recall_Wt,0.11010653613590556
lin,1,2,todas,tipo,recall_U,0.0
lin,1,2,todas,tipo,recall_Sh,0.3433138226024313
lin,1,2,todas,tipo,recall_Sp,0.697893527384144
lin,1,2,todas,tipo,recall_B,0.6072649155355923
lin,1,2,todas,tipo,recall_Wa,0.2423959911432234
lin,1,2,dinamicas,px,acc_anio,0.6759684691930136
lin,1,2,dinamicas,px,exacta,0.012392495802115563
lin,1,2,dinamicas,px,n_cambios_ok,0.323543952063143
lin,1,2,dinamicas,px,estados_ok,0.18181740694334347
lin,1,2,dinamicas,px,err_anio_cambio,3.3636647758348572
lin,1,2,dinamicas,px,macro_f1,0.5422071346305396
lin,1,2,dinamicas,px,recall_A,0.8796337909407956
lin,1,2,dinamicas,px,recall_F,0.8126420155060511
lin,1,2,dinamicas,px,recall_G,0.4588033985900651
lin,1,2,dinamicas,px,recall_Wt,0.19939785163763205
lin,1,2,dinamicas,px,recall_U,0.0
lin,1,2,dinamicas,px,recall_Sh,0.4842139647792276
lin,1,2,dinamicas,px,recall_Sp,0.8010410670582687
lin,1,2,dinamicas,px,recall_B,0.7544569453072685
lin,1,2,dinamicas,px,recall_Wa,0.30214861388772496
lin,1,2,dinamicas,tipo,acc_anio,0.4914919251685524
lin,1,2,dinamicas,tipo,exacta,0.0005116398055768739
lin,1,2,dinamicas,tipo,n_cambios_ok,0.378229726272704
lin,1,2,dinamicas,tipo,estados_ok,0.05947812739831159
lin,1,2,dinamicas,tipo,err_anio_cambio,4.383512544802867
lin,1,2,dinamicas,tipo,macro_f1,0.406404868124013
lin,1,2,dinamicas,tipo,recall_A,0.5613603595963023
lin,1,2,dinamicas,tipo,recall_F,0.7523765996343693
lin,1,2,dinamicas,tipo,recall_G,0.31640449438202245
lin,1,2,dinamicas,tipo,recall_Wt,0.10995730933425638
lin,1,2,dinamicas,tipo,recall_U,0.0
lin,1,2,dinamicas,tipo,recall_Sh,0.3431797131198838
lin,1,2,dinamicas,tipo,recall_Sp,0.6975344146631389
lin,1,2,dinamicas,tipo,recall_B,0.6069629846951249
lin,1,2,dinamicas,tipo,recall_Wa,0.24178390053120075
lin,1,2,constantes,px,acc_anio,0.745396025119099
lin,1,2,constantes,px,exacta,0.3125929555577772
lin,1,2,constantes,px,n_cambios_ok,0.3125929555577772
lin,1,2,constantes,px,estados_ok,0.3125929555577772
lin,1,2,constantes,px,err_anio_cambio,
lin,1,2,constantes,px,macro_f1,0.6362058668267367
lin,1,2,constantes,tipo,acc_anio,0.6164874551971327
lin,1,2,constantes,tipo,exacta,0.2222222222222222
lin,1,2,constantes,tipo,n_cambios_ok,0.2222222222222222
lin,1,2,constantes,tipo,estados_ok,0.2222222222222222
lin,1,2,constantes,tipo,err_anio_cambio,
lin,1,2,constantes,tipo,macro_f1,0.5905471913617277
lin,1,2,todas_sin_costura,px,acc_anio,0.7410266768779468
lin,1,2,todas_sin_costura,px,exacta,0.29453876078463964
lin,1,2,todas_sin_costura,px,n_cambios_ok,0.312637066972946
lin,1,2,todas_sin_costura,px,estados_ok,0.30417417750207637
lin,1,2,todas_sin_costura,px,err_anio_cambio,3.511600953851268
lin,1,2,todas_sin_costura,px,macro_f1,0.6309931590354109
lin,1,2,todas_sin_costura,tipo,acc_anio,0.48655257926745255
lin,1,2,todas_sin_costura,tipo,exacta,0.0009151921903599756
lin,1,2,todas_sin_costura,tipo,n_cambios_ok,0.37873703477730325
lin,1,2,todas_sin_costura,tipo,estados_ok,0.05979255643685174
lin,1,2,todas_sin_costura,tipo,err_anio_cambio,4.313675213675214
lin,1,2,todas_sin_costura,tipo,macro_f1,0.40713318601238196
lin,1,2,dinamicas_sin_costura,px,acc_anio,0.6729922861603168
lin,1,2,dinamicas_sin_costura,px,exacta,0.01341991341991342
lin,1,2,dinamicas_sin_costura,px,n_cambios_ok,0.31332391844118923
lin,1,2,dinamicas_sin_costura,px,estados_ok,0.17308679238316765
lin,1,2,dinamicas_sin_costura,px,err_anio_cambio,3.511600953851268
lin,1,2,dinamicas_sin_costura,px,macro_f1,0.5368775512879096
lin,1,2,dinamicas_sin_costura,tipo,acc_anio,0.48637396098680996
lin,1,2,dinamicas_sin_costura,tipo,exacta,0.0006109668550481136
lin,1,2,dinamicas_sin_costura,tipo,n_cambios_ok,0.37895219184359247
lin,1,2,dinamicas_sin_costura,tipo,estados_ok,0.05956926836719108
lin,1,2,dinamicas_sin_costura,tipo,err_anio_cambio,4.313675213675214
lin,1,2,dinamicas_sin_costura,tipo,macro_f1,0.4068224120589162
lin,1,2,todas,tipo,spearman_om,0.6678213838798306
lin,1,2,todas,px,spearman_om,0.8459254050973231
lin,1,2,todas,tipo,knn10_om,0.028887185383927434
lin,1,2,todas,px,knn10_om,0.10257632889953217
lin,22,0,todas,px,acc_anio,0.9999994564802769
lin,22,0,todas,px,exacta,0.9999854787263479
lin,22,0,todas,px,n_cambios_ok,0.9999928225002369
lin,22,0,todas,px,estados_ok,0.9999926562261111
lin,22,0,todas,px,err_anio_cambio,6.002729288275213e-05
lin,22,0,todas,px,macro_f1,0.9999981145323358
lin,22,0,todas,px,recall_A,0.9999995238634403
lin,22,0,todas,px,recall_F,0.9999992415598238
lin,22,0,todas,px,recall_G,0.9999977707096236
lin,22,0,todas,px,recall_Wt,0.999998615009793
lin,22,0,todas,px,recall_U,0.9999941398678315
lin,22,0,todas,px,recall_Sh,0.9999997702537616
lin,22,0,todas,px,recall_Sp,0.999999745124585
lin,22,0,todas,px,recall_B,0.9999988699580589
lin,22,0,todas,px,recall_Wa,0.9999976359222792
lin,22,0,todas,tipo,acc_anio,0.9983761751093198
lin,22,0,todas,tipo,exacta,0.9578382522039095
lin,22,0,todas,tipo,n_cambios_ok,0.982496486521017
lin,22,0,todas,tipo,estados_ok,0.9819854350325795
lin,22,0,todas,tipo,err_anio_cambio,0.013525248578003558
lin,22,0,todas,tipo,macro_f1,0.998293718337513
lin,22,0,todas,tipo,recall_A,0.9980510676759689
lin,22,0,todas,tipo,recall_F,0.9987027461584842
lin,22,0,todas,tipo,recall_G,0.9980004896759977
lin,22,0,todas,tipo,recall_Wt,0.9984451482867838
lin,22,0,todas,tipo,recall_U,0.9982606174807943
lin,22,0,todas,tipo,recall_Sh,0.9984991745460003
lin,22,0,todas,tipo,recall_Sp,0.9985829184220605
lin,22,0,todas,tipo,recall_B,0.9982911825017088
lin,22,0,todas,tipo,recall_Wa,0.9980188789185409
lin,22,0,dinamicas,px,acc_anio,0.999991641350131
lin,22,0,dinamicas,px,exacta,0.9997766810715899
lin,22,0,dinamicas,px,n_cambios_ok,0.9998896190792782
lin,22,0,dinamicas,px,estados_ok,0.9998870619923117
lin,22,0,dinamicas,px,err_anio_cambio,6.002729288275213e-05
lin,22,0,dinamicas,px,macro_f1,0.9999853458592339
lin,22,0,dinamicas,px,recall_A,0.9999925772142809
lin,22,0,dinamicas,px,recall_F,0.99999442808191
lin,22,0,dinamicas,px,recall_G,0.9999735680674432
lin,22,0,dinamicas,px,recall_Wt,0.999987994836247
lin,22,0,dinamicas,px,recall_U,0.9999789940747132
lin,22,0,dinamicas,px,recall_Sh,0.9999951220562451
lin,22,0,dinamicas,px,recall_Sp,0.999988822833747
lin,22,0,dinamicas,px,recall_B,0.9999891082478801
lin,22,0,dinamicas,px,recall_Wa,0.9999725985794647
lin,22,0,dinamicas,tipo,acc_anio,0.9983743057790542
lin,22,0,dinamicas,tipo,exacta,0.9577897160399079
lin,22,0,dinamicas,tipo,n_cambios_ok,0.982476336658992
lin,22,0,dinamicas,tipo,estados_ok,0.9819646968534151
lin,22,0,dinamicas,tipo,err_anio_cambio,0.013525248578003558
lin,22,0,dinamicas,tipo,macro_f1,0.9982907267942418
lin,22,0,dinamicas,tipo,recall_A,0.9980493596811127
lin,22,0,dinamicas,tipo,recall_F,0.9987020109689214
lin,22,0,dinamicas,tipo,recall_G,0.9979979570990807
lin,22,0,dinamicas,tipo,recall_Wt,0.9984423676012462
lin,22,0,dinamicas,tipo,recall_U,0.9982527664531159
lin,22,0,dinamicas,tipo,recall_Sh,0.9984980098630686
lin,22,0,dinamicas,tipo,recall_Sp,0.9985812339430193
lin,22,0,dinamicas,tipo,recall_B,0.998288592244878
lin,22,0,dinamicas,tipo,recall_Wa,0.9980152939116222
lin,22,0,constantes,px,acc_anio,1.0
lin,22,0,constantes,px,exacta,1.0
lin,22,0,constantes,px,n_cambios_ok,1.0
lin,22,0,constantes,px,estados_ok,1.0
lin,22,0,constantes,px,err_anio_cambio,
lin,22,0,constantes,px,macro_f1,1.0
lin,22,0,constantes,tipo,acc_anio,1.0
lin,22,0,constantes,tipo,exacta,1.0
lin,22,0,constantes,tipo,n_cambios_ok,1.0
lin,22,0,constantes,tipo,estados_ok,1.0
lin,22,0,constantes,tipo,err_anio_cambio,
lin,22,0,constantes,tipo,macro_f1,1.0
lin,22,0,todas_sin_costura,px,acc_anio,0.9999995687586558
lin,22,0,todas_sin_costura,px,exacta,0.999988135472517
lin,22,0,todas_sin_costura,px,n_cambios_ok,0.9999940677362584
lin,22,0,todas_sin_costura,px,estados_ok,0.9999939006302375
lin,22,0,todas_sin_costura,px,err_anio_cambio,5.0463999551978155e-05
lin,22,0,todas_sin_costura,px,macro_f1,0.9999983565437827
lin,22,0,todas_sin_costura,tipo,acc_anio,0.9984943612352142
lin,22,0,todas_sin_costura,tipo,exacta,0.959731543624161
lin,22,0,todas_sin_costura,tipo,n_cambios_ok,0.9833740085417938
lin,22,0,todas_sin_costura,tipo,estados_ok,0.9827638804148872
lin,22,0,todas_sin_costura,tipo,err_anio_cambio,0.01245984872033986
lin,22,0,todas_sin_costura,tipo,macro_f1,0.9984146111735686
lin,22,0,dinamicas_sin_costura,px,acc_anio,0.9999928539718071
lin,22,0,dinamicas_sin_costura,px,exacta,0.9998033948993438
lin,22,0,dinamicas_sin_costura,px,n_cambios_ok,0.9999016974496718
lin,22,0,dinamicas_sin_costura,px,estados_ok,0.9998989283637472
lin,22,0,dinamicas_sin_costura,px,err_anio_cambio,5.0463999551978155e-05
lin,22,0,dinamicas_sin_costura,px,macro_f1,0.9999870153904123
lin,22,0,dinamicas_sin_costura,tipo,acc_anio,0.998492291470607
lin,22,0,dinamicas_sin_costura,tipo,exacta,0.9596761875668245
lin,22,0,dinamicas_sin_costura,tipo,n_cambios_ok,0.9833511531999389
lin,22,0,dinamicas_sin_costura,tipo,estados_ok,0.9827401863448908
lin,22,0,dinamicas_sin_costura,tipo,err_anio_cambio,0.01245984872033986
lin,22,0,dinamicas_sin_costura,tipo,macro_f1,0.9984113204526925
lin,22,0,todas,tipo,spearman_om,0.6935055605615746
lin,22,0,todas,px,spearman_om,-0.07297975519562602
lin,22,0,todas,tipo,knn10_om,0.7664750223585027
lin,22,0,todas,px,knn10_om,0.7763182690730487
lin,22,1,todas,px,acc_anio,0.9999995145868263
lin,22,1,todas,px,exacta,0.9999872246046687
lin,22,1,todas,px,n_cambios_ok,0.9999938755697002
lin,22,1,todas,px,estados_ok,0.9999936538708658
lin,22,1,todas,px,err_anio_cambio,5.5408958605671915e-05
lin,22,1,todas,px,macro_f1,0.999998371670643
lin,22,1,todas,px,recall_A,0.9999995678760634
lin,22,1,todas,px,recall_F,0.9999993566802077
lin,22,1,todas,px,recall_G,0.9999974773819426
lin,22,1,todas,px,recall_Wt,0.9999986444776698
lin,22,1,todas,px,recall_U,0.9999945906472291
lin,22,1,todas,px,recall_Sh,0.9999998653211706
lin,22,1,todas,px,recall_Sp,0.9999996765042809
lin,22,1,todas,px,recall_B,0.9999989745915719
lin,22,1,todas,px,recall_Wa,0.9999985224514245
lin,22,1,todas,tipo,acc_anio,0.9985533945770844
lin,22,1,todas,tipo,exacta,0.9633320557046122
lin,22,1,todas,tipo,n_cambios_ok,0.9858183211958604
lin,22,1,todas,tipo,estados_ok,0.9849239810910949
lin,22,1,todas,tipo,err_anio_cambio,0.012316017316017315
lin,22,1,todas,tipo,macro_f1,0.9984837314988712
lin,22,1,todas,tipo,recall_A,0.998248785447972
lin,22,1,todas,tipo,recall_F,0.9988306444245492
lin,22,1,todas,tipo,recall_G,0.9977148453439973
lin,22,1,todas,tipo,recall_Wt,0.9987330837892312
lin,22,1,todas,tipo,recall_U,0.9985505145673286
lin,22,1,todas,tipo,recall_Sh,0.9989744359397669
lin,22,1,todas,tipo,recall_Sp,0.9981999234009958
lin,22,1,todas,tipo,recall_B,0.9988282394297432
lin,22,1,todas,tipo,recall_Wa,0.9985432933224566
lin,22,1,dinamicas,px,acc_anio,0.9999925349557913
lin,22,1,dinamicas,px,exacta,0.9998035304847385
lin,22,1,dinamicas,px,n_cambios_ok,0.9999058139633996
lin,22,1,dinamicas,px,estados_ok,0.9999024045141108
lin,22,1,dinamicas,px,err_anio_cambio,5.5408958605671915e-05
lin,22,1,dinamicas,px,macro_f1,0.9999869720703689
lin,22,1,dinamicas,px,recall_A,0.9999932633541373
lin,22,1,dinamicas,px,recall_F,0.9999952738194772
lin,22,1,dinamicas,px,recall_G,0.9999700901815805
lin,22,1,dinamicas,px,recall_Wt,0.9999882502652631
lin,22,1,dinamicas,px,recall_U,0.99998060991512
lin,22,1,dinamicas,px,recall_Sh,0.9999971405157299
lin,22,1,dinamicas,px,recall_Sp,0.9999858135966788
lin,22,1,dinamicas,px,recall_B,0.9999901167434468
lin,22,1,dinamicas,px,recall_Wa,0.9999828741121655
lin,22,1,dinamicas,tipo,acc_anio,0.9985517292600203
lin,22,1,dinamicas,tipo,exacta,0.9632898439498593
lin,22,1,dinamicas,tipo,n_cambios_ok,0.9858019953952417
lin,22,1,dinamicas,tipo,estados_ok,0.9849066257354823
lin,22,1,dinamicas,tipo,err_anio_cambio,0.012316017316017315
lin,22,1,dinamicas,tipo,macro_f1,0.9984811293995585
lin,22,1,dinamicas,tipo,recall_A,0.9982472507279564
lin,22,1,dinamicas,tipo,recall_F,0.9988299817184644
lin,22,1,dinamicas,tipo,recall_G,0.9977119509703779
lin,22,1,dinamicas,tipo,recall_Wt,0.9987308180454598
lin,22,1,dinamicas,tipo,recall_U,0.9985439720442633
lin,22,1,dinamicas,tipo,recall_Sh,0.9989736400730969
lin,22,1,dinamicas,tipo,recall_Sp,0.9981977836573488
lin,22,1,dinamicas,tipo,recall_B,0.9988264632536307
lin,22,1,dinamicas,tipo,recall_Wa,0.9985406572879575
lin,22,1,constantes,px,acc_anio,1.0
lin,22,1,constantes,px,exacta,1.0
lin,22,1,constantes,px,n_cambios_ok,1.0
lin,22,1,constantes,px,estados_ok,1.0
lin,22,1,constantes,px,err_anio_cambio,
lin,22,1,constantes,px,macro_f1,1.0
lin,22,1,constantes,tipo,acc_anio,1.0
lin,22,1,constantes,tipo,exacta,1.0
lin,22,1,constantes,tipo,n_cambios_ok,1.0
lin,22,1,constantes,tipo,estados_ok,1.0
lin,22,1,constantes,tipo,err_anio_cambio,
lin,22,1,constantes,tipo,macro_f1,1.0
lin,22,1,todas_sin_costura,px,acc_anio,0.9999996217654042
lin,22,1,todas_sin_costura,px,exacta,0.9999899457877433
lin,22,1,todas_sin_costura,px,n_cambios_ok,0.9999949032663629
lin,22,1,todas_sin_costura,px,estados_ok,0.9999948197133525
lin,22,1,todas_sin_costura,px,err_anio_cambio,4.7155427674343536e-05
lin,22,1,todas_sin_costura,px,macro_f1,0.9999987175633931
lin,22,1,todas_sin_costura,tipo,acc_anio,0.998715778700624
lin,22,1,todas_sin_costura,tipo,exacta,0.9670530811470409
lin,22,1,todas_sin_costura,tipo,n_cambios_ok,0.9874923733984137
lin,22,1,todas_sin_costura,tipo,estados_ok,0.9870347773032336
lin,22,1,todas_sin_costura,tipo,err_anio_cambio,0.011786856494377385
lin,22,1,todas_sin_costura,tipo,macro_f1,0.9986593093557106
lin,22,1,dinamicas_sin_costura,px,acc_anio,0.9999937323377726
lin,22,1,dinamicas_sin_costura,px,exacta,0.999833393330195
lin,22,1,dinamicas_sin_costura,px,n_cambios_ok,0.9999155428792955
lin,22,1,dinamicas_sin_costura,px,estados_ok,0.9999141583363331
lin,22,1,dinamicas_sin_costura,px,err_anio_cambio,4.7155427674343536e-05
lin,22,1,dinamicas_sin_costura,px,macro_f1,0.9999891012361959
lin,22,1,dinamicas_sin_costura,tipo,acc_anio,0.9987140133131649
lin,22,1,dinamicas_sin_costura,tipo,exacta,0.9670077898274019
lin,22,1,dinamicas_sin_costura,tipo,n_cambios_ok,0.9874751794715136
lin,22,1,dinamicas_sin_costura,tipo,estados_ok,0.9870169543302276
lin,22,1,dinamicas_sin_costura,tipo,err_anio_cambio,0.011786856494377385
lin,22,1,dinamicas_sin_costura,tipo,macro_f1,0.9986566267746504
lin,22,1,todas,tipo,spearman_om,0.7164259811288292
lin,22,1,todas,px,spearman_om,0.27337189448316396
lin,22,1,todas,tipo,knn10_om,0.7687619777692603
lin,22,1,todas,px,knn10_om,0.7777178870693298
lin,22,2,todas,px,acc_anio,0.9999994913442065
lin,22,2,todas,px,exacta,0.9999865872205199
lin,22,2,todas,px,n_cambios_ok,0.999993764720283
lin,22,2,todas,px,estados_ok,0.9999934044596771
lin,22,2,todas,px,err_anio_cambio,5.619058254361056e-05
lin,22,2,todas,px,macro_f1,0.9999985147152977
lin,22,2,todas,px,recall_A,0.9999995598737683
lin,22,2,todas,px,recall_F,0.9999993634519949
lin,22,2,todas,px,recall_G,0.9999982107011453
lin,22,2,todas,px,recall_Wt,0.9999991454315744
lin,22,2,todas,px,recall_U,0.999996844544217
lin,22,2,todas,px,recall_Sh,0.9999997570499548
lin,22,2,todas,px,recall_Sp,0.9999997353216844
lin,22,2,todas,px,recall_B,0.9999986397643301
lin,22,2,todas,px,recall_Wa,0.9999971926577065
lin,22,2,todas,tipo,acc_anio,0.9984173889390324
lin,22,2,todas,tipo,exacta,0.9592436437971126
lin,22,2,todas,tipo,n_cambios_ok,0.983518589497892
lin,22,2,todas,tipo,estados_ok,0.9821131979046889
lin,22,2,todas,tipo,err_anio_cambio,0.012633498306850741
lin,22,2,todas,tipo,macro_f1,0.9983987547737034
lin,22,2,todas,tipo,recall_A,0.9981640492599706
lin,22,2,todas,tipo,recall_F,0.9987575597010835
lin,22,2,todas,tipo,recall_G,0.9979188770097119
lin,22,2,todas,tipo,recall_Wt,0.9989634321911892
lin,22,2,todas,tipo,recall_U,0.9991303087403972
lin,22,2,todas,tipo,recall_Sh,0.9984741607884337
lin,22,2,todas,tipo,recall_Sp,0.9987361164304864
lin,22,2,todas,tipo,recall_B,0.9979982423591446
lin,22,2,todas,tipo,recall_Wa,0.9976110010488288
lin,22,2,dinamicas,px,acc_anio,0.9999921775135271
lin,22,2,dinamicas,px,exacta,0.9997937283180335
lin,22,2,dinamicas,px,n_cambios_ok,0.9999041092387552
lin,22,2,dinamicas,px,estados_ok,0.999898568883661
lin,22,2,dinamicas,px,err_anio_cambio,5.619058254361056e-05
lin,22,2,dinamicas,px,macro_f1,0.9999874137327739
lin,22,2,dinamicas,px,recall_A,0.9999931386014361
lin,22,2,dinamicas,px,recall_F,0.9999953235687459
lin,22,2,dinamicas,px,recall_G,0.9999787848962373
lin,22,2,dinamicas,px,recall_Wt,0.9999925925585353
lin,22,2,dinamicas,px,recall_U,0.9999886891171533
lin,22,2,dinamicas,px,recall_Sh,0.9999948417146499
lin,22,2,dinamicas,px,recall_Sp,0.9999883929427372
lin,22,2,dinamicas,px,recall_B,0.9999868895576335
lin,22,2,dinamicas,px,recall_Wa,0.9999674608131143
lin,22,2,dinamicas,tipo,acc_anio,0.9984155670536975
lin,22,2,dinamicas,tipo,exacta,0.9591967255052443
lin,22,2,dinamicas,tipo,n_cambios_ok,0.9834996162701458
lin,22,2,dinamicas,tipo,estados_ok,0.9820926068048094
lin,22,2,dinamicas,tipo,err_anio_cambio,0.012633498306850741
lin,22,2,dinamicas,tipo,macro_f1,0.9983961822525058
lin,22,2,dinamicas,tipo,recall_A,0.9981624402793091
lin,22,2,dinamicas,tipo,recall_F,0.9987568555758684
lin,22,2,dinamicas,tipo,recall_G,0.9979162410623085
lin,22,2,dinamicas,tipo,recall_Wt,0.9989615784008308
lin,22,2,dinamicas,tipo,recall_U,0.999126383226558
lin,22,2,dinamicas,tipo,recall_Sh,0.9984729766941197
lin,22,2,dinamicas,tipo,recall_Sp,0.9987346140572875
lin,22,2,dinamicas,tipo,recall_B,0.9979952080582857
lin,22,2,dinamicas,tipo,recall_Wa,0.9976066779522503
lin,22,2,constantes,px,acc_anio,1.0
lin,22,2,constantes,px,exacta,1.0
lin,22,2,constantes,px,n_cambios_ok,1.0
lin,22,2,constantes,px,estados_ok,1.0
lin,22,2,constantes,px,err_anio_cambio,
lin,22,2,constantes,px,macro_f1,1.0
lin,22,2,constantes,tipo,acc_anio,1.0
lin,22,2,constantes,tipo,exacta,1.0
lin,22,2,constantes,tipo,n_cambios_ok,1.0
lin,22,2,constantes,tipo,estados_ok,1.0
lin,22,2,constantes,tipo,err_anio_cambio,
lin,22,2,constantes,tipo,macro_f1,1.0
lin,22,2,todas_sin_costura,px,acc_anio,0.9999996055938538
lin,22,2,todas_sin_costura,px,exacta,0.999989528022691
lin,22,2,todas_sin_costura,px,n_cambios_ok,0.9999950146703769
lin,22,2,todas_sin_costura,px,estados_ok,0.9999947083093386
lin,22,2,todas_sin_costura,px,err_anio_cambio,4.7617069527075566e-05
lin,22,2,todas_sin_costura,px,macro_f1,0.9999987482242467
lin,22,2,todas_sin_costura,tipo,acc_anio,0.9985484855045367
lin,22,2,todas_sin_costura,tipo,exacta,0.9621720561317877
lin,22,2,todas_sin_costura,tipo,n_cambios_ok,0.9853569249542404
lin,22,2,todas_sin_costura,tipo,estados_ok,0.9839841366687004
lin,22,2,todas_sin_costura,tipo,err_anio_cambio,0.012392631687881609
lin,22,2,todas_sin_costura,tipo,macro_f1,0.9985306833419852
lin,22,2,dinamicas_sin_costura,px,acc_anio,0.9999934643617153
lin,22,2,dinamicas_sin_costura,px,exacta,0.9998264706153832
lin,22,2,dinamicas_sin_costura,px,n_cambios_ok,0.9999173889365787
lin,22,2,dinamicas_sin_costura,px,estados_ok,0.99991231227905
lin,22,2,dinamicas_sin_costura,px,err_anio_cambio,4.7617069527075566e-05
lin,22,2,dinamicas_sin_costura,px,macro_f1,0.9999892401911299
lin,22,2,dinamicas_sin_costura,tipo,acc_anio,0.9985464901432324
lin,22,2,dinamicas_sin_costura,tipo,exacta,0.9621200549870169
lin,22,2,dinamicas_sin_costura,tipo,n_cambios_ok,0.9853367954788452
lin,22,2,dinamicas_sin_costura,tipo,estados_ok,0.9839621200549871
lin,22,2,dinamicas_sin_costura,tipo,err_anio_cambio,0.012392631687881609
lin,22,2,dinamicas_sin_costura,tipo,macro_f1,0.9985278802247062
lin,22,2,todas,tipo,spearman_om,0.7072440776874629
lin,22,2,todas,px,spearman_om,0.209594702418073
lin,22,2,todas,tipo,knn10_om,0.7647885524466591
lin,22,2,todas,px,knn10_om,0.7719425077280748
lin,25,0,todas,px,acc_anio,0.9999997157248818
lin,25,0,todas,px,exacta,0.999992185116088
lin,25,0,todas,px,n_cambios_ok,0.9999955660233123
lin,25,0,todas,px,estados_ok,0.9999955105986038
lin,25,0,todas,px,err_anio_cambio,2.685126699621269e-05
lin,25,0,todas,px,macro_f1,0.999999126158162
lin,25,0,todas,px,recall_A,0.9999997199196707
lin,25,0,todas,px,recall_F,0.9999996343234865
lin,25,0,todas,px,recall_G,0.9999989440203481
lin,25,0,todas,px,recall_Wt,0.9999990570279442
lin,25,0,todas,px,recall_U,0.9999986476618072
lin,25,0,todas,px,recall_Sh,0.9999998653211706
lin,25,0,todas,px,recall_Sp,0.999999916675345
lin,25,0,todas,px,recall_B,0.9999994349790294
lin,25,0,todas,px,recall_Wa,0.9999986209546629
lin,25,0,todas,tipo,acc_anio,0.9990932957463207
lin,25,0,todas,tipo,exacta,0.9755972914271113
lin,25,0,todas,tipo,n_cambios_ok,0.9882458157659384
lin,25,0,todas,tipo,estados_ok,0.9879902900217197
lin,25,0,todas,tipo,err_anio_cambio,0.00662437424477818
lin,25,0,todas,tipo,macro_f1,0.9990731352871359
lin,25,0,todas,tipo,recall_A,0.9988419387639814
lin,25,0,todas,tipo,recall_F,0.999305695127076
lin,25,0,todas,tipo,recall_G,0.99873500367257
lin,25,0,todas,tipo,recall_Wt,0.9988482579902102
lin,25,0,todas,tipo,recall_U,0.9995651543701985
lin,25,0,todas,tipo,recall_Sh,0.9990744909700335
lin,25,0,todas,tipo,recall_Sp,0.9994638069705094
lin,25,0,todas,tipo,recall_B,0.9991211795723074
lin,25,0,todas,tipo,recall_Wa,0.9989511711921687
lin,25,0,dinamicas,px,acc_anio,0.999995628206154
lin,25,0,dinamicas,px,exacta,0.9998798169125732
lin,25,0,dinamicas,px,n_cambios_ok,0.9999318110142259
lin,25,0,dinamicas,px,estados_ok,0.9999309586519037
lin,25,0,dinamicas,px,err_anio_cambio,2.685126699621269e-05
lin,25,0,dinamicas,px,macro_f1,0.9999929598002473
lin,25,0,dinamicas,px,recall_A,0.9999956336554594
lin,25,0,dinamicas,px,recall_F,0.9999973135394923
lin,25,0,dinamicas,px,recall_G,0.9999874796108942
lin,25,0,dinamicas,px,recall_Wt,0.9999918262714873
lin,25,0,dinamicas,px,recall_U,0.99999515247878
lin,25,0,dinamicas,px,recall_Sh,0.9999971405157299
lin,25,0,dinamicas,px,recall_Sp,0.9999963459264173
lin,25,0,dinamicas,px,recall_B,0.9999945541239401
lin,25,0,dinamicas,px,recall_Wa,0.9999840158380211
lin,25,0,dinamicas,tipo,acc_anio,0.9990922519578475
lin,25,0,dinamicas,tipo,exacta,0.9755691992837042
lin,25,0,dinamicas,tipo,n_cambios_ok,0.988232284471732
lin,25,0,dinamicas,tipo,estados_ok,0.9879764645689435
lin,25,0,dinamicas,tipo,err_anio_cambio,0.00662437424477818
lin,25,0,dinamicas,tipo,macro_f1,0.9990715903033289
lin,25,0,dinamicas,tipo,recall_A,0.9988409238684872
lin,25,0,dinamicas,tipo,recall_F,0.9993053016453383
lin,25,0,dinamicas,tipo,recall_G,0.9987334014300306
lin,25,0,dinamicas,tipo,recall_Wt,0.9988461982231452
lin,25,0,dinamicas,tipo,recall_U,0.999563191613279
lin,25,0,dinamicas,tipo,recall_Sh,0.9990737727488923
lin,25,0,dinamicas,tipo,recall_Sp,0.9994631696000613
lin,25,0,dinamicas,tipo,recall_B,0.999119847440223
lin,25,0,dinamicas,tipo,recall_Wa,0.9989492732473294
lin,25,0,constantes,px,acc_anio,1.0
lin,25,0,constantes,px,exacta,1.0
lin,25,0,constantes,px,n_cambios_ok,1.0
lin,25,0,constantes,px,estados_ok,1.0
lin,25,0,constantes,px,err_anio_cambio,
lin,25,0,constantes,px,macro_f1,1.0
lin,25,0,constantes,tipo,acc_anio,1.0
lin,25,0,constantes,tipo,exacta,1.0
lin,25,0,constantes,tipo,n_cambios_ok,1.0
lin,25,0,constantes,tipo,estados_ok,1.0
lin,25,0,constantes,tipo,err_anio_cambio,
lin,25,0,constantes,tipo,macro_f1,1.0
lin,25,0,todas_sin_costura,px,acc_anio,0.9999997664109385
lin,25,0,todas_sin_costura,px,exacta,0.9999934271631784
lin,25,0,todas_sin_costura,px,n_cambios_ok,0.9999963793695474
lin,25,0,todas_sin_costura,px,estados_ok,0.9999963515185439
lin,25,0,todas_sin_costura,px,err_anio_cambio,2.5692517185140123e-05
lin,25,0,todas_sin_costura,px,macro_f1,0.9999992379285724
lin,25,0,todas_sin_costura,tipo,acc_anio,0.9991389320789624
lin,25,0,todas_sin_costura,tipo,exacta,0.9763575350823673
lin,25,0,todas_sin_costura,tipo,n_cambios_ok,0.9893227577791336
lin,25,0,todas_sin_costura,tipo,estados_ok,0.989170225747407
lin,25,0,todas_sin_costura,tipo,err_anio_cambio,0.006922997735227507
lin,25,0,todas_sin_costura,tipo,macro_f1,0.9991139643571785
lin,25,0,dinamicas_sin_costura,px,acc_anio,0.9999961292347288
lin,25,0,dinamicas_sin_costura,px,exacta,0.9998910826202937
lin,25,0,dinamicas_sin_costura,px,n_cambios_ok,0.9999400031382973
lin,25,0,dinamicas_sin_costura,px,estados_ok,0.9999395416239766
lin,25,0,dinamicas_sin_costura,px,err_anio_cambio,2.5692517185140123e-05
lin,25,0,dinamicas_sin_costura,px,macro_f1,0.9999936760303192
lin,25,0,dinamicas_sin_costura,tipo,acc_anio,0.9991377483900532
lin,25,0,dinamicas_sin_costura,tipo,exacta,0.9763250343668856
lin,25,0,dinamicas_sin_costura,tipo,n_cambios_ok,0.989308080036658
lin,25,0,dinamicas_sin_costura,tipo,estados_ok,0.989155338322896
lin,25,0,dinamicas_sin_costura,tipo,err_anio_cambio,0.006922997735227507
lin,25,0,dinamicas_sin_costura,tipo,macro_f1,0.9991122190360842
lin,25,0,todas,tipo,spearman_om,0.7193837396712544
lin,25,0,todas,px,spearman_om,0.3698844471386009
lin,25,0,todas,tipo,knn10_om,0.7767216047016737
lin,25,0,todas,px,knn10_om,0.8115275163309598
lin,25,1,todas,px,acc_anio,0.9999996397393941
lin,25,1,todas,px,exacta,0.9999900789771614
lin,25,1,todas,px,n_cambios_ok,0.9999946238032662
lin,25,1,todas,px,estados_ok,0.9999945960909119
lin,25,1,todas,px,err_anio_cambio,3.715187872717521e-05
lin,25,1,todas,px,macro_f1,0.999998980622109
lin,25,1,todas,px,recall_A,0.9999996839093427
lin,25,1,todas,px,recall_F,0.9999993973109313
lin,25,1,todas,px,recall_G,0.9999985040288264
lin,25,1,todas,px,recall_Wt,0.9999991748994512
lin,25,1,todas,px,recall_U,0.9999977461030121
lin,25,1,todas,px,recall_Sh,0.9999998521173638
lin,25,1,todas,px,recall_Sp,0.9999998578579417
lin,25,1,todas,px,recall_B,0.9999991210784903
lin,25,1,todas,px,recall_Wa,0.9999988179611395
lin,25,1,todas,tipo,acc_anio,0.9989201976615274
lin,25,1,todas,tipo,exacta,0.9708700651590648
lin,25,1,todas,tipo,n_cambios_ok,0.9867126613006261
lin,25,1,todas,tipo,estados_ok,0.9865848984285167
lin,25,1,todas,tipo,err_anio_cambio,0.008384113401616317
lin,25,1,todas,tipo,macro_f1,0.9989489064873089
lin,25,1,todas,tipo,recall_A,0.9986159755959778
lin,25,1,todas,tipo,recall_F,0.9990133562332133
lin,25,1,todas,tipo,recall_G,0.99873500367257
lin,25,1,todas,tipo,recall_Wt,0.9989634321911892
lin,25,1,todas,tipo,recall_U,0.9992752572836643
lin,25,1,todas,tipo,recall_Sh,0.9989744359397669
lin,25,1,todas,tipo,recall_Sp,0.999195710455764
lin,25,1,todas,tipo,recall_B,0.9987305927155551
lin,25,1,todas,tipo,recall_Wa,0.9990094394592705
lin,25,1,dinamicas,px,acc_anio,0.9999944596449059
lin,25,1,dinamicas,px,exacta,0.9998474271443305
lin,25,1,dinamicas,px,n_cambios_ok,0.9999173208547489
lin,25,1,dinamicas,px,estados_ok,0.9999168946735878
lin,25,1,dinamicas,px,err_anio_cambio,3.715187872717521e-05
lin,25,1,dinamicas,px,macro_f1,0.9999917384138575
lin,25,1,dinamicas,px,recall_A,0.9999950722683041
lin,25,1,dinamicas,px,recall_F,0.9999955723150892
lin,25,1,dinamicas,px,recall_G,0.9999822627821
lin,25,1,dinamicas,px,recall_Wt,0.9999928479875514
lin,25,1,dinamicas,px,recall_U,0.9999919207979666
lin,25,1,dinamicas,px,recall_Sh,0.9999968601741347
lin,25,1,dinamicas,px,recall_Sp,0.9999937665803589
lin,25,1,dinamicas,px,recall_B,0.9999915286372401
lin,25,1,dinamicas,px,recall_Wa,0.9999862992897324
lin,25,1,dinamicas,tipo,acc_anio,0.9989189546043457
lin,25,1,dinamicas,tipo,exacta,0.9708365310821182
lin,25,1,dinamicas,tipo,n_cambios_ok,0.9866973650550013
lin,25,1,dinamicas,tipo,estados_ok,0.986569455103607
lin,25,1,dinamicas,tipo,err_anio_cambio,0.008384113401616317
lin,25,1,dinamicas,tipo,macro_f1,0.9989471976941454
lin,25,1,dinamicas,tipo,recall_A,0.9986147626720945
lin,25,1,dinamicas,tipo,recall_F,0.9990127970749543
lin,25,1,dinamicas,tipo,recall_G,0.9987334014300306
lin,25,1,dinamicas,tipo,recall_Wt,0.9989615784008308
lin,25,1,dinamicas,tipo,recall_U,0.9992719860221316
lin,25,1,dinamicas,tipo,recall_Sh,0.9989736400730969
lin,25,1,dinamicas,tipo,recall_Sp,0.999194754400092
lin,25,1,dinamicas,tipo,recall_B,0.9987286685247665
lin,25,1,dinamicas,tipo,recall_Wa,0.9990076469558111
lin,25,1,constantes,px,acc_anio,1.0
lin,25,1,constantes,px,exacta,1.0
lin,25,1,constantes,px,n_cambios_ok,1.0
lin,25,1,constantes,px,estados_ok,1.0
lin,25,1,constantes,px,err_anio_cambio,
lin,25,1,constantes,px,macro_f1,1.0
lin,25,1,constantes,tipo,acc_anio,1.0
lin,25,1,constantes,tipo,exacta,1.0
lin,25,1,constantes,tipo,n_cambios_ok,1.0
lin,25,1,constantes,tipo,estados_ok,1.0
lin,25,1,constantes,tipo,err_anio_cambio,
lin,25,1,constantes,tipo,macro_f1,1.0
lin,25,1,todas_sin_costura,px,acc_anio,0.9999997205915455
lin,25,1,todas_sin_costura,px,exacta,0.9999921460170182
lin,25,1,todas_sin_costura,px,n_cambios_ok,0.9999955716904465
lin,25,1,todas_sin_costura,px,estados_ok,0.999995543839443
lin,25,1,todas_sin_costura,px,err_anio_cambio,3.053911930410808e-05
lin,25,1,todas_sin_costura,px,macro_f1,0.9999991380181726
lin,25,1,todas_sin_costura,tipo,acc_anio,0.9990405243165581
lin,25,1,todas_sin_costura,tipo,exacta,0.973306894447834
lin,25,1,todas_sin_costura,tipo,n_cambios_ok,0.987797437461867
lin,25,1,todas_sin_costura,tipo,estados_ok,0.9876449054301403
lin,25,1,todas_sin_costura,tipo,err_anio_cambio,0.007732755954222083
lin,25,1,todas_sin_costura,tipo,macro_f1,0.9990703299637891
lin,25,1,dinamicas_sin_costura,px,acc_anio,0.9999953699692334
lin,25,1,dinamicas_sin_costura,px,exacta,0.9998698529615374
lin,25,1,dinamicas_sin_costura,px,n_cambios_ok,0.9999266192229945
lin,25,1,dinamicas_sin_costura,px,estados_ok,0.9999261577086737
lin,25,1,dinamicas_sin_costura,px,err_anio_cambio,3.053911930410808e-05
lin,25,1,dinamicas_sin_costura,px,macro_f1,0.9999929845671262
lin,25,1,dinamicas_sin_costura,tipo,acc_anio,0.9990392053489163
lin,25,1,dinamicas_sin_costura,tipo,exacta,0.973270200091645
lin,25,1,dinamicas_sin_costura,tipo,n_cambios_ok,0.9877806628990378
lin,25,1,dinamicas_sin_costura,tipo,estados_ok,0.9876279211852756
lin,25,1,dinamicas_sin_costura,tipo,err_anio_cambio,0.007732755954222083
lin,25,1,dinamicas_sin_costura,tipo,macro_f1,0.9990685220192788
lin,25,1,todas,tipo,spearman_om,0.7127310494795932
lin,25,1,todas,px,spearman_om,0.42885227161021666
lin,25,1,todas,tipo,knn10_om,0.7713938929347132
lin,25,1,todas,px,knn10_om,0.7964553903563613
lin,25,2,todas,px,acc_anio,0.9999996674517484
lin,25,2,todas,px,exacta,0.9999911320466247
lin,25,2,todas,px,n_cambios_ok,0.9999955383109581
lin,25,2,todas,px,estados_ok,0.9999954828862495
lin,25,2,todas,px,err_anio_cambio,3.729344227848867e-05
lin,25,2,todas,px,macro_f1,0.9999989688298027
lin,25,2,todas,px,recall_A,0.9999996799081952
lin,25,2,todas,px,recall_F,0.9999994988877408
lin,25,2,todas,px,recall_G,0.9999988560220437
lin,25,2,todas,px,recall_Wt,0.9999992043673279
lin,25,2,todas,px,recall_U,0.999996844544217
lin,25,2,todas,px,recall_Sh,0.9999998309912729
lin,25,2,todas,px,recall_Sp,0.9999998382521404
lin,25,2,todas,px,recall_B,0.9999993721989217
lin,25,2,todas,px,recall_Wa,0.9999991134708547
lin,25,2,todas,tipo,acc_anio,0.9988954693636998
lin,25,2,todas,tipo,exacta,0.9711255909032835
lin,25,2,todas,tipo,n_cambios_ok,0.987734764277501
lin,25,2,todas,tipo,estados_ok,0.9874792385332822
lin,25,2,todas,tipo,err_anio_cambio,0.009110535405872193
lin,25,2,todas,tipo,macro_f1,0.9988755893998342
lin,25,2,todas,tipo,recall_A,0.9987007117839792
lin,25,2,todas,tipo,recall_F,0.9990498985949462
lin,25,2,todas,tipo,recall_G,0.9986533910062841
lin,25,2,todas,tipo,recall_Wt,0.9989634321911892
lin,25,2,todas,tipo,recall_U,0.99898536019713
lin,25,2,todas,tipo,recall_Sh,0.9988493671519335
lin,25,2,todas,tipo,recall_Sp,0.9989659134431252
lin,25,2,todas,tipo,recall_B,0.9988282394297432
lin,25,2,todas,tipo,recall_Wa,0.999125975993474
lin,25,2,dinamicas,px,acc_anio,0.999994885826067
lin,25,2,dinamicas,px,exacta,0.9998636220284518
lin,25,2,dinamicas,px,n_cambios_ok,0.9999313848330649
lin,25,2,dinamicas,px,estados_ok,0.9999305324707427
lin,25,2,dinamicas,px,err_anio_cambio,3.729344227848867e-05
lin,25,2,dinamicas,px,macro_f1,0.9999921559134406
lin,25,2,dinamicas,px,recall_A,0.9999950098919536
lin,25,2,dinamicas,px,recall_F,0.9999963185541191
lin,25,2,dinamicas,px,recall_G,0.9999864362451353
lin,25,2,dinamicas,px,recall_Wt,0.9999931034165674
lin,25,2,dinamicas,px,recall_U,0.9999886891171533
lin,25,2,dinamicas,px,recall_Sh,0.9999964116275826
lin,25,2,dinamicas,px,recall_Sp,0.9999929067983394
lin,25,2,dinamicas,px,recall_B,0.9999939490266001
lin,25,2,dinamicas,px,recall_Wa,0.9999897244672993
lin,25,2,dinamicas,tipo,acc_anio,0.9988941978395597
lin,25,2,dinamicas,tipo,exacta,0.9710923509849066
lin,25,2,dinamicas,tipo,n_cambios_ok,0.9877206446661551
lin,25,2,dinamicas,tipo,estados_ok,0.9874648247633666
lin,25,2,dinamicas,tipo,err_anio_cambio,0.009110535405872193
lin,25,2,dinamicas,tipo,macro_f1,0.9988736591514074
lin,25,2,dinamicas,tipo,recall_A,0.9986995731207418
lin,25,2,dinamicas,tipo,recall_F,0.9990493601462522
lin,25,2,dinamicas,tipo,recall_G,0.9986516853932584
lin,25,2,dinamicas,tipo,recall_Wt,0.9989615784008308
lin,25,2,dinamicas,tipo,recall_U,0.9989807804309843
lin,25,2,dinamicas,tipo,recall_Sh,0.9988484742283525
lin,25,2,dinamicas,tipo,recall_Sp,0.9989646842286898
lin,25,2,dinamicas,tipo,recall_B,0.9988264632536307
lin,25,2,dinamicas,tipo,recall_Wa,0.9991243943727744
lin,25,2,constantes,px,acc_anio,1.0
lin,25,2,constantes,px,exacta,1.0
lin,25,2,constantes,px,n_cambios_ok,1.0
lin,25,2,constantes,px,estados_ok,1.0
lin,25,2,constantes,px,err_anio_cambio,
lin,25,2,constantes,px,macro_f1,1.0
lin,25,2,constantes,tipo,acc_anio,1.0
lin,25,2,constantes,tipo,exacta,1.0
lin,25,2,constantes,tipo,n_cambios_ok,1.0
lin,25,2,constantes,tipo,estados_ok,1.0
lin,25,2,constantes,tipo,err_anio_cambio,
lin,25,2,constantes,tipo,macro_f1,1.0
lin,25,2,todas_sin_costura,px,acc_anio,0.9999997223883846
lin,25,2,todas_sin_costura,px,exacta,0.9999925637820705
lin,25,2,todas_sin_costura,px,n_cambios_ok,0.999996184412523
lin,25,2,todas_sin_costura,px,estados_ok,0.9999961565615195
lin,25,2,todas_sin_costura,px,err_anio_cambio,3.369269127063908e-05
lin,25,2,todas_sin_costura,px,macro_f1,0.999999036577678
lin,25,2,todas_sin_costura,tipo,acc_anio,0.9989076738373123
lin,25,2,todas_sin_costura,tipo,exacta,0.9711714460036608
lin,25,2,todas_sin_costura,tipo,n_cambios_ok,0.987797437461867
lin,25,2,todas_sin_costura,tipo,estados_ok,0.9876449054301403
lin,25,2,todas_sin_costura,tipo,err_anio_cambio,0.009227755438705023
lin,25,2,todas_sin_costura,tipo,macro_f1,0.99887054005485
lin,25,2,dinamicas_sin_costura,px,acc_anio,0.9999953997443508
lin,25,2,dinamicas_sin_costura,px,exacta,0.9998767756763492
lin,25,2,dinamicas_sin_costura,px,n_cambios_ok,0.9999367725380519
lin,25,2,dinamicas_sin_costura,px,estados_ok,0.999936311023731
lin,25,2,dinamicas_sin_costura,px,err_anio_cambio,3.369269127063908e-05
lin,25,2,dinamicas_sin_costura,px,macro_f1,0.9999925189980168
lin,25,2,dinamicas_sin_costura,tipo,acc_anio,0.9989061722433816
lin,25,2,dinamicas_sin_costura,tipo,exacta,0.9711318160989766
lin,25,2,dinamicas_sin_costura,tipo,n_cambios_ok,0.9877806628990378
lin,25,2,dinamicas_sin_costura,tipo,estados_ok,0.9876279211852756
lin,25,2,dinamicas_sin_costura,tipo,err_anio_cambio,0.009227755438705023
lin,25,2,dinamicas_sin_costura,tipo,macro_f1,0.9988682243874537
lin,25,2,todas,tipo,spearman_om,0.7193745161671696
lin,25,2,todas,px,spearman_om,0.326002042480574
lin,25,2,todas,tipo,knn10_om,0.774064136961799
lin,25,2,todas,px,knn10_om,0.7748242738829713
lin,28,0,todas,px,acc_anio,0.9999997988619446
lin,28,0,todas,px,exacta,0.9999943466797232
lin,28,0,todas,px,n_cambios_ok,0.9999971733398616
lin,28,0,todas,px,estados_ok,0.9999970347780901
lin,28,0,todas,px,err_anio_cambio,2.209139758136844e-05
lin,28,0,todas,px,macro_f1,0.9999993572132764
lin,28,0,todas,px,recall_A,0.9999997879391792
lin,28,0,todas,px,recall_F,0.9999997359002958
lin,28,0,todas,px,recall_G,0.9999993840118697
lin,28,0,todas,px,recall_Wt,0.9999994990460953
lin,28,0,todas,px,recall_U,0.9999977461030121
lin,28,0,todas,px,recall_Sh,0.9999998890880228
lin,28,0,todas,px,recall_Sp,0.9999999362811463
lin,28,0,todas,px,recall_B,0.9999995814659477
lin,28,0,todas,px,recall_Wa,0.9999992612257123
lin,28,0,todas,tipo,acc_anio,0.9993529428735106
lin,28,0,todas,tipo,exacta,0.9819854350325795
lin,28,0,todas,tipo,n_cambios_ok,0.9920787019292193
lin,28,0,todas,tipo,estados_ok,0.9914398875686725
lin,28,0,todas,tipo,err_anio_cambio,0.005096116630112244
lin,28,0,todas,tipo,macro_f1,0.9993467018733829
lin,28,0,todas,tipo,recall_A,0.999124392723986
lin,28,0,todas,tipo,recall_F,0.9994884069357403
lin,28,0,todas,tipo,recall_G,0.9992654860034277
lin,28,0,todas,tipo,recall_Wt,0.9992513676936366
lin,28,0,todas,tipo,recall_U,0.9994202058269315
lin,28,0,todas,tipo,recall_Sh,0.9992996147881335
lin,28,0,todas,tipo,recall_Sp,0.9995787054768288
lin,28,0,todas,tipo,recall_B,0.9993164730006835
lin,28,0,todas,tipo,recall_Wa,0.9994173173289826
lin,28,0,dinamicas,px,acc_anio,0.9999969067496374
lin,28,0,dinamicas,px,exacta,0.9999130590431381
lin,28,0,dinamicas,px,n_cambios_ok,0.999956529521569
lin,28,0,dinamicas,px,estados_ok,0.9999543986157636
lin,28,0,dinamicas,px,err_anio_cambio,2.209139758136844e-05
lin,28,0,dinamicas,px,macro_f1,0.9999952421942742
lin,28,0,dinamicas,px,recall_A,0.9999966940534192
lin,28,0,dinamicas,px,recall_F,0.9999980597785222
lin,28,0,dinamicas,px,recall_G,0.9999926964396882
lin,28,0,dinamicas,px,recall_Wt,0.9999956577067276
lin,28,0,dinamicas,px,recall_U,0.9999919207979666
lin,28,0,dinamicas,px,recall_Sh,0.9999976451306011
lin,28,0,dinamicas,px,recall_Sp,0.9999972057084368
lin,28,0,dinamicas,px,recall_B,0.9999959660177334
lin,28,0,dinamicas,px,recall_Wa,0.9999914370560827
lin,28,0,dinamicas,tipo,acc_anio,0.9993521979881003
lin,28,0,dinamicas,tipo,exacta,0.9819646968534151
lin,28,0,dinamicas,tipo,n_cambios_ok,0.9920695830135584
lin,28,0,dinamicas,tipo,estados_ok,0.9914300332565874
lin,28,0,dinamicas,tipo,err_anio_cambio,0.005096116630112244
lin,28,0,dinamicas,tipo,macro_f1,0.9993455770915392
lin,28,0,dinamicas,tipo,recall_A,0.9991236253639781
lin,28,0,dinamicas,tipo,recall_F,0.9994881170018282
lin,28,0,dinamicas,tipo,recall_G,0.99926455566905
lin,28,0,dinamicas,tipo,recall_Wt,0.9992500288450444
lin,28,0,dinamicas,tipo,recall_U,0.9994175888177053
lin,28,0,dinamicas,tipo,recall_Sh,0.999299071269432
lin,28,0,dinamicas,tipo,recall_Sp,0.9995782046857625
lin,28,0,dinamicas,tipo,recall_B,0.9993154368979512
lin,28,0,dinamicas,tipo,recall_Wa,0.999416262915183
lin,28,0,constantes,px,acc_anio,1.0
lin,28,0,constantes,px,exacta,1.0
lin,28,0,constantes,px,n_cambios_ok,1.0
lin,28,0,constantes,px,estados_ok,1.0
lin,28,0,constantes,px,err_anio_cambio,
lin,28,0,constantes,px,macro_f1,1.0
lin,28,0,constantes,tipo,acc_anio,1.0
lin,28,0,constantes,tipo,exacta,1.0
lin,28,0,constantes,tipo,n_cambios_ok,1.0
lin,28,0,constantes,tipo,estados_ok,1.0
lin,28,0,constantes,tipo,err_anio_cambio,
lin,28,0,constantes,tipo,macro_f1,1.0
lin,28,0,todas_sin_costura,px,acc_anio,0.9999998571513046
lin,28,0,todas_sin_costura,px,exacta,0.9999959059024882
lin,28,0,todas_sin_costura,px,n_cambios_ok,0.9999979668767458
lin,28,0,todas_sin_costura,px,estados_ok,0.9999979111747389
lin,28,0,todas_sin_costura,px,err_anio_cambio,1.8153524976096574e-05
lin,28,0,todas_sin_costura,px,macro_f1,0.999999452015042
lin,28,0,todas_sin_costura,tipo,acc_anio,0.9994784388592572
lin,28,0,todas_sin_costura,tipo,exacta,0.9850518608907871
lin,28,0,todas_sin_costura,tipo,n_cambios_ok,0.9935936546674802
lin,28,0,todas_sin_costura,tipo,estados_ok,0.9932885906040269
lin,28,0,todas_sin_costura,tipo,err_anio_cambio,0.0045107386334512275
lin,28,0,todas_sin_costura,tipo,macro_f1,0.9994620589832682
lin,28,0,dinamicas_sin_costura,px,acc_anio,0.9999976328781611
lin,28,0,dinamicas_sin_costura,px,exacta,0.999932157394844
lin,28,0,dinamicas_sin_costura,px,n_cambios_ok,0.9999663094545824
lin,28,0,dinamicas_sin_costura,px,estados_ok,0.9999653864259408
lin,28,0,dinamicas_sin_costura,px,err_anio_cambio,1.8153524976096574e-05
lin,28,0,dinamicas_sin_costura,px,macro_f1,0.999996178335143
lin,28,0,dinamicas_sin_costura,tipo,acc_anio,0.999477721881975
lin,28,0,dinamicas_sin_costura,tipo,exacta,0.9850313120513212
lin,28,0,dinamicas_sin_costura,tipo,n_cambios_ok,0.9935848480219948
lin,28,0,dinamicas_sin_costura,tipo,estados_ok,0.9932793645944707
lin,28,0,dinamicas_sin_costura,tipo,err_anio_cambio,0.0045107386334512275
lin,28,0,dinamicas_sin_costura,tipo,macro_f1,0.9994608969401191
lin,28,0,todas,tipo,spearman_om,0.7212676062302964
lin,28,0,todas,px,spearman_om,0.13359266804494577
lin,28,0,todas,tipo,knn10_om,0.7770282355947363
lin,28,0,todas,px,knn10_om,0.7922001334128163
lin,28,1,todas,px,acc_anio,0.9999998069074668
lin,28,1,todas,px,exacta,0.9999947346526834
lin,28,1,todas,px,n_cambios_ok,0.9999969516410272
lin,28,1,todas,px,estados_ok,0.9999968962163186
lin,28,1,todas,px,err_anio_cambio,1.747426169113347e-05
lin,28,1,todas,px,macro_f1,0.9999994248095346
lin,28,1,todas,px,recall_A,0.999999771934589
lin,28,1,todas,px,recall_F,0.9999997020413594
lin,28,1,todas,px,recall_G,0.9999991786824929
lin,28,1,todas,px,recall_Wt,0.9999997347891093
lin,28,1,todas,px,recall_U,0.9999981968824097
lin,28,1,todas,px,recall_Sh,0.9999999075733523
lin,28,1,todas,px,recall_Sp,0.999999916675345
lin,28,1,todas,px,recall_B,0.9999996860994608
lin,28,1,todas,px,recall_Wa,0.9999996552386657
lin,28,1,todas,tipo,acc_anio,0.999357064256482
lin,28,1,todas,tipo,exacta,0.9827520122652357
lin,28,1,todas,tipo,n_cambios_ok,0.9914398875686725
lin,28,1,todas,tipo,estados_ok,0.9911843618244538
lin,28,1,todas,tipo,err_anio_cambio,0.004538219985374457
lin,28,1,todas,tipo,macro_f1,0.9993771444184141
lin,28,1,todas,tipo,recall_A,0.9991526381199864
lin,28,1,todas,tipo,recall_F,0.9994153222122746
lin,28,1,todas,tipo,recall_G,0.999143067003999
lin,28,1,todas,tipo,recall_Wt,0.9995393031960841
lin,28,1,todas,tipo,recall_U,0.9994202058269315
lin,28,1,todas,tipo,recall_Sh,0.9992495872730002
lin,28,1,todas,tipo,recall_Sp,0.9994638069705094
lin,28,1,todas,tipo,recall_B,0.9995117664290597
lin,28,1,todas,tipo,recall_Wa,0.9995921221302878
lin,28,1,dinamicas,px,acc_anio,0.9999970304796517
lin,28,1,dinamicas,px,exacta,0.9999190255793933
lin,28,1,dinamicas,px,n_cambios_ok,0.9999531200722803
lin,28,1,dinamicas,px,estados_ok,0.9999522677099582
lin,28,1,dinamicas,px,err_anio_cambio,1.747426169113347e-05
lin,28,1,dinamicas,px,macro_f1,0.9999957673730463
lin,28,1,dinamicas,px,recall_A,0.999996444548017
lin,28,1,dinamicas,px,recall_F,0.9999978110321789
lin,28,1,dinamicas,px,recall_G,0.9999902619195843
lin,28,1,dinamicas,px,recall_Wt,0.9999977011388558
lin,28,1,dinamicas,px,recall_U,0.9999935366383733
lin,28,1,dinamicas,px,recall_Sh,0.9999980376088342
lin,28,1,dinamicas,px,recall_Sp,0.9999963459264173
lin,28,1,dinamicas,px,recall_B,0.9999969745133
lin,28,1,dinamicas,px,recall_Wa,0.9999960039595053
lin,28,1,dinamicas,tipo,acc_anio,0.9993563241155646
lin,28,1,dinamicas,tipo,exacta,0.9827321565617805
lin,28,1,dinamicas,tipo,n_cambios_ok,0.9914300332565874
lin,28,1,dinamicas,tipo,estados_ok,0.991174213353799
lin,28,1,dinamicas,tipo,err_anio_cambio,0.004538219985374457
lin,28,1,dinamicas,tipo,macro_f1,0.9993760903608455
lin,28,1,dinamicas,tipo,recall_A,0.9991518955135272
lin,28,1,dinamicas,tipo,recall_F,0.9994149908592321
lin,28,1,dinamicas,tipo,recall_G,0.9991419816138917
lin,28,1,dinamicas,tipo,recall_Wt,0.9995384792892581
lin,28,1,dinamicas,tipo,recall_U,0.9994175888177053
lin,28,1,dinamicas,tipo,recall_Sh,0.9992490049315342
lin,28,1,dinamicas,tipo,recall_Sp,0.9994631696000613
lin,28,1,dinamicas,tipo,recall_B,0.9995110263556795
lin,28,1,dinamicas,tipo,recall_Wa,0.9995913840406281
lin,28,1,constantes,px,acc_anio,1.0
lin,28,1,constantes,px,exacta,1.0
lin,28,1,constantes,px,n_cambios_ok,1.0
lin,28,1,constantes,px,estados_ok,1.0
lin,28,1,constantes,px,err_anio_cambio,
lin,28,1,constantes,px,macro_f1,1.0
lin,28,1,constantes,tipo,acc_anio,1.0
lin,28,1,constantes,tipo,exacta,1.0
lin,28,1,constantes,tipo,n_cambios_ok,1.0
lin,28,1,constantes,tipo,estados_ok,1.0
lin,28,1,constantes,tipo,err_anio_cambio,
lin,28,1,constantes,tipo,macro_f1,1.0
lin,28,1,todas_sin_costura,px,acc_anio,0.99999984816711
lin,28,1,todas_sin_costura,px,exacta,0.9999958223494778
lin,28,1,todas_sin_costura,px,n_cambios_ok,0.9999975212606902
lin,28,1,todas_sin_costura,px,estados_ok,0.9999974655586832
lin,28,1,todas_sin_costura,px,err_anio_cambio,1.4692156250081729e-05
lin,28,1,todas_sin_costura,px,macro_f1,0.9999994942467639
lin,28,1,todas_sin_costura,tipo,acc_anio,0.9994095534255741
lin,28,1,todas_sin_costura,tipo,exacta,0.9839841366687004
lin,28,1,todas_sin_costura,tipo,n_cambios_ok,0.9919158023184869
lin,28,1,todas_sin_costura,tipo,estados_ok,0.9916107382550335
lin,28,1,todas_sin_costura,tipo,err_anio_cambio,0.004210310125282398
lin,28,1,todas_sin_costura,tipo,macro_f1,0.9994179408679477
lin,28,1,dinamicas_sin_costura,px,acc_anio,0.9999974840025737
lin,28,1,dinamicas_sin_costura,px,exacta,0.9999307728518816
lin,28,1,dinamicas_sin_costura,px,n_cambios_ok,0.9999589252254497
lin,28,1,dinamicas_sin_costura,px,estados_ok,0.9999580021968082
lin,28,1,dinamicas_sin_costura,px,err_anio_cambio,1.4692156250081729e-05
lin,28,1,dinamicas_sin_costura,px,macro_f1,0.9999962091170838
lin,28,1,dinamicas_sin_costura,tipo,acc_anio,0.9994087417531792
lin,28,1,dinamicas_sin_costura,tipo,exacta,0.9839621200549871
lin,28,1,dinamicas_sin_costura,tipo,n_cambios_ok,0.9919046891706125
lin,28,1,dinamicas_sin_costura,tipo,estados_ok,0.9915992057430885
lin,28,1,dinamicas_sin_costura,tipo,err_anio_cambio,0.004210310125282398
lin,28,1,dinamicas_sin_costura,tipo,macro_f1,0.9994167642608124
lin,28,1,todas,tipo,spearman_om,0.7262011463975547
lin,28,1,todas,px,spearman_om,0.49919706630667
lin,28,1,todas,tipo,knn10_om,0.7787785869426346
lin,28,1,todas,px,knn10_om,0.791753127595522
lin,28,2,todas,px,acc_anio,0.9999998229985112
lin,28,2,todas,px,exacta,0.9999952057627065
lin,28,2,todas,px,n_cambios_ok,0.9999972287645702
lin,28,2,todas,px,estados_ok,0.9999972287645702
lin,28,2,todas,px,err_anio_cambio,1.655074045029379e-05
lin,28,2,todas,px,macro_f1,0.9999994307222276
lin,28,2,todas,px,recall_A,0.9999998559586878
lin,28,2,todas,px,recall_F,0.999999715584934
lin,28,2,todas,px,recall_G,0.9999993546791016
lin,28,2,todas,px,recall_Wt,0.9999996758533558
lin,28,2,todas,px,recall_U,0.9999995492206024
lin,28,2,todas,px,recall_Sh,0.9999998996510683
lin,28,2,todas,px,recall_Sp,0.9999999264782456
lin,28,2,todas,px,recall_B,0.9999995814659477
lin,28,2,todas,px,recall_Wa,0.9999993597289506
lin,28,2,todas,tipo,acc_anio,0.9993941567032233
lin,28,2,todas,tipo,exacta,0.9837741152421107
lin,28,2,todas,tipo,n_cambios_ok,0.9918231761850006
lin,28,2,todas,tipo,estados_ok,0.9918231761850006
lin,28,2,todas,tipo,err_anio_cambio,0.004363339351732438
lin,28,2,todas,tipo,macro_f1,0.9993869179978662
lin,28,2,todas,tipo,recall_A,0.9993221104959892
lin,28,2,todas,tipo,recall_F,0.9994518645740074
lin,28,2,todas,tipo,recall_G,0.9992246796702848
lin,28,2,todas,tipo,recall_Wt,0.9994241289951051
lin,28,2,todas,tipo,recall_U,0.9998550514567328
lin,28,2,todas,tipo,recall_Sh,0.9992996147881335
lin,28,2,todas,tipo,recall_Sp,0.9995404059747224
lin,28,2,todas,tipo,recall_B,0.9993652963577776
lin,28,2,todas,tipo,recall_Wa,0.9994173173289826
lin,28,2,dinamicas,px,acc_anio,0.999997277939681
lin,28,2,dinamicas,px,exacta,0.9999262706591318
lin,28,2,dinamicas,px,n_cambios_ok,0.9999573818838912
lin,28,2,dinamicas,px,estados_ok,0.9999573818838912
lin,28,2,dinamicas,px,err_anio_cambio,1.655074045029379e-05
lin,28,2,dinamicas,px,macro_f1,0.99999570367023
lin,28,2,dinamicas,px,recall_A,0.9999977544513791
lin,28,2,dinamicas,px,recall_F,0.9999979105307163
lin,28,2,dinamicas,px,recall_G,0.999992348651102
lin,28,2,dinamicas,px,recall_Wt,0.9999971902808238
lin,28,2,dinamicas,px,recall_U,0.9999983841595933
lin,28,2,dinamicas,px,recall_Sh,0.9999978694038771
lin,28,2,dinamicas,px,recall_Sp,0.999996775817427
lin,28,2,dinamicas,px,recall_B,0.9999959660177334
lin,28,2,dinamicas,px,recall_Wa,0.9999925787819384
lin,28,2,dinamicas,tipo,acc_anio,0.9993934592627435
lin,28,2,dinamicas,tipo,exacta,0.9837554361729343
lin,28,2,dinamicas,tipo,n_cambios_ok,0.99181376311077
lin,28,2,dinamicas,tipo,estados_ok,0.99181376311077
lin,28,2,dinamicas,tipo,err_anio_cambio,0.004363339351732438
lin,28,2,dinamicas,tipo,macro_f1,0.99938586016175
lin,28,2,dinamicas,tipo,recall_A,0.9993215164108218
lin,28,2,dinamicas,tipo,recall_F,0.9994515539305302
lin,28,2,dinamicas,tipo,recall_G,0.999223697650664
lin,28,2,dinamicas,tipo,recall_Wt,0.9994230991115727
lin,28,2,dinamicas,tipo,recall_U,0.9998543972044264
lin,28,2,dinamicas,tipo,recall_Sh,0.999299071269432
lin,28,2,dinamicas,tipo,recall_Sp,0.9995398596571955
lin,28,2,dinamicas,tipo,recall_B,0.9993643342623832
lin,28,2,dinamicas,tipo,recall_Wa,0.999416262915183
lin,28,2,constantes,px,acc_anio,1.0
lin,28,2,constantes,px,exacta,1.0
lin,28,2,constantes,px,n_cambios_ok,1.0
lin,28,2,constantes,px,estados_ok,1.0
lin,28,2,constantes,px,err_anio_cambio,
lin,28,2,constantes,px,macro_f1,1.0
lin,28,2,constantes,tipo,acc_anio,1.0
lin,28,2,constantes,tipo,exacta,1.0
lin,28,2,constantes,tipo,n_cambios_ok,1.0
lin,28,2,constantes,tipo,estados_ok,1.0
lin,28,2,constantes,tipo,err_anio_cambio,
lin,28,2,constantes,tipo,macro_f1,1.0
lin,28,2,todas_sin_costura,px,acc_anio,0.9999998679323383
lin,28,2,todas_sin_costura,px,exacta,0.9999963236675404
lin,28,2,todas_sin_costura,px,n_cambios_ok,0.9999979390257424
lin,28,2,todas_sin_costura,px,estados_ok,0.9999979390257424
lin,28,2,todas_sin_costura,px,err_anio_cambio,1.4153589211765077e-05
lin,28,2,todas_sin_costura,px,macro_f1,0.9999995241644908
lin,28,2,todas_sin_costura,tipo,acc_anio,0.9994735184711371
lin,28,2,todas_sin_costura,tipo,exacta,0.985509456985967
lin,28,2,todas_sin_costura,tipo,n_cambios_ok,0.9929835265405735
lin,28,2,todas_sin_costura,tipo,estados_ok,0.9929835265405735
lin,28,2,todas_sin_costura,tipo,err_anio_cambio,0.004025021791519253
lin,28,2,todas_sin_costura,tipo,macro_f1,0.9994671502562582
lin,28,2,dinamicas_sin_costura,px,acc_anio,0.999997811528866
lin,28,2,dinamicas_sin_costura,px,exacta,0.9999390801096558
lin,28,2,dinamicas_sin_costura,px,n_cambios_ok,0.9999658479402616
lin,28,2,dinamicas_sin_costura,px,estados_ok,0.9999658479402616
lin,28,2,dinamicas_sin_costura,px,err_anio_cambio,1.4153589211765077e-05
lin,28,2,dinamicas_sin_costura,px,macro_f1,0.9999964002257147
lin,28,2,dinamicas_sin_costura,tipo,acc_anio,0.9994727947299182
lin,28,2,dinamicas_sin_costura,tipo,exacta,0.9854895371926073
lin,28,2,dinamicas_sin_costura,tipo,n_cambios_ok,0.9929738811669467
lin,28,2,dinamicas_sin_costura,tipo,estados_ok,0.9929738811669467
lin,28,2,dinamicas_sin_costura,tipo,err_anio_cambio,0.004025021791519253
lin,28,2,dinamicas_sin_costura,tipo,macro_f1,0.9994660466221197
lin,28,2,todas,tipo,spearman_om,0.7034149974256534
lin,28,2,todas,px,spearman_om,0.18639655038959213
lin,28,2,todas,tipo,knn10_om,0.7757633831608535
lin,28,2,todas,px,knn10_om,0.7568804219394387
lin,31,0,todas,px,acc_anio,0.9999998739534853
lin,31,0,todas,px,exacta,0.9999964251062956
lin,31,0,todas,px,n_cambios_ok,0.9999981155599077
lin,31,0,todas,px,estados_ok,0.9999981155599077
lin,31,0,todas,px,err_anio_cambio,1.3211998881668222e-05
lin,31,0,todas,px,macro_f1,0.9999996223959156
lin,31,0,todas,px,recall_A,0.9999998839667207
lin,31,0,todas,px,recall_F,0.9999997697592322
lin,31,0,todas,px,recall_G,0.9999995306757102
lin,31,0,todas,px,recall_Wt,0.9999997937248628
lin,31,0,todas,px,recall_U,0.9999990984412048
lin,31,0,todas,px,recall_Sh,0.9999999260586819
lin,31,0,todas,px,recall_Sp,0.9999999705912983
lin,31,0,todas,px,recall_B,0.9999997488795687
lin,31,0,todas,px,recall_Wa,0.9999996552386657
lin,31,0,todas,tipo,acc_anio,0.9995961044688155
lin,31,0,todas,tipo,exacta,0.9887568672543758
lin,31,0,todas,tipo,n_cambios_ok,0.9946339593714066
lin,31,0,todas,tipo,estados_ok,0.9946339593714066
lin,31,0,todas,tipo,err_anio_cambio,0.0030221193415637857
lin,31,0,todas,tipo,macro_f1,0.9996126554256917
lin,31,0,todas,tipo,recall_A,0.9995480736639928
lin,31,0,todas,tipo,recall_F,0.9995797628400723
lin,31,0,todas,tipo,recall_G,0.9993879050028565
lin,31,0,todas,tipo,recall_Wt,0.9998272386985315
lin,31,0,todas,tipo,recall_U,0.9997101029134657
lin,31,0,todas,tipo,recall_Sh,0.9994747110911001
lin,31,0,todas,tipo,recall_Sp,0.9998468019915742
lin,31,0,todas,tipo,recall_B,0.9995117664290597
lin,31,0,todas,tipo,recall_Wa,0.9997669269315931
lin,31,0,dinamicas,px,acc_anio,0.999998061563106
lin,31,0,dinamicas,px,exacta,0.9999450226302197
lin,31,0,dinamicas,px,n_cambios_ok,0.9999710196810461
lin,31,0,dinamicas,px,estados_ok,0.9999710196810461
lin,31,0,dinamicas,px,err_anio_cambio,1.3211998881668222e-05
lin,31,0,dinamicas,px,macro_f1,0.9999972102666609
lin,31,0,dinamicas,px,recall_A,0.9999981910858332
lin,31,0,dinamicas,px,recall_F,0.9999983085248655
lin,31,0,dinamicas,px,recall_G,0.9999944353826196
lin,31,0,dinamicas,px,recall_Wt,0.9999982119968879
lin,31,0,dinamicas,px,recall_U,0.9999967683191866
lin,31,0,dinamicas,px,recall_Sh,0.9999984300870673
lin,31,0,dinamicas,px,recall_Sp,0.9999987103269709
lin,31,0,dinamicas,px,recall_B,0.9999975796106401
lin,31,0,dinamicas,px,recall_Wa,0.9999960039595053
lin,31,0,dinamicas,tipo,acc_anio,0.9995956395084957
lin,31,0,dinamicas,tipo,exacta,0.9887439242773087
lin,31,0,dinamicas,tipo,n_cambios_ok,0.9946277820414429
lin,31,0,dinamicas,tipo,estados_ok,0.9946277820414429
lin,31,0,dinamicas,tipo,err_anio_cambio,0.0030221193415637857
lin,31,0,dinamicas,tipo,macro_f1,0.9996120044811112
lin,31,0,dinamicas,tipo,recall_A,0.9995476776072145
lin,31,0,dinamicas,tipo,recall_F,0.9995795246800732
lin,31,0,dinamicas,tipo,recall_G,0.9993871297242084
lin,31,0,dinamicas,tipo,recall_Wt,0.9998269297334718
lin,31,0,dinamicas,tipo,recall_U,0.9997087944088526
lin,31,0,dinamicas,tipo,recall_Sh,0.999474303452074
lin,31,0,dinamicas,tipo,recall_Sp,0.9998466198857319
lin,31,0,dinamicas,tipo,recall_B,0.9995110263556795
lin,31,0,dinamicas,tipo,recall_Wa,0.9997665051660732
lin,31,0,constantes,px,acc_anio,1.0
lin,31,0,constantes,px,exacta,1.0
lin,31,0,constantes,px,n_cambios_ok,1.0
lin,31,0,constantes,px,estados_ok,1.0
lin,31,0,constantes,px,err_anio_cambio,
lin,31,0,constantes,px,macro_f1,1.0
lin,31,0,constantes,tipo,acc_anio,1.0
lin,31,0,constantes,tipo,exacta,1.0
lin,31,0,constantes,tipo,n_cambios_ok,1.0
lin,31,0,constantes,tipo,estados_ok,1.0
lin,31,0,constantes,tipo,err_anio_cambio,
lin,31,0,constantes,tipo,macro_f1,1.0
lin,31,0,todas_sin_costura,px,acc_anio,0.999999903869117
lin,31,0,todas_sin_costura,px,exacta,0.9999971591976449
lin,31,0,todas_sin_costura,px,n_cambios_ok,0.999998496045812
lin,31,0,todas_sin_costura,px,estados_ok,0.999998496045812
lin,31,0,todas_sin_costura,px,err_anio_cambio,1.1153540718423402e-05
lin,31,0,todas_sin_costura,px,macro_f1,0.9999996687759022
lin,31,0,todas_sin_costura,tipo,acc_anio,0.9996506524434647
lin,31,0,todas_sin_costura,tipo,exacta,0.9897803538743136
lin,31,0,todas_sin_costura,tipo,n_cambios_ok,0.9951189749847468
lin,31,0,todas_sin_costura,tipo,estados_ok,0.9951189749847468
lin,31,0,todas_sin_costura,tipo,err_anio_cambio,0.0027116909695574314
lin,31,0,todas_sin_costura,tipo,macro_f1,0.9996631436935365
lin,31,0,dinamicas_sin_costura,px,acc_anio,0.9999984070312153
lin,31,0,dinamicas_sin_costura,px,exacta,0.9999529255392795
lin,31,0,dinamicas_sin_costura,px,n_cambios_ok,0.9999750782266774
lin,31,0,dinamicas_sin_costura,px,estados_ok,0.9999750782266774
lin,31,0,dinamicas_sin_costura,px,err_anio_cambio,1.1153540718423402e-05
lin,31,0,dinamicas_sin_costura,px,macro_f1,0.9999976498966188
lin,31,0,dinamicas_sin_costura,tipo,acc_anio,0.9996501722039645
lin,31,0,dinamicas_sin_costura,tipo,exacta,0.9897663051779441
lin,31,0,dinamicas_sin_costura,tipo,n_cambios_ok,0.995112265159615
lin,31,0,dinamicas_sin_costura,tipo,estados_ok,0.995112265159615
lin,31,0,dinamicas_sin_costura,tipo,err_anio_cambio,0.0027116909695574314
lin,31,0,dinamicas_sin_costura,tipo,macro_f1,0.9996624462731631
lin,31,0,todas,tipo,spearman_om,0.7258666285971382
lin,31,0,todas,px,spearman_om,0.4283659602366657
lin,31,0,todas,tipo,knn10_om,0.7831225245943528
lin,31,0,todas,px,knn10_om,0.7929623395478934
lin,31,1,todas,px,acc_anio,0.9999998596503348
lin,31,1,todas,px,exacta,0.9999960094209811
lin,31,1,todas,px,n_cambios_ok,0.9999979769981363
lin,31,1,todas,px,estados_ok,0.9999978938610734
lin,31,1,todas,px,err_anio_cambio,1.4490628825099815e-05
lin,31,1,todas,px,macro_f1,0.9999995056697818
lin,31,1,todas,px,recall_A,0.9999998599598353
lin,31,1,todas,px,recall_F,0.9999998171617432
lin,31,1,todas,px,recall_G,0.9999992373480291
lin,31,1,todas,px,recall_Wt,0.999999764256986
lin,31,1,todas,px,recall_U,0.9999986476618072
lin,31,1,todas,px,recall_Sh,0.9999999286994432
lin,31,1,todas,px,recall_Sp,0.9999999411825965
lin,31,1,todas,px,recall_B,0.9999997698062713
lin,31,1,todas,px,recall_Wa,0.9999996059870465
lin,31,1,todas,tipo,acc_anio,0.9995136768093902
lin,31,1,todas,tipo,exacta,0.986329372684298
lin,31,1,todas,tipo,n_cambios_ok,0.9937396192666411
lin,31,1,todas,tipo,estados_ok,0.993356330650313
lin,31,1,todas,tipo,err_anio_cambio,0.0035410764872521247
lin,31,1,todas,tipo,macro_f1,0.9995136018380566
lin,31,1,todas,tipo,recall_A,0.9994068466839905
lin,31,1,todas,tipo,recall_F,0.9996345763826716
lin,31,1,todas,tipo,recall_G,0.999143067003999
lin,31,1,todas,tipo,recall_Wt,0.999769651598042
lin,31,1,todas,tipo,recall_U,0.9995651543701985
lin,31,1,todas,tipo,recall_Sh,0.9994246835759668
lin,31,1,todas,tipo,recall_Sp,0.9996170049789352
lin,31,1,todas,tipo,recall_B,0.9995117664290597
lin,31,1,todas,tipo,recall_Wa,0.9996503903973896
lin,31,1,dinamicas,px,acc_anio,0.9999978415986358
lin,31,1,dinamicas,px,exacta,0.9999386299128034
lin,31,1,dinamicas,px,n_cambios_ok,0.9999688887752406
lin,31,1,dinamicas,px,estados_ok,0.9999676102317573
lin,31,1,dinamicas,px,err_anio_cambio,1.4490628825099815e-05
lin,31,1,dinamicas,px,macro_f1,0.999996593062929
lin,31,1,dinamicas,px,recall_A,0.9999978168277297
lin,31,1,dinamicas,px,recall_F,0.9999986567697462
lin,31,1,dinamicas,px,recall_G,0.9999909574967568
lin,31,1,dinamicas,px,recall_Wt,0.9999979565678718
lin,31,1,dinamicas,px,recall_U,0.99999515247878
lin,31,1,dinamicas,px,recall_Sh,0.9999984861553864
lin,31,1,dinamicas,px,recall_Sp,0.9999974206539416
lin,31,1,dinamicas,px,recall_B,0.9999977813097534
lin,31,1,dinamicas,px,recall_Wa,0.9999954330965775
lin,31,1,dinamicas,tipo,acc_anio,0.9995131169592091
lin,31,1,dinamicas,tipo,exacta,0.9863136352008186
lin,31,1,dinamicas,tipo,n_cambios_ok,0.9937324123816833
lin,31,1,dinamicas,tipo,estados_ok,0.9933486825275006
lin,31,1,dinamicas,tipo,err_anio_cambio,0.0035410764872521247
lin,31,1,dinamicas,tipo,macro_f1,0.99951272889597
lin,31,1,dinamicas,tipo,recall_A,0.9994063268594691
lin,31,1,dinamicas,tipo,recall_F,0.9996343692870201
lin,31,1,dinamicas,tipo,recall_G,0.9991419816138917
lin,31,1,dinamicas,tipo,recall_Wt,0.999769239644629
lin,31,1,dinamicas,tipo,recall_U,0.999563191613279
lin,31,1,dinamicas,tipo,recall_Sh,0.9994242371141763
lin,31,1,dinamicas,tipo,recall_Sp,0.9996165497143296
lin,31,1,dinamicas,tipo,recall_B,0.9995110263556795
lin,31,1,dinamicas,tipo,recall_Wa,0.9996497577491098
lin,31,1,constantes,px,acc_anio,1.0
lin,31,1,constantes,px,exacta,1.0
lin,31,1,constantes,px,n_cambios_ok,1.0
lin,31,1,constantes,px,estados_ok,1.0
lin,31,1,constantes,px,err_anio_cambio,
lin,31,1,constantes,px,macro_f1,1.0
lin,31,1,constantes,tipo,acc_anio,1.0
lin,31,1,constantes,tipo,exacta,1.0
lin,31,1,constantes,tipo,n_cambios_ok,1.0
lin,31,1,constantes,tipo,estados_ok,1.0
lin,31,1,constantes,tipo,err_anio_cambio,
lin,31,1,constantes,tipo,macro_f1,1.0
lin,31,1,todas_sin_costura,px,acc_anio,0.9999998894944055
lin,31,1,todas_sin_costura,px,exacta,0.9999968806876101
lin,31,1,todas_sin_costura,px,n_cambios_ok,0.999998440343805
lin,31,1,todas_sin_costura,px,estados_ok,0.9999983567907946
lin,31,1,todas_sin_costura,px,err_anio_cambio,1.246122597233331e-05
lin,31,1,todas_sin_costura,px,macro_f1,0.9999995768930261
lin,31,1,todas_sin_costura,tipo,acc_anio,0.9995473242929402
lin,31,1,todas_sin_costura,tipo,exacta,0.987339841366687
lin,31,1,todas_sin_costura,tipo,n_cambios_ok,0.9942037827943868
lin,31,1,todas_sin_costura,tipo,estados_ok,0.9937461866992068
lin,31,1,todas_sin_costura,tipo,err_anio_cambio,0.0033046418690439593
lin,31,1,todas_sin_costura,tipo,macro_f1,0.9995502787826666
lin,31,1,dinamicas_sin_costura,px,acc_anio,0.9999981688302756
lin,31,1,dinamicas_sin_costura,px,exacta,0.9999483103960716
lin,31,1,dinamicas_sin_costura,px,n_cambios_ok,0.9999741551980358
lin,31,1,dinamicas_sin_costura,px,estados_ok,0.9999727706550734
lin,31,1,dinamicas_sin_costura,px,err_anio_cambio,1.246122597233331e-05
lin,31,1,dinamicas_sin_costura,px,macro_f1,0.9999971252862382
lin,31,1,dinamicas_sin_costura,tipo,acc_anio,0.9995467020107708
lin,31,1,dinamicas_sin_costura,tipo,exacta,0.9873224377577516
lin,31,1,dinamicas_sin_costura,tipo,n_cambios_ok,0.9941958148770429
lin,31,1,dinamicas_sin_costura,tipo,estados_ok,0.9937375897357569
lin,31,1,dinamicas_sin_costura,tipo,err_anio_cambio,0.0033046418690439593
lin,31,1,dinamicas_sin_costura,tipo,macro_f1,0.9995493286739285
lin,31,1,todas,tipo,spearman_om,0.7040748766552914
lin,31,1,todas,px,spearman_om,0.3168662960067215
lin,31,1,todas,tipo,knn10_om,0.7836207997955795
lin,31,1,todas,px,knn10_om,0.7951109836835478
lin,31,2,todas,px,acc_anio,0.9999998730595382
lin,31,2,todas,px,exacta,0.9999966745174843
lin,31,2,todas,px,n_cambios_ok,0.9999980047104906
lin,31,2,todas,px,estados_ok,0.9999979769981363
lin,31,2,todas,px,err_anio_cambio,1.1223119740316897e-05
lin,31,2,todas,px,macro_f1,0.9999995601752931
lin,31,2,todas,px,recall_A,0.9999998599598353
lin,31,2,todas,px,recall_F,0.999999790074594
lin,31,2,todas,px,recall_G,0.9999995306757102
lin,31,2,todas,px,recall_Wt,0.9999998231927395
lin,31,2,todas,px,recall_U,0.9999990984412048
lin,31,2,todas,px,recall_Sh,0.9999999234179205
lin,31,2,todas,px,recall_Sp,0.9999999754927485
lin,31,2,todas,px,recall_B,0.9999998953664869
lin,31,2,todas,px,recall_Wa,0.9999993597289506
lin,31,2,todas,tipo,acc_anio,0.999571376170988
lin,31,2,todas,tipo,exacta,0.9888846301264852
lin,31,2,todas,tipo,n_cambios_ok,0.9939951450108598
lin,31,2,todas,tipo,estados_ok,0.9938673821387505
lin,31,2,todas,tipo,err_anio_cambio,0.002874302874302874
lin,31,2,todas,tipo,macro_f1,0.9995745758317204
lin,31,2,todas,tipo,recall_A,0.9994068466839905
lin,31,2,todas,tipo,recall_F,0.9995614916592059
lin,31,2,todas,tipo,recall_G,0.9994695176691423
lin,31,2,todas,tipo,recall_Wt,0.9997120644975526
lin,31,2,todas,tipo,recall_U,0.9997101029134657
lin,31,2,todas,tipo,recall_Sh,0.9994747110911001
lin,31,2,todas,tipo,recall_Sp,0.9998851014936806
lin,31,2,todas,tipo,recall_B,0.9997558832145298
lin,31,2,todas,tipo,recall_Wa,0.9994173173289826
lin,31,2,dinamicas,px,acc_anio,0.9999980478153266
lin,31,2,dinamicas,px,exacta,0.9999488582606695
lin,31,2,dinamicas,px,n_cambios_ok,0.9999693149564016
lin,31,2,dinamicas,px,estados_ok,0.9999688887752406
lin,31,2,dinamicas,px,err_anio_cambio,1.1223119740316897e-05
lin,31,2,dinamicas,px,macro_f1,0.9999969106544009
lin,31,2,dinamicas,px,recall_A,0.9999978168277297
lin,31,2,dinamicas,px,recall_F,0.9999984577726715
lin,31,2,dinamicas,px,recall_G,0.9999944353826196
lin,31,2,dinamicas,px,recall_Wt,0.9999984674259039
lin,31,2,dinamicas,px,recall_U,0.9999967683191866
lin,31,2,dinamicas,px,recall_Sh,0.9999983740187484
lin,31,2,dinamicas,px,recall_Sp,0.9999989252724757
lin,31,2,dinamicas,px,recall_B,0.9999989915044334
lin,31,2,dinamicas,px,recall_Wa,0.9999925787819384
lin,31,2,dinamicas,tipo,acc_anio,0.9995708827437098
lin,31,2,dinamicas,tipo,exacta,0.988871834228703
lin,31,2,dinamicas,tipo,n_cambios_ok,0.9939882322844718
lin,31,2,dinamicas,tipo,estados_ok,0.9938603223330775
lin,31,2,dinamicas,tipo,err_anio_cambio,0.002874302874302874
lin,31,2,dinamicas,tipo,macro_f1,0.9995738160555521
lin,31,2,dinamicas,tipo,recall_A,0.9994063268594691
lin,31,2,dinamicas,tipo,recall_F,0.9995612431444242
lin,31,2,dinamicas,tipo,recall_G,0.9994688457609806
lin,31,2,dinamicas,tipo,recall_Wt,0.9997115495557863
lin,31,2,dinamicas,tipo,recall_U,0.9997087944088526
lin,31,2,dinamicas,tipo,recall_Sh,0.999474303452074
lin,31,2,dinamicas,tipo,recall_Sp,0.9998849649142989
lin,31,2,dinamicas,tipo,recall_B,0.9997555131778397
lin,31,2,dinamicas,tipo,recall_Wa,0.999416262915183
lin,31,2,constantes,px,acc_anio,1.0
lin,31,2,constantes,px,exacta,1.0
lin,31,2,constantes,px,n_cambios_ok,1.0
lin,31,2,constantes,px,estados_ok,1.0
lin,31,2,constantes,px,err_anio_cambio,
lin,31,2,constantes,px,macro_f1,1.0
lin,31,2,constantes,tipo,acc_anio,1.0
lin,31,2,constantes,tipo,exacta,1.0
lin,31,2,constantes,tipo,n_cambios_ok,1.0
lin,31,2,constantes,tipo,estados_ok,1.0
lin,31,2,constantes,tipo,err_anio_cambio,
lin,31,2,constantes,tipo,macro_f1,1.0
lin,31,2,todas_sin_costura,px,acc_anio,0.9999999020722781
lin,31,2,todas_sin_costura,px,exacta,0.9999973541546693
lin,31,2,todas_sin_costura,px,n_cambios_ok,0.999998496045812
lin,31,2,todas_sin_costura,px,estados_ok,0.9999984681948085
lin,31,2,todas_sin_costura,px,err_anio_cambio,9.999730776479095e-06
lin,31,2,todas_sin_costura,px,macro_f1,0.9999996009056614
lin,31,2,todas_sin_costura,tipo,acc_anio,0.999611289338503
lin,31,2,todas_sin_costura,tipo,exacta,0.9894752898108603
lin,31,2,todas_sin_costura,tipo,n_cambios_ok,0.9946613788895668
lin,31,2,todas_sin_costura,tipo,estados_ok,0.9945088468578401
lin,31,2,todas_sin_costura,tipo,err_anio_cambio,0.0027901500025597705
lin,31,2,todas_sin_costura,tipo,macro_f1,0.9996025030222443
lin,31,2,dinamicas_sin_costura,px,acc_anio,0.9999983772560979
lin,31,2,dinamicas_sin_costura,px,exacta,0.999956156139525
lin,31,2,dinamicas_sin_costura,px,n_cambios_ok,0.9999750782266774
lin,31,2,dinamicas_sin_costura,px,estados_ok,0.9999746167123565
lin,31,2,dinamicas_sin_costura,px,err_anio_cambio,9.999730776479095e-06
lin,31,2,dinamicas_sin_costura,px,macro_f1,0.999997230671092
lin,31,2,dinamicas_sin_costura,tipo,acc_anio,0.9996107549875096
lin,31,2,dinamicas_sin_costura,tipo,exacta,0.98946082175042
lin,31,2,dinamicas_sin_costura,tipo,n_cambios_ok,0.994654040018329
lin,31,2,dinamicas_sin_costura,tipo,estados_ok,0.994501298304567
lin,31,2,dinamicas_sin_costura,tipo,err_anio_cambio,0.0027901500025597705
lin,31,2,dinamicas_sin_costura,tipo,macro_f1,0.9996016364274352
lin,31,2,todas,tipo,spearman_om,0.6412064323986925
lin,31,2,todas,px,spearman_om,-0.20011447741875102
lin,31,2,todas,tipo,knn10_om,0.7791618755589627
lin,31,2,todas,px,knn10_om,0.7923241295708862
lin,4,0,todas,px,acc_anio,0.9966482095205669
lin,4,0,todas,px,exacta,0.9534740609176852
lin,4,0,todas,px,n_cambios_ok,0.9920641239491579
lin,4,0,todas,px,estados_ok,0.9910545905944436
lin,4,0,todas,px,err_anio_cambio,1.1267869952848644
lin,4,0,todas,px,macro_f1,0.9940295959083117
lin,4,0,todas,px,recall_A,0.9982594648005805
lin,4,0,todas,px,recall_F,0.9876174686704277
lin,4,0,todas,px,recall_G,0.992510581649432
lin,4,0,todas,px,recall_Wt,0.9942224691499325
lin,4,0,todas,px,recall_U,0.9702850728910286
lin,4,0,todas,px,recall_Sh,0.9989970441165857
lin,4,0,todas,px,recall_Sp,0.9981421640854886
lin,4,0,todas,px,recall_B,0.9978679875378138
lin,4,0,todas,px,recall_Wa,0.9946882128710143
lin,4,0,todas,tipo,acc_anio,0.7946685789883654
lin,4,0,todas,tipo,exacta,0.04037306758655935
lin,4,0,todas,tipo,n_cambios_ok,0.4495975469528555
lin,4,0,todas,tipo,estados_ok,0.3378050338571611
lin,4,0,todas,tipo,err_anio_cambio,1.7602150537634407
lin,4,0,todas,tipo,macro_f1,0.8002773025188298
lin,4,0,todas,tipo,recall_A,0.8052762399728844
lin,4,0,todas,tipo,recall_F,0.8113317863733533
lin,4,0,todas,tipo,recall_G,0.7112135803476699
lin,4,0,todas,tipo,recall_Wt,0.7339475957385546
lin,4,0,todas,tipo,recall_U,0.859399913030874
lin,4,0,todas,tipo,recall_Sh,0.8342088148481664
lin,4,0,todas,tipo,recall_Sp,0.7907698199923401
lin,4,0,todas,tipo,recall_B,0.8571916804999512
lin,4,0,todas,tipo,recall_Wa,0.7134366623936604
lin,4,0,dinamicas,px,acc_anio,0.9484536772697791
lin,4,0,dinamicas,px,exacta,0.28448956282336496
lin,4,0,dinamicas,px,n_cambios_ok,0.8779562056238867
lin,4,0,dinamicas,px,estados_ok,0.8624308521066135
lin,4,0,dinamicas,px,err_anio_cambio,1.1267869952848644
lin,4,0,dinamicas,px,macro_f1,0.9432723752540841
lin,4,0,dinamicas,px,recall_A,0.97286572611031
lin,4,0,dinamicas,px,recall_F,0.909031124037961
lin,4,0,dinamicas,px,recall_G,0.9112005314209598
lin,4,0,dinamicas,px,recall_Wt,0.949920076260887
lin,4,0,dinamicas,px,recall_U,0.8934854162324095
lin,4,0,dinamicas,px,recall_Sh,0.9787053645719094
lin,4,0,dinamicas,px,recall_Sp,0.9185274857265437
lin,4,0,dinamicas,px,recall_B,0.9794508943338686
lin,4,0,dinamicas,px,recall_Wa,0.9384324332347262
lin,4,0,dinamicas,tipo,acc_anio,0.7944322035996336
lin,4,0,dinamicas,tipo,exacta,0.03926835507802507
lin,4,0,dinamicas,tipo,n_cambios_ok,0.44896392939370683
lin,4,0,dinamicas,tipo,estados_ok,0.33704272192376566
lin,4,0,dinamicas,tipo,err_anio_cambio,1.7602150537634407
lin,4,0,dinamicas,tipo,macro_f1,0.7999841391895502
lin,4,0,dinamicas,tipo,recall_A,0.8051055890085659
lin,4,0,dinamicas,tipo,recall_F,0.8112248628884826
lin,4,0,dinamicas,tipo,recall_G,0.7108478038815117
lin,4,0,dinamicas,tipo,recall_Wt,0.7334717895465559
lin,4,0,dinamicas,tipo,recall_U,0.8587652882935353
lin,4,0,dinamicas,tipo,recall_Sh,0.8340801562069743
lin,4,0,dinamicas,tipo,recall_Sp,0.7905211089382261
lin,4,0,dinamicas,tipo,recall_B,0.8569752090362329
lin,4,0,dinamicas,tipo,recall_Wa,0.7129181016870002
lin,4,0,constantes,px,acc_anio,1.0
lin,4,0,constantes,px,exacta,1.0
lin,4,0,constantes,px,n_cambios_ok,1.0
lin,4,0,constantes,px,estados_ok,1.0
lin,4,0,constantes,px,err_anio_cambio,
lin,4,0,constantes,px,macro_f1,1.0
lin,4,0,constantes,tipo,acc_anio,1.0
lin,4,0,constantes,tipo,exacta,1.0
lin,4,0,constantes,tipo,n_cambios_ok,1.0
lin,4,0,constantes,tipo,estados_ok,1.0
lin,4,0,constantes,tipo,err_anio_cambio,
lin,4,0,constantes,tipo,macro_f1,1.0
lin,4,0,todas_sin_costura,px,acc_anio,0.9970026094207102
lin,4,0,todas_sin_costura,px,exacta,0.957183566158903
lin,4,0,todas_sin_costura,px,n_cambios_ok,0.9933854423751737
lin,4,0,todas_sin_costura,px,estados_ok,0.9926827337063344
lin,4,0,todas_sin_costura,px,err_anio_cambio,1.1392287636553151
lin,4,0,todas_sin_costura,px,macro_f1,0.9944679240069854
lin,4,0,todas_sin_costura,tipo,acc_anio,0.7979491822314944
lin,4,0,todas_sin_costura,tipo,exacta,0.040115924344112264
lin,4,0,todas_sin_costura,tipo,n_cambios_ok,0.4579011592434411
lin,4,0,todas_sin_costura,tipo,estados_ok,0.3482306284319707
lin,4,0,todas_sin_costura,tipo,err_anio_cambio,1.7656112576956904
lin,4,0,todas_sin_costura,tipo,macro_f1,0.8038165590300407
lin,4,0,dinamicas_sin_costura,px,acc_anio,0.9503307420048599
lin,4,0,dinamicas_sin_costura,px,exacta,0.2904960355919844
lin,4,0,dinamicas_sin_costura,px,n_cambios_ok,0.8903912718411652
lin,4,0,dinamicas_sin_costura,px,estados_ok,0.8787468040133285
lin,4,0,dinamicas_sin_costura,px,err_anio_cambio,1.1392287636553151
lin,4,0,dinamicas_sin_costura,px,macro_f1,0.9448801188558167
lin,4,0,dinamicas_sin_costura,tipo,acc_anio,0.7976714279379377
lin,4,0,dinamicas_sin_costura,tipo,exacta,0.03879639529555522
lin,4,0,dinamicas_sin_costura,tipo,n_cambios_ok,0.457155949289751
lin,4,0,dinamicas_sin_costura,tipo,estados_ok,0.3473346570948526
lin,4,0,dinamicas_sin_costura,tipo,err_anio_cambio,1.7656112576956904
lin,4,0,dinamicas_sin_costura,tipo,macro_f1,0.8034774374784589
lin,4,0,todas,tipo,spearman_om,0.7010110286267264
lin,4,0,todas,px,spearman_om,0.8373606515018848
lin,4,0,todas,tipo,knn10_om,0.5686980963332057
lin,4,0,todas,px,knn10_om,0.6363642261329219
lin,4,1,todas,px,acc_anio,0.9963997298245699
lin,4,1,todas,px,exacta,0.9553214773045934
lin,4,1,todas,px,n_cambios_ok,0.9861930122799816
lin,4,1,todas,px,estados_ok,0.9845248116883173
lin,4,1,todas,px,err_anio_cambio,1.0245259409313283
lin,4,1,todas,px,macro_f1,0.99432111079812
lin,4,1,todas,px,recall_A,0.9975806541122446
lin,4,1,todas,px,recall_F,0.9896802701986467
lin,4,1,todas,px,recall_G,0.9939640203093046
lin,4,1,todas,px,recall_Wt,0.9929082902508064
lin,4,1,todas,px,recall_U,0.9862733165643397
lin,4,1,todas,px,recall_Sh,0.998089863366215
lin,4,1,todas,px,recall_Sp,0.998029048415727
lin,4,1,todas,px,recall_B,0.9973386256685218
lin,4,1,todas,px,recall_Wa,0.9916622918915926
lin,4,1,todas,tipo,acc_anio,0.7832276198601202
lin,4,1,todas,tipo,exacta,0.03219624377155998
lin,4,1,todas,tipo,n_cambios_ok,0.4577743707678549
lin,4,1,todas,tipo,estados_ok,0.31723521144755334
lin,4,1,todas,tipo,err_anio_cambio,1.684653732147669
lin,4,1,todas,tipo,macro_f1,0.7861327437845893
lin,4,1,todas,tipo,recall_A,0.8154728279290475
lin,4,1,todas,tipo,recall_F,0.790667080813433
lin,4,1,todas,tipo,recall_G,0.7700971190728801
lin,4,1,todas,tipo,recall_Wt,0.7040023034840196
lin,4,1,todas,tipo,recall_U,0.8737498188143209
lin,4,1,todas,tipo,recall_Sh,0.8062434338886387
lin,4,1,todas,tipo,recall_Sp,0.769360398314822
lin,4,1,todas,tipo,recall_B,0.8063177424079679
lin,4,1,todas,tipo,recall_Wa,0.6954317678592239
lin,4,1,dinamicas,px,acc_anio,0.9446323720061116
lin,4,1,dinamicas,px,exacta,0.31290050374613243
lin,4,1,dinamicas,px,n_cambios_ok,0.7876658910169535
lin,4,1,dinamicas,px,estados_ok,0.7620110636629418
lin,4,1,dinamicas,px,err_anio_cambio,1.0245259409313283
lin,4,1,dinamicas,px,macro_f1,0.93917376723609
lin,4,1,dinamicas,px,recall_A,0.9622833287289191
lin,4,1,dinamicas,px,recall_F,0.9241855970096312
lin,4,1,dinamicas,px,recall_G,0.9284334558708452
lin,4,1,dinamicas,px,recall_Wt,0.9385287084333976
lin,4,1,dinamicas,px,recall_U,0.9507960437763483
lin,4,1,dinamicas,px,recall_Sh,0.9594442149381253
lin,4,1,dinamicas,px,recall_Sp,0.9135669733652427
lin,4,1,dinamicas,px,recall_B,0.9743487135630552
lin,4,1,dinamicas,px,recall_Wa,0.9033597566753856
lin,4,1,dinamicas,tipo,acc_anio,0.7829780737586545
lin,4,1,dinamicas,tipo,exacta,0.03108211818879509
lin,4,1,dinamicas,tipo,n_cambios_ok,0.4571501662829368
lin,4,1,dinamicas,tipo,estados_ok,0.3164492197492965
lin,4,1,dinamicas,tipo,err_anio_cambio,1.684653732147669
lin,4,1,dinamicas,tipo,macro_f1,0.785819878313599
lin,4,1,dinamicas,tipo,recall_A,0.8153111129957877
lin,4,1,dinamicas,tipo,recall_F,0.7905484460694698
lin,4,1,dinamicas,tipo,recall_G,0.7698059244126659
lin,4,1,dinamicas,tipo,recall_Wt,0.7034729433483328
lin,4,1,dinamicas,tipo,recall_U,0.873179965055329
lin,4,1,dinamicas,tipo,recall_Sh,0.8060930733221519
lin,4,1,dinamicas,tipo,recall_Sp,0.7690862379692472
lin,4,1,dinamicas,tipo,recall_B,0.8060241552980294
lin,4,1,dinamicas,tipo,recall_Wa,0.694880625766155
lin,4,1,constantes,px,acc_anio,1.0
lin,4,1,constantes,px,exacta,1.0
lin,4,1,constantes,px,n_cambios_ok,1.0
lin,4,1,constantes,px,estados_ok,1.0
lin,4,1,constantes,px,err_anio_cambio,
lin,4,1,constantes,px,macro_f1,1.0
lin,4,1,constantes,tipo,acc_anio,1.0
lin,4,1,constantes,tipo,exacta,1.0
lin,4,1,constantes,tipo,n_cambios_ok,1.0
lin,4,1,constantes,tipo,estados_ok,1.0
lin,4,1,constantes,tipo,err_anio_cambio,
lin,4,1,constantes,tipo,macro_f1,1.0
lin,4,1,todas_sin_costura,px,acc_anio,0.9968615000655232
lin,4,1,todas_sin_costura,px,exacta,0.959173102592597
lin,4,1,todas_sin_costura,px,n_cambios_ok,0.9871413587986569
lin,4,1,todas_sin_costura,px,estados_ok,0.9864547201588265
lin,4,1,todas_sin_costura,px,err_anio_cambio,0.9979501302839587
lin,4,1,todas_sin_costura,px,macro_f1,0.9948770109655265
lin,4,1,todas_sin_costura,tipo,acc_anio,0.7865486429569565
lin,4,1,todas_sin_costura,tipo,exacta,0.03401464307504576
lin,4,1,todas_sin_costura,tipo,n_cambios_ok,0.46751067724222084
lin,4,1,todas_sin_costura,tipo,estados_ok,0.3285539963392312
lin,4,1,todas_sin_costura,tipo,err_anio_cambio,1.6823620823620822
lin,4,1,todas_sin_costura,tipo,macro_f1,0.7898079603435435
lin,4,1,dinamicas_sin_costura,px,acc_anio,0.9479924424796836
lin,4,1,dinamicas_sin_costura,px,exacta,0.32346431109757334
lin,4,1,dinamicas_sin_costura,px,n_cambios_ok,0.7869216071774707
lin,4,1,dinamicas_sin_costura,px,estados_ok,0.7755434331127294
lin,4,1,dinamicas_sin_costura,px,err_anio_cambio,0.9979501302839587
lin,4,1,dinamicas_sin_costura,px,macro_f1,0.9411076920335864
lin,4,1,dinamicas_sin_costura,tipo,acc_anio,0.7862552166222401
lin,4,1,dinamicas_sin_costura,tipo,exacta,0.03268672674507408
lin,4,1,dinamicas_sin_costura,tipo,n_cambios_ok,0.4667786772567588
lin,4,1,dinamicas_sin_costura,tipo,estados_ok,0.32763097601955093
lin,4,1,dinamicas_sin_costura,tipo,err_anio_cambio,1.6823620823620822
lin,4,1,dinamicas_sin_costura,tipo,macro_f1,0.7894465645022222
lin,4,1,todas,tipo,spearman_om,0.6085996089181672
lin,4,1,todas,px,spearman_om,0.7542646608138792
lin,4,1,todas,tipo,knn10_om,0.5642391720965888
lin,4,1,todas,px,knn10_om,0.45926968967622517
lin,4,2,todas,px,acc_anio,0.9960896437770753
lin,4,2,todas,px,exacta,0.9512781616754823
lin,4,2,todas,px,n_cambios_ok,0.9907303560491594
lin,4,2,todas,px,estados_ok,0.9897471494310279
lin,4,2,todas,px,err_anio_cambio,1.3373821833061295
lin,4,2,todas,px,macro_f1,0.9915967691256995
lin,4,2,todas,px,recall_A,0.9971781066584144
lin,4,2,todas,px,recall_F,0.9880752888935876
lin,4,2,todas,px,recall_G,0.9912695708962153
lin,4,2,todas,px,recall_Wt,0.9952893241595511
lin,4,2,todas,px,recall_U,0.9349286416213634
lin,4,2,todas,px,recall_Sh,0.9983345615954551
lin,4,2,todas,px,recall_Sp,0.9979547326264504
lin,4,2,todas,px,recall_B,0.9967636226608315
lin,4,2,todas,px,recall_Wa,0.9948971874912117
lin,4,2,todas,tipo,acc_anio,0.7887090592119091
lin,4,2,todas,tipo,exacta,0.03551807844640348
lin,4,2,todas,tipo,n_cambios_ok,0.43004982752012266
lin,4,2,todas,tipo,estados_ok,0.3119969336910694
lin,4,2,todas,tipo,err_anio_cambio,1.60220578161392
lin,4,2,todas,tipo,macro_f1,0.791780328126436
lin,4,2,todas,tipo,recall_A,0.7962377132527398
lin,4,2,todas,tipo,recall_F,0.8032741956112623
lin,4,2,todas,tipo,recall_G,0.6980739410756549
lin,4,2,todas,tipo,recall_Wt,0.77627411459833
lin,4,2,todas,tipo,recall_U,0.7944629656471952
lin,4,2,todas,tipo,recall_Sh,0.8045925258892391
lin,4,2,todas,tipo,recall_Sp,0.8077364994255075
lin,4,2,todas,tipo,recall_B,0.8587052045698662
lin,4,2,todas,tipo,recall_Wa,0.7169327584197646
lin,4,2,dinamicas,px,acc_anio,0.9398636385257871
lin,4,2,dinamicas,px,exacta,0.2507193937999165
lin,4,2,dinamicas,px,n_cambios_ok,0.8574445325218844
lin,4,2,dinamicas,px,estados_ok,0.8423240511076449
lin,4,2,dinamicas,px,err_anio_cambio,1.3373821833061295
lin,4,2,dinamicas,px,macro_f1,0.9285664272551423
lin,4,2,dinamicas,px,recall_A,0.9560077688497121
lin,4,2,dinamicas,px,recall_F,0.9123945228443169
lin,4,2,dinamicas,px,recall_G,0.896486291912872
lin,4,2,dinamicas,px,recall_Wt,0.9591676283569119
lin,4,2,dinamicas,px,recall_U,0.766748589775285
lin,4,2,dinamicas,px,recall_Sh,0.9646396175153841
lin,4,2,dinamicas,px,recall_Sp,0.9103079696204621
lin,4,2,dinamicas,px,recall_B,0.9688066270260676
lin,4,2,dinamicas,px,recall_Wa,0.9408546046374621
lin,4,2,dinamicas,tipo,acc_anio,0.788465823286213
lin,4,2,dinamicas,tipo,exacta,0.03440777692504477
lin,4,2,dinamicas,tipo,n_cambios_ok,0.4293937068303914
lin,4,2,dinamicas,tipo,estados_ok,0.31120491174213355
lin,4,2,dinamicas,tipo,err_anio_cambio,1.60220578161392
lin,4,2,dinamicas,tipo,macro_f1,0.7914559859595616
lin,4,2,dinamicas,tipo,recall_A,0.7960591411528567
lin,4,2,dinamicas,tipo,recall_F,0.8031627056672761
lin,4,2,dinamicas,tipo,recall_G,0.6976915219611849
lin,4,2,dinamicas,tipo,recall_Wt,0.7758740048459675
lin,4,2,dinamicas,tipo,recall_U,0.7935352358765289
lin,4,2,dinamicas,tipo,recall_Sh,0.8044408841715273
lin,4,2,dinamicas,tipo,recall_Sp,0.8075079565934277
lin,4,2,dinamicas,tipo,recall_B,0.8584910273336267
lin,4,2,dinamicas,tipo,recall_Wa,0.7164205241959022
lin,4,2,constantes,px,acc_anio,1.0
lin,4,2,constantes,px,exacta,1.0
lin,4,2,constantes,px,n_cambios_ok,1.0
lin,4,2,constantes,px,estados_ok,1.0
lin,4,2,constantes,px,err_anio_cambio,
lin,4,2,constantes,px,macro_f1,1.0
lin,4,2,constantes,tipo,acc_anio,1.0
lin,4,2,constantes,tipo,exacta,1.0
lin,4,2,constantes,tipo,n_cambios_ok,1.0
lin,4,2,constantes,tipo,estados_ok,1.0
lin,4,2,constantes,tipo,err_anio_cambio,
lin,4,2,constantes,tipo,macro_f1,1.0
lin,4,2,todas_sin_costura,px,acc_anio,0.9963688796017192
lin,4,2,todas_sin_costura,px,exacta,0.9543180321127084
lin,4,2,todas_sin_costura,px,n_cambios_ok,0.991706890246353
lin,4,2,todas_sin_costura,px,estados_ok,0.9910288297155947
lin,4,2,todas_sin_costura,px,err_anio_cambio,1.3801254282389903
lin,4,2,todas_sin_costura,px,macro_f1,0.9920035446453461
lin,4,2,todas_sin_costura,tipo,acc_anio,0.7939292251372788
lin,4,2,todas_sin_costura,tipo,exacta,0.037675411836485664
lin,4,2,todas_sin_costura,tipo,n_cambios_ok,0.4327333740085418
lin,4,2,todas_sin_costura,tipo,estados_ok,0.3206223306894448
lin,4,2,todas_sin_costura,tipo,err_anio_cambio,1.5983436853002069
lin,4,2,todas_sin_costura,tipo,macro_f1,0.7969830681967367
lin,4,2,dinamicas_sin_costura,px,acc_anio,0.93982931116159
lin,4,2,dinamicas_sin_costura,px,exacta,0.2430117501546073
lin,4,2,dinamicas_sin_costura,px,n_cambios_ok,0.8625762652415104
lin,4,2,dinamicas_sin_costura,px,estados_ok,0.8513402375875724
lin,4,2,dinamicas_sin_costura,px,err_anio_cambio,1.3801254282389903
lin,4,2,dinamicas_sin_costura,px,macro_f1,0.9289067319869191
lin,4,2,dinamicas_sin_costura,tipo,acc_anio,0.7936459447074996
lin,4,2,dinamicas_sin_costura,tipo,exacta,0.036352527875362764
lin,4,2,dinamicas_sin_costura,tipo,n_cambios_ok,0.43195356651901634
lin,4,2,dinamicas_sin_costura,tipo,estados_ok,0.31968840690392547
lin,4,2,dinamicas_sin_costura,tipo,err_anio_cambio,1.5983436853002069
lin,4,2,dinamicas_sin_costura,tipo,macro_f1,0.7966108394579564
lin,4,2,todas,tipo,spearman_om,0.7022152354589302
lin,4,2,todas,px,spearman_om,0.8574014105912339
lin,4,2,todas,tipo,knn10_om,0.5773604190622205
lin,4,2,todas,px,knn10_om,0.5233720398252028
lin,7,0,todas,px,acc_anio,0.9993365099194551
lin,7,0,todas,px,exacta,0.9828606571003804
lin,7,0,todas,px,n_cambios_ok,0.9973622826932274
lin,7,0,todas,px,estados_ok,0.9972658991249796
lin,7,0,todas,px,err_anio_cambio,0.23015402000213547
lin,7,0,todas,px,macro_f1,0.9987288227747736
lin,7,0,todas,px,recall_A,0.999617190207089
lin,7,0,todas,px,recall_F,0.9984687702302912
lin,7,0,todas,px,recall_G,0.9980259047061669
lin,7,0,todas,px,recall_Wt,0.99882638287294
lin,7,0,todas,px,recall_U,0.9932635526825881
lin,7,0,todas,px,recall_Sh,0.9994926252381736
lin,7,0,todas,px,recall_Sp,0.9997352187539565
lin,7,0,todas,px,recall_B,0.9994954362733042
lin,7,0,todas,px,recall_Wa,0.9986173100430307
lin,7,0,todas,tipo,acc_anio,0.9129893627105511
lin,7,0,todas,tipo,exacta,0.21821898556279545
lin,7,0,todas,tipo,n_cambios_ok,0.6216941356841702
lin,7,0,todas,tipo,estados_ok,0.5773604190622205
lin,7,0,todas,tipo,err_anio_cambio,0.6491869918699187
lin,7,0,todas,tipo,macro_f1,0.9127512042693771
lin,7,0,todas,tipo,recall_A,0.9101513953225624
lin,7,0,todas,tipo,recall_F,0.9298021231112167
lin,7,0,todas,tipo,recall_G,0.8930466008324492
lin,7,0,todas,tipo,recall_Wt,0.8795853728764756
lin,7,0,todas,tipo,recall_U,0.9560805913900565
lin,7,0,todas,tipo,recall_Sh,0.9124268347591176
lin,7,0,todas,tipo,recall_Sp,0.9024894676369207
lin,7,0,todas,tipo,recall_B,0.9340396445659603
lin,7,0,todas,tipo,recall_Wa,0.9023423843374898
lin,7,0,dinamicas,px,acc_anio,0.9897963568934526
lin,7,0,dinamicas,px,exacta,0.736418458758449
lin,7,0,dinamicas,px,n_cambios_ok,0.9594352247253263
lin,7,0,dinamicas,px,estados_ok,0.9579529666470623
lin,7,0,dinamicas,px,err_anio_cambio,0.23015402000213547
lin,7,0,dinamicas,px,macro_f1,0.9877606282029558
lin,7,0,dinamicas,px,recall_A,0.9940321426582068
lin,7,0,dinamicas,px,recall_F,0.9887507451196713
lin,7,0,dinamicas,px,recall_G,0.976593828143748
lin,7,0,dinamicas,px,recall_Wt,0.9898270285789309
lin,7,0,dinamicas,px,recall_U,0.9758528809626531
lin,7,0,dinamicas,px,recall_Sh,0.9892274817295775
lin,7,0,dinamicas,px,recall_Sp,0.9883884288816256
lin,7,0,dinamicas,px,recall_B,0.9951368326784835
lin,7,0,dinamicas,px,recall_Wa,0.9839735941644108
lin,7,0,dinamicas,tipo,acc_anio,0.9128891969730729
lin,7,0,dinamicas,tipo,exacta,0.2173190074187772
lin,7,0,dinamicas,tipo,n_cambios_ok,0.6212586339217191
lin,7,0,dinamicas,tipo,estados_ok,0.5768738807879253
lin,7,0,dinamicas,tipo,err_anio_cambio,0.6491869918699187
lin,7,0,dinamicas,tipo,macro_f1,0.9126222248927431
lin,7,0,dinamicas,tipo,recall_A,0.9100726542843411
lin,7,0,dinamicas,tipo,recall_F,0.9297623400365631
lin,7,0,dinamicas,tipo,recall_G,0.8929111338100102
lin,7,0,dinamicas,tipo,recall_Wt,0.8793700242298373
lin,7,0,dinamicas,tipo,recall_U,0.9558823529411765
lin,7,0,dinamicas,tipo,recall_Sh,0.9123588755100508
lin,7,0,dinamicas,tipo,recall_Sp,0.9023735572683002
lin,7,0,dinamicas,tipo,recall_B,0.9339396606522908
lin,7,0,dinamicas,tipo,recall_Wa,0.9021656645846711
lin,7,0,constantes,px,acc_anio,1.0
lin,7,0,constantes,px,exacta,1.0
lin,7,0,constantes,px,n_cambios_ok,1.0
lin,7,0,constantes,px,estados_ok,1.0
lin,7,0,constantes,px,err_anio_cambio,
lin,7,0,constantes,px,macro_f1,1.0
lin,7,0,constantes,tipo,acc_anio,1.0
lin,7,0,constantes,tipo,exacta,1.0
lin,7,0,constantes,tipo,n_cambios_ok,1.0
lin,7,0,constantes,tipo,estados_ok,1.0
lin,7,0,constantes,tipo,err_anio_cambio,
lin,7,0,constantes,tipo,macro_f1,1.0
lin,7,0,todas_sin_costura,px,acc_anio,0.999380046545118
lin,7,0,todas_sin_costura,px,exacta,0.9835913863419069
lin,7,0,todas_sin_costura,px,n_cambios_ok,0.9975708076253486
lin,7,0,todas_sin_costura,px,estados_ok,0.997497531635189
lin,7,0,todas_sin_costura,px,err_anio_cambio,0.23917961206808003
lin,7,0,todas_sin_costura,px,macro_f1,0.9988023284421182
lin,7,0,todas_sin_costura,tipo,acc_anio,0.9161221437146964
lin,7,0,todas_sin_costura,tipo,exacta,0.22544234289200732
lin,7,0,todas_sin_costura,tipo,n_cambios_ok,0.6336180597925565
lin,7,0,todas_sin_costura,tipo,estados_ok,0.5925869432580841
lin,7,0,todas_sin_costura,tipo,err_anio_cambio,0.6467148262813898
lin,7,0,todas_sin_costura,tipo,macro_f1,0.9159664563467736
lin,7,0,dinamicas_sin_costura,px,acc_anio,0.9897268549823747
lin,7,0,dinamicas_sin_costura,px,exacta,0.7280956073066948
lin,7,0,dinamicas_sin_costura,px,n_cambios_ok,0.95974625942643
lin,7,0,dinamicas_sin_costura,px,estados_ok,0.9585320152484331
lin,7,0,dinamicas_sin_costura,px,err_anio_cambio,0.23917961206808003
lin,7,0,dinamicas_sin_costura,px,macro_f1,0.9878413593407546
lin,7,0,dinamicas_sin_costura,tipo,acc_anio,0.9160068388870549
lin,7,0,dinamicas_sin_costura,tipo,exacta,0.22437757751641974
lin,7,0,dinamicas_sin_costura,tipo,n_cambios_ok,0.6331144035436077
lin,7,0,dinamicas_sin_costura,tipo,estados_ok,0.5920268825416222
lin,7,0,dinamicas_sin_costura,tipo,err_anio_cambio,0.6467148262813898
lin,7,0,dinamicas_sin_costura,tipo,macro_f1,0.9158207109982287
lin,7,0,todas,tipo,spearman_om,0.7171871400084066
lin,7,0,todas,px,spearman_om,0.6810604953539753
lin,7,0,todas,tipo,knn10_om,0.6448958732592309
lin,7,0,todas,px,knn10_om,0.5403264166160616
lin,7,1,todas,px,acc_anio,0.9993612069908162
lin,7,1,todas,px,exacta,0.9832482697999437
lin,7,1,todas,px,n_cambios_ok,0.9962144924029214
lin,7,1,todas,px,estados_ok,0.9961249537861852
lin,7,1,todas,px,err_anio_cambio,0.21258338850899133
lin,7,1,todas,px,macro_f1,0.998943704192788
lin,7,1,todas,px,recall_A,0.999465146599766
lin,7,1,todas,px,recall_F,0.99825780196913
lin,7,1,todas,px,recall_G,0.9984718507797501
lin,7,1,todas,px,recall_Wt,0.9989873069478358
lin,7,1,todas,px,recall_U,0.9976784861024711
lin,7,1,todas,px,recall_Sh,0.9997171163614788
lin,7,1,todas,px,recall_Sp,0.9996089426901699
lin,7,1,todas,px,recall_B,0.9995313464949876
lin,7,1,todas,px,recall_Wa,0.9988812987218565
lin,7,1,todas,tipo,acc_anio,0.9097417129291906
lin,7,1,todas,tipo,exacta,0.22844001533154465
lin,7,1,todas,tipo,n_cambios_ok,0.6188833524977642
lin,7,1,todas,tipo,estados_ok,0.5686725437587837
lin,7,1,todas,tipo,err_anio_cambio,0.6069338135974786
lin,7,1,todas,tipo,macro_f1,0.9101391652700086
lin,7,1,todas,tipo,recall_A,0.9016777765224269
lin,7,1,todas,tipo,recall_F,0.9253987685224097
lin,7,1,todas,tipo,recall_G,0.8857014608667265
lin,7,1,todas,tipo,recall_Wt,0.8905269219694788
lin,7,1,todas,tipo,recall_U,0.9514422380055081
lin,7,1,todas,tipo,recall_Sh,0.9172294762119165
lin,7,1,todas,tipo,recall_Sp,0.8933741861355803
lin,7,1,todas,tipo,recall_B,0.9374572795625428
lin,7,1,todas,tipo,recall_Wa,0.8878335858291574
lin,7,1,dinamicas,px,acc_anio,0.9901761667946583
lin,7,1,dinamicas,px,exacta,0.7423794546585862
lin,7,1,dinamicas,px,n_cambios_ok,0.9417836533953853
lin,7,1,dinamicas,px,estados_ok,0.9404066620639101
lin,7,1,dinamicas,px,err_anio_cambio,0.21258338850899133
lin,7,1,dinamicas,px,macro_f1,0.9885387695164671
lin,7,1,dinamicas,px,recall_A,0.9916618413361463
lin,7,1,dinamicas,px,recall_F,0.9872008564038104
lin,7,1,dinamicas,px,recall_G,0.9818812580208742
lin,7,1,dinamicas,px,recall_Wt,0.9912219264354216
lin,7,1,dinamicas,px,recall_U,0.9916784219056253
lin,7,1,dinamicas,px,recall_Sh,0.9939938495296765
lin,7,1,dinamicas,px,recall_Sp,0.982850787839759
lin,7,1,dinamicas,px,recall_B,0.995482948356959
lin,7,1,dinamicas,px,recall_Wa,0.9870334194575203
lin,7,1,dinamicas,tipo,acc_anio,0.9096378085311811
lin,7,1,dinamicas,tipo,exacta,0.22755180353031465
lin,7,1,dinamicas,tipo,n_cambios_ok,0.6184446149910463
lin,7,1,dinamicas,tipo,estados_ok,0.5681760040931184
lin,7,1,dinamicas,tipo,err_anio_cambio,0.6069338135974786
lin,7,1,dinamicas,tipo,macro_f1,0.9100080673470275
lin,7,1,dinamicas,tipo,recall_A,0.9015916094196138
lin,7,1,dinamicas,tipo,recall_F,0.9253564899451554
lin,7,1,dinamicas,tipo,recall_G,0.8855566905005108
lin,7,1,dinamicas,tipo,recall_Wt,0.8903311411099573
lin,7,1,dinamicas,tipo,recall_U,0.9512230634828188
lin,7,1,dinamicas,tipo,recall_Sh,0.9171652439482314
lin,7,1,dinamicas,tipo,recall_Sp,0.8932474404693431
lin,7,1,dinamicas,tipo,recall_B,0.9373624761625349
lin,7,1,dinamicas,tipo,recall_Wa,0.8876306111727278
lin,7,1,constantes,px,acc_anio,1.0
lin,7,1,constantes,px,exacta,1.0
lin,7,1,constantes,px,n_cambios_ok,1.0
lin,7,1,constantes,px,estados_ok,1.0
lin,7,1,constantes,px,err_anio_cambio,
lin,7,1,constantes,px,macro_f1,1.0
lin,7,1,constantes,tipo,acc_anio,1.0
lin,7,1,constantes,tipo,exacta,1.0
lin,7,1,constantes,tipo,n_cambios_ok,1.0
lin,7,1,constantes,tipo,estados_ok,1.0
lin,7,1,constantes,tipo,err_anio_cambio,
lin,7,1,constantes,tipo,macro_f1,1.0
lin,7,1,todas_sin_costura,px,acc_anio,0.9994081814491507
lin,7,1,todas_sin_costura,px,exacta,0.9841260142047359
lin,7,1,todas_sin_costura,px,n_cambios_ok,0.9963440823260067
lin,7,1,todas_sin_costura,px,estados_ok,0.9962684111495477
lin,7,1,todas_sin_costura,px,err_anio_cambio,0.21507872244271767
lin,7,1,todas_sin_costura,px,macro_f1,0.9990286717433813
lin,7,1,todas_sin_costura,tipo,acc_anio,0.9119840973055955
lin,7,1,todas_sin_costura,tipo,exacta,0.23276388041488713
lin,7,1,todas_sin_costura,tipo,n_cambios_ok,0.6226357535082367
lin,7,1,todas_sin_costura,tipo,estados_ok,0.5748932275777914
lin,7,1,todas_sin_costura,tipo,err_anio_cambio,0.6096187943262411
lin,7,1,todas_sin_costura,tipo,macro_f1,0.9122138839132347
lin,7,1,dinamicas_sin_costura,px,acc_anio,0.9901930737717243
lin,7,1,dinamicas_sin_costura,px,exacta,0.7369548362085675
lin,7,1,dinamicas_sin_costura,px,n_cambios_ok,0.9394183996529413
lin,7,1,dinamicas_sin_costura,px,estados_ok,0.9381644652433565
lin,7,1,dinamicas_sin_costura,px,err_anio_cambio,0.21507872244271767
lin,7,1,dinamicas_sin_costura,px,macro_f1,0.9887253915685782
lin,7,1,dinamicas_sin_costura,tipo,acc_anio,0.9118631040072529
lin,7,1,dinamicas_sin_costura,tipo,exacta,0.2317091797769971
lin,7,1,dinamicas_sin_costura,tipo,n_cambios_ok,0.6221170001527417
lin,7,1,dinamicas_sin_costura,tipo,estados_ok,0.5743088437452268
lin,7,1,dinamicas_sin_costura,tipo,err_anio_cambio,0.6096187943262411
lin,7,1,dinamicas_sin_costura,tipo,macro_f1,0.9120631173880853
lin,7,1,todas,tipo,spearman_om,0.6145095413709093
lin,7,1,todas,px,spearman_om,0.22002478098955278
lin,7,1,todas,tipo,knn10_om,0.6512201354286443
lin,7,1,todas,px,knn10_om,0.595876033106176
lin,7,2,todas,px,acc_anio,0.9994997526712606
lin,7,2,todas,px,exacta,0.9876339161416954
lin,7,2,todas,px,n_cambios_ok,0.9980851871674397
lin,7,2,todas,px,estados_ok,0.9979957594001206
lin,7,2,todas,px,err_anio_cambio,0.1645321930712132
lin,7,2,todas,px,macro_f1,0.9990540927885316
lin,7,2,todas,px,recall_A,0.9994721886194736
lin,7,2,todas,px,recall_F,0.9988881334734443
lin,7,2,todas,px,recall_G,0.998855582052171
lin,7,2,todas,px,recall_Wt,0.9991347642030598
lin,7,2,todas,px,recall_U,0.9966610770021367
lin,7,2,todas,px,recall_Sh,0.999764737211103
lin,7,2,todas,px,recall_Sp,0.9997491437742266
lin,7,2,todas,px,recall_B,0.9995848979269736
lin,7,2,todas,px,recall_Wa,0.998640704562143
lin,7,2,todas,tipo,acc_anio,0.9056945148514035
lin,7,2,todas,tipo,exacta,0.22154082023763894
lin,7,2,todas,tipo,n_cambios_ok,0.636003577360419
lin,7,2,todas,tipo,estados_ok,0.5840040884119075
lin,7,2,todas,tipo,err_anio_cambio,0.6605655414291978
lin,7,2,todas,tipo,macro_f1,0.9041901831876084
lin,7,2,todas,tipo,recall_A,0.9107727940345723
lin,7,2,todas,tipo,recall_F,0.9241380570426266
lin,7,2,todas,tipo,recall_G,0.8807230882232923
lin,7,2,todas,tipo,recall_Wt,0.9019867549668874
lin,7,2,todas,tipo,recall_U,0.9457892448180896
lin,7,2,todas,tipo,recall_Sh,0.9145029766371504
lin,7,2,todas,tipo,recall_Sp,0.9115281501340483
lin,7,2,todas,tipo,recall_B,0.8925397910360316
lin,7,2,todas,tipo,recall_Wa,0.8459969700501108
lin,7,2,dinamicas,px,acc_anio,0.9923068251400692
lin,7,2,dinamicas,px,exacta,0.8098251804877217
lin,7,2,dinamicas,px,n_cambios_ok,0.9705525864934667
lin,7,2,dinamicas,px,estados_ok,0.9691772998866358
lin,7,2,dinamicas,px,err_anio_cambio,0.1645321930712132
lin,7,2,dinamicas,px,macro_f1,0.9905573154052293
lin,7,2,dinamicas,px,recall_A,0.9917716237131681
lin,7,2,dinamicas,px,recall_F,0.9918316178293021
lin,7,2,dinamicas,px,recall_G,0.9864310283065131
lin,7,2,dinamicas,px,recall_Wt,0.9925000932315908
lin,7,2,dinamicas,px,recall_U,0.9880314701077604
lin,7,2,dinamicas,px,recall_Sh,0.9950049295266085
lin,7,2,dinamicas,px,recall_Sp,0.9889990890609504
lin,7,2,dinamicas,px,recall_B,0.9959990963879722
lin,7,2,dinamicas,px,recall_Wa,0.9842447540551248
lin,7,2,dinamicas,tipo,acc_anio,0.9055859513612095
lin,7,2,dinamicas,tipo,exacta,0.22064466615502687
lin,7,2,dinamicas,tipo,n_cambios_ok,0.6355845484778716
lin,7,2,dinamicas,tipo,estados_ok,0.5835251982604247
lin,7,2,dinamicas,tipo,err_anio_cambio,0.6605655414291978
lin,7,2,dinamicas,tipo,macro_f1,0.9040472902965772
lin,7,2,dinamicas,tipo,recall_A,0.9106945975744212
lin,7,2,dinamicas,tipo,recall_F,0.9240950639853748
lin,7,2,dinamicas,tipo,recall_G,0.8805720122574056
lin,7,2,dinamicas,tipo,recall_Wt,0.9018114687896619
lin,7,2,dinamicas,tipo,recall_U,0.9455445544554455
lin,7,2,dinamicas,tipo,recall_Sh,0.9144366285328059
lin,7,2,dinamicas,tipo,recall_Sp,0.9114229840101231
lin,7,2,dinamicas,tipo,recall_B,0.8923769008850423
lin,7,2,dinamicas,tipo,recall_Wa,0.8457182884828673
lin,7,2,constantes,px,acc_anio,1.0
lin,7,2,constantes,px,exacta,1.0
lin,7,2,constantes,px,n_cambios_ok,1.0
lin,7,2,constantes,px,estados_ok,1.0
lin,7,2,constantes,px,err_anio_cambio,
lin,7,2,constantes,px,macro_f1,1.0
lin,7,2,constantes,tipo,acc_anio,1.0
lin,7,2,constantes,tipo,exacta,1.0
lin,7,2,constantes,tipo,n_cambios_ok,1.0
lin,7,2,constantes,tipo,estados_ok,1.0
lin,7,2,constantes,tipo,err_anio_cambio,
lin,7,2,constantes,tipo,macro_f1,1.0
lin,7,2,todas_sin_costura,px,acc_anio,0.9995424816831967
lin,7,2,todas_sin_costura,px,exacta,0.9883039153859777
lin,7,2,todas_sin_costura,px,n_cambios_ok,0.9982659129702374
lin,7,2,todas_sin_costura,px,estados_ok,0.9981921913640222
lin,7,2,todas_sin_costura,px,err_anio_cambio,0.16855712611468202
lin,7,2,todas_sin_costura,px,macro_f1,0.9991410163568885
lin,7,2,todas_sin_costura,tipo,acc_anio,0.9075754295498829
lin,7,2,todas_sin_costura,tipo,exacta,0.22696766320927395
lin,7,2,todas_sin_costura,tipo,n_cambios_ok,0.6420073215375229
lin,7,2,todas_sin_costura,tipo,estados_ok,0.5953325198291641
lin,7,2,todas_sin_costura,tipo,err_anio_cambio,0.6590909090909091
lin,7,2,todas_sin_costura,tipo,macro_f1,0.9064175515369739
lin,7,2,dinamicas_sin_costura,px,acc_anio,0.9924185404892468
lin,7,2,dinamicas_sin_costura,px,exacta,0.8061861379558608
lin,7,2,dinamicas_sin_costura,px,n_cambios_ok,0.9712647338446913
lin,7,2,dinamicas_sin_costura,px,estados_ok,0.9700431054375618
lin,7,2,dinamicas_sin_costura,px,err_anio_cambio,0.16855712611468202
lin,7,2,dinamicas_sin_costura,px,macro_f1,0.9908678712235118
lin,7,2,dinamicas_sin_costura,tipo,acc_anio,0.9074483757643245
lin,7,2,dinamicas_sin_costura,tipo,exacta,0.22590499465404001
lin,7,2,dinamicas_sin_costura,tipo,n_cambios_ok,0.6415151978005194
lin,7,2,dinamicas_sin_costura,tipo,estados_ok,0.5947762333893386
lin,7,2,dinamicas_sin_costura,tipo,err_anio_cambio,0.6590909090909091
lin,7,2,dinamicas_sin_costura,tipo,macro_f1,0.9062543013976687
lin,7,2,todas,tipo,spearman_om,0.61866303387738
lin,7,2,todas,px,spearman_om,0.5805639701700641
lin,7,2,todas,tipo,knn10_om,0.6350070269579661
lin,7,2,todas,px,knn10_om,0.598665738820095
mca,1,0,todas,px,acc_anio,0.3170418117717199
mca,1,0,todas,px,exacta,3.741167830202193e-06
mca,1,0,todas,px,n_cambios_ok,0.0006660110108388837
mca,1,0,todas,px,estados_ok,0.00027704040591504685
mca,1,0,todas,px,err_anio_cambio,3.4270114367643627
mca,1,0,todas,px,macro_f1,0.18782646928156296
mca,1,0,todas,px,recall_A,0.22774442292244954
mca,1,0,todas,px,recall_F,0.5981942135321411
mca,1,0,todas,px,recall_G,0.0
mca,1,0,todas,px,recall_Wt,0.0
mca,1,0,todas,px,recall_U,0.0
mca,1,0,todas,px,recall_Sh,0.22611623728371075
mca,1,0,todas,px,recall_Sp,0.4842649501108088
mca,1,0,todas,px,recall_B,0.5225860122529611
mca,1,0,todas,px,recall_Wa,0.0
mca,1,0,todas,tipo,acc_anio,0.3002551136059216
mca,1,0,todas,tipo,exacta,0.00012776287210936502
mca,1,0,todas,tipo,n_cambios_ok,0.2813338443848218
mca,1,0,todas,tipo,estados_ok,0.031685192283122526
mca,1,0,todas,tipo,err_anio_cambio,4.344086021505376
mca,1,0,todas,tipo,macro_f1,0.18630372309618126
mca,1,0,todas,tipo,recall_A,0.19958196813919332
mca,1,0,todas,tipo,recall_F,0.5811514498182018
mca,1,0,todas,tipo,recall_G,0.0
mca,1,0,todas,tipo,recall_Wt,0.0
mca,1,0,todas,tipo,recall_U,0.0
mca,1,0,todas,tipo,recall_Sh,0.2471609385161839
mca,1,0,todas,tipo,recall_Sp,0.46147070088088854
mca,1,0,todas,tipo,recall_B,0.5883214529831071
mca,1,0,todas,tipo,recall_Wa,0.0
mca,1,0,dinamicas,px,acc_anio,0.38096431598885994
mca,1,0,dinamicas,px,exacta,5.753445674687396e-05
mca,1,0,dinamicas,px,n_cambios_ok,0.010242411844426829
mca,1,0,dinamicas,px,estados_ok,0.004260533067396289
mca,1,0,dinamicas,px,err_anio_cambio,3.4270114367643627
mca,1,0,dinamicas,px,macro_f1,0.22190891533098442
mca,1,0,dinamicas,px,recall_A,0.25601867847342863
mca,1,0,dinamicas,px,recall_F,0.7095701374641942
mca,1,0,dinamicas,px,recall_G,0.0
mca,1,0,dinamicas,px,recall_Wt,0.0
mca,1,0,dinamicas,px,recall_U,0.0
mca,1,0,dinamicas,px,recall_Sh,0.23238378270969665
mca,1,0,dinamicas,px,recall_Sp,0.5011484538324998
mca,1,0,dinamicas,px,recall_B,0.5783637361130161
mca,1,0,dinamicas,px,recall_Wa,0.0
mca,1,0,dinamicas,tipo,acc_anio,0.3003408181285536
mca,1,0,dinamicas,tipo,exacta,0.00012790995139421848
mca,1,0,dinamicas,tipo,n_cambios_ok,0.2816577129700691
mca,1,0,dinamicas,tipo,estados_ok,0.03172166794576618
mca,1,0,dinamicas,tipo,err_anio_cambio,4.344086021505376
mca,1,0,dinamicas,tipo,macro_f1,0.1863253544034884
mca,1,0,dinamicas,tipo,recall_A,0.19955898566703417
mca,1,0,dinamicas,tipo,recall_F,0.5811517367458866
mca,1,0,dinamicas,tipo,recall_G,0.0
mca,1,0,dinamicas,tipo,recall_Wt,0.0
mca,1,0,dinamicas,tipo,recall_U,0.0
mca,1,0,dinamicas,tipo,recall_Sh,0.24717751020101636
mca,1,0,dinamicas,tipo,recall_Sp,0.46144407377583496
mca,1,0,dinamicas,tipo,recall_B,0.5884308835753753
mca,1,0,dinamicas,tipo,recall_Wa,0.0
mca,1,0,constantes,px,acc_anio,0.31259618628164104
mca,1,0,constantes,px,exacta,0.0
mca,1,0,constantes,px,n_cambios_ok,0.0
mca,1,0,constantes,px,estados_ok,0.0
mca,1,0,constantes,px,err_anio_cambio,
mca,1,0,constantes,px,macro_f1,0.18425913812836
mca,1,0,constantes,tipo,acc_anio,0.22580645161290322
mca,1,0,constantes,tipo,exacta,0.0
mca,1,0,constantes,tipo,n_cambios_ok,0.0
mca,1,0,constantes,tipo,estados_ok,0.0
mca,1,0,constantes,tipo,err_anio_cambio,
mca,1,0,constantes,tipo,macro_f1,0.1626749819657621
mca,1,0,todas_sin_costura,px,acc_anio,0.31674231297188005
mca,1,0,todas_sin_costura,px,exacta,3.7598854699894437e-06
mca,1,0,todas_sin_costura,px,n_cambios_ok,0.0005298653412336976
mca,1,0,todas_sin_costura,px,estados_ok,0.0002159845319982825
mca,1,0,todas_sin_costura,px,err_anio_cambio,3.0753922200730712
mca,1,0,todas_sin_costura,px,macro_f1,0.18753342266981005
mca,1,0,todas_sin_costura,tipo,acc_anio,0.2960646735814521
mca,1,0,todas_sin_costura,tipo,exacta,0.0001525320317266626
mca,1,0,todas_sin_costura,tipo,n_cambios_ok,0.26937156802928613
mca,1,0,todas_sin_costura,tipo,estados_ok,0.030353874313605856
mca,1,0,todas_sin_costura,tipo,err_anio_cambio,4.4045226130653266
mca,1,0,todas_sin_costura,tipo,macro_f1,0.18491133559959544
mca,1,0,dinamicas_sin_costura,px,acc_anio,0.3813009582526055
mca,1,0,dinamicas_sin_costura,px,exacta,6.23044333065655e-05
mca,1,0,dinamicas_sin_costura,px,n_cambios_ok,0.008780309953017842
mca,1,0,dinamicas_sin_costura,px,estados_ok,0.003579043557721596
mca,1,0,dinamicas_sin_costura,px,err_anio_cambio,3.0753922200730712
mca,1,0,dinamicas_sin_costura,px,macro_f1,0.22096097421769503
mca,1,0,dinamicas_sin_costura,tipo,acc_anio,0.29616125583251623
mca,1,0,dinamicas_sin_costura,tipo,exacta,0.0001527417137620284
mca,1,0,dinamicas_sin_costura,tipo,n_cambios_ok,0.26974186650374216
mca,1,0,dinamicas_sin_costura,tipo,estados_ok,0.030395601038643652
mca,1,0,dinamicas_sin_costura,tipo,err_anio_cambio,4.4045226130653266
mca,1,0,dinamicas_sin_costura,tipo,macro_f1,0.18493579124950482
mca,1,0,todas,tipo,spearman_om,0.7191040464597559
mca,1,0,todas,px,spearman_om,0.8829274363667646
mca,1,0,todas,tipo,knn10_om,0.028989395681614922
mca,1,0,todas,px,knn10_om,0.021972942821182513
mca,10,0,todas,px,acc_anio,0.9890030530513001
mca,10,0,todas,px,exacta,0.9353662266600663
mca,10,0,todas,px,n_cambios_ok,0.9655881840507142
mca,10,0,todas,px,estados_ok,0.9632765857293181
mca,10,0,todas,px,err_anio_cambio,3.185580721061817
mca,10,0,todas,px,macro_f1,0.9794592587436447
mca,10,0,todas,px,recall_A,0.9984580217483016
mca,10,0,todas,px,recall_F,0.9624439859763869
mca,10,0,todas,px,recall_G,0.9806174348224426
mca,10,0,todas,px,recall_Wt,0.9933045742572518
mca,10,0,todas,px,recall_U,0.8464776097873222
mca,10,0,todas,px,recall_Sh,0.9911015769649767
mca,10,0,todas,px,recall_Sp,0.9941529864289086
mca,10,0,todas,px,recall_B,0.9906913632170972
mca,10,0,todas,px,recall_Wa,0.9933861970662682
mca,10,0,todas,tipo,acc_anio,0.7203023446547724
mca,10,0,todas,tipo,exacta,0.010093266896639837
mca,10,0,todas,tipo,n_cambios_ok,0.24415484860099654
mca,10,0,todas,tipo,estados_ok,0.1464162514373323
mca,10,0,todas,tipo,err_anio_cambio,2.9537199765670765
mca,10,0,todas,tipo,macro_f1,0.7317044787505206
mca,10,0,todas,tipo,recall_A,0.8086374420969382
mca,10,0,todas,tipo,recall_F,0.7085198516380113
mca,10,0,todas,tipo,recall_G,0.6637558149024728
mca,10,0,todas,tipo,recall_Wt,0.7517995968902966
mca,10,0,todas,tipo,recall_U,0.6614002029279605
mca,10,0,todas,tipo,recall_Sh,0.6444794637050377
mca,10,0,todas,tipo,recall_Sp,0.7270011489850632
mca,10,0,todas,tipo,recall_B,0.7648178888780393
mca,10,0,todas,tipo,recall_Wa,0.7615079827525929
mca,10,0,dinamicas,px,acc_anio,0.8337181611740164
mca,10,0,dinamicas,px,exacta,0.028003511732767366
mca,10,0,dinamicas,px,n_cambios_ok,0.49277921258768675
mca,10,0,dinamicas,px,estados_ok,0.4572297372166961
mca,10,0,dinamicas,px,err_anio_cambio,3.185580721061817
mca,10,0,dinamicas,px,macro_f1,0.8447592554257235
mca,10,0,dinamicas,px,recall_A,0.9759611525078692
mca,10,0,dinamicas,px,recall_F,0.7240928942224085
mca,10,0,dinamicas,px,recall_G,0.7701875623845776
mca,10,0,dinamicas,px,recall_Wt,0.9419637178408483
mca,10,0,dinamicas,px,recall_U,0.783181686711167
mca,10,0,dinamicas,px,recall_Sh,0.8110697812842157
mca,10,0,dinamicas,px,recall_Sp,0.7435882830625952
mca,10,0,dinamicas,px,recall_B,0.9102799987091257
mca,10,0,dinamicas,px,recall_Wa,0.9233411008749045
mca,10,0,dinamicas,tipo,acc_anio,0.7199968641431271
mca,10,0,dinamicas,tipo,exacta,0.00908160654898951
mca,10,0,dinamicas,tipo,n_cambios_ok,0.24341263750319775
mca,10,0,dinamicas,tipo,estados_ok,0.14556152468662062
mca,10,0,dinamicas,tipo,err_anio_cambio,2.9537199765670765
mca,10,0,dinamicas,tipo,macro_f1,0.731333323002062
mca,10,0,dinamicas,tipo,recall_A,0.8084697368049077
mca,10,0,dinamicas,tipo,recall_F,0.7083546617915905
mca,10,0,dinamicas,tipo,recall_G,0.6633299284984678
mca,10,0,dinamicas,tipo,recall_Wt,0.7513557170878044
mca,10,0,dinamicas,tipo,recall_U,0.6604542807221898
mca,10,0,dinamicas,tipo,recall_Sh,0.6442035697298921
mca,10,0,dinamicas,tipo,recall_Sp,0.7266766363740941
mca,10,0,dinamicas,tipo,recall_B,0.7644613955307809
mca,10,0,dinamicas,tipo,recall_Wa,0.7610764111844025
mca,10,0,constantes,px,acc_anio,0.999802668648473
mca,10,0,constantes,px,exacta,0.9984706820256662
mca,10,0,constantes,px,n_cambios_ok,0.9984706820256662
mca,10,0,constantes,px,estados_ok,0.9984706820256662
mca,10,0,constantes,px,err_anio_cambio,
mca,10,0,constantes,px,macro_f1,0.9923053982685697
mca,10,0,constantes,tipo,acc_anio,0.985663082437276
mca,10,0,constantes,tipo,exacta,0.8888888888888888
mca,10,0,constantes,tipo,n_cambios_ok,0.8888888888888888
mca,10,0,constantes,tipo,estados_ok,0.8888888888888888
mca,10,0,constantes,tipo,err_anio_cambio,
mca,10,0,constantes,tipo,macro_f1,0.9856031580169512
mca,10,0,todas_sin_costura,px,acc_anio,0.9897530300496994
mca,10,0,todas_sin_costura,px,exacta,0.9400275708223864
mca,10,0,todas_sin_costura,px,n_cambios_ok,0.9693312826453797
mca,10,0,todas_sin_costura,px,estados_ok,0.9670835952604165
mca,10,0,todas_sin_costura,px,err_anio_cambio,3.181648467634409
mca,10,0,todas_sin_costura,px,macro_f1,0.980243331940078
mca,10,0,todas_sin_costura,tipo,acc_anio,0.7230461138774628
mca,10,0,todas_sin_costura,tipo,exacta,0.011897498474679682
mca,10,0,todas_sin_costura,tipo,n_cambios_ok,0.2573215375228798
mca,10,0,todas_sin_costura,tipo,estados_ok,0.15649786455155582
mca,10,0,todas_sin_costura,tipo,err_anio_cambio,2.982645710543549
mca,10,0,todas_sin_costura,tipo,macro_f1,0.7347800695840605
mca,10,0,dinamicas_sin_costura,px,acc_anio,0.833271788165522
mca,10,0,dinamicas_sin_costura,px,exacta,0.03001966051006563
mca,10,0,dinamicas_sin_costura,px,n_cambios_ok,0.5156065682718135
mca,10,0,dinamicas_sin_costura,px,estados_ok,0.4783605165268278
mca,10,0,dinamicas_sin_costura,px,err_anio_cambio,3.181648467634409
mca,10,0,dinamicas_sin_costura,px,macro_f1,0.8448015787326304
mca,10,0,dinamicas_sin_costura,tipo,acc_anio,0.7226851007848955
mca,10,0,dinamicas_sin_costura,tipo,exacta,0.010691919963341989
mca,10,0,dinamicas_sin_costura,tipo,n_cambios_ok,0.2564533374064457
mca,10,0,dinamicas_sin_costura,tipo,estados_ok,0.15549106460974493
mca,10,0,dinamicas_sin_costura,tipo,err_anio_cambio,2.982645710543549
mca,10,0,dinamicas_sin_costura,tipo,macro_f1,0.7343466330675933
mca,10,0,todas,tipo,spearman_om,0.7674018814330845
mca,10,0,todas,px,spearman_om,0.6622543331538354
mca,10,0,todas,tipo,knn10_om,0.6429283250287467
mca,10,0,todas,px,knn10_om,0.8236876890831254
mca,13,0,todas,px,acc_anio,0.9956217331900139
mca,13,0,todas,px,exacta,0.945251278862798
mca,13,0,todas,px,n_cambios_ok,0.984507851727487
mca,13,0,todas,px,estados_ok,0.984271853318287
mca,13,0,todas,px,err_anio_cambio,1.2428542370152897
mca,13,0,todas,px,macro_f1,0.9886368938861714
mca,13,0,todas,px,recall_A,0.9974473118686225
mca,13,0,todas,px,recall_F,0.9861306685971136
mca,13,0,todas,px,recall_G,0.9956058926715188
mca,13,0,todas,px,recall_Wt,0.9939112589036453
mca,13,0,todas,px,recall_U,0.8807769633696662
mca,13,0,todas,px,recall_Sh,0.99728082915259
mca,13,0,todas,px,recall_Sp,0.9982659992270315
mca,13,0,todas,px,recall_B,0.9973048499705048
mca,13,0,todas,px,recall_Wa,0.9961374417655011
mca,13,0,todas,tipo,acc_anio,0.8187250913916673
mca,13,0,todas,tipo,exacta,0.029640986329372683
mca,13,0,todas,tipo,n_cambios_ok,0.25693113581193305
mca,13,0,todas,tipo,estados_ok,0.23457263319279417
mca,13,0,todas,tipo,err_anio_cambio,1.8483770970094822
mca,13,0,todas,tipo,macro_f1,0.8193003405372903
mca,13,0,todas,tipo,recall_A,0.8465145181335443
mca,13,0,todas,tipo,recall_F,0.8022144671210101
mca,13,0,todas,tipo,recall_G,0.8224924508283685
mca,13,0,todas,tipo,recall_Wt,0.772646127267492
mca,13,0,todas,tipo,recall_U,0.6935787795332657
mca,13,0,todas,tipo,recall_Sh,0.8156986342488368
mca,13,0,todas,tipo,recall_Sp,0.8365760245116813
mca,13,0,todas,tipo,recall_B,0.8941509618201348
mca,13,0,todas,tipo,recall_Wa,0.7954783824729053
mca,13,0,dinamicas,px,acc_anio,0.9347957946092758
mca,13,0,dinamicas,px,exacta,0.18002318425516317
mca,13,0,dinamicas,px,n_cambios_ok,0.7837399101610112
mca,13,0,dinamicas,px,estados_ok,0.7801105513931862
mca,13,0,dinamicas,px,err_anio_cambio,1.2428542370152897
mca,13,0,dinamicas,px,macro_f1,0.9363333384251804
mca,13,0,dinamicas,px,recall_A,0.9602045744694719
mca,13,0,dinamicas,px,recall_F,0.8981082741093165
mca,13,0,dinamicas,px,recall_G,0.9479005741989559
mca,13,0,dinamicas,px,recall_Wt,0.947222490422689
mca,13,0,dinamicas,px,recall_U,0.822756849951444
mca,13,0,dinamicas,px,recall_Sh,0.9422669004491296
mca,13,0,dinamicas,px,recall_Sp,0.9239580839069871
mca,13,0,dinamicas,px,recall_B,0.9740231711941394
mca,13,0,dinamicas,px,recall_Wa,0.9552300748857989
mca,13,0,dinamicas,tipo,acc_anio,0.8185287879913186
mca,13,0,dinamicas,tipo,exacta,0.028651829112304936
mca,13,0,dinamicas,tipo,n_cambios_ok,0.2562036326426196
mca,13,0,dinamicas,tipo,estados_ok,0.23381939114863137
mca,13,0,dinamicas,tipo,err_anio_cambio,1.8483770970094822
mca,13,0,dinamicas,tipo,macro_f1,0.8190290916097518
mca,13,0,dinamicas,tipo,recall_A,0.8463800073502389
mca,13,0,dinamicas,tipo,recall_F,0.8021023765996343
mca,13,0,dinamicas,tipo,recall_G,0.822267620020429
mca,13,0,dinamicas,tipo,recall_Wt,0.7722395292488751
mca,13,0,dinamicas,tipo,recall_U,0.692632498543972
mca,13,0,dinamicas,tipo,recall_Sh,0.8155556111848199
mca,13,0,dinamicas,tipo,recall_Sp,0.8363817631044135
mca,13,0,dinamicas,tipo,recall_B,0.8939905139113001
mca,13,0,dinamicas,tipo,recall_Wa,0.7951082832292335
mca,13,0,constantes,px,acc_anio,0.9998520014863548
mca,13,0,constantes,px,exacta,0.9984706820256662
mca,13,0,constantes,px,n_cambios_ok,0.9984706820256662
mca,13,0,constantes,px,estados_ok,0.9984706820256662
mca,13,0,constantes,px,err_anio_cambio,
mca,13,0,constantes,px,macro_f1,0.994282913680279
mca,13,0,constantes,tipo,acc_anio,0.9892473118279569
mca,13,0,constantes,tipo,exacta,0.8888888888888888
mca,13,0,constantes,tipo,n_cambios_ok,0.8888888888888888
mca,13,0,constantes,tipo,estados_ok,0.8888888888888888
mca,13,0,constantes,tipo,err_anio_cambio,
mca,13,0,constantes,tipo,macro_f1,0.9892220773576708
mca,13,0,todas_sin_costura,px,acc_anio,0.9962151501482772
mca,13,0,todas_sin_costura,px,exacta,0.949091039332329
mca,13,0,todas_sin_costura,px,n_cambios_ok,0.9874364123295389
mca,13,0,todas_sin_costura,px,estados_ok,0.987273901724225
mca,13,0,todas_sin_costura,px,err_anio_cambio,1.2528015871844396
mca,13,0,todas_sin_costura,px,macro_f1,0.9892540562934248
mca,13,0,todas_sin_costura,tipo,acc_anio,0.8268121789446751
mca,13,0,todas_sin_costura,tipo,exacta,0.034472239170225745
mca,13,0,todas_sin_costura,tipo,n_cambios_ok,0.2788285539963392
mca,13,0,todas_sin_costura,tipo,estados_ok,0.2557962172056132
mca,13,0,todas_sin_costura,tipo,err_anio_cambio,1.8204513680846812
mca,13,0,todas_sin_costura,tipo,macro_f1,0.8265732481696628
mca,13,0,dinamicas_sin_costura,px,acc_anio,0.9395863462030322
mca,13,0,dinamicas_sin_costura,px,exacta,0.18020888138158928
mca,13,0,dinamicas_sin_costura,px,n_cambios_ok,0.8156236443016827
mca,13,0,dinamicas_sin_costura,px,estados_ok,0.8129307082398767
mca,13,0,dinamicas_sin_costura,px,err_anio_cambio,1.2528015871844396
mca,13,0,dinamicas_sin_costura,px,macro_f1,0.9407415812111142
mca,13,0,dinamicas_sin_costura,tipo,acc_anio,0.8265888833595294
mca,13,0,dinamicas_sin_costura,tipo,exacta,0.03329769360012219
mca,13,0,dinamicas_sin_costura,tipo,n_cambios_ok,0.2779899190468917
mca,13,0,dinamicas_sin_costura,tipo,estados_ok,0.25492592026882543
mca,13,0,dinamicas_sin_costura,tipo,err_anio_cambio,1.8204513680846812
mca,13,0,dinamicas_sin_costura,tipo,macro_f1,0.8262637303712137
mca,13,0,todas,tipo,spearman_om,0.7560286744141652
mca,13,0,todas,px,spearman_om,0.669036735481311
mca,13,0,todas,tipo,knn10_om,0.7192666411140923
mca,13,0,todas,px,knn10_om,0.8086413660816136
mca,16,0,todas,px,acc_anio,0.9973715269982533
mca,16,0,todas,px,exacta,0.9512416922172264
mca,16,0,todas,px,n_cambios_ok,0.9901499485007463
mca,16,0,todas,px,estados_ok,0.9900323095567523
mca,16,0,todas,px,err_anio_cambio,0.863014695505265
mca,16,0,todas,px,macro_f1,0.9928714783711288
mca,16,0,todas,px,recall_A,0.9975329204218404
mca,16,0,todas,px,recall_F,0.9948368440107015
mca,16,0,todas,px,recall_G,0.9956038980432873
mca,16,0,todas,px,recall_Wt,0.9953306970584989
mca,16,0,todas,px,recall_U,0.9339540565637988
mca,16,0,todas,px,recall_Sh,0.9985044417738131
mca,16,0,todas,px,recall_Sp,0.9983371829895736
mca,16,0,todas,px,recall_B,0.9972242612387432
mca,16,0,todas,px,recall_Wa,0.9966414828362293
mca,16,0,todas,tipo,acc_anio,0.8727399366131299
mca,16,0,todas,tipo,exacta,0.05902644691452664
mca,16,0,todas,tipo,n_cambios_ok,0.4211064264724671
mca,16,0,todas,tipo,estados_ok,0.40500830458668713
mca,16,0,todas,tipo,err_anio_cambio,1.2515812776723592
mca,16,0,todas,tipo,macro_f1,0.8710266073086812
mca,16,0,todas,tipo,recall_A,0.8778386622980454
mca,16,0,todas,tipo,recall_F,0.8992527087025635
mca,16,0,todas,tipo,recall_G,0.8401615930792459
mca,16,0,todas,tipo,recall_Wt,0.8467607255974662
mca,16,0,todas,tipo,recall_U,0.8953471517611248
mca,16,0,todas,tipo,recall_Sh,0.8892140677372555
mca,16,0,todas,tipo,recall_Sp,0.8471849865951743
mca,16,0,todas,tipo,recall_B,0.8955180158187677
mca,16,0,todas,tipo,recall_Wa,0.8147069106164783
mca,16,0,dinamicas,px,acc_anio,0.9609960788583625
mca,16,0,dinamicas,px,exacta,0.27214820876057993
mca,16,0,dinamicas,px,n_cambios_ok,0.8705082636527135
mca,16,0,dinamicas,px,estados_ok,0.8686991246238951
mca,16,0,dinamicas,px,err_anio_cambio,0.863014695505265
mca,16,0,dinamicas,px,macro_f1,0.9561157781886107
mca,16,0,dinamicas,px,recall_A,0.9615391788664932
mca,16,0,dinamicas,px,recall_F,0.9620686203602464
mca,16,0,dinamicas,px,recall_G,0.9478769245750893
mca,16,0,dinamicas,px,recall_Wt,0.9595262506954055
mca,16,0,dinamicas,px,recall_U,0.9300001777424447
mca,16,0,dinamicas,px,recall_Sh,0.9682464924780986
mca,16,0,dinamicas,px,recall_Sp,0.9270797374741582
mca,16,0,dinamicas,px,recall_B,0.9732464279087029
mca,16,0,dinamicas,px,recall_Wa,0.961072286089098
mca,16,0,dinamicas,tipo,acc_anio,0.8726016884113584
mca,16,0,dinamicas,tipo,exacta,0.05807111793297519
mca,16,0,dinamicas,tipo,n_cambios_ok,0.4205679201841903
mca,16,0,dinamicas,tipo,estados_ok,0.4044512663085188
mca,16,0,dinamicas,tipo,err_anio_cambio,1.2515812776723592
mca,16,0,dinamicas,tipo,macro_f1,0.8708558519703649
mca,16,0,dinamicas,tipo,recall_A,0.877731603200181
mca,16,0,dinamicas,tipo,recall_F,0.8991956124314442
mca,16,0,dinamicas,tipo,recall_G,0.8399591419816139
mca,16,0,dinamicas,tipo,recall_Wt,0.8464866735894774
mca,16,0,dinamicas,tipo,recall_U,0.895165987186954
mca,16,0,dinamicas,tipo,recall_Sh,0.8891280947255114
mca,16,0,dinamicas,tipo,recall_Sp,0.8470033360174853
mca,16,0,dinamicas,tipo,recall_B,0.8953596401153978
mca,16,0,dinamicas,tipo,recall_Wa,0.8143716070281946
mca,16,0,constantes,px,acc_anio,0.9999013343242366
mca,16,0,constantes,px,exacta,0.9984706820256662
mca,16,0,constantes,px,n_cambios_ok,0.9984706820256662
mca,16,0,constantes,px,estados_ok,0.9984706820256662
mca,16,0,constantes,px,err_anio_cambio,
mca,16,0,constantes,px,macro_f1,0.9962675479983906
mca,16,0,constantes,tipo,acc_anio,0.992831541218638
mca,16,0,constantes,tipo,exacta,0.8888888888888888
mca,16,0,constantes,tipo,n_cambios_ok,0.8888888888888888
mca,16,0,constantes,tipo,estados_ok,0.8888888888888888
mca,16,0,constantes,tipo,err_anio_cambio,
mca,16,0,constantes,tipo,macro_f1,0.9928240740740741
mca,16,0,todas_sin_costura,px,acc_anio,0.997678640421892
mca,16,0,todas_sin_costura,px,exacta,0.95422052574952
mca,16,0,todas_sin_costura,px,n_cambios_ok,0.99253517908989
mca,16,0,todas_sin_costura,px,estados_ok,0.9924221875687659
mca,16,0,todas_sin_costura,px,err_anio_cambio,0.8846570548901596
mca,16,0,todas_sin_costura,px,macro_f1,0.9932497474615549
mca,16,0,todas_sin_costura,tipo,acc_anio,0.8786238658505382
mca,16,0,todas_sin_costura,tipo,exacta,0.06299572910311166
mca,16,0,todas_sin_costura,tipo,n_cambios_ok,0.44432580841976815
mca,16,0,todas_sin_costura,tipo,estados_ok,0.42815741305674193
mca,16,0,todas_sin_costura,tipo,err_anio_cambio,1.247826604739788
mca,16,0,todas_sin_costura,tipo,macro_f1,0.8769574587914991
mca,16,0,dinamicas_sin_costura,px,acc_anio,0.9630694453997295
mca,16,0,dinamicas_sin_costura,px,exacta,0.265208742927293
mca,16,0,dinamicas_sin_costura,px,n_cambios_ok,0.9001144555515558
mca,16,0,dinamicas_sin_costura,px,estados_ok,0.8982420919521132
mca,16,0,dinamicas_sin_costura,px,err_anio_cambio,0.8846570548901596
mca,16,0,dinamicas_sin_costura,px,macro_f1,0.9585730045969453
mca,16,0,dinamicas_sin_costura,tipo,acc_anio,0.8784668673659938
mca,16,0,dinamicas_sin_costura,tipo,exacta,0.061860394073621504
mca,16,0,dinamicas_sin_costura,tipo,n_cambios_ok,0.4437146784786925
mca,16,0,dinamicas_sin_costura,tipo,estados_ok,0.4275240568199175
mca,16,0,dinamicas_sin_costura,tipo,err_anio_cambio,1.247826604739788
mca,16,0,dinamicas_sin_costura,tipo,macro_f1,0.8767644633157795
mca,16,0,todas,tipo,spearman_om,0.713418777334194
mca,16,0,todas,px,spearman_om,0.6656277749483891
mca,16,0,todas,tipo,knn10_om,0.7534048805417146
mca,16,0,todas,px,knn10_om,0.8124733916366167
mca,19,0,todas,px,acc_anio,0.9981267101075935
mca,19,0,todas,px,exacta,0.9600027867543481
mca,19,0,todas,px,n_cambios_ok,0.9919790193091094
mca,19,0,todas,px,estados_ok,0.991965301693732
mca,19,0,todas,px,err_anio_cambio,0.6284329932932812
mca,19,0,todas,px,macro_f1,0.9954086322931457
mca,19,0,todas,px,recall_A,0.9986055440588805
mca,19,0,todas,px,recall_F,0.9959439635143685
mca,19,0,todas,px,recall_G,0.9972071978154362
mca,19,0,todas,px,recall_Wt,0.9955336423256308
mca,19,0,todas,px,recall_U,0.9613776719948791
mca,19,0,todas,px,recall_Sh,0.9986439822448938
mca,19,0,todas,px,recall_Sp,0.9991757034991556
mca,19,0,todas,px,recall_B,0.9984222312565123
mca,19,0,todas,px,recall_Wa,0.997117253477546
mca,19,0,todas,tipo,acc_anio,0.9128863281362695
mca,19,0,todas,tipo,exacta,0.11255909032835058
mca,19,0,todas,tipo,n_cambios_ok,0.5725054299220647
mca,19,0,todas,tipo,estados_ok,0.5635620288744091
mca,19,0,todas,tipo,err_anio_cambio,0.9214172155348626
mca,19,0,todas,tipo,macro_f1,0.9103009771527161
mca,19,0,todas,tipo,recall_A,0.9346119082589538
mca,19,0,todas,tipo,recall_F,0.9169574829621239
mca,19,0,todas,tipo,recall_G,0.8861095241981556
mca,19,0,todas,tipo,recall_Wt,0.8671465591707458
mca,19,0,todas,tipo,recall_U,0.9195535584867373
mca,19,0,todas,tipo,recall_Sh,0.9320126069338136
mca,19,0,todas,tipo,recall_Sp,0.9274990425124473
mca,19,0,todas,tipo,recall_B,0.934820818279465
mca,19,0,todas,tipo,recall_Wa,0.8439575807015499
mca,19,0,dinamicas,px,acc_anio,0.971900501271532
mca,19,0,dinamicas,px,exacta,0.4068828257515705
mca,19,0,dinamicas,px,n_cambios_ok,0.8986370726468407
mca,19,0,dinamicas,px,estados_ok,0.8984261129721022
mca,19,0,dinamicas,px,err_anio_cambio,0.6284329932932812
mca,19,0,dinamicas,px,macro_f1,0.9693571409151702
mca,19,0,dinamicas,px,recall_A,0.9782609685537738
mca,19,0,dinamicas,px,recall_F,0.970202128293613
mca,19,0,dinamicas,px,recall_G,0.9668867009122495
mca,19,0,dinamicas,px,recall_Wt,0.9612853903287423
mca,19,0,dinamicas,px,recall_U,0.9449289272597124
mca,19,0,dinamicas,px,recall_Sh,0.9712091985235641
mca,19,0,dinamicas,px,recall_Sp,0.9638517546646399
mca,19,0,dinamicas,px,recall_B,0.984792895350432
mca,19,0,dinamicas,px,recall_Wa,0.9665868219718291
mca,19,0,dinamicas,tipo,acc_anio,0.9127901699139289
mca,19,0,dinamicas,tipo,exacta,0.11166538756715272
mca,19,0,dinamicas,tipo,n_cambios_ok,0.5721412125863392
mca,19,0,dinamicas,tipo,estados_ok,0.563187515988744
mca,19,0,dinamicas,tipo,err_anio_cambio,0.9214172155348626
mca,19,0,dinamicas,tipo,macro_f1,0.9101724908482731
mca,19,0,dinamicas,tipo,recall_A,0.934554603793854
mca,19,0,dinamicas,tipo,recall_F,0.9169104204753199
mca,19,0,dinamicas,tipo,recall_G,0.8859652706843718
mca,19,0,dinamicas,tipo,recall_Wt,0.8669089650398062
mca,19,0,dinamicas,tipo,recall_U,0.9193360512521841
mca,19,0,dinamicas,tipo,recall_Sh,0.931959846797006
mca,19,0,dinamicas,tipo,recall_Sp,0.9274128609225814
mca,19,0,dinamicas,tipo,recall_B,0.9347220184832038
mca,19,0,dinamicas,tipo,recall_Wa,0.8436752086860079
mca,19,0,constantes,px,acc_anio,0.9999506671621182
mca,19,0,constantes,px,exacta,0.9984706820256662
mca,19,0,constantes,px,n_cambios_ok,0.9984706820256662
mca,19,0,constantes,px,estados_ok,0.9984706820256662
mca,19,0,constantes,px,err_anio_cambio,
mca,19,0,constantes,px,macro_f1,0.9981705630513934
mca,19,0,constantes,tipo,acc_anio,0.9964157706093191
mca,19,0,constantes,tipo,exacta,0.8888888888888888
mca,19,0,constantes,tipo,n_cambios_ok,0.8888888888888888
mca,19,0,constantes,tipo,estados_ok,0.8888888888888888
mca,19,0,constantes,tipo,err_anio_cambio,
mca,19,0,constantes,tipo,macro_f1,0.9964148379448926
mca,19,0,todas_sin_costura,px,acc_anio,0.9983669069977971
mca,19,0,todas_sin_costura,px,exacta,0.9625164484545186
mca,19,0,todas_sin_costura,px,n_cambios_ok,0.9941566366615737
mca,19,0,todas_sin_costura,px,estados_ok,0.9941431846268922
mca,19,0,todas_sin_costura,px,err_anio_cambio,0.6505025183184385
mca,19,0,todas_sin_costura,px,macro_f1,0.9956827921360222
mca,19,0,todas_sin_costura,tipo,acc_anio,0.9162599145820622
mca,19,0,todas_sin_costura,tipo,exacta,0.11104331909701037
mca,19,0,todas_sin_costura,tipo,n_cambios_ok,0.5988407565588774
mca,19,0,todas_sin_costura,tipo,estados_ok,0.5884685784014643
mca,19,0,todas_sin_costura,tipo,err_anio_cambio,0.9354112554112554
mca,19,0,todas_sin_costura,tipo,macro_f1,0.9135929461773462
mca,19,0,dinamicas_sin_costura,px,acc_anio,0.9737064423528414
mca,19,0,dinamicas_sin_costura,px,exacta,0.4026790906321823
mca,19,0,dinamicas_sin_costura,px,n_cambios_ok,0.9269833577935923
mca,19,0,dinamicas_sin_costura,px,estados_ok,0.9267604463766511
mca,19,0,dinamicas_sin_costura,px,err_anio_cambio,0.6505025183184385
mca,19,0,dinamicas_sin_costura,px,macro_f1,0.9709887266720669
mca,19,0,dinamicas_sin_costura,tipo,acc_anio,0.9161497262967032
mca,19,0,dinamicas_sin_costura,tipo,exacta,0.10997403390866045
mca,19,0,dinamicas_sin_costura,tipo,n_cambios_ok,0.5984420345196273
mca,19,0,dinamicas_sin_costura,tipo,estados_ok,0.5880555979838094
mca,19,0,dinamicas_sin_costura,tipo,err_anio_cambio,0.9354112554112554
mca,19,0,dinamicas_sin_costura,tipo,macro_f1,0.9134464106146127
mca,19,0,todas,tipo,spearman_om,0.7172628891799705
mca,19,0,todas,px,spearman_om,0.6685449143356462
mca,19,0,todas,tipo,knn10_om,0.7791235466973299
mca,19,0,todas,px,knn10_om,0.7911262796837768
mca,22,0,todas,px,acc_anio,0.9987349587386598
mca,22,0,todas,px,exacta,0.9706461321077304
mca,22,0,todas,px,n_cambios_ok,0.9932832181270722
mca,22,0,todas,px,estados_ok,0.9932782576156529
mca,22,0,todas,px,err_anio_cambio,0.39294457849659215
mca,22,0,todas,px,macro_f1,0.9963370378631635
mca,22,0,todas,px,recall_A,0.9987907051645668
mca,22,0,todas,px,recall_F,0.9969790853755927
mca,22,0,todas,px,recall_G,0.9984548084414778
mca,22,0,todas,px,recall_Wt,0.997489219029954
mca,22,0,todas,px,recall_U,0.9628526221837557
mca,22,0,todas,px,recall_Sh,0.9994742006461573
mca,22,0,todas,px,recall_Sp,0.9992857704668378
mca,22,0,todas,px,recall_B,0.9985725059079744
mca,22,0,todas,px,recall_Wa,0.9983525825899171
mca,22,0,todas,tipo,acc_anio,0.9424448868062166
mca,22,0,todas,tipo,exacta,0.1910054938035007
mca,22,0,todas,tipo,n_cambios_ok,0.6865976747157276
mca,22,0,todas,tipo,estados_ok,0.684297943017759
mca,22,0,todas,tipo,err_anio_cambio,0.637683869359262
mca,22,0,todas,tipo,macro_f1,0.9425601587412875
mca,22,0,todas,tipo,recall_A,0.9481132075471698
mca,22,0,todas,tipo,recall_F,0.9393214083426212
mca,22,0,todas,tipo,recall_G,0.9459724149187954
mca,22,0,todas,tipo,recall_Wt,0.9340627699395335
mca,22,0,todas,tipo,recall_U,0.929699956515437
mca,22,0,todas,tipo,recall_Sh,0.953049177047376
mca,22,0,todas,tipo,recall_Sp,0.9352355419379548
mca,22,0,todas,tipo,recall_B,0.9533248706181037
mca,22,0,todas,tipo,recall_Wa,0.9225614730217924
mca,22,0,dinamicas,px,acc_anio,0.981254600350678
mca,22,0,dinamicas,px,exacta,0.5705640933848161
mca,22,0,dinamicas,px,n_cambios_ok,0.918694010449962
mca,22,0,dinamicas,px,estados_ok,0.9186177240221274
mca,22,0,dinamicas,px,err_anio_cambio,0.39294457849659215
mca,22,0,dinamicas,px,macro_f1,0.9788421069593041
mca,22,0,dinamicas,px,recall_A,0.9811475589295894
mca,22,0,dinamicas,px,recall_F,0.9778067020025772
mca,22,0,dinamicas,px,recall_G,0.981679192852249
mca,22,0,dinamicas,px,recall_Wt,0.9782364261189451
mca,22,0,dinamicas,px,recall_U,0.9502159570703521
mca,22,0,dinamicas,px,recall_Sh,0.9888362930677579
mca,22,0,dinamicas,px,recall_Sp,0.9686785709219141
mca,22,0,dinamicas,px,recall_B,0.9862412966832598
mca,22,0,dinamicas,px,recall_Wa,0.980905205927384
mca,22,0,dinamicas,tipo,acc_anio,0.9423827560881012
mca,22,0,dinamicas,tipo,exacta,0.19020209772320287
mca,22,0,dinamicas,tipo,n_cambios_ok,0.6863647991813763
mca,22,0,dinamicas,tipo,estados_ok,0.6840624200562804
mca,22,0,dinamicas,tipo,err_anio_cambio,0.637683869359262
mca,22,0,dinamicas,tipo,macro_f1,0.9424805743810123
mca,22,0,dinamicas,tipo,recall_A,0.9480677352783197
mca,22,0,dinamicas,tipo,recall_F,0.9392870201096892
mca,22,0,dinamicas,tipo,recall_G,0.9459039836567926
mca,22,0,dinamicas,tipo,recall_Wt,0.9339448482750663
mca,22,0,dinamicas,tipo,recall_U,0.9295282469423413
mca,22,0,dinamicas,tipo,recall_Sh,0.953012741882995
mca,22,0,dinamicas,tipo,recall_Sp,0.9351585566931248
mca,22,0,dinamicas,tipo,recall_B,0.9532541196029534
mca,22,0,dinamicas,tipo,recall_Wa,0.922421341427821
mca,22,0,constantes,px,acc_anio,0.9999506671621182
mca,22,0,constantes,px,exacta,0.9984706820256662
mca,22,0,constantes,px,n_cambios_ok,0.9984706820256662
mca,22,0,constantes,px,estados_ok,0.9984706820256662
mca,22,0,constantes,px,err_anio_cambio,
mca,22,0,constantes,px,macro_f1,0.9981705630513934
mca,22,0,constantes,tipo,acc_anio,0.9964157706093191
mca,22,0,constantes,tipo,exacta,0.8888888888888888
mca,22,0,constantes,tipo,n_cambios_ok,0.8888888888888888
mca,22,0,constantes,tipo,estados_ok,0.8888888888888888
mca,22,0,constantes,tipo,err_anio_cambio,
mca,22,0,constantes,tipo,macro_f1,0.9964148379448926
mca,22,0,todas_sin_costura,px,acc_anio,0.9989571003078298
mca,22,0,todas_sin_costura,px,exacta,0.9729988141878247
mca,22,0,todas_sin_costura,px,n_cambios_ok,0.9954276729074545
mca,22,0,todas_sin_costura,px,estados_ok,0.9954228825348558
mca,22,0,todas_sin_costura,px,err_anio_cambio,0.4080474487439514
mca,22,0,todas_sin_costura,px,macro_f1,0.996558457340978
mca,22,0,todas_sin_costura,tipo,acc_anio,0.9450294239209589
mca,22,0,todas_sin_costura,tipo,exacta,0.19081757169005492
mca,22,0,todas_sin_costura,tipo,n_cambios_ok,0.7173581452104942
mca,22,0,todas_sin_costura,tipo,estados_ok,0.7150701647345943
mca,22,0,todas_sin_costura,tipo,err_anio_cambio,0.6623931623931624
mca,22,0,todas_sin_costura,tipo,macro_f1,0.9446153291981036
mca,22,0,dinamicas_sin_costura,px,acc_anio,0.9834864369873656
mca,22,0,dinamicas_sin_costura,px,exacta,0.5763806200906414
mca,22,0,dinamicas_sin_costura,px,n_cambios_ok,0.948045486851457
mca,22,0,dinamicas_sin_costura,px,estados_ok,0.9479661063882813
mca,22,0,dinamicas_sin_costura,px,err_anio_cambio,0.4080474487439514
mca,22,0,dinamicas_sin_costura,px,macro_f1,0.9806030658420677
mca,22,0,dinamicas_sin_costura,tipo,acc_anio,0.9449587843730446
mca,22,0,dinamicas_sin_costura,tipo,exacta,0.1898579502062013
mca,22,0,dinamicas_sin_costura,tipo,n_cambios_ok,0.7171223461127234
mca,22,0,dinamicas_sin_costura,tipo,estados_ok,0.714831220406293
mca,22,0,dinamicas_sin_costura,tipo,err_anio_cambio,0.6623931623931624
mca,22,0,dinamicas_sin_costura,tipo,macro_f1,0.9445240265550228
mca,22,0,todas,tipo,spearman_om,0.7089042396335393
mca,22,0,todas,px,spearman_om,0.6694712965761762
mca,22,0,todas,tipo,knn10_om,0.7784208509007283
mca,22,0,todas,px,knn10_om,0.8317245406393224
mca,25,0,todas,px,acc_anio,0.9989411315030603
mca,25,0,todas,px,exacta,0.9739224529069415
mca,25,0,todas,px,n_cambios_ok,0.9957189400833681
mca,25,0,todas,px,estados_ok,0.995717997863322
mca,25,0,todas,px,err_anio_cambio,0.3620073385209085
mca,25,0,todas,px,macro_f1,0.9980947493160858
mca,25,0,todas,px,recall_A,0.9991420539342047
mca,25,0,todas,px,recall_F,0.9971146159263687
mca,25,0,todas,px,recall_G,0.9989467482954582
mca,25,0,todas,px,recall_Wt,0.9984846439063466
mca,25,0,todas,px,recall_U,0.9893593523201616
mca,25,0,todas,px,recall_Sh,0.9994229777980366
mca,25,0,todas,px,recall_Sp,0.9994494887093793
mca,25,0,todas,px,recall_B,0.9985741591174808
mca,25,0,todas,px,recall_Wa,0.998321504818212
mca,25,0,todas,tipo,acc_anio,0.9535808635945878
mca,25,0,todas,tipo,exacta,0.23367829308802862
mca,25,0,todas,tipo,n_cambios_ok,0.7462629359908011
mca,25,0,todas,tipo,estados_ok,0.7457518845023636
mca,25,0,todas,tipo,err_anio_cambio,0.5410661175932281
mca,25,0,todas,tipo,macro_f1,0.9546661403121335
mca,25,0,todas,tipo,recall_A,0.9557112190712914
mca,25,0,todas,tipo,recall_F,0.9478175074455062
mca,25,0,todas,tipo,recall_G,0.9545009385456623
mca,25,0,todas,tipo,recall_Wt,0.9498416354736539
mca,25,0,todas,tipo,recall_U,0.9518770836353094
mca,25,0,todas,tipo,recall_Sh,0.9589023963179749
mca,25,0,todas,tipo,recall_Sp,0.9547299885101493
mca,25,0,todas,tipo,recall_B,0.9604530807538326
mca,25,0,todas,tipo,recall_Wa,0.9483743153478615
mca,25,0,dinamicas,px,acc_anio,0.9837159340337549
mca,25,0,dinamicas,px,exacta,0.5989601179669454
mca,25,0,dinamicas,px,n_cambios_ok,0.9341626818728105
mca,25,0,dinamicas,px,estados_ok,0.9341481917133335
mca,25,0,dinamicas,px,err_anio_cambio,0.3620073385209085
mca,25,0,dinamicas,px,macro_f1,0.9829060877156057
mca,25,0,dinamicas,px,recall_A,0.9866249510267677
mca,25,0,dinamicas,px,recall_F,0.978802383865556
mca,25,0,dinamicas,px,recall_G,0.9875119552326532
mca,25,0,dinamicas,px,recall_Wt,0.9868648182801352
mca,25,0,dinamicas,px,recall_U,0.9618580872004434
mca,25,0,dinamicas,px,recall_Sh,0.9877487358836793
mca,25,0,dinamicas,px,recall_Sp,0.9758581806754534
mca,25,0,dinamicas,px,recall_B,0.9862572309132129
mca,25,0,dinamicas,px,recall_Wa,0.9805449914199302
mca,25,0,dinamicas,tipo,acc_anio,0.9535274263692555
mca,25,0,dinamicas,tipo,exacta,0.23279611153747762
mca,25,0,dinamicas,tipo,n_cambios_ok,0.7459708365310821
mca,25,0,dinamicas,tipo,estados_ok,0.7454591967255052
mca,25,0,dinamicas,tipo,err_anio_cambio,0.5410661175932281
mca,25,0,dinamicas,tipo,macro_f1,0.9545972333134632
mca,25,0,dinamicas,tipo,recall_A,0.9556724055070251
mca,25,0,dinamicas,tipo,recall_F,0.9477879341864717
mca,25,0,dinamicas,tipo,recall_G,0.9544433094994893
mca,25,0,dinamicas,tipo,recall_Wt,0.9497519326179762
mca,25,0,dinamicas,tipo,recall_U,0.9516598718695399
mca,25,0,dinamicas,tipo,recall_Sh,0.9588705034170275
mca,25,0,dinamicas,tipo,recall_Sp,0.9546761762337513
mca,25,0,dinamicas,tipo,recall_B,0.9603931348100337
mca,25,0,dinamicas,tipo,recall_Wa,0.9482808942852139
mca,25,0,constantes,px,acc_anio,1.0
mca,25,0,constantes,px,exacta,1.0
mca,25,0,constantes,px,n_cambios_ok,1.0
mca,25,0,constantes,px,estados_ok,1.0
mca,25,0,constantes,px,err_anio_cambio,
mca,25,0,constantes,px,macro_f1,1.0
mca,25,0,constantes,tipo,acc_anio,1.0
mca,25,0,constantes,tipo,exacta,1.0
mca,25,0,constantes,tipo,n_cambios_ok,1.0
mca,25,0,constantes,tipo,estados_ok,1.0
mca,25,0,constantes,tipo,err_anio_cambio,
mca,25,0,constantes,tipo,macro_f1,1.0
mca,25,0,todas_sin_costura,px,acc_anio,0.9991253140799213
mca,25,0,todas_sin_costura,px,exacta,0.9759830770618606
mca,25,0,todas_sin_costura,px,n_cambios_ok,0.9974921285405136
mca,25,0,todas_sin_costura,px,estados_ok,0.9974911816063952
mca,25,0,todas_sin_costura,px,err_anio_cambio,0.3773157734225775
mca,25,0,todas_sin_costura,px,macro_f1,0.9983151745191674
mca,25,0,todas_sin_costura,tipo,acc_anio,0.9562872719400107
mca,25,0,todas_sin_costura,tipo,exacta,0.2353569249542404
mca,25,0,todas_sin_costura,tipo,n_cambios_ok,0.7786760219646126
mca,25,0,todas_sin_costura,tipo,estados_ok,0.778065893837706
mca,25,0,todas_sin_costura,tipo,err_anio_cambio,0.5606506938989264
mca,25,0,todas_sin_costura,tipo,macro_f1,0.9571836518553825
mca,25,0,dinamicas_sin_costura,px,acc_anio,0.9855057259039651
mca,25,0,dinamicas_sin_costura,px,exacta,0.6020195866677743
mca,25,0,dinamicas_sin_costura,px,n_cambios_ok,0.9584424814702001
mca,25,0,dinamicas_sin_costura,px,estados_ok,0.9584267899832932
mca,25,0,dinamicas_sin_costura,px,err_anio_cambio,0.3773157734225775
mca,25,0,dinamicas_sin_costura,px,macro_f1,0.9847612139464618
mca,25,0,dinamicas_sin_costura,tipo,acc_anio,0.9562271811270369
mca,25,0,dinamicas_sin_costura,tipo,exacta,0.23430578891095158
mca,25,0,dinamicas_sin_costura,tipo,n_cambios_ok,0.7783717733312968
mca,25,0,dinamicas_sin_costura,tipo,estados_ok,0.7777608064762487
mca,25,0,dinamicas_sin_costura,tipo,err_anio_cambio,0.5606506938989264
mca,25,0,dinamicas_sin_costura,tipo,macro_f1,0.9571067456224136
mca,25,0,todas,tipo,spearman_om,0.7040198759532534
mca,25,0,todas,px,spearman_om,0.6687128546231493
mca,25,0,todas,tipo,knn10_om,0.7783058643158299
mca,25,0,todas,px,knn10_om,0.8460288986093358
mca,28,0,todas,px,acc_anio,0.9989475133900714
mca,28,0,todas,px,exacta,0.9709914003299267
mca,28,0,todas,px,n_cambios_ok,0.9974961887891943
mca,28,0,todas,px,estados_ok,0.9974955791173997
mca,28,0,todas,px,err_anio_cambio,0.4322433151540511
mca,28,0,todas,px,macro_f1,0.9982071162021503
mca,28,0,todas,px,recall_A,0.9991266095046188
mca,28,0,todas,px,recall_F,0.9971599665858345
mca,28,0,todas,px,recall_G,0.9987500427525096
mca,28,0,todas,px,recall_Wt,0.9985797367445977
mca,28,0,todas,px,recall_U,0.9906278455449472
mca,28,0,todas,px,recall_Sh,0.9993197636402388
mca,28,0,todas,px,recall_Sp,0.9995427437025713
mca,28,0,todas,px,recall_B,0.9990408036590424
mca,28,0,todas,px,recall_Wa,0.9984558139837266
mca,28,0,todas,tipo,acc_anio,0.9594661984775612
mca,28,0,todas,tipo,exacta,0.2589753417656829
mca,28,0,todas,tipo,n_cambios_ok,0.7921298070780631
mca,28,0,todas,tipo,estados_ok,0.791746518461735
mca,28,0,todas,tipo,err_anio_cambio,0.5091036414565826
mca,28,0,todas,tipo,macro_f1,0.9613331549474593
mca,28,0,todas,tipo,recall_A,0.96124731668738
mca,28,0,todas,tipo,recall_F,0.9531709634393671
mca,28,0,todas,tipo,recall_G,0.963968007834816
mca,28,0,todas,tipo,recall_Wt,0.9622804491793838
mca,28,0,todas,tipo,recall_U,0.9595593564284679
mca,28,0,todas,tipo,recall_Sh,0.9605533043173745
mca,28,0,todas,tipo,recall_Sp,0.9571811566449636
mca,28,0,todas,tipo,recall_B,0.9634801288936627
mca,28,0,todas,tipo,recall_Wa,0.9627083090548887
mca,28,0,dinamicas,px,acc_anio,0.9838140794308199
mca,28,0,dinamicas,px,exacta,0.5538842151021556
mca,28,0,dinamicas,px,n_cambios_ok,0.9614945320957032
mca,28,0,dinamicas,px,estados_ok,0.9614851561101593
mca,28,0,dinamicas,px,err_anio_cambio,0.4322433151540511
mca,28,0,dinamicas,px,macro_f1,0.9838144438398575
mca,28,0,dinamicas,px,recall_A,0.9863841783135269
mca,28,0,dinamicas,px,recall_F,0.9791355547177779
mca,28,0,dinamicas,px,recall_G,0.9851796849730986
mca,28,0,dinamicas,px,recall_Wt,0.987689087714835
mca,28,0,dinamicas,px,recall_U,0.966405062104826
mca,28,0,dinamicas,px,recall_Sh,0.9855573056346867
mca,28,0,dinamicas,px,recall_Sp,0.9799477338510367
mca,28,0,dinamicas,px,recall_B,0.9907549194413742
mca,28,0,dinamicas,px,recall_Wa,0.9821017346240924
mca,28,0,dinamicas,tipo,acc_anio,0.9594195363883182
mca,28,0,dinamicas,tipo,exacta,0.25812228191353287
mca,28,0,dinamicas,tipo,n_cambios_ok,0.7918905090816065
mca,28,0,dinamicas,tipo,estados_ok,0.7915067792274239
mca,28,0,dinamicas,tipo,err_anio_cambio,0.5091036414565826
mca,28,0,dinamicas,tipo,macro_f1,0.9612754964181843
mca,28,0,dinamicas,tipo,recall_A,0.961213354818647
mca,28,0,dinamicas,tipo,recall_F,0.953144424131627
mca,28,0,dinamicas,tipo,recall_G,0.9639223697650664
mca,28,0,dinamicas,tipo,recall_Wt,0.9622129918080073
mca,28,0,dinamicas,tipo,recall_U,0.9593768200349446
mca,28,0,dinamicas,tipo,recall_Sh,0.9605226925676521
mca,28,0,dinamicas,tipo,recall_Sp,0.9571302580620422
mca,28,0,dinamicas,tipo,recall_B,0.9634247714048213
mca,28,0,dinamicas,tipo,recall_Wa,0.9626408265717121
mca,28,0,constantes,px,acc_anio,1.0
mca,28,0,constantes,px,exacta,1.0
mca,28,0,constantes,px,n_cambios_ok,1.0
mca,28,0,constantes,px,estados_ok,1.0
mca,28,0,constantes,px,err_anio_cambio,
mca,28,0,constantes,px,macro_f1,1.0
mca,28,0,constantes,tipo,acc_anio,1.0
mca,28,0,constantes,tipo,exacta,1.0
mca,28,0,constantes,tipo,n_cambios_ok,1.0
mca,28,0,constantes,tipo,estados_ok,1.0
mca,28,0,constantes,tipo,err_anio_cambio,
mca,28,0,constantes,tipo,macro_f1,1.0
mca,28,0,todas_sin_costura,px,acc_anio,0.9989864912022784
mca,28,0,todas_sin_costura,px,exacta,0.9715474983964089
mca,28,0,todas_sin_costura,px,n_cambios_ok,0.997788769578594
mca,28,0,todas_sin_costura,px,estados_ok,0.9977881568565174
mca,28,0,todas_sin_costura,px,err_anio_cambio,0.46264122084499276
mca,28,0,todas_sin_costura,px,macro_f1,0.9982721214144187
mca,28,0,todas_sin_costura,tipo,acc_anio,0.9611338542384223
mca,28,0,todas_sin_costura,tipo,exacta,0.2568639414276998
mca,28,0,todas_sin_costura,tipo,n_cambios_ok,0.8158938377059183
mca,28,0,todas_sin_costura,tipo,estados_ok,0.8154362416107382
mca,28,0,todas_sin_costura,tipo,err_anio_cambio,0.5334457560427206
mca,28,0,todas_sin_costura,tipo,macro_f1,0.963053092933251
mca,28,0,dinamicas_sin_costura,px,acc_anio,0.9832053152157698
mca,28,0,dinamicas_sin_costura,px,exacta,0.5285183544245378
mca,28,0,dinamicas_sin_costura,px,n_cambios_ok,0.9633580705009277
mca,28,0,dinamicas_sin_costura,px,estados_ok,0.9633479171858703
mca,28,0,dinamicas_sin_costura,px,err_anio_cambio,0.46264122084499276
mca,28,0,dinamicas_sin_costura,px,macro_f1,0.9835099880904958
mca,28,0,dinamicas_sin_costura,tipo,acc_anio,0.9610804259030239
mca,28,0,dinamicas_sin_costura,tipo,exacta,0.2558423705513976
mca,28,0,dinamicas_sin_costura,tipo,n_cambios_ok,0.8156407514892318
mca,28,0,dinamicas_sin_costura,tipo,estados_ok,0.8151825263479456
mca,28,0,dinamicas_sin_costura,tipo,err_anio_cambio,0.5334457560427206
mca,28,0,dinamicas_sin_costura,tipo,macro_f1,0.9629884574168456
mca,28,0,todas,tipo,spearman_om,0.7054023444523564
mca,28,0,todas,px,spearman_om,0.6676473322568076
mca,28,0,todas,tipo,knn10_om,0.779685703334611
mca,28,0,todas,px,knn10_om,0.8358964415923751
mca,31,0,todas,px,acc_anio,0.9993501265188319
mca,31,0,todas,px,exacta,0.9819147790234881
mca,31,0,todas,px,n_cambios_ok,0.9977141741681007
mca,31,0,todas,px,estados_ok,0.9977131488109917
mca,31,0,todas,px,err_anio_cambio,0.24717040527573597
mca,31,0,todas,px,macro_f1,0.9988254168501308
mca,31,0,todas,px,recall_A,0.9992853670375493
mca,31,0,todas,px,recall_F,0.9989693407465985
mca,31,0,todas,px,recall_G,0.9987264592069487
mca,31,0,todas,px,recall_Wt,0.9991548318271221
mca,31,0,todas,px,recall_U,0.993492548616558
mca,31,0,todas,px,recall_Sh,0.9996329869860375
mca,31,0,todas,px,recall_Sp,0.9995399400730062
mca,31,0,todas,px,recall_B,0.9989993478611665
mca,31,0,todas,px,recall_Wa,0.9985730820890035
mca,31,0,todas,tipo,acc_anio,0.9663283011247255
mca,31,0,todas,tipo,exacta,0.3303947872748179
mca,31,0,todas,tipo,n_cambios_ok,0.8165325156509519
mca,31,0,todas,tipo,estados_ok,0.8157659384182956
mca,31,0,todas,tipo,err_anio_cambio,0.41828732747804265
mca,31,0,todas,tipo,macro_f1,0.9675128723377487
mca,31,0,todas,tipo,recall_A,0.9663879787594623
mca,31,0,todas,tipo,recall_F,0.96575980705633
mca,31,0,todas,tipo,recall_G,0.9651105851628172
mca,31,0,todas,tipo,recall_Wt,0.9695364238410596
mca,31,0,todas,tipo,recall_U,0.971010291346572
mca,31,0,todas,tipo,recall_Sh,0.9699584771624393
mca,31,0,todas,tipo,recall_Sp,0.9588663347376484
mca,31,0,todas,tipo,recall_B,0.9640660091787912
mca,31,0,todas,tipo,recall_Wa,0.9702249155110128
mca,31,0,dinamicas,px,acc_anio,0.9900057630691201
mca,31,0,dinamicas,px,exacta,0.721872043368195
mca,31,0,dinamicas,px,n_cambios_ok,0.9648468731088211
mca,31,0,dinamicas,px,estados_ok,0.9648311044058608
mca,31,0,dinamicas,px,err_anio_cambio,0.24717040527573597
mca,31,0,dinamicas,px,macro_f1,0.9885198148711599
mca,31,0,dinamicas,px,recall_A,0.9888591471518615
mca,31,0,dinamicas,px,recall_F,0.9924282110590833
mca,31,0,dinamicas,px,recall_G,0.9849000629497341
mca,31,0,dinamicas,px,recall_Wt,0.9926740403915012
mca,31,0,dinamicas,px,recall_U,0.9766737278892438
mca,31,0,dinamicas,px,recall_Sh,0.9922076250222591
mca,31,0,dinamicas,px,recall_Sp,0.9798247850222533
mca,31,0,dinamicas,px,recall_B,0.9903553534978661
mca,31,0,dinamicas,px,recall_Wa,0.9834609592552294
mca,31,0,dinamicas,tipo,acc_anio,0.966289538616427
mca,31,0,dinamicas,tipo,exacta,0.329623944742901
mca,31,0,dinamicas,tipo,n_cambios_ok,0.8163213097979023
mca,31,0,dinamicas,tipo,estados_ok,0.815553850089537
mca,31,0,dinamicas,tipo,err_anio_cambio,0.41828732747804265
mca,31,0,dinamicas,tipo,macro_f1,0.9674656502878807
mca,31,0,dinamicas,tipo,recall_A,0.9663585220365816
mca,31,0,dinamicas,tipo,recall_F,0.9657404021937843
mca,31,0,dinamicas,tipo,recall_G,0.9650663942798774
mca,31,0,dinamicas,tipo,recall_Wt,0.9694819430021923
mca,31,0,dinamicas,tipo,recall_U,0.970879440885265
mca,31,0,dinamicas,tipo,recall_Sh,0.9699351640924224
mca,31,0,dinamicas,tipo,recall_Sp,0.9588174393189923
mca,31,0,dinamicas,tipo,recall_B,0.9640115397780059
mca,31,0,dinamicas,tipo,recall_Wa,0.9701710349658513
mca,31,0,constantes,px,acc_anio,1.0
mca,31,0,constantes,px,exacta,1.0
mca,31,0,constantes,px,n_cambios_ok,1.0
mca,31,0,constantes,px,estados_ok,1.0
mca,31,0,constantes,px,err_anio_cambio,
mca,31,0,constantes,px,macro_f1,1.0
mca,31,0,constantes,tipo,acc_anio,1.0
mca,31,0,constantes,tipo,exacta,1.0
mca,31,0,constantes,tipo,n_cambios_ok,1.0
mca,31,0,constantes,tipo,estados_ok,1.0
mca,31,0,constantes,tipo,err_anio_cambio,
mca,31,0,constantes,tipo,macro_f1,1.0
mca,31,0,todas_sin_costura,px,acc_anio,0.9993776414762046
mca,31,0,todas_sin_costura,px,exacta,0.9823595643089279
mca,31,0,todas_sin_costura,px,n_cambios_ok,0.997893545053691
mca,31,0,todas_sin_costura,px,estados_ok,0.9978925145665622
mca,31,0,todas_sin_costura,px,err_anio_cambio,0.2631556924312925
mca,31,0,todas_sin_costura,px,macro_f1,0.9988684550285208
mca,31,0,todas_sin_costura,tipo,acc_anio,0.9676336869452262
mca,31,0,todas_sin_costura,tipo,exacta,0.32321537522879806
mca,31,0,todas_sin_costura,tipo,n_cambios_ok,0.8334350213544844
mca,31,0,todas_sin_costura,tipo,estados_ok,0.8325198291641245
mca,31,0,todas_sin_costura,tipo,err_anio_cambio,0.43894904263779283
mca,31,0,todas_sin_costura,tipo,macro_f1,0.9688493932422405
mca,31,0,dinamicas_sin_costura,px,acc_anio,0.9896870009876408
mca,31,0,dinamicas_sin_costura,px,exacta,0.7076832904125016
mca,31,0,dinamicas_sin_costura,px,n_cambios_ok,0.9650942873757372
mca,31,0,dinamicas_sin_costura,px,estados_ok,0.9650772113458681
mca,31,0,dinamicas_sin_costura,px,err_anio_cambio,0.2631556924312925
mca,31,0,dinamicas_sin_costura,px,macro_f1,0.9882401129777723
mca,31,0,dinamicas_sin_costura,tipo,acc_anio,0.967589193770109
mca,31,0,dinamicas_sin_costura,tipo,exacta,0.32228501603787996
mca,31,0,dinamicas_sin_costura,tipo,n_cambios_ok,0.833206048571865
mca,31,0,dinamicas_sin_costura,tipo,estados_ok,0.8322895982892928
mca,31,0,dinamicas_sin_costura,tipo,err_anio_cambio,0.43894904263779283
mca,31,0,dinamicas_sin_costura,tipo,macro_f1,0.9687961732951363
mca,31,0,todas,tipo,spearman_om,0.7003192782547026
mca,31,0,todas,px,spearman_om,0.6671919077441001
mca,31,0,todas,tipo,knn10_om,0.7825348153826499
mca,31,0,todas,px,knn10_om,0.835705913614107
mca,4,0,todas,px,acc_anio,0.4076929972898329
mca,4,0,todas,px,exacta,0.044512248569619904
mca,4,0,todas,px,n_cambios_ok,0.04590135804115113
mca,4,0,todas,px,estados_ok,0.04530507131372549
mca,4,0,todas,px,err_anio_cambio,6.3294671201814054
mca,4,0,todas,px,macro_f1,0.5001352878933569
mca,4,0,todas,px,recall_A,0.32481325504005154
mca,4,0,todas,px,recall_F,0.5904591327309721
mca,4,0,todas,px,recall_G,0.9866151645835219
mca,4,0,todas,px,recall_Wt,0.045079957842076815
mca,4,0,todas,px,recall_U,0.884714070628116
mca,4,0,todas,px,recall_Sh,0.2885833522125764
mca,4,0,todas,px,recall_Sp,0.44964715856285303
mca,4,0,todas,px,recall_B,0.6174873529995928
mca,4,0,todas,px,recall_Wa,0.9866445861807541
mca,4,0,todas,tipo,acc_anio,0.4344555859164101
mca,4,0,todas,tipo,exacta,0.0007665772326561902
mca,4,0,todas,tipo,n_cambios_ok,0.25041522933435545
mca,4,0,todas,tipo,estados_ok,0.05327711766960521
mca,4,0,todas,tipo,err_anio_cambio,4.906827309236948
mca,4,0,todas,tipo,macro_f1,0.4521460809936441
mca,4,0,todas,tipo,recall_A,0.2622302564681957
mca,4,0,todas,tipo,recall_F,0.49794449215252784
mca,4,0,todas,tipo,recall_G,0.7375744715579858
mca,4,0,todas,tipo,recall_Wt,0.07728188885689606
mca,4,0,todas,tipo,recall_U,0.869691259602841
mca,4,0,todas,tipo,recall_Sh,0.23517934864175297
mca,4,0,todas,tipo,recall_Sp,0.3376484105706626
mca,4,0,todas,tipo,recall_B,0.6105360804608925
mca,4,0,todas,tipo,recall_Wa,0.7422211863419181
mca,4,0,dinamicas,px,acc_anio,0.4585962252447173
mca,4,0,dinamicas,px,exacta,0.00033710929842057264
mca,4,0,dinamicas,px,n_cambios_ok,0.02169986617911542
mca,4,0,dinamicas,px,estados_ok,0.012529726135985885
mca,4,0,dinamicas,px,err_anio_cambio,6.3294671201814054
mca,4,0,dinamicas,px,macro_f1,0.5013109206513676
mca,4,0,dinamicas,px,recall_A,0.357386173920111
mca,4,0,dinamicas,px,recall_F,0.6527439855870398
mca,4,0,dinamicas,px,recall_G,0.8413005901972309
mca,4,0,dinamicas,px,recall_Wt,0.14339887131026402
mca,4,0,dinamicas,px,recall_U,0.9202421175265362
mca,4,0,dinamicas,px,recall_Sh,0.2533954973999999
mca,4,0,dinamicas,px,recall_Sp,0.36540821805447665
mca,4,0,dinamicas,px,recall_B,0.657086698346874
mca,4,0,dinamicas,px,recall_Wa,0.8452008124521189
mca,4,0,dinamicas,tipo,acc_anio,0.434295546258015
mca,4,0,dinamicas,tipo,exacta,0.0005116398055768739
mca,4,0,dinamicas,tipo,n_cambios_ok,0.2504476848298798
mca,4,0,dinamicas,tipo,estados_ok,0.053082629828600666
mca,4,0,dinamicas,tipo,err_anio_cambio,4.906827309236948
mca,4,0,dinamicas,tipo,macro_f1,0.4520037390643725
mca,4,0,dinamicas,tipo,recall_A,0.262177366918271
mca,4,0,dinamicas,tipo,recall_F,0.49789762340036564
mca,4,0,dinamicas,tipo,recall_G,0.7372420837589377
mca,4,0,dinamicas,tipo,recall_Wt,0.07736240913811007
mca,4,0,dinamicas,tipo,recall_U,0.8696854979615609
mca,4,0,dinamicas,tipo,recall_Sh,0.235136555936616
mca,4,0,dinamicas,tipo,recall_Sp,0.3375129414471414
mca,4,0,dinamicas,tipo,recall_B,0.6105324922986651
mca,4,0,dinamicas,tipo,recall_Wa,0.7417547136769599
mca,4,0,constantes,px,acc_anio,0.4041528248498606
mca,4,0,constantes,px,exacta,0.047584501879732954
mca,4,0,constantes,px,n_cambios_ok,0.047584501879732954
mca,4,0,constantes,px,estados_ok,0.047584501879732954
mca,4,0,constantes,px,err_anio_cambio,
mca,4,0,constantes,px,macro_f1,0.502114557802263
mca,4,0,constantes,tipo,acc_anio,0.5734767025089605
mca,4,0,constantes,tipo,exacta,0.2222222222222222
mca,4,0,constantes,tipo,n_cambios_ok,0.2222222222222222
mca,4,0,constantes,tipo,estados_ok,0.2222222222222222
mca,4,0,constantes,tipo,err_anio_cambio,
mca,4,0,constantes,tipo,macro_f1,0.5416551263078442
mca,4,0,todas_sin_costura,px,acc_anio,0.40736167283203584
mca,4,0,todas_sin_costura,px,exacta,0.04473495021591351
mca,4,0,todas_sin_costura,px,n_cambios_ok,0.045986407206346884
mca,4,0,todas_sin_costura,px,estados_ok,0.045442811320396855
mca,4,0,todas_sin_costura,px,err_anio_cambio,6.645031225753932
mca,4,0,todas_sin_costura,px,macro_f1,0.4997218415429486
mca,4,0,todas_sin_costura,tipo,acc_anio,0.43393886909799445
mca,4,0,todas_sin_costura,tipo,exacta,0.0009151921903599756
mca,4,0,todas_sin_costura,tipo,n_cambios_ok,0.24145820622330688
mca,4,0,todas_sin_costura,tipo,estados_ok,0.05338621110433191
mca,4,0,todas_sin_costura,tipo,err_anio_cambio,5.001436781609195
mca,4,0,todas_sin_costura,tipo,macro_f1,0.451020861052888
mca,4,0,dinamicas_sin_costura,px,acc_anio,0.45732610810332797
mca,4,0,dinamicas_sin_costura,px,exacta,0.0003650578277443949
mca,4,0,dinamicas_sin_costura,px,n_cambios_ok,0.02110274231809413
mca,4,0,dinamicas_sin_costura,px,estados_ok,0.012094905804927126
mca,4,0,dinamicas_sin_costura,px,err_anio_cambio,6.645031225753932
mca,4,0,dinamicas_sin_costura,px,macro_f1,0.4975364188675023
mca,4,0,dinamicas_sin_costura,tipo,acc_anio,0.433747049867706
mca,4,0,dinamicas_sin_costura,tipo,exacta,0.0006109668550481136
mca,4,0,dinamicas_sin_costura,tipo,n_cambios_ok,0.2414846494577669
mca,4,0,dinamicas_sin_costura,tipo,estados_ok,0.053154116389185886
mca,4,0,dinamicas_sin_costura,tipo,err_anio_cambio,5.001436781609195
mca,4,0,dinamicas_sin_costura,tipo,macro_f1,0.45085537415539456
mca,4,0,todas,tipo,spearman_om,0.7530234733020159
mca,4,0,todas,px,spearman_om,0.7197480763652302
mca,4,0,todas,tipo,knn10_om,0.3529960393509646
mca,4,0,todas,px,knn10_om,0.5462489402449311
mca,7,0,todas,px,acc_anio,0.9012172829520742
mca,7,0,todas,px,exacta,0.289408679049341
mca,7,0,todas,px,n_cambios_ok,0.31740400419686976
mca,7,0,todas,px,estados_ok,0.307838974261569
mca,7,0,todas,px,err_anio_cambio,3.5266711466119838
mca,7,0,todas,px,macro_f1,0.9233919039258276
mca,7,0,todas,px,recall_A,0.9053747087094556
mca,7,0,todas,px,recall_F,0.7088405791389594
mca,7,0,todas,px,recall_G,0.979026982802726
mca,7,0,todas,px,recall_Wt,0.9764422890198743
mca,7,0,todas,px,recall_U,0.8477533154824692
mca,7,0,todas,px,recall_Sh,0.8959144516906643
mca,7,0,todas,px,recall_Sp,0.9928516366729196
mca,7,0,todas,px,recall_B,0.9867236813284237
mca,7,0,todas,px,recall_Wa,0.975557012418451
mca,7,0,todas,tipo,acc_anio,0.587325923086751
mca,7,0,todas,tipo,exacta,0.0014053915932030151
mca,7,0,todas,tipo,n_cambios_ok,0.3743452152804395
mca,7,0,todas,tipo,estados_ok,0.09594991695413313
mca,7,0,todas,tipo,err_anio_cambio,4.450625558534406
mca,7,0,todas,tipo,macro_f1,0.6199057792947666
mca,7,0,todas,tipo,recall_A,0.6824935035589199
mca,7,0,todas,tipo,recall_F,0.4174782116168168
mca,7,0,todas,tipo,recall_G,0.6511058516281727
mca,7,0,todas,tipo,recall_Wt,0.5117189749496113
mca,7,0,todas,tipo,recall_U,0.6915494999275257
mca,7,0,todas,tipo,recall_Sh,0.5332432838060933
mca,7,0,todas,tipo,recall_Sp,0.708425890463424
mca,7,0,todas,tipo,recall_B,0.7130163070012694
mca,7,0,todas,tipo,recall_Wa,0.6679291457872043
mca,7,0,dinamicas,px,acc_anio,0.7268311148541732
mca,7,0,dinamicas,px,exacta,0.02415509584814313
mca,7,0,dinamicas,px,n_cambios_ok,0.45468799277196753
mca,7,0,dinamicas,px,estados_ok,0.3075898602978154
mca,7,0,dinamicas,px,err_anio_cambio,3.5266711466119838
mca,7,0,dinamicas,px,macro_f1,0.7422688128265076
mca,7,0,dinamicas,px,recall_A,0.9367263656163591
mca,7,0,dinamicas,px,recall_F,0.4988021371091834
mca,7,0,dinamicas,px,recall_G,0.7513301174482055
mca,7,0,dinamicas,px,recall_Wt,0.7958005937192049
mca,7,0,dinamicas,px,recall_U,0.7043819975988611
mca,7,0,dinamicas,px,recall_Sh,0.7479920252908488
mca,7,0,dinamicas,px,recall_Sp,0.6865196066841174
mca,7,0,dinamicas,px,recall_B,0.8720380485207387
mca,7,0,dinamicas,px,recall_Wa,0.7166875792785891
mca,7,0,dinamicas,tipo,acc_anio,0.586921001163568
mca,7,0,dinamicas,tipo,exacta,0.0007674597083653108
mca,7,0,dinamicas,tipo,n_cambios_ok,0.37413660782808905
mca,7,0,dinamicas,tipo,estados_ok,0.09542082374008698
mca,7,0,dinamicas,tipo,err_anio_cambio,4.450625558534406
mca,7,0,dinamicas,tipo,macro_f1,0.6194306996997118
mca,7,0,dinamicas,tipo,recall_A,0.6823000593673141
mca,7,0,dinamicas,tipo,recall_F,0.41729433272394884
mca,7,0,dinamicas,tipo,recall_G,0.6506639427987743
mca,7,0,dinamicas,tipo,recall_Wt,0.5108457367024345
mca,7,0,dinamicas,tipo,recall_U,0.6905940594059405
mca,7,0,dinamicas,tipo,recall_Sh,0.5329561669211705
mca,7,0,dinamicas,tipo,recall_Sp,0.7080792975190766
mca,7,0,dinamicas,tipo,recall_B,0.7125812918683683
mca,7,0,dinamicas,tipo,recall_Wa,0.6673282353627926
mca,7,0,constantes,px,acc_anio,0.9133453371249787
mca,7,0,constantes,px,exacta,0.307856299418034
mca,7,0,constantes,px,n_cambios_ok,0.307856299418034
mca,7,0,constantes,px,estados_ok,0.307856299418034
mca,7,0,constantes,px,err_anio_cambio,
mca,7,0,constantes,px,macro_f1,0.9422575809847492
mca,7,0,constantes,tipo,acc_anio,0.9390681003584229
mca,7,0,constantes,tipo,exacta,0.5555555555555556
mca,7,0,constantes,tipo,n_cambios_ok,0.5555555555555556
mca,7,0,constantes,tipo,estados_ok,0.5555555555555556
mca,7,0,constantes,tipo,err_anio_cambio,
mca,7,0,constantes,tipo,macro_f1,0.939429545668172
mca,7,0,todas_sin_costura,px,acc_anio,0.9018831095737746
mca,7,0,todas_sin_costura,px,exacta,0.29005154635873337
mca,7,0,todas_sin_costura,px,n_cambios_ok,0.31673645617537377
mca,7,0,todas_sin_costura,px,estados_ok,0.3079381292185741
mca,7,0,todas_sin_costura,px,err_anio_cambio,3.714148613049351
mca,7,0,todas_sin_costura,px,macro_f1,0.9241490436168041
mca,7,0,todas_sin_costura,tipo,acc_anio,0.586879293038635
mca,7,0,todas_sin_costura,tipo,exacta,0.001525320317266626
mca,7,0,todas_sin_costura,tipo,n_cambios_ok,0.37385600976205
mca,7,0,todas_sin_costura,tipo,estados_ok,0.09823062843197071
mca,7,0,todas_sin_costura,tipo,err_anio_cambio,4.4731351069379235
mca,7,0,todas_sin_costura,tipo,macro_f1,0.6197954631465381
mca,7,0,dinamicas_sin_costura,px,acc_anio,0.7234066813577096
mca,7,0,dinamicas_sin_costura,px,exacta,0.012816714202641707
mca,7,0,dinamicas_sin_costura,px,n_cambios_ok,0.4550078918948855
mca,7,0,dinamicas_sin_costura,px,estados_ok,0.3092122873572767
mca,7,0,dinamicas_sin_costura,px,err_anio_cambio,3.714148613049351
mca,7,0,dinamicas_sin_costura,px,macro_f1,0.7374900533474439
mca,7,0,dinamicas_sin_costura,tipo,acc_anio,0.5863951477406544
mca,7,0,dinamicas_sin_costura,tipo,exacta,0.0007637085688101421
mca,7,0,dinamicas_sin_costura,tipo,n_cambios_ok,0.3736062318619215
mca,7,0,dinamicas_sin_costura,tipo,estados_ok,0.09760195509393615
mca,7,0,dinamicas_sin_costura,tipo,err_anio_cambio,4.4731351069379235
mca,7,0,dinamicas_sin_costura,tipo,macro_f1,0.6192385351839366
mca,7,0,todas,tipo,spearman_om,0.7894980068809992
mca,7,0,todas,px,spearman_om,0.6918772649442309
mca,7,0,todas,tipo,knn10_om,0.41266130062603806
mca,7,0,todas,px,knn10_om,0.7952037341621472
pca,1,0,todas,px,acc_anio,0.38324510558545094
pca,1,0,todas,px,exacta,0.0
pca,1,0,todas,px,n_cambios_ok,0.0007280866844659423
pca,1,0,todas,px,estados_ok,0.00027704040591504685
pca,1,0,todas,px,err_anio_cambio,7.997449234770431
pca,1,0,todas,px,macro_f1,0.1869922919664944
pca,1,0,todas,px,recall_A,0.06569948313735965
pca,1,0,todas,px,recall_F,0.5986924613254087
pca,1,0,todas,px,recall_G,0.0
pca,1,0,todas,px,recall_Wt,0.0
pca,1,0,todas,px,recall_U,0.0
pca,1,0,todas,px,recall_Sh,0.3562992655488095
pca,1,0,todas,px,recall_Sp,0.9031079297343967
pca,1,0,todas,px,recall_B,0.09846317016483357
pca,1,0,todas,px,recall_Wa,0.0
pca,1,0,todas,tipo,acc_anio,0.3055098768942906
pca,1,0,todas,tipo,exacta,0.0
pca,1,0,todas,tipo,n_cambios_ok,0.31544653123802224
pca,1,0,todas,tipo,estados_ok,0.031685192283122526
pca,1,0,todas,tipo,err_anio_cambio,6.848790322580645
pca,1,0,todas,tipo,macro_f1,0.16037186747194346
pca,1,0,todas,tipo,recall_A,0.06132075471698113
pca,1,0,todas,tipo,recall_F,0.5939595476055618
pca,1,0,todas,tipo,recall_G,0.0
pca,1,0,todas,tipo,recall_Wt,0.0
pca,1,0,todas,tipo,recall_U,0.0
pca,1,0,todas,tipo,recall_Sh,0.36197408574716095
pca,1,0,todas,tipo,recall_Sp,0.8662964381463041
pca,1,0,todas,tipo,recall_B,0.1151742993848257
pca,1,0,todas,tipo,recall_Wa,0.0
pca,1,0,dinamicas,px,acc_anio,0.37513424019185304
pca,1,0,dinamicas,px,exacta,0.0
pca,1,0,dinamicas,px,n_cambios_ok,0.01119705764526385
pca,1,0,dinamicas,px,estados_ok,0.004260533067396289
pca,1,0,dinamicas,px,err_anio_cambio,7.997449234770431
pca,1,0,dinamicas,px,macro_f1,0.18555926307840262
pca,1,0,dinamicas,px,recall_A,0.08296416410045163
pca,1,0,dinamicas,px,recall_F,0.7132305394044555
pca,1,0,dinamicas,px,recall_G,0.0
pca,1,0,dinamicas,px,recall_Wt,0.0
pca,1,0,dinamicas,px,recall_U,0.0
pca,1,0,dinamicas,px,recall_Sh,0.3858490515258881
pca,1,0,dinamicas,px,recall_Sp,0.8980565057341012
pca,1,0,dinamicas,px,recall_B,0.11305315981830943
pca,1,0,dinamicas,px,recall_Wa,0.0
pca,1,0,dinamicas,tipo,acc_anio,0.3056057567730382
pca,1,0,dinamicas,tipo,exacta,0.0
pca,1,0,dinamicas,tipo,n_cambios_ok,0.3158096699923254
pca,1,0,dinamicas,tipo,estados_ok,0.03172166794576618
pca,1,0,dinamicas,tipo,err_anio_cambio,6.848790322580645
pca,1,0,dinamicas,tipo,macro_f1,0.16040600762572974
pca,1,0,dinamicas,tipo,recall_A,0.06131795437197863
pca,1,0,dinamicas,tipo,recall_F,0.5939670932358319
pca,1,0,dinamicas,tipo,recall_G,0.0
pca,1,0,dinamicas,tipo,recall_Wt,0.0
pca,1,0,dinamicas,tipo,recall_U,0.0
pca,1,0,dinamicas,tipo,recall_Sh,0.36197962300047565
pca,1,0,dinamicas,tipo,recall_Sp,0.8662525403581426
pca,1,0,dinamicas,tipo,recall_B,0.11520219060192656
pca,1,0,dinamicas,tipo,recall_Wa,0.0
pca,1,0,constantes,px,acc_anio,0.3838091928405106
pca,1,0,constantes,px,exacta,0.0
pca,1,0,constantes,px,n_cambios_ok,0.0
pca,1,0,constantes,px,estados_ok,0.0
pca,1,0,constantes,px,err_anio_cambio,
pca,1,0,constantes,px,macro_f1,0.1851967259625356
pca,1,0,constantes,tipo,acc_anio,0.2222222222222222
pca,1,0,constantes,tipo,exacta,0.0
pca,1,0,constantes,tipo,n_cambios_ok,0.0
pca,1,0,constantes,tipo,estados_ok,0.0
pca,1,0,constantes,tipo,err_anio_cambio,
pca,1,0,constantes,tipo,macro_f1,0.1329575215289501
pca,1,0,todas_sin_costura,px,acc_anio,0.3834077048412175
pca,1,0,todas_sin_costura,px,exacta,0.0
pca,1,0,todas_sin_costura,px,n_cambios_ok,0.0005782982362878579
pca,1,0,todas_sin_costura,px,estados_ok,0.0002159845319982825
pca,1,0,todas_sin_costura,px,err_anio_cambio,7.714592735869331
pca,1,0,todas_sin_costura,px,macro_f1,0.18693123642780432
pca,1,0,todas_sin_costura,tipo,acc_anio,0.3006799976382137
pca,1,0,todas_sin_costura,tipo,exacta,0.0
pca,1,0,todas_sin_costura,tipo,n_cambios_ok,0.30201342281879195
pca,1,0,todas_sin_costura,tipo,estados_ok,0.030353874313605856
pca,1,0,todas_sin_costura,tipo,err_anio_cambio,6.9623115577889445
pca,1,0,todas_sin_costura,tipo,macro_f1,0.15843977929335085
pca,1,0,dinamicas_sin_costura,px,acc_anio,0.37715620235050734
pca,1,0,dinamicas_sin_costura,px,exacta,0.0
pca,1,0,dinamicas_sin_costura,px,n_cambios_ok,0.009582883356870563
pca,1,0,dinamicas_sin_costura,px,estados_ok,0.003579043557721596
pca,1,0,dinamicas_sin_costura,px,err_anio_cambio,7.714592735869331
pca,1,0,dinamicas_sin_costura,px,macro_f1,0.18604979761919077
pca,1,0,dinamicas_sin_costura,tipo,acc_anio,0.30078785161388866
pca,1,0,dinamicas_sin_costura,tipo,exacta,0.0
pca,1,0,dinamicas_sin_costura,tipo,n_cambios_ok,0.30242859324881627
pca,1,0,dinamicas_sin_costura,tipo,estados_ok,0.030395601038643652
pca,1,0,dinamicas_sin_costura,tipo,err_anio_cambio,6.9623115577889445
pca,1,0,dinamicas_sin_costura,tipo,macro_f1,0.15847836930789141
pca,1,0,todas,tipo,spearman_om,0.6858886006423768
pca,1,0,todas,px,spearman_om,0.6816467792460306
pca,1,0,todas,tipo,knn10_om,0.0227162386610451
pca,1,0,todas,px,knn10_om,0.05401406662476742
pca,10,0,todas,px,acc_anio,0.993839698292416
pca,10,0,todas,px,exacta,0.9466650246173
pca,10,0,todas,px,n_cambios_ok,0.9829421037096616
pca,10,0,todas,px,estados_ok,0.9809880224710613
pca,10,0,todas,px,err_anio_cambio,1.0838762750904904
pca,10,0,todas,px,macro_f1,0.9530121649034088
pca,10,0,todas,px,recall_A,0.9977611058672515
pca,10,0,todas,px,recall_F,0.9928043123716586
pca,10,0,todas,px,recall_G,0.9814252885889724
pca,10,0,todas,px,recall_Wt,0.9885959022324216
pca,10,0,todas,px,recall_U,0.4943823871473778
pca,10,0,todas,px,recall_Sh,0.9979398628393831
pca,10,0,todas,px,recall_Sp,0.9941662595562902
pca,10,0,todas,px,recall_B,0.982447351502915
pca,10,0,todas,px,recall_Wa,0.9843396104029467
pca,10,0,todas,tipo,acc_anio,0.7812946912465947
pca,10,0,todas,tipo,exacta,0.018142327839529834
pca,10,0,todas,tipo,n_cambios_ok,0.3013926153059921
pca,10,0,todas,tipo,estados_ok,0.23188961287849752
pca,10,0,todas,tipo,err_anio_cambio,1.7515218594355284
pca,10,0,todas,tipo,macro_f1,0.7283672803272074
pca,10,0,todas,tipo,recall_A,0.8459213648175348
pca,10,0,todas,tipo,recall_F,0.9023039959072555
pca,10,0,todas,tipo,recall_G,0.6584917979270383
pca,10,0,todas,tipo,recall_Wt,0.6361646991073999
pca,10,0,todas,tipo,recall_U,0.3385997970720394
pca,10,0,todas,tipo,recall_Sh,0.8702286257441593
pca,10,0,todas,tipo,recall_Sp,0.740444274224435
pca,10,0,todas,tipo,recall_B,0.7053998632946001
pca,10,0,todas,tipo,recall_Wa,0.707784640484792
pca,10,0,dinamicas,px,acc_anio,0.9166118130269008
pca,10,0,dinamicas,px,exacta,0.20176481618806522
pca,10,0,dinamicas,px,n_cambios_ok,0.7596606745595418
pca,10,0,dinamicas,px,estados_ok,0.7296093623477468
pca,10,0,dinamicas,px,err_anio_cambio,1.0838762750904904
pca,10,0,dinamicas,px,macro_f1,0.8447475397805855
pca,10,0,dinamicas,px,recall_A,0.9650965021401015
pca,10,0,dinamicas,px,recall_F,0.9471365266194904
pca,10,0,dinamicas,px,recall_G,0.7797660078391547
pca,10,0,dinamicas,px,recall_Wt,0.9011487153708497
pca,10,0,dinamicas,px,recall_U,0.5215496555836173
pca,10,0,dinamicas,px,recall_Sh,0.9562594222810117
pca,10,0,dinamicas,px,recall_Sp,0.7441703554897727
pca,10,0,dinamicas,px,recall_B,0.8308212381098373
pca,10,0,dinamicas,px,recall_Wa,0.818484427430192
pca,10,0,dinamicas,tipo,acc_anio,0.7811089380173132
pca,10,0,dinamicas,tipo,exacta,0.017139933486825274
pca,10,0,dinamicas,tipo,n_cambios_ok,0.3007162957278076
pca,10,0,dinamicas,tipo,estados_ok,0.23113328216935278
pca,10,0,dinamicas,tipo,err_anio_cambio,1.7515218594355284
pca,10,0,dinamicas,tipo,macro_f1,0.728004245518207
pca,10,0,dinamicas,tipo,recall_A,0.845786334209708
pca,10,0,dinamicas,tipo,recall_F,0.9022486288848264
pca,10,0,dinamicas,tipo,recall_G,0.6580592441266598
pca,10,0,dinamicas,tipo,recall_Wt,0.6355140186915887
pca,10,0,dinamicas,tipo,recall_U,0.3379440885264997
pca,10,0,dinamicas,tipo,recall_Sh,0.8701279194933287
pca,10,0,dinamicas,tipo,recall_Sp,0.7401357414011274
pca,10,0,dinamicas,tipo,recall_B,0.7049533030169673
pca,10,0,dinamicas,tipo,recall_Wa,0.7072558519642753
pca,10,0,constantes,px,acc_anio,0.9992106745938922
pca,10,0,constantes,px,exacta,0.9984706820256662
pca,10,0,constantes,px,n_cambios_ok,0.9984706820256662
pca,10,0,constantes,px,estados_ok,0.9984706820256662
pca,10,0,constantes,px,err_anio_cambio,
pca,10,0,constantes,px,macro_f1,0.9610982796697713
pca,10,0,constantes,tipo,acc_anio,0.942652329749104
pca,10,0,constantes,tipo,exacta,0.8888888888888888
pca,10,0,constantes,tipo,n_cambios_ok,0.8888888888888888
pca,10,0,constantes,tipo,estados_ok,0.8888888888888888
pca,10,0,constantes,tipo,err_anio_cambio,
pca,10,0,constantes,tipo,macro_f1,0.935148388601074
pca,10,0,todas_sin_costura,px,acc_anio,0.9941740408434913
pca,10,0,todas_sin_costura,px,exacta,0.9490159530269432
pca,10,0,todas_sin_costura,px,n_cambios_ok,0.9845097731817062
pca,10,0,todas_sin_costura,px,estados_ok,0.9827147481563262
pca,10,0,todas_sin_costura,px,err_anio_cambio,1.1372052302079265
pca,10,0,todas_sin_costura,px,macro_f1,0.9536458664115847
pca,10,0,todas_sin_costura,tipo,acc_anio,0.7841966974354937
pca,10,0,todas_sin_costura,tipo,exacta,0.019524100061012812
pca,10,0,todas_sin_costura,tipo,n_cambios_ok,0.31025015253203175
pca,10,0,todas_sin_costura,tipo,estados_ok,0.24435631482611347
pca,10,0,todas_sin_costura,tipo,err_anio_cambio,1.7754077791718945
pca,10,0,todas_sin_costura,tipo,macro_f1,0.7304319345570579
pca,10,0,dinamicas_sin_costura,px,acc_anio,0.9157494590605532
pca,10,0,dinamicas_sin_costura,px,exacta,0.17896463877274113
pca,10,0,dinamicas_sin_costura,px,n_cambios_ok,0.7671267964444937
pca,10,0,dinamicas_sin_costura,px,estados_ok,0.7373817369552977
pca,10,0,dinamicas_sin_costura,px,err_anio_cambio,1.1372052302079265
pca,10,0,dinamicas_sin_costura,px,macro_f1,0.8425522154781454
pca,10,0,dinamicas_sin_costura,tipo,acc_anio,0.7839788723719803
pca,10,0,dinamicas_sin_costura,tipo,exacta,0.01832900565144341
pca,10,0,dinamicas_sin_costura,tipo,n_cambios_ok,0.30945471208186953
pca,10,0,dinamicas_sin_costura,tipo,estados_ok,0.24347029173667328
pca,10,0,dinamicas_sin_costura,tipo,err_anio_cambio,1.7754077791718945
pca,10,0,dinamicas_sin_costura,tipo,macro_f1,0.7300029945484922
pca,10,0,todas,tipo,spearman_om,0.6699926617990746
pca,10,0,todas,px,spearman_om,0.257546879905669
pca,10,0,todas,tipo,knn10_om,0.6688641880669478
pca,10,0,todas,px,knn10_om,0.6758826170073102
pca,13,0,todas,px,acc_anio,0.9969968845744477
pca,13,0,todas,px,exacta,0.9529821943412536
pca,13,0,todas,px,n_cambios_ok,0.9897030313629859
pca,13,0,todas,px,estados_ok,0.9896238848791113
pca,13,0,todas,px,err_anio_cambio,0.8149905654705281
pca,13,0,todas,px,macro_f1,0.9832348844310107
pca,13,0,todas,px,recall_A,0.9980313473746778
pca,13,0,todas,px,recall_F,0.9951244756757468
pca,13,0,todas,px,recall_G,0.9945864323158402
pca,13,0,todas,px,recall_Wt,0.9933308006675535
pca,13,0,todas,px,recall_U,0.8025942354330637
pca,13,0,todas,px,recall_Sh,0.9983834579328168
pca,13,0,todas,px,recall_Sp,0.9984477352008343
pca,13,0,todas,px,recall_B,0.9970569941047596
pca,13,0,todas,px,recall_Wa,0.9887158137739147
pca,13,0,todas,tipo,acc_anio,0.8562667688769644
pca,13,0,todas,tipo,exacta,0.059920787019292196
pca,13,0,todas,tipo,n_cambios_ok,0.396575955027469
pca,13,0,todas,tipo,estados_ok,0.3664239172096589
pca,13,0,todas,tipo,err_anio_cambio,1.3426573426573427
pca,13,0,todas,tipo,macro_f1,0.843522186805254
pca,13,0,todas,tipo,recall_A,0.8647327985538358
pca,13,0,todas,tipo,recall_F,0.916573788163929
pca,13,0,todas,tipo,recall_G,0.8322859707826654
pca,13,0,todas,tipo,recall_Wt,0.7158652461848546
pca,13,0,todas,tipo,recall_U,0.8259167995361647
pca,13,0,todas,tipo,recall_Sh,0.8876632147681225
pca,13,0,todas,tipo,recall_Sp,0.858674837227116
pca,13,0,todas,tipo,recall_B,0.8572893272141392
pca,13,0,todas,tipo,recall_Wa,0.7569630579186575
pca,13,0,dinamicas,px,acc_anio,0.9587812703553058
pca,13,0,dinamicas,px,exacta,0.29891494276387004
pca,13,0,dinamicas,px,n_cambios_ok,0.8636352400678481
pca,13,0,dinamicas,px,estados_ok,0.8624180666717809
pca,13,0,dinamicas,px,err_anio_cambio,0.8149905654705281
pca,13,0,dinamicas,px,macro_f1,0.941072024948849
pca,13,0,dinamicas,px,recall_A,0.9693094632346616
pca,13,0,dinamicas,px,recall_F,0.9641817205466171
pca,13,0,dinamicas,px,recall_G,0.935813181882997
pca,13,0,dinamicas,px,recall_Wt,0.942191049665107
pca,13,0,dinamicas,px,recall_U,0.8759971755109691
pca,13,0,dinamicas,px,recall_Sh,0.9656777785104038
pca,13,0,dinamicas,px,recall_Sp,0.9319278333364143
pca,13,0,dinamicas,px,recall_B,0.9716342468958507
pca,13,0,dinamicas,px,recall_Wa,0.869207882018617
pca,13,0,dinamicas,tipo,acc_anio,0.8561301875737545
pca,13,0,dinamicas,tipo,exacta,0.05896648759273471
pca,13,0,dinamicas,tipo,n_cambios_ok,0.39600920951650037
pca,13,0,dinamicas,tipo,estados_ok,0.36582246098746485
pca,13,0,dinamicas,tipo,err_anio_cambio,1.3426573426573427
pca,13,0,dinamicas,tipo,macro_f1,0.8433402369577051
pca,13,0,dinamicas,tipo,recall_A,0.8646142538094026
pca,13,0,dinamicas,tipo,recall_F,0.916526508226691
pca,13,0,dinamicas,tipo,recall_G,0.832073544433095
pca,13,0,dinamicas,tipo,recall_Wt,0.7153571016499365
pca,13,0,dinamicas,tipo,recall_U,0.8261502620850321
pca,13,0,dinamicas,tipo,recall_Sh,0.8875760382506822
pca,13,0,dinamicas,tipo,recall_Sp,0.8585068445875992
pca,13,0,dinamicas,tipo,recall_B,0.8570730037650971
pca,13,0,dinamicas,tipo,recall_Wa,0.7565232619228299
pca,13,0,constantes,px,acc_anio,0.9996546701348278
pca,13,0,constantes,px,exacta,0.9984706820256662
pca,13,0,constantes,px,n_cambios_ok,0.9984706820256662
pca,13,0,constantes,px,estados_ok,0.9984706820256662
pca,13,0,constantes,px,err_anio_cambio,
pca,13,0,constantes,px,macro_f1,0.9857728641286232
pca,13,0,constantes,tipo,acc_anio,0.9749103942652328
pca,13,0,constantes,tipo,exacta,0.8888888888888888
pca,13,0,constantes,tipo,n_cambios_ok,0.8888888888888888
pca,13,0,constantes,tipo,estados_ok,0.8888888888888888
pca,13,0,constantes,tipo,err_anio_cambio,
pca,13,0,constantes,tipo,macro_f1,0.9745864441516616
pca,13,0,todas_sin_costura,px,acc_anio,0.997299681700135
pca,13,0,todas_sin_costura,px,exacta,0.9554414023381307
pca,13,0,todas_sin_costura,px,n_cambios_ok,0.9915254688096752
pca,13,0,todas_sin_costura,px,estados_ok,0.991456732533083
pca,13,0,todas_sin_costura,px,err_anio_cambio,0.8345372809633115
pca,13,0,todas_sin_costura,px,macro_f1,0.9837777745704415
pca,13,0,todas_sin_costura,tipo,acc_anio,0.8621897695290204
pca,13,0,todas_sin_costura,tipo,exacta,0.06391092129347163
pca,13,0,todas_sin_costura,tipo,n_cambios_ok,0.4174801708358755
pca,13,0,todas_sin_costura,tipo,estados_ok,0.38926174496644295
pca,13,0,todas_sin_costura,tipo,err_anio_cambio,1.343094863731656
pca,13,0,todas_sin_costura,tipo,macro_f1,0.8496309389752
pca,13,0,dinamicas_sin_costura,px,acc_anio,0.9606305506401799
pca,13,0,dinamicas_sin_costura,px,exacta,0.285439684693416
pca,13,0,dinamicas_sin_costura,px,n_cambios_ok,0.8833827153656578
pca,13,0,dinamicas_sin_costura,px,estados_ok,0.8822436980219496
pca,13,0,dinamicas_sin_costura,px,err_anio_cambio,0.8345372809633115
pca,13,0,dinamicas_sin_costura,px,macro_f1,0.9445703627407754
pca,13,0,dinamicas_sin_costura,tipo,acc_anio,0.8620348152564337
pca,13,0,dinamicas_sin_costura,tipo,exacta,0.06277684435619367
pca,13,0,dinamicas_sin_costura,tipo,n_cambios_ok,0.41683213685657555
pca,13,0,dinamicas_sin_costura,tipo,estados_ok,0.38857491981060027
pca,13,0,dinamicas_sin_costura,tipo,err_anio_cambio,1.343094863731656
pca,13,0,dinamicas_sin_costura,tipo,macro_f1,0.8494234555351413
pca,13,0,todas,tipo,spearman_om,0.730026562867457
pca,13,0,todas,px,spearman_om,0.27203116353117
pca,13,0,todas,tipo,knn10_om,0.7361185639453175
pca,13,0,todas,px,knn10_om,0.6862564874275007
pca,16,0,todas,px,acc_anio,0.9976857636412638
pca,16,0,todas,px,exacta,0.9545612165767876
pca,16,0,todas,px,n_cambios_ok,0.9909826216103322
pca,16,0,todas,px,estados_ok,0.9909488679627975
pca,16,0,todas,px,err_anio_cambio,0.7558527448573199
pca,16,0,todas,px,macro_f1,0.9928758069476474
pca,16,0,todas,px,recall_A,0.9984540326041832
pca,16,0,todas,px,recall_F,0.9958668125417997
pca,16,0,todas,px,recall_G,0.9952521981536431
pca,16,0,todas,px,recall_Wt,0.9962754961226462
pca,16,0,todas,px,recall_U,0.934283125524031
pca,16,0,todas,px,recall_Sh,0.998282298287358
pca,16,0,todas,px,recall_Sp,0.9983970002888963
pca,16,0,todas,px,recall_B,0.9975844307174111
pca,16,0,todas,px,recall_Wa,0.9967947046235105
pca,16,0,todas,tipo,acc_anio,0.8961947271026265
pca,16,0,todas,tipo,exacta,0.09876070014053916
pca,16,0,todas,tipo,n_cambios_ok,0.5093905711000384
pca,16,0,todas,tipo,estados_ok,0.5014692730292577
pca,16,0,todas,tipo,err_anio_cambio,0.9884265168921793
pca,16,0,todas,tipo,macro_f1,0.8895404897932612
pca,16,0,todas,tipo,recall_A,0.9331149022709299
pca,16,0,todas,tipo,recall_F,0.9234437521697028
pca,16,0,todas,tipo,recall_G,0.8464049620501102
pca,16,0,todas,tipo,recall_Wt,0.8481428160092139
pca,16,0,todas,tipo,recall_U,0.9046238585302218
pca,16,0,todas,tipo,recall_Sh,0.9253339336635149
pca,16,0,todas,tipo,recall_Sp,0.8582152432018384
pca,16,0,todas,tipo,recall_B,0.8878527487550044
pca,16,0,todas,tipo,recall_Wa,0.8493182612749097
pca,16,0,dinamicas,px,acc_anio,0.9658286432783943
pca,16,0,dinamicas,px,exacta,0.32319831914150066
pca,16,0,dinamicas,px,n_cambios_ok,0.8833137289999233
pca,16,0,dinamicas,px,estados_ok,0.8827946403457182
pca,16,0,dinamicas,px,err_anio_cambio,0.7558527448573199
pca,16,0,dinamicas,px,macro_f1,0.958760111563455
pca,16,0,dinamicas,px,recall_A,0.9758989632863404
pca,16,0,dinamicas,px,recall_F,0.9696353348757597
pca,16,0,dinamicas,px,recall_G,0.943706939425662
pca,16,0,dinamicas,px,recall_Wt,0.9677158158070714
pca,16,0,dinamicas,px,recall_U,0.9311797412393172
pca,16,0,dinamicas,px,recall_Sh,0.9635299694136106
pca,16,0,dinamicas,px,recall_Sp,0.9297029324155447
pca,16,0,dinamicas,px,recall_B,0.9767178713482375
pca,16,0,dinamicas,px,recall_Wa,0.9628482406575427
pca,16,0,dinamicas,tipo,acc_anio,0.8960834798108582
pca,16,0,dinamicas,tipo,exacta,0.09785111281657713
pca,16,0,dinamicas,tipo,n_cambios_ok,0.5089536965975953
pca,16,0,dinamicas,tipo,estados_ok,0.5010232796111538
pca,16,0,dinamicas,tipo,err_anio_cambio,0.9884265168921793
pca,16,0,dinamicas,tipo,macro_f1,0.8893877699099159
pca,16,0,dinamicas,tipo,recall_A,0.9330562858677522
pca,16,0,dinamicas,tipo,recall_F,0.9234003656307129
pca,16,0,dinamicas,tipo,recall_G,0.8462104187946885
pca,16,0,dinamicas,tipo,recall_Wt,0.847871235721703
pca,16,0,dinamicas,tipo,recall_U,0.9044845661036692
pca,16,0,dinamicas,tipo,recall_Sh,0.9252759906876612
pca,16,0,dinamicas,tipo,recall_Sp,0.8580467042447947
pca,16,0,dinamicas,tipo,recall_B,0.8876827538995649
pca,16,0,dinamicas,tipo,recall_Wa,0.8490455898663242
pca,16,0,constantes,px,acc_anio,0.9999013343242366
pca,16,0,constantes,px,exacta,0.9984706820256662
pca,16,0,constantes,px,n_cambios_ok,0.9984706820256662
pca,16,0,constantes,px,estados_ok,0.9984706820256662
pca,16,0,constantes,px,err_anio_cambio,
pca,16,0,constantes,px,macro_f1,0.9962717908692866
pca,16,0,constantes,tipo,acc_anio,0.992831541218638
pca,16,0,constantes,tipo,exacta,0.8888888888888888
pca,16,0,constantes,tipo,n_cambios_ok,0.8888888888888888
pca,16,0,constantes,tipo,estados_ok,0.8888888888888888
pca,16,0,constantes,tipo,err_anio_cambio,
pca,16,0,constantes,tipo,macro_f1,0.9928240740740741
pca,16,0,todas_sin_costura,px,acc_anio,0.9979749140064108
pca,16,0,todas_sin_costura,px,exacta,0.9574747762513045
pca,16,0,todas_sin_costura,px,n_cambios_ok,0.9933492917726549
pca,16,0,todas_sin_costura,px,estados_ok,0.9933167618005886
pca,16,0,todas_sin_costura,px,err_anio_cambio,0.7742247616313345
pca,16,0,todas_sin_costura,px,macro_f1,0.9932798045850547
pca,16,0,todas_sin_costura,tipo,acc_anio,0.9019268239878763
pca,16,0,todas_sin_costura,tipo,exacta,0.1015863331299573
pca,16,0,todas_sin_costura,tipo,n_cambios_ok,0.5367602196461256
pca,16,0,todas_sin_costura,tipo,estados_ok,0.5291336180597925
pca,16,0,todas_sin_costura,tipo,err_anio_cambio,0.989357603775402
pca,16,0,todas_sin_costura,tipo,macro_f1,0.895392240863792
pca,16,0,dinamicas_sin_costura,px,acc_anio,0.9679789454189343
pca,16,0,dinamicas_sin_costura,px,exacta,0.3191343837399275
pca,16,0,dinamicas_sin_costura,px,n_cambios_ok,0.9136049806625499
pca,16,0,dinamicas_sin_costura,px,estados_ok,0.9130659319358679
pca,16,0,dinamicas_sin_costura,px,err_anio_cambio,0.7742247616313345
pca,16,0,dinamicas_sin_costura,px,macro_f1,0.9613731492255663
pca,16,0,dinamicas_sin_costura,tipo,acc_anio,0.9018018595071864
pca,16,0,dinamicas_sin_costura,tipo,exacta,0.1005040476554147
pca,16,0,dinamicas_sin_costura,tipo,n_cambios_ok,0.5362761570184817
pca,16,0,dinamicas_sin_costura,tipo,estados_ok,0.5286390713303804
pca,16,0,dinamicas_sin_costura,tipo,err_anio_cambio,0.989357603775402
pca,16,0,dinamicas_sin_costura,tipo,macro_f1,0.895220678952778
pca,16,0,todas,tipo,spearman_om,0.7247617303089009
pca,16,0,todas,px,spearman_om,0.08859770385183632
pca,16,0,todas,tipo,knn10_om,0.7574166347259488
pca,16,0,todas,px,knn10_om,0.7602666721056781
pca,19,0,todas,px,acc_anio,0.9986748309753561
pca,19,0,todas,px,exacta,0.9699760196684555
pca,19,0,todas,px,n_cambios_ok,0.9939725075155212
pca,19,0,todas,px,estados_ok,0.9939598983943158
pca,19,0,todas,px,err_anio_cambio,0.4213882492530787
pca,19,0,todas,px,macro_f1,0.9940161522960422
pca,19,0,todas,px,recall_A,0.9990544127980258
pca,19,0,todas,px,recall_F,0.997376826301936
pca,19,0,todas,px,recall_G,0.9976524692353528
pca,19,0,todas,px,recall_Wt,0.9964162347019728
pca,19,0,todas,px,recall_U,0.9360096106167564
pca,19,0,todas,px,recall_Sh,0.9993993746729912
pca,19,0,todas,px,recall_Sp,0.9992438042494662
pca,19,0,todas,px,recall_B,0.9982641090915704
pca,19,0,todas,px,recall_Wa,0.9975174228834154
pca,19,0,todas,tipo,acc_anio,0.9270144289617824
pca,19,0,todas,tipo,exacta,0.1399003449597547
pca,19,0,todas,tipo,n_cambios_ok,0.6416251437332311
pca,19,0,todas,tipo,estados_ok,0.6321706911971381
pca,19,0,todas,tipo,err_anio_cambio,0.7813427800269905
pca,19,0,todas,tipo,macro_f1,0.9199573932170753
pca,19,0,todas,tipo,recall_A,0.9439611343351034
pca,19,0,todas,tipo,recall_F,0.9449123896877455
pca,19,0,todas,tipo,recall_G,0.8985962621398841
pca,19,0,todas,tipo,recall_Wt,0.8720990498128419
pca,19,0,todas,tipo,recall_U,0.9125960284099145
pca,19,0,todas,tipo,recall_Sh,0.9500475261393767
pca,19,0,todas,tipo,recall_Sp,0.9325928762926082
pca,19,0,todas,tipo,recall_B,0.9304267161410018
pca,19,0,todas,tipo,recall_Wa,0.870702715301247
pca,19,0,dinamicas,px,acc_anio,0.9810392551343146
pca,19,0,dinamicas,px,exacta,0.5602586067285482
pca,19,0,dinamicas,px,n_cambios_ok,0.9292944144697027
pca,19,0,dinamicas,px,estados_ok,0.9291005020414078
pca,19,0,dinamicas,px,err_anio_cambio,0.4213882492530787
pca,19,0,dinamicas,px,macro_f1,0.973303158916041
pca,19,0,dinamicas,px,recall_A,0.9852586594436517
pca,19,0,dinamicas,px,recall_F,0.9807287252973738
pca,19,0,dinamicas,px,recall_G,0.9721661316518915
pca,19,0,dinamicas,px,recall_Wt,0.9689357447875878
pca,19,0,dinamicas,px,recall_U,0.9373684099968814
pca,19,0,dinamicas,px,recall_Sh,0.9872475972482566
pca,19,0,dinamicas,px,recall_Sp,0.9668382075092502
pca,19,0,dinamicas,px,recall_B,0.9832688568501052
pca,19,0,dinamicas,px,recall_Wa,0.9712250832603581
pca,19,0,dinamicas,tipo,acc_anio,0.9269386609891153
pca,19,0,dinamicas,tipo,exacta,0.13903811716551548
pca,19,0,dinamicas,tipo,n_cambios_ok,0.6413404962906114
pca,19,0,dinamicas,tipo,estados_ok,0.6318751598874393
pca,19,0,dinamicas,tipo,err_anio_cambio,0.7813427800269905
pca,19,0,dinamicas,tipo,macro_f1,0.9198445465140025
pca,19,0,dinamicas,tipo,recall_A,0.9439120232946032
pca,19,0,dinamicas,tipo,recall_F,0.9448811700182815
pca,19,0,dinamicas,tipo,recall_G,0.898467824310521
pca,19,0,dinamicas,tipo,recall_Wt,0.8718703126802815
pca,19,0,dinamicas,tipo,recall_U,0.9124927198602213
pca,19,0,dinamicas,tipo,recall_Sh,0.9500087616091321
pca,19,0,dinamicas,tipo,recall_Sp,0.9325127497219985
pca,19,0,dinamicas,tipo,recall_B,0.9303212556843186
pca,19,0,dinamicas,tipo,recall_Wa,0.8704687408791081
pca,19,0,constantes,px,acc_anio,0.9999013343242366
pca,19,0,constantes,px,exacta,0.9984706820256662
pca,19,0,constantes,px,n_cambios_ok,0.9984706820256662
pca,19,0,constantes,px,estados_ok,0.9984706820256662
pca,19,0,constantes,px,err_anio_cambio,
pca,19,0,constantes,px,macro_f1,0.9962804107842815
pca,19,0,constantes,tipo,acc_anio,0.992831541218638
pca,19,0,constantes,tipo,exacta,0.8888888888888888
pca,19,0,constantes,tipo,n_cambios_ok,0.8888888888888888
pca,19,0,constantes,tipo,estados_ok,0.8888888888888888
pca,19,0,constantes,tipo,err_anio_cambio,
pca,19,0,constantes,tipo,macro_f1,0.9928240740740741
pca,19,0,todas_sin_costura,px,acc_anio,0.9988646268904966
pca,19,0,todas_sin_costura,px,exacta,0.9720727683220681
pca,19,0,todas_sin_costura,px,n_cambios_ok,0.9956655483281892
pca,19,0,todas_sin_costura,px,estados_ok,0.9956540737147549
pca,19,0,todas_sin_costura,px,err_anio_cambio,0.4371718626378999
pca,19,0,todas_sin_costura,px,macro_f1,0.9942704574698938
pca,19,0,todas_sin_costura,tipo,acc_anio,0.930588084788128
pca,19,0,todas_sin_costura,tipo,exacta,0.1410921293471629
pca,19,0,todas_sin_costura,tipo,n_cambios_ok,0.6709884075655888
pca,19,0,todas_sin_costura,tipo,estados_ok,0.661378889566809
pca,19,0,todas_sin_costura,tipo,err_anio_cambio,0.796711337030191
pca,19,0,todas_sin_costura,tipo,macro_f1,0.9235703262963274
pca,19,0,dinamicas_sin_costura,px,acc_anio,0.9827222288223731
pca,19,0,dinamicas_sin_costura,px,exacta,0.5610352689243947
pca,19,0,dinamicas_sin_costura,px,n_cambios_ok,0.951987280665319
pca,19,0,dinamicas_sin_costura,px,estados_ok,0.9517971367651539
pca,19,0,dinamicas_sin_costura,px,err_anio_cambio,0.4371718626378999
pca,19,0,dinamicas_sin_costura,px,macro_f1,0.9748890011929707
pca,19,0,dinamicas_sin_costura,tipo,acc_anio,0.9305025202382771
pca,19,0,dinamicas_sin_costura,tipo,exacta,0.14006415151978005
pca,19,0,dinamicas_sin_costura,tipo,n_cambios_ok,0.6706888651290668
pca,19,0,dinamicas_sin_costura,tipo,estados_ok,0.661066137162059
pca,19,0,dinamicas_sin_costura,tipo,err_anio_cambio,0.796711337030191
pca,19,0,dinamicas_sin_costura,tipo,macro_f1,0.9234425457503581
pca,19,0,todas,tipo,spearman_om,0.7408921757375496
pca,19,0,todas,px,spearman_om,0.015966594756309682
pca,19,0,todas,tipo,knn10_om,0.7665005749329247
pca,19,0,todas,px,knn10_om,0.7782614648988808
pca,22,0,todas,px,acc_anio,0.9988384107451475
pca,22,0,todas,px,exacta,0.9708183089649827
pca,22,0,todas,px,n_cambios_ok,0.99517899257223
pca,22,0,todas,px,estados_ok,0.9951779395027667
pca,22,0,todas,px,err_anio_cambio,0.40307108516601897
pca,22,0,todas,px,macro_f1,0.9948566899065336
pca,22,0,todas,px,recall_A,0.9991765758353622
pca,22,0,todas,px,recall_F,0.9975307557987729
pca,22,0,todas,px,recall_G,0.9984392327416112
pca,22,0,todas,px,recall_Wt,0.9982145413481165
pca,22,0,todas,px,recall_U,0.9377171629747834
pca,22,0,todas,px,recall_Sh,0.9993633546880262
pca,22,0,todas,px,recall_Sp,0.9993389806111713
pca,22,0,todas,px,recall_B,0.9985137018736325
pca,22,0,todas,px,recall_Wa,0.998521269385622
pca,22,0,todas,tipo,acc_anio,0.9489772788156794
pca,22,0,todas,tipo,exacta,0.2114475533409991
pca,22,0,todas,tipo,n_cambios_ok,0.7332311230356459
pca,22,0,todas,tipo,estados_ok,0.731186917081896
pca,22,0,todas,tipo,err_anio_cambio,0.6009332166812481
pca,22,0,todas,tipo,macro_f1,0.9458610601767471
pca,22,0,todas,tipo,recall_A,0.9555135012992882
pca,22,0,todas,tipo,recall_F,0.9529882516307029
pca,22,0,todas,tipo,recall_G,0.9466253162490819
pca,22,0,todas,tipo,recall_Wt,0.946213648142816
pca,22,0,todas,tipo,recall_U,0.9182490215973329
pca,22,0,todas,tipo,recall_Sh,0.9577517634699084
pca,22,0,todas,tipo,recall_Sp,0.9400229797012639
pca,22,0,todas,tipo,recall_B,0.9540083976174202
pca,22,0,todas,tipo,recall_Wa,0.928388299731966
pca,22,0,dinamicas,px,acc_anio,0.983554906293761
pca,22,0,dinamicas,px,exacta,0.5732119569386555
pca,22,0,dinamicas,px,n_cambios_ok,0.947848637498828
pca,22,0,dinamicas,px,estados_ok,0.9478324426147067
pca,22,0,dinamicas,px,err_anio_cambio,0.40307108516601897
pca,22,0,dinamicas,px,macro_f1,0.9800458451870158
pca,22,0,dinamicas,px,recall_A,0.9871631341795767
pca,22,0,dinamicas,px,recall_F,0.9818595759233041
pca,22,0,dinamicas,px,recall_G,0.9814945171129373
pca,22,0,dinamicas,px,recall_Wt,0.9845235559192864
pca,22,0,dinamicas,px,recall_U,0.9434892134573653
pca,22,0,dinamicas,px,recall_Sh,0.9864828253767903
pca,22,0,dinamicas,px,recall_Sp,0.9710120193227411
pca,22,0,dinamicas,px,recall_B,0.9856745221748006
pca,22,0,dinamicas,px,recall_Wa,0.9828604114551639
pca,22,0,dinamicas,tipo,acc_anio,0.9489267942465279
pca,22,0,dinamicas,tipo,exacta,0.21066768994627783
pca,22,0,dinamicas,tipo,n_cambios_ok,0.733051931440266
pca,22,0,dinamicas,tipo,estados_ok,0.7310053722179586
pca,22,0,dinamicas,tipo,err_anio_cambio,0.6009332166812481
pca,22,0,dinamicas,tipo,macro_f1,0.9457882069223468
pca,22,0,dinamicas,tipo,recall_A,0.9554745144601815
pca,22,0,dinamicas,tipo,recall_F,0.9529616087751371
pca,22,0,dinamicas,tipo,recall_G,0.9465577119509704
pca,22,0,dinamicas,tipo,recall_Wt,0.9461174570208838
pca,22,0,dinamicas,tipo,recall_U,0.9181712288875946
pca,22,0,dinamicas,tipo,recall_Sh,0.9577189776453802
pca,22,0,dinamicas,tipo,recall_Sp,0.9399516852640055
pca,22,0,dinamicas,tipo,recall_B,0.9539386827050022
pca,22,0,dinamicas,tipo,recall_Wa,0.9282587122759909
pca,22,0,constantes,px,acc_anio,0.9999013343242366
pca,22,0,constantes,px,exacta,0.9984706820256662
pca,22,0,constantes,px,n_cambios_ok,0.9984706820256662
pca,22,0,constantes,px,estados_ok,0.9984706820256662
pca,22,0,constantes,px,err_anio_cambio,
pca,22,0,constantes,px,macro_f1,0.9962804107842815
pca,22,0,constantes,tipo,acc_anio,0.992831541218638
pca,22,0,constantes,tipo,exacta,0.8888888888888888
pca,22,0,constantes,tipo,n_cambios_ok,0.8888888888888888
pca,22,0,constantes,tipo,estados_ok,0.8888888888888888
pca,22,0,constantes,tipo,err_anio_cambio,
pca,22,0,constantes,tipo,macro_f1,0.9928240740740741
pca,22,0,todas_sin_costura,px,acc_anio,0.9989309742697255
pca,22,0,todas_sin_costura,px,exacta,0.9718573965121464
pca,22,0,todas_sin_costura,px,n_cambios_ok,0.9960124604275535
pca,22,0,todas_sin_costura,px,estados_ok,0.9960114856424317
pca,22,0,todas_sin_costura,px,err_anio_cambio,0.42759164559206775
pca,22,0,todas_sin_costura,px,macro_f1,0.9950172009542313
pca,22,0,todas_sin_costura,tipo,acc_anio,0.9508354819028125
pca,22,0,todas_sin_costura,tipo,exacta,0.2083587553386211
pca,22,0,todas_sin_costura,tipo,n_cambios_ok,0.7586943258084198
pca,22,0,todas_sin_costura,tipo,estados_ok,0.7565588773642465
pca,22,0,todas_sin_costura,tipo,err_anio_cambio,0.6231825525040388
pca,22,0,todas_sin_costura,tipo,macro_f1,0.9477946670498211
pca,22,0,dinamicas_sin_costura,px,acc_anio,0.9838216601474045
pca,22,0,dinamicas_sin_costura,px,exacta,0.5574663786817305
pca,22,0,dinamicas_sin_costura,px,n_cambios_ok,0.9577359030450715
pca,22,0,dinamicas_sin_costura,px,estados_ok,0.9577197500438439
pca,22,0,dinamicas_sin_costura,px,err_anio_cambio,0.42759164559206775
pca,22,0,dinamicas_sin_costura,px,macro_f1,0.9809924398528049
pca,22,0,dinamicas_sin_costura,tipo,acc_anio,0.9507777509521722
pca,22,0,dinamicas_sin_costura,tipo,exacta,0.20742324728883457
pca,22,0,dinamicas_sin_costura,tipo,n_cambios_ok,0.7585153505422331
pca,22,0,dinamicas_sin_costura,tipo,estados_ok,0.7563769665495647
pca,22,0,dinamicas_sin_costura,tipo,err_anio_cambio,0.6231825525040388
pca,22,0,dinamicas_sin_costura,tipo,macro_f1,0.947711949239136
pca,22,0,todas,tipo,spearman_om,0.747301180481906
pca,22,0,todas,px,spearman_om,0.1664901669223318
pca,22,0,todas,tipo,knn10_om,0.7760189089050723
pca,22,0,todas,px,knn10_om,0.7973934646342833
pca,25,0,todas,px,acc_anio,0.99924495277059
pca,25,0,todas,px,exacta,0.9815403574045707
pca,25,0,todas,px,n_cambios_ok,0.9956346391015943
pca,25,0,todas,px,estados_ok,0.9956340848545083
pca,25,0,todas,px,err_anio_cambio,0.22526426339438146
pca,25,0,todas,px,macro_f1,0.9952798605097559
pca,25,0,todas,px,recall_A,0.9992597476897154
pca,25,0,todas,px,recall_F,0.999271971920486
pca,25,0,todas,px,recall_G,0.9987770875647074
pca,25,0,todas,px,recall_Wt,0.9990430307027576
pca,25,0,todas,px,recall_U,0.9378816974548996
pca,25,0,todas,px,recall_Sh,0.9996668045760275
pca,25,0,todas,px,recall_Sp,0.9994091399706032
pca,25,0,todas,px,recall_B,0.9985761262275263
pca,25,0,todas,px,recall_Wa,0.9987503879180656
pca,25,0,todas,tipo,acc_anio,0.9632331425133018
pca,25,0,todas,tipo,exacta,0.318512840168647
pca,25,0,todas,tipo,n_cambios_ok,0.7905966526127507
pca,25,0,todas,tipo,estados_ok,0.7902133639964226
pca,25,0,todas,tipo,err_anio_cambio,0.4411796449193244
pca,25,0,todas,tipo,macro_f1,0.9599992911950186
pca,25,0,todas,tipo,recall_A,0.9657383346514519
pca,25,0,todas,tipo,recall_F,0.9692313314209497
pca,25,0,todas,tipo,recall_G,0.9609075328490981
pca,25,0,todas,tipo,recall_Wt,0.9535272099049813
pca,25,0,todas,tipo,recall_U,0.9299898536019713
pca,25,0,todas,tipo,recall_Sh,0.9703837110410726
pca,25,0,todas,tipo,recall_Sp,0.9572577556491766
pca,25,0,todas,tipo,recall_B,0.9589883800410116
pca,25,0,todas,tipo,recall_Wa,0.9629413821232956
pca,25,0,dinamicas,px,acc_anio,0.98980701142248
pca,25,0,dinamicas,px,exacta,0.7381035790693908
pca,25,0,dinamicas,px,n_cambios_ok,0.9548559081494362
pca,25,0,dinamicas,px,estados_ok,0.9548473845262144
pca,25,0,dinamicas,px,err_anio_cambio,0.22526426339438146
pca,25,0,dinamicas,px,macro_f1,0.9847425364737532
pca,25,0,dinamicas,px,recall_A,0.9884597513790944
pca,25,0,dinamicas,px,recall_F,0.9946515058755379
pca,25,0,dinamicas,px,recall_G,0.9855003460496433
pca,25,0,dinamicas,px,recall_Wt,0.9917049427047174
pca,25,0,dinamicas,px,recall_U,0.9440789952058015
pca,25,0,dinamicas,px,recall_Sh,0.9929256359156607
pca,25,0,dinamicas,px,recall_Sp,0.9740887492793951
pca,25,0,dinamicas,px,recall_B,0.986276190629866
pca,25,0,dinamicas,px,recall_Wa,0.9855160657953776
pca,25,0,dinamicas,tipo,acc_anio,0.9631990691456441
pca,25,0,dinamicas,tipo,exacta,0.3178562292146329
pca,25,0,dinamicas,tipo,n_cambios_ok,0.7904834996162702
pca,25,0,dinamicas,tipo,estados_ok,0.7900997697620875
pca,25,0,dinamicas,tipo,err_anio_cambio,0.4411796449193244
pca,25,0,dinamicas,tipo,macro_f1,0.9599477330404906
pca,25,0,dinamicas,tipo,recall_A,0.9657083085969524
pca,25,0,dinamicas,tipo,recall_F,0.9692138939670932
pca,25,0,dinamicas,tipo,recall_G,0.9608580183861083
pca,25,0,dinamicas,tipo,recall_Wt,0.9534440983039114
pca,25,0,dinamicas,tipo,recall_U,0.9299650553290624
pca,25,0,dinamicas,tipo,recall_Sh,0.9703607279645531
pca,25,0,dinamicas,tipo,recall_Sp,0.9572069481191764
pca,25,0,dinamicas,tipo,recall_B,0.958926213877072
pca,25,0,dinamicas,tipo,recall_Wa,0.9628743214056389
pca,25,0,constantes,px,acc_anio,0.9999013343242366
pca,25,0,constantes,px,exacta,0.9984706820256662
pca,25,0,constantes,px,n_cambios_ok,0.9984706820256662
pca,25,0,constantes,px,estados_ok,0.9984706820256662
pca,25,0,constantes,px,err_anio_cambio,
pca,25,0,constantes,px,macro_f1,0.9962804107842815
pca,25,0,constantes,tipo,acc_anio,0.992831541218638
pca,25,0,constantes,tipo,exacta,0.8888888888888888
pca,25,0,constantes,tipo,n_cambios_ok,0.8888888888888888
pca,25,0,constantes,tipo,estados_ok,0.8888888888888888
pca,25,0,constantes,tipo,err_anio_cambio,
pca,25,0,constantes,tipo,macro_f1,0.9928240740740741
pca,25,0,todas_sin_costura,px,acc_anio,0.9993403148426034
pca,25,0,todas_sin_costura,px,exacta,0.9829229622583532
pca,25,0,todas_sin_costura,px,n_cambios_ok,0.9963536630712042
pca,25,0,todas_sin_costura,px,estados_ok,0.9963535795181938
pca,25,0,todas_sin_costura,px,err_anio_cambio,0.22988811074687104
pca,25,0,todas_sin_costura,px,macro_f1,0.9954608423246776
pca,25,0,todas_sin_costura,tipo,acc_anio,0.9653555472455667
pca,25,0,todas_sin_costura,tipo,exacta,0.32199511897498473
pca,25,0,todas_sin_costura,tipo,n_cambios_ok,0.8120805369127517
pca,25,0,todas_sin_costura,tipo,estados_ok,0.8117754728492984
pca,25,0,todas_sin_costura,tipo,err_anio_cambio,0.45320536946430817
pca,25,0,todas_sin_costura,tipo,macro_f1,0.9621765067672388
pca,25,0,dinamicas_sin_costura,px,acc_anio,0.9906047743209856
pca,25,0,dinamicas_sin_costura,px,exacta,0.7408320180175191
pca,25,0,dinamicas_sin_costura,px,n_cambios_ok,0.9633899149890621
pca,25,0,dinamicas_sin_costura,px,estados_ok,0.9633885304460997
pca,25,0,dinamicas_sin_costura,px,err_anio_cambio,0.22988811074687104
pca,25,0,dinamicas_sin_costura,px,macro_f1,0.9861837655289649
pca,25,0,dinamicas_sin_costura,tipo,acc_anio,0.9653177766719059
pca,25,0,dinamicas_sin_costura,tipo,exacta,0.32121582404154575
pca,25,0,dinamicas_sin_costura,tipo,n_cambios_ok,0.8119749503589431
pca,25,0,dinamicas_sin_costura,tipo,estados_ok,0.811669466931419
pca,25,0,dinamicas_sin_costura,tipo,err_anio_cambio,0.45320536946430817
pca,25,0,dinamicas_sin_costura,tipo,macro_f1,0.962119143240776
pca,25,0,todas,tipo,spearman_om,0.7585812809605084
pca,25,0,todas,px,spearman_om,-0.10856718246165324
pca,25,0,todas,tipo,knn10_om,0.7736936246326819
pca,25,0,todas,px,knn10_om,0.7934022122051915
pca,28,0,todas,px,acc_anio,0.9994492697011993
pca,28,0,todas,px,exacta,0.9872352739251216
pca,28,0,todas,px,n_cambios_ok,0.9968517934147078
pca,28,0,todas,px,estados_ok,0.9968501583858042
pca,28,0,todas,px,err_anio_cambio,0.14913721086842163
pca,28,0,todas,px,macro_f1,0.9944169591961458
pca,28,0,todas,px,recall_A,0.9995760824170459
pca,28,0,todas,px,recall_F,0.9996784078217068
pca,28,0,todas,px,recall_G,0.9988412969941011
pca,28,0,todas,px,recall_Wt,0.9990672532974407
pca,28,0,todas,px,recall_U,0.919467809843219
pca,28,0,todas,px,recall_Sh,0.9998262114948275
pca,28,0,todas,px,recall_Sp,0.9996225099045689
pca,28,0,todas,px,recall_B,0.9989449802877786
pca,28,0,todas,px,recall_Wa,0.9990356532963789
pca,28,0,todas,tipo,acc_anio,0.9717602838808592
pca,28,0,todas,tipo,exacta,0.42353392104254506
pca,28,0,todas,tipo,n_cambios_ok,0.8249648652101699
pca,28,0,todas,tipo,estados_ok,0.8243260508496231
pca,28,0,todas,tipo,err_anio_cambio,0.33245396234223046
pca,28,0,todas,tipo,macro_f1,0.9687675835115311
pca,28,0,todas,tipo,recall_A,0.9765280759236245
pca,28,0,todas,tipo,recall_F,0.9791160402696826
pca,28,0,todas,tipo,recall_G,0.9682526728148209
pca,28,0,todas,tipo,recall_Wt,0.9622228620788943
pca,28,0,todas,tipo,recall_U,0.9533265690679809
pca,28,0,todas,tipo,recall_Sh,0.9788383610986042
pca,28,0,todas,tipo,recall_Sp,0.9605515128303332
pca,28,0,todas,tipo,recall_B,0.9647983595352017
pca,28,0,todas,tipo,recall_Wa,0.9694091597715884
pca,28,0,dinamicas,px,acc_anio,0.9936584930619083
pca,28,0,dinamicas,px,exacta,0.8256842338541267
pca,28,0,dinamicas,px,n_cambios_ok,0.9735742109255803
pca,28,0,dinamicas,px,estados_ok,0.973549066237076
pca,28,0,dinamicas,px,err_anio_cambio,0.14913721086842163
pca,28,0,dinamicas,px,macro_f1,0.9890738337917061
pca,28,0,dinamicas,px,recall_A,0.9933912880323423
pca,28,0,dinamicas,px,recall_F,0.997637407231295
pca,28,0,dinamicas,px,recall_G,0.9862616552649975
pca,28,0,dinamicas,px,recall_Wt,0.9919149053558867
pca,28,0,dinamicas,px,recall_U,0.9614460478967414
pca,28,0,dinamicas,px,recall_Sh,0.9963101439251322
pca,28,0,dinamicas,px,recall_Sp,0.9834457569972285
pca,28,0,dinamicas,px,recall_B,0.9898313392014328
pca,28,0,dinamicas,px,recall_Wa,0.988822503873305
pca,28,0,dinamicas,tipo,acc_anio,0.9717401529968065
pca,28,0,dinamicas,tipo,exacta,0.4229982092606805
pca,28,0,dinamicas,tipo,n_cambios_ok,0.8248912765413149
pca,28,0,dinamicas,tipo,estados_ok,0.8242517267843438
pca,28,0,dinamicas,tipo,err_anio_cambio,0.33245396234223046
pca,28,0,dinamicas,tipo,macro_f1,0.9687408650776751
pca,28,0,dinamicas,tipo,recall_A,0.9765075057247052
pca,28,0,dinamicas,tipo,recall_F,0.9791042047531993
pca,28,0,dinamicas,tipo,recall_G,0.9682124616956078
pca,28,0,dinamicas,tipo,recall_Wt,0.9621553017191646
pca,28,0,dinamicas,tipo,recall_U,0.9535527082119977
pca,28,0,dinamicas,tipo,recall_Sh,0.9788219390692667
pca,28,0,dinamicas,tipo,recall_Sp,0.9605046205759423
pca,28,0,dinamicas,tipo,recall_B,0.9647450002444868
pca,28,0,dinamicas,tipo,recall_Wa,0.9693538030471076
pca,28,0,constantes,px,acc_anio,0.9998520014863548
pca,28,0,constantes,px,exacta,0.9984706820256662
pca,28,0,constantes,px,n_cambios_ok,0.9984706820256662
pca,28,0,constantes,px,estados_ok,0.9984706820256662
pca,28,0,constantes,px,err_anio_cambio,
pca,28,0,constantes,px,macro_f1,0.994282913680279
pca,28,0,constantes,tipo,acc_anio,0.9892473118279569
pca,28,0,constantes,tipo,exacta,0.8888888888888888
pca,28,0,constantes,tipo,n_cambios_ok,0.8888888888888888
pca,28,0,constantes,tipo,estados_ok,0.8888888888888888
pca,28,0,constantes,tipo,err_anio_cambio,
pca,28,0,constantes,tipo,macro_f1,0.9892220773576708
pca,28,0,todas_sin_costura,px,acc_anio,0.9995009926722043
pca,28,0,todas_sin_costura,px,exacta,0.9882546469608191
pca,28,0,todas_sin_costura,px,n_cambios_ok,0.9971141068702605
pca,28,0,todas_sin_costura,px,estados_ok,0.9971124636610551
pca,28,0,todas_sin_costura,px,err_anio_cambio,0.148201469807287
pca,28,0,todas_sin_costura,px,macro_f1,0.9944810645745226
pca,28,0,todas_sin_costura,tipo,acc_anio,0.9734791080320415
pca,28,0,todas_sin_costura,tipo,exacta,0.4261744966442953
pca,28,0,todas_sin_costura,tipo,n_cambios_ok,0.8419768151311775
pca,28,0,todas_sin_costura,tipo,estados_ok,0.8412141549725443
pca,28,0,todas_sin_costura,tipo,err_anio_cambio,0.3418376611585255
pca,28,0,todas_sin_costura,tipo,macro_f1,0.9707286115228979
pca,28,0,dinamicas_sin_costura,px,acc_anio,0.9940354931310293
pca,28,0,dinamicas_sin_costura,px,exacta,0.8291824735321537
pca,28,0,dinamicas_sin_costura,px,n_cambios_ok,0.9759911020038952
pca,28,0,dinamicas_sin_costura,px,estados_ok,0.9759638726589686
pca,28,0,dinamicas_sin_costura,px,err_anio_cambio,0.148201469807287
pca,28,0,dinamicas_sin_costura,px,macro_f1,0.9895534267798922
pca,28,0,dinamicas_sin_costura,tipo,acc_anio,0.973457431869805
pca,28,0,dinamicas_sin_costura,tipo,exacta,0.42553841454101116
pca,28,0,dinamicas_sin_costura,tipo,n_cambios_ok,0.8419123262563006
pca,28,0,dinamicas_sin_costura,tipo,estados_ok,0.8411486176874905
pca,28,0,dinamicas_sin_costura,tipo,err_anio_cambio,0.3418376611585255
pca,28,0,dinamicas_sin_costura,tipo,macro_f1,0.9706996615376566
pca,28,0,todas,tipo,spearman_om,0.7607531169998843
pca,28,0,todas,px,spearman_om,-0.11172035751675587
pca,28,0,todas,tipo,knn10_om,0.7814871598313531
pca,28,0,todas,px,knn10_om,0.7700145675532838
pca,31,0,todas,px,acc_anio,0.9996174398883882
pca,31,0,todas,px,exacta,0.988920046504656
pca,31,0,todas,px,n_cambios_ok,0.9971250095157297
pca,31,0,todas,px,estados_ok,0.9971245938304152
pca,31,0,todas,px,err_anio_cambio,0.12455980684532136
pca,31,0,todas,px,macro_f1,0.9975140184689663
pca,31,0,todas,px,recall_A,0.9997073000513131
pca,31,0,todas,px,recall_F,0.9997361508519091
pca,31,0,todas,px,recall_G,0.9990192295654591
pca,31,0,todas,px,recall_Wt,0.9992141801308834
pca,31,0,todas,px,recall_U,0.9678139002335038
pca,31,0,todas,px,recall_Sh,0.9998608028278962
pca,31,0,todas,px,recall_Sp,0.9996668778325818
pca,31,0,todas,px,recall_B,0.9990257782865664
pca,31,0,todas,px,recall_Wa,0.9991580435700509
pca,31,0,todas,tipo,acc_anio,0.976203134723888
pca,31,0,todas,tipo,exacta,0.4760444614794941
pca,31,0,todas,tipo,n_cambios_ok,0.8503896767599336
pca,31,0,todas,tipo,estados_ok,0.8500063881436055
pca,31,0,todas,tipo,err_anio_cambio,0.2896162528216704
pca,31,0,todas,tipo,macro_f1,0.9740434504307132
pca,31,0,todas,tipo,recall_A,0.9795785786916733
pca,31,0,todas,tipo,recall_F,0.9841223438270815
pca,31,0,todas,tipo,recall_G,0.9703337958051089
pca,31,0,todas,tipo,recall_Wt,0.9720126691621077
pca,31,0,todas,tipo,recall_U,0.9650674010726192
pca,31,0,todas,tipo,recall_Sh,0.9822152183701035
pca,31,0,todas,tipo,recall_Sp,0.9638835695135963
pca,31,0,todas,tipo,recall_B,0.9678254076750318
pca,31,0,todas,tipo,recall_Wa,0.9758186691527794
pca,31,0,dinamicas,px,acc_anio,0.994826050722157
pca,31,0,dinamicas,px,exacta,0.8515939175424689
pca,31,0,dinamicas,px,n_cambios_ok,0.9777759309927464
pca,31,0,dinamicas,px,estados_ok,0.9777695382753301
pca,31,0,dinamicas,px,err_anio_cambio,0.12455980684532136
pca,31,0,dinamicas,px,macro_f1,0.9910005322873255
pca,31,0,dinamicas,px,recall_A,0.9954369204496312
pca,31,0,dinamicas,px,recall_F,0.9980616192451662
pca,31,0,dinamicas,px,recall_G,0.9883713408293366
pca,31,0,dinamicas,px,recall_Wt,0.9931884744297675
pca,31,0,dinamicas,px,recall_U,0.967999896586214
pca,31,0,dinamicas,px,recall_Sh,0.9970445828360074
pca,31,0,dinamicas,px,recall_Sp,0.9853914437072769
pca,31,0,dinamicas,px,recall_B,0.9906100994780027
pca,31,0,dinamicas,px,recall_Wa,0.990241098248935
pca,31,0,dinamicas,tipo,acc_anio,0.9761798661484251
pca,31,0,dinamicas,tipo,exacta,0.4755691992837043
pca,31,0,dinamicas,tipo,n_cambios_ok,0.8503453568687643
pca,31,0,dinamicas,tipo,estados_ok,0.8499616270145818
pca,31,0,dinamicas,tipo,err_anio_cambio,0.2896162528216704
pca,31,0,dinamicas,tipo,macro_f1,0.9740092460031945
pca,31,0,dinamicas,tipo,recall_A,0.9795606818760071
pca,31,0,dinamicas,tipo,recall_F,0.9841133455210238
pca,31,0,dinamicas,tipo,recall_G,0.9702962206332992
pca,31,0,dinamicas,tipo,recall_Wt,0.9719626168224299
pca,31,0,dinamicas,tipo,recall_U,0.965055329062318
pca,31,0,dinamicas,tipo,recall_Sh,0.9822014168773625
pca,31,0,dinamicas,tipo,recall_Sp,0.9638406380612754
pca,31,0,dinamicas,tipo,recall_B,0.9677766368392744
pca,31,0,dinamicas,tipo,recall_Wa,0.9757749109800946
pca,31,0,constantes,px,acc_anio,0.9999506671621182
pca,31,0,constantes,px,exacta,0.9984706820256662
pca,31,0,constantes,px,n_cambios_ok,0.9984706820256662
pca,31,0,constantes,px,estados_ok,0.9984706820256662
pca,31,0,constantes,px,err_anio_cambio,
pca,31,0,constantes,px,macro_f1,0.998166252310413
pca,31,0,constantes,tipo,acc_anio,0.9964157706093191
pca,31,0,constantes,tipo,exacta,0.8888888888888888
pca,31,0,constantes,tipo,n_cambios_ok,0.8888888888888888
pca,31,0,constantes,tipo,estados_ok,0.8888888888888888
pca,31,0,constantes,tipo,err_anio_cambio,
pca,31,0,constantes,tipo,macro_f1,0.9964148379448926
pca,31,0,todas_sin_costura,px,acc_anio,0.9996564021700499
pca,31,0,todas_sin_costura,px,exacta,0.9897971469376332
pca,31,0,todas_sin_costura,px,n_cambios_ok,0.9972737488222159
pca,31,0,todas_sin_costura,px,estados_ok,0.9972733310571636
pca,31,0,todas_sin_costura,px,err_anio_cambio,0.1228372573755094
pca,31,0,todas_sin_costura,px,macro_f1,0.9975626930788098
pca,31,0,todas_sin_costura,tipo,acc_anio,0.97733177193017
pca,31,0,todas_sin_costura,tipo,exacta,0.475594874923734
pca,31,0,todas_sin_costura,tipo,n_cambios_ok,0.8599755948749237
pca,31,0,todas_sin_costura,tipo,estados_ok,0.8595179987797438
pca,31,0,todas_sin_costura,tipo,err_anio_cambio,0.2985308927196256
pca,31,0,todas_sin_costura,tipo,macro_f1,0.9753564444037754
pca,31,0,dinamicas_sin_costura,px,acc_anio,0.9950744511924786
pca,31,0,dinamicas_sin_costura,px,exacta,0.8547429826747523
pca,31,0,dinamicas_sin_costura,px,n_cambios_ok,0.9786365020906599
pca,31,0,dinamicas_sin_costura,px,estados_ok,0.978629579375848
pca,31,0,dinamicas_sin_costura,px,err_anio_cambio,0.1228372573755094
pca,31,0,dinamicas_sin_costura,px,macro_f1,0.9911304723567425
pca,31,0,dinamicas_sin_costura,tipo,acc_anio,0.9773055376261968
pca,31,0,dinamicas_sin_costura,tipo,exacta,0.47502672979990834
pca,31,0,dinamicas_sin_costura,tipo,n_cambios_ok,0.85993584848022
pca,31,0,dinamicas_sin_costura,tipo,estados_ok,0.8594776233389338
pca,31,0,dinamicas_sin_costura,tipo,err_anio_cambio,0.2985308927196256
pca,31,0,dinamicas_sin_costura,tipo,macro_f1,0.9753185373955809
pca,31,0,todas,tipo,spearman_om,0.7670016932633779
pca,31,0,todas,px,spearman_om,-0.06470260751356435
pca,31,0,todas,tipo,knn10_om,0.7846173501980326
pca,31,0,todas,px,knn10_om,0.7699722369320939
pca,4,0,todas,px,acc_anio,0.8180165844477021
pca,4,0,todas,px,exacta,0.4382009649497191
pca,4,0,todas,px,n_cambios_ok,0.46135302964897673
pca,4,0,todas,px,estados_ok,0.45463198007348704
pca,4,0,todas,px,err_anio_cambio,2.2229800543506126
pca,4,0,todas,px,macro_f1,0.5417296085532343
pca,4,0,todas,px,recall_A,0.9036623135808335
pca,4,0,todas,px,recall_F,0.9733195034475914
pca,4,0,todas,px,recall_G,0.49503149840638005
pca,4,0,todas,px,recall_Wt,0.0
pca,4,0,todas,px,recall_U,0.0
pca,4,0,todas,px,recall_Sh,0.989607716748345
pca,4,0,todas,px,recall_Sp,0.5500870504923441
pca,4,0,todas,px,recall_B,0.48664031980856587
pca,4,0,todas,px,recall_Wa,0.9050315995926103
pca,4,0,todas,tipo,acc_anio,0.5377250790275185
pca,4,0,todas,tipo,exacta,0.0008943401047655552
pca,4,0,todas,tipo,n_cambios_ok,0.2872109365018526
pca,4,0,todas,tipo,estados_ok,0.06681998211319791
pca,4,0,todas,tipo,err_anio_cambio,4.034229046705055
pca,4,0,todas,tipo,macro_f1,0.39727822210038594
pca,4,0,todas,tipo,recall_A,0.6443904643543102
pca,4,0,todas,tipo,recall_F,0.805046500155305
pca,4,0,todas,tipo,recall_G,0.1610625969150412
pca,4,0,todas,tipo,recall_Wt,0.0
pca,4,0,todas,tipo,recall_U,0.0
pca,4,0,todas,tipo,recall_Sh,0.6887788283555956
pca,4,0,todas,tipo,recall_Sp,0.5842589046342398
pca,4,0,todas,tipo,recall_B,0.45078605604921396
pca,4,0,todas,tipo,recall_Wa,0.44435380491784177
pca,4,0,dinamicas,px,acc_anio,0.7130268733342848
pca,4,0,dinamicas,px,exacta,0.024372022059136897
pca,4,0,dinamicas,px,n_cambios_ok,0.38042166364078045
pca,4,0,dinamicas,px,estados_ok,0.2770603728232797
pca,4,0,dinamicas,px,err_anio_cambio,2.2229800543506126
pca,4,0,dinamicas,px,macro_f1,0.48202038935188224
pca,4,0,dinamicas,px,recall_A,0.9100307846003021
pca,4,0,dinamicas,px,recall_F,0.80399041868885
pca,4,0,dinamicas,px,recall_G,0.2659827983765229
pca,4,0,dinamicas,px,recall_Wt,0.0
pca,4,0,dinamicas,px,recall_U,0.0
pca,4,0,dinamicas,px,recall_Sh,0.7793523256914457
pca,4,0,dinamicas,px,recall_Sp,0.6229359320531466
pca,4,0,dinamicas,px,recall_B,0.5105629825651287
pca,4,0,dinamicas,px,recall_Wa,0.5825193779420849
pca,4,0,dinamicas,tipo,acc_anio,0.5376550392394721
pca,4,0,dinamicas,tipo,exacta,0.0006395497569710924
pca,4,0,dinamicas,tipo,n_cambios_ok,0.28728575083141467
pca,4,0,dinamicas,tipo,estados_ok,0.06664108467638782
pca,4,0,dinamicas,tipo,err_anio_cambio,4.034229046705055
pca,4,0,dinamicas,tipo,macro_f1,0.3971077649660211
pca,4,0,dinamicas,tipo,recall_A,0.6441636276255901
pca,4,0,dinamicas,tipo,recall_F,0.8049360146252286
pca,4,0,dinamicas,tipo,recall_G,0.16061287027579163
pca,4,0,dinamicas,tipo,recall_Wt,0.0
pca,4,0,dinamicas,tipo,recall_U,0.0
pca,4,0,dinamicas,tipo,recall_Sh,0.6885373119383182
pca,4,0,dinamicas,tipo,recall_Sp,0.5843015453046513
pca,4,0,dinamicas,tipo,recall_B,0.4507359053347025
pca,4,0,dinamicas,tipo,recall_Wa,0.4434650633354737
pca,4,0,constantes,px,acc_anio,0.8253183155303317
pca,4,0,constantes,px,exacta,0.46698157233639637
pca,4,0,constantes,px,n_cambios_ok,0.46698157233639637
pca,4,0,constantes,px,estados_ok,0.46698157233639637
pca,4,0,constantes,px,err_anio_cambio,
pca,4,0,constantes,px,macro_f1,0.5467388209943675
pca,4,0,constantes,tipo,acc_anio,0.5985663082437276
pca,4,0,constantes,tipo,exacta,0.2222222222222222
pca,4,0,constantes,tipo,n_cambios_ok,0.2222222222222222
pca,4,0,constantes,tipo,estados_ok,0.2222222222222222
pca,4,0,constantes,tipo,err_anio_cambio,
pca,4,0,constantes,tipo,macro_f1,0.5267918410379094
pca,4,0,todas_sin_costura,px,acc_anio,0.8185663214584799
pca,4,0,todas_sin_costura,px,exacta,0.440376724927531
pca,4,0,todas_sin_costura,px,n_cambios_ok,0.4618320518204683
pca,4,0,todas_sin_costura,px,estados_ok,0.45581796183070106
pca,4,0,todas_sin_costura,px,err_anio_cambio,2.22322056431969
pca,4,0,todas_sin_costura,px,macro_f1,0.5419399380216418
pca,4,0,todas_sin_costura,tipo,acc_anio,0.5359631167706509
pca,4,0,todas_sin_costura,tipo,exacta,0.000762660158633313
pca,4,0,todas_sin_costura,tipo,n_cambios_ok,0.28767541183648565
pca,4,0,todas_sin_costura,tipo,estados_ok,0.06757169005491154
pca,4,0,todas_sin_costura,tipo,err_anio_cambio,3.9901738473167043
pca,4,0,todas_sin_costura,tipo,macro_f1,0.3972111250485086
pca,4,0,dinamicas_sin_costura,px,acc_anio,0.7134321509931939
pca,4,0,dinamicas_sin_costura,px,exacta,0.02611709541347068
pca,4,0,dinamicas_sin_costura,px,n_cambios_ok,0.3816497290910937
pca,4,0,dinamicas_sin_costura,px,estados_ok,0.28199124968847783
pca,4,0,dinamicas_sin_costura,px,err_anio_cambio,2.22322056431969
pca,4,0,dinamicas_sin_costura,px,macro_f1,0.48008982484260915
pca,4,0,dinamicas_sin_costura,tipo,acc_anio,0.5358770577018778
pca,4,0,dinamicas_sin_costura,tipo,exacta,0.00045822514128608525
pca,4,0,dinamicas_sin_costura,tipo,n_cambios_ok,0.2877653887276615
pca,4,0,dinamicas_sin_costura,tipo,estados_ok,0.06735909576905452
pca,4,0,dinamicas_sin_costura,tipo,err_anio_cambio,3.9901738473167043
pca,4,0,dinamicas_sin_costura,tipo,macro_f1,0.39700976644646646
pca,4,0,todas,tipo,spearman_om,0.6381568419123397
pca,4,0,todas,px,spearman_om,-0.28457103072778306
pca,4,0,todas,tipo,knn10_om,0.4031557429411013
pca,4,0,todas,px,knn10_om,0.5407775903714425
pca,7,0,todas,px,acc_anio,0.9599034415399783
pca,7,0,todas,px,exacta,0.9100876544537675
pca,7,0,todas,px,n_cambios_ok,0.9694179482776065
pca,7,0,todas,px,estados_ok,0.937756223231771
pca,7,0,todas,px,err_anio_cambio,1.848870186350003
pca,7,0,todas,px,macro_f1,0.7200087893817344
pca,7,0,todas,px,recall_A,0.995065856848271
pca,7,0,todas,px,recall_F,0.9824877720821178
pca,7,0,todas,px,recall_G,0.9790974694444955
pca,7,0,todas,px,recall_Wt,0.007382027270869725
pca,7,0,todas,px,recall_U,0.0
pca,7,0,todas,px,recall_Sh,0.9946566227244856
pca,7,0,todas,px,recall_Sp,0.9939945568512284
pca,7,0,todas,px,recall_B,0.982324574538686
pca,7,0,todas,px,recall_Wa,0.9839864270417789
pca,7,0,todas,tipo,acc_anio,0.6646471890107444
pca,7,0,todas,tipo,exacta,0.0031940718027341254
pca,7,0,todas,tipo,n_cambios_ok,0.2092755845151399
pca,7,0,todas,tipo,estados_ok,0.08853967037178996
pca,7,0,todas,tipo,err_anio_cambio,2.9693877551020407
pca,7,0,todas,tipo,macro_f1,0.5327795968389212
pca,7,0,todas,tipo,recall_A,0.6549824878544798
pca,7,0,todas,tipo,recall_F,0.8454440810509584
pca,7,0,todas,tipo,recall_G,0.6330286460458663
pca,7,0,todas,tipo,recall_Wt,0.016585084940973223
pca,7,0,todas,tipo,recall_U,0.0
pca,7,0,todas,tipo,recall_Sh,0.7722247235979789
pca,7,0,todas,tipo,recall_Sp,0.7401761777096898
pca,7,0,todas,tipo,recall_B,0.7003710575139147
pca,7,0,todas,tipo,recall_Wa,0.6679291457872043
pca,7,0,dinamicas,px,acc_anio,0.8180671529531192
pca,7,0,dinamicas,px,exacta,0.051962990427971124
pca,7,0,dinamicas,px,n_cambios_ok,0.5516761705065589
pca,7,0,dinamicas,px,estados_ok,0.4774707852814074
pca,7,0,dinamicas,px,err_anio_cambio,1.848870186350003
pca,7,0,dinamicas,px,macro_f1,0.6170996996784992
pca,7,0,dinamicas,px,recall_A,0.9230786072383887
pca,7,0,dinamicas,px,recall_F,0.8713455555346609
pca,7,0,dinamicas,px,recall_G,0.7521658534210224
pca,7,0,dinamicas,px,recall_Wt,0.06398777823244142
pca,7,0,dinamicas,px,recall_U,0.0
pca,7,0,dinamicas,px,recall_Sh,0.8865500737186258
pca,7,0,dinamicas,px,recall_Sp,0.7366405995088066
pca,7,0,dinamicas,px,recall_B,0.8296378694119261
pca,7,0,dinamicas,px,recall_Wa,0.8143907693748024
pca,7,0,dinamicas,tipo,acc_anio,0.6645169542577509
pca,7,0,dinamicas,tipo,exacta,0.0023023791250959325
pca,7,0,dinamicas,tipo,n_cambios_ok,0.2084932207725761
pca,7,0,dinamicas,tipo,estados_ok,0.08774622665643388
pca,7,0,dinamicas,tipo,err_anio_cambio,2.9693877551020407
pca,7,0,dinamicas,tipo,macro_f1,0.5325882543425113
pca,7,0,dinamicas,tipo,recall_A,0.6546801232578521
pca,7,0,dinamicas,tipo,recall_F,0.8453564899451554
pca,7,0,dinamicas,tipo,recall_G,0.6325638406537283
pca,7,0,dinamicas,tipo,recall_Wt,0.016614745586708203
pca,7,0,dinamicas,tipo,recall_U,0.0
pca,7,0,dinamicas,tipo,recall_Sh,0.772047963551706
pca,7,0,dinamicas,tipo,recall_Sp,0.739867326201158
pca,7,0,dinamicas,tipo,recall_B,0.6999168744804655
pca,7,0,dinamicas,tipo,recall_Wa,0.6673282353627926
pca,7,0,constantes,px,acc_anio,0.9697677456326023
pca,7,0,constantes,px,exacta,0.9697677456326023
pca,7,0,constantes,px,n_cambios_ok,0.9984706820256662
pca,7,0,constantes,px,estados_ok,0.9697677456326023
pca,7,0,constantes,px,err_anio_cambio,
pca,7,0,constantes,px,macro_f1,0.7272537838383379
pca,7,0,constantes,tipo,acc_anio,0.7777777777777778
pca,7,0,constantes,tipo,exacta,0.7777777777777778
pca,7,0,constantes,tipo,n_cambios_ok,0.8888888888888888
pca,7,0,constantes,tipo,estados_ok,0.7777777777777778
pca,7,0,constantes,tipo,err_anio_cambio,
pca,7,0,constantes,tipo,macro_f1,0.7010735373054213
pca,7,0,todas_sin_costura,px,acc_anio,0.9607117564356725
pca,7,0,todas_sin_costura,px,exacta,0.9142589590202841
pca,7,0,todas_sin_costura,px,n_cambios_ok,0.9721168286095757
pca,7,0,todas_sin_costura,px,estados_ok,0.941000016459943
pca,7,0,todas_sin_costura,px,err_anio_cambio,1.8597394319132725
pca,7,0,todas_sin_costura,px,macro_f1,0.7205268265326692
pca,7,0,todas_sin_costura,tipo,acc_anio,0.6643114408864572
pca,7,0,todas_sin_costura,tipo,exacta,0.0035082367297132396
pca,7,0,todas_sin_costura,tipo,n_cambios_ok,0.21522269676632091
pca,7,0,todas_sin_costura,tipo,estados_ok,0.09090909090909091
pca,7,0,todas_sin_costura,tipo,err_anio_cambio,2.9855687606112054
pca,7,0,todas_sin_costura,tipo,macro_f1,0.5336208837196152
pca,7,0,dinamicas_sin_costura,px,acc_anio,0.8197024632061429
pca,7,0,dinamicas_sin_costura,px,exacta,0.04994092616693896
pca,7,0,dinamicas_sin_costura,px,n_cambios_ok,0.5617653845798836
pca,7,0,dinamicas_sin_costura,px,estados_ok,0.49306251672989415
pca,7,0,dinamicas_sin_costura,px,err_anio_cambio,1.8597394319132725
pca,7,0,dinamicas_sin_costura,px,macro_f1,0.6146774827770408
pca,7,0,dinamicas_sin_costura,tipo,acc_anio,0.6641554615016974
pca,7,0,dinamicas_sin_costura,tipo,exacta,0.0024438674201924544
pca,7,0,dinamicas_sin_costura,tipo,n_cambios_ok,0.21429662440812586
pca,7,0,dinamicas_sin_costura,tipo,estados_ok,0.08996486940583473
pca,7,0,dinamicas_sin_costura,tipo,err_anio_cambio,2.9855687606112054
pca,7,0,dinamicas_sin_costura,tipo,macro_f1,0.5333921116811369
pca,7,0,todas,tipo,spearman_om,0.6915449835970958
pca,7,0,todas,px,spearman_om,0.24998930794774496
pca,7,0,todas,tipo,knn10_om,0.5318129551552319
pca,7,0,todas,px,knn10_om,0.6278109326845022
