traj_id,seqs,n_px,n_cambios,constante,visto_en_train,costura,solo_costura
0,Wa-Wa-Wa-Wa-Wa-Wa-Wa-Wa-Wa-Wa-Wa-Wa-Wa-Wa-Wa-Wa-Wa-Wa-Wa-Wa-Wa-Wa-Wa,42998118,0,True,True,False,False
1,Sh-Sh-Sh-Sh-Sh-Sh-Sh-Sh-Sh-Sh-Sh-Sh-Sh-Sh-Sh-Sh-Sh-Sh-Sh-Sh-Sh-Sh-Sh,14571600,0,True,True,False,False
2,A-A-A-A-A-A-A-A-A-A-A-A-A-A-A-A-A-A-A-A-A-A-A,11988417,0,True,True,False,False
3,F-F-F-F-F-F-F-F-F-F-F-F-F-F-F-F-F-F-F-F-F-F-F,10339646,0,True,True,False,False
4,Sp-Sp-Sp-Sp-Sp-Sp-Sp-Sp-Sp-Sp-Sp-Sp-Sp-Sp-Sp-Sp-Sp-Sp-Sp-Sp-Sp-Sp-Sp,8110447,0,True,True,False,False
5,G-G-G-G-G-G-G-G-G-G-G-G-G-G-G-G-G-G-G-G-G-G-G,3906946,0,True,True,False,False
6,B-B-B-B-B-B-B-B-B-B-B-B-B-B-B-B-B-B-B-B-B-B-B,3125973,0,True,True,False,False
7,Wt-Wt-Wt-Wt-Wt-Wt-Wt-Wt-Wt-Wt-Wt-Wt-Wt-Wt-Wt-Wt-Wt-Wt-Wt-Wt-Wt-Wt-Wt,1413796,0,True,True,False,False
8,B-B-B-B-B-B-B-B-B-B-B-B-B-B-B-B-B-B-B-Sp-Sp-Sp-Sp,105051,1,False,True,False,False
9,F-F-F-F-F-F-F-F-F-F-Sh-Sh-Sh-Sh-Sh-Sh-Sh-Sh-Sh-Sh-Sh-Sh-Sh,101754,1,False,True,False,False
10,U-U-U-U-U-U-U-U-U-U-U-U-U-U-U-U-U-U-U-U-U-U-U,98373,0,True,True,False,False
11,F-F-F-F-F-F-F-F-Sh-Sh-Sh-Sh-Sh-Sh-Sh-Sh-Sh-Sh-Sh-Sh-Sh-Sh-Sh,82784,1,False,True,False,False
12,F-F-F-F-F-F-F-Sh-Sh-Sh-Sh-Sh-Sh-Sh-Sh-Sh-Sh-Sh-Sh-Sh-Sh-Sh-Sh,76232,1,False,True,False,False
13,F-F-F-F-F-F-F-F-F-Sh-Sh-Sh-Sh-Sh-Sh-Sh-Sh-Sh-Sh-Sh-Sh-Sh-Sh,65949,1,False,True,False,False
14,F-F-F-F-Sh-Sh-Sh-Sh-Sh-Sh-Sh-Sh-Sh-Sh-Sh-Sh-Sh-Sh-Sh-Sh-Sh-Sh-Sh,62148,1,False,True,False,False
15,F-A-A-A-A-A-A-A-A-A-A-A-A-A-A-A-A-A-A-A-A-A-A,60388,1,False,True,False,False
16,F-F-F-A-A-A-A-A-A-A-A-A-A-A-A-A-A-A-A-A-A-A-A,50801,1,False,True,False,False
17,F-F-F-F-A-A-A-A-A-A-A-A-A-A-A-A-A-A-A-A-A-A-A,49433,1,False,True,False,False
18,F-F-F-F-F-F-F-F-F-F-F-F-Sh-Sh-Sh-Sh-Sh-Sh-Sh-Sh-Sh-Sh-Sh,47895,1,False,True,False,False
19,F-Sh-Sh-Sh-Sh-Sh-Sh-Sh-Sh-Sh-Sh-Sh-Sh-Sh-Sh-Sh-Sh-Sh-Sh-Sh-Sh-Sh-Sh,47881,1,False,True,False,False
20,F-F-F-F-F-F-F-F-F-F-F-F-F-F-F-F-F-F-Sh-Sh-Sh-Sh-Sh,45342,1,False,True,False,False
21,F-F-F-F-F-F-F-F-F-F-F-Sh-Sh-Sh-Sh-Sh-Sh-Sh-Sh-Sh-Sh-Sh-Sh,44860,1,False,True,False,False
22,F-F-F-Sh-Sh-Sh-Sh-Sh-Sh-Sh-Sh-Sh-Sh-Sh-Sh-Sh-Sh-Sh-Sh-Sh-Sh-Sh-Sh,43076,1,False,True,False,False
23,F-F-F-F-F-Sh-Sh-Sh-Sh-Sh-Sh-Sh-Sh-Sh-Sh-Sh-Sh-Sh-Sh-Sh-Sh-Sh-Sh,41412,1,False,True,False,False
24,Sh-A-A-A-A-A-A-A-A-A-A-A-A-A-A-A-A-A-A-A-A-A-A,41323,1,False,True,False,False
25,B-B-B-B-B-B-B-B-B-B-B-B-B-B-B-B-B-B-Sp-Sp-Sp-Sp-Sp,40584,1,False,True,False,False
26,F-F-F-F-F-F-Sh-Sh-Sh-Sh-Sh-Sh-Sh-Sh-Sh-Sh-Sh-Sh-Sh-Sh-Sh-Sh-Sh,39718,1,False,True,False,False
27,Sh-Sh-Sh-Sh-Sh-Sh-Sh-Sh-Sh-Sh-Sh-Sh-Sh-Sh-Sh-Sh-F-F-F-F-F-F-F,39616,1,False,True,True,True
28,F-F-F-F-F-A-A-A-A-A-A-A-A-A-A-A-A-A-A-A-A-A-A,35487,1,False,True,False,False
29,Sh-Sh-Sh-Sh-F-F-F-F-F-F-F-F-F-F-F-F-F-F-F-F-F-F-F,35228,1,False,True,False,False
30,F-F-F-F-F-F-F-F-F-F-F-F-F-F-F-F-F-F-F-Sh-Sh-Sh-Sh,34989,1,False,True,False,False
31,F-F-A-A-A-A-A-A-A-A-A-A-A-A-A-A-A-A-A-A-A-A-A,34632,1,False,True,False,False
32,A-A-A-A-A-A-A-A-A-A-A-A-A-A-A-A-F-F-F-F-F-F-F,32655,1,False,True,True,True
33,B-B-B-B-B-B-B-B-B-B-B-B-B-B-B-B-B-B-B-B-B-Sp-Sp,30991,1,False,True,False,False
34,Sh-Sh-Sh-Sh-Sh-Sh-Sh-Sh-Sh-Sh-Sh-Sh-Sh-Sh-Sh-Sh-Sh-Sh-Sh-F-F-F-F,30843,1,False,True,False,False
35,F-F-F-F-F-F-F-F-F-F-F-F-F-F-Sh-Sh-Sh-Sh-Sh-Sh-Sh-Sh-Sh,30160,1,False,True,False,False
36,F-Wt-Wt-Wt-Wt-Wt-Wt-Wt-Wt-Wt-Wt-Wt-Wt-Wt-Wt-Wt-Wt-Wt-Wt-Wt-Wt-Wt-Wt,28027,1,False,True,False,False
37,A-A-A-A-F-F-F-F-F-F-F-F-F-F-F-F-F-F-F-F-F-F-F,27492,1,False,True,False,False
38,B-B-B-B-B-B-B-B-B-B-B-B-B-B-B-B-B-B-B-B-Sp-Sp-Sp,26843,1,False,True,False,False
39,F-F-Sh-Sh-Sh-Sh-Sh-Sh-Sh-Sh-Sh-Sh-Sh-Sh-Sh-Sh-Sh-Sh-Sh-Sh-Sh-Sh-Sh,24739,1,False,True,False,False
40,F-F-F-F-F-F-F-F-F-F-A-A-A-A-A-A-A-A-A-A-A-A-A,24363,1,False,True,False,False
41,F-F-F-F-F-F-F-F-A-A-A-A-A-A-A-A-A-A-A-A-A-A-A,23508,1,False,True,False,False
42,F-F-F-F-F-F-F-F-F-F-F-F-F-F-F-F-A-A-A-A-A-A-A,22992,1,False,True,True,True
43,A-A-A-A-A-A-A-A-A-A-A-A-A-A-A-A-A-A-A-F-F-F-F,22809,1,False,True,False,False
44,F-F-F-F-F-F-F-A-A-A-A-A-A-A-A-A-A-A-A-A-A-A-A,22691,1,False,True,False,False
45,F-F-F-F-F-F-A-A-A-A-A-A-A-A-A-A-A-A-A-A-A-A-A,21242,1,False,True,False,False
46,F-F-F-F-F-F-F-F-F-F-F-F-F-Sh-Sh-Sh-Sh-Sh-Sh-Sh-Sh-Sh-Sh,19838,1,False,True,False,False
47,F-F-F-F-F-F-F-F-F-F-F-F-F-F-F-F-F-F-A-A-A-A-A,19770,1,False,True,False,False
48,F-F-F-F-F-F-F-F-F-F-F-F-F-F-F-F-F-F-F-F-F-A-A,19462,1,False,True,False,False
49,Sh-Sh-Sh-Sh-Sh-Sh-Sh-Sh-Sh-Sh-F-F-F-F-F-F-F-F-F-F-F-F-F,18508,1,False,True,False,False
50,A-A-A-A-A-A-A-A-A-A-F-F-F-F-F-F-F-F-F-F-F-F-F,18403,1,False,True,False,False
51,A-A-A-A-A-A-A-A-A-A-A-A-A-A-F-F-F-F-F-F-F-F-F,18145,1,False,True,False,False
52,F-F-F-F-F-F-F-F-F-F-F-F-F-F-F-F-Sh-Sh-Sh-Sh-Sh-Sh-Sh,18046,1,False,True,True,True
53,Sh-Sh-Sh-Sh-Sh-Sh-Sh-Sh-Sh-Sh-Sh-Sh-Sh-Sh-F-F-F-F-F-F-F-F-F,17876,1,False,True,False,False
54,Sh-Sh-Sh-Sh-Sh-Sh-Sh-Sh-Sh-Sh-Sh-Sh-Sh-Sh-Sh-Sh-Sh-Sh-Sh-Sh-Sh-Sh-F,17808,1,False,True,False,False
55,A-A-A-A-A-A-A-A-A-A-A-A-A-A-A-A-A-A-A-A-A-A-F,17698,1,False,True,False,False
56,F-F-F-F-F-F-F-F-F-F-F-F-F-F-F-F-F-F-F-F-F-Sh-Sh,17652,1,False,True,False,False
57,B-B-B-B-B-B-B-B-B-B-B-B-B-B-B-B-B-B-B-B-B-B-Sp,17529,1,False,True,False,False
58,F-F-F-F-F-F-F-F-F-F-F-F-F-F-F-F-F-F-F-F-F-F-Sh,17179,1,False,True,False,False
59,A-A-A-A-A-A-A-F-F-F-F-F-F-F-F-F-F-F-F-F-F-F-F,15901,1,False,True,False,False
60,F-F-F-F-F-F-F-F-F-F-F-F-F-F-F-F-F-F-F-F-Sh-Sh-Sh,15596,1,False,True,False,False
61,A-A-A-A-A-A-A-A-A-A-A-A-A-A-A-A-A-A-A-A-F-F-F,15332,1,False,True,False,False
62,F-F-F-F-F-F-F-F-F-A-A-A-A-A-A-A-A-A-A-A-A-A-A,15291,1,False,True,False,False
63,Sh-Sh-Sh-Sh-Sh-Sh-Sh-Sh-Sh-Sh-Sh-Sh-Sh-Sh-Sh-Sh-Sh-Sh-Sh-Sh-F-F-F,14649,1,False,True,False,False
64,F-F-F-F-F-F-F-F-F-F-F-A-A-A-A-A-A-A-A-A-A-A-A,14473,1,False,True,False,False
65,F-F-F-Wt-Wt-Wt-Wt-Wt-Wt-Wt-Wt-Wt-Wt-Wt-Wt-Wt-Wt-Wt-Wt-Wt-Wt-Wt-Wt,14395,1,False,True,False,False
66,Sh-Sh-Sh-Sh-Sh-Sh-Sh-Sh-Sh-Sh-Sh-Sh-Sh-Sh-Sh-Sh-Sh-Sh-F-F-F-F-F,14335,1,False,True,False,False
67,A-F-F-F-F-F-F-F-F-F-F-F-F-F-F-F-F-F-F-F-F-F-F,13919,1,False,True,False,False
68,Sh-F-F-F-F-F-F-F-F-F-F-F-F-F-F-F-F-F-F-F-F-F-F,13700,1,False,True,False,False
69,Sh-Sh-A-A-A-A-A-A-A-A-A-A-A-A-A-A-A-A-A-A-A-A-A,13621,1,False,True,False,False
70,Sh-Sh-Sh-Sh-Sh-Sh-Sh-F-F-F-F-F-F-F-F-F-F-F-F-F-F-F-F,12951,1,False,True,False,False
71,Sh-Sh-Sh-Sh-Sh-Sh-Sh-Sh-Sh-Sh-Sh-Sh-Sh-Sh-Sh-Sh-Sh-F-F-F-F-F-F,12497,1,False,True,False,False
72,A-A-A-A-A-A-A-A-A-F-F-F-F-F-F-F-F-F-F-F-F-F-F,12445,1,False,True,False,False
73,B-B-B-B-B-B-B-B-B-B-B-Sp-Sp-Sp-Sp-Sp-Sp-Sp-Sp-Sp-Sp-Sp-Sp,12441,1,False,True,False,False
74,B-B-B-B-B-B-B-B-Sp-Sp-Sp-Sp-Sp-Sp-Sp-Sp-Sp-Sp-Sp-Sp-Sp-Sp-Sp,11849,1,False,True,False,False
75,F-F-F-F-F-F-F-F-F-F-F-F-A-A-A-A-A-A-A-A-A-A-A,11835,1,False,True,False,False
76,F-F-F-F-F-F-F-F-F-F-F-F-F-F-F-F-F-Sh-Sh-Sh-Sh-Sh-Sh,11733,1,False,True,False,False
77,B-B-B-B-B-B-B-B-B-B-B-B-Sp-Sp-Sp-Sp-Sp-Sp-Sp-Sp-Sp-Sp-Sp,11666,1,False,True,False,False
78,B-B-B-B-Sp-Sp-Sp-Sp-Sp-Sp-Sp-Sp-Sp-Sp-Sp-Sp-Sp-Sp-Sp-Sp-Sp-Sp-Sp,11608,1,False,True,False,False
79,Wt-Wt-Wt-Wt-F-F-F-F-F-F-F-F-F-F-F-F-F-F-F-F-F-F-F,11444,1,False,True,False,False
80,Sh-Sh-Sh-Sh-Sh-Sh-F-F-F-F-F-F-F-F-F-F-F-F-F-F-F-F-F,11303,1,False,True,False,False
81,A-A-A-A-A-A-A-A-F-F-F-F-F-F-F-F-F-F-F-F-F-F-F,11206,1,False,True,False,False
82,Sh-Sh-Sh-F-F-F-F-F-F-F-F-F-F-F-F-F-F-F-F-F-F-F-F,10988,1,False,True,False,False
83,F-F-F-F-F-F-F-F-F-F-F-F-F-F-F-F-F-F-F-A-A-A-A,10934,1,False,True,False,False
84,A-A-A-A-A-A-A-A-A-A-A-A-A-A-A-A-A-A-F-F-F-F-F,10566,1,False,True,False,False
85,A-A-A-A-A-A-A-A-A-A-A-A-F-F-F-F-F-F-F-F-F-F-F,10219,1,False,True,False,False
86,Sh-Sh-Sh-Sh-Sh-Sh-Sh-Sh-Sh-F-F-F-F-F-F-F-F-F-F-F-F-F-F,10201,1,False,True,False,False
87,F-F-F-F-F-F-F-F-Wt-Wt-Wt-Wt-Wt-Wt-Wt-Wt-Wt-Wt-Wt-Wt-Wt-Wt-Wt,10181,1,False,True,False,False
88,A-A-A-F-F-F-F-F-F-F-F-F-F-F-F-F-F-F-F-F-F-F-F,10031,1,False,True,False,False
89,Sh-Sh-Sh-Sh-Sh-Sh-Sh-Sh-F-F-F-F-F-F-F-F-F-F-F-F-F-F-F,10024,1,False,True,False,False
90,F-F-F-F-F-F-F-F-F-F-F-F-F-F-F-F-F-A-A-A-A-A-A,9978,1,False,True,False,False
91,Wt-Wt-Wt-Wt-Wt-Wt-Wt-Wt-Wt-Wt-Wt-Wt-Wt-Wt-Wt-Wt-F-F-F-F-F-F-F,9854,1,False,True,True,True
92,A-A-A-A-A-F-F-F-F-F-F-F-F-F-F-F-F-F-F-F-F-F-F,9793,1,False,True,False,False
93,Sp-Sp-B-B-B-B-B-B-B-B-B-B-B-B-B-B-B-B-B-B-B-B-B,9744,1,False,True,False,False
94,Wt-Wt-Wt-Wt-Wt-Wt-Wt-Wt-Wt-Wt-F-F-F-F-F-F-F-F-F-F-F-F-F,9687,1,False,True,False,False
95,Sh-Sh-Sh-A-A-A-A-A-A-A-A-A-A-A-A-A-A-A-A-A-A-A-A,9637,1,False,True,False,False
96,F-F-F-F-F-F-F-F-F-F-F-F-F-F-A-A-A-A-A-A-A-A-A,9564,1,False,True,False,False
97,Sh-Sh-Sh-Sh-Sh-Sh-Sh-A-A-A-A-A-A-A-A-A-A-A-A-A-A-A-A,9371,1,False,True,False,False
98,Sh-Sh-Sh-Sh-Sh-Sh-Sh-Sh-Sh-Sh-Sh-Sh-Sh-Sh-Sh-Sh-Sh-Sh-Sh-Sh-Sh-F-F,9335,1,False,True,False,False
99,A-A-A-A-A-A-A-A-A-A-A-A-A-A-A-A-A-F-F-F-F-F-F,9184,1,False,True,False,False
100,F-F-F-F-F-F-F-F-F-F-F-F-F-F-F-F-F-F-F-F-F-F-A,9171,1,False,True,False,False
101,A-A-A-A-A-A-F-F-F-F-F-F-F-F-F-F-F-F-F-F-F-F-F,9121,1,False,True,False,False
102,Sh-Sh-Sh-Sh-Sh-F-F-F-F-F-F-F-F-F-F-F-F-F-F-F-F-F-F,9038,1,False,True,False,False
103,A-A-A-A-A-A-A-A-A-A-A-A-A-A-A-A-A-A-A-A-A-F-F,8794,1,False,True,False,False
104,Sh-Sh-Sh-Sh-Sh-Sh-Sh-Sh-Sh-Sh-A-A-A-A-A-A-A-A-A-A-A-A-A,8599,1,False,True,False,False
105,A-A-F-F-F-F-F-F-F-F-F-F-F-F-F-F-F-F-F-F-F-F-F,8543,1,False,True,False,False
106,F-F-F-F-F-F-F-Wt-Wt-Wt-Wt-Wt-Wt-Wt-Wt-Wt-Wt-Wt-Wt-Wt-Wt-Wt-Wt,8196,1,False,True,False,False
107,G-G-G-G-G-G-G-G-Sp-Sp-Sp-Sp-Sp-Sp-Sp-Sp-Sp-Sp-Sp-Sp-Sp-Sp-Sp,8195,1,False,True,False,False
108,Sh-Sh-Sh-Sh-Sh-Sh-Sh-Sh-A-A-A-A-A-A-A-A-A-A-A-A-A-A-A,7908,1,False,True,False,False
109,Sh-Sh-Sh-Sh-Sh-A-A-A-A-A-A-A-A-A-A-A-A-A-A-A-A-A-A,7891,1,False,True,False,False
110,Sh-Sh-F-F-F-F-F-F-F-F-F-F-F-F-F-F-F-F-F-F-F-F-F,7868,1,False,True,False,False
111,Sh-Sh-Sh-Sh-Sh-Sh-Sh-Sh-Sh-Sh-Sh-Sh-F-F-F-F-F-F-F-F-F-F-F,7515,1,False,True,False,False
112,Sh-Sh-Sh-Sh-Sh-Sh-A-A-A-A-A-A-A-A-A-A-A-A-A-A-A-A-A,7483,1,False,True,False,False
113,F-F-Wt-Wt-Wt-Wt-Wt-Wt-Wt-Wt-Wt-Wt-Wt-Wt-Wt-Wt-Wt-Wt-Wt-Wt-Wt-Wt-Wt,7373,1,False,True,False,False
114,Sh-Sh-Sh-Sh-Sh-Sh-Sh-Sh-Sh-A-A-A-A-A-A-A-A-A-A-A-A-A-A,7163,1,False,True,False,False
115,Sh-Sh-Sh-Sh-A-A-A-A-A-A-A-A-A-A-A-A-A-A-A-A-A-A-A,7157,1,False,True,False,False
116,Sh-Sh-Sh-Sh-Sh-Sh-Sh-Sh-Sh-Sh-Sh-F-F-F-F-F-F-F-F-F-F-F-F,6407,1,False,True,False,False
117,B-B-B-B-B-B-B-Sp-Sp-Sp-Sp-Sp-Sp-Sp-Sp-Sp-Sp-Sp-Sp-Sp-Sp-Sp-Sp,6397,1,False,True,False,False
118,Sh-Sh-Sh-Sh-Sh-Sh-Sh-Sh-Sh-Sh-Sh-Sh-Sh-Sh-Sh-Sh-Sh-Sh-Sh-A-A-A-A,6284,1,False,True,False,False
119,F-F-F-F-F-F-F-F-F-F-F-F-F-A-A-A-A-A-A-A-A-A-A,6055,1,False,True,False,False
120,Wa-Wa-Wa-Wa-Wt-Wt-Wt-Wt-Wt-Wt-Wt-Wt-Wt-Wt-Wt-Wt-Wt-Wt-Wt-Wt-Wt-Wt-Wt,6050,1,False,True,False,False
121,F-F-F-F-F-F-F-F-F-F-F-F-F-F-F-F-F-F-F-F-A-A-A,5931,1,False,True,False,False
122,A-A-A-A-A-A-A-A-A-A-A-A-A-U-U-U-U-U-U-U-U-U-U,5872,1,False,True,False,False
123,G-G-G-G-G-G-Sp-Sp-Sp-Sp-Sp-Sp-Sp-Sp-Sp-Sp-Sp-Sp-Sp-Sp-Sp-Sp-Sp,5760,1,False,True,False,False
124,Wt-F-F-F-F-F-F-F-F-F-F-F-F-F-F-F-F-F-F-F-F-F-F,5644,1,False,True,False,False
125,Sh-Sh-Sh-Sh-Sh-Sh-Sh-Sh-Sh-Sh-Sh-Sh-Sh-F-F-F-F-F-F-F-F-F-F,5630,1,False,True,False,False
126,B-B-B-B-B-B-B-B-B-Sp-Sp-Sp-Sp-Sp-Sp-Sp-Sp-Sp-Sp-Sp-Sp-Sp-Sp,5463,1,False,True,False,False
127,Wt-Wt-Wt-F-F-F-F-F-F-F-F-F-F-F-F-F-F-F-F-F-F-F-F,5406,1,False,True,False,False
128,Sp-G-G-G-G-G-G-G-G-G-G-G-G-G-G-G-G-G-G-G-G-G-G,5302,1,False,True,False,False
129,A-A-A-A-A-A-A-A-A-A-A-A-A-F-F-F-F-F-F-F-F-F-F,5286,1,False,True,False,False
130,Wt-Wt-Wt-Wt-Wt-Wt-Wt-Wt-Wt-Wt-Wt-Wt-Wt-Wt-F-F-F-F-F-F-F-F-F,5133,1,False,True,False,False
131,G-G-G-G-G-G-G-Sp-Sp-Sp-Sp-Sp-Sp-Sp-Sp-Sp-Sp-Sp-Sp-Sp-Sp-Sp-Sp,4831,1,False,True,False,False
132,A-A-A-A-A-A-A-A-A-A-A-A-A-A-A-A-A-A-A-A-A-A-U,4820,1,False,True,False,False
133,F-F-F-F-F-F-F-F-F-F-Wt-Wt-Wt-Wt-Wt-Wt-Wt-Wt-Wt-Wt-Wt-Wt-Wt,4789,1,False,True,False,False
134,Sp-Sp-Sp-B-B-B-B-B-B-B-B-B-B-B-B-B-B-B-B-B-B-B-B,4770,1,False,True,False,False
135,G-G-G-G-G-G-G-G-G-G-G-G-G-G-G-G-Sp-Sp-Sp-Sp-Sp-Sp-Sp,4760,1,False,True,True,True
136,A-A-A-A-A-A-A-Sh-Sh-Sh-Sh-Sh-Sh-Sh-Sh-Sh-Sh-Sh-Sh-Sh-Sh-Sh-Sh,4732,1,False,True,False,False
137,Sp-B-B-B-B-B-B-B-B-B-B-B-B-B-B-B-B-B-B-B-B-B-B,4678,1,False,True,False,False
138,G-G-G-G-G-G-G-G-G-G-G-G-G-G-G-G-G-G-G-G-F-F-F,4563,1,False,True,False,False
139,Wa-Wa-Wa-Wa-Wa-Wa-Wt-Wt-Wt-Wt-Wt-Wt-Wt-Wt-Wt-Wt-Wt-Wt-Wt-Wt-Wt-Wt-Wt,4559,1,False,True,False,False
140,B-B-B-B-B-B-B-B-B-B-B-B-B-B-B-B-Sp-Sp-Sp-Sp-Sp-Sp-Sp,4508,1,False,True,True,True
141,G-G-G-G-G-G-G-G-G-G-G-Sp-Sp-Sp-Sp-Sp-Sp-Sp-Sp-Sp-Sp-Sp-Sp,4447,1,False,True,False,False
142,G-G-G-G-G-G-G-G-G-G-G-G-G-G-G-G-G-G-G-F-F-F-F,4334,1,False,True,False,False
143,F-F-F-F-F-F-F-F-F-Wt-Wt-Wt-Wt-Wt-Wt-Wt-Wt-Wt-Wt-Wt-Wt-Wt-Wt,4253,1,False,True,False,False
144,Wt-Wt-Wt-Wt-Wt-Wt-Wt-Wt-Wt-Wt-Wt-Wt-Wt-Wt-Wt-Wt-Wt-Wt-Wt-F-F-F-F,4190,1,False,True,False,False
145,Wa-Wa-Wa-Wa-Wa-Wa-Wa-Wa-Wa-Sp-Sp-Sp-Sp-Sp-Sp-Sp-Sp-Sp-Sp-Sp-Sp-Sp-Sp,4096,1,False,True,False,False
146,G-G-G-G-G-G-G-G-G-G-G-G-G-G-G-G-G-G-G-G-G-G-F,4009,1,False,True,False,False
147,A-A-A-A-A-A-A-A-A-A-A-F-F-F-F-F-F-F-F-F-F-F-F,4008,1,False,True,False,False
148,B-B-B-B-B-B-B-B-B-B-B-B-B-B-B-B-B-B-B-G-G-G-G,3983,1,False,True,False,False
149,G-G-G-G-G-G-G-G-G-G-G-G-G-G-G-G-G-G-G-G-G-F-F,3957,1,False,True,False,False
150,Sp-Sp-Sp-Sp-Sp-Sp-Sp-Sp-Sp-Sp-Sp-Sp-Sp-Sp-Sp-Sp-Sp-Sp-Sp-Sh-Sh-Sh-Sh,3889,1,False,True,False,False
151,Sh-Sh-Sh-Sh-Sh-Sh-Sh-Sh-Sh-Sh-Sh-Sh-Sh-Sh-Sh-Sh-Sh-Sh-A-A-A-A-A,3865,1,False,True,False,False
152,Sh-G-G-G-G-G-G-G-G-G-G-G-G-G-G-G-G-G-G-G-G-G-G,3837,1,False,True,False,False
153,B-B-B-B-B-B-B-B-B-B-Sp-Sp-Sp-Sp-Sp-Sp-Sp-Sp-Sp-Sp-Sp-Sp-Sp,3808,1,False,True,False,False
154,Sh-Sh-Sh-Sh-Sh-Sh-Sh-Sh-Sh-Sh-Sh-A-A-A-A-A-A-A-A-A-A-A-A,3773,1,False,True,False,False
155,F-F-F-F-F-F-F-F-F-F-F-Wt-Wt-Wt-Wt-Wt-Wt-Wt-Wt-Wt-Wt-Wt-Wt,3762,1,False,True,False,False
156,B-Sp-Sp-Sp-Sp-Sp-Sp-Sp-Sp-Sp-Sp-Sp-Sp-Sp-Sp-Sp-Sp-Sp-Sp-Sp-Sp-Sp-Sp,3735,1,False,True,False,False
157,Wa-Wa-Wa-Wa-Sh-Sh-Sh-Sh-Sh-Sh-Sh-Sh-Sh-Sh-Sh-Sh-Sh-Sh-Sh-Sh-Sh-Sh-Sh,3722,1,False,True,False,False
158,A-A-A-A-A-A-A-A-A-A-A-A-A-A-A-A-A-A-A-A-A-U-U,3694,1,False,True,False,False
159,F-F-F-F-Wt-Wt-Wt-Wt-Wt-Wt-Wt-Wt-Wt-Wt-Wt-Wt-Wt-Wt-Wt-Wt-Wt-Wt-Wt,3670,1,False,True,False,False
160,Sp-Sp-Sp-Sp-Sp-Sp-Sp-Sp-Sp-Sp-Sp-Sp-Sp-Sp-Sp-Sp-Sp-Sp-Sp-G-G-G-G,3580,1,False,True,False,False
161,F-F-F-F-F-F-F-F-F-F-F-F-F-F-F-F-Wt-Wt-Wt-Wt-Wt-Wt-Wt,3576,1,False,True,True,True
162,G-G-G-G-F-F-F-F-F-F-F-F-F-F-F-F-F-F-F-F-F-F-F,3526,1,False,True,False,False
163,B-B-B-B-B-B-Sp-Sp-Sp-Sp-Sp-Sp-Sp-Sp-Sp-Sp-Sp-Sp-Sp-Sp-Sp-Sp-Sp,3450,1,False,True,False,False
164,Sp-Sp-Sp-Sp-Sp-Sp-Sp-Sp-Sp-Sp-Sp-Sp-Sp-Sp-Sp-Sp-Sp-Sp-G-G-G-G-G,3416,1,False,True,False,False
165,Sp-Sp-Sp-Sp-Sp-Sp-Sp-Sp-Sp-Sp-Sp-Sp-Sp-Sp-Sp-Sp-Sp-Sp-Sp-Sp-G-G-G,3371,1,False,True,False,False
166,Sh-Sh-Sh-Sh-Sh-Sh-Sh-Sh-Sh-Sh-Sh-Sh-Sh-Sh-Sh-Sh-A-A-A-A-A-A-A,3357,1,False,True,True,True
167,F-G-G-G-G-G-G-G-G-G-G-G-G-G-G-G-G-G-G-G-G-G-G,3343,1,False,True,False,False
168,Wa-Wa-Wt-Wt-Wt-Wt-Wt-Wt-Wt-Wt-Wt-Wt-Wt-Wt-Wt-Wt-Wt-Wt-Wt-Wt-Wt-Wt-Wt,3339,1,False,True,False,False
169,Wt-Wt-F-F-F-F-F-F-F-F-F-F-F-F-F-F-F-F-F-F-F-F-F,3245,1,False,True,False,False
170,Wt-Wt-Wt-Wt-A-A-A-A-A-A-A-A-A-A-A-A-A-A-A-A-A-A-A,3156,1,False,True,False,False
171,F-F-F-F-F-F-Wt-Wt-Wt-Wt-Wt-Wt-Wt-Wt-Wt-Wt-Wt-Wt-Wt-Wt-Wt-Wt-Wt,3134,1,False,True,False,False
172,Sp-Sp-Sp-Sp-G-G-G-G-G-G-G-G-G-G-G-G-G-G-G-G-G-G-G,3043,1,False,True,False,False
173,F-F-F-G-G-G-G-G-G-G-G-G-G-G-G-G-G-G-G-G-G-G-G,3022,1,False,True,False,False
174,G-G-Sp-Sp-Sp-Sp-Sp-Sp-Sp-Sp-Sp-Sp-Sp-Sp-Sp-Sp-Sp-Sp-Sp-Sp-Sp-Sp-Sp,3014,1,False,True,False,False
175,G-G-G-G-G-G-G-G-G-G-G-G-Sp-Sp-Sp-Sp-Sp-Sp-Sp-Sp-Sp-Sp-Sp,2993,1,False,True,False,False
176,F-F-F-F-F-F-F-F-F-F-F-F-F-F-F-F-F-F-F-Wt-Wt-Wt-Wt,2979,1,False,True,False,False
177,G-G-G-G-Sp-Sp-Sp-Sp-Sp-Sp-Sp-Sp-Sp-Sp-Sp-Sp-Sp-Sp-Sp-Sp-Sp-Sp-Sp,2891,1,False,True,False,False
178,G-G-G-G-G-G-G-G-G-G-G-G-G-G-G-G-G-G-G-Sp-Sp-Sp-Sp,2861,1,False,True,False,False
179,Wt-Wt-Wt-Wt-Wt-Wt-Wt-Wt-Wt-Wt-Wt-Wt-Wt-F-F-F-F-F-F-F-F-F-F,2824,1,False,True,False,False
180,A-A-A-G-G-G-G-G-G-G-G-G-G-G-G-G-G-G-G-G-G-G-G,2814,1,False,False,False,False
181,Sp-Sp-Sp-Sp-Sp-Sp-Sp-Sp-B-B-B-B-B-B-B-B-B-B-B-B-B-B-B,2813,1,False,True,False,False
182,Wa-Wa-Wa-Wa-Wa-Wa-Wa-Wa-Wt-Wt-Wt-Wt-Wt-Wt-Wt-Wt-Wt-Wt-Wt-Wt-Wt-Wt-Wt,2782,1,False,False,False,False
183,A-A-A-A-A-A-A-A-Sh-Sh-Sh-Sh-Sh-Sh-Sh-Sh-Sh-Sh-Sh-Sh-Sh-Sh-Sh,2770,1,False,True,False,False
184,B-B-B-B-B-B-B-B-B-B-B-B-B-B-Sp-Sp-Sp-Sp-Sp-Sp-Sp-Sp-Sp,2766,1,False,True,False,False
185,A-A-A-A-A-A-A-A-A-A-A-A-A-A-U-U-U-U-U-U-U-U-U,2721,1,False,True,False,False
186,G-A-A-A-A-A-A-A-A-A-A-A-A-A-A-A-A-A-A-A-A-A-A,2695,1,False,False,False,False
187,F-F-F-F-G-G-G-G-G-G-G-G-G-G-G-G-G-G-G-G-G-G-G,2549,1,False,True,False,False
188,A-A-A-A-A-A-A-A-A-A-A-A-A-A-A-A-Wt-Wt-Wt-Wt-Wt-Wt-Wt,2542,1,False,False,True,True
189,Wa-Wa-Sh-Sh-Sh-Sh-Sh-Sh-Sh-Sh-Sh-Sh-Sh-Sh-Sh-Sh-Sh-Sh-Sh-Sh-Sh-Sh-Sh,2525,1,False,True,False,False
190,F-F-F-F-F-Wt-Wt-Wt-Wt-Wt-Wt-Wt-Wt-Wt-Wt-Wt-Wt-Wt-Wt-Wt-Wt-Wt-Wt,2522,1,False,True,False,False
191,Sp-Sp-Sp-Sp-Sp-Sp-Sp-Sp-Sp-Sp-B-B-B-B-B-B-B-B-B-B-B-B-B,2506,1,False,True,False,False
192,F-F-G-G-G-G-G-G-G-G-G-G-G-G-G-G-G-G-G-G-G-G-G,2501,1,False,True,False,False
193,Sp-Sp-Sp-Sp-Sp-Sp-Sp-Sp-Sp-Sp-Sp-Sp-Sp-Sp-Sp-Sp-B-B-B-B-B-B-B,2491,1,False,True,True,True
194,A-A-A-A-A-A-A-A-A-A-A-A-U-U-U-U-U-U-U-U-U-U-U,2488,1,False,True,False,False
195,A-A-A-A-A-A-U-U-U-U-U-U-U-U-U-U-U-U-U-U-U-U-U,2409,1,False,True,False,False
196,A-A-A-Sh-Sh-Sh-Sh-Sh-Sh-Sh-Sh-Sh-Sh-Sh-Sh-Sh-Sh-Sh-Sh-Sh-Sh-Sh-Sh,2372,1,False,True,False,False
197,G-G-G-G-G-G-G-G-G-G-G-G-G-G-G-G-G-G-G-G-Sp-Sp-Sp,2370,1,False,True,False,False
198,G-G-G-G-G-G-G-G-G-G-G-G-G-G-G-G-F-F-F-F-F-F-F,2369,1,False,True,True,True
199,Sp-Sp-Sp-Sp-Sp-Sp-Sp-Sp-G-G-G-G-G-G-G-G-G-G-G-G-G-G-G,2327,1,False,True,False,False
200,Wa-Wa-Wa-Wa-Wa-Wa-Wa-Wa-Wa-Wt-Wt-Wt-Wt-Wt-Wt-Wt-Wt-Wt-Wt-Wt-Wt-Wt-Wt,2284,1,False,True,False,False
201,Wa-Wa-Wa-Wa-Wa-Wa-Wa-Wa-Sp-Sp-Sp-Sp-Sp-Sp-Sp-Sp-Sp-Sp-Sp-Sp-Sp-Sp-Sp,2269,1,False,False,False,False
202,G-G-G-G-G-G-G-G-G-G-Sp-Sp-Sp-Sp-Sp-Sp-Sp-Sp-Sp-Sp-Sp-Sp-Sp,2262,1,False,True,False,False
203,Sp-Sp-Sp-Sp-Sp-Sp-Sp-Sp-Sp-Sp-Sp-Sp-Sp-Sp-Sp-Sp-G-G-G-G-G-G-G,2242,1,False,True,True,True
204,Sp-Sp-Sp-Sp-B-B-B-B-B-B-B-B-B-B-B-B-B-B-B-B-B-B-B,2239,1,False,True,False,False
205,F-F-F-F-F-F-F-F-F-F-F-F-F-F-F-F-F-F-F-F-F-Wt-Wt,2225,1,False,True,False,False
206,F-F-F-F-F-F-F-F-F-G-G-G-G-G-G-G-G-G-G-G-G-G-G,2212,1,False,True,False,False
207,Sh-Sh-Sh-Sh-Sh-Sh-Sh-Sh-Sh-Sh-Sh-Sh-Sh-Sh-Sh-Sh-Sh-U-U-U-U-U-U,2211,1,False,True,False,False
208,B-B-B-B-B-B-B-B-B-B-B-B-B-B-B-B-B-Sp-Sp-Sp-Sp-Sp-Sp,2210,1,False,True,False,False
209,B-B-B-B-B-Sp-Sp-Sp-Sp-Sp-Sp-Sp-Sp-Sp-Sp-Sp-Sp-Sp-Sp-Sp-Sp-Sp-Sp,2204,1,False,True,False,False
210,F-F-F-F-F-F-F-F-F-F-F-F-Wt-Wt-Wt-Wt-Wt-Wt-Wt-Wt-Wt-Wt-Wt,2194,1,False,True,False,False
211,G-G-G-G-G-G-G-G-G-G-G-G-G-G-G-G-G-G-F-F-F-F-F,2190,1,False,True,False,False
212,Sp-Sp-Sp-Sp-Sp-Sp-Sp-Sp-Sp-Sp-Sp-Sp-Sp-Sp-Sp-Sp-Sp-Sp-Sp-Sp-F-F-F,2178,1,False,True,False,False
213,G-G-G-G-G-G-G-G-G-Sp-Sp-Sp-Sp-Sp-Sp-Sp-Sp-Sp-Sp-Sp-Sp-Sp-Sp,2150,1,False,True,False,False
214,G-G-G-G-G-G-G-G-G-G-G-G-G-G-G-G-G-G-Sp-Sp-Sp-Sp-Sp,2144,1,False,True,False,False
215,Wt-Wt-Wt-Wt-Wt-F-F-F-F-F-F-F-F-F-F-F-F-F-F-F-F-F-F,2138,1,False,True,False,False
216,Sh-Sh-Sh-Sh-Sh-Sh-Sh-Sh-Sh-Sh-Sh-Sh-Sh-Sh-Sh-Sh-Sh-Sh-Sh-U-U-U-U,2113,1,False,True,False,False
217,Sh-Sh-Sh-Sh-Sh-Sh-Sh-Sh-Sh-Sh-Sh-Sh-Sh-U-U-U-U-U-U-U-U-U-U,2107,1,False,True,False,False
218,G-Sp-Sp-Sp-Sp-Sp-Sp-Sp-Sp-Sp-Sp-Sp-Sp-Sp-Sp-Sp-Sp-Sp-Sp-Sp-Sp-Sp-Sp,2078,1,False,True,False,False
219,F-F-F-F-F-F-F-F-F-F-F-F-F-F-F-F-F-F-Wt-Wt-Wt-Wt-Wt,2075,1,False,True,False,False
220,Sh-Sh-Sh-Sh-Sh-Sh-Sh-Sh-Sh-Sh-Sh-Sh-A-A-A-A-A-A-A-A-A-A-A,2048,1,False,True,False,False
221,A-A-A-A-A-A-A-A-A-A-A-A-A-A-A-A-Sh-Sh-Sh-Sh-Sh-Sh-Sh,2039,1,False,True,True,True
222,F-F-F-F-F-F-F-F-G-G-G-G-G-G-G-G-G-G-G-G-G-G-G,2023,1,False,True,False,False
223,A-A-A-A-A-A-A-A-A-Sh-Sh-Sh-Sh-Sh-Sh-Sh-Sh-Sh-Sh-Sh-Sh-Sh-Sh,2017,1,False,True,False,False
224,Wa-Wa-Wa-Wa-A-A-A-A-A-A-A-A-A-A-A-A-A-A-A-A-A-A-A,2011,1,False,True,False,False
225,Sp-Sp-Sp-Sp-Sp-Sp-Sp-Sp-Sp-Sp-Sp-Sp-Sp-Sp-Sp-Sp-Sp-Sp-Sp-F-F-F-F,1991,1,False,True,False,False
226,F-F-F-F-F-F-F-F-F-F-G-G-G-G-G-G-G-G-G-G-G-G-G,1991,1,False,True,False,False
227,Wt-Wt-Wt-Wt-Wt-Wt-Wt-Wt-Wt-Wt-Wt-F-F-F-F-F-F-F-F-F-F-F-F,1979,1,False,True,False,False
228,G-G-G-G-G-G-G-G-G-G-G-G-G-G-Sp-Sp-Sp-Sp-Sp-Sp-Sp-Sp-Sp,1939,1,False,True,False,False
229,Wa-Wa-Wa-Wa-Wa-Wt-Wt-Wt-Wt-Wt-Wt-Wt-Wt-Wt-Wt-Wt-Wt-Wt-Wt-Wt-Wt-Wt-Wt,1936,1,False,True,False,False
230,Wt-Wt-Wt-Wt-Wt-Wt-Wt-F-F-F-F-F-F-F-F-F-F-F-F-F-F-F-F,1914,1,False,True,False,False
231,F-F-F-F-F-F-F-G-G-G-G-G-G-G-G-G-G-G-G-G-G-G-G,1910,1,False,True,False,False
232,F-F-F-F-F-F-F-F-F-F-F-F-F-F-F-F-F-F-F-F-F-F-Wt,1877,1,False,True,False,False
233,Sp-Sp-Sp-Sp-Sp-Sp-B-B-B-B-B-B-B-B-B-B-B-B-B-B-B-B-B,1875,1,False,True,False,False
234,B-B-B-B-B-B-B-B-B-B-B-B-B-Sp-Sp-Sp-Sp-Sp-Sp-Sp-Sp-Sp-Sp,1865,1,False,True,False,False
235,A-A-A-A-A-A-A-U-U-U-U-U-U-U-U-U-U-U-U-U-U-U-U,1829,1,False,True,False,False
236,Wa-Wa-Wa-Wa-Wa-Wa-Sp-Sp-Sp-Sp-Sp-Sp-Sp-Sp-Sp-Sp-Sp-Sp-Sp-Sp-Sp-Sp-Sp,1818,1,False,True,False,False
237,A-A-A-A-A-A-A-A-A-A-A-U-U-U-U-U-U-U-U-U-U-U-U,1817,1,False,True,False,False
238,Wt-Wt-Wt-Wt-Wt-Wt-Wt-Wt-Wt-Wt-Wt-Wt-Wt-Wt-Wt-Wt-Wt-F-F-F-F-F-F,1803,1,False,True,False,False
239,Wt-Wt-Wt-Wt-Wt-Wt-Wt-Wt-Wt-F-F-F-F-F-F-F-F-F-F-F-F-F-F,1788,1,False,True,False,False
240,A-A-A-A-A-A-A-A-A-A-Sh-Sh-Sh-Sh-Sh-Sh-Sh-Sh-Sh-Sh-Sh-Sh-Sh,1779,1,False,True,False,False
241,F-F-F-F-F-G-G-G-G-G-G-G-G-G-G-G-G-G-G-G-G-G-G,1772,1,False,True,False,False
242,Sh-Sh-Sh-Sh-Sh-Sh-Sh-Sh-Sh-Sh-Sh-Sh-Sh-Sh-Sh-Sh-Sh-Sh-Sh-Sp-Sp-Sp-Sp,1772,1,False,False,False,False
243,Wt-Wt-Wt-Wt-Wt-Wt-Wt-Wt-Wt-Wt-Wt-Wt-Wt-Wt-Wt-Wt-Wt-Wt-F-F-F-F-F,1771,1,False,True,False,False
244,Sp-Sp-Sp-Sp-Sp-Sp-Sp-G-G-G-G-G-G-G-G-G-G-G-G-G-G-G-G,1761,1,False,True,False,False
245,Wt-Wt-Wt-Wt-Wt-Wt-Wt-Wt-F-F-F-F-F-F-F-F-F-F-F-F-F-F-F,1753,1,False,True,False,False
246,F-F-Sp-Sp-Sp-Sp-Sp-Sp-Sp-Sp-Sp-Sp-Sp-Sp-Sp-Sp-Sp-Sp-Sp-Sp-Sp-Sp-Sp,1753,1,False,True,False,False
247,Wt-Wt-Wt-Wt-Wt-Wt-Wt-Wt-Wt-Wt-Wt-Wt-F-F-F-F-F-F-F-F-F-F-F,1740,1,False,True,False,False
248,A-A-A-A-A-U-U-U-U-U-U-U-U-U-U-U-U-U-U-U-U-U-U,1712,1,False,True,False,False
249,Wa-Wa-Wa-Wa-Wa-Wa-Wa-Wa-Wa-Wa-Sp-Sp-Sp-Sp-Sp-Sp-Sp-Sp-Sp-Sp-Sp-Sp-Sp,1708,1,False,False,False,False
250,A-U-U-U-U-U-U-U-U-U-U-U-U-U-U-U-U-U-U-U-U-U-U,1701,1,False,True,False,False
251,A-A-A-A-Sh-Sh-Sh-Sh-Sh-Sh-Sh-Sh-Sh-Sh-Sh-Sh-Sh-Sh-Sh-Sh-Sh-Sh-Sh,1698,1,False,True,False,False
252,G-G-G-G-G-Sp-Sp-Sp-Sp-Sp-Sp-Sp-Sp-Sp-Sp-Sp-Sp-Sp-Sp-Sp-Sp-Sp-Sp,1682,1,False,True,False,False
253,F-Sh-Sh-A-A-A-A-A-A-A-A-A-A-A-A-A-A-A-A-A-A-A-A,1682,2,False,True,False,False
254,Wa-Wa-Wa-Wt-Wt-Wt-Wt-Wt-Wt-Wt-Wt-Wt-Wt-Wt-Wt-Wt-Wt-Wt-Wt-Wt-Wt-Wt-Wt,1674,1,False,True,False,False
255,G-F-F-F-F-F-F-F-F-F-F-F-F-F-F-F-F-F-F-F-F-F-F,1648,1,False,False,False,False
256,Sh-Sh-Sh-Sh-Sh-Sh-Sh-Sh-Sh-Sh-Sh-Sh-Sh-Sh-Sh-Sh-Sh-Sh-Sh-Sh-A-A-A,1646,1,False,True,False,False
257,G-G-G-G-G-G-G-A-A-A-A-A-A-A-A-A-A-A-A-A-A-A-A,1633,1,False,False,False,False
258,F-F-F-F-F-F-G-G-G-G-G-G-G-G-G-G-G-G-G-G-G-G-G,1608,1,False,True,False,False
259,A-A-A-A-A-A-A-A-A-A-U-U-U-U-U-U-U-U-U-U-U-U-U,1603,1,False,True,False,False
260,Sh-Sh-Sh-Sh-Sh-Sh-Sh-Sh-Sh-Sh-Sh-Sh-Sh-Sh-Sh-Sh-Sh-A-A-A-A-A-A,1599,1,False,True,False,False
261,G-G-G-G-G-G-G-G-G-G-G-G-G-G-F-F-F-F-F-F-F-F-F,1579,1,False,True,False,False
262,Wt-Wt-Wt-Wt-Wt-Wt-Wt-Wt-Wt-Wt-Wt-Wt-Wt-Wt-Wt-Wt-Wt-Wt-Wt-Wt-F-F-F,1553,1,False,True,False,False
263,Sp-Sp-Sp-Sp-Sp-Sp-Sp-Sp-Sp-Sp-Sp-Sp-Sp-Sp-Sp-Sp-Sh-Sh-Sh-Sh-Sh-Sh-Sh,1552,1,False,False,True,True
264,Wt-Wt-Wt-Wt-Wt-Wt-Wt-Wt-Wt-Wt-Wt-Wt-Wt-Wt-Wt-Wt-Wa-Wa-Wa-Wa-Wa-Wa-Wa,1548,1,False,True,True,True
265,Wt-Wt-Wt-Wt-Sh-Sh-Sh-Sh-Sh-Sh-Sh-Sh-Sh-Sh-Sh-Sh-Sh-Sh-Sh-Sh-Sh-Sh-Sh,1546,1,False,True,False,False
266,A-A-A-A-A-Sh-Sh-Sh-Sh-Sh-Sh-Sh-Sh-Sh-Sh-Sh-Sh-Sh-Sh-Sh-Sh-Sh-Sh,1544,1,False,True,False,False
267,G-G-G-G-G-G-G-G-B-B-B-B-B-B-B-B-B-B-B-B-B-B-B,1514,1,False,True,False,False
268,B-B-B-B-B-B-B-B-B-B-B-B-B-B-B-B-B-B-B-B-G-G-G,1512,1,False,True,False,False
269,B-B-B-B-B-B-B-B-B-B-B-B-B-B-B-B-B-B-G-G-G-G-G,1511,1,False,True,False,False
270,Sp-Sp-G-G-G-G-G-G-G-G-G-G-G-G-G-G-G-G-G-G-G-G-G,1497,1,False,True,False,False
271,Wa-Wa-Wa-Wa-Wa-Wa-Wa-Wa-Wa-Wa-Wa-Wa-Wa-Wa-Wa-Wa-Wt-Wt-Wt-Wt-Wt-Wt-Wt,1495,1,False,False,True,True
272,Wa-Wa-Wa-Wa-Wa-Wa-Sh-Sh-Sh-Sh-Sh-Sh-Sh-Sh-Sh-Sh-Sh-Sh-Sh-Sh-Sh-Sh-Sh,1491,1,False,True,False,False
273,B-B-B-Sp-Sp-Sp-Sp-Sp-Sp-Sp-Sp-Sp-Sp-Sp-Sp-Sp-Sp-Sp-Sp-Sp-Sp-Sp-Sp,1489,1,False,True,False,False
274,A-A-A-A-A-A-A-A-U-U-U-U-U-U-U-U-U-U-U-U-U-U-U,1476,1,False,True,False,False
275,G-G-G-G-G-G-G-G-G-G-G-G-G-G-G-G-G-Sp-Sp-Sp-Sp-Sp-Sp,1454,1,False,True,False,False
276,Wa-Wa-Wa-Wa-F-F-F-F-F-F-F-F-F-F-F-F-F-F-F-F-F-F-F,1451,1,False,True,False,False
277,Sh-Sh-Sh-Sh-Sh-Sh-Sh-Sh-Sh-Sh-Sh-Sh-Sh-Sh-Sh-Sh-Wt-Wt-Wt-Wt-Wt-Wt-Wt,1434,1,False,False,True,True
278,A-A-A-A-A-A-A-A-A-A-A-A-Sh-Sh-Sh-Sh-Sh-Sh-Sh-Sh-Sh-Sh-Sh,1428,1,False,True,False,False
279,A-A-A-A-A-A-A-A-A-A-A-Sh-Sh-Sh-Sh-Sh-Sh-Sh-Sh-Sh-Sh-Sh-Sh,1415,1,False,True,False,False
280,Sh-Sh-Sh-Sh-Sh-Sh-U-U-U-U-U-U-U-U-U-U-U-U-U-U-U-U-U,1413,1,False,True,False,False
281,Sh-Sh-Sh-Sh-Sh-Sh-Sh-Sh-Sh-Sh-Sh-Sh-Sh-Sh-Sh-Sh-Sh-Sh-Sh-G-G-G-G,1405,1,False,False,False,False
282,Sp-Sp-Sp-Sp-Sp-Sp-Sp-Sp-Sp-Sp-Sp-Sp-Sp-B-B-B-B-B-B-B-B-B-B,1405,1,False,True,False,False
283,A-A-A-A-A-A-A-A-A-U-U-U-U-U-U-U-U-U-U-U-U-U-U,1396,1,False,True,False,False
284,A-Sh-Sh-Sh-Sh-Sh-Sh-Sh-Sh-Sh-Sh-Sh-Sh-Sh-Sh-Sh-Sh-Sh-Sh-Sh-Sh-Sh-Sh,1389,1,False,True,False,False
285,F-F-F-Sh-Sh-Sh-Sh-Sh-Sh-Sh-Sh-Sh-Sh-Sh-Sh-Sh-F-F-F-F-F-F-F,1374,2,False,True,True,False
286,A-A-A-A-A-A-Sh-Sh-Sh-Sh-Sh-Sh-Sh-Sh-Sh-Sh-Sh-Sh-Sh-Sh-Sh-Sh-Sh,1372,1,False,True,False,False
287,Sh-Sh-Sh-Sh-Sh-Sh-Sh-Sh-Sh-Sh-Sh-Sh-Sh-Sh-Sh-Sh-Sh-Sh-Sh-Sh-Sh-Sh-U,1351,1,False,True,False,False
288,F-F-F-F-F-F-F-F-F-F-F-F-F-F-F-F-F-F-F-F-Wt-Wt-Wt,1339,1,False,True,False,False
289,Sh-Sh-Sh-Sh-Sh-Sh-Sh-Sh-Sh-Sh-Sh-Sh-Sh-Sh-A-A-A-A-A-A-A-A-A,1339,1,False,True,False,False
290,F-F-F-F-F-F-F-F-F-F-F-F-F-F-F-F-G-G-G-G-G-G-G,1334,1,False,True,True,True
291,G-G-G-B-B-B-B-B-B-B-B-B-B-B-B-B-B-B-B-B-B-B-B,1330,1,False,True,False,False
292,Wa-Wa-Wa-Wa-Wa-Wa-Wa-Wa-Wa-F-F-F-F-F-F-F-F-F-F-F-F-F-F,1330,1,False,True,False,False
293,Sh-Sh-Sh-Sh-Sh-Sh-Sh-Sh-Sh-Sh-Sh-Sh-Sh-Sh-Sh-Sh-Sh-Sh-G-G-G-G-G,1324,1,False,False,False,False
294,Wt-Wt-Wt-Wt-Wt-Wt-Wt-Wt-Wt-Wt-Wa-Wa-Wa-Wa-Wa-Wa-Wa-Wa-Wa-Wa-Wa-Wa-Wa,1314,1,False,True,False,False
295,G-G-G-G-G-G-G-G-G-G-G-G-G-G-G-G-G-G-G-G-G-G-Sp,1291,1,False,True,False,False
296,Wt-Wt-Wt-Wt-Wt-Wt-F-F-F-F-F-F-F-F-F-F-F-F-F-F-F-F-F,1281,1,False,True,False,False
297,F-Sh-Sh-Sh-Sh-Sh-Sh-Sh-Sh-Sh-Sh-Sh-Sh-Sh-Sh-Sh-F-F-F-F-F-F-F,1278,2,False,True,True,False
298,F-F-F-F-F-F-F-F-F-F-F-F-F-F-F-F-Wa-Wa-Wa-Wa-Wa-Wa-Wa,1271,1,False,True,True,True
299,Wt-Wt-Wt-Wt-Wt-Wt-Wt-Wt-Wt-Wt-Wt-Wt-Wt-Wt-Wt-Wt-Wt-Wa-Wa-Wa-Wa-Wa-Wa,1269,1,False,True,False,False
300,Wa-Wa-Wa-Wa-Wa-Sh-Sh-Sh-Sh-Sh-Sh-Sh-Sh-Sh-Sh-Sh-Sh-Sh-Sh-Sh-Sh-Sh-Sh,1264,1,False,True,False,False
301,Wa-Wa-Wa-Wa-Wa-Wa-F-F-F-F-F-F-F-F-F-F-F-F-F-F-F-F-F,1259,1,False,True,False,False
302,Sp-Sp-Sp-Sp-Sp-Sp-Sp-Sp-Sp-B-B-B-B-B-B-B-B-B-B-B-B-B-B,1254,1,False,True,False,False
303,F-F-F-F-F-F-F-F-F-F-F-F-F-F-F-F-F-F-F-Wa-Wa-Wa-Wa,1252,1,False,True,False,False
304,A-A-A-A-A-A-A-A-A-A-A-A-A-A-A-A-A-A-Sh-Sh-Sh-Sh-Sh,1251,1,False,True,False,False
305,G-G-G-G-G-G-G-G-G-F-F-F-F-F-F-F-F-F-F-F-F-F-F,1248,1,False,True,False,False
306,Sh-Sh-Sh-Sh-Sh-Sh-Sh-U-U-U-U-U-U-U-U-U-U-U-U-U-U-U-U,1237,1,False,True,False,False
307,A-A-A-A-A-A-A-A-A-A-A-A-A-G-G-G-G-G-G-G-G-G-G,1236,1,False,False,False,False
308,F-Sp-Sp-Sp-Sp-Sp-Sp-Sp-Sp-Sp-Sp-Sp-Sp-Sp-Sp-Sp-Sp-Sp-Sp-Sp-Sp-Sp-Sp,1207,1,False,True,False,False
309,Sp-Sp-Sp-Sp-Sp-G-G-G-G-G-G-G-G-G-G-G-G-G-G-G-G-G-G,1203,1,False,True,False,False
310,Sp-Sp-Sp-G-G-G-G-G-G-G-G-G-G-G-G-G-G-G-G-G-G-G-G,1203,1,False,True,False,False
311,Sp-Sp-Sp-Sp-Sp-B-B-B-B-B-B-B-B-B-B-B-B-B-B-B-B-B-B,1202,1,False,True,False,False
312,A-A-A-A-A-A-A-A-A-A-G-G-G-G-G-G-G-G-G-G-G-G-G,1189,1,False,False,False,False
313,Sp-Sp-Sp-Sp-Sp-Sp-Sp-Sp-Sp-G-G-G-G-G-G-G-G-G-G-G-G-G-G,1180,1,False,True,False,False
314,A-A-A-A-A-A-A-A-A-A-A-A-A-A-A-A-A-U-U-U-U-U-U,1178,1,False,True,False,False
315,F-F-F-F-F-F-F-F-Sp-Sp-Sp-Sp-Sp-Sp-Sp-Sp-Sp-Sp-Sp-Sp-Sp-Sp-Sp,1153,1,False,True,False,False
316,A-A-A-A-A-A-A-A-A-A-A-A-A-A-A-A-A-Sh-Sh-Sh-Sh-Sh-Sh,1150,1,False,True,False,False
317,Sh-Sh-Sh-Sh-Sh-Sh-Sh-Sh-Sh-Sh-Sh-Sh-Sh-Sh-Sh-Sh-Sh-Sh-U-U-U-U-U,1148,1,False,True,False,False
318,G-G-G-G-G-G-G-G-G-G-G-G-F-F-F-F-F-F-F-F-F-F-F,1142,1,False,True,False,False
319,Sh-Sh-Sh-Sh-Sh-Sh-Sh-Sh-Sh-Sh-Sh-Sh-Sh-Sh-Sh-Sh-Sh-Sh-Sh-Sh-Sh-Sh-A,1135,1,False,True,False,False
320,G-G-B-B-B-B-B-B-B-B-B-B-B-B-B-B-B-B-B-B-B-B-B,1129,1,False,True,False,False
321,F-F-F-F-F-F-F-F-F-F-F-F-F-F-F-F-F-F-F-G-G-G-G,1124,1,False,True,False,False
322,Wt-Wt-Wt-Wt-Wt-Wt-Wt-Wt-Wt-Wt-Wt-Wt-Wt-Wt-Wt-Wt-Wt-Wt-Wa-Wa-Wa-Wa-Wa,1123,1,False,True,False,False
323,G-G-G-Sp-Sp-Sp-Sp-Sp-Sp-Sp-Sp-Sp-Sp-Sp-Sp-Sp-Sp-Sp-Sp-Sp-Sp-Sp-Sp,1114,1,False,True,False,False
324,A-A-U-U-U-U-U-U-U-U-U-U-U-U-U-U-U-U-U-U-U-U-U,1112,1,False,True,False,False
325,Sh-Sh-Sh-Sh-Sh-Sh-Sh-Sh-Sh-Sh-Sh-Sh-Sh-A-A-A-A-A-A-A-A-A-A,1110,1,False,True,False,False
326,G-G-G-G-G-G-G-G-G-G-F-F-F-F-F-F-F-F-F-F-F-F-F,1109,1,False,True,False,False
327,G-G-G-G-B-B-B-B-B-B-B-B-B-B-B-B-B-B-B-B-B-B-B,1094,1,False,True,False,False
328,Wa-Wa-Wa-Wa-Wa-Wa-Wa-Wa-Wa-Wa-Wa-Wa-Wa-Wa-Wa-Wa-Wa-Wa-Wa-Wa-Sp-Sp-Sp,1091,1,False,True,False,False
329,A-A-A-A-A-A-A-A-A-A-A-G-G-G-G-G-G-G-G-G-G-G-G,1090,1,False,False,False,False
330,G-G-F-F-F-F-F-F-F-F-F-F-F-F-F-F-F-F-F-F-F-F-F,1083,1,False,False,False,False
331,G-G-G-G-G-G-G-G-G-G-G-G-G-Sp-Sp-Sp-Sp-Sp-Sp-Sp-Sp-Sp-Sp,1081,1,False,True,False,False
332,F-F-F-F-F-F-F-F-F-F-F-F-F-F-F-F-F-Wt-Wt-Wt-Wt-Wt-Wt,1059,1,False,True,False,False
333,F-F-F-F-F-F-F-F-F-F-F-F-F-F-F-F-F-F-G-G-G-G-G,1050,1,False,True,False,False
334,G-B-B-B-B-B-B-B-B-B-B-B-B-B-B-B-B-B-B-B-B-B-B,1048,1,False,True,False,False
335,Sh-Sh-Sh-Sh-Sh-Sh-Sh-Sh-Sh-Sh-Sh-Sh-Sh-Sh-U-U-U-U-U-U-U-U-U,1048,1,False,True,False,False
336,Sh-Sh-Sh-Sh-Sh-Sh-Sh-Sh-Sh-Sh-G-G-G-G-G-G-G-G-G-G-G-G-G,1040,1,False,True,False,False
337,B-B-B-B-B-B-B-B-B-B-B-B-B-B-B-B-B-B-B-U-U-U-U,1037,1,False,True,False,False
338,Sh-Sh-Sh-Sh-Sh-Sh-Sh-Sh-Sh-Sh-U-U-U-U-U-U-U-U-U-U-U-U-U,1023,1,False,True,False,False
339,Wa-Wa-Wa-F-F-F-F-F-F-F-F-F-F-F-F-F-F-F-F-F-F-F-F,1019,1,False,True,False,False
340,B-B-Sp-Sp-Sp-Sp-Sp-Sp-Sp-Sp-Sp-Sp-Sp-Sp-Sp-Sp-Sp-Sp-Sp-Sp-Sp-Sp-Sp,1017,1,False,True,False,False
341,Sh-Sh-Sh-Sh-Sh-Sh-Sh-Sh-Sh-Sh-Sh-U-U-U-U-U-U-U-U-U-U-U-U,1009,1,False,True,False,False
342,F-F-F-F-F-F-F-F-F-F-Wa-Wa-Wa-Wa-Wa-Wa-Wa-Wa-Wa-Wa-Wa-Wa-Wa,991,1,False,True,False,False
343,G-G-A-A-A-A-A-A-A-A-A-A-A-A-A-A-A-A-A-A-A-A-A,972,1,False,False,False,False
344,Wa-Wa-Wa-Wa-Wa-Wa-Wa-Wa-Sh-Sh-Sh-Sh-Sh-Sh-Sh-Sh-Sh-Sh-Sh-Sh-Sh-Sh-Sh,970,1,False,True,False,False
345,G-G-G-G-G-G-G-G-G-G-G-G-G-G-G-G-G-F-F-F-F-F-F,964,1,False,True,False,False
346,Sh-U-U-U-U-U-U-U-U-U-U-U-U-U-U-U-U-U-U-U-U-U-U,961,1,False,True,False,False
347,Wa-Wa-Wa-Wa-Wa-Wa-Wa-Wa-Wa-Wa-Wa-Sp-Sp-Sp-Sp-Sp-Sp-Sp-Sp-Sp-Sp-Sp-Sp,959,1,False,False,False,False
348,G-G-G-G-G-G-G-G-G-G-G-G-G-G-G-G-G-G-G-G-G-Sp-Sp,933,1,False,True,False,False
349,Sp-Sp-Sp-Sp-Sp-Sp-Sp-Sp-Sp-Sp-Sp-Sp-Sh-Sh-Sh-Sh-Sh-Sh-Sh-Sh-Sh-Sh-Sh,928,1,False,True,False,False
350,F-F-F-F-F-F-F-F-F-F-F-G-G-G-G-G-G-G-G-G-G-G-G,925,1,False,True,False,False
351,Sp-Sp-Sp-Sp-Sp-Sp-Sp-B-B-B-B-B-B-B-B-B-B-B-B-B-B-B-B,921,1,False,True,False,False
352,F-F-F-F-F-F-F-F-F-Sp-Sp-Sp-Sp-Sp-Sp-Sp-Sp-Sp-Sp-Sp-Sp-Sp-Sp,916,1,False,True,False,False
353,Sh-Sh-Sh-Sh-Sh-Sh-Sh-G-G-G-G-G-G-G-G-G-G-G-G-G-G-G-G,906,1,False,True,False,False
354,G-G-G-G-G-G-G-F-F-F-F-F-F-F-F-F-F-F-F-F-F-F-F,888,1,False,True,False,False
355,A-A-A-A-A-A-A-A-A-A-A-A-A-A-A-U-U-U-U-U-U-U-U,874,1,False,True,False,False
356,F-F-Sh-Sh-A-A-A-A-A-A-A-A-A-A-A-A-A-A-A-A-A-A-A,872,2,False,True,False,False
357,Sh-Sh-Sh-Sh-Sh-Sh-Sh-Sh-Sh-Sh-Sh-Sh-Sh-Sh-Sh-Sh-Sh-Sh-Sp-Sp-Sp-Sp-Sp,869,1,False,False,False,False
358,F-F-F-F-F-F-F-F-F-F-F-F-F-F-F-F-F-F-F-Sh-A-A-A,867,2,False,True,False,False
359,Sp-Sp-Sp-Sp-Sp-Sp-Sp-Sp-Sp-Sp-Sp-Sp-Sp-Sp-F-F-F-F-F-F-F-F-F,863,1,False,False,False,False
360,F-F-F-F-F-F-F-F-F-F-F-F-F-F-Wt-Wt-Wt-Wt-Wt-Wt-Wt-Wt-Wt,859,1,False,True,False,False
361,F-Sh-Sh-Sh-Sh-Sh-Sh-Sh-Sh-Sh-Sh-Sh-Sh-Sh-Sh-Sh-Sh-Sh-Sh-F-F-F-F,853,2,False,True,False,False
362,Wa-Wa-Wa-Wa-Wa-Sp-Sp-Sp-Sp-Sp-Sp-Sp-Sp-Sp-Sp-Sp-Sp-Sp-Sp-Sp-Sp-Sp-Sp,845,1,False,True,False,False
363,Sh-Sh-Sh-Sh-Sh-Sh-Sh-Sh-Sh-Sh-Sh-Sh-U-U-U-U-U-U-U-U-U-U-U,841,1,False,True,False,False
364,Wa-Wa-Wa-Wa-Wa-Wa-Wa-Wa-Wa-Wa-Wa-Wa-Wa-Wa-Wa-Wa-Wa-Wa-Wa-Wa-Wt-Wt-Wt,841,1,False,True,False,False
365,Sh-Sh-Sh-Sh-Sh-Sh-Sh-Sh-Sh-U-U-U-U-U-U-U-U-U-U-U-U-U-U,839,1,False,True,False,False
366,F-F-F-F-F-F-F-F-F-F-F-F-F-Wt-Wt-Wt-Wt-Wt-Wt-Wt-Wt-Wt-Wt,835,1,False,True,False,False
367,Sp-Sp-Sp-Sp-Sp-Sp-Sp-Sp-Sp-Sp-Sp-Sp-Sp-Sp-Sp-Sp-Sp-G-G-G-G-G-G,835,1,False,True,False,False
368,Wa-Wa-Wa-Wa-Wa-Wa-Wa-Wa-Wa-Sh-Sh-Sh-Sh-Sh-Sh-Sh-Sh-Sh-Sh-Sh-Sh-Sh-Sh,826,1,False,False,False,False
369,F-F-F-F-F-F-F-F-F-F-F-F-F-F-F-F-F-F-F-F-F-G-G,824,1,False,False,False,False
370,Sh-Sh-Sh-Sh-Sh-Sh-Sh-Sh-G-G-G-G-G-G-G-G-G-G-G-G-G-G-G,816,1,False,True,False,False
371,A-A-Sh-Sh-Sh-Sh-Sh-Sh-Sh-Sh-Sh-Sh-Sh-Sh-Sh-Sh-Sh-Sh-Sh-Sh-Sh-Sh-Sh,812,1,False,False,False,False
372,A-A-A-U-U-U-U-U-U-U-U-U-U-U-U-U-U-U-U-U-U-U-U,810,1,False,True,False,False
373,Wt-A-A-A-A-A-A-A-A-A-A-A-A-A-A-A-A-A-A-A-A-A-A,804,1,False,True,False,False
374,Sh-Sh-Sh-Sh-Sh-Sh-Sh-Sh-Sh-Sh-Sh-Sh-Sh-Sh-Sh-Sh-Sh-Sh-Sh-Sh-Sh-U-U,787,1,False,True,False,False
375,Wt-Wt-Wt-Wt-Wt-Wt-Wt-Wt-Wt-Wt-Wt-Wt-Wt-Wt-Wa-Wa-Wa-Wa-Wa-Wa-Wa-Wa-Wa,784,1,False,True,False,False
376,Sp-Sp-Sp-Sp-Sp-Sp-Sp-Sp-Sp-Sp-Sp-B-B-B-B-B-B-B-B-B-B-B-B,782,1,False,True,False,False
377,F-F-F-F-Sh-Sh-Sh-Sh-Sh-Sh-Sh-Sh-Sh-Sh-Sh-Sh-F-F-F-F-F-F-F,782,2,False,True,True,False
378,G-G-G-G-G-G-G-G-F-F-F-F-F-F-F-F-F-F-F-F-F-F-F,766,1,False,True,False,False
379,Sp-Sp-Sp-Sp-Sp-Sp-Sp-Sp-Sp-Sp-Sp-Sp-Sp-Sp-Sp-Sp-Sp-Sh-Sh-Sh-Sh-Sh-Sh,763,1,False,False,False,False
380,F-F-F-F-F-F-F-F-Wa-Wa-Wa-Wa-Wa-Wa-Wa-Wa-Wa-Wa-Wa-Wa-Wa-Wa-Wa,762,1,False,True,False,False
381,B-B-B-B-B-B-B-B-B-B-B-B-B-B-B-B-G-G-G-G-G-G-G,760,1,False,True,True,True
382,Wa-F-F-F-F-F-F-F-F-F-F-F-F-F-F-F-F-F-F-F-F-F-F,754,1,False,True,False,False
383,Sp-Sp-Sp-Sp-Sp-Sp-Sp-Sp-Sp-Sp-Sp-Sp-Sp-Sp-Sp-Sp-B-B-B-Sp-Sp-Sp-Sp,754,2,False,True,True,False
384,Sp-Sp-Sp-Sp-Sp-Sp-Sp-Sp-Sp-Sp-Sp-Sp-Sp-Sp-G-G-G-G-G-G-G-G-G,753,1,False,True,False,False
385,A-A-A-A-A-A-A-A-A-A-A-A-A-A-A-A-A-A-A-U-U-U-U,751,1,False,True,False,False
386,F-F-F-F-F-F-F-F-F-F-F-F-F-F-Wa-Wa-Wa-Wa-Wa-Wa-Wa-Wa-Wa,748,1,False,True,False,False
387,A-A-A-A-A-A-A-A-A-A-A-A-A-A-A-A-A-A-A-G-G-G-G,745,1,False,False,False,False
388,Wa-Wa-Wa-Sh-Sh-Sh-Sh-Sh-Sh-Sh-Sh-Sh-Sh-Sh-Sh-Sh-Sh-Sh-Sh-Sh-Sh-Sh-Sh,743,1,False,True,False,False
389,Sp-Sp-Sp-Sp-Sp-Sp-Sp-Sp-Sp-Sp-Sp-G-G-G-G-G-G-G-G-G-G-G-G,739,1,False,True,False,False
390,G-G-G-G-G-G-G-G-A-A-A-A-A-A-A-A-A-A-A-A-A-A-A,734,1,False,False,False,False
391,Sp-Sp-Sp-Sp-Sp-Sp-Sp-Sp-Sp-Sp-Sp-Sp-Sp-Sp-Sp-Sp-Sp-Sp-Sp-U-U-U-U,734,1,False,True,False,False
392,Sh-Sh-Sh-Sh-Sh-Sh-Sh-Sh-U-U-U-U-U-U-U-U-U-U-U-U-U-U-U,731,1,False,True,False,False
393,Sp-Sp-Sp-Sp-Sp-Sp-Sp-Sp-Sp-Sp-Sp-Sp-Sp-Sp-Sp-Sp-Sp-U-U-U-U-U-U,730,1,False,True,False,False
394,Wa-Wt-Wt-Wt-Wt-Wt-Wt-Wt-Wt-Wt-Wt-Wt-Wt-Wt-Wt-Wt-Wt-Wt-Wt-Wt-Wt-Wt-Wt,730,1,False,True,False,False
395,Sh-Sh-Sh-Sh-Sh-U-U-U-U-U-U-U-U-U-U-U-U-U-U-U-U-U-U,729,1,False,True,False,False
396,F-Wa-Wa-Wa-Wa-Wa-Wa-Wa-Wa-Wa-Wa-Wa-Wa-Wa-Wa-Wa-Wa-Wa-Wa-Wa-Wa-Wa-Wa,727,1,False,True,False,False
397,Wt-Wt-Wt-A-A-A-A-A-A-A-A-A-A-A-A-A-A-A-A-A-A-A-A,724,1,False,True,False,False
398,F-F-F-F-F-F-F-F-F-F-F-F-F-F-G-G-G-G-G-G-G-G-G,723,1,False,True,False,False
399,Sp-Sp-Sp-Sp-Sp-Sp-Sp-Sp-Sh-Sh-Sh-Sh-Sh-Sh-Sh-Sh-Sh-Sh-Sh-Sh-Sh-Sh-Sh,722,1,False,True,False,False
400,Wt-Wt-Wt-Wt-Wt-Wt-A-A-A-A-A-A-A-A-A-A-A-A-A-A-A-A-A,719,1,False,True,False,False
401,Wa-Wa-Wa-Wa-Wa-Wa-Wa-Wa-Wa-Wa-Wa-Wt-Wt-Wt-Wt-Wt-Wt-Wt-Wt-Wt-Wt-Wt-Wt,717,1,False,False,False,False
402,F-F-F-F-F-Sh-Sh-Sh-Sh-Sh-Sh-Sh-Sh-Sh-Sh-Sh-F-F-F-F-F-F-F,713,2,False,True,True,False
403,Sp-Sp-Sp-Sp-Sp-Sp-Sp-Sp-Sp-Sp-Sp-Sp-Sp-Sp-Sp-Sp-F-F-F-F-F-F-F,708,1,False,True,True,True
404,F-F-Sh-Sh-Sh-Sh-Sh-Sh-Sh-Sh-Sh-Sh-Sh-Sh-Sh-Sh-F-F-F-F-F-F-F,705,2,False,True,True,False
405,Wa-Wa-Wa-Wa-Wa-Wa-Wa-Wa-Wa-Wa-B-B-B-B-B-B-B-B-B-B-B-B-B,704,1,False,False,False,False
406,Sp-Sp-Sp-Sp-Sp-Sp-Sp-Sp-Sp-Sp-Sp-Sp-B-B-B-B-B-B-B-B-B-B-B,697,1,False,True,False,False
407,Wa-Wa-Wa-Wa-Wa-Wa-Wa-Wt-Wt-Wt-Wt-Wt-Wt-Wt-Wt-Wt-Wt-Wt-Wt-Wt-Wt-Wt-Wt,695,1,False,True,False,False
408,G-G-G-F-F-F-F-F-F-F-F-F-F-F-F-F-F-F-F-F-F-F-F,692,1,False,True,False,False
409,Sp-Sp-Sp-Sp-F-F-F-F-F-F-F-F-F-F-F-F-F-F-F-F-F-F-F,691,1,False,True,False,False
410,Sp-Sp-Sp-Sp-Sp-Sp-Sp-Sp-Sp-Sp-G-G-G-G-G-G-G-G-G-G-G-G-G,688,1,False,True,False,False
411,B-B-B-B-B-B-B-B-B-B-B-B-B-B-G-G-G-G-G-G-G-G-G,686,1,False,True,False,False
412,F-Sh-Sh-Sh-A-A-A-A-A-A-A-A-A-A-A-A-A-A-A-A-A-A-A,686,2,False,True,False,False
413,F-F-F-F-Sp-Sp-Sp-Sp-Sp-Sp-Sp-Sp-Sp-Sp-Sp-Sp-Sp-Sp-Sp-Sp-Sp-Sp-Sp,680,1,False,True,False,False
414,Sh-Sh-Sh-Sh-Sh-Sh-Sh-Sh-Sh-Sh-Sh-Sh-Sh-Sh-Sh-Sh-Wa-Wa-Wa-Wa-Wa-Wa-Wa,675,1,False,True,True,True
415,B-B-B-B-B-B-B-B-A-A-A-A-A-A-A-A-A-A-A-A-A-A-A,675,1,False,False,False,False
416,Sp-Sp-Sp-Sh-Sh-Sh-Sh-Sh-Sh-Sh-Sh-Sh-Sh-Sh-Sh-Sh-Sh-Sh-Sh-Sh-Sh-Sh-Sh,675,1,False,False,False,False
417,A-A-A-A-U-U-U-U-U-U-U-U-U-U-U-U-U-U-U-U-U-U-U,666,1,False,True,False,False
418,G-G-G-G-G-G-G-B-B-B-B-B-B-B-B-B-B-B-B-B-B-B-B,666,1,False,True,False,False
419,Wa-Wa-Wa-Wa-Wa-Wa-Wa-Wa-F-F-F-F-F-F-F-F-F-F-F-F-F-F-F,657,1,False,False,False,False
420,Wt-Wt-Wt-Wt-Wt-Wt-Wt-Wt-Wt-Wt-Wt-Wt-Wt-Wt-Wt-Wt-Wt-Wt-Wt-Wt-Wt-Wt-F,649,1,False,True,False,False
421,Wa-Wa-Wa-Wa-Wa-F-F-F-F-F-F-F-F-F-F-F-F-F-F-F-F-F-F,640,1,False,True,False,False
422,Wa-Wa-Wa-Wa-Wa-Wa-Wa-Wa-Wa-Wa-Wa-Wa-Sp-Sp-Sp-Sp-Sp-Sp-Sp-Sp-Sp-Sp-Sp,637,1,False,False,False,False
423,Sp-Sp-Sp-Sp-Sp-Sp-Sp-Sp-Sp-Sp-Sp-Sp-Sp-Sp-Sp-Sp-Sp-Sp-B-B-B-B-B,636,1,False,True,False,False
424,F-F-F-F-F-F-Sh-Sh-Sh-Sh-Sh-Sh-Sh-Sh-Sh-Sh-Sh-F-F-F-F-F-F,632,2,False,True,False,False
425,A-A-A-A-A-A-A-A-A-A-A-A-A-A-A-A-A-A-Wt-Wt-Wt-Wt-Wt,629,1,False,True,False,False
426,Sp-Sp-Sp-Sp-Sp-Sp-G-G-G-G-G-G-G-G-G-G-G-G-G-G-G-G-G,628,1,False,True,False,False
427,G-G-G-G-G-G-G-G-G-G-G-G-G-G-G-G-Wa-Wa-Wa-Wa-Wa-Wa-Wa,620,1,False,False,True,True
428,Wa-Wa-Wa-Wa-Sp-Sp-Sp-Sp-Sp-Sp-Sp-Sp-Sp-Sp-Sp-Sp-Sp-Sp-Sp-Sp-Sp-Sp-Sp,618,1,False,True,False,False
429,A-A-A-A-A-A-A-A-A-A-A-A-G-G-G-G-G-G-G-G-G-G-G,616,1,False,False,False,False
430,F-F-Sh-Sh-Sh-A-A-A-A-A-A-A-A-A-A-A-A-A-A-A-A-A-A,613,2,False,True,False,False
431,Sp-Sp-Sp-Sp-Sp-Sp-Sp-Sp-Sp-Sp-Sp-Sp-Sp-Sp-Sp-Sp-Sp-Sp-Sp-B-B-B-B,611,1,False,True,False,False
432,Wa-Wa-Wa-A-A-A-A-A-A-A-A-A-A-A-A-A-A-A-A-A-A-A-A,606,1,False,False,False,False
433,Wa-Wa-Wa-Wa-Wa-Wa-Wa-Wa-Wa-Wa-Wa-B-B-B-B-B-B-B-B-B-B-B-B,603,1,False,False,False,False
434,F-F-B-B-B-B-B-B-B-B-B-B-B-B-B-B-B-B-B-B-B-B-B,594,1,False,True,False,False
435,F-F-F-F-F-F-F-Sh-Sh-Sh-Sh-Sh-Sh-Sh-Sh-Sh-Sh-Sh-F-F-F-F-F,594,2,False,True,False,False
436,Wt-Wt-Wt-Wt-Wt-Wt-Wt-Wt-Wa-Wa-Wa-Wa-Wa-Wa-Wa-Wa-Wa-Wa-Wa-Wa-Wa-Wa-Wa,590,1,False,True,False,False
437,G-G-G-G-G-G-F-F-F-F-F-F-F-F-F-F-F-F-F-F-F-F-F,590,1,False,False,False,False
438,A-A-A-A-A-A-A-A-A-A-A-A-A-A-A-A-A-A-A-Sh-Sh-Sh-Sh,582,1,False,True,False,False
439,F-F-F-F-F-F-F-F-F-F-F-F-F-U-U-U-U-U-U-U-U-U-U,571,1,False,True,False,False
440,G-G-G-G-G-G-G-G-G-G-G-G-G-F-F-F-F-F-F-F-F-F-F,567,1,False,True,False,False
441,G-G-G-G-G-G-G-G-G-G-G-G-G-G-G-G-Sh-Sh-Sh-Sh-Sh-Sh-Sh,565,1,False,True,True,True
442,G-G-G-G-G-G-G-G-G-B-B-B-B-B-B-B-B-B-B-B-B-B-B,565,1,False,True,False,False
443,A-A-A-A-A-A-A-A-A-A-A-A-A-A-A-A-A-A-U-U-U-U-U,560,1,False,True,False,False
444,A-G-G-G-G-G-G-G-G-G-G-G-G-G-G-G-G-G-G-G-G-G-G,559,1,False,False,False,False
445,Sp-Sp-Sp-Sp-Sp-Sp-Sp-Sp-Sp-F-F-F-F-F-F-F-F-F-F-F-F-F-F,556,1,False,False,False,False
446,Wa-Wa-Wa-Wa-Wa-Wa-Wa-Wa-Wa-Wa-F-F-F-F-F-F-F-F-F-F-F-F-F,556,1,False,False,False,False
447,Sp-Sp-Sp-Sp-Sp-Sp-Sp-Sh-Sh-Sh-Sh-Sh-Sh-Sh-Sh-Sh-Sh-Sh-Sh-Sh-Sh-Sh-Sh,554,1,False,True,False,False
448,F-F-F-F-F-F-F-F-Sh-Sh-Sh-Sh-Sh-Sh-Sh-Sh-Sh-Sh-Sh-F-F-F-F,554,2,False,True,False,False
449,Sp-Sp-Sp-Sp-Sp-Sp-Sp-Sp-Sp-Sp-Sp-Sp-Sp-Sh-Sh-Sh-Sh-Sh-Sh-Sh-Sh-Sh-Sh,552,1,False,True,False,False
450,Sh-Sh-G-G-G-G-G-G-G-G-G-G-G-G-G-G-G-G-G-G-G-G-G,551,1,False,True,False,False
451,Wt-Wt-A-A-A-A-A-A-A-A-A-A-A-A-A-A-A-A-A-A-A-A-A,547,1,False,True,False,False
452,Sh-Sh-Sh-Sh-Sh-Sh-Sh-Sh-Sh-Sh-Sh-Sh-Sh-Sh-Sh-Sh-Sh-Sh-Wt-Wt-Wt-Wt-Wt,545,1,False,True,False,False
453,G-G-G-G-G-G-B-B-B-B-B-B-B-B-B-B-B-B-B-B-B-B-B,537,1,False,True,False,False
454,Sh-Sh-Sh-Sh-Sh-Sh-G-G-G-G-G-G-G-G-G-G-G-G-G-G-G-G-G,528,1,False,False,False,False
455,Sp-Sp-Sp-Sp-Sp-Sp-Sp-Sp-Sp-Sp-Sp-Sh-Sh-Sh-Sh-Sh-Sh-Sh-Sh-Sh-Sh-Sh-Sh,526,1,False,True,False,False
456,Sh-Sh-U-U-U-U-U-U-U-U-U-U-U-U-U-U-U-U-U-U-U-U-U,524,1,False,True,False,False
457,Sp-Sp-Sp-Sp-Sp-Sh-Sh-Sh-Sh-Sh-Sh-Sh-Sh-Sh-Sh-Sh-Sh-Sh-Sh-Sh-Sh-Sh-Sh,523,1,False,False,False,False
458,Sp-B-B-B-B-B-B-B-B-B-B-B-B-B-B-B-B-B-Sp-Sp-Sp-Sp-Sp,521,2,False,True,False,False
459,B-B-B-B-B-B-B-B-G-G-G-G-G-G-G-G-G-G-G-G-G-G-G,519,1,False,True,False,False
460,Sp-Sp-Sp-Sp-Sp-Sp-Sp-Sp-Sp-Sp-Sp-Sp-Sp-Sp-Sp-Sp-B-B-Sp-Sp-Sp-Sp-Sp,518,2,False,True,True,False
461,F-B-B-B-B-B-B-B-B-B-B-B-B-B-B-B-B-B-B-B-B-B-B,517,1,False,True,False,False
462,G-G-G-G-G-Sh-Sh-Sh-Sh-Sh-Sh-Sh-Sh-Sh-Sh-Sh-Sh-Sh-Sh-Sh-Sh-Sh-Sh,516,1,False,False,False,False
463,Sh-Sh-Sh-Sh-Sh-Sh-Sh-Sh-Sh-G-G-G-G-G-G-G-G-G-G-G-G-G-G,514,1,False,True,False,False
464,F-F-F-F-F-F-F-F-F-F-F-F-F-F-F-F-F-G-G-G-G-G-G,511,1,False,True,False,False
465,B-B-B-B-B-B-B-B-B-B-B-B-B-B-B-B-B-B-B-Sp-G-G-G,507,2,False,True,False,False
466,Wa-Wa-Wa-Wa-Wa-A-A-A-A-A-A-A-A-A-A-A-A-A-A-A-A-A-A,507,1,False,True,False,False
467,B-B-B-B-B-B-B-B-B-B-B-B-B-B-B-B-B-U-U-U-U-U-U,504,1,False,True,False,False
468,F-F-F-F-F-F-F-F-F-F-F-Wa-Wa-Wa-Wa-Wa-Wa-Wa-Wa-Wa-Wa-Wa-Wa,498,1,False,True,False,False
469,Wa-Wa-Wa-Wa-Wa-Wa-A-A-A-A-A-A-A-A-A-A-A-A-A-A-A-A-A,498,1,False,True,False,False
470,F-F-F-F-F-F-F-F-F-F-F-F-F-F-F-F-F-F-F-F-F-F-G,497,1,False,False,False,False
471,Wt-Sh-Sh-Sh-Sh-Sh-Sh-Sh-Sh-Sh-Sh-Sh-Sh-Sh-Sh-Sh-Sh-Sh-Sh-Sh-Sh-Sh-Sh,491,1,False,True,False,False
472,F-F-F-F-F-F-F-Sh-Sh-Sh-Sh-Sh-Sh-Sh-Sh-Sh-Sh-Sh-Sh-F-F-F-F,490,2,False,True,False,False
473,Wa-Wa-F-F-F-F-F-F-F-F-F-F-F-F-F-F-F-F-F-F-F-F-F,479,1,False,True,False,False
474,Sh-Sh-Sh-Sh-Sh-Sh-Sh-Sh-Sh-Sh-Sh-Sh-Sh-Sh-Wa-Wa-Wa-Wa-Wa-Wa-Wa-Wa-Wa,478,1,False,True,False,False
475,A-A-A-A-A-A-A-A-A-A-A-A-A-Sh-Sh-Sh-Sh-Sh-Sh-Sh-Sh-Sh-Sh,474,1,False,True,False,False
476,Wa-Wa-Wa-Wa-Wa-Wa-Wa-Wa-Wa-G-G-G-G-G-G-G-G-G-G-G-G-G-G,468,1,False,False,False,False
477,Wt-Wt-Wt-Wt-Wt-Wt-Wt-Wt-Wt-Wt-Wt-Wt-Wt-Wt-Wt-Wt-Wt-Wt-Wt-Wt-Wt-A-A,466,1,False,True,False,False
478,Sp-Sp-Sp-Sp-Sp-Sp-Sp-Sp-Sp-Sp-Sp-Sp-Sp-Sp-Sp-Sp-Sp-B-B-B-B-B-B,461,1,False,True,False,False
479,F-F-F-F-F-F-F-F-F-B-B-B-B-B-B-B-B-B-B-B-B-B-B,460,1,False,True,False,False
480,Sp-Sp-B-B-B-B-B-B-B-B-B-B-B-B-B-B-B-B-B-Sp-Sp-Sp-Sp,459,2,False,True,False,False
481,Sh-Sh-Sh-Sh-Sh-Sh-Sh-Sh-Sh-Sh-Sh-G-G-G-G-G-G-G-G-G-G-G-G,455,1,False,True,False,False
482,Wt-Wt-Wt-Sh-Sh-Sh-Sh-Sh-Sh-Sh-Sh-Sh-Sh-Sh-Sh-Sh-Sh-Sh-Sh-Sh-Sh-Sh-Sh,454,1,False,True,False,False
483,F-F-F-F-F-F-F-F-F-F-F-F-G-G-G-G-G-G-G-G-G-G-G,452,1,False,True,False,False
484,Sp-Sp-Sp-Sp-Sp-Sp-Sp-Sp-Sp-Sp-Sp-Sp-Sp-Sp-Sp-Sp-Sp-Sp-Sp-Sp-Sp-Sp-G,449,1,False,False,False,False
485,G-G-G-G-G-G-G-G-Sh-Sh-Sh-Sh-Sh-Sh-Sh-Sh-Sh-Sh-Sh-Sh-Sh-Sh-Sh,446,1,False,True,False,False
486,G-G-G-G-Sh-Sh-Sh-Sh-Sh-Sh-Sh-Sh-Sh-Sh-Sh-Sh-Sh-Sh-Sh-Sh-Sh-Sh-Sh,442,1,False,False,False,False
487,Wa-Wa-Wa-Wa-Wa-Wa-Wa-Wa-Wa-Wa-Wa-Wa-Wa-Wa-Wa-Wa-Wa-Wa-Wa-Wa-F-F-F,442,1,False,True,False,False
488,Wt-Wt-Wt-Wt-Wt-Wt-Wt-Wt-Wt-Wt-Wt-Wt-Wt-Wt-Wt-Wt-Wt-Wt-Wt-Wa-Wa-Wa-Wa,441,1,False,True,False,False
489,Sp-Sp-Sp-Sp-Sp-Sp-Sp-Sp-Sp-Sp-Sp-Sp-Sp-Sp-B-B-B-B-B-B-B-B-B,440,1,False,True,False,False
490,A-A-A-A-G-G-G-G-G-G-G-G-G-G-G-G-G-G-G-G-G-G-G,436,1,False,False,False,False
491,F-F-Wa-Wa-Wa-Wa-Wa-Wa-Wa-Wa-Wa-Wa-Wa-Wa-Wa-Wa-Wa-Wa-Wa-Wa-Wa-Wa-Wa,436,1,False,True,False,False
492,Wt-Wt-Wt-Wt-Wt-Wt-Sh-Sh-Sh-Sh-Sh-Sh-Sh-Sh-Sh-Sh-Sh-Sh-Sh-Sh-Sh-Sh-Sh,434,1,False,True,False,False
493,F-Sh-Sh-Sh-Sh-A-A-A-A-A-A-A-A-A-A-A-A-A-A-A-A-A-A,433,2,False,True,False,False
494,Wa-Wa-Wa-Wa-Wa-Wa-Wa-Wa-Wa-Wa-Wa-Sh-Sh-Sh-Sh-Sh-Sh-Sh-Sh-Sh-Sh-Sh-Sh,432,1,False,True,False,False
495,F-F-F-Sh-Sh-Sh-Sh-Sh-Sh-Sh-Sh-Sh-Sh-Sh-Sh-Sh-Sh-Sh-Sh-F-F-F-F,432,2,False,True,False,False
496,Sp-Sp-Sp-Sp-Sp-Sp-Sp-Sp-Sp-Sp-Sp-Sp-Sp-Sp-Sp-Sp-Wa-Wa-Wa-Wa-Wa-Wa-Wa,430,1,False,True,True,True
497,Wt-Wt-Wt-Wt-Wt-Wt-Wt-A-A-A-A-A-A-A-A-A-A-A-A-A-A-A-A,428,1,False,True,False,False
498,Wt-Wt-Wt-Wt-Wt-Wt-Wt-Wt-Wt-Wt-Wt-Wa-Wa-Wa-Wa-Wa-Wa-Wa-Wa-Wa-Wa-Wa-Wa,427,1,False,True,False,False
499,G-G-G-G-G-F-F-F-F-F-F-F-F-F-F-F-F-F-F-F-F-F-F,426,1,False,False,False,False
500,Wa-Wa-Wa-Wa-Wa-Wa-Wa-Wa-Wa-Wa-Wa-Wa-Wa-Sh-Sh-Sh-Sh-Sh-Sh-Sh-Sh-Sh-Sh,420,1,False,False,False,False
501,Sh-Sh-Sh-Sh-Sh-Sh-Sh-Sh-Sh-Sh-Sh-Sh-Sh-Sh-Sh-U-U-U-U-U-U-U-U,415,1,False,True,False,False
502,Wt-Wt-Wt-Wt-Wt-A-A-A-A-A-A-A-A-A-A-A-A-A-A-A-A-A-A,411,1,False,True,False,False
503,Wt-Wt-Wt-Wt-Wt-Wt-Wt-Sh-Sh-Sh-Sh-Sh-Sh-Sh-Sh-Sh-Sh-Sh-Sh-Sh-Sh-Sh-Sh,409,1,False,True,False,False
504,Sp-Sp-Sp-Sp-Sp-Sp-Sp-Sp-Sp-Sp-Sp-Sp-Sp-Sp-Sp-Sp-Sp-Sp-F-F-F-F-F,408,1,False,True,False,False
505,Sh-Sh-Sh-Sh-Sh-Sh-Sh-Sh-Sh-Sh-Sh-Sh-Sh-Sh-Sh-Sh-G-G-G-G-G-G-G,401,1,False,False,True,True
506,F-A-A-A-A-A-A-A-A-A-A-A-A-A-A-A-F-F-F-F-F-F-F,401,2,False,True,True,False
507,Sp-Sp-Sp-Sp-Sh-Sh-Sh-Sh-Sh-Sh-Sh-Sh-Sh-Sh-Sh-Sh-Sh-Sh-Sh-Sh-Sh-Sh-Sh,401,1,False,False,False,False
508,G-G-G-G-G-G-G-Sh-Sh-Sh-Sh-Sh-Sh-Sh-Sh-Sh-Sh-Sh-Sh-Sh-Sh-Sh-Sh,396,1,False,True,False,False
509,A-A-A-A-F-F-F-F-F-F-F-F-F-F-F-F-A-A-A-A-A-A-A,395,2,False,False,True,False
510,Sh-Sp-Sp-Sp-Sp-Sp-Sp-Sp-Sp-Sp-Sp-Sp-Sp-Sp-Sp-Sp-Sp-Sp-Sp-Sp-Sp-Sp-Sp,393,1,False,True,False,False
511,Wa-Sh-Sh-Sh-Sh-Sh-Sh-Sh-Sh-Sh-Sh-Sh-Sh-Sh-Sh-Sh-Sh-Sh-Sh-Sh-Sh-Sh-Sh,392,1,False,True,False,False
512,Wa-Wa-Wa-Wa-Wa-Wa-Wa-Wa-Wa-Wa-Wa-Wa-Wa-Wa-Wa-Wa-Sp-Sp-Sp-Sp-Sp-Sp-Sp,390,1,False,False,True,True
513,Sh-Sh-Sh-Sh-Sh-Sh-Sh-Sh-Sh-Sh-Sh-Sh-Sh-Sh-Sh-Sh-Sh-G-G-G-G-G-G,387,1,False,False,False,False
514,Sp-Sp-Sp-Sp-Sp-Sp-Sp-Sp-Sp-Sp-Sp-Sp-Sp-Sp-Sp-Sp-Sp-Sp-Sp-Sp-Sp-B-B,387,1,False,True,False,False
515,Wa-Wa-Wa-Wa-Wa-Wa-Wa-Sh-Sh-Sh-Sh-Sh-Sh-Sh-Sh-Sh-Sh-Sh-Sh-Sh-Sh-Sh-Sh,387,1,False,True,False,False
516,G-G-G-G-G-G-G-G-G-G-G-F-F-F-F-F-F-F-F-F-F-F-F,382,1,False,True,False,False
517,Wa-Wa-Wa-Wa-Wa-Wa-Wa-Wa-Wa-Wa-Wa-F-F-F-F-F-F-F-F-F-F-F-F,379,1,False,False,False,False
518,Wa-Wa-A-A-A-A-A-A-A-A-A-A-A-A-A-A-A-A-A-A-A-A-A,377,1,False,True,False,False
519,Wa-Wa-Wa-Wa-Wa-Wa-Wa-Wa-Wa-B-B-B-B-B-B-B-B-B-B-B-B-B-B,376,1,False,False,False,False
520,F-F-F-F-F-F-F-F-F-Wa-Wa-Wa-Wa-Wa-Wa-Wa-Wa-Wa-Wa-Wa-Wa-Wa-Wa,372,1,False,True,False,False
521,G-G-G-G-G-G-G-G-G-G-G-G-G-G-G-G-G-G-G-A-A-A-A,370,1,False,False,False,False
522,F-F-F-F-F-F-F-F-F-F-F-F-F-F-F-F-F-F-F-F-F-F-U,369,1,False,True,False,False
523,F-Sh-Sh-Sh-Sh-Sh-Sh-Sh-Sh-Sh-Sh-Sh-Sh-Sh-Sh-Sh-Sh-F-F-F-F-F-F,367,2,False,True,False,False
524,Wt-Wt-Wt-Wt-Wt-Wt-Wt-Wa-Wa-Wa-Wa-Wa-Wa-Wa-Wa-Wa-Wa-Wa-Wa-Wa-Wa-Wa-Wa,366,1,False,True,False,False
525,Wa-Wa-Wa-Wa-Wa-Wa-Wa-Wa-Wa-Wa-Wt-Wt-Wt-Wt-Wt-Wt-Wt-Wt-Wt-Wt-Wt-Wt-Wt,366,1,False,False,False,False
526,G-G-G-G-G-G-G-G-G-G-G-G-A-A-A-A-A-A-A-A-A-A-A,365,1,False,False,False,False
527,Sp-Sh-Sh-Sh-Sh-Sh-Sh-Sh-Sh-Sh-Sh-Sh-Sh-Sh-Sh-Sh-Sh-Sh-Sh-Sh-Sh-Sh-Sh,364,1,False,False,False,False
528,F-F-F-F-B-B-B-B-B-B-B-B-B-B-B-B-B-B-B-B-B-B-B,364,1,False,True,False,False
529,F-F-F-F-Sh-Sh-Sh-Sh-Sh-Sh-Sh-Sh-Sh-Sh-Sh-Sh-Sh-Sh-Sh-F-F-F-F,364,2,False,True,False,False
530,B-B-B-B-B-B-B-B-B-B-B-B-B-B-B-B-B-G-G-G-G-G-G,363,1,False,True,False,False
531,Sh-Sh-Sh-Sh-Sh-Sh-Sh-Sh-Wa-Wa-Wa-Wa-Wa-Wa-Wa-Wa-Wa-Wa-Wa-Wa-Wa-Wa-Wa,361,1,False,True,False,False
532,Sh-Sh-Sh-Sh-Sh-G-G-G-G-G-G-G-G-G-G-G-G-G-G-G-G-G-G,361,1,False,True,False,False
533,B-B-B-B-B-B-B-B-B-B-B-G-G-G-G-G-G-G-G-G-G-G-G,360,1,False,False,False,False
534,Sp-Sp-Sp-Sp-Sp-Sp-Sp-Sp-Sp-Sp-B-B-B-B-B-B-B-B-B-Sp-Sp-Sp-Sp,360,2,False,True,False,False
535,Wa-Wa-Wa-Wa-Wa-Wa-Wa-Sp-Sp-Sp-Sp-Sp-Sp-Sp-Sp-Sp-Sp-Sp-Sp-Sp-Sp-Sp-Sp,360,1,False,False,False,False
536,Wa-Wa-Wa-Wa-Wa-Wa-Wa-Wa-B-B-B-B-B-B-B-B-B-B-B-B-B-B-B,359,1,False,False,False,False
537,Sh-Sh-Sh-G-G-G-G-G-G-G-G-G-G-G-G-G-G-G-G-G-G-G-G,357,1,False,True,False,False
538,Sh-Sh-Sh-Sh-Sh-Sh-Sh-Sh-Sh-Sh-Sh-Sh-Sh-Sh-Sh-Sh-Sh-Sh-Sh-Sh-Sh-Sh-G,355,1,False,False,False,False
539,A-A-A-A-A-A-A-A-A-A-A-A-A-A-A-A-A-Wt-Wt-Wt-Wt-Wt-Wt,354,1,False,True,False,False
540,F-F-F-Sp-Sp-Sp-Sp-Sp-Sp-Sp-Sp-Sp-Sp-Sp-Sp-Sp-Sp-Sp-Sp-Sp-Sp-Sp-Sp,353,1,False,True,False,False
541,F-F-F-F-F-F-F-F-F-F-Sp-Sp-Sp-Sp-Sp-Sp-Sp-Sp-Sp-Sp-Sp-Sp-Sp,352,1,False,True,False,False
542,Sp-Sp-Sp-Sp-Sp-Sp-Sp-Sp-Sp-Sp-Sp-Sp-Sp-Sp-Sp-Sp-Sp-Sp-Sp-Sp-A-A-A,351,1,False,False,False,False
543,Wa-Wa-Wa-Wa-Wa-Wa-Wa-Wa-Wa-Wa-Wa-Wa-Sh-Sh-Sh-Sh-Sh-Sh-Sh-Sh-Sh-Sh-Sh,350,1,False,False,False,False
544,B-B-B-B-B-B-B-B-B-B-B-B-G-G-G-G-G-G-G-G-G-G-G,349,1,False,True,False,False
545,F-Sh-Sh-Sh-Sh-Sh-Sh-Sh-Sh-Sh-Sh-Sh-Sh-Sh-F-F-F-F-F-F-F-F-F,349,2,False,True,False,False
546,F-F-F-Sh-Sh-Sh-Sh-Sh-Sh-Sh-Sh-Sh-Sh-Sh-Sh-Sh-Sh-F-F-F-F-F-F,348,2,False,True,False,False
547,Sh-Sh-Sh-Sh-G-G-G-G-G-G-G-G-G-G-G-G-G-G-G-G-G-G-G,347,1,False,True,False,False
548,Sh-Sh-Sh-Sh-Sh-Sh-Sh-Sh-Sh-Sh-Sh-Sh-Sh-Sh-Sh-Sh-Sh-Sh-Sh-Wa-Wa-Wa-Wa,346,1,False,True,False,False
549,Sh-Sh-Sh-Sh-Sh-Sh-Sh-Sh-Sh-Sh-Sh-Sh-Sh-Sh-Sh-Sh-Sh-Sh-Sh-Sh-G-G-G,346,1,False,False,False,False
550,Wa-Wa-Wa-Wa-Wa-Wa-Wa-Wa-A-A-A-A-A-A-A-A-A-A-A-A-A-A-A,345,1,False,False,False,False
551,G-G-G-G-G-A-A-A-A-A-A-A-A-A-A-A-A-A-A-A-A-A-A,343,1,False,False,False,False
552,F-F-F-A-A-A-A-A-A-A-A-A-A-A-A-A-F-F-F-F-F-F-F,342,2,False,True,True,False
553,Wa-Wa-Wa-Wa-Wa-Wa-Wa-Wa-Wa-Wa-Wa-Wa-Wa-Sp-Sp-Sp-Sp-Sp-Sp-Sp-Sp-Sp-Sp,338,1,False,False,False,False
554,F-F-F-F-F-Sh-Sh-Sh-Sh-Sh-Sh-Sh-Sh-Sh-Sh-Sh-Sh-Sh-Sh-F-F-F-F,335,2,False,True,False,False
555,F-F-F-F-F-F-F-F-F-F-F-F-F-F-F-F-F-F-F-Sp-Sp-Sp-Sp,335,1,False,False,False,False
556,F-F-F-F-F-F-F-F-F-F-F-F-F-F-U-U-U-U-U-U-U-U-U,335,1,False,True,False,False
557,B-B-B-B-G-G-G-G-G-G-G-G-G-G-G-G-G-G-G-G-G-G-G,333,1,False,True,False,False
558,G-G-G-G-G-G-G-G-G-Sh-Sh-Sh-Sh-Sh-Sh-Sh-Sh-Sh-Sh-Sh-Sh-Sh-Sh,332,1,False,True,False,False
559,F-F-F-F-F-F-F-F-F-F-F-F-F-F-F-F-F-F-Sp-Sp-Sp-Sp-Sp,332,1,False,True,False,False
560,F-Sh-Sh-Sh-Sh-Sh-Sh-Sh-Sh-Sh-A-A-A-A-A-A-A-A-A-A-A-A-A,332,2,False,True,False,False
561,Sp-Sp-Sp-Sp-Sp-Sp-Sp-Sp-Sp-Sp-Sh-Sh-Sh-Sh-Sh-Sh-Sh-Sh-Sh-Sh-Sh-Sh-Sh,327,1,False,False,False,False
562,Sh-Sh-Sh-Sh-Sh-Sh-Sh-F-F-F-F-F-F-F-F-F-F-F-F-Sh-Sh-Sh-Sh,322,2,False,False,False,False
563,F-F-F-F-Wa-Wa-Wa-Wa-Wa-Wa-Wa-Wa-Wa-Wa-Wa-Wa-Wa-Wa-Wa-Wa-Wa-Wa-Wa,322,1,False,True,False,False
564,G-G-G-G-A-A-A-A-A-A-A-A-A-A-A-A-A-A-A-A-A-A-A,322,1,False,False,False,False
565,Wa-Wa-Wa-Wa-Wa-Wa-Wa-Wa-Wa-Wa-Wa-Wa-Wa-Wa-Wa-Wa-G-G-G-G-G-G-G,317,1,False,False,True,True
566,Sp-Sp-Sp-Sp-Sp-Sp-Sh-Sh-Sh-Sh-Sh-Sh-Sh-Sh-Sh-Sh-Sh-Sh-Sh-Sh-Sh-Sh-Sh,317,1,False,True,False,False
567,F-F-F-F-F-F-F-F-F-F-F-F-F-F-F-F-F-F-F-F-G-G-G,316,1,False,True,False,False
568,Wa-Wa-Wa-Wa-Wa-Wa-Wa-Wa-Wa-Wa-Wa-Wa-G-G-G-G-G-G-G-G-G-G-G,313,1,False,False,False,False
569,F-A-A-A-A-A-A-A-A-A-A-A-A-A-A-A-A-A-A-F-F-F-F,313,2,False,True,False,False
570,Sp-Sp-Sp-Sp-Sp-Sp-Sp-Sp-Sp-Sp-Sp-Sp-G-G-G-G-G-G-G-G-G-G-G,310,1,False,False,False,False
571,F-F-F-F-F-F-F-Wa-Wa-Wa-Wa-Wa-Wa-Wa-Wa-Wa-Wa-Wa-Wa-Wa-Wa-Wa-Wa,308,1,False,True,False,False
572,F-F-F-F-F-F-F-Sp-Sp-Sp-Sp-Sp-Sp-Sp-Sp-Sp-Sp-Sp-Sp-Sp-Sp-Sp-Sp,308,1,False,True,False,False
573,Wa-Wa-Wa-Wa-Wa-Wa-Wa-Wa-Wa-Wa-Wa-Wa-Wt-Wt-Wt-Wt-Wt-Wt-Wt-Wt-Wt-Wt-Wt,305,1,False,False,False,False
574,G-G-G-G-G-G-G-G-G-G-G-G-G-G-G-G-B-B-B-B-B-B-B,305,1,False,True,True,True
575,F-F-F-F-F-F-Sh-Sh-Sh-Sh-Sh-Sh-Sh-Sh-Sh-Sh-Sh-Sh-Sh-F-F-F-F,301,2,False,True,False,False
576,F-F-F-F-F-F-F-F-F-F-F-F-F-F-F-F-F-F-Wa-Wa-Wa-Wa-Wa,300,1,False,False,False,False
577,Wa-Wa-Wa-Wa-Wa-Wa-Wa-F-F-F-F-F-F-F-F-F-F-F-F-F-F-F-F,299,1,False,True,False,False
578,Sp-Sp-Sp-Sp-Sp-Sp-Sp-Sp-Sp-Sp-Sp-Sp-Sp-Sp-Sp-Sp-Sp-F-F-F-F-F-F,299,1,False,True,False,False
579,Sp-Sp-Sp-Sp-Sp-Sp-U-U-U-U-U-U-U-U-U-U-U-U-U-U-U-U-U,299,1,False,True,False,False
580,Sp-B-B-B-B-B-B-B-B-B-B-B-B-B-B-B-B-B-B-Sp-Sp-Sp-Sp,296,2,False,True,False,False
581,Sh-Sh-Sh-U-U-U-U-U-U-U-U-U-U-U-U-U-U-U-U-U-U-U-U,295,1,False,True,False,False
582,Wa-Wa-Wa-Wa-Wa-Wa-B-B-B-B-B-B-B-B-B-B-B-B-B-B-B-B-B,294,1,False,True,False,False
583,F-F-F-F-F-F-F-F-F-F-F-F-F-F-Sp-Sp-Sp-Sp-Sp-Sp-Sp-Sp-Sp,292,1,False,False,False,False
584,Wt-Wt-Wt-Wt-Wt-Wt-Wt-Wt-Wt-Wt-Wt-Wt-Wt-Wt-Wt-Wt-Wt-Wt-Wt-Wt-Wt-F-F,292,1,False,True,False,False
585,F-Sh-Sh-Sh-Sh-Sh-Sh-Sh-Sh-Sh-Sh-Sh-Sh-Sh-Sh-Sh-Sh-Sh-F-F-F-F-F,292,2,False,True,False,False
586,F-F-F-Sh-Sh-Sh-Sh-Sh-Sh-Sh-Sh-Sh-Sh-Sh-Sh-Sh-Sh-Sh-F-F-F-F-F,291,2,False,True,False,False
587,F-F-F-F-F-F-F-F-F-F-F-F-F-G-G-G-G-G-G-G-G-G-G,289,1,False,True,False,False
588,B-B-B-B-B-B-B-B-Wa-Wa-Wa-Wa-Wa-Wa-Wa-Wa-Wa-Wa-Wa-Wa-Wa-Wa-Wa,289,1,False,False,False,False
589,Sp-U-U-U-U-U-U-U-U-U-U-U-U-U-U-U-U-U-U-U-U-U-U,289,1,False,True,False,False
590,F-F-F-F-A-A-A-A-A-A-A-A-A-A-A-A-F-F-F-F-F-F-F,286,2,False,True,True,False
591,F-F-F-Sh-Sh-Sh-Sh-Sh-Sh-Sh-Sh-Sh-Sh-Sh-F-F-F-F-F-F-F-F-F,286,2,False,True,False,False
592,Wa-Wa-Wa-Wa-Wa-Wa-Wa-Wa-Wa-Wa-Wa-Wa-F-F-F-F-F-F-F-F-F-F-F,281,1,False,False,False,False
593,Sp-Sp-Sp-Sp-Sp-Sp-Sp-Sp-Sp-Sh-Sh-Sh-Sh-Sh-Sh-Sh-Sh-Sh-Sh-Sh-Sh-Sh-Sh,280,1,False,True,False,False
594,F-F-F-Wa-Wa-Wa-Wa-Wa-Wa-Wa-Wa-Wa-Wa-Wa-Wa-Wa-Wa-Wa-Wa-Wa-Wa-Wa-Wa,280,1,False,True,False,False
595,Sh-Sh-Sh-Sh-Sh-Sh-Sh-Sh-Sh-Sh-Sh-Sh-Sh-Sh-Sh-Sh-Sh-Sh-Sh-Sh-Sh-A-A,280,1,False,False,False,False
596,F-F-F-F-F-F-F-F-F-F-F-Sp-Sp-Sp-Sp-Sp-Sp-Sp-Sp-Sp-Sp-Sp-Sp,280,1,False,False,False,False
597,F-F-Sh-Sh-Sh-Sh-Sh-Sh-Sh-Sh-Sh-Sh-Sh-Sh-Sh-Sh-Sh-F-F-F-F-F-F,279,2,False,True,False,False
598,A-F-F-F-F-F-F-F-F-F-F-F-F-F-F-F-A-A-A-A-A-A-A,277,2,False,False,True,False
599,Sp-Sp-Sp-Sp-Sp-Sp-Sp-Sp-Sp-Sp-Sp-Sp-Sp-Sp-Sp-Sp-Sp-Sp-Sp-Wa-Wa-Wa-Wa,277,1,False,False,False,False
600,F-Wt-Wt-Wt-Wt-Wt-Wt-Wt-Wt-Wt-F-F-F-F-F-F-F-F-F-F-F-F-F,277,2,False,True,False,False
601,Sp-F-F-F-F-F-F-F-F-F-F-F-F-F-F-F-F-F-F-F-F-F-F,276,1,False,False,False,False
602,Sh-Sh-Sh-Sh-Sh-Sh-Sh-Sh-Sh-Sh-Wa-Wa-Wa-Wa-Wa-Wa-Wa-Wa-Wa-Wa-Wa-Wa-Wa,275,1,False,True,False,False
603,G-G-G-G-G-B-B-B-B-B-B-B-B-B-B-B-B-B-B-B-B-B-B,275,1,False,True,False,False
604,Sh-Sh-Sh-Sh-Sh-Sh-Sh-Sh-Sh-Sh-Sh-Wa-Wa-Wa-Wa-Wa-Wa-Wa-Wa-Wa-Wa-Wa-Wa,273,1,False,True,False,False
605,Wa-G-G-G-G-G-G-G-G-G-G-G-G-G-G-G-G-G-G-G-G-G-G,272,1,False,False,False,False
606,Wa-Wa-Wa-Wa-G-G-G-G-G-G-G-G-G-G-G-G-G-G-G-G-G-G-G,271,1,False,True,False,False
607,B-B-B-B-B-B-B-G-G-G-G-G-G-G-G-G-G-G-G-G-G-G-G,268,1,False,True,False,False
608,Sh-Sh-Sh-Sh-Sh-Sh-Sh-Sh-Sh-Sh-Sh-Sh-Sh-Sh-Sh-Sh-Sp-Sp-Sp-Sp-Sp-Sp-Sp,267,1,False,False,True,True
609,F-F-F-B-B-B-B-B-B-B-B-B-B-B-B-B-B-B-B-B-B-B-B,264,1,False,True,False,False
610,A-A-A-A-A-A-A-F-F-F-F-F-F-F-F-F-F-F-F-A-A-A-A,264,2,False,False,False,False
611,Sp-Sp-Sp-Sp-Sp-Sp-Sp-Sp-Sp-Sp-Sp-Sp-Sp-Sp-Sp-Sp-Sp-Sp-U-U-U-U-U,263,1,False,False,False,False
612,B-B-B-B-B-B-B-B-B-B-B-A-A-A-A-A-A-A-A-A-A-A-A,263,1,False,False,False,False
613,F-F-F-F-F-A-A-A-A-A-A-A-A-A-A-A-F-F-F-F-F-F-F,263,2,False,True,True,False
614,A-A-A-A-F-F-F-F-F-F-F-F-F-F-F-F-F-F-A-A-A-A-A,262,2,False,False,False,False
615,F-F-F-F-F-F-F-F-F-F-F-F-Wa-Wa-Wa-Wa-Wa-Wa-Wa-Wa-Wa-Wa-Wa,262,1,False,True,False,False
616,G-G-G-G-G-G-G-G-G-G-G-G-B-B-B-B-B-B-B-B-B-B-B,261,1,False,True,False,False
617,F-F-F-F-F-Wa-Wa-Wa-Wa-Wa-Wa-Wa-Wa-Wa-Wa-Wa-Wa-Wa-Wa-Wa-Wa-Wa-Wa,260,1,False,True,False,False
618,F-F-F-F-F-F-F-F-F-F-F-F-F-F-F-F-F-F-F-F-F-A-Sh,258,2,False,True,False,False
619,Wa-Wa-Wa-Sp-Sp-Sp-Sp-Sp-Sp-Sp-Sp-Sp-Sp-Sp-Sp-Sp-Sp-Sp-Sp-Sp-Sp-Sp-Sp,256,1,False,True,False,False
620,F-F-F-F-F-F-F-F-F-F-F-F-U-U-U-U-U-U-U-U-U-U-U,254,1,False,True,False,False
621,Sp-Sp-Sh-Sh-Sh-Sh-Sh-Sh-Sh-Sh-Sh-Sh-Sh-Sh-Sh-Sh-Sh-Sh-Sh-Sh-Sh-Sh-Sh,253,1,False,False,False,False
622,G-G-G-G-G-G-G-G-G-G-B-B-B-B-B-B-B-B-B-B-B-B-B,250,1,False,True,False,False
623,Wt-Wt-Wt-Wt-Wt-Wt-Wt-Wt-Wt-Wt-Wt-Wt-Wt-Wt-Wt-Wt-Wt-Wt-Wt-Wt-Wt-Sh-Sh,250,1,False,True,False,False
624,Sp-Sp-B-B-B-B-B-B-B-B-B-B-B-B-B-B-B-B-B-B-Sp-Sp-Sp,248,2,False,True,False,False
625,F-Wt-Wt-A-A-A-A-A-A-A-A-A-A-A-A-A-A-A-A-A-A-A-A,247,2,False,False,False,False
626,G-G-G-G-G-G-G-G-G-G-G-G-G-B-B-B-B-B-B-B-B-B-B,247,1,False,True,False,False
627,Sp-Sp-Sp-Sp-Sp-Sp-Sp-Sp-Sp-Sp-Sp-Sp-Sp-Sp-Sp-Sp-B-B-B-B-B-B-Sp,247,2,False,True,True,False
628,F-F-F-F-F-F-F-F-F-F-F-F-F-F-F-F-F-F-F-F-F-U-U,247,1,False,True,False,False
629,Sp-Sp-Sp-Sp-Sp-Sp-Sp-Sp-Sp-Sp-F-F-F-F-F-F-F-F-F-F-F-F-F,246,1,False,True,False,False
630,F-Sh-Sh-Sh-Sh-Sh-Sh-Sh-Sh-A-A-A-A-A-A-A-A-A-A-A-A-A-A,245,2,False,True,False,False
631,G-G-G-G-G-G-G-G-G-G-G-B-B-B-B-B-B-B-B-B-B-B-B,245,1,False,True,False,False
632,Wa-Wa-Wa-Wa-Wa-Wa-Wa-Wa-Wa-Wa-Wa-Wa-Wa-Wa-Wa-Wa-Wa-Wa-Wt-Wt-Wt-Wt-Wt,241,1,False,False,False,False
633,Sp-Sp-Sp-Sp-Sp-Sp-Sp-Sp-Sp-Sp-Sp-Sp-Sp-Sp-Sp-Sp-Sp-B-B-Sp-Sp-Sp-Sp,241,2,False,True,False,False
634,Wa-Wa-Wa-Wa-Wa-Wa-G-G-G-G-G-G-G-G-G-G-G-G-G-G-G-G-G,239,1,False,True,False,False
635,A-A-F-F-F-F-F-F-F-F-F-F-F-F-F-F-F-F-A-A-A-A-A,238,2,False,False,False,False
636,F-F-F-F-Sh-Sh-Sh-Sh-Sh-Sh-Sh-Sh-Sh-Sh-Sh-Sh-Sh-F-F-F-F-F-F,237,2,False,True,False,False
637,Wa-Wa-Wa-Wa-Wa-G-G-G-G-G-G-G-G-G-G-G-G-G-G-G-G-G-G,235,1,False,False,False,False
638,Sp-Sp-Sp-Sp-Sp-Sp-Sp-Sp-Sp-Sp-Sp-Sp-Sp-Sp-Sp-Sp-Sp-Sp-Sp-Sp-Sp-Sp-U,235,1,False,True,False,False
639,Wa-Sp-Sp-Sp-Sp-Sp-Sp-Sp-Sp-Sp-Sp-Sp-Sp-Sp-Sp-Sp-Sp-Sp-Sp-Sp-Sp-Sp-Sp,234,1,False,True,False,False
640,G-G-G-G-G-G-G-G-G-G-G-G-G-G-G-G-G-G-G-Wa-Wa-Wa-Wa,233,1,False,False,False,False
641,B-B-B-B-B-B-B-B-B-G-G-G-G-G-G-G-G-G-G-G-G-G-G,232,1,False,True,False,False
642,Wt-Wt-Wt-Wt-G-G-G-G-G-G-G-G-G-G-G-G-G-G-G-G-G-G-G,231,1,False,False,False,False
643,F-F-Wa-Wa-Wa-Wa-Wa-Wa-Wa-Wa-Wa-Wa-Wa-Wa-Wa-Wa-Wt-Wt-Wt-Wt-Wt-Wt-Wt,229,2,False,False,True,False
644,F-F-Wt-Wt-A-A-A-A-A-A-A-A-A-A-A-A-A-A-A-A-A-A-A,228,2,False,True,False,False
645,Sp-Sp-Sp-Sp-Sp-Sp-Sp-U-U-U-U-U-U-U-U-U-U-U-U-U-U-U-U,227,1,False,True,False,False
646,G-G-G-G-G-G-G-G-G-G-G-G-G-G-G-G-G-G-G-B-B-B-B,227,1,False,True,False,False
647,Sp-Sp-Sp-Sp-Sp-Sp-Sp-Sp-Sp-Sp-Sp-Sp-Sp-B-B-B-B-B-B-Sp-Sp-Sp-Sp,226,2,False,True,False,False
648,Sp-Sp-B-B-B-B-B-B-B-B-B-B-B-B-B-B-B-B-Sp-Sp-Sp-Sp-Sp,226,2,False,True,False,False
649,Sp-Sp-Sp-Sp-Sp-Sp-Sp-Sp-A-A-A-A-A-A-A-A-A-A-A-A-A-A-A,225,1,False,False,False,False
650,Wa-Wa-Wa-Wa-Wa-Wa-Wa-Wa-G-G-G-G-G-G-G-G-G-G-G-G-G-G-G,225,1,False,False,False,False
651,G-Sh-Sh-Sh-Sh-Sh-Sh-Sh-Sh-Sh-Sh-Sh-Sh-Sh-Sh-Sh-Sh-Sh-Sh-Sh-Sh-Sh-Sh,223,1,False,False,False,False
652,Sh-Sh-Sh-Sh-F-F-F-F-F-F-F-F-F-F-F-F-F-F-F-Sh-Sh-Sh-Sh,222,2,False,False,False,False
653,G-Wa-Wa-Wa-Wa-Wa-Wa-Wa-Wa-Wa-Wa-Wa-Wa-Wa-Wa-Wa-Wa-Wa-Wa-Wa-Wa-Wa-Wa,222,1,False,True,False,False
654,A-A-A-A-A-A-A-A-A-A-A-A-A-A-Wa-Wa-Wa-Wa-Wa-Wa-Wa-Wa-Wa,220,1,False,True,False,False
655,Sp-Sp-Sp-Sp-Sp-Sp-Sp-Sp-Sp-Sp-Sp-Sp-Sp-U-U-U-U-U-U-U-U-U-U,220,1,False,True,False,False
656,A-A-A-A-A-A-A-A-A-A-A-A-A-A-A-A-Wa-Wa-Wa-Wa-Wa-Wa-Wa,220,1,False,True,True,True
657,F-Sh-Sh-Sh-Sh-Sh-Sh-Sh-A-A-A-A-A-A-A-A-A-A-A-A-A-A-A,220,2,False,True,False,False
658,F-F-F-F-F-F-F-Sh-Sh-Sh-Sh-Sh-Sh-Sh-Sh-Sh-F-F-F-F-F-F-F,219,2,False,True,True,False
659,F-F-A-A-A-A-A-A-A-A-A-A-A-A-A-A-F-F-F-F-F-F-F,218,2,False,True,True,False
660,A-A-A-A-A-A-G-G-G-G-G-G-G-G-G-G-G-G-G-G-G-G-G,218,1,False,False,False,False
661,Sh-Sh-Sh-Sh-Sh-Sh-Sh-Sh-Sh-Sh-Sh-Sh-Sh-Sh-Sh-Sh-Sh-Wt-Wt-Wt-Wt-Wt-Wt,218,1,False,True,False,False
662,Wa-Wa-Wa-Wa-Wa-Wa-Wa-Wa-Wa-Wa-Wa-Wa-Wa-Wt-Wt-Wt-Wt-Wt-Wt-Wt-Wt-Wt-Wt,217,1,False,False,False,False
663,Sh-Sh-Sh-F-F-F-F-F-F-F-F-F-F-F-F-F-F-F-F-Sh-Sh-Sh-Sh,217,2,False,False,False,False
664,G-G-G-G-G-G-G-G-G-G-G-Sh-Sh-Sh-Sh-Sh-Sh-Sh-Sh-Sh-Sh-Sh-Sh,217,1,False,True,False,False
665,Wa-Wa-Wa-Wa-Wa-Wa-Wa-Wa-Wa-Wa-Sh-Sh-Sh-Sh-Sh-Sh-Sh-Sh-Sh-Sh-Sh-Sh-Sh,216,1,False,True,False,False
666,F-F-F-F-F-F-U-U-U-U-U-U-U-U-U-U-U-U-U-U-U-U-U,215,1,False,True,False,False
667,F-F-F-F-F-F-F-F-F-F-F-F-F-F-F-F-F-Wa-Wa-Wa-Wa-Wa-Wa,215,1,False,True,False,False
668,F-Sh-Sh-Sh-Sh-Sh-Sh-Sh-Sh-Sh-Sh-Sh-Sh-Sh-Sh-Sh-Sh-Sh-A-A-A-A-A,215,2,False,True,False,False
669,Sh-Sh-Sh-Sh-U-U-U-U-U-U-U-U-U-U-U-U-U-U-U-U-U-U-U,214,1,False,True,False,False
670,Sh-Sh-Sh-Sh-F-F-F-F-F-F-F-F-F-F-F-F-F-F-Sh-Sh-Sh-Sh-Sh,213,2,False,True,False,False
671,Sp-Sp-Sp-Sp-Sp-Sp-Sp-Sp-Sp-Sp-Sp-F-F-F-F-F-F-F-F-F-F-F-F,212,1,False,False,False,False
672,Wa-Wa-Wa-Wa-Wa-Wa-Wa-Wa-Wa-Wa-Wa-Wa-Wa-Wa-Wa-Wa-Wa-Wa-Wa-Wa-A-A-A,211,1,False,False,False,False
673,Sp-Sp-Sp-Sp-Sp-Sp-Sp-Sp-Sp-Sp-Sp-Sp-Sp-Sp-Sp-Sp-Sp-Sp-Sp-Sp-Sp-Sp-B,210,1,False,True,False,False
674,Sh-Wa-Wa-Wa-Wa-Wa-Wa-Wa-Wa-Wa-Wa-Wa-Wa-Wa-Wa-Wa-Wa-Wa-Wa-Wa-Wa-Wa-Wa,208,1,False,False,False,False
675,F-F-F-F-F-F-F-F-F-F-F-F-Sp-Sp-Sp-Sp-Sp-Sp-Sp-Sp-Sp-Sp-Sp,208,1,False,True,False,False
676,G-G-G-G-G-G-G-G-G-G-G-G-G-G-G-G-G-G-G-G-G-B-B,207,1,False,True,False,False
677,Wt-Wt-Wt-Wt-Wt-Wt-Wt-Wt-A-A-A-A-A-A-A-A-A-A-A-A-A-A-A,207,1,False,True,False,False
678,G-G-G-G-G-G-G-G-G-G-G-G-Sh-Sh-Sh-Sh-Sh-Sh-Sh-Sh-Sh-Sh-Sh,207,1,False,False,False,False
679,Wt-Wa-Wa-Wa-Wa-Wa-Wa-Wa-Wa-Wa-Wa-Wa-Wa-Wa-Wa-Wa-Wa-Wa-Wa-Wa-Wa-Wa-Wa,206,1,False,True,False,False
680,A-A-A-A-A-A-A-A-A-A-A-A-A-Wt-Wt-Wt-Wt-Wt-Wt-Wt-Wt-Wt-Wt,206,1,False,False,False,False
681,Sh-F-F-F-F-F-F-F-F-F-F-F-F-F-F-F-A-A-A-A-A-A-A,206,2,False,False,True,False
682,Wa-Wa-Wa-Wa-Wa-Wa-Wa-A-A-A-A-A-A-A-A-A-A-A-A-A-A-A-A,205,1,False,False,False,False
683,B-B-B-B-B-B-B-B-B-B-B-B-B-B-B-B-B-B-B-Sh-Sh-Sh-Sh,205,1,False,True,False,False
684,Wa-Wa-Wa-Wa-Wa-Wa-Wa-Wa-Wa-Wa-G-G-G-G-G-G-G-G-G-G-G-G-G,204,1,False,False,False,False
685,Sp-G-G-G-G-G-G-G-G-G-G-G-G-G-G-G-Sp-Sp-Sp-Sp-Sp-Sp-Sp,204,2,False,False,True,False
686,F-F-F-F-F-F-F-F-F-F-F-F-F-Sp-Sp-Sp-Sp-Sp-Sp-Sp-Sp-Sp-Sp,204,1,False,False,False,False
687,Sh-Sh-Sh-Sh-F-F-F-F-F-F-F-F-F-F-F-F-A-A-A-A-A-A-A,203,2,False,False,True,False
688,Wa-Wa-Wa-G-G-G-G-G-G-G-G-G-G-G-G-G-G-G-G-G-G-G-G,203,1,False,True,False,False
689,Wt-Wt-Wt-Wt-Wt-Wt-Wt-Wt-Wt-Wt-Wt-Wt-Wt-Wt-Wt-Wt-Wt-Wt-Wt-Wt-Wt-Wt-Sh,201,1,False,False,False,False
690,A-F-F-F-F-F-F-F-F-F-F-F-F-F-F-F-F-F-A-A-A-A-A,199,2,False,False,False,False
691,Sp-Sp-Sp-Sp-Sp-Sp-Sp-Sp-Sp-Sp-Sp-Sp-Sp-Sp-Sp-Sp-B-B-B-B-Sp-Sp-Sp,198,2,False,True,True,False
692,Sh-Sh-Sh-Sh-Sh-Sh-Sh-Sh-Sh-Sh-Sh-Sh-Sh-Sh-G-G-G-G-G-G-G-G-G,198,1,False,False,False,False
693,Sp-Sp-Sp-Sp-Sp-Sp-Sp-Sp-Sp-Sp-Sp-Sp-Sp-Sp-Sp-Sp-Sp-Sp-Sp-Sp-Sp-Sp-F,196,1,False,True,False,False
694,A-A-A-A-A-A-F-F-F-F-F-F-F-F-F-F-F-F-A-A-A-A-A,196,2,False,False,False,False
695,F-F-Sh-Sh-Sh-Sh-Sh-Sh-Sh-Sh-Sh-Sh-Sh-Sh-Sh-Sh-Sh-Sh-F-F-F-F-F,195,2,False,False,False,False
696,Wa-Wa-Wa-Wa-Wa-Wa-Wa-Wa-Wa-Wa-Wa-G-G-G-G-G-G-G-G-G-G-G-G,194,1,False,False,False,False
697,Wt-Wt-Wt-Wt-Wt-Wt-Wa-Wa-Wa-Wa-Wa-Wa-Wa-Wa-Wa-Wa-Wa-Wa-Wa-Wa-Wa-Wa-Wa,194,1,False,False,False,False
698,F-A-A-A-A-A-A-A-A-A-A-A-A-A-A-A-A-A-F-F-F-F-F,193,2,False,True,False,False
699,A-Wa-Wa-Wa-Wa-Wa-Wa-Wa-Wa-Wa-Wa-Wa-Wa-Wa-Wa-Wa-Wa-Wa-Wa-Wa-Wa-Wa-Wa,192,1,False,True,False,False
700,Sp-Sp-Sp-Sp-B-B-B-B-B-B-B-B-B-B-B-B-B-B-B-Sp-Sp-Sp-Sp,192,2,False,False,False,False
701,Sp-Sp-Sp-Sp-Sp-Sp-Sp-Sp-Sp-U-U-U-U-U-U-U-U-U-U-U-U-U-U,191,1,False,True,False,False
702,G-G-G-A-A-A-A-A-A-A-A-A-A-A-A-A-A-A-A-A-A-A-A,190,1,False,False,False,False
703,G-G-G-G-G-G-Sh-Sh-Sh-Sh-Sh-Sh-Sh-Sh-Sh-Sh-Sh-Sh-Sh-Sh-Sh-Sh-Sh,190,1,False,False,False,False
704,A-A-A-A-A-A-A-F-F-F-F-F-F-F-F-F-F-F-A-A-A-A-A,190,2,False,False,False,False
705,F-F-F-F-F-F-F-F-F-F-F-U-U-U-U-U-U-U-U-U-U-U-U,190,1,False,True,False,False
706,G-G-G-G-G-G-G-G-G-G-Sh-Sh-Sh-Sh-Sh-Sh-Sh-Sh-Sh-Sh-Sh-Sh-Sh,189,1,False,False,False,False
707,Wa-Wa-Wa-Wa-Wa-Wa-Wa-Wa-Wa-A-A-A-A-A-A-A-A-A-A-A-A-A-A,189,1,False,False,False,False
708,B-B-B-B-B-B-B-B-B-B-B-B-B-B-B-B-B-B-A-A-A-A-A,189,1,False,False,False,False
709,F-F-F-F-F-F-Sp-Sp-Sp-Sp-Sp-Sp-Sp-Sp-Sp-Sp-Sp-Sp-Sp-Sp-Sp-Sp-Sp,187,1,False,False,False,False
710,A-A-A-A-A-A-A-A-Sh-Sh-Sh-Sh-Sh-Sh-Sh-Sh-F-F-F-F-F-F-F,185,2,False,False,True,False
711,Wa-Wa-Wa-Wa-Wa-Wa-Wa-Wa-Wa-Wa-Wa-Wa-Wa-Wa-Wt-Wt-Wt-Wt-Wt-Wt-Wt-Wt-Wt,185,1,False,False,False,False
712,Sp-Sp-Sp-Sp-Sp-Sp-Sp-Sp-Sp-Sp-Sp-Sp-F-F-F-F-F-F-F-F-F-F-F,183,1,False,False,False,False
713,Sp-Sp-Sp-Sp-Sp-Sp-Sp-Sp-F-F-F-F-F-F-F-F-F-F-F-F-F-F-F,183,1,False,False,False,False
714,G-G-G-G-G-G-G-G-G-G-G-G-G-G-G-G-G-G-G-Sh-Sh-Sh-Sh,181,1,False,True,False,False
715,Sh-Sh-Sh-Sh-Sh-Sh-F-F-F-F-F-F-F-F-F-F-F-F-Sh-Sh-Sh-Sh-Sh,180,2,False,True,False,False
716,Wt-Wt-Sh-Sh-Sh-Sh-Sh-Sh-Sh-Sh-Sh-Sh-Sh-Sh-Sh-Sh-Sh-Sh-Sh-Sh-Sh-Sh-Sh,180,1,False,True,False,False
717,F-F-F-F-F-F-F-F-F-F-F-F-F-F-F-F-F-F-F-A-Sh-Sh-Sh,180,2,False,True,False,False
718,F-A-A-A-A-A-A-A-A-A-A-A-A-A-F-F-F-F-F-F-F-F-F,179,2,False,True,False,False
719,Wa-Wa-Wt-Wt-Wt-Wt-Wt-Wt-Wt-Wt-Wt-Wt-Wt-Wt-Wt-Wt-Wt-Wa-Wa-Wa-Wa-Wa-Wa,178,2,False,False,False,False
720,Sp-Sp-Sp-Sp-Sp-Sp-Sp-Sp-Sp-Sp-Sp-Sp-Sp-Sp-Sp-Sp-Sp-Sp-Sh-Sh-Sh-Sh-Sh,178,1,False,True,False,False
721,Sp-Sp-Wa-Wa-Wa-Wa-Wa-Wa-Wa-Wa-Wa-Wa-Wa-Wa-Wa-Wa-Wa-Wa-Wa-Wa-Wa-Wa-Wa,178,1,False,False,False,False
722,F-F-F-F-F-F-F-F-F-F-F-F-F-F-F-F-Sp-Sp-Sp-Sp-Sp-Sp-Sp,178,1,False,False,True,True
723,F-F-Sh-Sh-Sh-Sh-Sh-Sh-Sh-Sh-Sh-Sh-Sh-Sh-Sh-Sh-Sh-Sh-Sh-F-F-F-F,178,2,False,True,False,False
724,Wa-Wa-Wa-Wa-Wa-Wa-Wa-Wa-Wa-Wa-Wa-Wa-Wa-Wa-Wa-Wa-Wa-Wa-G-G-G-G-G,178,1,False,False,False,False
725,F-F-F-F-F-F-F-F-Sh-Sh-Sh-Sh-Sh-Sh-Sh-Sh-Sh-Sh-Sh-Sh-F-F-F,176,2,False,True,False,False
726,F-F-F-F-F-F-F-F-Wt-Wt-Wt-Wt-Wt-Wt-Wt-Wt-Wt-Wt-Wt-F-F-F-F,175,2,False,True,False,False
727,Sp-B-B-B-B-B-B-B-B-B-B-B-B-B-B-B-Sp-Sp-Sp-Sp-Sp-Sp-Sp,174,2,False,True,True,False
728,Sp-Sp-Sp-Sp-Sp-Sp-Sp-Sp-Sp-Sp-Sp-Sp-Sp-Sp-Sp-Sp-Sp-Sp-Sp-Sp-B-B-B,173,1,False,False,False,False
729,F-F-F-F-F-F-Sh-Sh-Sh-Sh-Sh-Sh-Sh-Sh-Sh-Sh-F-F-F-F-F-F-F,172,2,False,True,True,False
730,Wa-A-A-A-A-A-A-A-A-A-A-A-A-A-A-A-A-A-A-A-A-A-A,171,1,False,False,False,False
731,G-G-G-G-G-G-G-G-G-G-G-G-G-G-G-G-G-G-G-G-G-G-U,171,1,False,True,False,False
732,Sh-Sh-Sh-Wa-Wa-Wa-Wa-Wa-Wa-Wa-Wa-Wa-Wa-Wa-Wa-Wa-Wa-Wa-Wa-Wa-Wa-Wa-Wa,171,1,False,True,False,False
733,Sp-Sp-Sp-B-B-B-B-B-B-B-B-B-B-B-B-B-B-B-B-Sp-Sp-Sp-Sp,170,2,False,True,False,False
734,Wt-Wt-Wt-Wt-Wt-Sh-Sh-Sh-Sh-Sh-Sh-Sh-Sh-Sh-Sh-Sh-Sh-Sh-Sh-Sh-Sh-Sh-Sh,170,1,False,True,False,False
735,Sh-Sh-Sh-Sh-Sh-Sh-Sh-Sh-Sh-Sh-Sh-Sh-Sh-G-G-G-G-G-G-G-G-G-G,170,1,False,True,False,False
736,Sp-Sp-Sp-F-F-F-F-F-F-F-F-F-F-F-F-F-F-F-F-F-F-F-F,170,1,False,True,False,False
737,B-B-B-B-B-B-B-B-B-A-A-A-A-A-A-A-A-A-A-A-A-A-A,170,1,False,False,False,False
738,F-F-F-A-A-A-A-A-A-A-A-A-A-A-F-F-F-F-F-F-F-F-F,169,2,False,True,False,False
739,Wa-Wa-G-G-G-G-G-G-G-G-G-G-G-G-G-G-G-G-G-G-G-G-G,169,1,False,False,False,False
740,B-B-B-B-B-B-B-B-B-B-B-B-Wa-Wa-Wa-Wa-Wa-Wa-Wa-Wa-Wa-Wa-Wa,169,1,False,False,False,False
741,F-F-F-F-F-F-F-F-Sh-Sh-Sh-Sh-Sh-Sh-Sh-Sh-F-F-F-F-F-F-F,168,2,False,True,True,False
742,A-A-A-A-A-F-F-F-F-F-F-F-F-F-F-F-A-A-A-A-A-A-A,167,2,False,False,True,False
743,F-A-A-A-A-A-A-A-A-A-A-A-A-A-A-A-A-F-F-F-F-F-F,166,2,False,True,False,False
744,Wa-Wa-Wa-Wa-Wa-Wa-Wa-Wa-Wa-Wa-Wa-Wa-Wa-Wa-Wa-Wa-Wa-Wa-Wa-Wa-G-G-G,166,1,False,False,False,False
745,Sh-Sh-Sh-Sp-Sp-Sp-Sp-Sp-Sp-Sp-Sp-Sp-Sp-Sp-Sp-Sp-Sp-Sp-Sp-Sp-Sp-Sp-Sp,166,1,False,True,False,False
746,G-G-G-G-G-G-A-A-A-A-A-A-A-A-A-A-A-A-A-A-A-A-A,166,1,False,False,False,False
747,Sp-Sp-F-F-F-F-F-F-F-F-F-F-F-F-F-F-F-F-F-F-F-F-F,164,1,False,True,False,False
748,G-G-G-G-G-G-G-G-G-G-G-G-G-G-B-B-B-B-B-B-B-B-B,164,1,False,True,False,False
749,Wt-Wt-Wt-Wa-Wa-Wa-Wa-Wa-Wa-Wa-Wa-Wa-Wa-Wa-Wa-Wa-Wa-Wa-Wa-Wa-Wa-Wa-Wa,164,1,False,True,False,False
750,F-F-F-F-F-Sh-Sh-Sh-Sh-Sh-Sh-Sh-Sh-Sh-Sh-Sh-Sh-F-F-F-F-F-F,164,2,False,True,False,False
751,Sp-Sp-Sp-Sp-Sp-Sp-Sp-Sp-Sp-Sp-Sp-Sp-Sp-F-F-F-F-F-F-F-F-F-F,164,1,False,False,False,False
752,G-G-G-G-G-G-G-G-G-G-G-G-G-G-G-G-G-G-Sh-Sh-Sh-Sh-Sh,163,1,False,False,False,False
753,F-F-F-F-F-F-F-F-F-F-Sh-Sh-Sh-Sh-Sh-Sh-Sh-Sh-Sh-Sh-Sh-Sh-F,162,2,False,True,False,False
754,F-F-F-F-F-U-U-U-U-U-U-U-U-U-U-U-U-U-U-U-U-U-U,162,1,False,True,False,False
755,Wt-Wt-Wt-Wt-Wt-Wt-Wt-Wt-Sh-Sh-Sh-Sh-Sh-Sh-Sh-Sh-Sh-Sh-Sh-Sh-Sh-Sh-Sh,161,1,False,True,False,False
756,Wt-Wt-Wt-Wt-Wt-Wt-Wt-Wt-Wt-Wt-Wt-Wt-Wt-Wt-Wt-Wt-Wt-Wt-Wt-Wt-Wa-Wa-Wa,160,1,False,True,False,False
757,F-F-F-F-F-F-F-F-F-U-U-U-U-U-U-U-U-U-U-U-U-U-U,160,1,False,True,False,False
758,Wa-Wa-Wa-Wa-Wa-Wa-Wa-Wa-Wa-Wa-Wa-Wa-Wa-Wa-Wa-Wa-Wa-Wa-F-F-F-F-F,159,1,False,False,False,False
759,F-F-F-Sh-Sh-Sh-Sh-Sh-Sh-Sh-A-A-A-A-A-A-A-A-A-A-A-A-A,159,2,False,True,False,False
760,Sp-Sp-Sp-Sp-Sp-Sp-Sp-Sp-Sp-B-B-B-B-B-B-B-B-B-B-Sp-Sp-Sp-Sp,159,2,False,True,False,False
761,F-F-F-F-F-F-F-Sh-Sh-Sh-Sh-Sh-Sh-Sh-Sh-Sh-Sh-Sh-Sh-Sh-F-F-F,159,2,False,True,False,False
762,B-B-B-B-B-B-B-B-B-B-G-G-G-G-G-G-G-G-G-G-G-G-G,159,1,False,True,False,False
763,A-A-F-F-F-F-F-F-F-F-F-F-F-F-F-F-A-A-A-A-A-A-A,156,2,False,False,True,False
764,F-F-A-A-A-A-A-A-A-A-A-A-A-A-A-A-A-A-A-F-F-F-F,156,2,False,True,False,False
765,F-F-F-F-F-A-A-A-A-A-A-A-A-A-A-A-A-A-A-F-F-F-F,156,2,False,True,False,False
766,G-G-Wa-Wa-Wa-Wa-Wa-Wa-Wa-Wa-Wa-Wa-Wa-Wa-Wa-Wa-Wa-Wa-Wa-Wa-Wa-Wa-Wa,155,1,False,True,False,False
767,F-U-U-U-U-U-U-U-U-U-U-U-U-U-U-U-U-U-U-U-U-U-U,154,1,False,True,False,False
768,Sp-Sp-Sp-Sp-Sp-Sp-Sp-Sp-Sp-Sp-Sp-Sp-Sp-G-G-G-G-G-G-G-G-G-G,154,1,False,True,False,False
769,F-F-F-F-F-F-F-Sh-Sh-Sh-Sh-Sh-Sh-Sh-Sh-Sh-Sh-Sh-A-A-A-A-A,153,2,False,True,False,False
770,Wa-Wa-Wa-Wa-Wa-Wa-Wa-Wa-Wa-Wa-Wa-Wa-B-B-B-B-B-B-B-B-B-B-B,152,1,False,False,False,False
771,F-F-Sh-Sh-Sh-Sh-Sh-Sh-Sh-Sh-Sh-Sh-Sh-Sh-F-F-F-F-F-F-F-F-F,152,2,False,True,False,False
772,F-F-F-F-Sh-Sh-Sh-Sh-Sh-Sh-Sh-Sh-Sh-Sh-Sh-Sh-Sh-Sh-Sh-Sh-Sh-Sh-F,152,2,False,True,False,False
773,F-F-F-F-F-F-F-F-F-F-F-F-F-F-F-F-F-F-F-F-Wa-Wa-Wa,151,1,False,True,False,False
774,F-F-F-F-A-A-A-A-A-A-A-A-A-A-A-A-A-A-A-F-F-F-F,150,2,False,True,False,False
775,F-F-F-F-F-F-F-Sh-Sh-Sh-Sh-Sh-Sh-Sh-Sh-Sh-Sh-F-F-F-F-F-F,149,2,False,True,False,False
776,Sh-Sh-Sh-Sh-Sh-Sh-Sh-F-F-F-F-F-F-F-F-F-F-F-Sh-Sh-Sh-Sh-Sh,149,2,False,False,False,False
777,B-G-G-G-G-G-G-G-G-G-G-G-G-G-G-G-G-G-G-G-G-G-G,148,1,False,True,False,False
778,B-B-B-B-B-B-B-B-B-B-B-B-A-A-A-A-A-A-A-A-A-A-A,148,1,False,False,False,False
779,Sp-Sp-Sp-Sp-Sp-Sp-Sp-Sp-B-B-B-B-B-B-B-B-B-B-B-Sp-Sp-Sp-Sp,147,2,False,True,False,False
780,Sp-Sp-Sp-Sp-B-B-B-B-B-B-B-B-B-B-B-B-B-B-Sp-Sp-Sp-Sp-Sp,147,2,False,False,False,False
781,Sp-Sp-Sp-Sp-Sp-Sp-F-F-F-F-F-F-F-F-F-F-F-F-F-F-F-F-F,146,1,False,True,False,False
782,Wa-Wa-Wa-Wa-Wa-B-B-B-B-B-B-B-B-B-B-B-B-B-B-B-B-B-B,146,1,False,False,False,False
783,G-G-G-G-G-G-G-G-Wa-Wa-Wa-Wa-Wa-Wa-Wa-Wa-Wa-Wa-Wa-Wa-Wa-Wa-Wa,145,1,False,False,False,False
784,Sh-Sh-Sh-Sh-F-F-F-F-F-F-F-F-F-F-F-F-Sh-Sh-Sh-Sh-Sh-Sh-Sh,145,2,False,False,True,False
785,F-F-F-F-F-F-F-F-F-F-U-U-U-U-U-U-U-U-U-U-U-U-U,145,1,False,True,False,False
786,Sh-Sh-Sh-Sh-F-F-F-F-F-F-F-F-F-F-F-F-F-F-F-F-F-F-Sh,144,2,False,False,False,False
787,Sp-Wa-Wa-Wa-Wa-Wa-Wa-Wa-Wa-Wa-Wa-Wa-Wa-Wa-Wa-Wa-Wa-Wa-Wa-Wa-Wa-Wa-Wa,143,1,False,False,False,False
788,Sp-Sp-Sp-Sp-Sp-Sp-Sp-Sp-Sp-Sp-Sp-U-U-U-U-U-U-U-U-U-U-U-U,143,1,False,True,False,False
789,Sp-Sp-B-B-B-B-B-B-B-B-B-B-B-B-B-B-B-B-B-G-G-G-G,142,2,False,True,False,False
790,A-A-A-A-A-A-A-A-A-A-Wa-Wa-Wa-Wa-Wa-Wa-Wa-Wa-Wa-Wa-Wa-Wa-Wa,142,1,False,False,False,False
791,G-G-G-G-G-G-G-G-G-G-G-G-G-A-A-A-A-A-A-A-A-A-A,142,1,False,False,False,False
792,Wa-Wa-Wa-Wa-Wa-Wa-Wa-Wa-Wa-Wa-Wa-Wa-Wa-G-G-G-G-G-G-G-G-G-G,141,1,False,False,False,False
793,F-F-F-F-Sh-Sh-Sh-Sh-Sh-Sh-Sh-Sh-Sh-Sh-Sh-Sh-Sh-Sh-F-F-F-F-F,141,2,False,True,False,False
794,F-F-F-F-F-F-F-B-B-B-B-B-B-B-B-B-B-B-B-B-B-B-B,140,1,False,True,False,False
795,G-G-G-Wa-Wa-Wa-Wa-Wa-Wa-Wa-Wa-Wa-Wa-Wa-Wa-Wa-Wa-Wa-Wa-Wa-Wa-Wa-Wa,140,1,False,True,False,False
796,G-G-G-G-G-G-G-G-G-A-A-A-A-A-A-A-A-A-A-A-A-A-A,140,1,False,False,False,False
797,Sp-Sp-B-B-B-B-B-B-B-B-B-B-B-B-B-B-B-B-B-B-B-Sp-Sp,140,2,False,False,False,False
798,Sp-Sp-Sp-Sp-Sp-Sp-Sp-Sp-Sp-Sp-U-U-U-U-U-U-U-U-U-U-U-U-U,140,1,False,True,False,False
799,F-F-F-F-F-Sh-Sh-Sh-Sh-Sh-Sh-Sh-Sh-Sh-Sh-Sh-Sh-Sh-Sh-Sh-Sh-Sh-F,140,2,False,True,False,False
800,A-A-A-A-A-G-G-G-G-G-G-G-G-G-G-G-G-G-G-G-G-G-G,140,1,False,False,False,False
801,F-F-F-F-F-Sp-Sp-Sp-Sp-Sp-Sp-Sp-Sp-Sp-Sp-Sp-Sp-Sp-Sp-Sp-Sp-Sp-Sp,139,1,False,True,False,False
802,Sh-Sh-Sh-Sh-Sh-Sh-Sh-Sh-Sh-Sh-Sh-Sh-Sh-Sh-Sh-Sh-Sh-Wa-Wa-Wa-Wa-Wa-Wa,139,1,False,True,False,False
803,F-F-F-F-F-F-F-U-U-U-U-U-U-U-U-U-U-U-U-U-U-U-U,138,1,False,True,False,False
804,G-G-G-G-G-G-G-G-G-G-G-G-G-Sh-Sh-Sh-Sh-Sh-Sh-Sh-Sh-Sh-Sh,138,1,False,True,False,False
805,F-F-F-A-A-A-A-A-A-A-A-A-A-A-A-A-A-A-A-F-F-F-F,138,2,False,True,False,False
806,F-F-Sh-Sh-Sh-Sh-Sh-Sh-Sh-Sh-A-A-A-A-A-A-A-A-A-A-A-A-A,138,2,False,True,False,False
807,Wa-Wa-Wa-Wa-Wa-Wa-Wa-Wa-Wa-Wa-Wa-Wa-Wa-Wa-Wa-Wa-Wa-Wa-Wa-Wa-Sh-Sh-Sh,137,1,False,False,False,False
808,A-A-A-F-F-F-F-F-F-F-F-F-F-F-F-F-F-F-F-F-F-A-A,137,2,False,False,False,False
809,F-Sh-Sh-Sh-Sh-Sh-Sh-A-A-A-A-A-A-A-A-A-A-A-A-A-A-A-A,137,2,False,True,False,False
810,F-F-F-F-F-F-F-F-Sh-Sh-Sh-Sh-Sh-Sh-Sh-Sh-Sh-Sh-Sh-Sh-Sh-Sh-F,137,2,False,True,False,False
811,A-A-A-A-A-A-A-A-G-G-G-G-G-G-G-G-G-G-G-G-G-G-G,136,1,False,False,False,False
812,B-B-B-B-B-B-G-G-G-G-G-G-G-G-G-G-G-G-G-G-G-G-G,136,1,False,True,False,False
813,Sh-Sh-Sh-Sh-Sh-Sh-Sh-Sh-Sh-Sh-Sh-Sh-Sh-Sh-Sh-Sh-Sh-Sh-Wa-Wa-Wa-Wa-Wa,136,1,False,False,False,False
814,G-G-G-G-G-G-G-G-G-G-G-G-G-G-G-G-G-G-A-A-A-A-A,135,1,False,False,False,False
815,F-Sh-Sh-Sh-Sh-Sh-Sh-Sh-Sh-Sh-Sh-Sh-Sh-Sh-Sh-Sh-Sh-Sh-Sh-Sh-Sh-Sh-F,134,2,False,True,False,False
816,G-G-G-G-G-G-G-G-G-G-G-G-G-G-G-G-G-U-U-U-U-U-U,133,1,False,False,False,False
817,G-G-G-Sh-Sh-Sh-Sh-Sh-Sh-Sh-Sh-Sh-Sh-Sh-Sh-Sh-Sh-Sh-Sh-Sh-Sh-Sh-Sh,133,1,False,False,False,False
818,F-F-F-Sh-Sh-Sh-Sh-Sh-Sh-Sh-Sh-Sh-Sh-Sh-Sh-Sh-Sh-Sh-Sh-Sh-F-F-F,132,2,False,True,False,False
819,F-F-F-F-F-F-F-F-U-U-U-U-U-U-U-U-U-U-U-U-U-U-U,132,1,False,True,False,False
820,F-F-F-F-F-Sh-Sh-Sh-Sh-Sh-Sh-Sh-Sh-Sh-Sh-Sh-Sh-Sh-Sh-Sh-F-F-F,132,2,False,True,False,False
821,B-B-B-B-B-B-B-B-B-B-B-B-B-G-G-G-G-G-G-G-G-G-G,130,1,False,False,False,False
822,Sp-Sp-Sp-Sp-Sp-Sp-Sp-Sp-Sp-Sp-Sp-Sp-Sp-Sp-Sp-Sp-Sp-Sp-Sp-Sp-Sp-F-F,130,1,False,False,False,False
823,Sh-Sh-Sh-Sh-Sh-Sh-Sh-Wa-Wa-Wa-Wa-Wa-Wa-Wa-Wa-Wa-Wa-Wa-Wa-Wa-Wa-Wa-Wa,130,1,False,True,False,False
824,Wt-Wt-Wt-Wt-Wt-Wt-Wt-Wt-Wt-Wa-Wa-Wa-Wa-Wa-Wa-Wa-Wa-Wa-Wa-Wa-Wa-Wa-Wa,130,1,False,True,False,False
825,F-F-F-F-F-F-F-F-F-F-F-F-F-F-F-F-F-Sp-Sp-Sp-Sp-Sp-Sp,130,1,False,False,False,False
826,F-F-F-Sh-Sh-Sh-Sh-Sh-Sh-Sh-Sh-Sh-Sh-Sh-Sh-Sh-Wt-Wt-Wt-Wt-Wt-Wt-Wt,129,2,False,False,True,False
827,F-F-F-F-F-F-F-F-F-F-F-F-F-F-F-F-F-U-U-U-U-U-U,129,1,False,True,False,False
828,Sh-Sh-Sh-Sh-Sh-Sh-Sh-Sh-Sh-Sh-Sh-Sh-Sh-Sh-Sh-Sh-Sh-Sp-Sp-Sp-Sp-Sp-Sp,128,1,False,False,False,False
829,Sh-Sh-Sh-F-F-F-F-F-F-F-F-F-F-F-F-F-F-F-Sh-Sh-Sh-Sh-Sh,128,2,False,True,False,False
830,F-F-F-F-F-F-Sh-Sh-Sh-Sh-Sh-Sh-Sh-Sh-Sh-Sh-Sh-Sh-F-F-F-F-F,128,2,False,False,False,False
831,A-A-A-A-A-A-F-F-F-F-F-F-F-F-F-F-F-A-A-A-A-A-A,128,2,False,False,False,False
832,Wa-Wa-Wt-Wt-Wt-Wt-Wt-Wt-Wt-Wt-Wt-Wt-Wt-Wt-Wt-Wt-Wa-Wa-Wa-Wa-Wa-Wa-Wa,127,2,False,True,True,False
833,Sh-Sh-Sh-Sh-Sh-Sh-A-A-A-A-A-A-A-A-A-A-F-F-F-F-F-F-F,127,2,False,False,True,False
834,F-Sh-Sh-Sh-Sh-Sh-Sh-Sh-Sh-Sh-Sh-Sh-Sh-Sh-Sh-Sh-Sh-Sh-Sh-Sh-F-F-F,127,2,False,True,False,False
835,F-Sh-Sh-Sh-Sh-Sh-Sh-Sh-Sh-Sh-Sh-F-F-F-F-F-F-F-F-F-F-F-F,126,2,False,True,False,False
836,F-F-A-A-A-A-A-A-A-A-A-A-A-A-F-F-F-F-F-F-F-F-F,126,2,False,True,False,False
837,F-F-F-F-Sh-Sh-Sh-Sh-Sh-Sh-Sh-Sh-Sh-Sh-Sh-Sh-Sh-Sh-A-A-A-A-A,126,2,False,True,False,False
838,A-A-A-A-A-F-F-F-F-F-F-F-F-F-F-F-F-A-A-A-A-A-A,126,2,False,False,False,False
839,F-F-F-Wt-Wt-Wt-Wt-Wt-Wt-Wt-F-F-F-F-F-F-F-F-F-F-F-F-F,126,2,False,True,False,False
840,A-A-A-F-F-F-F-F-F-F-F-F-F-F-F-F-A-A-A-A-A-A-A,126,2,False,False,True,False
841,Sh-Sh-Sh-Sh-Sh-Sh-Sh-Sh-Sh-Sh-Sh-Sh-G-G-G-G-G-G-G-G-G-G-G,126,1,False,True,False,False
842,G-G-G-G-G-G-G-G-G-G-G-G-G-G-G-G-A-A-A-A-A-A-A,125,1,False,False,True,True
843,G-G-G-G-G-G-G-G-G-G-G-G-G-U-U-U-U-U-U-U-U-U-U,124,1,False,True,False,False
844,A-A-A-F-F-F-F-F-F-F-F-F-F-F-F-F-F-F-A-A-A-A-A,124,2,False,False,False,False
845,Sp-Sp-Sp-Sp-Sp-Sp-Sp-Sp-Sp-Sp-Sp-Sp-Sp-Sp-Sp-Sp-Sp-Sp-Sp-Sp-Sp-G-G,124,1,False,False,False,False
846,Sp-Sp-Sp-Sp-Sp-Sp-Sp-Sp-Sp-Sp-Sp-Sp-Sp-Sp-U-U-U-U-U-U-U-U-U,124,1,False,False,False,False
847,Sp-Sp-Sp-Sp-Sp-Sp-Sp-Sp-Sp-Sp-Sp-Sp-Sp-Sp-Sp-Sp-Sp-Sp-Sp-A-A-A-A,124,1,False,False,False,False
848,G-G-G-G-G-G-G-G-G-G-G-G-G-G-G-G-G-G-G-G-G-G-A,123,1,False,False,False,False
849,Sh-Sh-Sh-Sh-Sh-Sh-F-F-F-F-F-F-F-F-F-F-F-F-F-Sh-Sh-Sh-Sh,123,2,False,True,False,False
850,Sp-B-B-B-B-B-B-B-B-B-B-B-B-B-B-B-B-B-B-B-Sp-Sp-Sp,122,2,False,True,False,False
851,F-F-F-F-F-F-F-Sh-Sh-Sh-Sh-Sh-Sh-Sh-Sh-Sh-Sh-Sh-Sh-A-A-A-A,122,2,False,True,False,False
852,F-F-F-F-F-F-F-F-F-F-F-F-F-F-F-U-U-U-U-U-U-U-U,122,1,False,True,False,False
853,Sp-Sp-Sp-Sp-Sp-Sp-Sp-Sp-Sp-Sp-Sp-Sp-Sp-Sp-Sp-Sp-Sp-Sp-Sp-Sp-Sp-U-U,121,1,False,True,False,False
854,Sp-B-B-B-B-B-B-B-B-B-B-B-B-B-B-B-B-B-B-B-B-B-Sp,121,2,False,False,False,False
855,F-A-A-A-A-A-A-A-A-A-A-A-A-A-A-A-A-A-A-A-F-F-F,121,2,False,True,False,False
856,G-G-G-G-G-G-G-G-G-G-G-G-G-G-G-G-G-G-B-B-B-B-B,121,1,False,True,False,False
857,Sh-F-F-F-F-F-F-F-F-F-F-F-F-F-F-F-F-F-F-Sh-Sh-Sh-Sh,121,2,False,False,False,False
858,G-G-G-G-G-G-G-G-G-G-G-A-A-A-A-A-A-A-A-A-A-A-A,120,1,False,False,False,False
859,Sp-Sp-Sp-Sp-Sp-Sp-Sp-Sp-U-U-U-U-U-U-U-U-U-U-U-U-U-U-U,120,1,False,True,False,False
860,Wa-Wa-Wa-Wa-Wa-Wa-Wa-Wa-Wa-Wa-Wa-A-A-A-A-A-A-A-A-A-A-A-A,119,1,False,False,False,False
861,F-F-Wa-Wa-Wa-Wa-Wa-Wa-Wa-Wa-Wa-Wa-Wa-Wa-Wa-Wa-Sh-Sh-Sh-Sh-Sh-Sh-Sh,119,2,False,False,True,False
862,Sp-Sp-Sp-Sp-Sp-Sp-Sp-Sp-Sp-Sp-Sp-Sp-U-U-U-U-U-U-U-U-U-U-U,119,1,False,True,False,False
863,Sh-Sh-Sh-Sh-Sh-Sh-Sh-F-F-F-F-F-F-F-F-F-F-F-F-F-F-Sh-Sh,118,2,False,False,False,False
864,Wt-Wt-Wt-Wt-Wt-Wt-Wt-Wt-Wt-Wt-Wt-Wt-Wt-Wt-Wt-Wt-Wt-Wt-Wt-Wt-A-A-A,118,1,False,True,False,False
865,Sp-Sp-Sp-B-B-B-B-B-B-B-B-B-B-B-B-B-B-B-Sp-Sp-Sp-Sp-Sp,118,2,False,True,False,False
866,Wa-Wa-Wa-Wa-Wa-Wa-Wa-Wa-Wa-Wa-Wa-Wa-A-A-A-A-A-A-A-A-A-A-A,117,1,False,False,False,False
867,Wa-Wa-Wa-Wa-Wa-Wa-Wa-Wa-Wa-Wa-Wa-Wa-Wa-Wa-Wa-Wa-Sh-Sh-Sh-Sh-Sh-Sh-Sh,117,1,False,False,True,True
868,Sp-Sp-Sp-Sp-Sp-Sp-Sp-Sp-Sp-Sp-B-B-B-B-B-B-B-B-Sp-Sp-Sp-Sp-Sp,116,2,False,True,False,False
869,Sp-Sp-Sp-Sp-Sp-Sp-Sp-Sp-Sp-Sp-Sp-Sp-Sp-Sp-Sp-Sp-B-B-B-B-B-Sp-Sp,115,2,False,True,True,False
870,Sh-Sh-Sh-Sh-Sh-F-F-F-F-F-F-F-F-F-F-F-F-F-Sh-Sh-Sh-Sh-Sh,115,2,False,True,False,False
871,A-A-A-A-A-A-A-A-A-A-A-A-Wt-Wt-Wt-Wt-Wt-Wt-Wt-Wt-Wt-Wt-Wt,114,1,False,False,False,False
872,B-B-B-B-B-B-B-B-B-B-B-B-B-B-B-B-B-A-A-A-A-A-A,114,1,False,False,False,False
873,Sh-Sh-F-F-F-F-F-F-F-F-F-F-F-F-F-F-A-A-A-A-A-A-A,114,2,False,False,True,False
874,Wa-Wa-Sp-Sp-Sp-Sp-Sp-Sp-Sp-Sp-Sp-Sp-Sp-Sp-Sp-Sp-Sp-Sp-Sp-Sp-Sp-Sp-Sp,113,1,False,True,False,False
875,B-B-B-B-B-B-B-B-B-B-B-B-B-B-B-B-B-B-B-A-A-A-A,113,1,False,False,False,False
876,F-F-F-F-Sh-Sh-Sh-Sh-Sh-Sh-A-A-A-A-A-A-A-A-A-A-A-A-A,112,2,False,True,False,False
877,F-F-F-Sh-Sh-Sh-Sh-Sh-Sh-A-A-A-A-A-A-A-A-A-A-A-A-A-A,112,2,False,True,False,False
878,F-F-F-F-F-F-F-F-B-B-B-B-B-B-B-B-B-B-B-B-B-B-B,111,1,False,True,False,False
879,F-F-Sh-Sh-Sh-Sh-Sh-Sh-Sh-A-A-A-A-A-A-A-A-A-A-A-A-A-A,111,2,False,True,False,False
880,B-B-B-B-B-B-B-B-B-B-B-B-B-Wa-Wa-Wa-Wa-Wa-Wa-Wa-Wa-Wa-Wa,111,1,False,False,False,False
881,Sp-B-B-B-B-B-Sp-Sp-Sp-Sp-Sp-Sp-Sp-Sp-Sp-Sp-Sp-Sp-Sp-Sp-Sp-Sp-Sp,110,2,False,False,False,False
882,F-F-F-F-F-F-F-F-A-A-A-A-A-A-A-A-A-A-A-F-F-F-F,109,2,False,True,False,False
883,A-F-F-F-F-F-F-F-F-F-F-F-F-F-F-F-F-F-F-A-A-A-A,109,2,False,True,False,False
884,F-F-F-Sh-Sh-Sh-Sh-Sh-Sh-Sh-Sh-Sh-Sh-Sh-Sh-Sh-Sh-Sh-Sh-Sh-Sh-Sh-F,109,2,False,True,False,False
885,F-Wt-Wt-Wt-Wt-A-A-A-A-A-A-A-A-A-A-A-A-A-A-A-A-A-A,109,2,False,False,False,False
886,B-B-B-B-B-B-B-B-B-B-A-A-A-A-A-A-A-A-A-A-A-A-A,109,1,False,False,False,False
887,F-F-F-Sh-Sh-Sh-Sh-Sh-Sh-Sh-Sh-Sh-Sh-Sh-Sh-Sh-Sh-Sh-A-A-A-A-A,108,2,False,True,False,False
888,Sp-Sp-Sp-Sp-Sp-G-G-G-G-G-G-G-G-G-G-G-Sp-Sp-Sp-Sp-Sp-Sp-Sp,108,2,False,False,True,False
889,A-A-A-A-A-A-A-F-F-F-F-F-F-F-F-F-F-A-A-A-A-A-A,108,2,False,False,False,False
890,Sh-Sh-Sh-Wt-Wt-Wt-Wt-Wt-Wt-Wt-Wt-Wt-Wt-Wt-Wt-Wt-Wt-Wt-Wt-Wt-Wt-Wt-Wt,107,1,False,True,False,False
891,F-Sh-Sh-Sh-Sh-Sh-Sh-Sh-Sh-Sh-Sh-A-A-A-A-A-A-A-A-A-A-A-A,106,2,False,True,False,False
892,Sp-Sp-Sp-Sp-G-G-G-G-G-G-G-G-G-G-G-G-Sp-Sp-Sp-Sp-Sp-Sp-Sp,106,2,False,False,True,False
893,Sp-Sp-Sp-B-B-B-B-B-B-B-B-B-B-B-B-B-Sp-Sp-Sp-Sp-Sp-Sp-Sp,105,2,False,True,True,False
894,Sh-F-F-F-F-F-F-F-F-F-F-F-F-F-F-F-Sh-Sh-Sh-Sh-Sh-Sh-Sh,105,2,False,False,True,False
895,F-Wt-Wt-Wt-Wt-Wt-Wt-Wt-Wt-Wt-Wt-Wt-Wt-Wt-F-F-F-F-F-F-F-F-F,104,2,False,True,False,False
896,F-Sh-Sh-Sh-Sh-Sh-Sh-Sh-Sh-Sh-Sh-Sh-Sh-F-F-F-F-F-F-F-F-F-F,104,2,False,True,False,False
897,F-Wt-Wt-Wt-Wt-Wt-Wt-Wt-Wt-Wt-Wt-Wt-Wt-Wt-Wt-Wt-F-F-F-F-F-F-F,104,2,False,True,True,False
898,F-F-Sh-Sh-Sh-Sh-A-A-A-A-A-A-A-A-A-A-A-A-A-A-A-A-A,102,2,False,True,False,False
899,Wt-Wt-Wt-Wt-Wa-Wa-Wa-Wa-Wa-Wa-Wa-Wa-Wa-Wa-Wa-Wa-Wa-Wa-Wa-Wa-Wa-Wa-Wa,102,1,False,True,False,False
900,Sp-B-B-B-B-B-B-B-Sp-Sp-Sp-Sp-Sp-Sp-Sp-Sp-Sp-Sp-Sp-Sp-Sp-Sp-Sp,102,2,False,False,False,False
901,Wt-Wt-Wt-Wt-Wt-Wt-Wt-Wt-Wt-Wt-Wt-Wt-Wt-Wa-Wa-Wa-Wa-Wa-Wa-Wa-Wa-Wa-Wa,102,1,False,False,False,False
902,F-F-F-F-A-A-A-A-A-A-A-A-A-A-A-A-A-Wt-Wt-Wt-Wt-Wt-Wt,101,2,False,False,False,False
903,A-A-A-A-A-F-F-F-F-F-F-F-F-F-F-F-F-F-F-A-A-A-A,101,2,False,False,False,False
904,G-G-G-G-G-G-G-G-G-G-G-G-G-G-G-G-G-G-G-G-B-B-B,101,1,False,True,False,False
905,G-G-G-G-G-G-G-G-G-G-G-G-G-G-G-G-G-A-A-A-A-A-A,101,1,False,False,False,False
906,G-G-G-G-G-G-G-G-G-G-G-G-G-G-A-A-A-A-A-A-A-A-A,101,1,False,False,False,False
907,F-F-F-Sh-A-A-A-A-A-A-A-A-A-A-A-A-A-A-A-A-A-A-A,101,2,False,False,False,False
908,B-B-B-B-B-B-B-B-B-B-B-B-B-B-B-B-B-B-B-B-A-A-A,100,1,False,False,False,False
909,G-G-G-G-G-G-G-G-G-G-G-G-G-G-G-G-G-Sh-Sh-Sh-Sh-Sh-Sh,100,1,False,False,False,False
910,B-B-G-G-G-G-G-G-G-G-G-G-G-G-G-G-G-G-G-G-G-G-G,99,1,False,False,False,False
911,Wt-Wt-Wt-Wt-Wt-Wt-Wt-Wt-Wt-Wt-Wt-Wt-Wa-Wa-Wa-Wa-Wa-Wa-Wa-Wa-Wa-Wa-Wa,98,1,False,True,False,False
912,F-F-F-F-F-B-B-B-B-B-B-B-B-B-B-B-B-B-B-B-B-B-B,98,1,False,True,False,False
913,Sp-Sp-Sp-Sp-Sp-F-F-F-F-F-F-F-F-F-F-F-F-F-F-F-F-F-F,98,1,False,False,False,False
914,F-F-F-F-F-F-F-A-A-A-A-A-A-A-A-A-A-A-F-F-F-F-F,97,2,False,True,False,False
915,F-F-F-A-A-A-A-A-A-A-A-A-A-A-A-A-Wt-Wt-Wt-Wt-Wt-Wt-Wt,97,2,False,False,True,False
916,Wa-Wa-Wa-Wa-Wa-Wa-Wa-Wa-Wa-Wa-Wa-Wa-Wa-Wa-Wa-Wa-Wa-Wa-B-B-B-B-B,97,1,False,False,False,False
917,F-F-F-F-F-F-F-F-F-Sh-Sh-Sh-Sh-Sh-Sh-Sh-F-F-F-F-F-F-F,97,2,False,True,True,False
918,B-B-B-B-B-G-G-G-G-G-G-G-G-G-G-G-G-G-G-G-G-G-G,96,1,False,False,False,False
919,F-Wt-Wt-Wt-Wt-Wt-Wt-F-F-F-F-F-F-F-F-F-F-F-F-F-F-F-F,96,2,False,False,False,False
920,A-A-A-A-F-F-F-F-F-F-F-F-F-F-F-F-F-F-F-A-A-A-A,96,2,False,False,False,False
921,F-Wt-Wt-Sh-Sh-Sh-Sh-Sh-Sh-Sh-Sh-Sh-Sh-Sh-Sh-Sh-Sh-Sh-Sh-Sh-Sh-Sh-Sh,96,2,False,False,False,False
922,F-F-F-F-F-F-F-F-F-F-F-F-F-F-F-F-F-F-F-U-U-U-U,95,1,False,True,False,False
923,Sh-Sh-Sh-Sh-Sh-Sh-Sh-Sh-Sh-Sh-Sh-Sh-Sh-Sh-Sh-Sh-Sh-Sh-Sh-Wt-Wt-Wt-Wt,95,1,False,True,False,False
924,Sp-B-B-B-B-B-B-B-B-B-B-B-B-B-B-B-B-B-B-B-B-Sp-Sp,95,2,False,True,False,False
925,B-B-B-B-B-B-B-B-B-B-B-B-B-B-A-A-A-A-A-A-A-A-A,95,1,False,False,False,False
926,G-G-G-G-G-G-G-G-G-G-G-G-G-G-G-G-G-G-G-G-A-A-A,95,1,False,False,False,False
927,F-F-Sh-Sh-Sh-Sh-Sh-Sh-A-A-A-A-A-A-A-A-A-A-A-A-A-A-A,94,2,False,True,False,False
928,F-Sh-Sh-Sh-Sh-Sh-A-A-A-A-A-A-A-A-A-A-A-A-A-A-A-A-A,94,2,False,True,False,False
929,Wt-Wt-Wt-Wt-Wt-Wa-Wa-Wa-Wa-Wa-Wa-Wa-Wa-Wa-Wa-Wa-Wa-Wa-Wa-Wa-Wa-Wa-Wa,93,1,False,True,False,False
930,F-F-F-F-F-Sh-Sh-Sh-Sh-Sh-Sh-Sh-Sh-Sh-Sh-Sh-Sh-Sh-F-F-F-F-F,93,2,False,True,False,False
931,B-B-B-B-B-B-B-B-B-B-B-B-B-B-B-B-B-B-U-U-U-U-U,93,1,False,False,False,False
932,F-F-Wt-Wt-Wt-Wt-Wt-Wt-Wt-Wt-F-F-F-F-F-F-F-F-F-F-F-F-F,92,2,False,False,False,False
933,Sp-G-G-G-G-G-G-G-G-G-G-G-G-G-G-G-G-G-G-Sp-Sp-Sp-Sp,92,2,False,False,False,False
934,F-Wt-Wt-Wt-Wt-Wt-Wt-Wt-Wt-Wt-Wt-Wt-Wt-Wt-Wt-Wt-Wa-Wa-Wa-Wa-Wa-Wa-Wa,92,2,False,False,True,False
935,B-B-B-G-G-G-G-G-G-G-G-G-G-G-G-G-G-G-G-G-G-G-G,91,1,False,True,False,False
936,Wa-Wa-Wa-Wa-B-B-B-B-B-B-B-B-B-B-B-B-B-B-B-B-B-B-B,91,1,False,True,False,False
937,A-A-A-A-A-A-A-Sh-Sh-Sh-Sh-Sh-Sh-Sh-Sh-Sh-Sh-Sh-Sh-Sh-Sh-Sh-F,91,2,False,False,False,False
938,B-B-B-B-B-B-B-B-B-B-B-B-B-B-Wa-Wa-Wa-Wa-Wa-Wa-Wa-Wa-Wa,90,1,False,True,False,False
939,Wt-Wt-Wt-Wt-A-A-A-A-A-A-F-F-F-F-F-F-F-F-F-F-F-F-F,90,2,False,False,False,False
940,Sh-Sh-Sh-Sh-Sh-Sh-Sh-Sh-Sh-Wa-Wa-Wa-Wa-Wa-Wa-Wa-Wa-Wa-Wa-Wa-Wa-Wa-Wa,90,1,False,True,False,False
941,Sh-F-F-F-F-F-F-F-F-F-F-F-F-F-F-F-F-F-Sh-Sh-Sh-Sh-Sh,90,2,False,True,False,False
942,F-Wt-Wt-Wt-A-A-A-A-A-A-A-A-A-A-A-A-A-A-A-A-A-A-A,89,2,False,True,False,False
943,A-A-F-F-F-F-F-F-F-F-F-F-F-F-F-F-F-F-F-A-A-A-A,89,2,False,True,False,False
944,Wt-Wt-Wt-Wt-Wt-Wt-Wt-Wt-Wt-Wt-Wt-Wt-Wt-Wt-Wt-Wt-Wt-Wt-Wt-Wt-Wt-G-G,89,1,False,True,False,False
945,F-A-A-A-A-A-A-A-A-A-F-F-F-F-F-F-F-F-F-F-F-F-F,89,2,False,True,False,False
946,F-F-F-F-F-F-Sh-Sh-Sh-Sh-Sh-Sh-Sh-Sh-Sh-Sh-Sh-Sh-Sh-Sh-F-F-F,89,2,False,True,False,False
947,F-F-F-F-F-F-F-F-F-F-F-F-F-F-F-F-A-A-A-A-A-A-F,88,2,False,False,True,False
948,A-F-F-F-F-F-F-F-Sh-Sh-Sh-Sh-Sh-Sh-Sh-Sh-Sh-Sh-Sh-Sh-Sh-Sh-Sh,88,2,False,False,False,False
949,F-F-F-Sh-Sh-Sh-Sh-Sh-Sh-Sh-Sh-Sh-Sh-A-A-A-A-A-A-A-A-A-A,88,2,False,True,False,False
950,Sh-Sh-Sh-Sh-F-F-F-F-F-F-F-F-F-F-F-F-F-Sh-Sh-Sh-Sh-Sh-Sh,88,2,False,False,False,False
951,F-F-A-A-A-A-A-A-A-A-A-A-A-A-A-A-A-F-F-F-F-F-F,88,2,False,False,False,False
952,B-B-B-B-B-B-B-B-B-B-B-Wa-Wa-Wa-Wa-Wa-Wa-Wa-Wa-Wa-Wa-Wa-Wa,88,1,False,True,False,False
953,F-A-A-A-A-A-A-A-A-A-A-A-A-F-F-F-F-F-F-F-F-F-F,88,2,False,True,False,False
954,Sh-Sh-Sh-Sh-Sh-Sh-Sh-Sh-Sh-Sh-Sp-Sp-Sp-Sp-Sp-Sp-Sp-Sp-Sp-Sp-Sp-Sp-Sp,88,1,False,True,False,False
955,A-A-A-A-A-A-A-A-Sh-Sh-Sh-Sh-Sh-Sh-F-F-F-F-F-F-F-F-F,87,2,False,False,False,False
956,Sp-Sp-Sp-Sp-Sp-Sp-Sp-B-B-B-B-B-B-B-B-B-B-B-B-Sp-Sp-Sp-Sp,86,2,False,True,False,False
957,Sh-Sh-Wa-Wa-Wa-Wa-Wa-Wa-Wa-Wa-Wa-Wa-Wa-Wa-Wa-Wa-Wa-Wa-Wa-Wa-Wa-Wa-Wa,86,1,False,False,False,False
958,G-G-G-G-G-G-G-G-G-G-G-G-G-G-G-G-G-G-G-G-G-U-U,86,1,False,True,False,False
959,F-F-F-F-F-F-F-F-F-F-F-F-F-F-F-F-B-B-B-B-B-B-B,85,1,False,False,True,True
960,F-F-Sh-Sh-Sh-Sh-Sh-Sh-Sh-Sh-Sh-Sh-Sh-Sh-Sh-Sh-Sh-Sh-Sh-Sh-Sh-Sh-F,85,2,False,True,False,False
961,F-F-Wt-Wt-Wt-A-A-A-A-A-A-A-A-A-A-A-A-A-A-A-A-A-A,85,2,False,True,False,False
962,Wa-Wa-Wa-Wa-Wa-Wa-Wa-Wa-Wa-Wa-Wa-Wa-Wa-Wa-Wa-Wa-Wa-Wa-Wa-Sp-Sp-Sp-Sp,84,1,False,True,False,False
963,F-F-F-Sh-Sh-Sh-Sh-Sh-Sh-Sh-Sh-Sh-Sh-Sh-Sh-Sh-Sh-Sh-Sh-A-A-A-A,84,2,False,True,False,False
964,Sp-G-G-G-G-G-G-G-G-G-G-Sp-Sp-Sp-Sp-Sp-Sp-Sp-Sp-Sp-Sp-Sp-Sp,84,2,False,False,False,False
965,Sp-Sp-Sp-Sp-Sp-Sp-Sp-Sp-Sp-Sp-Sp-Sp-Sp-Sp-Wa-Wa-Wa-Wa-Wa-Wa-Wa-Wa-Wa,83,1,False,True,False,False
966,F-F-F-F-F-F-F-F-F-F-Sh-Sh-Sh-Sh-Sh-Sh-F-F-F-F-F-F-F,83,2,False,True,True,False
967,Sh-Sh-Sh-F-F-F-F-F-F-F-F-F-F-F-F-F-A-A-A-A-A-A-A,83,2,False,False,True,False
968,Wa-Wt-Wt-F-F-F-F-F-F-F-F-F-F-F-F-F-F-F-F-F-F-F-F,82,2,False,False,False,False
969,A-A-A-A-F-F-F-F-F-F-F-F-F-F-F-F-F-A-A-A-A-A-A,82,2,False,False,False,False
970,Sh-Sh-Sh-Sh-Sh-Sh-Wa-Wa-Wa-Wa-Wa-Wa-Wa-Wa-Wa-Wa-Wa-Wa-Wa-Wa-Wa-Wa-Wa,82,1,False,True,False,False
971,Wa-Wa-Wa-Wa-Wa-Wa-Wa-Wa-Wa-Wa-Wa-Wa-Wa-Wa-Wa-Wa-F-F-F-F-F-F-F,82,1,False,False,True,True
972,Sh-Sh-Sh-Sh-Sh-Sh-Sh-F-F-F-F-F-F-F-F-F-F-F-F-A-A-A-A,82,2,False,False,False,False
973,F-F-F-F-F-F-F-F-F-F-F-F-F-F-F-F-F-F-F-F-F-Sp-Sp,82,1,False,True,False,False
974,Wa-Wa-Wa-Wa-Wa-Wa-Wa-Wa-Wa-Wa-Wa-Wa-Wa-Wa-Wa-Wa-B-B-B-B-B-B-B,81,1,False,False,True,True
975,F-F-F-F-Sh-Sh-Sh-Sh-Sh-Sh-Sh-Sh-Sh-Sh-Sh-Sh-A-A-A-A-A-A-A,81,2,False,True,True,False
976,F-F-F-F-F-F-F-F-Sh-Sh-Sh-Sh-Sh-Sh-Sh-Sh-Sh-Sh-A-A-A-A-A,81,2,False,True,False,False
977,B-B-B-B-B-B-B-B-B-B-B-B-B-B-B-B-B-B-B-B-F-F-F,81,1,False,True,False,False
978,Sh-Sh-Sh-Sh-Sh-Sh-Sh-F-F-F-F-F-F-F-F-F-F-F-A-A-A-A-A,81,2,False,False,False,False
979,F-F-F-F-F-Sh-Sh-Sh-Sh-Sh-Sh-Sh-Sh-Sh-Sh-Sh-Sh-Sh-A-A-A-A-A,81,2,False,True,False,False
980,Sh-Sh-Sh-Sh-Sh-Sh-Sh-Sh-Sh-Sh-Sh-Sh-Sh-Sh-Sh-Sh-F-F-Sh-Sh-Sh-Sh-Sh,81,2,False,True,True,False
981,F-Sh-Sh-Sh-Sh-Sh-Sh-Sh-Sh-Sh-Sh-Sh-A-A-A-A-A-A-A-A-A-A-A,80,2,False,True,False,False
982,Sp-Sp-Sp-Sp-Sp-Sp-Sp-Sp-Sp-Sp-Sp-Sp-Sp-Sp-Sp-Sp-Sp-Wa-Wa-Wa-Wa-Wa-Wa,80,1,False,True,False,False
983,Wa-Wa-Wa-Wa-Wa-Wa-Wa-Wa-Wa-Wa-Wa-Wa-Wa-Wa-F-F-F-F-F-F-F-F-F,80,1,False,False,False,False
984,F-F-F-F-F-A-A-A-A-A-A-A-A-A-A-A-A-F-F-F-F-F-F,79,2,False,True,False,False
985,A-A-A-A-A-F-F-F-F-F-F-F-F-F-F-F-F-F-A-A-A-A-A,78,2,False,False,False,False
986,F-F-F-F-F-F-F-F-F-F-F-F-F-Wa-Wa-Wa-Wa-Wa-Wa-Wa-Wa-Wa-Wa,78,1,False,False,False,False
987,Sh-Sh-Sh-Sh-F-F-F-F-F-F-F-F-F-F-F-F-F-F-F-F-F-F-Wt,78,2,False,False,False,False
988,Wa-Wa-Wa-Wa-Wa-Wa-Wa-B-B-B-B-B-B-B-B-B-B-B-B-B-B-B-B,78,1,False,True,False,False
989,Wa-Wa-Wa-Wt-Wt-Wt-Wt-Wt-Wt-Wt-Wt-Wt-Wt-Wt-Wt-Wt-Wa-Wa-Wa-Wa-Wa-Wa-Wa,78,2,False,False,True,False
990,Wa-Wa-Wa-Wa-Wa-Wa-Wa-Wa-Wa-Wa-Wa-Wa-Wa-Wa-Wa-Wa-Wa-Wa-Wa-Wt-Wt-Wt-Wt,78,1,False,True,False,False
991,G-G-G-G-G-G-G-G-G-G-G-G-G-Wt-Wt-Wt-Wt-Wt-Wt-Wt-Wt-Wt-Wt,78,1,False,False,False,False
992,G-G-G-G-G-G-G-G-G-G-G-G-G-G-G-G-Wt-Wt-Wt-Wt-Wt-Wt-Wt,78,1,False,False,True,True
993,B-B-B-B-B-B-B-B-B-B-B-B-B-B-B-B-B-B-B-B-B-B-U,77,1,False,True,False,False
994,Wt-Wt-Wa-Wa-Wa-Wa-Wa-Wa-Wa-Wa-Wa-Wa-Wa-Wa-Wa-Wa-Wa-Wa-Wa-Wa-Wa-Wa-Wa,77,1,False,True,False,False
995,A-A-A-A-A-A-A-A-Wa-Wa-Wa-Wa-Wa-Wa-Wa-Wa-Wa-Wa-Wa-Wa-Wa-Wa-Wa,77,1,False,False,False,False
996,A-A-A-F-F-F-F-F-F-F-F-F-F-F-F-F-F-F-F-F-F-F-A,77,2,False,False,False,False
997,A-F-F-F-F-F-F-F-F-F-F-F-F-F-F-F-F-F-F-F-F-A-A,77,2,False,False,False,False
998,Sp-Sp-U-U-U-U-U-U-U-U-U-U-U-U-U-U-U-U-U-U-U-U-U,76,1,False,False,False,False
999,Sh-Sh-Sh-Sh-Sh-Sp-Sp-Sp-Sp-Sp-Sp-Sp-Sp-Sp-Sp-Sp-Sp-Sp-Sp-Sp-Sp-Sp-Sp,76,1,False,False,False,False
1000,F-Sh-Sh-Sh-Sh-Sh-Sh-Sh-Sh-F-F-F-F-F-F-F-F-F-F-F-F-F-F,75,2,False,True,False,False
1001,F-F-F-F-F-F-F-Sh-Sh-Sh-Sh-Sh-Sh-Sh-Sh-Sh-Sh-Sh-Sh-Sh-Sh-Sh-F,74,2,False,True,False,False
1002,G-G-G-G-G-G-G-G-G-G-G-G-G-G-G-G-G-Wa-Wa-Wa-Wa-Wa-Wa,74,1,False,False,False,False
1003,A-A-G-G-G-G-G-G-G-G-G-G-G-G-G-G-G-G-G-G-G-G-G,74,1,False,False,False,False
1004,Sh-Sh-Sh-Sh-Sh-Sh-Sh-F-F-F-F-F-F-F-F-F-F-F-F-F-F-F-Sh,74,2,False,True,False,False
1005,G-G-G-G-Wa-Wa-Wa-Wa-Wa-Wa-Wa-Wa-Wa-Wa-Wa-Wa-Wa-Wa-Wa-Wa-Wa-Wa-Wa,74,1,False,False,False,False
1006,F-F-F-F-F-F-F-F-F-Sh-Sh-Sh-Sh-Sh-Sh-Sh-Sh-Sh-Sh-Sh-F-F-F,74,2,False,False,False,False
1007,F-F-F-F-F-F-F-F-F-Sh-Sh-Sh-Sh-Sh-Sh-Sh-Sh-Sh-Sh-Sh-Sh-Sh-F,74,2,False,True,False,False
1008,F-F-U-U-U-U-U-U-U-U-U-U-U-U-U-U-U-U-U-U-U-U-U,74,1,False,True,False,False
1009,Wa-Wa-Wa-Wa-Wa-Wa-Wa-Wa-Wa-Wa-Wa-Wa-Wa-F-F-F-F-F-F-F-F-F-F,73,1,False,False,False,False
1010,A-A-A-A-A-A-A-A-A-A-Sp-Sp-Sp-Sp-Sp-Sp-Sp-Sp-Sp-Sp-Sp-Sp-Sp,73,1,False,False,False,False
1011,F-A-A-A-A-A-A-A-A-A-A-A-A-A-A-A-A-A-A-A-A-A-F,73,2,False,True,False,False
1012,Sh-Sh-Sh-Sh-Wa-Wa-Wa-Wa-Wa-Wa-Wa-Wa-Wa-Wa-Wa-Wa-Wa-Wa-Wa-Wa-Wa-Wa-Wa,73,1,False,True,False,False
1013,G-G-G-G-G-G-G-G-G-G-G-G-G-G-U-U-U-U-U-U-U-U-U,73,1,False,True,False,False
1014,F-F-F-F-F-F-F-F-F-F-Sh-Sh-Sh-Sh-Sh-Sh-Sh-Sh-Sh-Sh-Sh-F-F,73,2,False,True,False,False
1015,Sh-Sh-Sh-Sh-F-F-F-F-F-F-F-F-F-F-F-F-F-F-F-F-F-A-A,72,2,False,False,False,False
1016,Sh-Sh-Sh-Sh-Sh-Sh-Sh-Sh-Sh-Sh-Sh-Sh-Sh-Sh-Sh-Sh-Sh-Sh-Sh-Sh-Sh-Sh-Wa,72,1,False,False,False,False
1017,F-F-Wa-Wa-Wa-Wa-Wa-Wa-Wa-Wa-Wa-Wa-Wa-Wa-Wa-Wa-B-B-B-B-B-B-B,72,2,False,False,True,False
1018,Sp-Sp-B-B-B-B-B-B-B-B-B-B-B-B-B-B-B-B-B-B-B-B-Sp,72,2,False,False,False,False
1019,Sh-Sh-Sp-Sp-Sp-Sp-Sp-Sp-Sp-Sp-Sp-Sp-Sp-Sp-Sp-Sp-Sp-Sp-Sp-Sp-Sp-Sp-Sp,72,1,False,False,False,False
1020,Sp-Sp-B-B-B-B-B-B-B-B-B-B-B-B-B-B-Sp-Sp-Sp-Sp-Sp-Sp-Sp,72,2,False,False,True,False
1021,F-F-F-F-Sh-Sh-Sh-Sh-Sh-Sh-Sh-Sh-Sh-Sh-Sh-Sh-Sh-Sh-Sh-Sh-F-F-F,72,2,False,True,False,False
1022,A-A-A-A-A-A-A-A-A-A-Sh-Sh-Sh-Sh-F-F-F-F-F-F-F-F-F,72,2,False,False,False,False
1023,Wt-Wt-Wt-Wt-Wt-Wt-Wt-Wt-Wt-Wt-Sh-Sh-Sh-Sh-Sh-Sh-Sh-Sh-Sh-Sh-Sh-Sh-Sh,71,1,False,False,False,False
1024,Wa-Wa-Wa-Wa-Wa-Wa-Wa-Wa-Wa-Wa-Wa-Wa-Wa-Wa-Wa-Wa-Wa-Wa-Sp-Sp-Sp-Sp-Sp,71,1,False,False,False,False
1025,A-A-F-F-F-F-F-F-F-F-F-F-F-F-F-F-F-F-F-Sh-Sh-Sh-Sh,71,2,False,False,False,False
1026,Sp-Sp-Sp-Sp-Sp-G-G-G-G-G-G-G-G-G-G-G-G-G-G-Sp-Sp-Sp-Sp,71,2,False,True,False,False
1027,Sp-Sp-Sp-Sp-Sp-Sp-Sp-Sp-B-B-B-B-B-B-B-B-B-B-Sp-Sp-Sp-Sp-Sp,71,2,False,True,False,False
1028,A-F-F-F-F-F-F-F-F-F-F-F-F-F-F-F-Sh-Sh-Sh-Sh-Sh-Sh-Sh,71,2,False,False,True,False
1029,Sh-F-F-F-F-F-F-F-F-F-F-F-F-F-F-F-F-F-A-A-A-A-A,71,2,False,False,False,False
1030,F-F-A-A-A-A-A-A-A-A-A-A-A-A-A-A-A-A-A-A-F-F-F,70,2,False,False,False,False
1031,A-A-A-A-A-A-A-A-A-A-A-A-A-A-A-A-A-Wa-Wa-Wa-Wa-Wa-Wa,70,1,False,False,False,False
1032,F-F-F-F-F-F-Sh-Sh-Sh-Sh-Sh-Sh-Sh-Sh-Sh-Sh-Sh-Sh-Sh-Sh-Sh-Sh-F,70,2,False,True,False,False
1033,Sp-Sp-Sp-Sp-Sp-Sp-Sp-Sp-Sp-Sp-Sp-Sp-Sp-Sp-Sp-Sp-Sp-Sp-Wa-Wa-Wa-Wa-Wa,70,1,False,False,False,False
1034,A-A-A-A-A-A-A-Sh-Sh-Sh-Sh-Sh-Sh-Sh-Sh-Sh-F-F-F-F-F-F-F,70,2,False,True,True,False
1035,Wa-Wa-Wa-Wa-Wa-Wa-Wa-Wa-Wa-Wa-Wa-Wa-Wa-Wa-Sh-Sh-Sh-Sh-Sh-Sh-Sh-Sh-Sh,69,1,False,False,False,False
1036,Sh-Sh-Sh-Sh-Sh-Sh-Sh-Sh-F-F-F-F-F-F-F-F-F-F-F-Sh-Sh-Sh-Sh,69,2,False,False,False,False
1037,A-A-A-A-A-A-A-A-A-A-A-Wa-Wa-Wa-Wa-Wa-Wa-Wa-Wa-Wa-Wa-Wa-Wa,69,1,False,False,False,False
1038,A-F-F-F-F-F-F-F-F-F-F-F-F-F-F-F-F-F-F-Sh-Sh-Sh-Sh,69,2,False,True,False,False
1039,G-G-G-G-G-G-G-G-G-G-G-G-G-G-Wa-Wa-Wa-Wa-Wa-Wa-Wa-Wa-Wa,69,1,False,False,False,False
1040,G-G-Sh-Sh-Sh-Sh-Sh-Sh-Sh-Sh-Sh-Sh-Sh-Sh-Sh-Sh-Sh-Sh-Sh-Sh-Sh-Sh-Sh,69,1,False,False,False,False
1041,Sp-B-B-B-B-B-B-Sp-Sp-Sp-Sp-Sp-Sp-Sp-Sp-Sp-Sp-Sp-Sp-Sp-Sp-Sp-Sp,68,2,False,False,False,False
1042,Wa-Wt-Wt-Wt-Wt-F-F-F-F-F-F-F-F-F-F-F-F-F-F-F-F-F-F,68,2,False,False,False,False
1043,A-A-A-A-A-A-F-F-F-F-F-F-F-F-F-F-A-A-A-A-A-A-A,68,2,False,False,True,False
1044,Sp-Sp-Sp-Sp-Sp-Sp-Sp-F-F-F-F-F-F-F-F-F-F-F-F-F-F-F-F,68,1,False,False,False,False
1045,F-F-F-F-F-F-F-A-A-A-A-A-A-A-A-A-A-A-A-F-F-F-F,68,2,False,True,False,False
1046,Sh-Sh-Sh-F-F-F-F-F-F-F-F-F-F-F-F-F-Sh-Sh-Sh-Sh-Sh-Sh-Sh,67,2,False,False,True,False
1047,F-F-F-Sh-Sh-Sh-Sh-Sh-Sh-Sh-Sh-Sh-A-A-A-A-A-A-A-A-A-A-A,67,2,False,True,False,False
1048,Sp-Sp-B-B-B-B-B-B-B-B-B-B-B-B-B-B-G-G-G-G-G-G-G,67,2,False,False,True,False
1049,A-A-A-A-Sp-Sp-Sp-Sp-Sp-Sp-Sp-Sp-Sp-Sp-Sp-Sp-Sp-Sp-Sp-Sp-Sp-Sp-Sp,67,1,False,False,False,False
1050,F-F-F-A-A-A-A-A-A-A-A-A-A-A-A-A-A-A-A-A-F-F-F,67,2,False,True,False,False
1051,F-F-Wt-Wt-Sh-Sh-Sh-Sh-Sh-Sh-Sh-Sh-Sh-Sh-Sh-Sh-Sh-Sh-Sh-Sh-Sh-Sh-Sh,67,2,False,True,False,False
1052,Sh-F-F-F-F-F-F-F-F-F-F-F-F-F-F-F-F-F-F-F-Sh-Sh-Sh,66,2,False,False,False,False
1053,F-F-A-A-A-A-A-A-A-A-A-A-A-F-F-F-F-F-F-F-F-F-F,66,2,False,True,False,False
1054,F-F-F-F-F-F-F-F-F-F-F-F-F-F-F-F-F-F-F-Sh-F-F-F,66,2,False,True,False,False
1055,Sh-Sh-Sh-Sh-F-F-F-F-F-F-F-F-F-F-F-F-F-F-F-F-Sh-Sh-Sh,66,2,False,False,False,False
1056,F-F-F-F-Sh-Sh-Sh-Sh-Sh-Sh-Sh-Sh-Sh-Sh-Sh-Sh-Sh-A-A-A-A-A-A,66,2,False,True,False,False
1057,Sp-Sp-Sp-Sp-Sp-Sp-A-A-A-A-A-A-A-A-A-A-A-A-A-A-A-A-A,66,1,False,False,False,False
1058,F-F-F-U-U-U-U-U-U-U-U-U-U-U-U-U-U-U-U-U-U-U-U,66,1,False,False,False,False
1059,F-F-Sh-Sh-Sh-Sh-Sh-Sh-Sh-Sh-Sh-Sh-Sh-Sh-Sh-Sh-Sh-Sh-Sh-Sh-F-F-F,65,2,False,True,False,False
1060,Sp-Sp-Sp-Sp-Sp-Sp-Sp-Sp-Sp-Sp-Sp-Sp-Sp-Sp-Sp-Sp-Sp-Sp-Sp-B-B-B-Sp,65,2,False,True,False,False
1061,B-B-B-B-B-B-A-A-A-A-A-A-A-A-A-A-A-A-A-A-A-A-A,65,1,False,False,False,False
1062,Sh-F-F-F-F-F-F-F-F-F-F-F-F-F-F-F-F-Sh-Sh-Sh-Sh-Sh-Sh,65,2,False,False,False,False
1063,G-G-G-G-G-G-G-G-G-G-G-G-G-G-G-G-G-G-Wa-Wa-Wa-Wa-Wa,65,1,False,False,False,False
1064,A-F-F-F-F-F-F-F-F-F-F-F-F-F-F-F-F-F-Sh-Sh-Sh-Sh-Sh,65,2,False,False,False,False
1065,B-B-B-B-B-B-B-B-B-B-B-B-B-B-F-F-F-F-F-F-F-F-F,65,1,False,True,False,False
1066,F-F-F-Sh-Sh-Sh-Sh-Sh-Sh-Sh-Sh-F-F-F-F-F-F-F-F-F-F-F-F,64,2,False,True,False,False
1067,F-F-F-F-F-F-F-F-F-F-F-F-B-B-B-B-B-B-B-B-B-B-B,64,1,False,True,False,False
1068,Sp-Sp-Sp-Sp-Sp-Sp-Sp-Sp-Sp-Sp-Sp-Sp-Sp-Sp-Sp-U-U-U-U-U-U-U-U,64,1,False,False,False,False
1069,F-F-Wt-Wt-Wt-Wt-Wt-Wt-Wt-Wt-Wt-Wt-Wt-Wt-F-F-F-F-F-F-F-F-F,64,2,False,True,False,False
1070,Sp-Sp-Sp-Sp-Sp-Sp-Sp-Sp-Sp-Sp-A-A-A-A-A-A-A-A-A-A-A-A-A,64,1,False,False,False,False
1071,F-F-F-F-F-F-F-F-F-F-F-F-F-F-F-F-F-F-F-F-F-F-Sp,64,1,False,True,False,False
1072,G-G-G-G-G-G-G-G-G-G-G-G-G-G-G-G-G-G-G-U-U-U-U,64,1,False,False,False,False
1073,F-F-F-Wt-Wt-Wt-Wt-Wt-Wt-Wt-Wt-Wt-Wt-Wt-Wt-Wt-F-F-F-F-F-F-F,64,2,False,True,True,False
1074,Sh-Sh-Sh-Sh-Sh-F-F-F-F-F-F-F-F-F-F-F-F-F-F-Sh-Sh-Sh-Sh,63,2,False,False,False,False
1075,Sp-Sp-Sp-Sp-Sp-Sp-Sp-Sp-Sp-Sp-B-B-B-B-B-B-B-B-B-B-B-B-Sp,63,2,False,False,False,False
1076,Sh-Wt-Wt-Wt-Wt-Wt-Wt-Wt-Wt-Wt-Wt-Wt-Wt-Wt-Wt-Wt-Wt-Wt-Wt-Wt-Wt-Wt-Wt,63,1,False,False,False,False
1077,F-F-F-Sh-Sh-Sh-Sh-Sh-Sh-Sh-F-F-F-F-F-F-F-F-F-F-F-F-F,63,2,False,True,False,False
1078,A-Sh-Sh-Sh-Sh-Sh-Sh-Sh-A-A-A-A-A-A-A-A-A-A-A-A-A-A-A,63,2,False,True,False,False
1079,A-F-F-F-F-F-F-Sh-Sh-Sh-Sh-Sh-Sh-Sh-Sh-Sh-Sh-Sh-Sh-Sh-Sh-Sh-Sh,63,2,False,False,False,False
1080,Sp-Sp-Sp-B-B-B-B-B-B-B-B-B-B-B-B-B-B-B-B-B-Sp-Sp-Sp,63,2,False,True,False,False
1081,Sh-Sh-Wt-Wt-Wt-Wt-Wt-Wt-Wt-Wt-Wt-Wt-Wt-Wt-Wt-Wt-Wt-Wt-Wt-Wt-Wt-Wt-Wt,63,1,False,True,False,False
1082,Sh-Sh-Sh-Sh-Sh-Wa-Wa-Wa-Wa-Wa-Wa-Wa-Wa-Wa-Wa-Wa-Wa-Wa-Wa-Wa-Wa-Wa-Wa,63,1,False,False,False,False
1083,F-F-F-F-F-F-F-F-F-F-F-F-F-F-F-F-F-F-F-F-F-F-Wa,63,1,False,False,False,False
1084,F-F-F-A-A-A-A-A-A-A-A-A-A-A-A-A-A-A-A-A-A-A-F,63,2,False,True,False,False
1085,Sp-Sp-Sp-Sp-Sp-Sp-Sp-Sp-Sp-Sp-Sp-Sp-Sp-Sp-Sp-Sp-Sp-A-A-A-A-A-A,63,1,False,False,False,False
1086,Sp-Sp-Sp-Sp-Sp-Sp-Sp-Sp-Sp-Sp-Sp-Sp-A-A-A-A-A-A-A-A-A-A-A,62,1,False,False,False,False
1087,F-A-A-A-A-A-A-A-A-A-A-A-A-A-A-A-A-A-A-A-A-F-F,62,2,False,True,False,False
1088,B-B-B-B-B-B-B-B-B-B-B-B-B-B-B-B-F-F-F-F-F-F-F,62,1,False,True,True,True
1089,Sh-Sh-Sh-Sh-Sh-F-F-F-F-F-F-F-F-F-F-F-F-F-F-F-Sh-Sh-Sh,62,2,False,True,False,False
1090,Sp-Sp-Sp-Sp-Sp-B-B-B-B-B-B-B-B-B-B-B-B-B-B-Sp-Sp-Sp-Sp,62,2,False,True,False,False
1091,F-F-F-F-F-F-Sh-Sh-Sh-Sh-Sh-Sh-Sh-Sh-Sh-Sh-Sh-Sh-A-A-A-A-A,62,2,False,True,False,False
1092,F-F-F-F-F-F-F-F-F-F-Wt-Wt-Wt-Wt-Wt-Wt-Wt-Wt-Wt-F-F-F-F,61,2,False,False,False,False
1093,A-A-A-A-A-A-A-A-A-A-F-F-F-F-F-F-F-F-F-F-F-F-A,61,2,False,False,False,False
1094,Sh-Sh-Sh-Sh-Sh-Sh-Sh-A-A-A-A-A-A-A-A-A-F-F-F-F-F-F-F,61,2,False,True,True,False
1095,A-F-F-F-F-F-F-F-F-Sh-Sh-Sh-Sh-Sh-Sh-Sh-Sh-Sh-Sh-Sh-Sh-Sh-Sh,61,2,False,False,False,False
1096,F-F-F-F-F-F-Wa-Wa-Wa-Wa-Wa-Wa-Wa-Wa-Wa-Wa-Wa-Wa-Wa-Wa-Wa-Wa-Wa,61,1,False,False,False,False
1097,A-A-A-F-F-F-F-F-F-F-F-F-F-F-F-F-F-A-A-A-A-A-A,60,2,False,False,False,False
1098,Sh-A-A-A-A-A-A-A-A-A-A-A-A-A-A-A-F-F-F-F-F-F-F,60,2,False,True,True,False
1099,F-F-F-F-A-A-A-A-A-A-A-A-A-A-A-A-A-A-F-F-F-F-F,60,2,False,True,False,False
1100,Sh-Sh-Sh-Sh-Sh-Sh-Sh-Sh-Sh-Sh-Sh-Sh-Sh-Sh-Sh-Sh-Sh-Sh-Sh-Sh-Sh-Wa-Wa,60,1,False,False,False,False
1101,F-Sh-Sh-Sh-Sh-Sh-Sh-Sh-Sh-Sh-Sh-Sh-Sh-Sh-Sh-Sh-Sh-A-A-A-A-A-A,60,2,False,True,False,False
1102,Sh-Sh-Sh-Sh-F-F-F-F-F-F-F-F-F-F-F-F-F-F-A-A-A-A-A,60,2,False,False,False,False
1103,F-F-F-F-A-A-A-A-A-A-A-A-A-A-A-A-A-A-A-A-A-A-F,60,2,False,True,False,False
1104,G-G-G-G-G-G-G-G-G-G-G-G-G-G-G-G-G-B-B-B-B-B-B,60,1,False,True,False,False
1105,F-F-F-F-F-A-A-A-A-A-A-A-A-A-A-A-A-A-A-A-F-F-F,59,2,False,True,False,False
1106,F-F-F-F-F-F-A-A-A-A-A-A-A-A-A-A-A-A-A-F-F-F-F,59,2,False,True,False,False
1107,F-F-F-F-F-F-F-F-F-F-A-A-A-A-A-A-A-A-A-A-A-A-F,59,2,False,True,False,False
1108,F-F-F-F-Wt-Wt-Wt-Wt-Wt-Wt-Wt-Wt-Wt-Wt-Wt-Wt-F-F-F-F-F-F-F,59,2,False,True,True,False
1109,F-F-F-F-F-F-F-F-F-F-F-Sh-Sh-Sh-Sh-Sh-Sh-Sh-Sh-Sh-Sh-Sh-F,58,2,False,True,False,False
1110,F-F-Wa-Wa-Wa-Wa-Wa-Wa-Wa-Wa-Wa-Wa-Wa-Wa-Wa-Wa-Sp-Sp-Sp-Sp-Sp-Sp-Sp,58,2,False,False,True,False
1111,A-A-A-F-F-F-F-F-F-F-F-F-F-F-F-F-F-F-F-A-A-A-A,58,2,False,False,False,False
1112,A-F-F-F-F-F-F-F-F-F-F-F-F-F-F-F-F-A-A-A-A-A-A,58,2,False,False,False,False
1113,Sh-F-F-F-F-F-F-F-F-F-F-Sh-Sh-Sh-Sh-Sh-Sh-Sh-Sh-Sh-Sh-Sh-Sh,58,2,False,False,False,False
1114,A-F-F-F-F-F-F-F-F-F-F-F-F-F-F-F-F-F-F-F-F-F-A,58,2,False,False,False,False
1115,Sh-Sh-Sh-Sh-Sh-Sh-Sh-Sh-Sh-Sh-Sh-Sp-Sp-Sp-Sp-Sp-Sp-Sp-Sp-Sp-Sp-Sp-Sp,58,1,False,False,False,False
1116,A-A-A-A-A-A-A-A-A-A-A-A-A-A-A-A-A-A-A-Wt-Wt-Wt-Wt,57,1,False,True,False,False
1117,Sp-Sp-Sp-Sp-Sp-Sp-Sp-Sp-Sp-Sp-Sp-B-B-B-B-B-B-B-B-Sp-Sp-Sp-Sp,57,2,False,True,False,False
1118,Sp-Sp-Sp-Sp-Sp-Sp-Sp-Sp-Sp-Sp-Sp-Sp-Sp-Sp-Sp-Sp-Sp-Sp-Sp-Sp-Sp-Sp-A,57,1,False,False,False,False
1119,F-F-F-F-F-F-F-F-F-F-F-Sh-Sh-Sh-Sh-Sh-F-F-F-F-F-F-F,57,2,False,True,True,False
1120,Sh-Sh-Sh-Sh-F-F-F-F-F-F-F-F-F-F-F-F-F-F-F-F-F-Sh-Sh,57,2,False,False,False,False
1121,F-Sh-Sh-Sh-Sh-Sh-Sh-Sh-Sh-Sh-F-F-F-F-F-F-F-F-F-F-F-F-F,57,2,False,True,False,False
1122,Wa-Wa-Wa-Wa-Wa-Wa-Wa-Wa-Wa-Wa-Wa-Wa-Wa-Wa-Wa-Wa-Wa-Wa-Wa-Wa-B-B-B,57,1,False,True,False,False
1123,Sp-Sp-Sp-Sp-Sp-Sp-Sp-Sp-Sp-Sp-Sp-Sp-Sp-Sp-Sp-Sp-Sp-Sp-Sp-Sp-Sp-Wa-Wa,57,1,False,False,False,False
1124,Sh-Sh-Sh-Sh-Sh-Sh-Sh-Sh-Sp-Sp-Sp-Sp-Sp-Sp-Sp-Sp-Sp-Sp-Sp-Sp-Sp-Sp-Sp,57,1,False,False,False,False
1125,A-A-A-A-A-A-A-Sh-Sh-Sh-Sh-Sh-Sh-Sh-F-F-F-F-F-F-F-F-F,56,2,False,False,False,False
1126,Sp-G-G-G-G-G-G-G-G-G-G-G-G-G-G-G-G-G-G-G-Sp-Sp-Sp,56,2,False,False,False,False
1127,Sp-Sp-Sp-Sp-Sp-U-U-U-U-U-U-U-U-U-U-U-U-U-U-U-U-U-U,56,1,False,True,False,False
1128,Sp-Sp-Sp-B-B-B-B-B-B-B-B-B-B-B-B-B-B-B-B-B-B-B-Sp,56,2,False,False,False,False
1129,F-F-F-F-F-F-F-F-F-F-B-B-B-B-B-B-B-B-B-B-B-B-B,56,1,False,True,False,False
1130,F-F-F-F-F-F-F-F-F-F-Sh-Sh-Sh-Sh-Sh-Sh-Sh-Sh-Sh-F-F-F-F,56,2,False,True,False,False
1131,Wa-Wa-Wa-Wa-Wa-Wa-Wa-Wa-Wa-Wa-Wa-Wa-Wa-Wa-B-B-B-B-B-B-B-B-B,56,1,False,False,False,False
1132,G-G-G-G-G-Wa-Wa-Wa-Wa-Wa-Wa-Wa-Wa-Wa-Wa-Wa-Wa-Wa-Wa-Wa-Wa-Wa-Wa,56,1,False,False,False,False
1133,Wt-Wt-Wt-Wt-Sp-Sp-Sp-Sp-Sp-Sp-Sp-Sp-Sp-Sp-Sp-Sp-Sp-Sp-Sp-Sp-Sp-Sp-Sp,56,1,False,False,False,False
1134,F-F-F-F-F-F-A-A-A-A-A-A-A-A-A-A-A-A-A-A-A-A-F,55,2,False,True,False,False
1135,F-F-F-F-Sh-Sh-Sh-Sh-Sh-Sh-Sh-Sh-Sh-A-A-A-A-A-A-A-A-A-A,55,2,False,True,False,False
1136,Sh-Sh-Sh-Sh-Sh-Sh-Sh-Sh-Sh-A-A-A-A-A-A-A-F-F-F-F-F-F-F,55,2,False,True,True,False
1137,A-A-A-A-A-A-A-A-A-Wa-Wa-Wa-Wa-Wa-Wa-Wa-Wa-Wa-Wa-Wa-Wa-Wa-Wa,55,1,False,True,False,False
1138,F-F-F-F-F-F-Sh-Sh-Sh-Sh-Sh-Sh-Sh-Sh-Sh-Sh-Sh-Sh-Sh-A-A-A-A,55,2,False,True,False,False
1139,A-A-A-A-A-A-A-A-Sh-Sh-Sh-Sh-Sh-Sh-Sh-Sh-Sh-Sh-Sh-Sh-Sh-Sh-F,55,2,False,True,False,False
1140,A-A-A-A-A-A-A-F-F-F-F-F-F-F-F-F-F-F-F-Sh-Sh-Sh-Sh,55,2,False,False,False,False
1141,A-A-A-A-F-F-F-F-F-F-F-F-F-F-F-F-F-F-Sh-Sh-Sh-Sh-Sh,54,2,False,False,False,False
1142,Sh-Sh-Sh-Sh-Sh-Sh-Sh-Sh-F-F-F-F-F-F-F-F-F-F-Sh-Sh-Sh-Sh-Sh,54,2,False,False,False,False
1143,B-B-B-B-B-B-B-B-B-Wa-Wa-Wa-Wa-Wa-Wa-Wa-Wa-Wa-Wa-Wa-Wa-Wa-Wa,54,1,False,False,False,False
1144,Sp-Sp-Sp-Sp-G-G-G-G-G-G-G-G-G-G-G-G-G-G-Sp-Sp-Sp-Sp-Sp,54,2,False,False,False,False
1145,Sh-Sh-F-F-F-F-F-F-F-F-F-F-F-F-F-F-F-F-A-A-A-A-A,54,2,False,False,False,False
1146,B-B-B-B-A-A-A-A-A-A-A-A-A-A-A-A-A-A-A-A-A-A-A,54,1,False,False,False,False
1147,F-F-F-F-F-Sh-Sh-Sh-Sh-Sh-Sh-Sh-Sh-Sh-Sh-Sh-Sh-Sh-Sh-A-A-A-A,54,2,False,True,False,False
1148,Sp-Sp-Sp-Wa-Wa-Wa-Wa-Wa-Wa-Wa-Wa-Wa-Wa-Wa-Wa-Wa-Wa-Wa-Wa-Wa-Wa-Wa-Wa,54,1,False,False,False,False
1149,Wt-Wt-Wt-Wt-Wt-Wt-Wt-Wt-Wt-Wt-F-F-F-F-F-F-F-F-F-F-F-F-Wt,53,2,False,False,False,False
1150,F-F-F-F-F-Wt-Wt-Wt-Wt-Wt-Wt-Wt-Wt-Wt-Wt-Wt-F-F-F-F-F-F-F,53,2,False,False,True,False
1151,B-B-B-B-B-B-B-B-B-B-B-B-B-B-B-B-B-B-B-G-Sp-Sp-Sp,53,2,False,True,False,False
1152,B-F-F-F-F-F-F-F-F-F-F-F-F-F-F-F-F-F-F-F-F-F-F,53,1,False,False,False,False
1153,A-A-A-A-A-A-A-A-Wt-Wt-Wt-Wt-Wt-Wt-Wt-Wt-Wt-Wt-Wt-Wt-Wt-Wt-Wt,53,1,False,False,False,False
1154,F-F-Wa-Wa-Wa-Wa-Wa-Wa-Wa-Wa-Wa-Wa-Wa-Wa-Sp-Sp-Sp-Sp-Sp-Sp-Sp-Sp-Sp,53,2,False,False,False,False
1155,Sp-Sp-Sp-Sp-Sp-Sp-Sp-Sp-G-G-G-G-G-G-G-G-Sp-Sp-Sp-Sp-Sp-Sp-Sp,52,2,False,True,True,False
1156,B-B-B-B-B-B-B-B-B-B-B-Sp-Sp-Sp-Sp-Sp-Sp-Sp-Sp-Sp-G-G-G,52,2,False,True,False,False
1157,Sp-Sp-Sp-Sp-Sp-Sp-Sp-Sp-Sp-Sp-Sp-Sp-Sp-Sp-Sp-Sp-Sp-Sp-B-B-B-Sp-Sp,52,2,False,False,False,False
1158,F-F-F-F-F-Sh-Sh-Sh-Sh-Sh-Sh-Sh-Sh-Sh-Sh-Sh-A-A-A-A-A-A-A,51,2,False,True,True,False
1159,Sp-B-B-B-B-B-B-B-B-B-B-B-B-B-B-B-B-Sp-Sp-Sp-Sp-Sp-Sp,51,2,False,False,False,False
1160,A-F-F-F-F-F-F-F-F-F-F-A-A-A-A-A-A-A-A-A-A-A-A,51,2,False,False,False,False
1161,A-A-A-A-F-F-F-F-F-F-F-F-F-F-F-F-F-F-F-F-F-A-A,51,2,False,False,False,False
1162,Sp-A-A-A-A-A-A-A-A-A-A-A-A-A-A-A-A-A-A-A-A-A-A,51,1,False,False,False,False
1163,Sh-Sh-Sh-Sh-Sh-Sh-F-F-F-F-F-F-F-F-F-F-F-F-F-F-F-F-Sh,51,2,False,False,False,False
1164,Sp-Sp-Sp-Sp-Sp-Sp-Sp-Sp-Sp-B-B-B-B-B-B-B-B-B-Sp-Sp-Sp-Sp-Sp,51,2,False,True,False,False
1165,A-A-A-A-A-A-A-A-F-F-F-F-F-F-F-F-F-F-A-A-A-A-A,51,2,False,False,False,False
1166,Wt-Wt-Wt-Wt-Wt-Wt-A-A-A-A-F-F-F-F-F-F-F-F-F-F-F-F-F,51,2,False,False,False,False
1167,Sh-Sh-Sh-Sh-Sh-Sh-Sh-Sh-Sh-Sh-Sh-Sh-Sp-Sp-Sp-Sp-Sp-Sp-Sp-Sp-Sp-Sp-Sp,50,1,False,False,False,False
1168,F-F-F-F-F-F-B-B-B-B-B-B-B-B-B-B-B-B-B-B-B-B-B,50,1,False,False,False,False
1169,A-F-F-F-F-F-F-F-F-A-A-A-A-A-A-A-A-A-A-A-A-A-A,50,2,False,False,False,False
1170,Wt-Wt-Wt-Wt-Wt-Wt-Wt-F-F-F-F-F-F-F-F-F-F-F-F-F-F-F-Wt,50,2,False,False,False,False
1171,Sh-Sh-Sh-Sh-Sh-Sh-Sp-Sp-Sp-Sp-Sp-Sp-Sp-Sp-Sp-Sp-Sp-Sp-Sp-Sp-Sp-Sp-Sp,50,1,False,False,False,False
1172,A-A-A-F-F-F-F-F-F-F-F-F-F-F-F-F-F-F-F-Sh-Sh-Sh-Sh,50,2,False,False,False,False
1173,F-F-F-Sh-Sh-Sh-Sh-Sh-Sh-Sh-Sh-Sh-Sh-Sh-Sh-Sh-Sh-A-A-A-A-A-A,50,2,False,True,False,False
1174,F-F-F-F-F-F-F-Wt-Wt-Wt-Wt-Wt-Wt-Wt-Wt-Wt-Wt-Wt-Wt-Wt-Wt-A-A,50,2,False,True,False,False
1175,Sh-Sh-Sh-Sh-Sh-F-F-F-F-F-F-F-F-F-F-F-Sh-Sh-Sh-Sh-Sh-Sh-Sh,50,2,False,False,True,False
1176,Sh-F-F-F-F-F-F-F-F-F-F-F-F-F-F-F-F-A-A-A-A-A-A,50,2,False,False,False,False
1177,G-G-G-G-G-G-G-G-G-G-G-G-G-G-G-G-G-G-G-G-G-A-A,50,1,False,False,False,False
1178,A-F-F-F-F-F-F-F-A-A-A-A-A-A-A-A-A-A-A-A-A-A-A,50,2,False,False,False,False
1179,A-A-A-A-A-A-A-Sh-Sh-Sh-Sh-Sh-Sh-Sh-Sh-Sh-Sh-Sh-Sh-A-A-A-A,50,2,False,False,False,False
1180,Sp-Sp-B-B-B-B-B-B-B-B-B-B-B-B-Sp-Sp-Sp-Sp-Sp-Sp-Sp-Sp-Sp,49,2,False,False,False,False
1181,F-F-F-F-F-F-F-F-Sh-Sh-Sh-Sh-Sh-Sh-Sh-Sh-Sh-Sh-Sh-Sh-Sh-F-F,49,2,False,True,False,False
1182,F-Sh-Sh-Sh-Sh-Sh-Sh-Sh-Sh-Sh-Sh-Sh-Sh-Sh-Sh-Sh-Sh-Sh-Sh-Sh-Sh-F-F,49,2,False,True,False,False
1183,Sp-Sp-Sp-Sp-B-B-B-B-B-B-B-B-B-B-B-B-Sp-Sp-Sp-Sp-Sp-Sp-Sp,49,2,False,False,True,False
1184,G-G-G-G-G-G-G-G-G-G-A-A-A-A-A-A-A-A-A-A-A-A-A,49,1,False,False,False,False
1185,A-A-A-A-A-A-A-A-A-F-F-F-F-F-F-F-F-F-A-A-A-A-A,49,2,False,False,False,False
1186,Sh-Sh-Sh-Sh-Sh-Sh-Sh-Sh-Sh-Sp-Sp-Sp-Sp-Sp-Sp-Sp-Sp-Sp-Sp-Sp-Sp-Sp-Sp,49,1,False,False,False,False
1187,Sh-Sh-Sh-Sh-Sh-Sh-F-F-F-F-F-F-F-F-F-F-F-Sh-Sh-Sh-Sh-Sh-Sh,49,2,False,False,False,False
1188,B-B-B-B-B-B-Sp-Sp-Sp-Sp-Sp-Sp-Sp-Sp-Sp-Sp-Sp-Sp-B-B-B-B-B,48,2,False,False,False,False
1189,F-F-A-A-A-A-A-A-A-A-A-A-A-A-A-A-A-A-F-F-F-F-F,48,2,False,False,False,False
1190,A-A-A-Sh-Sh-Sh-Sh-Sh-Sh-Sh-Sh-Sh-Sh-Sh-Sh-Sh-Sh-Sh-Sh-Sh-Sh-Sh-F,48,2,False,False,False,False
1191,Sp-Sp-B-B-B-B-B-B-B-B-B-B-B-B-G-G-G-G-G-G-G-G-G,48,2,False,False,False,False
1192,Sp-Sp-Sp-Sp-Sp-Sp-B-B-B-B-B-B-B-B-B-B-G-G-G-G-G-G-G,48,2,False,False,True,False
1193,B-B-B-B-B-B-B-B-B-B-B-B-B-B-U-U-U-U-U-U-U-U-U,48,1,False,True,False,False
1194,G-G-G-G-G-G-G-G-G-G-G-G-G-G-G-G-G-G-G-G-G-G-B,48,1,False,True,False,False
1195,Sh-Sh-Sh-Sh-Sh-Sh-Sh-F-F-F-F-F-F-F-F-F-F-F-F-F-Sh-Sh-Sh,48,2,False,False,False,False
1196,G-G-G-G-G-G-G-Wa-Wa-Wa-Wa-Wa-Wa-Wa-Wa-Wa-Wa-Wa-Wa-Wa-Wa-Wa-Wa,48,1,False,False,False,False
1197,A-A-Sh-Sh-Sh-Sh-A-A-A-A-A-A-A-A-A-A-A-A-A-A-A-A-A,48,2,False,False,False,False
1198,F-F-F-Sh-Sh-Sh-Sh-Sh-Sh-Sh-Sh-Sh-Sh-F-F-F-F-F-F-F-F-F-F,48,2,False,True,False,False
1199,Sp-Sp-Sp-Sp-Sp-Sp-Sp-Sp-Sp-Sp-Sp-Sp-B-B-B-B-B-B-B-Sp-Sp-Sp-Sp,48,2,False,True,False,False
1200,F-F-F-Sh-Sh-Sh-Sh-Sh-Sh-Sh-Sh-A-A-A-A-A-A-A-A-A-A-A-A,47,2,False,True,False,False
1201,Sh-Sh-Sh-Sh-F-F-F-F-F-F-F-F-F-F-F-F-F-F-F-A-A-A-A,47,2,False,False,False,False
1202,Sh-Sh-Sh-Sh-Sh-Sh-Sh-Sh-Sh-A-A-A-A-A-A-A-A-A-A-F-F-F-F,47,2,False,False,False,False
1203,B-B-B-B-B-B-B-B-B-B-B-B-B-B-B-U-U-U-U-U-U-U-U,47,1,False,False,False,False
1204,Sp-Sp-Sp-Sp-Sp-Sp-Sp-Sp-Sp-A-A-A-A-A-A-A-A-A-A-A-A-A-A,47,1,False,False,False,False
1205,Sh-F-F-F-F-F-F-F-Sh-Sh-Sh-Sh-Sh-Sh-Sh-Sh-Sh-Sh-Sh-Sh-Sh-Sh-Sh,47,2,False,False,False,False
1206,Wa-Wa-Wa-Wa-Wa-Wa-Wa-G-G-G-G-G-G-G-G-G-G-G-G-G-G-G-G,47,1,False,False,False,False
1207,F-Sh-Sh-Sh-Sh-Sh-Sh-Sh-Sh-Sh-Sh-Sh-Sh-Sh-A-A-A-A-A-A-A-A-A,47,2,False,True,False,False
1208,Sp-G-G-G-G-G-G-G-G-G-G-G-G-G-G-G-G-G-Sp-Sp-Sp-Sp-Sp,47,2,False,True,False,False
1209,A-A-A-A-A-A-A-A-A-A-Sh-Sh-Sh-Sh-Sh-Sh-Sh-Sh-Sh-F-F-F-F,47,2,False,False,False,False
1210,Sp-G-G-G-G-G-G-G-G-G-G-G-G-G-G-G-G-G-G-G-G-Sp-Sp,47,2,False,False,False,False
1211,Sh-Sh-Sh-Sh-Sh-F-F-F-F-F-F-F-F-F-F-F-F-Sh-Sh-Sh-Sh-Sh-Sh,47,2,False,False,False,False
1212,F-F-F-F-F-F-F-F-F-F-F-F-F-F-F-F-F-F-F-F-Sp-Sp-Sp,46,1,False,False,False,False
1213,Sp-Sp-Sp-Sp-Sp-Sp-Sp-Sp-Sp-Sp-Sp-Sp-Sp-Wa-Wa-Wa-Wa-Wa-Wa-Wa-Wa-Wa-Wa,46,1,False,False,False,False
1214,Sp-Sp-Sp-Sp-Sp-Sp-Sp-G-G-G-G-G-G-G-G-G-Sp-Sp-Sp-Sp-Sp-Sp-Sp,46,2,False,False,True,False
1215,B-B-B-A-A-A-A-A-A-A-A-A-A-A-A-A-A-A-A-A-A-A-A,46,1,False,False,False,False
1216,Wt-Wt-Wt-Wt-Wt-Wt-Wt-Wt-Wt-Wt-Wt-Wt-Wt-Wt-Wt-Wt-Wt-Wt-Wt-Wt-Wt-Wt-A,46,1,False,True,False,False
1217,F-F-Wt-Wt-Wt-Wt-Wt-F-F-F-F-F-F-F-F-F-F-F-F-F-F-F-F,46,2,False,False,False,False
1218,F-F-F-F-A-A-A-A-A-A-A-A-A-A-A-A-A-A-A-A-F-F-F,46,2,False,True,False,False
1219,A-A-A-Wt-Wt-Wt-Wt-Wt-Wt-Wt-Wt-Wt-Wt-Wt-Wt-Wt-Wt-Wt-Wt-Wt-Wt-Wt-Wt,46,1,False,True,False,False
1220,Wt-Wt-Wt-F-F-F-F-F-F-F-F-F-F-F-F-F-F-F-F-Wt-Wt-Wt-Wt,46,2,False,False,False,False
1221,Sh-Sh-Sh-Sh-Sh-Sh-Sh-Sp-Sp-Sp-Sp-Sp-Sp-Sp-Sp-Sp-Sp-Sp-Sp-Sp-Sp-Sp-Sp,46,1,False,False,False,False
1222,Wt-Wt-Wt-Wt-Sh-Sh-Sh-Sh-Sh-Sh-Sh-Sh-Sh-Sh-Sh-Sh-F-F-F-F-F-F-F,46,2,False,False,True,False
1223,Sp-Sp-Sp-B-B-B-B-B-B-B-B-B-B-B-B-B-B-B-B-B-B-Sp-Sp,46,2,False,False,False,False
1224,F-F-F-F-F-F-F-F-F-F-F-F-F-F-F-F-F-F-U-U-U-U-U,46,1,False,False,False,False
1225,F-A-A-A-A-A-A-A-A-A-A-A-F-F-F-F-F-F-F-F-F-F-F,45,2,False,True,False,False
1226,Sh-Sh-F-F-F-F-F-F-F-F-F-F-F-F-F-F-Sh-Sh-Sh-Sh-Sh-Sh-Sh,45,2,False,False,True,False
1227,F-F-F-F-F-F-F-F-F-Sh-Sh-Sh-Sh-Sh-Sh-Sh-Sh-Sh-Sh-F-F-F-F,45,2,False,False,False,False
1228,F-F-F-F-A-A-A-A-A-A-A-A-A-A-A-A-A-A-Wt-Wt-Wt-Wt-Wt,45,2,False,False,False,False
1229,Sh-Sh-Sh-Sh-Sh-Sh-Sh-Sh-Sh-Sh-Sh-Sh-Sh-Sh-Sh-Sh-Sh-Sh-Sh-Sh-Sh-G-G,45,1,False,False,False,False
1230,F-F-F-F-F-A-A-A-A-A-A-A-A-A-A-A-A-A-Wt-Wt-Wt-Wt-Wt,45,2,False,True,False,False
1231,Sh-Sh-Sh-Sh-Sh-Sh-Sh-Sh-Sh-Sh-Sh-Sh-Sh-Sh-Sh-Sh-F-F-F-Sh-Sh-Sh-Sh,45,2,False,True,True,False
1232,Sh-Sh-Sh-Sh-Sh-Sh-Sh-Sh-Sh-Sh-Sh-Sh-Sh-Sh-Sh-Sh-F-F-F-F-F-F-Sh,45,2,False,True,True,False
1233,B-Sh-Sh-Sh-Sh-Sh-Sh-Sh-Sh-Sh-Sh-Sh-Sh-Sh-Sh-Sh-Sh-Sh-Sh-Sh-Sh-Sh-Sh,45,1,False,False,False,False
1234,Sh-Sh-F-F-F-F-F-F-F-F-F-F-F-F-F-F-F-F-Sh-Sh-Sh-Sh-Sh,45,2,False,False,False,False
1235,F-F-F-F-F-F-F-F-A-A-A-A-A-A-A-A-F-F-F-F-F-F-F,45,2,False,True,True,False
1236,A-A-A-A-A-A-A-F-F-F-F-F-F-F-F-F-F-F-Wt-Wt-Wt-Wt-Wt,44,2,False,False,False,False
1237,F-F-Sh-Sh-Sh-Sh-Sh-Sh-Sh-Sh-Sh-Sh-A-A-A-A-A-A-A-A-A-A-A,44,2,False,True,False,False
1238,Sh-Sh-Sh-Sh-Sh-Sh-F-F-F-F-F-F-F-F-F-F-Sh-Sh-Sh-Sh-Sh-Sh-Sh,44,2,False,False,True,False
1239,A-A-A-A-A-A-A-F-F-F-F-F-F-F-F-F-A-A-A-A-A-A-A,44,2,False,False,True,False
1240,F-Sh-Sh-Sh-Sh-Sh-Sh-Sh-Sh-Sh-Sh-Sh-Sh-Sh-Sh-Sh-A-A-A-A-A-A-A,44,2,False,True,True,False
1241,F-Sh-Sh-Sh-Sh-Sh-Sh-Sh-F-F-F-F-F-F-F-F-F-F-F-F-F-F-F,44,2,False,False,False,False
1242,F-F-F-F-F-F-F-F-Sh-Sh-Sh-Sh-Sh-Sh-Sh-Sh-Sh-F-F-F-F-F-F,44,2,False,True,False,False
1243,A-A-A-A-A-A-A-A-A-F-F-F-F-F-F-F-F-F-F-A-A-A-A,44,2,False,False,False,False
1244,Sp-Sp-Sp-Sp-Sp-Sp-Sp-Sp-Sp-Sp-Sp-Sp-Sp-Sp-Sp-Sp-Sp-Sp-A-A-A-A-A,44,1,False,False,False,False
1245,B-B-B-B-B-B-B-B-B-B-B-B-B-B-B-B-B-B-B-F-F-F-F,44,1,False,False,False,False
1246,B-B-B-B-B-A-A-A-A-A-A-A-A-A-A-A-A-A-A-A-A-A-A,44,1,False,False,False,False
1247,Sh-Sh-Sh-Sh-Sh-Sh-F-F-F-F-F-F-F-F-F-F-A-A-A-A-A-A-A,44,2,False,False,True,False
1248,A-F-F-F-F-F-F-F-F-F-F-F-F-A-A-A-A-A-A-A-A-A-A,44,2,False,False,False,False
1249,A-A-F-F-F-F-F-F-F-F-F-F-F-F-F-F-F-F-F-F-F-F-A,44,2,False,False,False,False
1250,F-Wt-Wt-Wt-Wt-Wt-Wt-Wt-Wt-Wt-Wt-Wt-Wt-Wt-Wt-Wt-Wt-Wt-Wt-F-F-F-F,44,2,False,True,False,False
1251,Sp-Sp-B-B-B-B-B-B-Sp-Sp-Sp-Sp-Sp-Sp-Sp-Sp-Sp-Sp-Sp-Sp-Sp-Sp-Sp,44,2,False,False,False,False
1252,Wt-F-F-F-F-F-F-F-F-F-F-F-F-F-F-F-F-Sh-Sh-Sh-Sh-Sh-Sh,44,2,False,False,False,False
1253,Wt-Wt-Wt-Wt-F-F-F-F-F-F-F-F-F-F-F-F-Sh-Sh-Sh-Sh-Sh-Sh-Sh,43,2,False,False,True,False
1254,Wa-Wa-Wa-Wa-Wa-Wa-Wa-Wa-Wa-Wa-A-A-A-A-A-A-A-A-A-A-A-A-A,43,1,False,False,False,False
1255,Wt-Wt-Wt-Wt-Wt-Wt-Wt-Wt-Wt-Wt-Wt-Wt-Wt-Wt-Wt-Wt-Wt-Wt-Wt-Wt-Sh-Sh-Sh,43,1,False,False,False,False
1256,G-G-G-G-G-G-G-G-G-G-G-Wa-Wa-Wa-Wa-Wa-Wa-Wa-Wa-Wa-Wa-Wa-Wa,43,1,False,False,False,False
1257,F-Sp-Sp-Sp-Sp-Sp-Sp-Sp-Sp-Sp-Sp-Sp-Sp-Sp-Sp-Sp-Sp-Sp-Sp-Sh-Sh-Sh-Sh,43,2,False,True,False,False
1258,A-A-A-A-A-A-A-A-A-A-A-A-Wa-Wa-Wa-Wa-Wa-Wa-Wa-Wa-Wa-Wa-Wa,43,1,False,False,False,False
1259,F-F-F-F-F-F-F-F-F-Sh-Sh-Sh-Sh-Sh-Sh-Sh-Sh-F-F-F-F-F-F,43,2,False,False,False,False
1260,F-F-F-F-Sh-Sh-Sh-Sh-Sh-Sh-Sh-Sh-Sh-Sh-Sh-Sh-Sh-Sh-Sh-A-A-A-A,43,2,False,True,False,False
1261,B-B-B-B-B-B-B-B-Sp-Sp-Sp-Sp-Sp-Sp-Sp-Sp-Sp-Sp-Sp-Sp-G-G-G,43,2,False,False,False,False
1262,Sp-Sp-Sp-Sp-Sp-Sp-Sp-Sp-Sp-Sp-Sp-Sp-Sp-B-B-B-B-B-Sp-Sp-Sp-Sp-Sp,43,2,False,True,False,False
1263,Sp-Sp-Sp-G-G-G-G-G-G-G-G-G-G-G-G-G-G-G-G-G-Sp-Sp-Sp,43,2,False,False,False,False
1264,A-F-F-F-F-F-F-F-F-F-F-Sh-Sh-Sh-Sh-Sh-Sh-Sh-Sh-Sh-Sh-Sh-Sh,43,2,False,False,False,False
1265,Sh-Sh-Sh-Sh-Sh-F-F-F-F-F-F-F-F-F-F-F-F-F-F-F-F-Wt-Wt,43,2,False,False,False,False
1266,A-A-Wa-Wa-Wa-Wa-Wa-Wa-Wa-Wa-Wa-Wa-Wa-Wa-Wa-Wa-Wa-Wa-Wa-Wa-Wa-Wa-Wa,43,1,False,False,False,False
1267,Sp-Sp-Sp-Sp-Sp-B-B-B-B-B-B-B-B-B-B-B-B-B-Sp-Sp-Sp-Sp-Sp,43,2,False,True,False,False
1268,G-G-G-G-G-G-G-Sp-Sp-Sp-Sp-Sp-Sp-Sp-Sp-Sp-Sp-Sp-Sp-Sh-Sh-Sh-Sh,43,2,False,True,False,False
1269,G-G-G-G-G-G-G-G-G-G-G-G-U-U-U-U-U-U-U-U-U-U-U,42,1,False,True,False,False
1270,F-F-F-F-F-F-A-A-A-A-A-A-A-A-A-A-A-F-F-F-F-F-F,42,2,False,False,False,False
1271,F-F-F-F-F-F-Wt-Wt-Wt-Wt-Wt-Wt-Wt-Wt-Wt-Wt-Wt-Wt-Wt-F-F-F-F,42,2,False,True,False,False
1272,Sp-Sp-Sp-Sp-Sp-Sp-Sp-Sp-Sp-Sp-Sp-Sp-Sp-Sp-Sp-Sp-Wt-Wt-Wt-Wt-Wt-Wt-Wt,42,1,False,False,True,True
1273,Wt-Wt-Wt-Wt-F-F-F-F-F-F-F-F-F-F-F-F-F-F-F-F-F-A-A,42,2,False,False,False,False
1274,A-A-A-A-A-A-F-F-F-F-F-F-F-F-F-F-F-F-F-A-A-A-A,42,2,False,False,False,False
1275,F-F-F-A-A-A-A-A-A-A-A-A-A-A-A-A-A-F-F-F-F-F-F,42,2,False,True,False,False
1276,A-A-A-A-A-A-A-A-A-A-Sh-Sh-Sh-Sh-Sh-Sh-Sh-Sh-Sh-Sh-Sh-Sh-F,42,2,False,True,False,False
1277,F-F-F-F-F-F-F-F-F-F-F-B-B-B-B-B-B-B-B-B-B-B-B,42,1,False,False,False,False
1278,F-Sh-Sh-Sh-Sh-Sh-Sh-Sh-Sh-Sh-Sh-Sh-Sh-Sh-Sh-Sh-Sh-Sh-Sh-A-A-A-A,41,2,False,True,False,False
1279,A-A-A-F-F-F-F-F-F-F-F-F-F-F-F-F-F-F-Sh-Sh-Sh-Sh-Sh,41,2,False,False,False,False
1280,A-A-A-A-A-A-A-A-A-A-A-A-A-A-A-A-Sh-Sh-Sh-Sh-F-F-F,41,2,False,False,True,False
1281,Sp-Sp-Sp-Sp-Sp-Sp-Sp-Sp-Sp-Sp-Sp-Sp-Sp-Sp-Sp-Sp-Sp-B-B-B-B-B-Sp,41,2,False,True,False,False
1282,Sh-Sh-F-F-F-F-F-F-F-F-F-F-F-F-F-F-F-F-F-Sh-Sh-Sh-Sh,41,2,False,True,False,False
1283,Sp-Sp-Sp-Sp-Sp-Sp-Sp-Sp-Sp-Sp-Sp-Sp-Sp-Sp-Sp-Sp-Sp-Sp-Sp-B-B-Sp-Sp,41,2,False,False,False,False
1284,Wt-Wt-Wt-Wt-Wt-Wt-Wt-Wt-Wt-Wt-Wt-Wt-Wt-U-U-U-U-U-U-U-U-U-U,41,1,False,False,False,False
1285,F-F-F-F-F-F-F-F-Wt-Wt-Wt-Wt-Wt-Wt-Wt-Wt-F-F-F-F-F-F-F,41,2,False,True,True,False
1286,F-F-F-F-F-F-F-A-A-A-A-A-A-A-A-A-F-F-F-F-F-F-F,41,2,False,True,True,False
1287,Wt-Wt-Wt-Wt-Wt-Wt-Wt-Wt-Wt-Sh-Sh-Sh-Sh-Sh-Sh-Sh-Sh-Sh-Sh-Sh-Sh-Sh-Sh,41,1,False,False,False,False
1288,F-Sh-Sh-Sh-Sh-Sh-Sh-Sh-Sh-Sh-Sh-Sh-Sh-A-A-A-A-A-A-A-A-A-A,41,2,False,True,False,False
1289,Sh-Sh-Sh-Sh-Sh-F-F-F-F-F-F-F-F-F-F-F-F-F-F-F-F-F-Wt,41,2,False,False,False,False
1290,A-A-A-A-A-A-A-F-F-F-F-F-F-F-F-F-F-F-F-F-F-F-A,41,2,False,True,False,False
1291,Wt-Wt-Wt-Wt-Wt-Wt-Wt-Wt-Wt-Wt-Wt-Wt-Wt-Wt-Wt-Wt-Wt-Wt-Wt-A-A-A-A,41,1,False,False,False,False
1292,F-F-F-A-A-A-A-A-A-A-A-A-A-A-A-A-A-A-F-F-F-F-F,41,2,False,True,False,False
1293,F-Wt-Wt-Wt-Wt-Wt-Wt-Wt-Wt-Wt-Wt-Wt-Wt-Wt-Wt-Wt-Wt-Wt-Wa-Wa-Wa-Wa-Wa,40,2,False,False,False,False
1294,F-F-F-F-Sh-Sh-Sh-Sh-Sh-Sh-Sh-Sh-Sh-Sh-Sh-Sh-Sh-Sh-Sh-Sh-A-A-A,40,2,False,False,False,False
1295,Sh-Sh-Sh-Sh-Sh-Sh-Sh-F-F-F-F-F-F-F-F-F-F-A-A-A-A-A-A,40,2,False,False,False,False
1296,A-A-A-A-A-A-A-A-Sh-Sh-Sh-Sh-Sh-Sh-Sh-Sh-Sh-Sh-Sh-F-F-F-F,40,2,False,False,False,False
1297,Sp-Sp-Sp-G-G-G-G-G-G-G-G-G-G-G-G-G-Sp-Sp-Sp-Sp-Sp-Sp-Sp,40,2,False,False,True,False
1298,A-A-A-A-A-F-F-F-F-F-F-F-F-F-F-F-F-F-F-F-A-A-A,40,2,False,False,False,False
1299,Sh-Sh-Sh-Sh-F-F-F-F-F-F-F-F-F-F-F-F-F-A-A-A-A-A-A,40,2,False,False,False,False
1300,Sh-F-F-F-F-F-F-F-F-F-F-F-Sh-Sh-Sh-Sh-Sh-Sh-Sh-Sh-Sh-Sh-Sh,40,2,False,False,False,False
1301,Sh-F-F-F-F-F-A-A-A-A-A-A-A-A-A-A-A-A-A-A-A-A-A,40,2,False,False,False,False
1302,F-F-Wa-Wa-Wa-Wa-Wa-Wa-Wa-Wa-Wa-Wa-Wa-Sp-Sp-Sp-Sp-Sp-Sp-Sp-Sp-Sp-Sp,40,2,False,False,False,False
1303,Sp-Sp-Sp-Sp-Sp-Sp-B-B-B-B-B-B-B-B-B-B-Sp-Sp-Sp-Sp-Sp-Sp-Sp,40,2,False,False,True,False
1304,Sp-Sp-Sp-Sp-Sp-Sp-Sp-Sp-Sp-Sp-Sp-Sp-B-B-B-B-B-B-Sp-Sp-Sp-Sp-Sp,40,2,False,False,False,False
1305,A-A-A-Sp-Sp-Sp-Sp-Sp-Sp-Sp-Sp-Sp-Sp-Sp-Sp-Sp-Sp-Sp-Sp-Sp-Sp-Sp-Sp,40,1,False,False,False,False
1306,F-F-F-Sh-Sh-Sh-Sh-Sh-Sh-Sh-Sh-Sh-Sh-Sh-Sh-Sh-A-A-A-A-A-A-A,40,2,False,True,True,False
1307,A-A-A-A-A-A-A-A-A-A-Sh-Sh-Sh-Sh-Sh-Sh-F-F-F-F-F-F-F,40,2,False,False,True,False
1308,B-B-B-B-Sp-Sp-Sp-Sp-Sp-Sp-Sp-Sp-Sp-Sp-Sp-Sp-B-B-B-B-B-B-B,40,2,False,False,True,False
1309,B-B-B-B-B-B-B-B-B-B-B-Sp-Sp-Sp-Sp-Sp-Sp-Sp-G-G-G-G-G,40,2,False,False,False,False
1310,Wa-Wa-Wa-Wa-Wa-Wa-Wa-Wa-Wa-Wa-Wa-Wa-Wa-Wa-Sp-Sp-Sp-Sp-Sp-Sp-Sp-Sp-Sp,40,1,False,False,False,False
1311,Sh-Sh-Sh-Sh-Sh-F-F-F-F-F-F-F-F-F-F-F-F-A-A-A-A-A-A,40,2,False,False,False,False
1312,Sp-Sp-Sp-Sp-Sp-Sp-B-B-B-B-B-B-B-B-B-B-B-B-B-Sp-Sp-Sp-Sp,39,2,False,False,False,False
1313,G-G-G-G-G-Sp-Sp-Sp-Sp-Sp-Sp-Sp-Sp-Sp-Sp-Sp-Sp-Sp-Sp-Sh-Sh-Sh-Sh,39,2,False,True,False,False
1314,Sp-Sp-Sp-Sp-Sp-Sp-Sp-Sp-Sp-Sp-Sp-Sp-Sp-Sp-Sp-Sp-A-A-A-A-A-A-A,39,1,False,False,True,True
1315,A-A-A-A-F-F-F-F-F-F-F-F-F-F-F-F-F-F-F-F-F-F-A,39,2,False,False,False,False
1316,Sh-Sh-Sh-Sh-Sp-Sp-Sp-Sp-Sp-Sp-Sp-Sp-Sp-Sp-Sp-Sp-Sp-Sp-Sp-Sp-Sp-Sp-Sp,39,1,False,False,False,False
1317,F-F-F-F-Sh-Sh-Sh-Sh-Sh-Sh-Sh-Sh-Sh-Sh-Sh-Sh-Sh-Sh-Sh-Sh-Sh-F-F,39,2,False,True,False,False
1318,Sh-A-A-A-A-A-A-A-A-A-A-A-A-A-A-A-A-A-A-A-A-F-F,39,2,False,False,False,False
1319,A-A-B-B-B-B-B-B-B-B-B-B-B-B-B-B-B-B-B-B-B-B-B,39,1,False,False,False,False
1320,A-A-A-A-A-Sh-Sh-Sh-Sh-Sh-Sh-Sh-Sh-Sh-Sh-Sh-F-F-F-F-F-F-F,39,2,False,False,True,False
1321,A-A-A-A-F-F-F-F-F-F-F-F-F-F-F-F-F-F-F-Sh-Sh-Sh-Sh,39,2,False,False,False,False
1322,Sh-Sh-Sh-Sh-Sh-F-F-F-F-F-F-F-F-F-F-F-A-A-A-A-A-A-A,38,2,False,False,True,False
1323,Sh-Sh-Sh-Sh-Sh-F-F-F-F-F-F-F-F-F-F-F-F-F-F-F-F-F-G,38,2,False,False,False,False
1324,F-Sh-A-A-A-A-A-A-A-A-A-A-A-A-A-A-A-A-A-A-A-A-A,38,2,False,False,False,False
1325,Sh-Sh-Sh-F-F-F-F-F-F-F-F-F-F-F-F-F-F-Sh-Sh-Sh-Sh-Sh-Sh,38,2,False,False,False,False
1326,F-Sh-Sh-Sh-Sh-Sh-Sh-Sh-Sh-Sh-Sh-Sh-F-F-F-F-F-F-F-F-F-F-F,38,2,False,True,False,False
1327,A-A-A-A-A-A-Sh-Sh-Sh-Sh-Sh-Sh-Sh-Sh-Sh-Sh-F-F-F-F-F-F-F,38,2,False,False,True,False
1328,F-A-A-A-A-A-A-F-F-F-F-F-F-F-F-F-F-F-F-F-F-F-F,38,2,False,False,False,False
1329,B-B-B-B-F-F-F-F-F-F-F-F-F-F-F-F-F-F-F-F-F-F-F,38,1,False,True,False,False
1330,F-F-F-F-F-A-A-A-A-A-A-A-A-A-A-A-A-A-A-A-A-A-F,38,2,False,True,False,False
1331,F-F-F-F-A-A-A-A-A-A-A-A-A-A-A-A-A-F-F-F-F-F-F,38,2,False,True,False,False
1332,Sp-Sp-Sp-Sp-B-B-B-B-B-B-B-B-B-B-B-B-B-B-B-B-Sp-Sp-Sp,38,2,False,False,False,False
1333,F-F-Sh-Sh-Sh-Sh-Sh-Sh-Sh-Sh-Sh-Sh-Sh-Sh-Sh-Sh-Sh-Sh-Sh-Sh-Sh-F-F,38,2,False,False,False,False
1334,A-Wt-Wt-Wt-Wt-Wt-Wt-Wt-Wt-Wt-Wt-Wt-Wt-Wt-Wt-Wt-Wt-Wt-Wt-Wt-Wt-Wt-Wt,38,1,False,False,False,False
1335,A-A-A-A-A-A-A-A-A-A-Sh-Sh-Sh-Sh-Sh-Sh-Sh-Sh-Sh-Sh-F-F-F,38,2,False,False,False,False
1336,F-F-F-Sh-Sh-Sh-Sh-Sh-Sh-Sh-Sh-Sh-Sh-Sh-Sh-Sh-Sh-Sh-Sh-Sh-Sh-F-F,38,2,False,True,False,False
1337,Sh-Sh-Sh-F-F-F-F-F-F-F-F-F-F-F-F-F-F-F-F-F-F-F-Sh,38,2,False,False,False,False
1338,Sh-Sh-Sh-Sh-Sh-Sh-Sh-Sh-Sh-A-A-A-A-A-A-A-A-A-A-A-F-F-F,38,2,False,True,False,False
1339,F-F-F-Wt-Wt-Wt-Wt-Wt-Wt-Wt-Wt-Wt-Wt-Wt-Wt-Wt-Wt-Wt-Wt-F-F-F-F,38,2,False,True,False,False
1340,G-G-G-G-G-G-G-G-G-G-G-G-G-G-G-G-G-G-U-U-U-U-U,37,1,False,False,False,False
1341,Sp-Sp-A-A-A-A-A-A-A-A-A-A-A-A-A-A-A-A-A-A-A-A-A,37,1,False,False,False,False
1342,F-F-Sh-Sh-Sh-Sh-Sh-A-A-A-A-A-A-A-A-A-A-A-A-A-A-A-A,37,2,False,True,False,False
1343,A-A-A-A-F-F-F-F-F-F-F-F-F-F-F-F-F-F-F-F-A-A-A,37,2,False,False,False,False
1344,Sp-Sp-Sp-Sp-Sp-Sp-Sp-Sp-Sp-Sp-B-B-B-B-B-B-B-B-B-B-B-Sp-Sp,37,2,False,False,False,False
1345,Sh-Sh-Sh-Sh-Sh-Sh-Sh-Sh-Sh-F-F-F-F-F-F-F-F-F-F-F-F-Sh-Sh,37,2,False,False,False,False
1346,F-F-F-Wt-Wt-Wt-Wt-Wt-Wt-Wt-Wt-Wt-Wt-F-F-F-F-F-F-F-F-F-F,37,2,False,False,False,False
1347,Sp-Sp-Sp-Sp-B-B-B-B-B-B-B-B-B-B-B-B-G-G-G-G-G-G-G,37,2,False,False,True,False
1348,Sh-Sh-Sh-F-F-F-F-F-F-F-F-F-F-F-F-F-F-A-A-A-A-A-A,37,2,False,False,False,False
1349,F-F-F-F-F-F-F-F-F-Sh-Sh-Sh-Sh-Sh-Sh-Sh-Sh-Sh-Sh-Sh-Sh-F-F,37,2,False,True,False,False
1350,A-A-F-F-F-F-F-F-F-F-F-F-F-F-F-F-F-F-F-F-A-A-A,37,2,False,False,False,False
1351,F-Wt-Wt-Wt-Wt-Wt-Wt-Wt-Wt-Wt-Wt-Wt-Wt-F-F-F-F-F-F-F-F-F-F,37,2,False,True,False,False
1352,Sh-Sh-Sh-F-F-F-F-F-F-F-F-F-F-F-F-F-F-F-F-F-F-A-A,37,2,False,False,False,False
1353,A-A-A-A-A-A-A-A-F-F-F-F-F-F-F-F-F-F-F-A-A-A-A,37,2,False,False,False,False
1354,Sh-Sh-Sh-Sh-Sh-Sh-Sh-Sh-A-A-A-A-A-A-A-A-F-F-F-F-F-F-F,37,2,False,True,True,False
1355,F-F-F-F-F-F-A-A-A-A-A-A-A-A-A-A-A-A-F-F-F-F-F,37,2,False,False,False,False
1356,Sp-Sp-Sp-Sp-Sp-Sp-Sp-Sp-Sp-Sp-Sp-Sp-Sp-Sp-Sp-Sp-Sp-Sp-B-Sp-Sp-Sp-Sp,37,2,False,True,False,False
1357,Wt-Wt-Wt-Wt-Sh-Sh-Sh-Sh-Sh-Sh-F-F-F-F-F-F-F-F-F-F-F-F-F,36,2,False,False,False,False
1358,Sh-Sh-F-F-F-F-F-F-F-F-F-F-F-F-F-F-F-F-F-A-A-A-A,36,2,False,True,False,False
1359,B-B-B-B-B-B-B-B-B-B-B-B-B-B-B-B-B-B-B-B-B-G-G,36,1,False,False,False,False
1360,G-G-G-G-F-F-F-F-F-F-F-F-F-F-F-F-A-A-A-A-A-A-A,36,2,False,False,True,False
1361,Wa-Wa-Wa-Wa-Wa-Wa-Wa-Wa-Wa-Wa-Wa-Wa-Wa-A-A-A-A-A-A-A-A-A-A,36,1,False,False,False,False
1362,F-F-F-A-A-A-A-A-A-A-A-A-A-F-F-F-F-F-F-F-F-F-F,36,2,False,True,False,False
1363,A-Sh-Sh-Sh-Sh-Sh-Sh-A-A-A-A-A-A-A-A-A-A-A-A-A-A-A-A,36,2,False,False,False,False
1364,Wt-Wt-Wt-F-F-F-F-F-F-F-F-F-F-F-F-F-F-F-Wt-Wt-Wt-Wt-Wt,36,2,False,False,False,False
1365,F-F-A-A-A-A-A-A-A-A-A-A-A-A-A-A-A-A-A-A-A-A-F,36,2,False,True,False,False
1366,F-F-F-F-Wt-Wt-Wt-Wt-Wt-Wt-Wt-Wt-Wt-Wt-Wt-Wt-Wt-Wt-Wt-F-F-F-F,36,2,False,True,False,False
1367,Wt-Wt-Wt-Wt-Wt-Wt-Wt-Wt-Wt-Wt-Wt-Wt-Wt-Wt-U-U-U-U-U-U-U-U-U,36,1,False,True,False,False
1368,Sh-Sh-Sh-F-F-F-F-F-F-F-F-F-F-F-F-F-F-F-F-F-Sh-Sh-Sh,36,2,False,False,False,False
1369,F-Wt-Wt-Wt-Wt-Wt-Wt-Wt-Wt-Wt-Wt-F-F-F-F-F-F-F-F-F-F-F-F,36,2,False,True,False,False
1370,Sp-Sp-Sp-Sp-Sp-Sp-Sp-Sp-Sp-Sp-B-B-B-B-B-B-Sp-Sp-Sp-Sp-Sp-Sp-Sp,36,2,False,False,True,False
1371,A-A-A-A-A-A-A-A-A-A-A-A-A-A-A-A-Wt-Wt-Wt-F-F-F-F,36,2,False,False,True,False
1372,F-F-F-F-F-F-F-F-F-F-F-F-F-F-F-F-F-F-F-F-F-B-B,36,1,False,False,False,False
1373,Sh-Sh-Sh-Sh-Sh-F-F-F-F-F-F-F-F-F-F-F-F-F-F-F-F-F-Sh,36,2,False,False,False,False
1374,A-A-A-A-A-A-A-A-A-A-A-A-A-A-A-A-A-A-A-Wa-Wa-Wa-Wa,36,1,False,False,False,False
1375,F-F-F-F-F-F-F-Wt-Wt-Wt-Wt-Wt-Wt-Wt-Wt-Wt-F-F-F-F-F-F-F,36,2,False,True,True,False
1376,A-A-A-A-A-A-A-A-Sh-Sh-Sh-Sh-Sh-Sh-Sh-Sh-Sh-Sh-Sh-A-A-A-A,36,2,False,False,False,False
1377,Wt-Wt-Wt-Wt-Wt-Wt-Wt-Sp-Sp-Sp-Sp-Sp-Sp-Sp-Sp-Sp-Sp-Sp-Sp-Sp-Sp-Sp-Sp,35,1,False,False,False,False
1378,B-B-B-B-B-B-B-A-A-A-A-A-A-A-A-A-A-A-A-A-A-A-A,35,1,False,False,False,False
1379,A-A-A-A-A-A-A-A-A-Sh-Sh-Sh-Sh-Sh-F-F-F-F-F-F-F-F-F,35,2,False,False,False,False
1380,Sh-Sh-Sh-Sh-Sh-A-A-A-A-A-A-A-A-A-A-A-F-F-F-F-F-F-F,35,2,False,True,True,False
1381,A-A-A-A-A-A-A-A-A-A-A-A-Sh-Sh-Sh-Sh-F-F-F-F-F-F-F,35,2,False,False,True,False
1382,B-B-B-B-Sp-Sp-Sp-Sp-Sp-Sp-Sp-Sp-Sp-Sp-Sp-Sp-Sp-Sp-Sp-G-G-G-G,35,2,False,False,False,False
1383,Sp-G-G-G-G-G-G-G-Sp-Sp-Sp-Sp-Sp-Sp-Sp-Sp-Sp-Sp-Sp-Sp-Sp-Sp-Sp,35,2,False,False,False,False
1384,F-F-F-F-F-F-F-F-A-A-A-A-A-A-A-A-A-A-A-A-F-F-F,35,2,False,True,False,False
1385,F-F-F-F-F-F-F-A-A-A-A-A-A-A-A-A-A-A-A-A-F-F-F,35,2,False,True,False,False
1386,F-F-F-F-F-F-A-A-A-A-A-A-A-A-A-A-F-F-F-F-F-F-F,35,2,False,True,True,False
1387,A-A-A-A-A-A-A-A-A-A-F-F-F-F-F-F-A-A-A-A-A-A-A,35,2,False,False,True,False
1388,A-Sh-Sh-Sh-Sh-Sh-Sh-Sh-Sh-A-A-A-A-A-A-A-A-A-A-A-A-A-A,35,2,False,False,False,False
1389,A-A-A-A-A-A-A-A-A-A-A-A-A-A-A-A-F-F-F-F-F-F-A,35,2,False,True,True,False
1390,F-Sh-Sh-G-G-G-G-G-G-G-G-G-G-G-G-G-G-G-G-G-G-G-G,35,2,False,True,False,False
1391,Sh-Sh-Sh-Sh-Sh-Sh-Sh-Sh-Sh-Sh-Sh-Sh-Sh-Wa-Wa-Wa-Wa-Wa-Wa-Wa-Wa-Wa-Wa,35,1,False,False,False,False
1392,F-A-A-A-A-A-A-A-F-F-F-F-F-F-F-F-F-F-F-F-F-F-F,35,2,False,False,False,False
1393,F-A-A-A-A-A-A-A-A-F-F-F-F-F-F-F-F-F-F-F-F-F-F,35,2,False,True,False,False
1394,A-A-A-A-A-A-A-A-F-F-F-F-F-F-F-F-A-A-A-A-A-A-A,35,2,False,False,True,False
1395,Sh-Sh-F-F-F-F-Sh-Sh-Sh-Sh-Sh-Sh-Sh-Sh-Sh-Sh-Sh-Sh-Sh-Sh-Sh-Sh-Sh,35,2,False,False,False,False
1396,Wa-Wa-Wt-Wt-Sh-Sh-Sh-Sh-Sh-Sh-Sh-Sh-Sh-Sh-Sh-Sh-Sh-Sh-Sh-Sh-Sh-Sh-Sh,35,2,False,False,False,False
1397,B-B-B-B-B-B-B-B-Sp-Sp-Sp-Sp-Sp-Sp-Sp-Sp-Sp-Sp-Sp-G-G-G-G,34,2,False,False,False,False
1398,Sp-Sp-Sp-Sp-Sp-Sp-Sp-Sp-B-B-B-B-B-B-B-B-B-B-B-B-B-Sp-Sp,34,2,False,False,False,False
1399,F-F-Sh-Sh-Sh-Sh-Sh-Sh-Sh-Sh-Sh-Sh-Sh-F-F-F-F-F-F-F-F-F-F,34,2,False,True,False,False
1400,Sp-Sp-B-B-B-B-B-B-B-B-B-B-B-B-B-B-B-Sp-Sp-Sp-Sp-Sp-Sp,34,2,False,False,False,False
1401,F-F-F-F-F-F-F-F-F-A-A-A-A-A-A-A-A-A-A-A-F-F-F,34,2,False,False,False,False
1402,F-F-F-F-F-F-Wt-Wt-Wt-Wt-Wt-Wt-Wt-Wt-Wt-Wt-F-F-F-F-F-F-F,34,2,False,True,True,False
1403,Sh-Sh-Sh-Sh-Sh-F-F-F-F-F-F-F-F-F-F-F-F-F-A-A-A-A-A,34,2,False,False,False,False
1404,G-G-G-G-G-G-G-G-G-G-Wa-Wa-Wa-Wa-Wa-Wa-Wa-Wa-Wa-Wa-Wa-Wa-Wa,34,1,False,False,False,False
1405,B-B-B-B-B-B-B-B-B-B-B-B-B-B-Sp-Sp-Sp-Sp-G-G-G-G-G,34,2,False,False,False,False
1406,Wt-F-F-F-F-F-F-F-F-F-F-F-F-F-F-F-Sh-Sh-Sh-Sh-Sh-Sh-Sh,34,2,False,False,True,False
1407,Sh-Sh-Sh-Sh-Sh-Sh-Sh-Sh-Sh-Sh-Sh-Sh-Sh-Sh-Sh-Sh-Sh-Sh-B-B-B-B-B,34,1,False,False,False,False
1408,F-Sh-Sh-Sh-Sh-Sh-F-F-F-F-F-F-F-F-F-F-F-F-F-F-F-F-F,34,2,False,False,False,False
1409,F-F-F-A-A-A-A-A-A-A-F-F-F-F-F-F-F-F-F-F-F-F-F,34,2,False,True,False,False
1410,A-A-A-A-A-A-A-A-A-A-F-F-F-F-F-F-F-A-A-A-A-A-A,33,2,False,False,False,False
1411,A-A-A-A-F-F-F-F-F-F-F-F-F-F-F-F-Sh-Sh-Sh-Sh-Sh-Sh-Sh,33,2,False,False,True,False
1412,Sh-Sh-Sh-Sh-Sh-Sh-F-F-F-F-F-F-F-F-F-F-F-F-F-F-Sh-Sh-Sh,33,2,False,False,False,False
1413,B-B-B-B-B-B-B-B-B-B-B-Sp-Sp-Sp-Sp-Sp-Sp-Sp-Sp-G-G-G-G,33,2,False,False,False,False
1414,A-A-A-A-A-A-A-F-F-F-F-F-F-F-F-F-F-F-F-F-A-A-A,33,2,False,False,False,False
1415,A-A-A-A-A-A-A-A-A-A-A-A-A-A-A-A-A-A-G-G-G-G-G,33,1,False,False,False,False
1416,A-A-A-A-A-A-A-A-Sh-Sh-Sh-Sh-Sh-Sh-Sh-Sh-Sh-Sh-Sh-Sh-F-F-F,33,2,False,False,False,False
1417,Wa-Wa-Wa-Wa-Wa-Wa-Wa-Wa-Wa-Wa-Wa-Wa-Wa-Wa-G-G-G-G-G-G-G-G-G,33,1,False,False,False,False
1418,F-F-F-F-F-F-F-F-Sh-Sh-Sh-Sh-Sh-Sh-Sh-Sh-Sh-Sh-F-F-F-F-F,33,2,False,True,False,False
1419,F-F-F-F-F-F-F-F-A-A-A-A-A-A-A-A-A-A-A-A-A-A-F,33,2,False,True,False,False
1420,F-F-Sh-Sh-Sh-Sh-Sh-Sh-Sh-Sh-Sh-Sh-Sh-A-A-A-A-A-A-A-A-A-A,33,2,False,True,False,False
1421,G-G-B-B-B-B-B-B-B-B-B-B-B-B-B-B-B-B-B-Sp-Sp-Sp-Sp,33,2,False,True,False,False
1422,Sp-Sp-B-B-B-B-B-B-B-B-B-B-B-B-B-B-B-B-B-B-G-G-G,33,2,False,False,False,False
1423,Wt-Wt-Wt-F-F-F-F-F-F-F-F-F-F-F-F-F-Wt-Wt-Wt-Wt-Wt-Wt-Wt,33,2,False,False,True,False
1424,A-A-A-A-A-F-F-F-F-F-F-F-F-F-F-F-F-F-F-Sh-Sh-Sh-Sh,33,2,False,False,False,False
1425,A-F-F-F-F-F-F-F-F-F-F-F-F-F-Sh-Sh-Sh-Sh-Sh-Sh-Sh-Sh-Sh,33,2,False,False,False,False
1426,B-B-B-B-B-B-B-B-Sp-Sp-Sp-Sp-Sp-Sp-Sp-Sp-Sp-Sp-G-G-G-G-G,33,2,False,False,False,False
1427,Sh-F-F-F-F-F-F-F-F-F-F-A-A-A-A-A-A-A-A-A-A-A-A,33,2,False,False,False,False
1428,Sh-F-F-F-F-F-F-F-A-A-A-A-A-A-A-A-A-A-A-A-A-A-A,33,2,False,False,False,False
1429,F-F-F-Sh-Sh-Sh-Sh-Sh-Sh-Sh-Sh-Sh-Sh-Sh-Sh-Sh-Sh-Sh-Sh-Sh-Sh-Sh-A,33,2,False,False,False,False
1430,Sh-Sh-Sh-Sh-Sh-Sh-Sh-Sh-Sh-Sh-Sh-Sh-Wa-Wa-Wa-Wa-Wa-Wa-Wa-Wa-Wa-Wa-Wa,33,1,False,True,False,False
1431,Sp-G-G-G-G-G-Sp-Sp-Sp-Sp-Sp-Sp-Sp-Sp-Sp-Sp-Sp-Sp-Sp-Sp-Sp-Sp-Sp,32,2,False,False,False,False
1432,B-B-B-B-Sp-Sp-Sp-Sp-Sp-Sp-Sp-Sp-Sp-Sp-Sp-Sp-Sp-Sp-G-G-G-G-G,32,2,False,True,False,False
1433,Sh-Sh-Sh-Sh-Sh-Sh-F-F-F-F-F-F-F-F-F-F-F-F-F-F-F-A-A,32,2,False,False,False,False
1434,B-B-B-B-B-B-B-B-B-B-B-B-B-B-Sp-Sp-G-G-G-G-G-G-G,32,2,False,False,True,False
1435,F-F-Sh-Sh-Sh-Sh-Sh-Sh-Sh-Sh-Sh-Sh-Sh-Sh-Sh-Sh-Sh-Sh-A-A-A-A-A,32,2,False,True,False,False
1436,A-A-A-A-A-A-A-Sh-Sh-Sh-Sh-Sh-Sh-F-F-F-F-F-F-F-F-F-F,32,2,False,False,False,False
1437,A-A-A-Wa-Wa-Wa-Wa-Wa-Wa-Wa-Wa-Wa-Wa-Wa-Wa-Wa-Wa-Wa-Wa-Wa-Wa-Wa-Wa,32,1,False,False,False,False
1438,Sh-Sh-Sh-F-F-F-F-F-F-F-F-F-F-F-F-F-Wt-Wt-Wt-Wt-Wt-Wt-Wt,32,2,False,False,True,False
1439,F-Wt-Wt-Wt-Wt-Wt-Wt-Wt-Wt-Wt-Wt-Wt-F-F-F-F-F-F-F-F-F-F-F,32,2,False,False,False,False
1440,Wt-Wt-Wt-Wt-Wt-Wt-Wt-G-G-G-G-G-G-G-G-G-G-G-G-G-G-G-G,32,1,False,True,False,False
1441,F-Wt-Wt-Wt-Wt-Wt-Wt-Wt-Wt-Wt-Wt-Wt-Wt-Wt-Wt-Wt-Wt-Wt-Wt-Wt-Wt-Wt-F,32,2,False,False,False,False
1442,Wt-Wt-Wt-G-G-G-G-G-G-G-G-G-G-G-G-G-G-G-G-G-G-G-G,32,1,False,True,False,False
1443,Wt-Wt-Wt-Wt-A-A-A-A-A-A-A-A-A-A-A-A-Wt-Wt-Wt-Wt-Wt-Wt-Wt,32,2,False,False,True,False
1444,A-A-A-A-A-A-Sh-Sh-Sh-Sh-Sh-Sh-Sh-Sh-Sh-Sh-Sh-F-F-F-F-F-F,32,2,False,False,False,False
1445,F-F-F-F-F-Sh-Sh-Sh-Sh-Sh-Sh-Sh-Sh-Sh-Sh-Sh-Sh-Sh-Sh-Sh-Sh-F-F,32,2,False,True,False,False
1446,Sp-Sp-Sp-Sp-Sp-Sp-Sp-Sp-Sp-Sp-Sp-Sp-Sp-Sp-Sp-Sp-Sp-B-B-B-Sp-Sp-Sp,32,2,False,True,False,False
1447,Sh-Sh-Sh-Sh-Sh-Sh-Sh-Sh-Sh-Sh-A-A-A-A-A-A-F-F-F-F-F-F-F,32,2,False,True,True,False
1448,Wt-F-F-F-F-F-F-F-F-F-F-F-F-F-F-F-A-A-A-A-A-A-A,32,2,False,False,True,False
1449,F-F-Wt-Wt-Wt-Sh-Sh-Sh-Sh-Sh-Sh-Sh-Sh-Sh-Sh-Sh-Sh-Sh-Sh-Sh-Sh-Sh-Sh,32,2,False,False,False,False
1450,B-B-B-B-B-B-B-B-B-B-B-B-B-B-B-B-B-B-B-B-B-U-U,32,1,False,True,False,False
1451,A-A-A-A-A-A-A-F-F-F-F-F-F-F-F-F-F-F-Sh-Sh-Sh-Sh-Sh,32,2,False,False,False,False
1452,B-B-B-B-B-B-B-B-B-B-B-B-B-U-U-U-U-U-U-U-U-U-U,31,1,False,False,False,False
1453,A-A-A-A-A-A-A-A-A-A-A-Sh-Sh-Sh-F-F-F-F-F-F-F-F-F,31,2,False,False,False,False
1454,B-B-B-B-B-B-B-B-B-B-B-B-Sp-Sp-Sp-Sp-Sp-Sp-Sp-G-G-G-G,31,2,False,True,False,False
1455,G-G-G-G-G-G-G-G-G-G-G-G-G-G-G-G-G-G-G-G-G-G-Wa,31,1,False,False,False,False
1456,A-A-A-A-A-A-A-G-G-G-G-G-G-G-G-G-G-G-G-G-G-G-G,31,1,False,False,False,False
1457,A-Wa-Wa-Wa-Wa-Wa-Wt-Wt-Wt-Wt-Wt-Wt-Wt-Wt-Wt-Wt-Wt-Wt-Wt-Wt-Wt-Wt-Wt,31,2,False,False,False,False
1458,Sp-Sp-Sp-B-B-B-B-B-B-B-B-B-B-B-B-B-B-B-B-G-G-G-G,31,2,False,True,False,False
1459,A-A-A-A-A-A-A-Sh-Sh-Sh-Sh-Sh-Sh-Sh-Sh-Sh-Sh-F-F-F-F-F-F,31,2,False,False,False,False
1460,F-F-F-F-F-A-A-A-A-A-A-A-A-A-A-A-A-A-F-F-F-F-F,31,2,False,True,False,False
1461,Sh-F-F-F-F-F-F-F-F-F-F-F-F-F-F-F-F-F-F-A-A-A-A,31,2,False,True,False,False
1462,A-A-A-A-A-A-Sh-Sh-Sh-Sh-Sh-Sh-Sh-Sh-F-F-F-F-F-F-F-F-F,30,2,False,True,False,False
1463,Sh-Sh-Sh-Sh-Sh-Sh-Sh-Sh-Sh-Sh-F-F-F-F-F-F-F-F-F-Sh-Sh-Sh-Sh,30,2,False,True,False,False
1464,A-A-Sh-Sh-Sh-Sh-Sh-Sh-Sh-A-A-A-A-A-A-A-A-A-A-A-A-A-A,30,2,False,False,False,False
1465,Sh-Sh-Sh-Sh-Sh-Sh-Sh-Sh-Sh-Sh-Sh-Sh-Sh-Sh-Sh-Sh-Sh-Sh-Sh-Sh-Sp-Sp-Sp,30,1,False,False,False,False
1466,F-F-F-F-F-F-F-F-F-F-F-F-Sh-Sh-Sh-Sh-Sh-Sh-Sh-F-F-F-F,30,2,False,True,False,False
1467,Sp-G-G-G-G-G-G-Sp-Sp-Sp-Sp-Sp-Sp-Sp-Sp-Sp-Sp-Sp-Sp-Sp-Sp-Sp-Sp,30,2,False,False,False,False
1468,F-F-Sh-Sh-Sh-Sh-F-F-F-F-F-F-F-F-F-F-F-F-F-F-F-F-F,30,2,False,False,False,False
1469,Sh-F-F-Sh-Sh-Sh-Sh-Sh-Sh-Sh-Sh-Sh-Sh-Sh-Sh-Sh-Sh-Sh-Sh-Sh-Sh-Sh-Sh,30,2,False,False,False,False
1470,Sp-Sp-Sp-Sp-Sp-Sp-Sp-Sp-Sp-Sp-Sp-Sp-Sp-B-B-B-B-B-B-B-B-Sp-Sp,30,2,False,True,False,False
1471,Wa-Wa-Wa-Wa-Wa-Wa-Sp-Sp-Sp-Sp-Sp-Sp-Sp-Sp-Sp-Sp-Sp-Sp-Sp-Sp-Wa-Wa-Wa,30,2,False,False,False,False
1472,Sh-Sh-Sh-Sh-Sh-Sh-Sh-Sh-Sh-Sh-Sh-F-F-F-F-F-F-F-F-F-F-F-Sh,30,2,False,False,False,False
1473,Sh-Sh-Sh-Sh-Sh-Sh-Sh-Sh-Sh-Sh-A-A-A-A-A-A-A-A-A-F-F-F-F,30,2,False,False,False,False
1474,Sh-Sh-F-F-F-F-F-F-F-F-F-Sh-Sh-Sh-Sh-Sh-Sh-Sh-Sh-Sh-Sh-Sh-Sh,30,2,False,False,False,False
1475,Sp-Sp-Sp-Sp-G-G-G-G-G-G-G-G-G-G-G-G-G-G-G-G-Sp-Sp-Sp,30,2,False,False,False,False
1476,A-A-A-A-A-A-A-A-A-A-A-A-A-A-A-A-A-A-Wa-Wa-Wa-Wa-Wa,30,1,False,False,False,False
1477,Wt-Wt-Wt-Wt-Wt-Wt-Wt-Wt-Wt-Wt-Wt-Wt-Wt-Wt-Wt-Wt-Wt-Wt-Wt-Wt-Wt-Wt-U,30,1,False,False,False,False
1478,F-F-F-F-F-Wt-Wt-Wt-Wt-Wt-Wt-Wt-Wt-Wt-Wt-Wt-Wt-Wt-Wt-F-F-F-F,30,2,False,False,False,False
1479,B-B-B-B-B-Sp-Sp-Sp-Sp-Sp-Sp-Sp-Sp-Sp-Sp-Sp-G-G-G-G-G-G-G,29,2,False,False,True,False
1480,F-F-F-F-F-F-F-F-F-A-A-A-A-A-A-A-A-A-A-F-F-F-F,29,2,False,True,False,False
1481,F-F-F-F-F-F-F-F-F-F-A-A-A-A-A-A-A-A-A-A-A-F-F,29,2,False,True,False,False
1482,Wa-Wa-Wa-Wa-Sh-Sh-Sh-Sh-Sh-Sh-Sh-Sh-Sh-Sh-Sh-Sh-Wt-Wt-Wt-Wt-Wt-Wt-Wt,29,2,False,False,True,False
1483,Sp-Sp-Sp-Sp-Sp-Sp-Sp-Sp-Sp-Sp-Sp-Sp-Sp-Sp-A-A-A-A-A-A-A-A-A,29,1,False,False,False,False
1484,G-G-G-Wa-Wa-Wa-Wa-Wa-Wa-Wa-Wa-Wa-Sp-Sp-Sp-Sp-Sp-Sp-Sp-Sp-Sp-Sp-Sp,29,2,False,False,False,False
1485,Sh-Sh-Sh-Sh-F-F-F-F-F-F-F-F-F-F-F-F-F-F-F-F-F-F-A,29,2,False,False,False,False
1486,Sh-Sh-Sh-A-A-A-A-A-A-A-A-A-A-A-A-A-A-A-A-F-F-F-F,29,2,False,True,False,False
1487,F-Wt-Wt-Wt-Wt-Wt-Wt-Wt-Wt-Wt-Wt-Wt-Wt-Wt-Wt-Wt-Wt-Wt-Wt-Wt-F-F-F,29,2,False,True,False,False
1488,A-A-A-A-Wa-Wa-Wa-Wa-Wa-Wa-Wa-Wa-Wa-Wa-Wa-Wa-Wa-Wa-Wa-Wa-Wa-Wa-Wa,29,1,False,False,False,False
1489,Sh-Sh-Sh-Sh-Sh-Sh-F-F-F-F-F-F-F-F-F-F-F-F-F-F-F-F-A,28,2,False,False,False,False
1490,Sh-F-F-F-F-F-F-F-F-F-F-F-A-A-A-A-A-A-A-A-A-A-A,28,2,False,False,False,False
1491,Wa-Wa-Wa-Wa-Wa-Wa-Wa-Wa-Wa-Wa-Wa-Wa-Wa-Wa-Wa-Wa-Wa-Wa-Wa-Wa-Wa-F-F,28,1,False,False,False,False
1492,G-G-G-G-G-G-G-G-G-G-G-G-G-G-G-U-U-U-U-U-U-U-U,28,1,False,False,False,False
1493,Sp-Sp-Sp-Sp-Sp-Sp-Sp-Sp-G-G-G-G-G-G-G-G-G-G-Sp-Sp-Sp-Sp-Sp,28,2,False,False,False,False
1494,F-F-F-Sh-Sh-Sh-Sh-Sh-Sh-Sh-Sh-Sh-Sh-Sh-Sh-Sh-Sh-Sh-Wt-Wt-Wt-Wt-Wt,28,2,False,False,False,False
1495,A-F-F-F-F-F-F-F-F-F-Sh-Sh-Sh-Sh-Sh-Sh-Sh-Sh-Sh-Sh-Sh-Sh-Sh,28,2,False,False,False,False
1496,F-F-F-F-F-F-F-F-F-G-G-G-G-G-G-G-G-G-G-G-F-F-F,28,2,False,False,False,False
1497,Wt-Wt-Wt-Wt-Wt-Wt-Wt-Sh-Sh-Sh-F-F-F-F-F-F-F-F-F-F-F-F-F,28,2,False,False,False,False
1498,F-Sh-Sh-Sh-Sh-Sh-Sh-F-F-F-F-F-F-F-F-F-F-F-F-F-F-F-F,28,2,False,False,False,False
1499,Sp-Sp-Wa-Wa-Wa-Wa-Wa-Wa-Wa-Wa-Wa-Wa-Wa-Wa-Wa-Wa-Wt-Wt-Wt-Wt-Wt-Wt-Wt,28,2,False,False,True,False
1500,Sp-Sp-Sp-B-B-B-B-B-B-B-B-B-B-B-B-B-B-Sp-Sp-Sp-Sp-Sp-Sp,28,2,False,True,False,False
1501,F-F-Sh-Sh-Sh-Sh-Sh-F-F-F-F-F-F-F-F-F-F-F-F-F-F-F-F,28,2,False,False,False,False
1502,Wa-Wa-Wa-Wa-Wa-Wa-Wa-Wa-Wa-Wa-Wa-Wa-Wa-Wa-Wa-Wa-Wa-F-F-F-F-F-F,28,1,False,False,False,False
1503,Sh-F-F-F-F-F-F-F-F-F-A-A-A-A-A-A-A-A-A-A-A-A-A,28,2,False,False,False,False
1504,F-A-A-A-A-A-A-A-A-A-A-F-F-F-F-F-F-F-F-F-F-F-F,28,2,False,True,False,False
1505,A-A-A-A-A-A-A-A-A-A-A-A-A-A-A-A-A-Sh-Sh-F-F-F-F,28,2,False,False,False,False
1506,Wa-Wa-Wa-Wa-Wt-Wt-Wt-Wt-Wt-Wt-Wt-Wt-Wt-Wt-Wt-Wt-Wa-Wa-Wa-Wa-Wa-Wa-Wa,28,2,False,False,True,False
1507,F-F-F-F-Sh-Sh-Sh-Sh-Sh-Sh-Sh-Sh-A-A-A-A-A-A-A-A-A-A-A,28,2,False,True,False,False
1508,A-F-F-F-F-F-F-F-F-F-F-F-F-Sh-Sh-Sh-Sh-Sh-Sh-Sh-Sh-Sh-Sh,27,2,False,False,False,False
1509,F-Sh-Sh-Sh-Sh-Sh-Sh-Sh-Sh-Sh-Sh-Sh-Sh-Sh-Sh-Sh-Sh-Sh-Sh-Sh-Sh-Sh-A,27,2,False,True,False,False
1510,F-F-F-F-F-F-F-Wt-Wt-Wt-Wt-Wt-Wt-Wt-Wt-Wt-Wt-Wt-Wt-F-F-F-F,27,2,False,True,False,False
1511,Sp-G-G-G-G-G-G-G-G-G-G-G-G-G-Sp-Sp-Sp-Sp-Sp-Sp-Sp-Sp-Sp,27,2,False,False,False,False
1512,Wt-Wt-Wt-Wt-Wt-Wt-Wt-Wt-Wt-Wt-Wt-Wt-U-U-U-U-U-U-U-U-U-U-U,27,1,False,True,False,False
1513,Sh-Sh-Sh-Sh-Sh-Sh-Sh-Sh-Sh-F-F-F-F-F-F-F-F-F-F-F-F-F-Sh,27,2,False,True,False,False
1514,Wt-Wt-Wt-Wt-A-A-A-A-A-A-A-A-A-A-A-A-A-A-A-F-F-F-F,27,2,False,True,False,False
1515,Sh-A-A-A-A-A-A-A-A-A-A-A-A-A-A-A-A-A-A-A-F-F-F,27,2,False,False,False,False
1516,F-F-F-F-U-U-U-U-U-U-U-U-U-U-U-U-U-U-U-U-U-U-U,27,1,False,True,False,False
1517,A-A-A-A-A-A-F-F-F-F-F-F-F-F-F-F-F-F-Sh-Sh-Sh-Sh-Sh,27,2,False,False,False,False
1518,F-F-F-F-F-G-G-G-G-G-G-G-G-G-G-G-F-F-F-F-F-F-F,27,2,False,False,True,False
1519,A-F-F-F-F-F-F-F-F-F-F-G-G-G-G-G-G-G-G-G-G-G-G,26,2,False,False,False,False
1520,A-Sh-Sh-Sh-Sh-Sh-Sh-Sh-Sh-Sh-A-A-A-A-A-A-A-A-A-A-A-A-A,26,2,False,False,False,False
1521,A-A-A-Sh-Sh-Sh-Sh-Sh-Sh-Sh-Sh-Sh-Sh-Sh-Sh-Sh-Sh-Sh-Sh-Sh-Sh-F-F,26,2,False,True,False,False
1522,Sh-Sh-Sh-Sh-Sh-Sh-Sh-F-F-F-F-F-F-F-F-F-A-A-A-A-A-A-A,26,2,False,False,True,False
1523,Sh-Sh-Sh-Sh-F-F-F-F-F-F-F-F-F-F-F-F-F-F-F-F-Wt-Wt-Wt,26,2,False,False,False,False
1524,Wt-Wt-Wt-Wt-Wt-Wt-Wt-Wt-Wt-Wt-Wt-Wt-Wt-Wt-Wt-Wt-Wt-Wt-Wt-Wt-Wt-U-U,26,1,False,False,False,False
1525,Sp-Sp-G-G-G-G-G-G-G-G-G-G-G-Sp-Sp-Sp-Sp-Sp-Sp-Sp-Sp-Sp-Sp,26,2,False,False,False,False
1526,F-F-F-F-F-F-F-F-F-F-F-F-F-F-B-B-B-B-B-B-B-B-B,26,1,False,False,False,False
1527,Wa-Wa-Wa-B-B-B-B-B-B-B-B-B-B-B-B-B-B-B-B-B-B-B-B,26,1,False,False,False,False
1528,G-G-G-G-G-G-G-G-G-Wa-Wa-Wa-Wa-Wa-Wa-Wa-Wa-Wa-Wa-Wa-Wa-Wa-Wa,26,1,False,False,False,False
1529,Wa-Wa-Wa-Wa-Wa-Wa-Wa-Wa-Wa-Wa-Wa-Wa-Wa-Wa-Wa-Wa-Wa-Wa-Wa-Sh-Sh-Sh-Sh,26,1,False,False,False,False
1530,Sh-Sh-Sh-F-F-F-F-F-F-F-F-F-F-F-F-F-F-F-F-Wt-Wt-Wt-Wt,26,2,False,False,False,False
1531,F-F-F-F-F-F-F-F-F-F-F-F-F-B-B-B-B-B-B-B-B-B-B,26,1,False,True,False,False
1532,Wa-Wa-Wa-Wa-Wa-Wa-Wa-Wa-Wa-Wa-Wa-Wa-Wa-Wa-Wa-Wa-Wa-Wa-Wa-Wa-Wa-Wa-F,26,1,False,True,False,False
1533,A-A-A-A-G-G-G-G-G-G-G-G-G-G-G-G-G-G-Sh-Sh-Sh-Sh-Sh,26,2,False,False,False,False
1534,Sp-Sp-B-B-B-B-B-Sp-Sp-Sp-Sp-Sp-Sp-Sp-Sp-Sp-Sp-Sp-Sp-Sp-Sp-Sp-Sp,26,2,False,False,False,False
1535,F-F-F-F-F-F-F-Wt-Wt-Wt-Wt-Wt-Wt-Wt-Wt-Wt-Wt-Wa-Wa-Wa-Wa-Wa-Wa,26,2,False,True,False,False
1536,F-Wt-Wt-Wt-Wt-Sh-Sh-Sh-Sh-Sh-Sh-Sh-Sh-Sh-Sh-Sh-Sh-Sh-Sh-Sh-Sh-Sh-Sh,26,2,False,False,False,False
1537,Sh-Sh-Sh-Sh-Sh-Sh-Sh-F-F-F-F-F-F-F-F-F-F-F-F-F-F-A-A,26,2,False,False,False,False
1538,Sh-Sh-Sh-Sh-Sh-Sh-Sh-Sh-A-A-A-A-A-A-A-A-A-A-A-A-A-A-F,26,2,False,True,False,False
1539,A-A-A-A-A-A-A-A-A-Sh-Sh-Sh-Sh-Sh-Sh-Sh-Sh-Sh-Sh-Sh-Sh-Sh-F,26,2,False,False,False,False
1540,Sh-Sh-Sh-Sh-F-F-F-F-F-F-F-F-F-F-F-F-F-F-F-F-F-Wt-Wt,26,2,False,False,False,False
1541,Wt-F-F-F-F-F-F-F-F-Wt-Wt-Wt-Wt-Wt-Wt-Wt-Wt-Wt-Wt-Wt-Wt-Wt-Wt,26,2,False,False,False,False
1542,A-A-Sh-Sh-Sh-Sh-Sh-Sh-Sh-Sh-Sh-Sh-Sh-Sh-Sh-Sh-Sh-Sh-Sh-F-F-F-F,26,2,False,False,False,False
1543,Sh-F-F-F-F-F-F-F-F-A-A-A-A-A-A-A-A-A-A-A-A-A-A,26,2,False,False,False,False
1544,Sh-A-A-A-A-A-A-A-A-A-A-A-A-A-A-A-A-A-A-F-F-F-F,26,2,False,True,False,False
1545,G-G-G-G-G-G-G-B-B-B-B-B-B-B-B-B-B-B-Sp-Sp-Sp-Sp-Sp,26,2,False,False,False,False
1546,F-F-F-F-F-F-F-F-F-F-F-F-F-F-Sh-Sh-F-F-F-F-F-F-F,26,2,False,False,True,False
1547,A-A-A-A-A-A-A-A-A-A-A-A-F-F-F-F-F-F-F-A-A-A-A,26,2,False,False,False,False
1548,Sh-Sh-Sh-Sh-Sh-Sh-Sh-Sh-F-F-F-F-F-F-F-F-F-F-F-F-Sh-Sh-Sh,26,2,False,False,False,False
1549,Sh-A-A-A-A-A-A-A-A-A-A-A-A-A-A-A-A-A-A-A-A-A-F,26,2,False,True,False,False
1550,F-F-F-F-Sh-Sh-Sh-Sh-Sh-Sh-Sh-Sh-Sh-Sh-A-A-A-A-A-A-A-A-A,26,2,False,False,False,False
1551,A-A-A-A-A-A-A-A-A-A-A-A-A-A-A-A-Sh-Sh-Sh-F-F-F-F,26,2,False,False,True,False
1552,F-F-F-F-F-F-A-A-A-A-A-A-A-A-A-A-A-A-A-A-F-F-F,25,2,False,True,False,False
1553,A-A-Wt-Wt-Wt-Wt-Wt-Wt-Wt-Wt-Wt-Wt-Wt-Wt-Wt-Wt-Wt-Wt-Wt-Wt-Wt-Wt-Wt,25,1,False,False,False,False
1554,Sp-Sp-G-G-G-G-G-G-G-G-G-G-G-G-G-G-Sp-Sp-Sp-Sp-Sp-Sp-Sp,25,2,False,False,True,False
1555,Wa-Wt-Wt-Wt-F-F-F-F-F-F-F-F-F-F-F-F-F-F-F-F-F-F-F,25,2,False,False,False,False
1556,Sh-Sh-Sh-Sh-Sh-Sh-F-F-F-F-F-F-F-F-F-F-F-F-F-F-F-Sh-Sh,25,2,False,False,False,False
1557,A-A-A-A-A-A-A-A-A-F-F-F-F-F-F-F-A-A-A-A-A-A-A,25,2,False,False,True,False
1558,F-F-F-F-F-F-F-F-F-F-F-F-F-F-F-F-F-F-F-B-B-B-B,25,1,False,False,False,False
1559,Wt-Wt-Wt-Wt-Wt-Wt-Wt-Wt-Wt-Wt-Wt-Sh-Sh-Sh-Sh-Sh-Sh-Sh-Sh-Sh-Sh-Sh-Sh,25,1,False,False,False,False
1560,F-F-F-F-F-A-A-A-A-A-A-A-A-A-A-A-A-A-A-A-A-F-F,25,2,False,True,False,False
1561,A-A-F-F-F-F-F-F-F-F-F-F-F-F-F-F-F-A-A-A-A-A-A,25,2,False,False,False,False
1562,Wt-Wt-Wt-Wt-Wt-Wt-Wt-Wt-Wt-Wt-Wt-Wt-Wt-Wt-Wt-Wt-Wt-U-U-U-U-U-U,25,1,False,False,False,False
1563,G-G-G-G-G-G-G-G-G-G-G-Sp-Sp-Sp-Sp-Sp-Sp-Sp-Sp-Sh-Sh-Sh-Sh,25,2,False,True,False,False
1564,Sp-Sp-Sp-Sp-Sp-Sp-Sp-Sp-Sp-B-B-B-B-B-B-B-B-B-B-B-B-B-Sp,25,2,False,False,False,False
1565,A-A-A-A-F-F-F-F-F-F-F-F-F-F-F-F-F-F-F-F-F-F-Sh,25,2,False,False,False,False
1566,Sh-Sh-Sh-Sh-Sh-Sh-Sh-Sh-Sh-Sh-Sh-Sh-Sh-Sh-Sp-Sp-Sp-Sp-Sp-Sp-Sp-Sp-Sp,25,1,False,False,False,False
1567,Sp-Sp-Sp-Sp-Sp-Sp-Sp-Sp-Sp-Sp-Sp-Sp-Sp-Sp-B-B-B-B-B-Sp-Sp-Sp-Sp,25,2,False,True,False,False
1568,F-F-Sh-Sh-Sh-Sh-Sh-Sh-Sh-Sh-Sh-A-A-A-A-A-A-A-A-A-A-A-A,25,2,False,True,False,False
1569,F-F-F-F-Sh-Sh-Sh-Sh-Sh-Sh-Sh-A-A-A-A-A-A-A-A-A-A-A-A,25,2,False,True,False,False
1570,Sh-Sh-Sh-Sh-Sh-Sh-Sh-Sh-Sh-Sh-F-F-F-F-F-F-F-F-F-F-F-F-Sh,25,2,False,False,False,False
1571,A-Sh-Sh-Sh-Sh-Sh-A-A-A-A-A-A-A-A-A-A-A-A-A-A-A-A-A,25,2,False,False,False,False
1572,F-F-F-F-F-F-F-F-F-Wt-Wt-Wt-Wt-Wt-Wt-Wt-Wt-Wt-Wt-F-F-F-F,25,2,False,False,False,False
1573,Wt-Wt-Wt-Wt-Wt-Wt-Sp-Sp-Sp-Sp-Sp-Sp-Sp-Sp-Sp-Sp-Sp-Sp-Sp-Sp-Sp-Sp-Sp,25,1,False,False,False,False
1574,F-F-F-F-F-F-F-A-A-A-A-A-A-A-A-A-A-A-A-A-A-A-F,25,2,False,True,False,False
1575,Sh-Sh-Sh-Sh-Sh-Sh-Sh-Sh-Sh-Sh-Sh-Sh-Sh-Sh-F-F-F-F-Sh-Sh-Sh-Sh-Sh,25,2,False,True,False,False
1576,Sp-Sp-Sp-Sp-Wa-Wa-Wa-Wa-Wa-Wa-Wa-Wa-Wa-Wa-Wa-Wa-Wa-Wa-Wa-Wa-Wa-Wa-Wa,25,1,False,False,False,False
1577,A-Sh-Sh-Sh-Sh-Sh-Sh-Sh-Sh-Sh-Sh-Sh-Sh-Sh-Sh-Sh-F-F-F-F-F-F-F,25,2,False,False,True,False
1578,Sh-Sh-Sh-F-F-F-F-F-F-F-F-F-F-F-Sh-Sh-Sh-Sh-Sh-Sh-Sh-Sh-Sh,25,2,False,False,False,False
1579,Sh-Sh-Sh-F-F-F-F-F-F-F-F-F-F-F-F-F-F-F-A-A-A-A-A,25,2,False,True,False,False
1580,B-B-B-B-Sp-Sp-Sp-Sp-Sp-Sp-Sp-Sp-Sp-Sp-Sp-Sp-Sp-Sp-Sp-Sh-Sh-Sh-Sh,24,2,False,False,False,False
1581,Sh-F-F-F-F-F-F-F-F-F-F-F-F-F-F-F-F-F-F-F-F-F-Sh,24,2,False,False,False,False
1582,A-A-A-A-A-A-A-A-A-A-F-F-F-F-F-F-F-F-A-A-A-A-A,24,2,False,False,False,False
1583,A-A-A-A-A-A-A-A-Sh-Sh-Sh-Sh-Sh-F-F-F-F-F-F-F-F-F-F,24,2,False,False,False,False
1584,F-F-F-F-Sh-Sh-Sh-Sh-Sh-Sh-Sh-Sh-Sh-Sh-Sh-Sh-Sh-Sh-Wt-Wt-Wt-Wt-Wt,24,2,False,True,False,False
1585,Sp-B-B-B-B-B-B-B-B-B-B-Sp-Sp-Sp-Sp-Sp-Sp-Sp-Sp-Sp-Sp-Sp-Sp,24,2,False,False,False,False
1586,A-A-A-Sh-Sh-Sh-Sh-Sh-Sh-Sh-Sh-Sh-Sh-Sh-Sh-Sh-A-A-A-A-A-A-A,24,2,False,False,True,False
1587,F-F-F-A-A-A-A-A-A-A-A-A-A-A-A-A-A-A-Wt-Wt-Wt-Wt-Wt,24,2,False,True,False,False
1588,F-F-F-Wt-Wt-Wt-Wt-Wt-Wt-Wt-Wt-Wt-Wt-Wt-Wt-Wt-Wa-Wa-Wa-Wa-Wa-Wa-Wa,24,2,False,False,True,False
1589,F-F-F-F-F-Sh-Sh-Sh-Sh-Sh-Sh-Sh-Sh-Sh-Sh-Sh-Sh-Sh-Wt-Wt-Wt-Wt-Wt,24,2,False,True,False,False
1590,A-A-A-A-A-A-A-A-Sh-Sh-Sh-Sh-Sh-Sh-Sh-Sh-Sh-F-F-F-F-F-F,24,2,False,False,False,False
1591,Wt-Wt-Wt-Wt-A-A-A-A-A-A-A-A-A-A-F-F-F-F-F-F-F-F-F,24,2,False,False,False,False
1592,B-B-B-B-B-B-B-B-B-B-F-F-F-F-F-F-F-F-F-F-F-F-F,24,1,False,False,False,False
1593,Wt-Wt-Wt-Wt-F-F-F-F-F-F-F-F-F-F-F-F-A-A-A-A-A-A-A,24,2,False,False,True,False
1594,Wa-Wa-Wa-Wa-Wa-Wa-Sh-Sh-Sh-Sh-Sh-Sh-Sh-Sh-Sh-Sh-Sh-Sh-Wa-Wa-Wa-Wa-Wa,24,2,False,False,False,False
1595,A-A-Sh-Sh-Sh-Sh-Sh-Sh-Sh-Sh-A-A-A-A-A-A-A-A-A-A-A-A-A,24,2,False,False,False,False
1596,Sh-Sh-F-F-F-F-F-F-F-F-F-F-F-F-F-F-F-F-F-F-Sh-Sh-Sh,24,2,False,True,False,False
1597,Sh-Sh-Sh-Sh-Sh-Sh-Sh-Sh-Sh-Sh-A-A-A-A-A-A-A-A-A-A-F-F-F,24,2,False,False,False,False
1598,Wt-Wt-Wt-F-F-F-F-F-F-F-F-F-F-F-F-F-F-Sh-Sh-Sh-Sh-Sh-Sh,24,2,False,False,False,False
1599,F-F-F-F-F-F-F-F-F-F-F-F-F-F-F-F-F-F-B-B-B-B-B,24,1,False,False,False,False
1600,Wt-Wt-Wt-Wt-Wt-Wt-Wt-F-F-F-F-F-F-F-F-F-F-F-F-F-F-Wt-Wt,24,2,False,False,False,False
1601,Wt-Wt-Wt-Wt-Wt-Wt-Wt-F-F-F-F-F-F-F-F-F-F-F-F-A-A-A-A,24,2,False,False,False,False
1602,F-F-Sh-Sh-Sh-Sh-Sh-Sh-Sh-F-F-F-F-F-F-F-F-F-F-F-F-F-F,24,2,False,True,False,False
1603,Sh-Sh-Sh-Sh-Sh-A-A-A-A-A-A-A-A-A-A-A-A-A-A-A-A-A-F,24,2,False,True,False,False
1604,A-F-F-F-F-F-F-F-F-F-F-F-F-F-A-A-A-A-A-A-A-A-A,24,2,False,False,False,False
1605,G-G-G-G-F-F-F-F-F-F-F-F-F-F-F-F-Sh-Sh-Sh-Sh-Sh-Sh-Sh,24,2,False,False,True,False
1606,Sp-Sp-Sp-Sp-Sp-Sp-Sp-Sp-Sp-Sp-Sp-Sp-Sp-Sp-Sp-Sp-G-G-G-G-G-Sp-Sp,24,2,False,False,True,False
1607,Sh-Sh-F-F-F-F-F-F-F-F-F-F-F-F-F-F-F-F-F-F-F-F-A,23,2,False,False,False,False
1608,Wa-Wa-Wa-Wa-Wa-Wa-Wa-Wa-Wa-Wa-Wa-Wa-Wa-Wa-Wa-Wa-Wa-Wa-Wa-F-F-F-F,23,1,False,False,False,False
1609,F-F-F-F-Wt-Wt-Wt-Wt-Wt-Wt-Wt-Wt-Wt-Wt-Wt-Wt-Wt-F-F-F-F-F-F,23,2,False,True,False,False
1610,Wt-Wt-Wt-Wt-Wt-Wt-Wt-A-A-A-F-F-F-F-F-F-F-F-F-F-F-F-F,23,2,False,False,False,False
1611,F-F-F-F-F-F-F-F-F-F-Sh-Sh-Sh-Sh-Sh-Sh-Sh-Sh-Sh-Sh-F-F-F,23,2,False,False,False,False
1612,Sh-Sh-Sh-Sh-A-A-A-A-A-A-A-A-A-A-A-A-F-F-F-F-F-F-F,23,2,False,True,True,False
1613,Wt-Wt-Wt-Wt-Wt-Wt-Wt-A-A-A-A-A-A-A-F-F-F-F-F-F-F-F-F,23,2,False,False,False,False
1614,Wt-Wt-Wt-Wt-A-A-A-A-A-A-A-A-A-A-A-A-F-F-F-F-F-F-F,23,2,False,True,True,False
1615,Sh-Sh-Sh-Sh-Sh-Sh-Sh-Sh-Sh-Sh-Sh-Sh-Sh-Sh-Sh-Sh-F-F-F-F-Sh-Sh-Sh,23,2,False,True,True,False
1616,G-G-G-G-G-G-G-Sp-Sp-Sp-Sp-Sp-Sp-Sp-Sp-Sp-Sp-Sp-G-G-G-G-G,23,2,False,False,False,False
1617,Wa-Wa-Wa-Wa-Sh-Sh-Sh-Sh-Sh-Sh-Sh-Sh-Sh-Sh-Sh-Sh-Sh-Sh-Sh-F-F-F-F,23,2,False,False,False,False
1618,Sp-Sp-Sp-Sp-Sp-Sp-Sp-B-B-B-B-B-B-B-B-B-B-B-Sp-Sp-Sp-Sp-Sp,23,2,False,False,False,False
1619,A-A-A-A-Sh-Sh-Sh-Sh-Sh-Sh-Sh-Sh-Sh-Sh-Sh-Sh-Sh-Sh-Sh-Sh-Sh-Sh-F,23,2,False,False,False,False
1620,F-F-F-Sh-Sh-Sh-Sh-Sh-A-A-A-A-A-A-A-A-A-A-A-A-A-A-A,23,2,False,True,False,False
1621,Sp-Sp-Sp-Sp-Sp-Sp-Sp-Sp-Sp-Sp-B-B-B-B-B-B-B-B-B-B-Sp-Sp-Sp,23,2,False,False,False,False
1622,B-B-B-B-B-B-B-B-B-B-B-B-B-B-B-B-B-F-F-F-F-F-F,23,1,False,False,False,False
1623,Sh-F-F-F-F-F-F-F-F-F-Sh-Sh-Sh-Sh-Sh-Sh-Sh-Sh-Sh-Sh-Sh-Sh-Sh,23,2,False,False,False,False
1624,A-A-A-A-A-A-F-F-F-F-F-F-F-F-F-F-F-F-F-F-F-F-A,23,2,False,False,False,False
1625,Wt-Wt-Wt-Wt-Wt-Wt-F-F-F-F-F-F-F-F-F-F-F-F-F-F-F-Wt-Wt,23,2,False,False,False,False
1626,F-F-F-A-A-A-A-A-A-A-A-A-A-A-A-A-A-A-A-A-A-F-F,23,2,False,False,False,False
1627,F-F-F-F-F-F-F-F-F-F-F-F-F-F-F-F-A-A-A-A-F-F-F,23,2,False,False,True,False
1628,A-A-A-A-B-B-B-B-B-B-B-B-B-B-B-B-B-B-B-B-B-B-B,23,1,False,False,False,False
1629,Sp-B-B-B-B-B-B-B-B-Sp-Sp-Sp-Sp-Sp-Sp-Sp-Sp-Sp-Sp-Sp-Sp-Sp-Sp,23,2,False,False,False,False
1630,Sp-Sp-Sp-Sp-Sp-Sp-Sp-Sp-Sp-Sp-Sp-Sp-Sp-B-B-B-B-B-B-B-Sp-Sp-Sp,23,2,False,True,False,False
1631,F-F-F-F-F-F-F-Wt-Wt-Wt-Wt-Wt-Wt-Wt-Wt-Wt-Wt-Wt-F-F-F-F-F,23,2,False,True,False,False
1632,Sh-Sh-Sh-Sh-Sh-Sh-Sh-F-F-F-F-F-F-F-F-F-F-Sh-Sh-Sh-Sh-Sh-Sh,23,2,False,False,False,False
1633,Sh-Sh-Sh-Sh-Sh-Sh-F-F-F-F-F-F-F-F-F-F-F-F-A-A-A-A-A,23,2,False,False,False,False
1634,F-Wt-Wt-Wt-Wt-Wt-Wt-Wt-Wt-Wt-Wt-Wt-Wt-Wt-Wt-Wt-Wt-Wt-F-F-F-F-F,23,2,False,True,False,False
1635,Sh-Sh-Sh-Sh-Sh-Sh-A-A-A-A-A-A-A-A-A-A-A-F-F-F-F-F-F,23,2,False,False,False,False
1636,Wa-Wt-Wt-Wt-Wt-Wt-Wt-Wt-Wt-Wt-Wt-Wt-Wt-Wt-Wt-Wt-Wt-Wa-Wa-Wa-Wa-Wa-Wa,23,2,False,True,False,False
1637,B-B-B-B-B-B-B-B-B-B-B-B-B-B-B-B-Sp-Sp-Sp-G-G-G-G,22,2,False,True,True,False
1638,A-A-A-A-A-A-A-F-F-F-F-F-F-F-F-F-F-F-F-Wt-Wt-Wt-Wt,22,2,False,False,False,False
1639,B-B-B-B-B-B-Sp-Sp-Sp-Sp-Sp-Sp-Sp-Sp-Sp-Sp-Sp-Sp-Sp-Sp-G-G-G,22,2,False,True,False,False
1640,Wt-Wt-Wt-Wt-Wt-Wt-F-F-F-F-F-F-F-F-F-F-Wt-Wt-Wt-Wt-Wt-Wt-Wt,22,2,False,False,True,False
1641,A-A-F-F-F-F-F-F-F-F-F-F-F-F-F-F-F-F-Wt-Wt-Wt-Wt-Wt,22,2,False,False,False,False
1642,F-F-F-F-F-F-Sh-Sh-Sh-Sh-Sh-Sh-Sh-Sh-Sh-Sh-A-A-A-A-A-A-A,22,2,False,True,True,False
1643,G-G-G-G-G-G-G-G-G-G-G-G-G-G-G-G-Sp-Sp-Sp-Sp-G-G-G,22,2,False,False,True,False
1644,F-F-F-F-F-F-F-Sh-Sh-Sh-Sh-Sh-Sh-Sh-Sh-Sh-Sh-Sh-Sh-Sh-A-A-A,22,2,False,True,False,False
1645,A-A-F-F-F-F-F-F-F-F-F-F-F-F-F-F-F-F-F-F-F-A-A,22,2,False,False,False,False
1646,A-A-A-Sh-Sh-Sh-Sh-Sh-Sh-F-F-F-F-F-F-F-F-F-F-F-F-F-F,22,2,False,False,False,False
1647,A-A-A-G-G-G-G-G-G-G-G-G-G-G-G-G-F-F-F-F-F-F-F,22,2,False,False,True,False
1648,Sp-Sp-Sp-Sp-Sp-Sp-Sp-Sp-Sp-Sp-Sp-Sp-Wa-Wa-Wa-Wa-Wa-Wa-Wa-Wa-Wa-Wa-Wa,22,1,False,True,False,False
1649,Sh-Sh-Sh-Sh-F-F-F-F-F-F-F-F-F-F-F-F-F-F-G-G-G-G-G,22,2,False,False,False,False
1650,F-F-F-F-F-F-F-F-F-F-F-A-A-A-A-A-A-A-A-A-A-F-F,22,2,False,False,False,False
1651,B-B-Wa-Wa-Wa-Wa-Wa-Wa-Wa-Wa-Wa-Wa-Wa-Wa-Wa-Wa-Wa-Wa-Wa-Wa-Wa-Wa-Wa,22,1,False,False,False,False
1652,F-F-F-F-F-F-F-Wt-Wt-Wt-Wt-Wt-Wt-Wt-Wt-Wt-Wt-Wt-Wt-Wt-F-F-F,22,2,False,False,False,False
1653,B-B-B-B-B-B-B-B-B-B-B-B-B-B-Sp-Sp-Sp-Sp-Sp-G-G-G-G,22,2,False,True,False,False
1654,A-F-F-F-F-F-A-A-A-A-A-A-A-A-A-A-A-A-A-A-A-A-A,22,2,False,False,False,False
1655,F-F-F-Sh-Sh-Sh-Sh-Sh-Sh-Sh-Sh-Sh-F-F-F-F-F-F-F-F-F-F-F,22,2,False,False,False,False
1656,A-A-A-A-A-Wa-Wa-Wa-Wa-Wa-Wa-Wa-Wa-Wa-Wa-Wa-Wa-Wa-Wa-Wa-Wa-Wa-Wa,22,1,False,False,False,False
1657,Sh-A-A-A-A-A-A-A-A-A-A-A-A-A-A-A-A-A-Sh-Sh-Sh-Sh-Sh,22,2,False,False,False,False
1658,Sp-Sp-Sp-Sp-Sp-Sp-Sp-Sp-Sp-Sp-Sp-Sp-Sp-Sp-Sp-Sp-Sp-B-B-B-B-Sp-Sp,22,2,False,False,False,False
1659,A-A-A-A-A-A-A-Sh-Sh-Sh-Sh-Sh-Sh-Sh-Sh-Sh-Sh-Sh-Sh-F-F-F-F,22,2,False,False,False,False
1660,Sh-Sh-Sh-Sh-Sh-Sh-Sh-Sh-Sh-Sh-Sh-Sh-Wt-Wt-Wt-Wt-Wt-Wt-Wt-Wt-Wt-Wt-Wt,22,1,False,False,False,False
1661,G-G-Wa-Wa-Wa-Wa-Wa-Wa-Wa-Wa-Wa-Wa-Wa-Wa-Wa-Wa-Wt-Wt-Wt-Wt-Wt-Wt-Wt,22,2,False,False,True,False
1662,A-A-A-A-A-F-F-F-F-F-F-F-F-F-F-F-F-Sh-Sh-Sh-Sh-Sh-Sh,22,2,False,False,False,False
1663,Sh-Sh-Sh-Sh-Sh-Sh-Sh-Sh-Sh-Sh-Sh-Sh-Sh-Sh-Sh-Sh-F-F-F-F-F-Sh-Sh,22,2,False,True,True,False
1664,F-F-Sh-Sh-Sh-Sh-Sh-Sh-Sh-Sh-Sh-F-F-F-F-F-F-F-F-F-F-F-F,22,2,False,True,False,False
1665,F-F-F-F-F-F-F-F-F-G-G-G-G-G-G-G-G-F-F-F-F-F-F,22,2,False,False,False,False
1666,Sp-Sp-Sp-Sp-U-U-U-U-U-U-U-U-U-U-U-U-U-U-U-U-U-U-U,21,1,False,False,False,False
1667,A-A-A-A-A-A-A-Wa-Wa-Wa-Wa-Wa-Wa-Wa-Wa-Wa-Wa-Wa-Wa-Wa-Wa-Wa-Wa,21,1,False,False,False,False
1668,Sp-Sp-Sp-Sp-Sp-Sp-Sp-Sp-Sp-Sp-Sp-Sp-Sp-Sp-Sp-Sp-Sp-B-Sp-Sp-Sp-Sp-Sp,21,2,False,True,False,False
1669,Sp-Sp-Sp-Sp-Sp-Sp-B-B-B-B-B-B-B-B-B-B-B-B-Sp-Sp-Sp-Sp-Sp,21,2,False,False,False,False
1670,Sp-Sp-Sp-Sp-Sp-Sp-Sp-Sp-Wa-Wa-Wa-Wa-Wa-Wa-Wa-Wa-Wa-Wa-Wa-Wa-Wa-Wa-Wa,21,1,False,True,False,False
1671,F-F-F-A-A-A-A-A-A-A-A-F-F-F-F-F-F-F-F-F-F-F-F,21,2,False,True,False,False
1672,G-F-F-F-F-F-F-F-F-F-F-F-F-F-F-F-A-A-A-A-A-A-A,21,2,False,False,True,False
1673,F-F-F-F-F-F-F-F-F-F-F-F-F-F-F-F-G-G-G-G-G-G-F,21,2,False,False,True,False
1674,F-F-F-F-F-F-F-F-F-F-Sh-Sh-Sh-Sh-Sh-Sh-Sh-Sh-F-F-F-F-F,21,2,False,True,False,False
1675,F-F-F-F-F-F-F-F-F-F-G-G-G-G-G-G-G-G-G-G-G-F-F,21,2,False,False,False,False
1676,B-B-B-B-B-B-B-B-B-Sp-Sp-Sp-Sp-Sp-Sp-Sp-G-G-G-G-G-G-G,21,2,False,False,True,False
1677,Wa-Wa-Wa-Wa-Wa-Wa-Wa-Wa-Wa-Wa-Wa-Wa-Wa-Wa-U-U-U-U-U-U-U-U-U,21,1,False,True,False,False
1678,Wt-F-F-F-F-F-F-F-F-F-F-F-F-F-F-F-F-F-Sh-Sh-Sh-Sh-Sh,21,2,False,True,False,False
1679,G-G-G-B-B-B-B-B-B-B-B-B-B-B-B-B-B-B-B-Sp-Sp-Sp-Sp,21,2,False,False,False,False
1680,A-A-A-A-A-Sh-Sh-Sh-Sh-Sh-Sh-Sh-F-F-F-F-F-F-F-F-F-F-F,21,2,False,False,False,False
1681,A-A-A-A-A-F-F-F-F-F-F-F-F-F-F-F-F-F-F-F-Sh-Sh-Sh,21,2,False,False,False,False
1682,A-A-A-A-A-A-Sh-Sh-Sh-Sh-Sh-Sh-F-F-F-F-F-F-F-F-F-F-F,21,2,False,False,False,False
1683,A-A-A-A-A-F-F-F-F-F-F-F-F-F-F-F-G-G-G-G-G-G-G,21,2,False,False,True,False
1684,Sh-Sh-Sh-Sh-Sh-Sh-Sh-Sh-Sh-Sh-F-F-F-F-F-F-F-F-F-F-Sh-Sh-Sh,21,2,False,False,False,False
1685,Sp-Sp-Sp-Sp-Sp-Sp-Sp-Sp-Sp-Sp-Sp-Sp-Sp-Sp-Sp-Sp-Sp-Sp-G-Sp-Sp-Sp-Sp,21,2,False,False,False,False
1686,Sp-Sp-Sp-Sp-Sp-Sp-Sp-Sp-Sp-Sp-Sp-Sp-Sp-Sp-Sp-Sp-Sp-Sp-B-B-B-B-Sp,21,2,False,False,False,False
1687,A-F-F-F-F-F-F-F-F-F-A-A-A-A-A-A-A-A-A-A-A-A-A,21,2,False,False,False,False
1688,F-F-F-F-F-F-F-F-F-F-F-F-F-F-F-F-F-F-A-A-A-A-F,21,2,False,False,False,False
1689,Sp-Sp-Sp-Sp-Sp-Sp-G-G-G-G-G-G-G-G-G-G-Sp-Sp-Sp-Sp-Sp-Sp-Sp,21,2,False,False,True,False
1690,F-F-F-F-F-F-F-F-F-F-F-F-F-F-F-F-F-F-F-A-F-F-F,21,2,False,False,False,False
1691,Wt-Wt-Wt-Wt-Wt-Wt-Wt-Wt-Wt-Wt-Wt-Wt-Wt-Wt-Wt-Wt-Wt-Wt-Wt-Wt-Wt-Wt-G,21,1,False,True,False,False
1692,A-A-A-F-F-F-F-F-F-F-F-F-F-F-F-F-F-Sh-Sh-Sh-Sh-Sh-Sh,21,2,False,False,False,False
1693,F-F-Wt-Wt-G-G-G-G-G-G-G-G-G-G-G-G-G-G-G-G-G-G-G,21,2,False,False,False,False
1694,F-Wt-Wt-Wt-Wt-Wt-F-F-F-F-F-F-F-F-F-F-F-F-F-F-F-F-F,21,2,False,True,False,False
1695,A-F-F-F-F-F-F-A-A-A-A-A-A-A-A-A-A-A-A-A-A-A-A,21,2,False,False,False,False
1696,Wt-Wt-Wt-Wt-Wt-Wt-Sh-Sh-Sh-Sh-F-F-F-F-F-F-F-F-F-F-F-F-F,21,2,False,False,False,False
1697,A-A-F-F-F-F-Sh-Sh-Sh-Sh-Sh-Sh-Sh-Sh-Sh-Sh-Sh-Sh-Sh-Sh-Sh-Sh-Sh,21,2,False,False,False,False
1698,A-A-A-A-A-A-A-A-F-F-F-F-F-F-F-F-F-F-F-F-A-A-A,21,2,False,False,False,False
1699,A-Wa-Wa-Wa-Wa-Wa-Sh-Sh-Sh-Sh-Sh-Sh-Sh-Sh-Sh-Sh-Sh-Sh-Sh-Sh-Sh-Sh-Sh,21,2,False,False,False,False
1700,Sp-Sp-Sp-Sp-Sp-Sp-Sp-Sp-Sp-Sp-Sp-Sp-Sp-Sp-Sp-Sp-Sp-Sp-Sp-Sp-Wa-Wa-Wa,21,1,False,False,False,False
1701,Wa-Wa-Wa-Wa-Wa-Wa-Wa-Wa-Wa-Wa-Wa-Wa-Wa-Wa-Wa-Wa-Wa-Wa-Wa-B-B-B-B,20,1,False,True,False,False
1702,F-F-F-G-G-G-G-G-G-G-G-G-G-G-G-G-F-F-F-F-F-F-F,20,2,False,True,True,False
1703,Sh-Sh-Sh-A-A-A-A-A-A-A-A-A-A-A-A-A-F-F-F-F-F-F-F,20,2,False,True,True,False
1704,F-F-Wt-Wt-Wt-Wt-Wt-Wt-Wt-Wt-Wt-Wt-Wt-Wt-Wt-Wt-F-F-F-F-F-F-F,20,2,False,False,True,False
1705,F-F-Wt-Wt-Wt-Wt-Wt-Wt-Wt-Wt-Wt-Wt-Wt-F-F-F-F-F-F-F-F-F-F,20,2,False,True,False,False
1706,Sh-Sh-Sh-Sh-Sh-Sh-A-A-A-A-A-A-A-A-A-A-A-A-A-A-A-F-F,20,2,False,False,False,False
1707,F-F-F-F-F-F-Sh-Sh-Sh-Sh-Sh-Sh-Sh-Sh-Sh-Sh-Sh-A-A-A-A-A-A,20,2,False,True,False,False
1708,Sp-Sp-B-B-B-B-B-B-B-B-Sp-Sp-Sp-Sp-Sp-Sp-Sp-Sp-Sp-Sp-Sp-Sp-Sp,20,2,False,False,False,False
1709,Sp-Sp-Sp-Sp-B-B-B-B-B-B-B-B-B-B-B-B-B-B-B-B-B-Sp-Sp,20,2,False,False,False,False
1710,A-A-A-A-A-A-A-A-A-Wt-Wt-Wt-Wt-Wt-Wt-Wt-Wt-Wt-Wt-Wt-Wt-Wt-Wt,20,1,False,False,False,False
1711,Sp-Sp-B-B-B-B-B-B-B-B-B-B-B-B-B-B-B-B-G-G-G-G-G,20,2,False,False,False,False
1712,F-G-G-G-G-G-G-G-G-G-G-G-G-G-G-G-G-G-F-F-F-F-F,20,2,False,False,False,False
1713,Sh-F-F-F-F-F-F-Sh-Sh-Sh-Sh-Sh-Sh-Sh-Sh-Sh-Sh-Sh-Sh-Sh-Sh-Sh-Sh,20,2,False,False,False,False
1714,A-A-F-F-F-F-F-F-F-F-F-F-F-F-F-F-Sh-Sh-Sh-Sh-Sh-Sh-Sh,20,2,False,False,True,False
1715,Sp-G-G-G-G-G-G-G-G-G-G-G-G-G-G-G-G-Sp-Sp-Sp-Sp-Sp-Sp,20,2,False,False,False,False
1716,A-A-A-A-A-A-A-A-A-Sh-Sh-Sh-Sh-Sh-Sh-Sh-Sh-Sh-Sh-F-F-F-F,20,2,False,True,False,False
1717,F-F-F-Sh-Sh-Sh-Sh-Sh-Sh-Sh-Sh-Sh-Sh-Sh-Sh-Sh-Sh-Sh-Sh-Sh-Sh-A-A,20,2,False,False,False,False
1718,F-F-A-A-A-A-F-F-F-F-F-F-F-F-F-F-F-F-F-F-F-F-F,20,2,False,False,False,False
1719,Sp-Sp-Sp-U-U-U-U-U-U-U-U-U-U-U-U-U-U-U-U-U-U-U-U,20,1,False,False,False,False
1720,Sp-Sp-Sp-G-G-G-G-G-G-G-G-G-G-G-G-G-G-G-G-Sp-Sp-Sp-Sp,20,2,False,False,False,False
1721,Sp-Sp-Sp-Sp-Sp-Sp-Sp-Sp-G-G-G-G-G-G-G-G-G-G-G-Sp-Sp-Sp-Sp,20,2,False,True,False,False
1722,Sh-Sh-A-A-A-A-A-A-A-A-A-A-A-A-A-A-F-F-F-F-F-F-F,20,2,False,True,True,False
1723,Wt-Wt-Wt-Wt-Wt-Wt-Wt-F-F-F-F-F-F-F-F-F-F-F-Wt-Wt-Wt-Wt-Wt,20,2,False,False,False,False
1724,Sh-Sh-Sh-Sh-Sh-Sh-Sh-Sh-A-A-A-A-A-A-A-A-A-A-A-F-F-F-F,20,2,False,True,False,False
1725,B-B-B-B-B-B-B-B-Sp-Sp-Sp-Sp-Sp-Sp-Sp-Sp-Sp-B-B-B-B-B-B,20,2,False,True,False,False
1726,F-F-F-F-F-F-F-F-F-F-F-F-F-F-F-F-F-B-B-B-B-B-B,20,1,False,False,False,False
1727,Wa-Sp-Sp-Sp-Sp-Sp-Sp-Sp-Sp-Sp-Sp-Sp-Sp-Sp-Sp-Sp-Wa-Wa-Wa-Wa-Wa-Wa-Wa,20,2,False,False,True,False
1728,B-B-B-B-B-B-B-Sp-Sp-Sp-Sp-Sp-Sp-Sp-Sp-Sp-Sp-Sp-B-B-B-B-B,20,2,False,False,False,False
1729,Sh-Sh-F-F-F-F-F-F-F-F-F-F-F-F-F-F-F-F-F-F-F-F-Sh,20,2,False,False,False,False
1730,Sh-Sh-Sh-Sh-Sh-Sh-Sh-Sh-Sh-Sh-A-A-A-A-A-A-A-A-A-A-A-A-F,20,2,False,False,False,False
1731,G-G-G-G-F-F-F-F-F-F-F-F-F-F-F-F-F-F-F-Sh-Sh-Sh-Sh,20,2,False,False,False,False
1732,Sh-Sh-Sh-Sh-Sh-Sh-Sh-Sh-Sh-F-F-F-F-F-F-F-F-F-F-Sh-Sh-Sh-Sh,20,2,False,False,False,False
1733,F-F-F-F-F-F-F-F-F-F-F-F-F-F-F-F-Sh-Sh-Sh-Sh-F-F-F,20,2,False,False,True,False
1734,B-B-B-B-B-B-B-B-B-B-B-B-U-U-U-U-U-U-U-U-U-U-U,20,1,False,True,False,False
1735,G-G-G-G-G-G-G-B-B-B-B-B-B-B-B-B-B-B-B-G-G-G-G,20,2,False,False,False,False
1736,A-A-A-A-A-A-A-Sh-Sh-Sh-Sh-Sh-Sh-Sh-Sh-Sh-Sh-Sh-Sh-G-G-G-G,20,2,False,False,False,False
1737,A-A-A-A-A-F-F-F-F-F-F-F-F-F-F-F-F-F-F-F-F-F-A,20,2,False,False,False,False
1738,Sp-Sp-Sp-Sp-Sp-Sp-Sp-Sp-B-B-B-B-B-B-B-B-B-B-B-B-B-B-Sp,20,2,False,False,False,False
1739,F-F-F-F-F-F-F-F-F-F-A-A-A-A-A-A-A-A-A-F-F-F-F,20,2,False,True,False,False
1740,F-F-F-F-F-F-F-F-F-F-F-F-F-Sh-Sh-Sh-F-F-F-F-F-F-F,19,2,False,False,True,False
1741,A-A-A-A-A-A-A-A-A-A-A-A-A-A-A-A-A-A-A-Sh-Sh-Sh-F,19,2,False,False,False,False
1742,A-A-A-A-A-A-A-F-F-F-F-F-F-F-F-F-F-F-F-G-G-G-G,19,2,False,False,False,False
1743,Wa-Wa-Wt-Wt-Wt-Wt-Wt-Wt-Wt-Wt-Wt-Wt-Wt-Wt-Wt-Wt-Wt-Wt-Wa-Wa-Wa-Wa-Wa,19,2,False,False,False,False
1744,G-G-G-Wt-Wt-Wt-Wt-Wt-Wt-Wt-Wt-Wt-Wt-Wt-Wt-Wt-Wt-Wt-Wt-Wt-Wt-Wt-Wt,19,1,False,False,False,False
1745,A-A-A-A-A-A-A-A-A-A-F-F-F-F-F-F-F-F-F-A-A-A-A,19,2,False,True,False,False
1746,A-A-A-A-A-A-A-A-A-A-A-A-A-A-A-A-A-A-A-F-F-A-A,19,2,False,True,False,False
1747,F-F-Sh-Sh-Sh-Sh-Sh-Sh-Sh-Sh-Sh-Sh-Sh-Sh-Sh-Sh-A-A-A-A-A-A-A,19,2,False,True,True,False
1748,Sp-Sp-Sp-Sp-Sh-Sh-Sh-Sh-Sh-Sh-Sh-Sh-Sh-Sh-Sh-Sh-Sh-Sh-Sh-Sp-Sp-Sp-Sp,19,2,False,False,False,False
1749,Sp-Sp-Sp-Sp-Sp-Sp-Sp-Sp-B-B-B-B-B-B-B-B-B-B-B-B-Sp-Sp-Sp,19,2,False,True,False,False
1750,F-F-F-F-F-F-F-F-A-A-A-A-A-A-A-A-A-A-A-A-A-F-F,19,2,False,False,False,False
1751,Sh-F-F-F-F-F-F-F-F-F-F-F-F-F-F-F-F-F-F-F-A-A-A,19,2,False,False,False,False
1752,Sp-Sp-Sp-B-B-B-B-B-B-B-B-B-B-B-B-B-G-G-G-G-G-G-G,19,2,False,False,True,False
1753,A-A-A-A-A-A-A-A-A-A-A-A-Sh-Sh-Sh-Sh-Sh-Sh-Sh-F-F-F-F,19,2,False,False,False,False
1754,Sp-G-G-G-G-G-G-G-G-G-G-G-G-Sp-Sp-Sp-Sp-Sp-Sp-Sp-Sp-Sp-Sp,19,2,False,False,False,False
1755,A-F-F-F-F-F-F-F-F-F-F-F-F-F-F-F-F-F-F-F-F-Sh-Sh,19,2,False,False,False,False
1756,A-A-F-F-F-F-F-F-F-F-F-F-F-F-F-F-F-F-Sh-Sh-Sh-Sh-Sh,19,2,False,False,False,False
1757,F-G-G-G-G-G-G-G-G-G-G-G-G-G-G-G-G-G-G-F-F-F-F,19,2,False,False,False,False
1758,F-G-G-G-G-G-G-G-G-G-F-F-F-F-F-F-F-F-F-F-F-F-F,19,2,False,True,False,False
1759,F-F-F-F-A-A-A-A-A-A-A-A-A-A-A-A-A-A-A-A-A-F-F,19,2,False,True,False,False
1760,Sh-Sh-Sh-Sh-Sh-Sh-Sh-A-A-A-A-A-A-A-A-A-A-A-A-A-A-F-F,19,2,False,True,False,False
1761,Wt-Wt-Wt-Wt-Wt-Wt-Wt-Wt-Wt-Wt-Wt-Wt-Wt-Wt-F-F-F-F-F-F-F-A-A,19,2,False,False,False,False
1762,A-A-A-A-A-A-A-A-A-A-A-A-A-A-F-F-F-F-F-A-A-A-A,19,2,False,False,False,False
1763,Wt-Wt-Wt-Wt-Wt-G-G-G-G-G-G-G-G-G-G-G-G-G-G-G-G-G-G,19,1,False,False,False,False
1764,F-F-F-F-F-F-F-F-F-F-F-Sh-Sh-Sh-Sh-Sh-Sh-F-F-F-F-F-F,19,2,False,False,False,False
1765,A-A-A-A-A-A-A-A-A-A-A-Sh-Sh-Sh-Sh-Sh-F-F-F-F-F-F-F,19,2,False,False,True,False
1766,G-G-G-G-G-G-G-G-G-G-G-G-G-G-G-G-G-G-G-G-Wa-Wa-Wa,19,1,False,False,False,False
1767,Wt-Wt-Wt-Wt-Wt-F-F-F-F-F-F-F-F-F-F-F-F-F-Sh-Sh-Sh-Sh-Sh,19,2,False,False,False,False
1768,F-F-F-Sh-Sh-Sh-Sh-Sh-Sh-F-F-F-F-F-F-F-F-F-F-F-F-F-F,19,2,False,False,False,False
1769,Sh-Sh-Sh-Sh-A-A-A-A-A-A-A-A-A-A-F-F-F-F-F-F-F-F-F,19,2,False,True,False,False
1770,Wa-Wa-Wa-Wa-Wa-Wa-Wa-Sp-Sp-Sp-Sp-Sp-Sp-Sp-Sp-Sp-Sp-Sp-Sp-Sp-Wa-Wa-Wa,19,2,False,False,False,False
1771,F-A-A-A-A-A-F-F-F-F-F-F-F-F-F-F-F-F-F-F-F-F-F,19,2,False,False,False,False
1772,Sh-Sh-Sh-Sh-F-F-F-F-F-F-F-F-F-F-F-F-F-F-F-F-A-A-A,19,2,False,False,False,False
1773,F-F-F-Sp-Sp-Sp-Sp-Sp-Sp-Sp-Sp-Sp-Sp-Sp-Sp-Sp-Sp-Sp-Sp-Sh-Sh-Sh-Sh,19,2,False,False,False,False
1774,Wt-Wt-Wt-Wt-Wt-Wt-Wt-Wt-Wt-Wt-F-F-F-F-F-F-F-F-F-F-F-Sh-Sh,19,2,False,False,False,False
1775,A-A-A-A-A-A-F-F-F-F-F-F-F-F-F-F-F-F-F-F-A-A-A,19,2,False,False,False,False
1776,Sh-Sh-Sh-A-A-A-A-A-A-A-A-A-A-A-A-A-Sh-Sh-Sh-Sh-Sh-Sh-Sh,19,2,False,True,True,False
1777,Sh-Sh-Sh-Sh-Sh-Sh-Sh-Sh-Sh-Sh-F-F-F-F-F-F-F-F-F-F-F-F-A,19,2,False,False,False,False
1778,F-F-F-Wt-Wt-Wt-Wt-Wt-Wt-Wt-Wt-Wt-Wt-Wt-Wt-Wt-Wt-Wt-Wt-Wt-F-F-F,19,2,False,True,False,False
1779,F-F-F-F-F-F-F-F-F-F-F-F-Sh-Sh-Sh-Sh-Sh-F-F-F-F-F-F,18,2,False,False,False,False
1780,Wa-Wa-Wa-Wa-Wa-Wa-Wa-Wa-Wa-Wa-Wa-Wa-Wa-Wa-Wa-Wa-Wa-Wa-Sh-Sh-Sh-Sh-Sh,18,1,False,False,False,False
1781,A-A-A-Sh-Sh-Sh-Sh-Sh-Sh-Sh-F-F-F-F-F-F-F-F-F-F-F-F-F,18,2,False,False,False,False
1782,Wa-Wa-Wa-Wa-Wa-Wa-Wa-Wa-Wa-Wa-U-U-U-U-U-U-U-U-U-U-U-U-U,18,1,False,True,False,False
1783,A-A-A-A-A-A-A-A-A-Sp-Sp-Sp-Sp-Sp-Sp-Sp-Sp-Sp-Sp-Sp-Sp-Sp-Sp,18,1,False,False,False,False
1784,F-F-F-F-F-F-F-F-F-F-F-F-F-F-F-F-A-A-A-A-A-F-F,18,2,False,False,True,False
1785,F-G-G-G-G-G-G-G-G-G-G-G-G-G-F-F-F-F-F-F-F-F-F,18,2,False,True,False,False
1786,Wt-Wt-Wt-Sh-Sh-Sh-Sh-Sh-Sh-Sh-Sh-Sh-Sh-Sh-Sh-Sh-Sh-F-F-F-F-F-F,18,2,False,False,False,False
1787,Sh-F-F-F-F-F-Sh-Sh-Sh-Sh-Sh-Sh-Sh-Sh-Sh-Sh-Sh-Sh-Sh-Sh-Sh-Sh-Sh,18,2,False,False,False,False
1788,Wt-Wt-Wt-Wt-Wt-Wt-Wt-Wt-Sh-Sh-Sh-Sh-Sh-Sh-F-F-F-F-F-F-F-F-F,18,2,False,False,False,False
1789,F-F-F-F-Wt-Wt-Wt-Wt-Wt-Wt-Wt-Wt-Wt-Wt-Wt-Wt-Wt-Wt-Wt-Wt-F-F-F,18,2,False,False,False,False
1790,F-Sh-Sh-Sh-G-G-G-G-G-G-G-G-G-G-G-G-G-G-G-G-G-G-G,18,2,False,False,False,False
1791,B-B-B-B-B-Sh-Sh-Sh-Sh-Sh-Sh-Sh-Sh-Sh-Sh-Sh-Sh-Sh-Sh-Sh-Sh-Sh-Sh,18,1,False,False,False,False
1792,Wt-Wt-Wt-Wt-Wt-Wt-Wt-Wt-Wt-Wt-Wt-Wt-Wt-Wt-Sh-Sh-Sh-Sh-Sh-Sh-Sh-Sh-Sh,18,1,False,False,False,False
1793,A-A-A-Sh-Sh-Sh-Sh-Sh-Sh-Sh-Sh-Sh-Sh-F-F-F-F-F-F-F-F-F-F,18,2,False,False,False,False
1794,F-Wt-Wt-Wt-Sh-Sh-Sh-Sh-Sh-Sh-Sh-Sh-Sh-Sh-Sh-Sh-Sh-Sh-Sh-Sh-Sh-Sh-Sh,18,2,False,True,False,False
1795,Wt-Wt-Wt-Wt-Wt-Wt-Wt-Wt-Wt-Wt-U-U-U-U-U-U-U-U-U-U-U-U-U,18,1,False,True,False,False
1796,Sh-Sh-Sh-Sh-Sh-Sh-F-F-F-F-F-F-F-F-F-F-F-A-A-A-A-A-A,18,2,False,False,False,False
1797,F-F-Sh-Sh-Sh-Sh-Sh-Sh-Sh-Sh-F-F-F-F-F-F-F-F-F-F-F-F-F,18,2,False,False,False,False
1798,Sh-Sh-Sh-Sh-Sh-Sh-A-A-A-A-A-A-A-A-A-A-A-Sh-Sh-Sh-Sh-Sh-Sh,18,2,False,False,False,False
1799,Sp-Sp-Sp-Sp-Sp-Wa-Wa-Wa-Wa-Wa-Wa-Wa-Wa-Wa-Wa-Wa-Wa-Wa-Wa-Wa-Wa-Wa-Wa,18,1,False,False,False,False
1800,Sp-Sp-Sp-Sp-Sp-Sp-Sp-Sp-Sp-B-B-B-B-B-B-B-B-B-B-B-Sp-Sp-Sp,18,2,False,False,False,False
1801,F-F-Sh-Sh-Sh-Sh-Sh-Sh-Sh-Sh-Sh-Sh-Sh-Sh-A-A-A-A-A-A-A-A-A,18,2,False,True,False,False
1802,Sp-Sp-Sp-Sp-Sp-Sp-Sp-Sp-Sp-Wa-Wa-Wa-Wa-Wa-Wa-Wa-Wa-Wa-Wa-Wa-Wa-Wa-Wa,18,1,False,True,False,False
1803,Sp-Sp-Sp-Sp-Sp-Sp-B-B-B-B-B-B-B-B-B-B-B-B-B-B-B-Sp-Sp,18,2,False,False,False,False
1804,F-F-F-F-F-F-Wt-Wt-Wt-Wt-Wt-Wt-Wt-Wt-Wt-Wt-Wt-F-F-F-F-F-F,18,2,False,True,False,False
1805,B-B-B-B-B-B-B-B-B-B-B-B-B-B-B-B-B-B-Sh-Sh-Sh-Sh-Sh,18,1,False,False,False,False
1806,A-A-A-A-A-A-A-A-F-F-F-F-F-F-F-F-F-F-F-Sh-Sh-Sh-Sh,18,2,False,False,False,False
1807,A-A-A-A-A-A-F-F-F-F-F-F-F-F-F-F-F-F-F-F-F-Sh-Sh,18,2,False,False,False,False
1808,F-F-F-F-F-F-F-F-F-F-F-Sh-Sh-Sh-Sh-Sh-Sh-Sh-Sh-F-F-F-F,18,2,False,False,False,False
1809,Sh-Sh-Sh-Sh-Sh-Sh-Sh-Sh-Sh-Sh-Sh-Sh-F-F-F-F-F-F-F-F-F-F-Sh,18,2,False,False,False,False
1810,Sh-Sh-Sh-Sh-Sh-Sh-Sh-Sh-Sh-Sh-Sh-Sh-Sh-Sh-F-F-F-F-F-F-F-A-A,18,2,False,False,False,False
1811,Sp-Sp-Sp-Sp-Sp-Sp-Sp-Sp-Sp-Sp-Sp-Sp-Sp-Sp-Sp-Sp-Sp-Sp-Sp-Sp-Sp-Sp-Wa,18,1,False,False,False,False
1812,Sp-Sp-Sp-Sp-Sp-Sp-Sp-Sp-Sp-Sp-Sp-Sp-Sp-Sp-Sp-Sp-Sp-Sp-G-G-G-Sp-Sp,18,2,False,False,False,False
1813,G-G-G-G-G-G-G-G-G-G-G-G-G-G-G-G-B-B-B-Sp-Sp-Sp-Sp,18,2,False,False,True,False
1814,A-A-A-A-A-A-Sh-Sh-Sh-Sh-Sh-Sh-Sh-Sh-Sh-Sh-Sh-Sh-Sh-Sh-F-F-F,18,2,False,False,False,False
1815,A-A-A-A-A-F-F-F-F-F-F-F-F-F-F-F-F-F-Sh-Sh-Sh-Sh-Sh,18,2,False,True,False,False
1816,Sh-Sh-F-F-F-F-F-F-F-F-F-F-F-F-F-F-F-F-F-F-F-Sh-Sh,18,2,False,False,False,False
1817,Wa-Wa-Wa-Wa-A-A-A-A-A-A-A-A-A-A-A-A-Wt-Wt-Wt-Wt-Wt-Wt-Wt,18,2,False,False,True,False
1818,Wt-A-A-A-A-A-A-A-A-A-A-A-A-A-A-A-A-A-A-F-F-F-F,18,2,False,True,False,False
1819,Sh-Sh-A-A-A-A-A-A-A-A-A-A-A-A-A-A-Sh-Sh-Sh-Sh-Sh-Sh-Sh,18,2,False,True,True,False
1820,A-A-A-A-A-A-A-A-A-A-A-Sh-Sh-Sh-Sh-Sh-Sh-Sh-Sh-Sh-Sh-Sh-F,18,2,False,False,False,False
1821,Wt-Wt-Wt-Wt-F-F-F-F-F-F-F-F-F-F-F-F-F-F-Sh-Sh-Sh-Sh-Sh,18,2,False,False,False,False
1822,A-F-F-F-F-F-Sh-Sh-Sh-Sh-Sh-Sh-Sh-Sh-Sh-Sh-Sh-Sh-Sh-Sh-Sh-Sh-Sh,18,2,False,False,False,False
1823,B-B-B-B-B-B-B-B-B-F-F-F-F-F-F-F-F-F-F-F-F-F-F,18,1,False,False,False,False
1824,Wt-Wt-Wt-Wt-F-F-F-F-F-F-F-F-F-F-F-F-Wt-Wt-Wt-Wt-Wt-Wt-Wt,18,2,False,False,True,False
1825,Wt-Wt-F-F-F-F-F-F-F-F-F-F-F-F-F-F-F-Sh-Sh-Sh-Sh-Sh-Sh,18,2,False,False,False,False
1826,Wt-Wt-Wt-Wt-F-F-F-F-F-F-F-F-F-F-F-F-F-F-A-A-A-A-A,18,2,False,False,False,False
1827,G-G-Wa-Wa-Wa-Wa-Wa-Wa-Wa-Wa-Wa-Wa-Wa-Wa-Sp-Sp-Sp-Sp-Sp-Sp-Sp-Sp-Sp,18,2,False,False,False,False
1828,G-G-G-G-G-G-U-U-U-U-U-U-U-U-U-U-U-U-U-U-U-U-U,18,1,False,True,False,False
1829,F-F-F-Wt-Wt-Wt-Wt-Wt-Wt-Wt-Wt-Wt-Wt-Wt-Wt-Wt-Wt-Wt-F-F-F-F-F,18,2,False,True,False,False
1830,A-A-A-A-F-F-F-F-F-F-F-F-F-F-F-F-F-F-F-F-Sh-Sh-Sh,18,2,False,False,False,False
1831,Wt-Wt-Wt-Wt-F-F-F-F-F-F-F-F-F-F-F-F-F-Sh-Sh-Sh-Sh-Sh-Sh,18,2,False,False,False,False
1832,Wt-Wt-Wt-Wt-Wt-Wt-F-F-F-F-F-F-F-F-F-F-Sh-Sh-Sh-Sh-Sh-Sh-Sh,18,2,False,False,True,False
1833,Sp-Sp-Sp-Sp-Sp-Sp-Sp-B-B-B-B-B-B-B-B-B-B-A-A-A-A-A-A,17,2,False,False,False,False
1834,F-F-Sh-Sh-Sh-G-G-G-G-G-G-G-G-G-G-G-G-G-G-G-G-G-G,17,2,False,False,False,False
1835,F-F-F-F-F-F-F-F-F-A-A-A-A-A-A-A-F-F-F-F-F-F-F,17,2,False,False,True,False
1836,Sh-F-F-F-F-F-F-F-F-F-F-F-F-F-F-F-F-F-F-F-F-F-A,17,2,False,False,False,False
1837,F-F-Wa-Wa-Wa-Wa-Wa-Wa-Wa-Wa-Wa-Wa-Wa-Wa-Wa-Wa-G-G-G-G-G-G-G,17,2,False,False,True,False
1838,Sp-Sp-G-G-G-G-G-G-G-G-G-G-G-G-G-G-G-G-Sp-Sp-Sp-Sp-Sp,17,2,False,True,False,False
1839,Sp-Sp-Sp-Sp-Sp-Sp-Sp-Sp-Sp-Sp-Sp-B-B-B-B-B-B-B-Sp-Sp-Sp-Sp-Sp,17,2,False,True,False,False
1840,Sh-Sh-Sh-Sh-Sh-Sh-Sh-A-A-A-A-A-A-A-A-A-A-F-F-F-F-F-F,17,2,False,False,False,False
1841,F-Wt-Wt-Wt-Wt-Wt-Wt-Wt-Wt-F-F-F-F-F-F-F-F-F-F-F-F-F-F,17,2,False,False,False,False
1842,Sh-F-F-F-F-F-F-F-F-F-F-F-F-F-F-F-F-F-Wt-Wt-Wt-Wt-Wt,17,2,False,True,False,False
1843,F-F-F-Wa-Wa-Wa-Wa-Wa-Wa-Wa-Wa-Wa-Wa-Sp-Sp-Sp-Sp-Sp-Sp-Sp-Sp-Sp-Sp,17,2,False,False,False,False
1844,Sh-Sh-Sh-Sh-Sh-Sh-F-F-F-F-F-F-F-F-F-F-F-F-F-A-A-A-A,17,2,False,False,False,False
1845,Wa-Wa-Wa-Wa-Wa-Wa-Wt-Wt-Wt-Wt-Wt-Wt-Wt-Wt-Wt-Wt-Wt-Wt-Wa-Wa-Wa-Wa-Wa,17,2,False,False,False,False
1846,Sh-Sh-Sh-F-F-F-F-F-F-F-F-F-F-F-F-F-F-F-F-A-A-A-A,17,2,False,False,False,False
1847,Sh-Sh-Sh-Sh-Sh-Sh-A-A-A-A-A-A-A-A-A-A-A-A-A-F-F-F-F,17,2,False,True,False,False
1848,Sh-Sh-Sh-Sh-Sh-Sh-A-A-A-A-A-A-A-A-A-A-A-A-A-A-F-F-F,17,2,False,False,False,False
1849,F-F-F-F-F-F-Wt-Wt-Wt-Wt-Wt-Wt-Wt-Wt-Wt-Wt-Wt-Wa-Wa-Wa-Wa-Wa-Wa,17,2,False,False,False,False
1850,F-F-F-F-F-F-Wt-Wt-Wt-Wt-Wt-Wt-Wt-Wt-Wt-Wt-Wt-Wt-Wt-Wt-F-F-F,17,2,False,True,False,False
1851,Sp-Sp-Sp-Sp-Sp-Sp-Sp-Sp-Sp-Sp-Sp-Sp-Sp-Sp-B-B-B-B-Sp-Sp-Sp-Sp-Sp,17,2,False,False,False,False
1852,Wt-Wt-Wt-Wt-Wt-Wt-Wt-F-F-F-F-F-F-F-F-F-F-F-A-A-A-A-A,17,2,False,False,False,False
1853,Wt-Wt-Wt-Wt-Wt-Wt-G-G-G-G-G-G-G-G-G-G-G-G-G-G-G-G-G,17,1,False,False,False,False
1854,Sp-Sp-Sp-Sp-Sp-Sp-Sp-Sp-Sp-Sp-Sp-A-A-A-A-A-A-A-A-A-A-A-A,17,1,False,False,False,False
1855,G-B-B-B-B-B-B-B-B-B-B-B-B-B-B-B-B-B-G-G-G-G-G,17,2,False,False,False,False
1856,F-F-A-A-A-A-A-A-A-A-A-A-A-A-A-A-Wt-Wt-Wt-Wt-Wt-Wt-Wt,17,2,False,False,True,False
1857,B-B-B-B-B-B-B-Sp-Sp-Sp-Sp-Sp-Sp-Sp-Sp-Sp-G-G-G-G-G-G-G,17,2,False,False,True,False
1858,Sh-Sh-Sh-Sh-Sh-Sh-Sh-Sh-Sh-Sh-Sh-Sh-Sh-Sh-Sh-Sh-Sh-Sh-Sh-Sh-Wa-Wa-Wa,17,1,False,False,False,False
1859,B-B-B-B-B-B-B-Sp-Sp-Sp-Sp-Sp-Sp-Sp-Sp-Sp-Sp-B-B-B-B-B-B,17,2,False,True,False,False
1860,Sp-Sp-Sp-Sp-Sp-Sp-Sp-Sp-Sp-Sp-Sp-Sp-Sp-Sp-Sp-Sp-Wa-Wa-Wa-Wa-F-F-F,17,2,False,False,True,False
1861,B-B-B-B-B-B-B-B-F-F-F-F-F-F-F-F-F-F-F-F-F-F-F,17,1,False,False,False,False
1862,Wa-B-B-B-B-B-B-B-B-B-B-B-B-B-B-B-B-B-B-B-B-B-B,17,1,False,False,False,False
1863,A-A-A-A-A-A-F-F-F-F-F-F-F-F-F-F-F-F-F-F-Sh-Sh-Sh,17,2,False,False,False,False
1864,A-A-A-A-A-F-F-F-F-F-F-F-F-F-F-F-F-G-G-G-G-G-G,17,2,False,False,False,False
1865,G-G-G-G-Sp-Sp-Sp-Sp-Sp-Sp-Sp-Sp-Sp-Sp-Sp-Sp-Sp-Sp-G-G-G-G-G,17,2,False,False,False,False
1866,G-G-Wa-Wa-Wa-Wa-Wa-Wa-Wa-Wa-Wa-Wa-Wa-Wa-Wa-Wa-Sp-Sp-Sp-Sp-Sp-Sp-Sp,17,2,False,False,True,False
1867,Sh-Sh-Sh-Sh-Sh-Sh-Sh-Sh-Sh-F-F-F-F-F-F-F-F-F-Sh-Sh-Sh-Sh-Sh,17,2,False,False,False,False
1868,A-A-A-A-A-A-Sh-Sh-Sh-Sh-Sh-Sh-Sh-Sh-Sh-Sh-Sh-Sh-Sh-A-A-A-A,17,2,False,False,False,False
1869,A-Sh-Sh-Sh-Sh-Sh-Sh-Sh-Sh-Sh-Sh-Sh-Sh-Sh-Sh-Sh-Sh-Sh-Sh-A-A-A-A,17,2,False,False,False,False
1870,Sh-Sh-Sh-F-F-F-F-F-F-F-F-F-F-F-F-F-F-F-F-F-F-Wt-Wt,17,2,False,False,False,False
1871,G-G-G-G-G-G-G-G-G-G-G-G-Wt-Wt-Wt-Wt-Wt-Wt-Wt-Wt-Wt-Wt-Wt,16,1,False,False,False,False
1872,A-A-A-A-A-A-A-Sh-Sh-Sh-Sh-Sh-Sh-Sh-Sh-Sh-Sh-Sh-F-F-F-F-F,16,2,False,True,False,False
1873,B-B-B-B-B-B-B-B-B-B-B-B-B-Sp-Sp-Sp-G-G-G-G-G-G-G,16,2,False,False,True,False
1874,G-G-G-G-G-G-Wa-Wa-Wa-Wa-Wa-Wa-Wa-Wa-Wa-Wa-Wa-Wa-Wa-Wa-Wa-Wa-Wa,16,1,False,False,False,False
1875,B-B-B-B-B-B-B-B-B-B-B-B-Sp-Sp-Sp-Sp-Sp-Sp-G-G-G-G-G,16,2,False,False,False,False
1876,B-B-B-B-B-B-B-B-B-B-Sp-Sp-Sp-Sp-Sp-Sp-Sp-Sp-G-G-G-G-G,16,2,False,False,False,False
1877,Sh-Sh-Sh-Sh-Sh-Sh-Sh-Sh-Sh-Sh-A-A-A-A-A-A-A-F-F-F-F-F-F,16,2,False,True,False,False
1878,A-A-A-A-A-A-A-A-A-A-F-F-F-F-F-F-F-F-F-Sh-Sh-Sh-Sh,16,2,False,True,False,False
1879,G-G-B-B-B-B-B-B-B-B-B-B-B-B-B-B-B-B-Sp-Sp-Sp-Sp-Sp,16,2,False,False,False,False
1880,G-U-U-U-U-U-U-U-U-U-U-U-U-U-U-U-U-U-U-U-U-U-U,16,1,False,False,False,False
1881,A-A-A-A-A-A-A-A-A-F-F-F-F-F-F-F-F-F-F-F-F-F-Sh,16,2,False,True,False,False
1882,Wt-F-F-F-F-F-F-F-F-F-F-F-F-F-F-F-F-F-F-F-F-Wt-Wt,16,2,False,False,False,False
1883,A-A-A-A-A-A-A-A-A-A-A-A-A-A-A-A-Sh-Sh-Sh-Sh-Sh-Sh-F,16,2,False,False,True,False
1884,B-B-B-B-B-B-B-B-Sp-Sp-Sp-Sp-Sp-Sp-Sp-Sp-B-B-B-B-B-B-B,16,2,False,False,True,False
1885,A-A-A-A-F-F-F-F-F-F-F-F-F-F-F-F-F-F-F-F-F-Sh-Sh,16,2,False,False,False,False
1886,F-F-F-F-F-F-F-F-F-G-G-G-G-G-G-G-F-F-F-F-F-F-F,16,2,False,False,True,False
1887,G-F-F-F-F-F-F-F-F-F-F-F-F-F-F-F-G-G-G-G-G-G-G,16,2,False,False,True,False
1888,A-A-A-A-A-A-A-A-A-F-F-F-F-F-F-F-F-F-F-F-F-F-A,16,2,False,False,False,False
1889,F-Sh-Sh-Sh-Sh-Sh-Sh-Sh-Sh-Sh-Sh-Sh-Sh-Sh-Sh-Sh-Sh-Sh-Sh-Sh-A-A-A,16,2,False,False,False,False
1890,B-A-A-A-A-A-A-A-A-A-A-A-A-A-A-A-A-A-A-A-A-A-A,16,1,False,False,False,False
1891,A-A-A-Sh-Sh-Sh-Sh-F-F-F-F-F-F-F-F-F-F-F-F-F-F-F-F,16,2,False,False,False,False
1892,Sp-B-B-B-B-B-B-B-B-B-B-B-Sp-Sp-Sp-Sp-Sp-Sp-Sp-Sp-Sp-Sp-Sp,16,2,False,False,False,False
1893,A-A-A-Sh-Sh-Sh-Sh-Sh-F-F-F-F-F-F-F-F-F-F-F-F-F-F-F,16,2,False,False,False,False
1894,Sh-Sh-Sh-Sh-Sh-Sh-Sh-F-F-F-F-F-F-F-F-F-F-F-F-F-F-F-A,16,2,False,False,False,False
1895,Sh-Sh-Wa-Wa-Wa-Wa-Wa-Wa-Sh-Sh-Sh-Sh-Sh-Sh-Sh-Sh-Sh-Sh-Sh-Sh-Sh-Sh-Sh,16,2,False,False,False,False
1896,Wt-Wt-Wt-Wt-Wt-Wt-Wt-Wt-Wt-Wt-Wt-U-U-U-U-U-U-U-U-U-U-U-U,16,1,False,True,False,False
1897,A-A-A-A-A-A-A-A-A-A-A-A-Sh-Sh-Sh-Sh-Sh-Sh-Sh-Sh-F-F-F,16,2,False,False,False,False
1898,A-A-A-Sh-Sh-Sh-Sh-Sh-Sh-Sh-Sh-Sh-Sh-Sh-Sh-Sh-Sh-Sh-Sh-F-F-F-F,16,2,False,False,False,False
1899,F-Wt-Wt-Wt-Wt-Wt-Wt-Wt-Wt-Wt-Wt-Wt-Wt-Wt-Wt-Wt-Wt-Wa-Wa-Wa-Wa-Wa-Wa,16,2,False,False,False,False
1900,Sh-Sh-Sh-Sh-Sh-Sh-F-F-F-F-F-F-F-F-F-F-F-F-F-F-F-Wt-Wt,16,2,False,False,False,False
1901,F-F-F-F-F-F-F-F-F-F-A-A-A-A-A-A-F-F-F-F-F-F-F,16,2,False,False,True,False
1902,F-F-F-F-F-F-F-F-F-F-F-A-A-A-A-A-A-A-A-A-A-A-F,16,2,False,True,False,False
1903,F-F-F-F-F-F-F-G-G-G-G-G-G-G-G-G-G-G-F-F-F-F-F,16,2,False,False,False,False
1904,Sp-G-G-G-G-G-G-G-G-G-Sp-Sp-Sp-Sp-Sp-Sp-Sp-Sp-Sp-Sp-Sp-Sp-Sp,16,2,False,False,False,False
1905,Sp-Sp-Sp-Sp-Sp-Sp-Sp-Sp-Sp-Sp-Sp-Sp-G-G-G-G-Sp-Sp-Sp-Sp-Sp-Sp-Sp,16,2,False,False,True,False
1906,A-Sh-Sh-Sh-Sh-Sh-F-F-F-F-F-F-F-F-F-F-F-F-F-F-F-F-F,16,2,False,False,False,False
1907,Wt-Wt-Wt-Wt-Sh-Sh-Sh-Sh-Sh-Sh-Sh-Sh-Sh-Sh-F-F-F-F-F-F-F-F-F,16,2,False,False,False,False
1908,F-F-F-F-F-F-F-Sh-Sh-Sh-Sh-Sh-Sh-Sh-Sh-Sh-A-A-A-A-A-A-A,16,2,False,True,True,False
1909,F-F-F-F-F-F-F-F-F-A-A-A-A-A-A-A-A-A-F-F-F-F-F,16,2,False,False,False,False
1910,Sh-Sh-Sh-Sh-Sh-Sh-A-A-A-A-A-A-A-A-A-A-A-A-A-A-A-A-F,16,2,False,True,False,False
1911,Sh-A-A-A-A-A-A-Sh-Sh-Sh-Sh-Sh-Sh-Sh-Sh-Sh-Sh-Sh-Sh-Sh-Sh-Sh-Sh,16,2,False,False,False,False
1912,F-F-F-F-F-F-F-F-F-F-A-A-A-A-A-A-A-A-A-A-F-F-F,16,2,False,False,False,False
1913,F-F-Wt-Wt-Wt-Wt-Sh-Sh-Sh-Sh-Sh-Sh-Sh-Sh-Sh-Sh-Sh-Sh-Sh-Sh-Sh-Sh-Sh,16,2,False,False,False,False
1914,Sh-Sh-Sh-Sh-Sh-A-A-A-A-A-A-A-A-A-A-A-Sh-Sh-Sh-Sh-Sh-Sh-Sh,16,2,False,False,True,False
1915,Sh-Sh-Sh-Sh-Sh-F-F-F-F-F-F-F-F-F-F-F-F-F-F-A-A-A-A,16,2,False,False,False,False
1916,Sh-F-F-F-F-F-F-F-F-F-F-F-F-F-F-F-F-F-F-F-F-A-A,16,2,False,False,False,False
1917,F-F-Wt-Wt-Wt-Wt-Wt-Wt-Wt-Wt-Wt-Wt-Wt-Wt-Wt-Wt-Wt-Wt-Wt-F-F-F-F,16,2,False,False,False,False
1918,A-A-Wa-Wa-Wa-Wa-Sh-Sh-Sh-Sh-Sh-Sh-Sh-Sh-Sh-Sh-Sh-Sh-Sh-Sh-Sh-Sh-Sh,16,2,False,False,False,False
1919,F-F-G-G-G-G-G-G-G-G-G-G-G-G-G-G-G-G-G-G-F-F-F,16,2,False,False,False,False
1920,F-F-Wt-Wt-Wt-Wt-Wt-F-F-F-F-F-F-F-F-F-F-F-F-F-F-Wt-Wt,16,3,False,False,False,False
1921,F-F-F-F-F-Sh-Sh-Sh-Sh-Sh-Sh-Sh-Sh-Sh-Sh-Sh-Sh-A-A-A-A-A-A,16,2,False,True,False,False
1922,F-F-G-G-G-G-G-G-G-G-G-G-G-G-G-G-F-F-F-F-F-F-F,16,2,False,False,True,False
1923,Sp-Sp-Sp-Sp-Sp-Sp-Sp-Sp-Sp-G-G-G-G-G-G-G-Sp-Sp-Sp-Sp-Sp-Sp-Sp,16,2,False,False,True,False
1924,F-F-F-Sh-Sh-Sh-Sh-Sh-F-F-F-F-F-F-F-F-F-F-F-F-F-F-F,16,2,False,True,False,False
1925,G-G-G-G-G-G-G-G-G-G-G-G-G-G-Sp-Sp-Sp-Sp-Sp-Sh-Sh-Sh-Sh,16,2,False,False,False,False
1926,G-G-G-G-G-G-G-G-G-U-U-U-U-U-U-U-U-U-U-U-U-U-U,16,1,False,False,False,False
1927,Sh-Sh-Sh-Sh-Sh-Sh-Sh-Sh-Sh-Sh-Sh-Sh-Sh-Sh-Sh-Sh-A-A-A-A-A-A-F,16,2,False,False,True,False
1928,G-G-G-G-G-G-G-G-G-G-G-G-Wa-Wa-Wa-Wa-Wa-Wa-Wa-Wa-Wa-Wa-Wa,16,1,False,False,False,False
1929,Sh-Sh-F-F-F-F-F-F-F-F-F-F-F-F-F-F-F-A-A-A-A-A-A,15,2,False,False,False,False
1930,B-B-F-F-F-F-F-F-F-F-F-F-F-F-F-F-F-F-F-F-F-F-F,15,1,False,False,False,False
1931,Wt-Wt-Wt-Wt-Wt-Wt-Wt-Wt-Wt-Wt-Wt-Wt-Wt-Wt-Wt-U-U-U-U-U-U-U-U,15,1,False,True,False,False
1932,Sh-Sh-F-F-F-F-F-F-F-A-A-A-A-A-A-A-A-A-A-A-A-A-A,15,2,False,False,False,False
1933,B-B-B-B-B-B-G-G-G-G-G-G-G-G-G-G-G-G-B-B-B-B-B,15,2,False,False,False,False
1934,Wa-Wa-Wa-Wa-Wa-Wa-Wa-Wa-Wa-Wa-Wa-Wa-Wa-Wa-Wa-U-U-U-U-U-U-U-U,15,1,False,True,False,False
1935,A-F-F-F-F-F-F-F-F-F-F-F-F-F-F-F-F-Sh-Sh-Sh-Sh-Sh-Sh,15,2,False,False,False,False
1936,A-A-A-Sh-Sh-Sh-Sh-Sh-Sh-Sh-Sh-Sh-Sh-Sh-Sh-Sh-Sh-Sh-Sh-Sh-F-F-F,15,2,False,False,False,False
1937,B-B-B-B-B-A-A-A-A-A-A-A-A-A-A-A-F-F-F-F-F-F-F,15,2,False,False,True,False
1938,F-F-F-F-F-F-F-F-Wt-Wt-Wt-Wt-Wt-Wt-Wt-Wt-Wt-Wa-Wa-Wa-Wa-Wa-Wa,15,2,False,True,False,False
1939,F-F-Sh-Sh-G-G-G-G-G-G-G-G-G-G-G-G-G-G-G-G-G-G-G,15,2,False,True,False,False
1940,Wa-Wa-Wa-Wa-Sh-Sh-Sh-Sh-Sh-Sh-Sh-Sh-Sh-Sh-Sh-Sh-Wa-Wa-Wa-Wa-Wa-Wa-Wa,15,2,False,False,True,False
1941,Sp-Sp-Sp-Sp-Sp-Sp-Sp-Sp-Sp-Sp-Wa-Wa-Wa-Wa-Wa-Wa-Wa-Wa-Wa-Wa-Wa-Wa-Wa,15,1,False,False,False,False
1942,Sh-Sh-Sh-Sh-Sh-Sh-Sh-Sh-Sh-Sh-F-F-F-F-F-F-F-F-F-F-F-Sh-Sh,15,2,False,False,False,False
1943,F-F-F-F-F-F-F-F-F-Sh-Sh-Sh-Sh-Sh-Sh-Sh-Sh-Sh-F-F-F-F-F,15,2,False,False,False,False
1944,A-B-B-B-B-B-B-B-B-B-B-B-B-B-B-B-B-B-B-B-B-B-B,15,1,False,False,False,False
1945,A-Sh-Sh-Sh-Sh-Sh-Sh-Sh-Sh-Sh-Sh-Sh-Sh-Sh-Sh-Sh-Sh-Sh-Sh-F-F-F-F,15,2,False,False,False,False
1946,Wa-Wa-Sh-Sh-Sh-Sh-Sh-Sh-Sh-Sh-Sh-Sh-Sh-Sh-Sh-Sh-Wa-Wa-Wa-Wa-Wa-Wa-Wa,15,2,False,False,True,False
1947,Wt-Wt-F-F-F-F-F-Sh-Sh-Sh-Sh-Sh-Sh-Sh-Sh-Sh-Sh-Sh-Sh-Sh-Sh-Sh-Sh,15,2,False,False,False,False
1948,Sh-Sh-Sh-Sh-Sh-F-F-F-F-F-F-F-F-F-F-F-F-F-F-F-F-F-A,15,2,False,False,False,False
1949,B-B-Wa-Wa-Wa-Wa-Wa-Wa-Wa-Wa-Wa-Wa-Wa-Wa-Wa-Wa-Sh-Sh-Sh-Sh-Sh-Sh-Sh,15,2,False,False,True,False
1950,G-G-G-G-G-G-G-F-F-F-F-F-F-F-F-F-A-A-A-A-A-A-A,15,2,False,False,True,False
1951,Sh-F-F-F-F-F-F-F-F-F-F-F-F-A-A-A-A-A-A-A-A-A-A,15,2,False,False,False,False
1952,F-F-F-F-F-F-A-A-A-A-A-A-A-A-A-A-A-A-A-A-A-F-F,15,2,False,True,False,False
1953,Wt-Wt-F-F-F-F-F-F-F-F-F-F-F-F-F-F-F-F-F-Wt-Wt-Wt-Wt,15,2,False,False,False,False
1954,Sp-Sp-Sp-B-B-B-B-B-B-B-B-B-B-B-B-B-B-B-B-B-G-G-G,15,2,False,True,False,False
1955,F-F-Sh-Sh-Sh-Sh-Sh-Sh-G-G-G-G-G-G-G-G-G-G-G-G-G-G-G,15,2,False,True,False,False
1956,Wt-Wt-A-A-A-A-A-A-A-A-A-A-A-A-A-A-F-F-F-F-F-F-F,15,2,False,True,True,False
1957,Sp-Sp-Sp-Sp-G-G-G-G-G-G-G-G-G-G-G-G-G-G-G-Sp-Sp-Sp-Sp,15,2,False,False,False,False
1958,Sp-Sp-Sp-Sp-G-G-G-G-G-G-G-G-G-G-G-G-G-Sp-Sp-Sp-Sp-Sp-Sp,15,2,False,False,False,False
1959,Wt-Wt-Wt-Wt-Wt-Wt-Wt-Wt-Wt-Wt-Wt-Wt-Wt-Wt-Wt-Wt-Wt-Wt-Wt-Sh-Sh-Sh-Sh,15,1,False,False,False,False
1960,Sh-Sh-Sh-F-F-F-F-F-F-F-F-F-F-F-F-F-F-F-F-F-F-F-A,15,2,False,False,False,False
1961,Wt-F-F-F-F-F-F-F-F-F-F-F-F-F-F-F-Wt-Wt-Wt-Wt-Wt-Wt-Wt,15,2,False,False,True,False
1962,F-F-F-F-F-F-F-F-F-A-A-A-A-A-A-A-A-A-A-A-A-F-F,15,2,False,False,False,False
1963,Wa-Wa-Wa-Wa-Wa-Wa-Wa-Wt-Wt-Wt-Wt-Wt-Wt-Wt-Wt-Wt-Wt-Wt-Wt-Wt-Wa-Wa-Wa,15,2,False,False,False,False
1964,Sh-F-F-F-F-F-F-F-F-F-Wt-Wt-Wt-Wt-Wt-Wt-Wt-Wt-Wt-Wt-Wt-Wt-Wt,15,2,False,False,False,False
1965,Sp-Sp-B-B-B-B-B-B-B-B-B-Sp-Sp-Sp-Sp-Sp-Sp-Sp-Sp-Sp-Sp-Sp-Sp,15,2,False,False,False,False
1966,G-G-G-G-B-B-B-B-B-B-B-B-B-B-B-B-B-B-G-G-G-G-G,15,2,False,False,False,False
1967,Sp-Sp-Sp-Sp-Sp-Sp-Sp-A-A-A-A-A-A-A-A-A-A-A-A-A-A-A-A,15,1,False,False,False,False
1968,Sh-Sh-Sh-Sh-Sh-A-A-A-A-A-A-A-A-A-A-A-A-A-A-F-F-F-F,15,2,False,True,False,False
1969,Wt-Wt-Wt-F-F-F-F-F-F-F-F-F-F-F-F-F-F-Wt-Wt-Wt-Wt-Wt-Wt,15,2,False,False,False,False
1970,Sp-Sp-G-G-G-G-G-G-G-G-G-Sp-Sp-Sp-Sp-Sp-Sp-Sp-Sp-Sp-Sp-Sp-Sp,15,2,False,False,False,False
1971,F-Wt-Wt-Wt-Wt-Wt-Wt-Wt-Wt-Wt-Wt-Wt-Wt-Wt-Wt-Wt-Wt-Wt-Wt-Wa-Wa-Wa-Wa,15,2,False,False,False,False
1972,F-F-A-A-A-A-A-F-F-F-F-F-F-F-F-F-F-F-F-F-F-F-F,14,2,False,False,False,False
1973,Wa-Wa-Wa-Sh-Sh-Sh-Sh-Sh-Sh-Sh-Sh-Sh-Sh-Sh-Sh-Sh-Wa-Wa-Wa-Wa-Wa-Wa-Wa,14,2,False,False,True,False
1974,Sp-B-B-B-B-B-B-B-B-B-B-B-B-B-G-G-G-G-G-G-G-G-G,14,2,False,False,False,False
1975,A-A-A-A-A-A-A-Sp-Sp-Sp-Sp-Sp-Sp-Sp-Sp-Sp-Sp-Sp-Sp-Sp-Sp-Sp-Sp,14,1,False,False,False,False
1976,G-G-G-G-G-G-G-G-G-G-Sp-Sp-Sp-Sp-Sp-Sp-Sp-Sp-Sp-Sh-Sh-Sh-Sh,14,2,False,False,False,False
1977,B-B-B-B-Sp-Sp-Sp-Sp-Sp-Sp-Sp-Sp-Sp-Sp-Sp-Sp-Sp-Sp-Sp-Sp-G-G-G,14,2,False,False,False,False
1978,A-A-A-A-A-A-A-A-A-A-A-A-A-A-A-A-A-A-A-F-F-F-A,14,2,False,True,False,False
1979,A-A-A-A-A-A-A-Sh-Sh-Sh-Sh-Sh-Sh-Sh-Sh-Sh-Sh-Sh-A-A-A-A-A,14,2,False,False,False,False
1980,Wt-F-F-F-F-F-F-F-F-F-F-F-F-F-F-F-F-F-F-Sh-Sh-Sh-Sh,14,2,False,True,False,False
1981,F-F-F-F-F-F-F-F-F-F-F-F-Sh-Sh-Sh-Sh-F-F-F-F-F-F-F,14,2,False,True,True,False
1982,Wt-Wt-Wt-Wt-Wt-Wt-Wt-Wt-Wt-Wt-Wt-Wt-Wt-Wt-Wt-Wt-Wt-Wt-U-U-U-U-U,14,1,False,False,False,False
1983,Sh-Sh-Sh-Sh-Sh-Sh-Sh-Sh-Sh-F-F-F-F-F-F-F-F-F-A-A-A-A-A,14,2,False,False,False,False
1984,F-F-F-F-F-F-Sh-Sh-Sh-Sh-Sh-Sh-Sh-Sh-Sh-Sh-Sh-Sh-Sh-Sh-Sh-F-F,14,2,False,True,False,False
1985,Sp-Sp-Sp-Sp-A-A-A-A-A-A-A-A-A-A-A-A-A-A-A-A-A-A-A,14,1,False,False,False,False
1986,Wt-Wt-Wt-A-A-A-A-A-A-A-A-A-A-A-A-A-Wa-Wa-Wa-Wa-Wa-Wa-Wa,14,2,False,False,True,False
1987,A-A-A-A-A-Sh-Sh-Sh-Sh-Sh-Sh-Sh-Sh-Sh-Sh-Sh-Sh-Sh-Sh-A-A-A-A,14,2,False,False,False,False
1988,B-B-B-B-B-B-B-B-B-U-U-U-U-U-U-U-U-U-U-U-U-U-U,14,1,False,True,False,False
1989,Sp-Sp-Sp-A-A-A-A-A-A-A-A-A-A-A-A-A-A-A-A-A-A-A-A,14,1,False,False,False,False
1990,F-F-Sh-Sh-Sh-Sh-Sh-Sh-Sh-Sh-Sh-Sh-Sh-Sh-Sh-Sh-Sh-Sh-Sh-A-A-A-A,14,2,False,True,False,False
1991,F-F-Sh-Sh-Sh-Sh-Sh-Sh-Sh-Sh-Sh-Sh-F-F-F-F-F-F-F-F-F-F-F,14,2,False,False,False,False
1992,Sh-A-A-A-A-A-A-A-A-A-A-A-A-A-A-A-A-F-F-F-F-F-F,14,2,False,True,False,False
1993,Wt-A-A-A-A-A-A-A-A-A-A-A-A-A-A-A-F-F-F-F-F-F-F,14,2,False,True,True,False
1994,A-F-F-F-F-F-F-F-F-F-F-F-F-F-F-F-F-F-F-F-Sh-Sh-Sh,14,2,False,False,False,False
1995,Wt-Wt-Wt-Wt-Wt-Wt-Wt-A-A-A-A-A-A-A-A-A-A-A-A-A-A-F-F,14,2,False,True,False,False
1996,Sh-Sh-Sh-Sh-Sh-Sh-Sh-Sh-Sh-Sh-Sh-A-A-A-F-F-F-F-F-F-F-F-F,14,2,False,False,False,False
1997,Sp-G-G-G-G-G-G-G-G-G-G-G-G-G-G-G-G-G-G-G-G-G-Sp,14,2,False,True,False,False
1998,Wa-Wa-Wa-Wa-Wa-U-U-U-U-U-U-U-U-U-U-U-U-U-U-U-U-U-U,14,1,False,False,False,False
1999,Sh-Sh-Sh-Sh-Sh-Sh-Sh-Sh-F-F-F-F-F-F-F-F-F-F-F-F-F-F-Sh,14,2,False,False,False,False
2000,B-B-B-B-B-B-B-B-B-B-B-B-Sp-Sp-Sp-Sp-Sp-Sp-Sp-Sp-G-G-G,14,2,False,True,False,False
2001,G-G-G-G-G-G-Sp-Sp-Sp-Sp-Sp-Sp-Sp-Sp-Sp-Sp-Sp-Sp-G-G-G-G-G,14,2,False,False,False,False
2002,A-A-A-A-A-A-F-F-F-F-F-F-F-F-F-F-F-F-F-Sh-Sh-Sh-Sh,14,2,False,False,False,False
2003,A-F-F-F-F-F-F-F-F-F-F-F-F-F-F-F-G-G-G-G-G-G-G,14,2,False,False,True,False
2004,Sh-Sh-Sh-Sh-F-F-F-F-F-F-F-F-F-F-F-F-F-F-F-F-F-F-G,14,2,False,False,False,False
2005,Sh-Sh-Sh-Sh-Sh-Sh-Sh-Sh-F-F-F-F-F-F-F-F-F-F-F-F-F-Sh-Sh,14,2,False,False,False,False
2006,F-F-F-A-A-A-A-A-A-A-A-A-A-A-A-A-A-Wt-Wt-Wt-Wt-Wt-Wt,14,2,False,False,False,False
2007,B-B-B-B-B-B-Sh-Sh-Sh-Sh-Sh-Sh-Sh-Sh-Sh-Sh-Sh-Sh-Sh-Sh-Sh-Sh-Sh,14,1,False,False,False,False
2008,A-A-A-A-A-A-A-A-A-A-A-A-A-A-A-A-A-Sh-Sh-Sh-Sh-Sh-F,14,2,False,False,False,False
2009,Sp-Sp-Sp-Sp-Sp-Sp-Sp-Sp-Sp-G-G-G-G-G-G-G-G-G-G-Sp-Sp-Sp-Sp,14,2,False,True,False,False
2010,F-F-F-F-F-Sh-Sh-Sh-Sh-Sh-Sh-Sh-Sh-Sh-Sh-Sh-Sh-Sh-Sh-Sh-Sh-A-A,14,2,False,True,False,False
2011,B-Sp-Sp-Sp-Sp-Sp-Sp-Sp-Sp-Sp-Sp-Sp-Sp-Sp-Sp-Sp-Sp-Sp-Sp-Sp-G-G-G,14,2,False,False,False,False
2012,Wt-Wt-Wt-Wt-Wt-F-F-F-F-F-F-F-F-F-F-F-Wt-Wt-Wt-Wt-Wt-Wt-Wt,14,2,False,True,True,False
2013,A-A-Sp-Sp-Sp-Sp-Sp-Sp-Sp-Sp-Sp-Sp-Sp-Sp-Sp-Sp-Sp-Sp-Sp-Sp-Sp-Sp-Sp,14,1,False,False,False,False
2014,A-A-A-A-A-Sh-Sh-Sh-Sh-Sh-Sh-Sh-Sh-Sh-Sh-Sh-Sh-Sh-Sh-Sh-F-F-F,14,2,False,False,False,False
2015,Sp-Sp-Sp-Sp-Sp-B-B-B-B-B-B-B-B-B-B-B-B-B-B-B-B-B-Sp,14,2,False,False,False,False
2016,G-G-G-G-F-F-F-F-F-F-F-F-F-F-F-F-F-F-F-F-F-A-A,14,2,False,False,False,False
2017,Sp-Sp-Sp-Sp-B-B-B-B-B-B-B-B-B-B-B-B-B-B-B-B-B-B-Sp,14,2,False,False,False,False
2018,Sp-Sp-Sp-Sp-Sp-G-G-G-G-G-G-G-G-G-G-G-G-Sp-Sp-Sp-Sp-Sp-Sp,14,2,False,False,False,False
2019,A-A-Sh-Sh-Sh-Sh-Sh-Sh-Sh-Sh-F-F-F-F-F-F-F-F-F-F-F-F-F,14,2,False,False,False,False
2020,F-F-F-F-F-F-F-F-F-F-F-F-F-Wt-Wt-Wt-Wt-F-F-F-F-F-F,14,2,False,False,False,False
2021,Wa-Wt-Wt-Wt-Wt-Wt-Wt-Wt-Wt-Wt-Wt-Wt-Wt-Wt-Wt-Wt-Wa-Wa-Wa-Wa-Wa-Wa-Wa,14,2,False,False,True,False
2022,Sh-Sh-A-A-A-A-A-A-A-A-A-A-A-A-A-A-A-A-A-A-A-F-F,14,2,False,False,False,False
2023,F-F-F-F-F-F-F-F-F-F-F-F-F-F-A-A-A-A-A-F-F-F-F,14,2,False,False,False,False
2024,B-B-B-B-B-B-B-B-B-B-B-Sp-Sp-Sp-Sp-Sp-B-B-B-B-B-B-B,14,2,False,False,True,False
2025,Sp-Sp-Sp-Sp-Sp-Sp-Sp-Sp-Sp-Sp-Sp-Sp-Sp-B-B-B-B-B-B-B-B-B-Sp,14,2,False,False,False,False
2026,A-Sh-Sh-Sh-Sh-Sh-Sh-Sh-Sh-Sh-Sh-Sh-Sh-Sh-Sh-Sh-Sh-Sh-Sh-Sh-Sh-Sh-F,14,2,False,False,False,False
2027,F-F-F-Sh-Sh-Sh-Sh-Sh-Sh-Sh-Sh-Sh-Sh-Sh-Sh-Sh-Sh-Sh-Sh-Sh-A-A-A,14,2,False,False,False,False
2028,Sp-Sp-Sp-Sp-Sp-Sp-Sp-Sp-Sp-Sp-Sp-B-B-B-B-B-B-B-B-B-B-Sp-Sp,14,2,False,False,False,False
2029,Sp-Sp-Sp-Sp-Sp-Sp-Sp-Sp-Sp-Sp-Sp-Sp-Sp-G-G-G-G-G-Sp-Sp-Sp-Sp-Sp,14,2,False,False,False,False
2030,G-G-G-Sh-Sh-Sh-Sh-Sh-Sh-Sh-Sh-Sh-Sh-Sh-Sh-Sh-Sh-Sh-Sh-Sh-Sh-F-F,14,2,False,False,False,False
2031,Sh-Sh-Sh-Sh-Sh-F-F-F-F-F-F-F-F-F-F-F-F-F-F-F-A-A-A,14,2,False,True,False,False
2032,Sh-Sh-Sh-Sh-Sh-F-F-F-F-F-F-F-F-F-F-F-F-F-F-F-F-A-A,14,2,False,False,False,False
2033,B-B-B-B-B-B-B-B-B-B-B-B-B-B-B-B-Wa-Wa-Wa-Wa-Wa-Wa-Wa,14,1,False,False,True,True
2034,F-F-F-G-G-G-G-G-G-G-G-G-G-G-G-G-G-G-G-G-F-F-F,14,2,False,False,False,False
2035,B-B-B-Sh-Sh-Sh-Sh-Sh-Sh-Sh-Sh-Sh-Sh-Sh-Sh-Sh-Sh-Sh-Sh-Sh-Sh-Sh-Sh,13,1,False,False,False,False
2036,Sh-Sh-Sh-Sh-Sh-Sh-Sh-Sh-Sh-Sh-Sh-Sh-Sh-Sh-F-F-F-A-A-A-A-A-A,13,2,False,False,False,False
2037,B-B-B-B-Sp-Sp-Sp-Sp-Sp-Sp-Sp-Sp-Sp-Sp-Sp-Sp-Sp-B-B-B-B-B-B,13,2,False,False,False,False
2038,B-B-B-A-A-A-A-A-A-A-A-A-A-A-A-A-G-G-G-G-G-G-G,13,2,False,False,True,False
2039,F-F-F-Sh-Sh-Sh-Sh-Sh-Sh-Sh-Sh-Sh-Sh-Sh-A-A-A-A-A-A-A-A-A,13,2,False,True,False,False
2040,Sh-Sh-F-F-F-F-F-F-A-A-A-A-A-A-A-A-A-A-A-A-A-A-A,13,2,False,False,False,False
2041,Sh-Sh-F-F-F-F-F-F-F-F-F-F-F-F-F-F-F-F-F-F-A-A-A,13,2,False,False,False,False
2042,F-F-F-F-F-F-F-F-F-F-F-F-F-F-F-F-F-F-F-Wt-Sh-Sh-Sh,13,2,False,False,False,False
2043,A-A-A-A-A-A-A-A-A-A-A-A-A-A-A-A-A-Sh-Sh-Sh-F-F-F,13,2,False,False,False,False
2044,F-F-F-F-A-A-A-A-A-A-A-A-A-A-A-A-Wt-Wt-Wt-Wt-Wt-Wt-Wt,13,2,False,False,True,False
2045,Wt-Wt-Wt-Wt-Wt-Wt-Wt-Wt-Wt-Wt-Wt-Wt-Sh-Sh-Sh-Sh-Sh-Sh-Sh-Sh-Sh-Sh-Sh,13,1,False,True,False,False
2046,A-A-A-B-B-B-B-B-B-B-B-B-B-B-B-B-B-B-B-B-B-B-B,13,1,False,False,False,False
2047,Wa-Wa-Wa-Wa-Wa-Sh-Sh-Sh-Sh-Sh-Sh-Sh-Sh-Sh-Sh-Sh-Sh-Wa-Wa-Wa-Wa-Wa-Wa,13,2,False,False,False,False
2048,Sh-Sh-Sh-Sh-Sh-Sh-Sh-A-A-A-A-A-A-A-A-A-A-A-A-A-A-A-F,13,2,False,True,False,False
2049,A-A-A-A-A-A-Sh-Sh-Sh-Sh-Sh-Sh-Sh-Sh-Sh-Sh-Sh-Sh-Sh-F-F-F-F,13,2,False,False,False,False
2050,Wa-Wa-Wa-Wa-Wa-Wa-A-A-A-A-A-A-A-A-A-A-A-A-Wa-Wa-Wa-Wa-Wa,13,2,False,False,False,False
2051,Sh-Sh-Sh-Sh-Sh-Sh-Sh-A-A-A-A-A-A-A-A-A-A-A-A-F-F-F-F,13,2,False,False,False,False
2052,B-B-B-B-Sp-Sp-Sp-Sp-Sp-Sp-Sp-Sp-Sp-Sp-Sp-Sp-Sp-B-Sp-Sp-Sp-Sp-Sp,13,3,False,False,False,False
2053,Sh-F-F-F-F-F-F-F-F-F-F-F-F-F-F-F-F-F-F-F-F-Sh-Sh,13,2,False,False,False,False
2054,B-B-B-B-B-B-B-B-B-B-B-U-U-U-U-U-U-U-U-U-U-U-U,13,1,False,False,False,False
2055,A-A-A-A-A-A-A-F-F-F-F-F-F-F-F-F-F-F-F-F-Sh-Sh-Sh,13,2,False,False,False,False
2056,Sh-F-F-F-F-F-F-F-F-F-F-F-F-F-F-F-F-F-F-F-F-F-Wt,13,2,False,False,False,False
2057,G-G-G-G-B-B-B-B-B-B-B-B-B-B-B-B-B-B-B-Sp-Sp-Sp-Sp,13,2,False,False,False,False
2058,Sp-Sp-Sp-Wa-Wa-Wa-Wa-Wa-Wa-Wa-Wa-Sh-Sh-Sh-Sh-Sh-Sh-Sh-Sh-Sh-Sh-Sh-Sh,13,2,False,False,False,False
2059,A-Sh-Sh-Sh-Sh-Sh-Sh-Sh-Sh-Sh-Sh-A-A-A-A-A-A-A-A-A-A-A-A,13,2,False,False,False,False
2060,A-Sh-Sh-Sh-Sh-Sh-Sh-Sh-Sh-Sh-Sh-Sh-F-F-F-F-F-F-F-F-F-F-F,13,2,False,False,False,False
2061,Wa-Wa-Wa-Wa-Wa-Wa-Wa-Wa-Wa-Wa-Wa-Wa-Wa-Wa-A-A-A-A-A-A-A-A-A,13,1,False,False,False,False
2062,A-Wa-Wa-Wa-Wa-Wa-Sp-Sp-Sp-Sp-Sp-Sp-Sp-Sp-Sp-Sp-Sp-Sp-Sp-Sp-Sp-Sp-Sp,13,2,False,False,False,False
2063,A-A-F-F-F-F-F-F-F-F-F-F-F-F-F-F-F-F-F-F-F-F-Sh,13,2,False,False,False,False
2064,F-Wt-Wt-Wt-Wt-Wt-Wt-Wt-Wt-Wt-Wt-Wt-Wt-Wt-Wt-Wt-Wt-Wt-Wt-Wt-Wt-Sh-Sh,13,2,False,False,False,False
2065,Sp-Sp-Sp-Sp-Sp-Sp-Sp-Sp-Sp-Sp-Sp-Sp-Sp-Sp-Sp-Sp-Sp-Sp-Sp-B-Sp-Sp-Sp,13,2,False,False,False,False
2066,Sh-Sh-Sh-Sh-Sh-Sh-Sh-Sh-A-A-A-A-A-A-A-A-A-F-F-F-F-F-F,13,2,False,True,False,False
2067,A-A-A-A-A-A-A-A-A-F-F-F-F-F-F-F-F-F-F-F-A-A-A,13,2,False,False,False,False
2068,Wa-Wa-Wa-Wa-Wt-Wt-Wt-Wt-Wt-Wt-Wt-Wt-Wt-Wt-Wt-Wt-Wt-Wt-Wt-Wt-F-F-F,13,2,False,False,False,False
2069,Wt-Wt-Wt-Wt-Wt-Wt-U-U-U-U-U-U-U-U-U-U-U-U-U-U-U-U-U,13,1,False,False,False,False
2070,A-A-A-A-A-A-A-F-F-F-F-F-F-F-F-F-F-F-F-F-F-A-A,13,2,False,False,False,False
2071,Sp-Sp-B-B-B-B-B-B-B-B-B-B-B-B-Sp-Sp-G-G-G-G-G-G-G,13,3,False,False,True,False
2072,A-A-A-A-A-A-A-F-F-F-F-F-F-F-F-F-F-F-F-F-F-F-Sh,13,2,False,True,False,False
2073,Sh-Sh-Wt-Wt-Wt-Wt-A-A-A-A-A-A-A-A-A-A-A-A-A-A-A-A-A,13,2,False,False,False,False
2074,F-F-F-F-F-F-F-F-F-Wt-Wt-Wt-Wt-Wt-Wt-Wt-Wt-Wt-Wa-Wa-Wa-Wa-Wa,13,2,False,False,False,False
2075,Sp-Sp-G-G-G-G-G-G-G-G-G-G-Sp-Sp-Sp-Sp-Sp-Sp-Sp-Sp-Sp-Sp-Sp,13,2,False,False,False,False
2076,F-F-F-F-F-F-F-F-F-F-F-F-A-A-A-A-A-A-A-F-F-F-F,13,2,False,True,False,False
2077,F-F-Sh-A-A-A-A-A-A-A-A-A-A-A-A-A-A-A-A-A-A-A-A,13,2,False,False,False,False
2078,A-A-A-A-A-Sh-Sh-Sh-Sh-Sh-Sh-Sh-Sh-Sh-F-F-F-F-F-F-F-F-F,13,2,False,False,False,False
2079,Sh-Sh-Sh-Sh-Sh-Sh-Sh-Sh-F-F-F-F-F-F-F-F-Sh-Sh-Sh-Sh-Sh-Sh-Sh,13,2,False,False,True,False
2080,Wt-Wt-Wt-Wt-F-F-F-F-F-F-F-F-F-F-F-F-F-F-F-Wt-Wt-Wt-Wt,13,2,False,False,False,False
2081,Sh-F-F-F-F-F-F-F-F-F-F-F-F-F-Sh-Sh-Sh-Sh-Sh-Sh-Sh-Sh-Sh,13,2,False,False,False,False
2082,A-A-A-A-A-Sp-Sp-Sp-Sp-Sp-Sp-Sp-Sp-Sp-Sp-Sp-Sp-Sp-Sp-Sp-Sp-Sp-Sp,13,1,False,False,False,False
2083,Sp-Sp-Sp-Sp-Sp-Sp-Sp-Sp-Sp-B-B-B-B-B-B-B-B-B-B-B-B-Sp-Sp,13,2,False,True,False,False
2084,A-A-A-A-A-Sh-Sh-Sh-Sh-Sh-Sh-Sh-Sh-Sh-Sh-Sh-Sh-Sh-Sh-Sh-Sh-Sh-F,13,2,False,False,False,False
2085,Wt-Wt-Wt-Sh-Sh-Sh-Sh-Sh-Sh-Sh-Sh-Sh-Sh-Sh-Sh-Sh-F-F-F-F-F-F-F,13,2,False,True,True,False
2086,A-A-A-A-A-A-A-A-A-A-A-A-A-A-F-F-A-A-A-A-A-A-A,13,2,False,False,True,False
2087,B-B-B-B-B-B-B-B-B-B-Sp-Sp-Sp-Sp-Sp-Sp-G-G-G-G-G-G-G,13,2,False,False,True,False
2088,B-B-B-B-B-B-B-B-B-B-U-U-U-U-U-U-U-U-U-U-U-U-U,13,1,False,False,False,False
2089,G-Wt-Wt-Wt-Wt-Wt-Wt-Wt-Wt-Wt-Wt-Wt-Wt-Wt-Wt-Wt-Wt-Wt-Wt-Wt-Wt-Wt-Wt,13,1,False,False,False,False
2090,B-B-B-B-B-B-B-B-B-B-B-B-B-B-B-B-B-B-B-B-B-Wa-Wa,13,1,False,False,False,False
2091,F-F-F-F-F-F-F-F-A-A-A-A-A-A-A-A-A-A-F-F-F-F-F,13,2,False,True,False,False
2092,Wt-F-F-F-F-F-F-F-F-F-F-F-F-F-F-F-F-F-F-F-F-F-Sh,13,2,False,False,False,False
2093,F-F-F-F-F-F-F-Sh-Sh-Sh-Sh-Sh-Sh-Sh-Sh-Sh-Sh-Sh-Sh-Sh-Sh-F-F,13,2,False,True,False,False
2094,Sp-Sp-Sp-Sp-Sp-Sp-Wa-Wa-Wa-Wa-Wa-Wa-Wa-Wa-Wa-Wa-Wa-Wa-Wa-Wa-Wa-Wa-Wa,13,1,False,False,False,False
2095,F-F-F-F-F-F-G-G-G-G-G-G-G-G-G-G-G-G-G-G-G-G-F,13,2,False,True,False,False
2096,F-F-F-F-F-F-F-F-F-F-F-A-A-A-A-A-A-A-A-A-F-F-F,13,2,False,False,False,False
2097,Sp-Sp-Sp-Sp-Sp-Sp-Sp-B-B-B-B-B-B-B-B-B-B-B-B-A-A-A-A,13,2,False,False,False,False
2098,Sp-Sp-Sp-Sp-Sp-B-B-B-B-B-B-B-B-B-B-B-G-G-G-G-G-G-G,13,2,False,False,True,False
2099,Sh-Sh-Sh-Sh-Sh-Sh-Sh-Sh-Sh-Sh-Sh-Sh-Sh-Sh-Sh-Sh-Wt-Wt-Wt-F-F-F-F,13,2,False,False,True,False
2100,Sp-B-B-B-B-B-B-B-B-B-B-B-B-Sp-Sp-Sp-Sp-Sp-Sp-Sp-Sp-Sp-Sp,13,2,False,False,False,False
2101,Wt-F-F-F-F-F-F-F-F-A-A-A-A-A-A-A-A-A-A-A-A-A-A,13,2,False,True,False,False
2102,Wa-Wa-Wa-Wa-Wa-Wa-Wa-U-U-U-U-U-U-U-U-U-U-U-U-U-U-U-U,13,1,False,True,False,False
2103,A-A-A-A-A-A-A-A-A-A-A-A-F-F-F-F-F-F-F-F-F-F-A,13,2,False,False,False,False
2104,Sh-Sh-Sh-Sh-Sh-Sh-Sh-Sh-Sh-Sh-Sh-Sh-Sh-Sh-Sh-Sh-F-F-F-F-A-A-A,13,2,False,True,True,False
2105,Wa-Wa-Wa-Wa-Wa-Wa-Wa-Wa-Wa-Wa-Wa-Wa-Wa-Wa-Wa-Wa-Wa-Wa-Wa-Wa-Wa-U-U,13,1,False,True,False,False
2106,G-G-G-G-G-G-G-G-G-G-G-U-U-U-U-U-U-U-U-U-U-U-U,13,1,False,True,False,False
2107,Wa-Wa-Wa-Wa-Wa-Wa-Wa-Wa-Wa-Wa-Wa-Wa-Wa-Wa-Wa-Wa-Wa-G-G-G-G-G-G,12,1,False,False,False,False
2108,G-G-G-G-G-G-G-G-G-G-G-G-G-G-G-G-B-B-B-B-B-B-Sp,12,2,False,False,True,False
2109,Sh-Sh-Sh-A-A-A-A-A-A-A-A-A-A-A-A-A-A-A-A-A-A-F-F,12,2,False,False,False,False
2110,Sh-Sh-Sh-A-A-A-A-A-A-A-A-A-F-F-F-F-F-F-F-F-F-F-F,12,2,False,False,False,False
2111,A-A-A-A-A-A-A-A-F-F-F-F-F-F-F-F-F-F-F-F-F-F-A,12,2,False,False,False,False
2112,A-A-A-A-A-A-A-A-A-A-A-A-F-F-F-F-A-A-A-A-A-A-A,12,2,False,False,True,False
2113,G-G-G-G-G-G-G-G-G-G-G-G-G-G-G-G-G-Sp-Sp-Sp-G-G-G,12,2,False,True,False,False
2114,G-G-G-G-G-G-G-G-Sp-Sp-Sp-Sp-Sp-Sp-Sp-Sp-Sp-Sp-G-G-G-G-G,12,2,False,False,False,False
2115,A-A-A-A-A-A-A-Sh-Sh-Sh-Sh-Sh-F-F-F-F-F-F-F-F-F-F-F,12,2,False,False,False,False
2116,Wa-Wa-Sh-Sh-Sh-Sh-Sh-Sh-Sh-Sh-Sh-Sh-Sh-Sh-Sh-Sh-Wt-Wt-Wt-Wt-Wt-Wt-Wt,12,2,False,False,True,False
2117,F-F-F-Wt-Wt-Wt-Wt-Wt-Wt-Wt-Wt-Wt-Wt-Wt-F-F-F-F-F-F-F-F-F,12,2,False,True,False,False
2118,Sh-F-F-F-F-F-F-A-A-A-A-A-A-A-A-A-A-A-A-A-A-A-A,12,2,False,False,False,False
2119,G-G-G-G-G-G-F-F-F-F-F-F-F-F-F-F-F-F-Sh-Sh-Sh-Sh-Sh,12,2,False,False,False,False
2120,Sh-Sh-Sh-Sh-Sh-F-F-F-F-F-F-F-F-F-F-F-F-F-F-F-F-Sh-Sh,12,2,False,False,False,False
2121,A-A-A-A-A-A-A-A-A-A-A-A-Wt-Wt-Wt-Wt-F-F-F-F-F-F-F,12,2,False,False,True,False
2122,Sh-Sh-Sh-Sh-Sh-Sh-Sh-Sh-Sh-F-F-F-F-F-F-F-F-F-F-A-A-A-A,12,2,False,False,False,False
2123,G-B-B-B-B-B-B-B-B-B-B-B-B-B-B-B-B-B-B-Sp-Sp-Sp-Sp,12,2,False,False,False,False
2124,A-A-Sh-Sh-Sh-Sh-Sh-A-A-A-A-A-A-A-A-A-A-A-A-A-A-A-A,12,2,False,False,False,False
2125,Wt-Sh-Sh-A-A-A-A-A-A-A-A-A-A-A-A-A-A-A-A-A-A-A-A,12,2,False,True,False,False
2126,Wt-Wt-Sh-Sh-Sh-A-A-A-A-A-A-A-A-A-A-A-A-A-A-A-A-A-A,12,2,False,False,False,False
2127,Sp-Sp-Sp-Sp-B-B-B-B-B-B-B-B-B-B-B-B-B-B-B-G-G-G-G,12,2,False,True,False,False
2128,F-F-Sh-Sh-Sh-Sh-Sh-Sh-Sh-Sh-Sh-Sh-Sh-Sh-Sh-Sh-Wt-Wt-Wt-Wt-Wt-Wt-Wt,12,2,False,False,True,False
2129,Wt-Wt-F-F-F-F-F-F-F-F-F-F-F-F-F-F-F-F-Wt-Wt-Wt-Wt-Wt,12,2,False,False,False,False
2130,G-Sp-Sp-B-B-B-B-B-B-B-B-B-B-B-B-B-B-B-B-B-B-B-B,12,2,False,False,False,False
2131,Sh-A-A-A-A-A-A-A-A-A-A-A-A-A-F-F-F-F-F-F-F-F-F,12,2,False,False,False,False
2132,Sp-Sp-Sp-Sp-Sp-Sp-Sp-Sp-B-B-B-B-B-B-B-B-Sp-Sp-Sp-Sp-Sp-Sp-Sp,12,2,False,False,True,False
2133,F-F-F-F-F-F-F-F-F-F-A-A-A-A-A-A-A-A-F-F-F-F-F,12,2,False,True,False,False
2134,A-Wa-Wa-Wa-Wa-Wa-Wa-Wa-Wa-Sp-Sp-Sp-Sp-Sp-Sp-Sp-Sp-Sp-Sp-Sp-Sp-Sp-Sp,12,2,False,False,False,False
2135,Wt-Wt-Wt-Wt-Wt-Wt-Wt-Sh-Sh-Sh-Sh-Sh-Sh-Sh-F-F-F-F-F-F-F-F-F,12,2,False,False,False,False
2136,A-F-F-F-F-F-F-F-F-F-F-F-F-F-F-F-F-F-F-F-F-F-Sh,12,2,False,False,False,False
2137,Sh-Sh-A-A-A-A-A-A-A-A-F-F-F-F-F-F-F-F-F-F-F-F-F,12,2,False,False,False,False
2138,A-A-A-A-A-A-A-A-A-G-G-G-G-G-G-G-G-G-G-G-G-G-G,12,1,False,False,False,False
2139,F-B-Sp-Sp-Sp-Sp-Sp-Sp-Sp-Sp-Sp-Sp-Sp-Sp-Sp-Sp-Sp-Sp-Sp-Sp-Sp-Sp-Sp,12,2,False,False,False,False
2140,Sh-F-F-F-F-F-F-F-Wt-Wt-Wt-Wt-Wt-Wt-Wt-Wt-Wt-Wt-Wt-Wt-Wt-Wt-Wt,12,2,False,False,False,False
2141,Sh-Sh-Sh-Sh-Sh-Sh-Sh-Sh-Sh-Sh-F-F-F-F-F-F-F-F-Sh-Sh-Sh-Sh-Sh,12,2,False,False,False,False
2142,G-F-F-F-F-F-F-F-F-F-F-F-F-F-F-F-F-F-F-F-A-A-A,12,2,False,False,False,False
2143,A-A-F-F-F-F-F-F-F-F-F-Sh-Sh-Sh-Sh-Sh-Sh-Sh-Sh-Sh-Sh-Sh-Sh,12,2,False,False,False,False
2144,A-A-F-F-F-F-F-F-F-F-F-F-F-F-Sh-Sh-Sh-Sh-Sh-Sh-Sh-Sh-Sh,12,2,False,False,False,False
2145,Sh-Sh-Sh-Sh-Sh-Sh-Sh-Sh-Sh-A-A-A-A-A-A-A-A-F-F-F-F-F-F,12,2,False,False,False,False
2146,Sh-Sh-F-F-F-F-F-F-F-F-F-F-F-F-F-F-Wt-Wt-Wt-Wt-Wt-Wt-Wt,12,2,False,False,True,False
2147,G-G-G-Sp-Sp-Sp-Sp-Sp-Sp-Sp-Sp-Sp-Sp-Sp-Sp-Sp-Sp-Sp-G-G-G-G-G,12,2,False,False,False,False
2148,B-B-B-B-B-B-B-B-B-B-B-Sp-Sp-Sp-Sp-Sp-G-G-G-G-G-G-G,12,2,False,False,True,False
2149,A-Sh-Sh-Sh-Sh-Sh-Sh-Sh-Sh-Sh-Sh-Sh-Sh-Sh-Sh-Sh-Sh-Sh-A-A-A-A-A,12,2,False,False,False,False
2150,F-F-F-F-Wt-Wt-Wt-Wt-Wt-Wt-Wt-Wt-Wt-Wt-Wt-Wt-Wt-Wt-F-F-F-F-F,12,2,False,True,False,False
2151,Wt-Wt-Wt-F-F-F-F-F-F-F-F-F-F-F-F-F-F-F-F-F-F-Wt-Wt,12,2,False,False,False,False
2152,Sh-Sh-Sh-Sh-Sh-Sh-Sh-Sh-Wt-Wt-Wt-Wt-Wt-Wt-Wt-Wt-Wt-Wt-Wt-Wt-Wt-Wt-Wt,12,1,False,False,False,False
2153,A-A-A-A-F-F-F-F-F-F-F-F-F-F-F-F-F-G-G-G-G-G-G,12,2,False,False,False,False
2154,Sp-Sp-Sp-B-B-B-B-B-B-B-B-B-B-B-B-B-B-G-G-G-G-G-G,12,2,False,True,False,False
2155,Sh-Sh-Sh-Sh-Sh-A-A-A-A-A-A-A-A-A-A-A-A-A-A-A-A-F-F,12,2,False,True,False,False
2156,F-F-Wt-Wt-Wt-Wt-Wt-Wt-Wt-Wt-Wt-Wt-Wt-Wt-Wt-Wt-Wt-Wt-Wa-Wa-Wa-Wa-Wa,12,2,False,False,False,False
2157,G-G-G-F-F-F-F-F-F-F-F-F-F-F-F-F-G-G-G-G-G-G-G,12,2,False,False,True,False
2158,Sh-Sh-A-A-A-A-A-Sh-Sh-Sh-Sh-Sh-Sh-Sh-Sh-Sh-Sh-Sh-Sh-Sh-Sh-Sh-Sh,12,2,False,False,False,False
2159,Sp-Sp-Sp-Sp-Sp-Sp-Sp-Sp-Sp-Sp-Sp-Sp-Sp-B-B-B-B-Sp-Sp-Sp-Sp-Sp-Sp,12,2,False,False,False,False
2160,A-F-F-F-F-F-F-F-F-F-F-F-F-F-Wa-Wa-Wa-Wa-Wa-Wa-Wa-Wa-Wa,12,2,False,False,False,False
2161,Wa-F-F-F-F-F-F-F-F-F-F-F-F-F-Wa-Wa-Wa-Wa-Wa-Wa-Wa-Wa-Wa,12,2,False,False,False,False
2162,Wt-Wt-Wt-Wt-Wt-Wt-Wt-Wt-Wt-Wt-Wt-Wt-Wt-Wt-Wt-Wt-F-F-F-Wt-Wt-Wt-Wt,12,2,False,True,True,False
2163,Wa-Wa-Wa-Wa-Wa-Wa-A-A-A-A-A-A-A-A-A-A-A-A-A-Wa-Wa-Wa-Wa,12,2,False,False,False,False
2164,F-Wt-Wt-Wt-Wt-Wt-Wt-Wt-Wt-Wt-Wt-Wt-Wt-Wt-Wt-Wt-Wt-Wt-Wt-Wt-Wt-F-F,12,2,False,True,False,False
2165,F-F-F-F-F-A-A-A-A-A-A-A-A-A-A-A-A-Wt-Wt-Wt-Wt-Wt-Wt,12,2,False,False,False,False
2166,G-G-G-G-G-Sh-Sh-Sh-Sh-Sh-Sh-Sh-Sh-Sh-Sh-Sh-Sh-Sh-A-A-A-A-A,12,2,False,False,False,False
2167,B-B-B-B-B-B-B-B-B-B-B-B-B-F-F-F-F-F-F-F-F-F-F,12,1,False,False,False,False
2168,Wt-Wt-Wt-Wt-Wt-Wt-Wt-Wt-Wt-Wt-Wt-Wt-Wt-Wt-Wt-Wt-Wt-Wt-Wt-G-G-G-G,12,1,False,False,False,False
2169,A-A-A-A-A-A-A-A-A-A-Sh-Sh-Sh-F-F-F-F-F-F-F-F-F-F,12,2,False,False,False,False
2170,B-B-G-G-G-G-G-G-Wa-Wa-Wa-Wa-Wa-Wa-Wa-Wa-Wa-Wa-Wa-Wa-Wa-Wa-Wa,12,2,False,False,False,False
2171,F-F-F-F-F-F-F-F-F-F-F-F-F-F-F-F-F-F-F-F-F-F-B,12,1,False,False,False,False
2172,Sh-Sh-Sh-Sh-Sh-Sh-Sh-Sh-Sh-Sh-Sh-Sh-Sh-Sh-F-F-F-F-F-Sh-Sh-Sh-Sh,12,2,False,False,False,False
2173,F-F-F-F-F-F-F-F-F-F-F-Sh-Sh-Sh-Sh-Sh-Sh-Sh-F-F-F-F-F,12,2,False,False,False,False
2174,Wt-Wt-Wt-Wt-Wt-Wt-Wt-Wt-Wt-U-U-U-U-U-U-U-U-U-U-U-U-U-U,12,1,False,False,False,False
2175,Wt-Wt-Wt-Wt-Wt-Wt-Sh-F-F-F-F-F-F-F-F-F-F-F-F-F-F-F-F,12,2,False,False,False,False
2176,F-A-A-A-A-A-A-A-A-A-A-A-A-A-A-A-A-A-Wt-Wt-Wt-Wt-Wt,12,2,False,False,False,False
2177,F-F-A-A-A-A-A-A-A-A-A-A-A-A-A-A-A-A-Wt-Wt-Wt-Wt-Wt,12,2,False,True,False,False
2178,F-F-F-G-G-G-G-G-G-G-G-G-G-G-G-G-G-G-F-F-F-F-F,12,2,False,False,False,False
2179,Sh-Sh-Sh-Sh-Sh-Sh-Sh-Sh-F-F-F-F-F-F-F-F-F-F-F-F-F-F-A,12,2,False,False,False,False
2180,B-B-B-B-B-B-B-B-B-B-B-B-B-B-B-B-B-Wa-Wa-Wa-Wa-Wa-Wa,12,1,False,True,False,False
2181,F-F-F-F-F-Wt-Wt-Wt-Wt-Wt-Wt-Wt-Wt-Wt-Wt-Wt-Wt-Wt-Wt-Wt-F-F-F,12,2,False,False,False,False
2182,Wt-Wt-Wt-Wt-Wt-Wt-A-A-A-A-A-A-A-A-A-A-A-A-A-F-F-F-F,12,2,False,True,False,False
2183,Sp-B-B-B-B-B-B-B-B-B-Sp-Sp-Sp-Sp-Sp-Sp-Sp-Sp-Sp-Sp-Sp-Sp-Sp,11,2,False,False,False,False
2184,Sh-Sh-Sh-A-A-A-A-A-A-A-A-A-A-A-A-A-A-A-F-F-F-F-F,11,2,False,True,False,False
2185,A-A-A-A-A-A-A-Sh-Sh-Sh-Sh-Sh-Sh-Sh-Sh-Sh-Sh-Sh-G-G-G-G-G,11,2,False,False,False,False
2186,B-B-B-B-B-B-B-B-B-B-B-B-B-B-B-B-A-A-A-A-A-A-A,11,1,False,False,True,True
2187,F-F-F-F-F-F-F-F-F-F-F-F-Sh-Sh-Sh-Sh-Sh-Sh-Sh-Sh-Sh-Sh-F,11,2,False,True,False,False
2188,Wt-F-F-F-F-F-F-F-F-F-F-F-F-F-F-F-F-F-A-A-A-A-A,11,2,False,False,False,False
2189,Wt-F-F-F-F-F-F-F-F-F-F-F-F-F-F-F-F-F-F-F-F-F-Wt,11,2,False,False,False,False
2190,G-Sp-Sp-Sp-Sp-Sp-Sp-Sp-Sp-Sp-Sp-Sp-Sp-Sp-Sp-Sp-Sp-Sp-Sp-Sp-G-G-G,11,2,False,False,False,False
2191,B-B-B-B-B-B-B-B-B-Sp-Sp-Sp-Sp-Sp-Sp-Sp-B-B-B-B-B-B-Sp,11,3,False,False,True,False
2192,A-A-A-A-F-F-F-F-F-F-F-F-F-F-F-F-F-Sh-Sh-Sh-Sh-Sh-Sh,11,2,False,False,False,False
2193,B-B-B-B-B-B-B-B-B-B-B-B-B-B-B-B-B-B-B-Wa-Wa-Wa-Wa,11,1,False,False,False,False
2194,B-B-B-B-B-B-B-B-Sp-Sp-Sp-Sp-Sp-Sp-Sp-Sp-Sp-B-B-B-Sp-Sp-Sp,11,3,False,False,False,False
2195,F-F-Sh-Sh-Sh-Sh-Sh-Sh-F-F-F-F-F-F-F-F-F-F-F-F-F-F-F,11,2,False,False,False,False
2196,Sh-A-A-A-A-A-A-A-A-A-A-A-A-A-A-A-A-A-A-Sh-Sh-Sh-Sh,11,2,False,False,False,False
2197,Wt-F-F-F-F-F-F-F-F-F-F-F-F-F-F-F-F-F-F-F-F-Sh-Sh,11,2,False,False,False,False
2198,F-F-F-F-F-F-F-F-F-Wt-Wt-Wt-Wt-Wt-Wt-Wt-Wt-Wt-F-F-F-F-F,11,2,False,False,False,False
2199,G-Sp-B-B-B-B-B-B-B-B-B-B-B-B-B-B-B-B-B-B-B-B-B,11,2,False,True,False,False
2200,A-A-A-A-A-A-A-A-A-A-A-A-A-Sp-Sp-Sp-Sp-Sp-Sp-Sp-Sp-Sp-Sp,11,1,False,False,False,False
2201,A-A-A-A-A-A-A-A-A-A-A-A-A-Wa-Wa-Wa-Wa-Wa-Wa-Wa-Wa-Wa-Wa,11,1,False,False,False,False
2202,F-F-F-F-F-F-F-F-F-A-A-A-A-A-A-A-A-A-A-A-A-A-F,11,2,False,False,False,False
2203,Sh-Sh-Sh-Sh-Sh-Sh-Sh-Sh-Sh-F-F-F-F-F-F-F-F-F-F-F-Sh-Sh-Sh,11,2,False,False,False,False
2204,F-F-F-F-F-F-F-F-F-F-F-A-A-A-A-A-A-A-F-F-F-F-F,11,2,False,False,False,False
2205,Wa-Wa-Wa-Wa-Wa-Wa-U-U-U-U-U-U-U-U-U-U-U-U-U-U-U-U-U,11,1,False,False,False,False
2206,A-A-A-A-A-A-A-A-A-A-A-A-F-F-F-F-F-F-A-A-A-A-A,11,2,False,False,False,False
2207,Sh-F-F-F-F-F-F-F-F-F-F-F-F-F-F-F-F-F-F-F-Wt-Wt-Wt,11,2,False,False,False,False
2208,G-G-G-Sp-Sp-Sp-Sp-Sp-Sp-Sp-Sp-Sp-Sp-Sp-Sp-Sp-Sp-Sp-Sp-G-G-G-G,11,2,False,False,False,False
2209,Sh-Sh-Sh-F-F-F-F-F-F-F-F-F-F-F-F-F-F-F-F-F-F-F-Wt,11,2,False,False,False,False
2210,B-B-B-B-B-B-B-Sp-Sp-Sp-Sp-Sp-Sp-Sp-Sp-Sp-Sp-Sp-G-G-G-G-G,11,2,False,True,False,False
2211,F-F-F-F-F-G-G-G-G-G-G-G-G-G-G-G-G-G-F-F-F-F-F,11,2,False,False,False,False
2212,B-B-B-B-B-B-B-Sp-Sp-Sp-Sp-Sp-Sp-Sp-Sp-Sp-B-B-B-B-B-Sp-Sp,11,3,False,False,True,False
2213,B-B-B-B-B-B-B-B-Sp-Sp-Sp-Sp-Sp-Sp-Sp-Sp-Sp-Sp-Sp-Sp-A-A-A,11,2,False,False,False,False
2214,F-F-Wa-Wa-Wa-Wa-Wa-Wa-Wa-Wa-Wa-Wa-Wa-Wa-Wt-Wt-Wt-Wt-Wt-Wt-Wt-Wt-Wt,11,2,False,False,False,False
2215,Wt-Wt-Wt-Wt-Sh-Sh-Sh-Sh-Sh-Sh-Sh-Sh-Sh-Sh-Sh-Sh-Sh-Sh-Sh-F-F-F-F,11,2,False,True,False,False
2216,Sp-Sp-Sp-Sp-Sp-Sp-Sp-Sp-Sp-Sp-Sp-Sp-Sp-Sp-Sp-Sp-Sp-Sp-Sp-Sp-Sp-A-A,11,1,False,False,False,False
2217,G-G-B-B-B-B-B-B-B-B-B-B-B-B-B-B-B-B-G-G-G-G-G,11,2,False,False,False,False
2218,G-G-Sp-Sp-Sp-Sp-Sp-Sp-Sp-Sp-Sp-Sp-Sp-Sp-Sp-Sp-G-G-G-G-G-G-G,11,2,False,False,True,False
2219,Wt-Wt-Wt-F-F-F-F-F-F-F-F-F-F-F-F-F-F-A-A-A-A-A-A,11,2,False,False,False,False
2220,B-B-B-B-B-B-B-B-U-U-U-U-U-U-U-U-U-U-U-U-U-U-U,11,1,False,False,False,False
2221,A-A-F-F-F-F-F-F-Sh-Sh-Sh-Sh-Sh-Sh-Sh-Sh-Sh-Sh-Sh-Sh-Sh-Sh-Sh,11,2,False,False,False,False
2222,Sh-F-F-Wt-Wt-Wt-Wt-Wt-Wt-Wt-Wt-Wt-Wt-Wt-Wt-Wt-F-F-F-F-F-F-F,11,3,False,False,True,False
2223,F-F-G-G-G-G-G-G-G-G-G-G-G-G-F-F-F-F-F-F-F-F-F,11,2,False,True,False,False
2224,F-F-G-G-G-G-G-G-G-G-G-G-G-F-F-F-F-F-F-F-F-F-F,11,2,False,True,False,False
2225,Wt-Wt-Wt-Wt-Wt-Wt-Wt-U-U-U-U-U-U-U-U-U-U-U-U-U-U-U-U,11,1,False,False,False,False
2226,F-F-F-F-F-F-F-F-Wt-Wt-Wt-Wt-Wt-Wt-Wt-Wt-Wt-Wt-F-F-F-F-F,11,2,False,True,False,False
2227,Sh-Sh-Sh-Sh-Sh-Sh-Sh-Sh-F-F-F-F-F-F-F-F-F-F-F-A-A-A-A,11,2,False,False,False,False
2228,Wa-Wt-Wt-Wt-Wt-Sh-Sh-Sh-Sh-Sh-Sh-Sh-Sh-Sh-Sh-Sh-Sh-Sh-Sh-Sh-Sh-Sh-Sh,11,2,False,False,False,False
2229,A-A-A-A-A-A-A-A-A-F-F-F-F-F-F-F-F-F-F-Sh-Sh-Sh-Sh,11,2,False,False,False,False
2230,A-A-A-A-A-A-A-A-A-F-F-F-F-F-F-F-F-A-A-A-A-A-A,11,2,False,False,False,False
2231,F-Sp-Sp-Sp-Sp-B-B-B-B-B-B-B-B-B-B-B-B-B-B-B-B-B-B,11,2,False,False,False,False
2232,B-B-B-B-B-B-B-B-B-B-B-B-F-F-F-F-F-F-F-F-F-F-F,11,1,False,False,False,False
2233,F-G-G-G-G-G-G-G-G-G-G-G-G-G-G-G-G-G-G-G-F-F-F,11,2,False,False,False,False
2234,B-B-B-B-B-B-B-B-B-B-B-Sp-Sp-Sp-Sp-Sp-B-B-B-Sp-Sp-Sp-Sp,11,3,False,False,True,False
2235,Sh-Sh-Sh-Sh-Sh-Sh-Sh-Sh-Sh-Sh-Sh-A-A-A-A-A-A-A-A-F-F-F-F,11,2,False,True,False,False
2236,F-G-G-G-G-G-G-G-G-G-G-G-G-F-F-F-F-F-F-F-F-F-F,11,2,False,False,False,False
2237,F-F-A-A-A-A-A-A-A-A-A-F-F-F-F-F-F-F-F-F-F-F-F,11,2,False,True,False,False
2238,Wa-Wa-Sh-Sh-F-F-F-F-F-F-F-F-F-F-F-F-F-F-F-F-F-F-F,11,2,False,False,False,False
2239,Wt-Wt-Wt-Wt-Wt-Wt-A-A-A-A-A-A-A-A-A-A-A-A-A-F-F-F-A,11,3,False,True,False,False
2240,Sh-Sh-Sh-Sh-Sh-Sh-Sh-Sh-Sh-G-G-G-G-G-G-G-G-G-G-G-F-F-F,11,2,False,False,False,False
2241,G-G-G-G-G-G-G-G-G-G-F-F-F-F-F-F-F-F-F-F-F-F-A,11,2,False,False,False,False
2242,G-G-G-B-B-B-B-B-B-B-B-B-B-B-B-B-B-B-B-G-G-G-G,11,2,False,False,False,False
2243,Wt-Wt-Wt-Wt-Sh-Sh-Sh-Sh-Sh-Sh-Sh-Sh-Sh-Sh-Sh-Sh-Wt-Wt-Wt-Wt-Wt-Wt-Wt,11,2,False,False,True,False
2244,F-F-F-G-G-G-G-G-G-G-G-G-G-G-G-G-Wt-Wt-Wt-Wt-Wt-Wt-Wt,11,2,False,False,True,False
2245,F-Sh-Sh-A-A-A-A-A-A-A-A-A-A-A-A-A-A-A-F-F-F-F-F,11,3,False,False,False,False
2246,A-A-A-A-A-A-F-F-F-F-F-F-F-F-F-F-Sh-Sh-Sh-Sh-Sh-Sh-Sh,11,2,False,False,True,False
2247,Sp-Sp-Sp-Sp-Sp-Sp-Sp-Sp-G-G-G-G-G-G-G-G-G-Sp-Sp-Sp-Sp-Sp-Sp,11,2,False,False,False,False
2248,F-Wt-Wt-Wt-Wt-Wt-Wt-Wt-Wt-Wt-Wt-Wt-Wt-Wt-Sh-Sh-Sh-Sh-Sh-Sh-Sh-Sh-Sh,11,2,False,False,False,False
2249,F-F-F-F-F-F-F-F-F-F-F-F-F-F-F-Sp-F-F-F-F-F-F-F,11,2,False,False,True,False
2250,F-F-F-F-Sh-Sh-Sh-Sh-Sh-Sh-Sh-Sh-Sh-Sh-Sh-Sh-Sh-Sh-Sh-G-G-G-G,11,2,False,False,False,False
2251,F-F-F-F-G-G-G-G-G-G-G-G-G-G-G-G-F-F-F-F-F-F-F,11,2,False,False,True,False
2252,A-A-A-A-A-A-A-A-A-Sh-Sh-Sh-Sh-Sh-Sh-Sh-F-F-F-F-F-F-F,11,2,False,False,True,False
2253,Sp-Sp-Sp-Sp-Sp-Sp-Sp-Sp-G-G-G-G-G-G-G-G-G-G-G-G-Sp-Sp-Sp,11,2,False,False,False,False
2254,Sh-Sh-Sh-Sh-Sh-Sh-Sh-Sh-Sh-Sh-Sh-F-F-F-F-F-F-F-F-Sh-Sh-Sh-Sh,11,2,False,False,False,False
2255,A-A-A-A-A-A-A-A-A-A-A-Sh-Sh-Sh-Sh-Sh-Sh-Sh-Sh-F-F-F-F,11,2,False,True,False,False
2256,A-A-A-A-A-A-Sh-Sh-Sh-Sh-Sh-Sh-Sh-Sh-Sh-Sh-Sh-Sh-F-F-F-F-F,11,2,False,False,False,False
2257,G-G-G-G-G-G-Sp-Sp-Sp-Sp-Sp-Sp-Sp-Sp-Sp-Sp-Sp-Sp-Sp-G-G-G-G,11,2,False,False,False,False
2258,A-A-A-A-Sh-Sh-Sh-Sh-Sh-Sh-Sh-Sh-Sh-Sh-Sh-Sh-Sh-Sh-A-A-A-A-A,11,2,False,False,False,False
2259,Wt-Wt-Wt-Wt-Wt-Wt-Wt-Wt-Wt-Wt-Wt-A-A-A-A-A-A-A-A-A-A-A-A,11,1,False,False,False,False
2260,Sh-Sh-Sh-Sh-Sh-Sh-Sh-Sh-F-F-F-F-F-F-F-F-F-Sh-Sh-Sh-Sh-Sh-Sh,11,2,False,False,False,False
2261,A-A-F-F-F-F-F-F-F-F-F-F-F-F-F-F-F-G-G-G-G-G-G,11,2,False,False,False,False
2262,B-B-B-B-B-B-B-B-B-B-B-B-Sp-Sp-Sp-Sp-G-G-G-G-G-G-G,11,2,False,False,True,False
2263,A-A-A-A-A-F-F-F-F-F-F-F-F-F-F-F-F-F-F-F-F-A-A,11,2,False,False,False,False
2264,A-A-A-A-A-F-F-F-F-F-F-F-F-F-F-F-F-F-F-F-F-Sh-Sh,11,2,False,False,False,False
2265,F-F-F-F-F-F-F-F-G-G-G-G-G-G-G-G-G-G-G-F-F-F-F,11,2,False,False,False,False
2266,Sp-Sp-Sp-Sp-Sp-Sp-Sp-Sp-Sp-Sp-Sp-Sp-Sp-Sp-B-B-B-B-B-B-B-B-Sp,11,2,False,False,False,False
2267,Sp-Sp-Sp-Sp-Sp-Sp-Sp-Sp-Sp-Sp-Sp-Sp-Sp-Sp-B-B-B-B-B-B-Sp-Sp-Sp,11,2,False,False,False,False
2268,F-F-F-F-F-F-F-F-Sh-Sh-Sh-Sh-Sh-Sh-Sh-Sh-A-A-A-A-A-A-A,11,2,False,True,True,False
2269,Sh-Sh-Sh-Sh-Sh-Sh-Sh-Sh-Sh-Sh-Sh-Sh-Sh-Sh-Sh-Sh-Sh-Sh-Sh-A-A-A-F,11,2,False,False,False,False
2270,Sh-Sh-F-F-F-F-F-F-F-F-F-F-F-A-A-A-A-A-A-A-A-A-A,11,2,False,False,False,False
2271,B-B-B-B-B-B-B-B-B-B-B-B-B-B-B-B-B-B-F-F-F-F-F,11,1,False,True,False,False
2272,B-B-B-B-B-B-B-B-B-B-B-B-B-B-B-B-B-Sh-Sh-Sh-Sh-Sh-Sh,11,1,False,False,False,False
2273,G-G-G-G-G-G-G-G-G-Wt-Wt-Wt-Wt-Wt-Wt-Wt-Wt-Wt-Wt-Wt-Wt-Wt-Wt,11,1,False,False,False,False
2274,Sh-Sh-Sh-Sh-A-A-A-A-A-A-F-F-F-F-F-F-F-F-F-F-F-F-F,11,2,False,False,False,False
2275,Sh-Sh-Wa-Wa-Wa-Wa-Wa-Wa-Sp-Sp-Sp-Sp-Sp-Sp-Sp-Sp-Sp-Sp-Sp-Sp-Sp-Sp-Sp,11,2,False,False,False,False
2276,F-F-F-F-F-F-F-F-Wt-Wt-Wt-Wt-Wt-Wt-Wt-Wt-Wt-Wt-Wt-Wa-Wa-Wa-Wa,11,2,False,True,False,False
2277,Wa-Wa-F-F-F-F-F-F-F-F-F-F-F-F-Wa-Wa-Wa-Wa-Wa-Wa-Wa-Wa-Wa,11,2,False,True,False,False
2278,A-A-A-A-A-A-A-A-Sh-Sh-Sh-Sh-Sh-Sh-Sh-Sh-Sh-Sh-Sh-Sh-Sh-F-F,11,2,False,False,False,False
2279,Wt-Wt-Wt-Wt-Wt-Wt-Wt-Wt-Wt-Wt-Wt-Wt-Wt-Wt-Wt-Wt-F-F-F-F-Wt-Wt-Wt,11,2,False,False,True,False
2280,A-A-A-F-F-F-F-F-F-F-F-F-F-F-Sh-Sh-Sh-Sh-Sh-Sh-Sh-Sh-Sh,11,2,False,False,False,False
2281,A-A-A-F-F-F-F-F-F-F-F-F-F-F-F-F-F-F-F-F-F-Sh-Sh,11,2,False,False,False,False
2282,Wt-Wt-Wt-Wt-Wt-Wt-Wt-Wt-Wt-Wt-Wt-Wt-Wt-Wt-Wt-Wt-Wt-Wt-Wt-Wt-Wt-Wt-Sp,11,1,False,False,False,False
2283,B-Sp-Sp-Sp-Sp-Sp-Sp-Sp-Sp-Sp-Sp-Sp-Sp-Sp-Sp-Sp-Sp-Sp-G-G-G-G-G,11,2,False,False,False,False
2284,Wa-Wa-Wa-Wa-Wa-Wa-Wa-Wa-Wa-Wa-Wa-Wa-Wa-Wa-Wa-Wa-Wa-Wa-Wa-Wa-Wa-Wa-Wt,11,1,False,False,False,False
2285,A-A-A-A-A-A-A-A-A-A-A-A-A-A-A-A-A-A-F-F-F-F-A,11,2,False,True,False,False
2286,Wa-Wa-Wa-Wa-Wa-Wa-Wa-Wa-Wa-Wa-Wa-Wa-Wa-Wa-Wa-Wa-Wa-Wa-Wa-Wa-Wa-Wt-Wt,10,1,False,False,False,False
2287,Wa-Wa-Wa-Wa-Wa-Wa-Wa-Wa-Wa-Wa-Wa-Wa-Wa-Wa-Wa-Wa-Wa-Wa-Wa-Wa-Wa-Wa-U,10,1,False,False,False,False
2288,G-G-G-G-G-G-G-G-G-G-G-G-Sp-Sp-Sp-Sp-Sp-Sp-Sp-B-B-B-B,10,2,False,False,False,False
2289,Sh-Sh-F-F-F-F-F-F-F-F-F-A-A-A-A-A-A-A-A-A-A-A-A,10,2,False,False,False,False
2290,F-Sh-Sh-Sh-Sh-Sh-Sh-Sh-Sh-Sh-Sh-Sh-Sh-Sh-Sh-Sh-Wt-Wt-Wt-Wt-Wt-Wt-Wt,10,2,False,False,True,False
2291,A-F-F-F-F-F-Wt-Wt-Wt-Wt-Wt-Wt-Wt-Wt-Wt-Wt-Wt-Wt-Wt-Wt-Wt-Wt-Wt,10,2,False,False,False,False
2292,A-A-A-A-A-A-A-A-A-A-A-A-Sh-Sh-Sh-Sh-Sh-Sh-F-F-F-F-F,10,2,False,False,False,False
2293,A-F-F-F-F-F-F-F-Wt-Wt-Wt-Wt-Wt-Wt-Wt-Wt-Wt-Wt-Wt-Wt-Wt-Wt-Wt,10,2,False,False,False,False
2294,F-Sh-Sh-Sh-Sh-Sh-Sh-Sh-Sh-Sh-Sh-Sh-Sh-Sh-Sh-Sh-Sh-Sh-Wt-Wt-Wt-Wt-Wt,10,2,False,False,False,False
2295,B-B-B-B-Sp-Sp-Sp-Sp-Sp-Sp-Sp-Sp-Sp-Sp-Sp-Sp-B-B-B-B-Sp-Sp-Sp,10,3,False,False,True,False
2296,A-A-A-Sh-Sh-Sh-Sh-Sh-Sh-Sh-Sh-F-F-F-F-F-F-F-F-F-F-F-F,10,2,False,False,False,False
2297,F-F-F-F-F-F-F-F-F-F-F-F-F-F-F-F-A-A-A-F-F-F-F,10,2,False,False,True,False
2298,Sh-Sh-Sh-Sh-Sh-Sh-Sh-A-A-A-A-A-A-A-F-F-F-F-F-F-F-F-F,10,2,False,False,False,False
2299,F-F-F-F-F-F-F-F-Sh-Sh-Sh-Sh-Sh-Sh-Sh-Sh-Sh-Sh-Sh-A-A-A-A,10,2,False,True,False,False
2300,B-Sp-Sp-Sp-Sp-Sp-Sp-Sp-Sp-Sp-Sp-Sp-Sp-Sp-Sp-Sp-B-B-B-B-B-B-B,10,2,False,True,True,False
2301,B-B-B-B-A-A-A-A-A-A-A-A-A-A-A-A-F-F-F-F-F-F-F,10,2,False,False,True,False
2302,A-A-A-A-A-A-A-A-Sh-Sh-Sh-Sh-Sh-Sh-Sh-Sh-Sh-Sh-A-A-A-A-A,10,2,False,False,False,False
2303,Wa-Wa-Wa-Wa-Wa-Wa-Wa-Wa-Wa-U-U-U-U-U-U-U-U-U-U-U-U-U-U,10,1,False,False,False,False
2304,A-A-A-A-A-A-A-A-Sh-Sh-Sh-Sh-Sh-Sh-Sh-Sh-Sh-Sh-Sh-G-G-G-G,10,2,False,False,False,False
2305,A-A-A-Sh-Sh-Sh-Sh-Sh-Sh-Sh-Sh-Sh-Sh-Sh-Sh-Sh-F-F-F-F-F-F-F,10,2,False,False,True,False
2306,B-B-B-B-B-Sp-Sp-Sp-Sp-Sp-Sp-Sp-Sp-Sp-Sp-Sp-B-B-B-Sp-Sp-Sp-Sp,10,3,False,False,True,False
2307,F-F-F-F-F-F-F-F-F-F-F-F-F-F-F-F-F-F-F-Wt-A-A-A,10,2,False,False,False,False
2308,A-A-A-A-Sh-Sh-Sh-Sh-Sh-Sh-Sh-Sh-Sh-Sh-F-F-F-F-F-F-F-F-F,10,2,False,False,False,False
2309,F-F-F-F-F-F-F-F-F-F-F-F-F-F-F-F-A-F-F-F-F-F-F,10,2,False,True,True,False
2310,A-A-A-A-A-F-F-F-F-F-F-F-F-F-F-F-F-F-F-F-F-F-Sh,10,2,False,False,False,False
2311,Wt-Wt-Wt-Wt-Wt-Wt-F-F-F-F-F-F-F-F-F-F-F-F-F-F-Wt-Wt-Wt,10,2,False,False,False,False
2312,Wt-Wt-Wt-Wt-Wt-Wt-A-A-A-A-A-A-A-A-A-A-F-F-F-F-F-F-F,10,2,False,True,True,False
2313,Sh-Sh-F-F-F-F-F-F-F-F-Sh-Sh-Sh-Sh-Sh-Sh-Sh-Sh-Sh-Sh-Sh-Sh-Sh,10,2,False,False,False,False
2314,Sh-Sh-Wt-Wt-Wt-Wt-Wt-Wt-Wt-Wt-F-F-F-F-F-F-F-F-F-F-F-F-F,10,2,False,False,False,False
2315,Wa-Wa-Wa-Wa-Sh-Sh-Sh-Sh-Sh-Sh-Sh-Sh-Sh-Sh-Sh-Sh-Sh-Sh-Sh-Sh-F-F-F,10,2,False,False,False,False
2316,Sp-Sp-Sp-Sp-Sp-Sp-Sp-Sp-Sp-Sp-Sp-B-B-B-B-B-B-B-B-B-Sp-Sp-Sp,10,2,False,True,False,False
2317,F-F-A-A-A-A-A-A-F-F-F-F-F-F-F-F-F-F-F-F-F-F-F,10,2,False,False,False,False
2318,F-F-F-A-A-A-A-A-A-A-A-A-F-F-F-F-F-F-F-F-F-F-F,10,2,False,False,False,False
2319,F-F-F-F-F-F-F-F-F-F-F-F-F-F-A-A-A-A-A-A-A-A-F,10,2,False,False,False,False
2320,Sh-Sh-Sh-Sh-Sh-Sh-Sh-Sh-Sh-Sh-Sh-Sh-Sh-Sp-Sp-Sp-Sp-Sp-Sp-Sp-Sp-Sp-Sp,10,1,False,False,False,False
2321,F-F-F-Wt-Wt-Wt-Wt-Wt-Wt-Wt-Wt-Wt-F-F-F-F-F-F-F-F-F-F-F,10,2,False,False,False,False
2322,A-A-F-F-F-F-F-F-F-F-F-F-F-F-F-F-F-F-F-F-F-Sh-Sh,10,2,False,False,False,False
2323,A-A-A-A-Sh-Sh-Sh-Sh-Sh-Sh-Sh-Sh-Sh-Sh-Sh-Sh-F-F-F-F-F-F-F,10,2,False,False,True,False
2324,Wt-Wt-Wt-Wt-Wt-Wt-Wt-F-F-F-F-F-F-F-F-F-Wa-Wa-Wa-Wa-Wa-Wa-Wa,10,2,False,False,True,False
2325,F-F-F-F-F-F-F-F-F-F-F-F-F-F-F-A-F-F-F-F-F-F-F,10,2,False,False,True,False
2326,Sp-Sp-G-G-G-G-G-G-G-G-G-G-G-G-G-G-G-G-G-G-Sp-Sp-Sp,10,2,False,False,False,False
2327,Wa-Wa-Wa-Wa-Wa-Wt-Wt-Wt-Wt-Wt-Wt-Wt-Wt-Wt-Wt-Wt-Wt-Wa-Wa-Wa-Wa-Wa-Wa,10,2,False,False,False,False
2328,B-B-B-B-B-B-U-U-U-U-U-U-U-U-U-U-U-U-U-U-U-U-U,10,1,False,False,False,False
2329,A-A-A-A-A-A-Sh-Sh-Sh-Sh-Sh-Sh-Sh-Sh-Sh-Sh-Sh-Sh-Sh-Sh-Sh-Sh-F,10,2,False,False,False,False
2330,A-A-A-A-A-A-F-F-F-F-F-F-F-F-F-F-F-G-G-G-G-G-G,10,2,False,False,False,False
2331,A-A-A-A-A-A-F-F-F-F-F-F-F-F-F-F-G-G-G-G-G-G-G,10,2,False,False,True,False
2332,Sp-Sp-B-B-B-B-B-B-B-B-B-B-B-B-B-B-B-G-G-G-G-G-G,10,2,False,False,False,False
2333,F-Wt-Wt-Wt-Wt-Wt-Wt-Wt-F-F-F-F-F-F-F-F-F-F-F-F-F-F-F,10,2,False,False,False,False
2334,B-B-B-B-B-B-B-B-B-B-B-B-B-B-Sp-Sp-Sp-G-G-G-G-G-G,10,2,False,False,False,False
2335,A-A-A-A-A-A-A-Sh-Sh-Sh-Sh-Sh-Sh-Sh-Sh-Sh-Sh-Sh-Sh-Sh-Sh-F-F,10,2,False,False,False,False
2336,F-F-F-F-F-F-F-F-F-F-F-F-F-F-F-F-F-F-A-F-F-F-F,10,2,False,True,False,False
2337,F-Wa-Wa-Wa-Wa-Wa-Wa-Wa-Wa-Wt-Wt-Wt-Wt-Wt-Wt-Wt-Wt-Wt-Wt-Wt-Wt-Wt-Wt,10,2,False,False,False,False
2338,G-G-G-G-G-Sp-Sp-Sp-Sp-Sp-Sp-Sp-Sp-Sp-Sp-Sp-Sp-Sp-G-G-G-G-G,10,2,False,False,False,False
2339,Sp-Sp-Sp-Sp-Sp-Sp-Sp-B-B-B-B-B-B-B-B-B-B-Sp-Sp-Sp-Sp-Sp-Sp,10,2,False,True,False,False
2340,B-B-B-B-B-B-B-B-G-G-G-G-G-G-G-G-Sp-Sp-Sp-Sp-Sp-Sp-Sp,10,2,False,False,True,False
2341,Sp-Sp-Sp-Sp-Sp-Sp-Sp-B-B-B-B-B-B-B-B-B-B-B-B-B-Sp-Sp-Sp,10,2,False,False,False,False
2342,Sh-Sh-Sh-Sh-Sh-Sh-Sh-Sh-Sh-Sh-F-F-F-F-F-F-A-A-A-A-A-A-A,10,2,False,False,True,False
2343,Sp-Sp-Sp-G-G-G-G-G-G-G-G-G-G-G-G-G-G-G-Sp-Sp-Sp-Sp-Sp,10,2,False,False,False,False
2344,Sp-Sp-Sp-Sp-Sp-A-A-A-A-A-A-A-A-A-A-A-A-A-A-A-A-A-A,10,1,False,False,False,False
2345,Wt-F-F-F-F-F-F-F-F-F-F-Sh-Sh-Sh-Sh-Sh-Sh-Sh-Sh-Sh-Sh-Sh-Sh,10,2,False,False,False,False
2346,Sh-A-A-A-A-A-A-A-A-A-A-A-A-A-A-A-A-Sh-Sh-Sh-Sh-Sh-Sh,10,2,False,False,False,False
2347,Wt-Wt-A-A-A-A-A-A-A-A-A-A-A-A-A-A-A-A-A-F-F-F-F,10,2,False,True,False,False
2348,F-F-Wt-Wt-Wt-Wt-Wt-Wt-Wt-Wt-Wt-Wt-Wt-Wt-Wt-Wt-Wt-Wt-Wt-Wt-F-F-F,10,2,False,True,False,False
2349,F-F-Wt-Wt-Wt-Wt-F-F-F-F-F-F-F-F-F-F-F-F-F-F-F-F-F,10,2,False,False,False,False
2350,B-B-B-B-B-B-B-B-B-B-Sp-Sp-Sp-Sp-Sp-Sp-Sp-Sp-Sp-G-G-G-G,10,2,False,False,False,False
2351,Wt-Wt-F-F-F-F-F-F-F-F-F-F-F-F-F-F-Sh-Sh-Sh-Sh-Sh-Sh-Sh,10,2,False,False,True,False
2352,Wt-Wt-F-F-F-F-F-F-F-F-F-F-F-F-F-F-F-F-Sh-Sh-Sh-Sh-Sh,10,2,False,False,False,False
2353,A-A-Sh-Sh-Sh-Sh-Sh-Sh-Sh-Sh-Sh-Sh-Sh-Sh-Sh-Sh-Sh-Sh-Sh-Sh-Sh-Sh-F,10,2,False,False,False,False
2354,A-A-A-G-G-G-G-G-G-G-G-G-G-G-G-G-G-G-G-G-G-G-F,10,2,False,False,False,False
2355,G-G-G-G-G-G-G-Sh-Sh-Sh-Sh-Sh-Sh-Sh-Sh-Sh-Sh-Sh-Sh-G-G-G-G,10,2,False,False,False,False
2356,Wa-Wa-Wa-Wa-Wa-Wa-Wa-Wa-Wa-Wa-Wa-Wa-Wa-Wa-Wa-Wa-Wa-Wa-A-A-A-A-A,10,1,False,False,False,False
2357,A-A-A-A-A-A-A-F-F-F-F-F-F-F-F-F-F-F-G-G-G-G-G,10,2,False,False,False,False
2358,G-G-G-G-G-G-G-F-F-F-F-F-F-F-F-F-F-F-F-A-A-A-A,10,2,False,False,False,False
2359,G-G-Wa-Wa-Wa-Wa-Wa-Wa-Wa-Wa-Wa-Wa-Wa-Wa-Wt-Wt-Wt-Wt-Wt-Wt-Wt-Wt-Wt,10,2,False,False,False,False
2360,A-A-A-A-A-A-A-Sh-Sh-Sh-Sh-Sh-Sh-Sh-Sh-Sh-Sh-A-A-A-A-A-A,10,2,False,False,False,False
2361,A-A-A-A-A-A-A-A-F-F-F-F-F-F-F-F-F-A-A-A-A-A-A,10,2,False,False,False,False
2362,F-F-F-F-F-G-G-G-G-G-G-G-G-G-G-G-G-G-G-G-G-G-F,10,2,False,True,False,False
2363,A-A-A-A-A-A-A-A-A-F-F-F-F-F-F-F-F-F-F-F-F-Sh-Sh,10,2,False,False,False,False
2364,Sh-A-A-A-A-A-A-A-Wa-Wa-Wa-Wa-Wa-Wa-Wa-Wa-Wa-Wa-Wa-Wa-Wa-Wa-Wa,10,2,False,False,False,False
2365,A-A-A-A-A-Sh-Sh-Sh-Sh-Sh-Sh-Sh-Sh-Sh-Sh-Sh-A-A-A-A-A-A-A,10,2,False,False,True,False
2366,G-G-G-Wa-Wa-Wa-Wa-Wa-Wa-Wa-Wa-Sp-Sp-Sp-Sp-Sp-Sp-Sp-Sp-Sp-Sp-Sp-Sp,10,2,False,False,False,False
2367,Wa-Wa-Wa-Wt-Wt-Wt-Wt-Wt-Wt-Wt-Wt-Wt-Wt-Wt-Wt-Wt-Wt-Wa-Wa-Wa-Wa-Wa-Wa,10,2,False,False,False,False
2368,Sh-Sh-Sh-Sh-Sh-Sh-Sh-Sh-Sh-Sh-F-F-F-F-F-F-F-F-A-A-A-A-A,10,2,False,False,False,False
2369,Wt-Wt-F-F-F-F-F-F-F-F-F-F-F-F-F-F-F-F-F-F-F-A-A,10,2,False,False,False,False
2370,A-A-A-A-A-A-A-A-A-A-A-A-A-A-A-A-Sh-Sh-Sh-Sh-Sh-F-F,10,2,False,False,True,False
2371,F-F-A-A-A-A-A-A-A-A-A-A-A-A-A-A-A-A-A-A-A-F-F,10,2,False,False,False,False
2372,F-F-F-Sh-Sh-Sh-Sh-Sh-Sh-G-G-G-G-G-G-G-G-G-G-G-G-G-G,10,2,False,True,False,False
2373,Sh-Sh-Sh-Sh-A-A-A-A-A-A-A-A-A-A-A-A-A-A-A-A-A-A-F,10,2,False,True,False,False
2374,B-B-B-B-B-B-B-B-B-B-B-B-G-G-G-G-G-G-B-B-B-B-B,10,2,False,False,False,False
2375,Sp-Sp-G-G-G-G-G-G-G-G-G-G-G-G-G-G-G-G-G-Sp-Sp-Sp-Sp,10,2,False,False,False,False
2376,F-F-F-F-G-G-G-G-G-G-G-G-G-G-G-G-G-F-F-F-F-F-F,10,2,False,True,False,False
2377,Sp-Sp-Sp-Sp-Sp-Sp-Sp-Sp-Sp-Sp-B-B-B-B-B-B-B-Sp-Sp-Sp-Sp-Sp-Sp,10,2,False,False,False,False
2378,Sh-Sh-Sh-Sh-F-F-F-F-F-F-F-F-F-F-F-F-F-F-F-G-G-G-G,10,2,False,False,False,False
2379,Wa-Wa-Wa-Wa-Wa-Wa-Wa-Wa-Wa-Wa-Wa-Wa-Wa-U-U-U-U-U-U-U-U-U-U,10,1,False,True,False,False
2380,Sh-Sh-F-F-F-F-F-F-F-F-F-F-F-F-F-F-F-Sh-Sh-Sh-Sh-Sh-Sh,10,2,False,False,False,False
2381,B-B-B-B-B-B-B-U-U-U-U-U-U-U-U-U-U-U-U-U-U-U-U,10,1,False,False,False,False
2382,B-B-B-B-B-B-B-Sp-Sp-Sp-Sp-Sp-Sp-Sp-Sp-Sp-Sp-Sp-Sp-G-G-G-G,10,2,False,True,False,False
2383,B-B-B-B-B-B-B-Sp-Sp-Sp-Sp-Sp-Sp-Sp-Sp-Sp-Sp-Sp-Sp-B-B-B-B,10,2,False,False,False,False
2384,Wt-Wt-Wt-Wt-Wt-F-F-F-F-F-F-F-F-F-F-F-F-F-F-F-Sh-Sh-Sh,10,2,False,False,False,False
2385,Sh-Sh-Sh-Sh-Sh-Sh-Sh-Sh-Sh-Sh-Sh-A-A-A-A-A-A-A-A-A-F-F-F,10,2,False,False,False,False
2386,Sh-Sh-Sh-Sh-Sh-Sh-Sh-Sh-Sh-Sh-Sh-A-A-A-A-A-F-F-F-F-F-F-F,10,2,False,True,True,False
2387,Sp-Sp-Wa-Wa-Wa-Wa-Wa-Wa-Wa-Wa-Wa-Wa-Wa-Wa-Wa-Wa-Sp-Sp-Sp-Sp-Sp-Sp-Sp,9,2,False,False,True,False
2388,Sh-Sh-Sh-Sh-Sh-Sh-Sh-A-A-A-A-A-A-A-A-A-A-A-A-A-F-F-F,9,2,False,False,False,False
2389,Wa-Wa-Wa-Wa-Wa-Wa-Wa-Wa-Wa-Wa-Wa-U-U-U-U-U-U-U-U-U-U-U-U,9,1,False,True,False,False
2390,Wt-Wt-Wt-Wt-Wt-Wt-Wt-Wt-Wt-Wt-Wt-Wt-Wt-Sh-Sh-Sh-Sh-Sh-Sh-Sh-Sh-Sh-Sh,9,1,False,False,False,False
2391,Wa-Wa-G-G-G-G-G-G-G-G-G-G-G-G-G-G-Wa-Wa-Wa-Wa-Wa-Wa-Wa,9,2,False,False,True,False
2392,Wa-Wa-Wa-Wa-Wa-Sh-Sh-Sh-Sh-Sh-Sh-Sh-Sh-Sh-Sh-Sh-Sh-Sh-Sh-F-F-F-F,9,2,False,False,False,False
2393,Sp-B-B-B-B-B-B-B-B-B-B-B-B-B-B-B-B-B-G-G-G-G-G,9,2,False,False,False,False
2394,A-A-A-A-A-A-A-A-Sh-Sh-Sh-Sh-Sh-Sh-Sh-Sh-Sh-Sh-F-F-F-F-F,9,2,False,False,False,False
2395,B-B-B-B-Sh-Sh-Sh-Sh-Sh-Sh-Sh-Sh-Sh-Sh-Sh-Sh-Sh-Sh-Sh-Sh-Sh-Sh-Sh,9,1,False,False,False,False
2396,B-B-B-B-B-B-Sp-Sp-Sp-Sp-Sp-Sp-Sp-Sp-Sp-Sp-Sp-Sp-G-G-G-G-G,9,2,False,False,False,False
2397,F-F-F-F-F-F-F-F-Wt-Wt-Wt-Wt-Wt-Wt-Wt-Wt-Wt-F-F-F-F-F-F,9,2,False,True,False,False
2398,A-A-A-G-G-G-G-G-G-G-F-F-F-F-F-F-F-F-F-F-F-F-F,9,2,False,False,False,False
2399,B-B-Sh-Sh-Sh-Sh-Sh-Sh-Sh-Sh-Sh-Sh-Sh-Sh-Sh-Sh-Sh-Sh-Sh-Sh-Sh-Sh-Sh,9,1,False,False,False,False
2400,B-B-A-A-A-A-A-A-A-A-A-A-A-A-A-A-A-A-A-A-A-A-A,9,1,False,False,False,False
2401,F-F-F-F-F-F-F-F-F-F-F-F-F-F-F-F-F-F-F-Sh-Wt-Wt-Wt,9,2,False,False,False,False
2402,Sh-Sh-G-G-G-G-F-F-F-F-F-F-F-F-F-F-F-F-F-F-F-F-F,9,2,False,False,False,False
2403,F-F-F-Wt-Wt-Wt-Wt-Wt-Wt-Wt-Wa-Wa-Wa-Wa-Wa-Wa-Wa-Wa-Wa-Wa-Wa-Wa-Wa,9,2,False,False,False,False
2404,Sh-G-G-G-G-A-A-A-A-A-A-A-A-A-A-A-A-A-A-A-A-A-A,9,2,False,False,False,False
2405,Sp-Sp-Sp-Sp-Sp-Sp-Sp-Sp-Sp-Sp-Sp-B-B-B-B-B-G-G-G-G-G-G-G,9,2,False,False,True,False
2406,A-A-A-A-A-A-A-A-A-A-A-A-A-A-A-A-A-Sh-Sh-Sh-Sh-F-F,9,2,False,False,False,False
2407,A-A-F-F-F-F-F-F-F-F-F-F-F-F-F-F-F-Sh-Sh-Sh-Sh-Sh-Sh,9,2,False,False,False,False
2408,F-Wt-Wt-Wt-Wt-Wt-Wt-Wt-Wt-Wt-Wa-Wa-Wa-Wa-Wa-Wa-Wa-Wa-Wa-Wa-Wa-Wa-Wa,9,2,False,False,False,False
2409,F-G-G-G-G-G-G-G-G-G-G-G-G-G-G-G-G-G-G-G-G-G-F,9,2,False,False,False,False
2410,A-A-F-F-F-F-F-F-F-Sh-Sh-Sh-Sh-Sh-Sh-Sh-Sh-Sh-Sh-Sh-Sh-Sh-Sh,9,2,False,False,False,False
2411,Wt-Wt-Wt-Wt-Wt-Wt-Sh-Sh-Sh-Sh-Sh-Sh-Sh-Sh-Sh-Sh-Sh-Sh-Wt-Wt-Wt-Wt-Wt,9,2,False,False,False,False
2412,F-G-G-G-G-G-G-G-G-G-G-G-G-G-G-G-F-F-F-F-F-F-F,9,2,False,True,True,False
2413,Sh-Sh-Sh-Sh-Sh-Sh-F-F-F-F-F-F-F-F-F-F-F-F-F-F-A-A-A,9,2,False,False,False,False
2414,Sp-G-G-G-G-G-G-G-G-G-G-G-Sp-Sp-Sp-Sp-Sp-Sp-Sp-Sp-Sp-Sp-Sp,9,2,False,False,False,False
2415,Sh-Sh-Sh-Sh-Sh-Sh-Sh-Sh-F-F-F-F-F-F-F-F-A-A-A-A-A-A-A,9,2,False,False,True,False
2416,Sp-Sp-Sp-Sp-Sp-Sp-Sp-Sp-Sp-Sp-Sp-Sp-Sp-B-B-B-Sp-Sp-Sp-Sp-Sp-Sp-Sp,9,2,False,False,True,False
2417,A-A-F-F-F-F-F-F-F-F-F-F-A-A-A-A-A-A-A-A-A-A-A,9,2,False,False,False,False
2418,F-F-F-Wt-Wt-Wt-Wt-Wt-F-F-F-F-F-F-F-F-F-F-F-F-F-F-F,9,2,False,False,False,False
2419,Wa-Wa-Wa-Wa-Sh-Sh-Sh-Sh-Sh-Sh-Sh-Sh-Sh-Sh-Sh-Sh-Sh-Sh-Wt-Wt-Wt-Wt-Wt,9,2,False,True,False,False
2420,F-F-F-F-F-F-F-F-F-F-F-F-F-F-F-F-F-F-F-A-A-A-F,9,2,False,False,False,False
2421,Sh-Sh-Sh-Sh-Sh-Sh-Sh-Sh-Sh-Sh-Sh-Sh-Sh-Sh-A-A-A-A-A-A-F-F-F,9,2,False,False,False,False
2422,F-F-F-F-F-F-F-F-F-F-F-F-F-F-F-F-F-F-F-F-A-A-F,9,2,False,False,False,False
2423,G-G-G-G-G-G-G-G-G-G-G-G-G-G-G-G-G-G-Sp-Sp-G-G-G,9,2,False,True,False,False
2424,A-A-F-F-F-F-F-A-A-A-A-A-A-A-A-A-A-A-A-A-A-A-A,9,2,False,False,False,False
2425,Wa-Wa-Wa-Wa-Wa-Wa-Wa-Wa-Wa-Wa-Sh-Sh-Sh-Sh-Sh-Sh-Sh-Sh-Sh-Sh-F-F-F,9,2,False,False,False,False
2426,F-Sh-Sh-Sh-Sh-Sp-Sp-Sp-Sp-Sp-Sp-Sp-Sp-Sp-Sp-Sp-Sp-Sp-Sp-Sp-Sp-Sp-Sp,9,2,False,False,False,False
2427,Wt-Wt-Wt-Wt-Wt-Wt-Wt-Wt-Wt-Wt-F-F-F-F-F-F-F-F-F-F-F-Wt-Wt,9,2,False,False,False,False
2428,Wt-Wt-Wt-Wt-Wt-Wt-Wt-Wt-F-F-F-F-F-F-F-F-Sh-Sh-Sh-Sh-Sh-Sh-Sh,9,2,False,False,True,False
2429,Sp-Sp-Wa-Wa-Wa-Wa-Wa-Wa-Wa-Wa-Wa-Wa-Wa-Wa-Wa-Wa-F-F-F-F-F-F-F,9,2,False,False,True,False
2430,A-A-F-F-F-F-F-F-F-F-F-A-A-A-A-A-A-A-A-A-A-A-A,9,2,False,False,False,False
2431,A-A-A-A-Sh-Sh-Sh-Sh-Sh-Sh-Sh-Sh-Sh-Sh-Sh-Sh-Sh-Sh-Sh-F-F-F-F,9,2,False,False,False,False
2432,F-F-F-F-Sh-Sh-Sh-Sh-Sh-Sh-Sh-Sh-Sh-Sh-Sh-Sh-Sh-Sh-Sh-Sh-Sh-Sh-A,9,2,False,False,False,False
2433,A-A-A-A-A-A-F-F-F-F-F-F-F-F-F-F-F-F-F-F-F-F-Sh,9,2,False,False,False,False
2434,A-A-A-A-A-A-A-A-A-A-A-Sh-Sh-Sh-Sh-Sh-Sh-Sh-Sh-Sh-Sh-F-F,9,2,False,False,False,False
2435,Sh-Sh-Sh-Sh-Sh-Sh-Sh-Sh-Sh-Sh-Sh-Sh-Sh-Sh-Sh-Sh-Sh-F-F-Sh-Sh-Sh-Sh,9,2,False,False,False,False
2436,A-A-A-Sh-Sh-Sh-Sh-Sh-Sh-Sh-Sh-A-A-A-A-A-A-A-A-A-A-A-A,9,2,False,False,False,False
2437,B-B-B-B-Sp-Sp-Sp-Sp-Sp-Sp-Sp-Sp-Sp-Sp-Sp-Sp-G-G-G-G-G-G-G,9,2,False,False,True,False
2438,Wa-Wa-Sp-Sp-Sp-Sp-Sp-Sp-Sp-Sp-Sp-Sp-Sp-Sp-Sp-Sp-Sp-Sp-Wa-Wa-Wa-Wa-Wa,9,2,False,False,False,False
2439,A-F-F-F-F-F-F-F-F-F-F-F-G-G-G-G-G-G-G-G-G-G-G,9,2,False,False,False,False
2440,A-F-F-F-F-F-F-F-F-Wt-Wt-Wt-Wt-Wt-Wt-Wt-Wt-Wt-Wt-Wt-Wt-Wt-Wt,9,2,False,False,False,False
2441,A-A-A-A-A-A-A-F-F-F-F-F-F-F-F-F-G-G-G-G-G-G-G,9,2,False,False,True,False
2442,A-A-A-A-A-A-A-F-F-F-F-F-F-F-F-F-F-G-G-G-G-G-G,9,2,False,False,False,False
2443,G-G-G-G-G-G-G-G-G-G-G-G-Sp-Sp-Sp-Sp-Sp-Sp-Sp-G-G-G-G,9,2,False,False,False,False
2444,A-F-F-F-F-F-F-F-F-F-F-Wt-Wt-Wt-Wt-Wt-Wt-Wt-Wt-Wt-Wt-Wt-Wt,9,2,False,False,False,False
2445,Sh-Sh-Sh-Sh-A-A-A-A-A-A-A-A-A-A-A-A-A-F-F-F-F-F-F,9,2,False,True,False,False
2446,G-G-G-G-G-G-G-G-G-Sh-Sh-Sh-Sh-Sh-Sh-Sh-Sh-Sh-Sh-G-G-G-G,9,2,False,False,False,False
2447,Sp-Sp-Sp-Sp-Sp-Sp-Sp-Sp-Sp-Sp-Sp-Sp-Sp-B-B-B-B-B-B-U-U-U-U,9,2,False,True,False,False
2448,Sh-Sh-F-F-F-F-A-A-A-A-A-A-A-A-A-A-A-A-A-A-A-A-A,9,2,False,False,False,False
2449,Sh-Sh-Sh-Sh-Sh-Sh-Sh-Sh-Sh-Sh-Sh-Sh-Sh-Sh-Sh-Sh-Sh-Sh-Sh-Sh-Sh-Sp-Sp,9,1,False,False,False,False
2450,A-A-A-A-A-A-A-A-A-A-A-G-G-G-G-G-G-G-G-G-G-G-F,9,2,False,False,False,False
2451,A-A-A-A-A-A-A-A-A-A-A-F-F-F-F-F-F-F-Sh-Sh-Sh-Sh-Sh,9,2,False,True,False,False
2452,A-A-A-A-A-A-A-A-A-A-A-F-F-F-F-F-F-F-F-F-F-F-Sh,9,2,False,False,False,False
2453,Sp-Sp-G-G-G-G-G-G-G-Sp-Sp-Sp-Sp-Sp-Sp-Sp-Sp-Sp-Sp-Sp-Sp-Sp-Sp,9,2,False,False,False,False
2454,F-F-F-F-F-F-F-Sh-Sh-Sh-Sh-Sh-Sh-Sh-Sh-Sh-Sh-A-A-A-A-A-A,9,2,False,True,False,False
2455,Wt-Wt-Wt-Wt-F-F-F-F-F-F-F-F-F-F-F-F-F-F-F-F-F-F-Wt,9,2,False,False,False,False
2456,Wt-Wt-Wt-Wt-F-F-F-F-F-F-F-F-F-F-F-F-F-F-F-F-A-A-A,9,2,False,False,False,False
2457,Sh-Sh-A-A-A-A-A-A-Wa-Wa-Wa-Wa-Wa-Wa-Wa-Wa-Wa-Wa-Wa-Wa-Wa-Wa-Wa,9,2,False,False,False,False
2458,Wt-Wt-Wt-Wt-F-F-F-F-F-F-F-F-F-F-F-F-F-F-F-F-F-Wt-Wt,9,2,False,False,False,False
2459,Wt-Wt-Wt-F-F-F-F-F-F-F-F-F-F-F-F-F-Sh-Sh-Sh-Sh-Sh-Sh-Sh,9,2,False,False,True,False
2460,Wt-Wt-Wt-F-F-F-F-F-Sh-Sh-Sh-Sh-Sh-Sh-Sh-Sh-Sh-Sh-Sh-Sh-Sh-Sh-Sh,9,2,False,False,False,False
2461,B-B-B-B-B-B-B-F-F-F-F-F-F-F-F-F-F-F-F-F-F-F-F,9,1,False,False,False,False
2462,A-A-A-A-A-A-A-A-A-A-Sh-Sh-Sh-Sh-Sh-Sh-Sh-Sh-Sh-Sh-Sh-F-F,9,2,False,True,False,False
2463,Wt-Wt-Wt-Wt-Wt-A-A-A-A-A-A-A-A-A-A-A-A-A-A-F-F-F-F,9,2,False,True,False,False
2464,Wt-Wt-Wt-Wt-Wt-Wt-A-A-A-A-A-A-A-A-A-A-A-A-A-A-A-F-F,9,2,False,True,False,False
2465,Wt-Wt-A-A-A-A-A-A-A-A-A-A-A-A-A-A-Wt-Wt-Wt-Wt-Wt-Wt-Wt,9,2,False,False,True,False
2466,Sp-Sp-Sp-Sp-Sp-B-B-B-B-B-B-B-B-B-B-B-B-Sp-Sp-Sp-Sp-Sp-Sp,9,2,False,False,False,False
2467,F-F-Wt-Wt-Wt-Wt-F-F-F-F-F-F-F-F-F-F-F-F-F-F-F-Wt-Wt,9,3,False,False,False,False
2468,G-G-G-G-Wa-Wa-Wa-Wa-Wa-Wa-Wa-Wa-Wa-Wa-Wa-Wa-Wa-Wa-Wa-Wa-Wt-Wt-Wt,9,2,False,False,False,False
2469,Sh-F-F-F-F-F-F-F-F-F-F-F-F-F-F-F-F-F-F-Wt-Wt-Wt-Wt,9,2,False,False,False,False
2470,Sh-F-F-F-F-F-F-F-F-F-F-F-F-F-F-F-F-F-F-F-F-G-G,9,2,False,False,False,False
2471,F-F-Wt-Wt-Wt-Wt-Wt-Wt-F-F-F-F-F-F-F-F-F-F-F-F-F-F-F,9,2,False,False,False,False
2472,F-F-Wt-Wt-Wt-Wt-Wt-Wt-Wt-Wt-Wt-Wt-Wt-Wt-Wt-Wt-Wt-F-F-F-F-F-F,9,2,False,False,False,False
2473,Wt-Wt-F-F-F-F-F-F-F-F-Wt-Wt-Wt-Wt-Wt-Wt-Wt-Wt-Wt-Wt-Wt-Wt-Wt,9,2,False,False,False,False
2474,Wt-Wt-F-F-F-F-F-F-F-Wt-Wt-Wt-Wt-Wt-Wt-Wt-Wt-Wt-Wt-Wt-Wt-Wt-Wt,9,2,False,False,False,False
2475,Wt-Wt-F-F-F-F-F-F-F-F-F-Sh-Sh-Sh-Sh-Sh-Sh-Sh-Sh-Sh-Sh-Sh-Sh,9,2,False,False,False,False
2476,B-B-B-B-B-B-B-B-B-B-B-Sp-Sp-Sp-Sp-Sp-Sp-Sp-Sp-Sh-Sh-Sh-Sh,9,2,False,False,False,False
2477,A-A-A-A-A-A-A-A-Sh-Sh-Sh-Sh-Sh-Sh-Sh-Sh-A-A-A-A-A-A-A,9,2,False,False,True,False
2478,F-F-B-B-B-B-B-B-B-B-B-B-B-B-B-B-B-B-G-G-G-G-G,9,2,False,False,False,False
2479,A-A-A-A-F-F-F-F-F-F-F-F-F-F-F-F-F-F-F-F-G-G-G,9,2,False,False,False,False
2480,Wa-Wa-Wa-Wa-Wa-Wa-Wa-Wa-U-U-U-U-U-U-U-U-U-U-U-U-U-U-U,9,1,False,True,False,False
2481,Wt-Wt-Sh-Sh-A-A-A-A-A-A-A-A-A-A-A-A-A-A-A-A-A-A-A,9,2,False,False,False,False
2482,Wt-Wt-Wt-Sh-Sh-Sh-Sh-Sh-Sh-Sh-Sh-Sh-Sh-Sh-Sh-Sh-Sh-Sh-Sh-Sh-Sh-F-F,9,2,False,False,False,False
2483,A-Sh-Sh-Sh-Sh-Sh-Sh-Sh-Sh-Sh-Sh-Sh-Sh-Sh-Sh-Sh-A-A-A-A-A-A-A,9,2,False,False,True,False
2484,Sp-Sp-Sp-Sp-Sp-Sp-Sp-Sp-Sp-Sp-Sp-Sp-Sp-Sp-G-G-Sp-Sp-Sp-Sp-Sp-Sp-Sp,9,2,False,False,True,False
2485,Wt-Wt-Wt-F-F-F-F-F-F-F-F-F-F-F-F-F-F-F-F-F-Wt-Wt-Wt,9,2,False,False,False,False
2486,Sh-Sh-Sh-Sh-F-F-F-F-F-F-F-F-F-F-F-F-F-F-F-Wt-Wt-Wt-Wt,9,2,False,False,False,False
2487,Wt-Wt-Wt-Wt-Sh-Sh-Sh-Sh-Sh-Sh-Sh-Sh-Sh-Sh-Sh-Sh-Sh-Sh-Sh-Sh-F-F-F,9,2,False,False,False,False
2488,A-F-F-F-F-F-F-F-F-F-F-F-F-F-F-F-F-F-F-F-A-A-A,9,2,False,False,False,False
2489,Sp-Sp-Sp-B-B-B-B-B-B-B-B-B-B-B-B-B-B-B-G-G-G-G-G,9,2,False,True,False,False
2490,Sh-Sh-Sh-Sh-Sh-Sh-A-A-A-A-F-F-F-F-F-F-F-F-F-F-F-F-F,9,2,False,False,False,False
2491,F-F-F-F-F-F-F-F-F-F-F-A-A-A-A-A-A-A-A-F-F-F-F,9,2,False,False,False,False
2492,F-F-F-F-F-F-F-F-F-F-Sh-Sh-Sh-Sh-Sh-Sh-Sh-F-F-F-F-F-F,9,2,False,True,False,False
2493,G-G-G-G-F-F-F-F-F-F-F-F-F-F-F-F-F-F-F-F-Sh-Sh-Sh,9,2,False,False,False,False
2494,Wa-Wa-Wa-Wa-Wa-Wa-Wa-Wa-Wa-Wa-Wa-Wa-U-U-U-U-U-U-U-U-U-U-U,9,1,False,True,False,False
2495,Sp-Sp-Sp-Sp-Sp-Sp-Sp-B-B-B-B-B-B-B-B-B-Sp-Sp-Sp-Sp-Sp-Sp-Sp,9,2,False,False,True,False
2496,G-G-G-G-G-F-F-F-F-F-F-F-F-F-F-F-F-A-A-A-A-A-A,9,2,False,False,False,False
2497,G-B-B-B-B-B-B-B-B-B-B-B-B-B-B-B-Sp-Sp-Sp-Sp-Sp-Sp-Sp,9,2,False,False,True,False
2498,Sh-A-A-A-A-A-F-F-F-F-F-F-F-F-F-F-F-F-F-F-F-F-F,9,2,False,False,False,False
2499,Sp-Sp-Sp-Sp-Sp-Sp-B-B-B-B-B-B-B-B-B-B-B-B-B-B-Sp-Sp-Sp,9,2,False,False,False,False
2500,Sh-A-A-A-A-A-A-A-A-A-A-A-G-G-G-G-G-G-G-G-G-G-G,9,2,False,False,False,False
2501,B-B-B-B-B-B-B-B-B-B-Sp-Sp-Sp-Sp-Sp-Sp-Sp-B-B-Sp-Sp-Sp-Sp,9,3,False,False,False,False
2502,F-F-F-F-F-F-F-F-F-F-F-F-F-F-F-F-Wa-Wa-Wa-Wa-Wa-F-F,9,2,False,False,True,False
2503,B-B-B-B-B-B-B-B-B-B-B-F-F-F-F-F-F-F-F-F-F-F-F,9,1,False,False,False,False
2504,G-G-Sp-Sp-Sp-Sp-Sp-Sp-Sp-Sp-Sp-Sp-Sp-Sp-Sp-Sp-Sp-Sp-Sp-G-G-G-G,9,2,False,True,False,False
2505,Wt-F-F-F-F-F-F-F-F-F-F-F-F-F-F-F-F-F-F-F-F-F-A,9,2,False,False,False,False
2506,B-B-Wa-Wa-Wa-Wa-Wa-Wa-B-B-B-B-B-B-B-B-B-B-B-B-B-B-B,9,2,False,False,False,False
2507,Sh-A-F-F-F-F-F-F-F-F-F-F-F-F-F-F-F-F-F-F-F-F-F,9,2,False,False,False,False
2508,A-A-A-A-A-Sh-Sh-Sh-Sh-Sh-Sh-Sh-Sh-Sh-Sh-Sh-Sh-Sh-G-G-G-G-G,9,2,False,False,False,False
2509,B-B-B-B-B-B-B-B-B-Sp-Sp-Sp-Sp-Sp-Sp-Sp-Sp-Sp-Sp-G-G-G-G,9,2,False,True,False,False
2510,B-B-B-Wa-Wa-Wa-Wa-Wa-Wa-Wa-Wa-Wa-Wa-Sp-Sp-Sp-Sp-Sp-Sp-Sp-Sp-Sp-Sp,9,2,False,False,False,False
2511,F-F-F-F-F-F-F-F-F-Wt-Wt-Wt-Wt-Wt-Wt-Wt-F-F-F-F-F-F-F,9,2,False,False,True,False
2512,G-G-Wa-Wa-Wa-Wa-Wa-Wa-Wa-Wa-Wa-Wa-Wa-Sp-Sp-Sp-Sp-Sp-Sp-Sp-Sp-Sp-Sp,9,2,False,False,False,False
2513,F-F-F-G-G-G-G-G-G-G-G-G-F-F-F-F-F-F-F-F-F-F-F,9,2,False,False,False,False
2514,Sh-Sh-Sh-A-A-A-A-A-A-A-A-A-A-A-A-A-A-Sh-Sh-Sh-Sh-Sh-Sh,9,2,False,False,False,False
2515,A-A-A-A-A-A-A-A-A-A-F-F-F-F-F-F-F-F-F-F-F-F-Sh,9,2,False,False,False,False
2516,Sh-Sh-Sh-Sh-Sh-Sh-Sh-Sh-Sh-Sh-Sh-Sh-Sh-Sh-Sh-Sh-A-A-A-A-A-F-F,9,2,False,True,True,False
2517,F-F-F-F-Sh-Sh-Sh-Sh-Sh-Sh-Sh-Sh-Sh-Sh-Sh-Sh-F-F-F-F-F-A-A,9,3,False,True,True,False
2518,Sh-Sh-Sh-Sh-A-A-A-A-A-A-A-A-A-A-A-A-A-A-F-F-F-F-F,9,2,False,False,False,False
2519,A-A-A-A-A-A-A-A-A-A-A-A-A-A-A-A-A-A-Sh-F-F-F-F,9,2,False,False,False,False
2520,Sh-Sh-Sh-A-A-A-A-A-A-A-A-Sh-Sh-Sh-Sh-Sh-Sh-Sh-Sh-Sh-Sh-Sh-Sh,9,2,False,False,False,False
2521,Wt-Wt-Wt-Wt-Wt-Wt-Wt-Wt-Wt-Wt-Wt-Wt-Wt-Wt-Wt-Wt-Wt-Wt-Wt-Wt-Wt-Wt-Wa,9,1,False,False,False,False
2522,Sp-B-B-B-B-B-B-B-B-B-B-B-B-B-B-B-B-B-B-G-G-G-G,9,2,False,False,False,False
2523,Wt-Wt-Wt-Wt-Wt-Wt-Wt-Wt-Wt-Wt-Wt-Wt-Wt-Wt-Wt-Wt-Wt-Wt-Wt-Wt-Wt-Sp-Sp,9,1,False,False,False,False
2524,G-G-G-G-G-G-G-G-G-G-G-G-G-G-G-G-Sp-Sp-Sp-G-G-G-G,9,2,False,True,True,False
2525,G-G-G-G-G-G-G-Sh-Sh-Sh-Sh-Sh-Sh-Sh-Sh-Sh-Sh-Sh-Sh-A-A-A-A,9,2,False,False,False,False
2526,G-G-G-G-G-G-G-G-Sp-Sp-Sp-Sp-Sp-Sp-Sp-Sp-Sp-G-G-G-G-G-G,9,2,False,False,False,False
2527,G-G-G-G-G-G-G-G-U-U-U-U-U-U-U-U-U-U-U-U-U-U-U,9,1,False,True,False,False
2528,Wa-Wa-Wa-Sp-Sp-Sp-Sp-Sp-Sp-Sp-Sp-Sp-Sp-Sp-Sp-Sp-Wa-Wa-Wa-Wa-Wa-Wa-Wa,9,2,False,False,True,False
2529,F-F-F-F-F-F-F-F-F-F-F-F-Wt-Wt-Wt-Wt-Wt-Wt-Wt-F-F-F-F,8,2,False,False,False,False
2530,Wa-Wa-Sh-Sh-Sh-Sh-Sh-Sh-Sh-Sh-Sh-Sh-Sh-Sh-Sh-Sh-Sh-Sh-Sh-Sh-A-A-A,8,2,False,False,False,False
2531,Wa-Wa-Sh-Sh-Sh-Sh-Sh-Sh-Sh-Sh-Sh-Sh-Sh-Sh-Sh-Sh-Sh-Wt-Wt-Wt-Wt-Wt-Wt,8,2,False,False,False,False
2532,G-G-G-G-G-G-G-G-Sp-Sp-Sp-Sp-Sp-Sp-Sp-Sp-Sp-Sp-Sp-Wa-Wa-Wa-Wa,8,2,False,False,False,False
2533,A-A-A-G-G-G-G-G-Sh-Sh-Sh-Sh-Sh-Sh-Sh-Sh-Sh-Sh-Sh-Sh-Sh-Sh-Sh,8,2,False,False,False,False
2534,G-G-G-G-G-G-G-G-G-G-U-U-U-U-U-U-U-U-U-U-U-U-U,8,1,False,False,False,False
2535,G-G-G-G-G-G-G-G-G-G-G-Sp-Sp-Sp-Sp-Sp-Sp-Sp-F-F-F-F-F,8,2,False,False,False,False
2536,B-B-B-B-B-B-Wa-Wa-Wa-Wa-Wa-Wa-Wa-Wa-Wa-Wa-Wa-Wa-Wa-Wa-Wa-Wa-Wa,8,1,False,False,False,False
2537,Sh-Sh-Sh-A-A-A-A-A-A-A-A-A-A-A-A-A-A-A-A-Sh-Sh-Sh-Sh,8,2,False,False,False,False
2538,F-F-F-Wt-Wt-Wt-Wt-Wt-Wt-Wt-Wt-Wt-Wt-Wt-Wt-Wt-Wt-F-F-F-F-F-F,8,2,False,True,False,False
2539,A-A-Sh-Sh-Sh-Sh-Sh-Sh-Sh-Sh-Sh-Sh-Sh-Sh-Sh-Sh-Sh-Sh-Sh-A-A-A-A,8,2,False,False,False,False
2540,B-B-Wa-Wa-Wa-Wa-Wa-Wa-Wa-Wa-Wa-Wa-Wa-Sp-Sp-Sp-Sp-Sp-Sp-Sp-Sp-Sp-Sp,8,2,False,False,False,False
2541,A-A-A-A-A-Sh-Sh-Sh-Sh-Sh-Sh-Sh-Sh-Sh-Sh-Sh-Sh-Sh-Sh-F-F-F-F,8,2,False,True,False,False
2542,B-B-B-B-B-B-B-B-B-Sp-Sp-Sp-Sp-Sp-Sp-Sp-B-B-B-B-B-B-B,8,2,False,False,True,False
2543,G-Sp-Sp-Sp-Sp-Sp-Sp-Sp-Sp-Sp-Sp-Sp-Sp-Sp-Sp-Sp-Sp-Sp-Sp-G-G-G-G,8,2,False,False,False,False
2544,F-F-F-F-F-F-A-A-A-A-A-A-A-A-A-A-A-A-Wt-Wt-Wt-Wt-Wt,8,2,False,True,False,False
2545,G-G-B-B-B-B-B-B-B-B-B-B-B-B-B-B-B-B-B-B-B-Sp-Sp,8,2,False,False,False,False
2546,F-F-F-F-F-F-F-F-F-G-G-G-G-G-G-G-G-G-G-G-G-F-F,8,2,False,False,False,False
2547,Wa-Wa-Wt-Wt-Wt-Wt-Wt-Wt-Wt-Wt-Wt-Wt-Wt-Wt-Wt-Wt-Wt-Wt-Wt-Wa-Wa-Wa-Wa,8,2,False,False,False,False
2548,F-F-Sh-Sh-Sh-Sh-Sh-Sh-Sh-G-G-G-G-G-G-G-G-G-G-G-G-G-G,8,2,False,True,False,False
2549,Sh-A-A-A-A-A-A-A-A-A-A-A-A-A-A-A-Sh-Sh-Sh-Sh-Sh-Sh-Sh,8,2,False,True,True,False
2550,Sh-A-A-A-A-A-A-A-A-A-A-A-A-A-A-A-A-A-F-F-F-F-F,8,2,False,False,False,False
2551,A-A-Sh-Sh-Sh-Sh-Sh-Sh-Sh-Sh-Sh-Sh-Sh-Sh-Sh-Sh-A-A-A-A-A-A-A,8,2,False,False,True,False
2552,A-A-Sh-Sh-Sh-Sh-Sh-Sh-Sh-Sh-Sh-Sh-Sh-Sh-F-F-F-F-F-F-F-F-F,8,2,False,False,False,False
2553,G-G-B-B-B-B-B-B-B-B-B-B-B-B-B-B-B-B-B-G-G-G-G,8,2,False,False,False,False
2554,G-G-Sp-Sp-Sp-Sp-Sp-Sp-Sp-Sp-Sp-Sp-Sp-Sp-Sp-Sp-Sp-Sp-Sp-Sp-Sp-Sp-G,8,2,False,False,False,False
2555,G-G-U-U-U-U-U-U-U-U-U-U-U-U-U-U-U-U-U-U-U-U-U,8,1,False,False,False,False
2556,B-B-B-B-B-B-B-B-B-B-Sp-Sp-Sp-Sp-Sp-Sp-Sp-Sp-Sp-Sp-G-G-G,8,2,False,False,False,False
2557,Sh-Sh-Sh-Sh-Sh-Sh-Sh-Sh-Sh-Sh-Sh-Sh-Sh-Sh-Sh-Sh-Sh-Sh-Sh-F-F-F-Sh,8,2,False,False,False,False
2558,F-F-F-F-F-F-F-F-F-F-F-F-F-F-Sh-Sh-Sh-F-F-F-F-F-F,8,2,False,True,False,False
2559,Wt-F-F-F-F-F-F-F-F-F-F-F-F-F-F-F-F-F-F-F-Sh-Sh-Sh,8,2,False,False,False,False
2560,G-G-G-G-F-F-F-F-F-F-F-F-F-F-F-F-F-F-Sh-Sh-Sh-Sh-Sh,8,2,False,False,False,False
2561,Wt-F-F-F-F-F-F-F-F-F-F-F-F-F-F-F-F-F-F-A-A-A-A,8,2,False,True,False,False
2562,Wt-A-Sh-Sh-Sh-Sh-Sh-Sh-Sh-Sh-Sh-Sh-Sh-Sh-Sh-Sh-Sh-Sh-Sh-Sh-Sh-Sh-Sh,8,2,False,False,False,False
2563,Wa-Wa-Wa-Wa-Wa-Wa-Sh-Sh-Sh-Sh-Sh-Sh-Sh-Sh-Sh-Sh-Sh-Sh-Sh-Wa-Wa-Wa-Wa,8,2,False,False,False,False
2564,Sp-Sp-Sp-Sp-Sp-Sp-B-B-B-B-B-B-B-B-B-B-B-Sp-Sp-Sp-Sp-Sp-Sp,8,2,False,False,False,False
2565,Wt-A-A-A-A-A-A-A-A-A-A-A-A-A-F-F-F-F-F-F-F-F-F,8,2,False,False,False,False
2566,Wt-Wt-Wt-Wt-Wa-Wa-Wa-Wa-Wa-Wa-Wa-Wa-Wa-Wa-Wa-Wa-Wa-Wa-Wa-Wa-Wt-Wt-Wt,8,2,False,False,False,False
2567,A-A-A-A-F-F-F-F-F-F-F-F-F-F-F-F-F-F-G-G-G-G-G,8,2,False,False,False,False
2568,Wt-Wt-F-F-F-F-F-F-F-F-F-F-F-F-F-F-F-F-F-Sh-Sh-Sh-Sh,8,2,False,False,False,False
2569,Wt-Wt-F-F-F-F-F-F-F-F-F-F-F-F-F-F-A-A-A-A-A-A-A,8,2,False,False,True,False
2570,F-F-Sh-Sh-Sh-Sh-Sh-Sh-Sh-Sh-Sh-Sh-Sh-Sh-Sh-Sh-Sh-Sh-Wt-Wt-Wt-Wt-Wt,8,2,False,True,False,False
2571,A-A-A-A-A-A-A-A-F-F-F-F-F-F-F-F-F-F-Wt-Wt-Wt-Wt-Wt,8,2,False,False,False,False
2572,Wt-Wa-Wa-Wa-Wa-Wa-F-F-F-F-F-F-F-F-F-F-F-F-F-F-F-F-F,8,2,False,False,False,False
2573,Wt-F-F-F-F-F-F-F-F-F-Wt-Wt-Wt-Wt-Wt-Wt-Wt-Wt-Wt-Wt-Wt-Wt-Wt,8,2,False,False,False,False
2574,F-F-F-F-F-F-F-F-F-F-Wt-Wt-Wt-Wt-Wt-Wt-Wt-Wt-Wa-Wa-Wa-Wa-Wa,8,2,False,False,False,False
2575,G-G-G-B-B-B-B-B-B-B-B-B-B-B-B-B-B-B-Sp-Sp-Sp-Sp-Sp,8,2,False,False,False,False
2576,F-F-Wt-Wt-Wt-Wt-Wt-Wt-Wt-Wt-Wt-Wt-Wt-Wt-Wt-Wt-Wt-Wt-Wt-Wt-Wt-Wt-F,8,2,False,False,False,False
2577,Sp-Sp-Sp-Sp-Sp-Sp-Sp-Sp-Sp-Sp-B-B-B-B-B-B-B-B-B-Sp-G-G-G,8,3,False,True,False,False
2578,A-A-A-A-A-A-A-F-F-F-F-F-F-F-F-F-F-F-F-F-F-Sh-Sh,8,2,False,False,False,False
2579,A-A-A-A-A-A-A-F-F-F-F-F-F-F-F-F-F-F-F-F-F-G-G,8,2,False,False,False,False
2580,Wa-Wa-Wa-Wa-Sh-Sh-Sh-Sh-Sh-Sh-Sh-Sh-Sh-Sh-Sh-Sh-Sh-Wa-Wa-Wa-Wa-Wa-Wa,8,2,False,False,False,False
2581,A-A-A-A-F-F-F-F-F-F-F-F-F-F-F-F-F-F-F-Wt-Wt-Wt-Wt,8,2,False,False,False,False
2582,B-B-B-B-B-B-B-B-Sp-Sp-Sp-Sp-Sp-Sp-Sp-Sp-G-G-G-G-G-G-G,8,2,False,False,True,False
2583,A-A-A-A-A-A-A-A-A-A-A-A-A-Sh-Sh-Sh-Sh-Sh-Sh-F-F-F-F,8,2,False,False,False,False
2584,A-A-F-F-F-F-F-Sh-Sh-Sh-Sh-Sh-Sh-Sh-Sh-Sh-Sh-Sh-Sh-Sh-Sh-Sh-Sh,8,2,False,False,False,False
2585,A-A-A-A-A-A-A-A-A-A-A-A-A-A-A-A-F-F-Sh-Sh-Sh-Sh-Sh,8,2,False,True,True,False
2586,A-A-A-A-A-A-A-A-A-A-A-A-A-A-A-A-F-F-F-F-F-F-Sh,8,2,False,False,True,False
2587,Wa-Wa-Wa-Wa-Wa-Wa-Wa-Wa-Wa-Wa-Wa-Wa-Wa-B-B-B-B-B-B-B-B-B-B,8,1,False,False,False,False
2588,Sp-Sp-Sp-Sp-Sp-Sp-Sp-Sp-Sp-Sp-Sp-Sp-Sp-Sp-G-G-G-G-Sp-Sp-Sp-Sp-Sp,8,2,False,False,False,False
2589,A-Wa-Wa-Wa-Wa-Wa-Wa-Wa-Wa-Wa-Wt-Wt-Wt-Wt-Wt-Wt-Wt-Wt-Wt-Wt-Wt-Wt-Wt,8,2,False,False,False,False
2590,A-Sh-Sh-Sh-Sh-Sh-Sh-Sh-Sh-Sh-Sh-Sh-Sh-Sh-F-F-F-F-F-F-F-F-F,8,2,False,False,False,False
2591,A-Sh-Sh-Sh-Sh-Sh-Sh-Sh-Sh-Sh-Sh-Sh-A-A-A-A-A-A-A-A-A-A-A,8,2,False,False,False,False
2592,Sh-Sh-F-F-F-F-F-F-F-F-F-F-F-F-F-F-F-F-F-Wt-Wt-Wt-Wt,8,2,False,False,False,False
2593,F-F-F-F-F-F-F-F-F-F-F-F-F-F-F-F-Sh-Sh-Sh-F-F-F-F,8,2,False,False,True,False
2594,Sh-Sh-Sh-Sh-Sh-Sh-Sh-Sh-Sh-Sh-Sh-Sh-Sh-Sh-Sh-Sh-Sh-Sh-Sh-Sh-Sh-Sh-Sp,8,1,False,False,False,False
2595,F-F-F-F-F-F-F-F-F-G-G-G-G-G-G-G-G-G-F-F-F-F-F,8,2,False,False,False,False
2596,Wa-Wa-Wa-Wa-Wa-A-A-A-A-A-A-A-A-A-A-A-A-Wa-Wa-Wa-Wa-Wa-Wa,8,2,False,False,False,False
2597,Sp-Sp-G-G-G-G-G-G-G-G-G-G-G-G-G-G-G-Sp-Sp-Sp-Sp-Sp-Sp,8,2,False,False,False,False
2598,Wt-Wt-Wt-Wt-Sh-Sh-Sh-Sh-Sh-Sh-Sh-Sh-A-A-A-A-A-A-A-A-A-A-A,8,2,False,False,False,False
2599,F-F-F-F-F-F-F-F-F-F-F-F-F-F-F-G-F-F-F-F-F-F-F,8,2,False,False,True,False
2600,G-G-G-G-G-Sp-Sp-Sp-Sp-Sp-Sp-Sp-Sp-Sp-Sp-Sp-Sp-Sp-Sp-Sp-Sp-B-B,8,2,False,False,False,False
2601,G-G-G-G-G-Sp-Sp-Sp-Sp-Sp-Sp-Sp-Sp-Sp-Sp-Sp-Sp-Sp-Sp-G-G-G-G,8,2,False,False,False,False
2602,G-G-G-G-G-Sp-Sp-Sp-Sp-Sp-Sp-Sp-Sp-Sp-Sp-Sp-Sp-Sp-Sh-Sh-Sh-Sh-Sh,8,2,False,True,False,False
2603,F-F-F-F-F-Sh-Sh-Sh-Sh-Sh-Sh-Sh-Sh-Sh-Sh-Sh-Sh-Sh-Sh-Sh-A-A-A,8,2,False,False,False,False
2604,B-Wa-Wa-Wa-Wa-Wa-B-B-B-B-B-B-B-B-B-B-B-B-B-B-B-B-B,8,2,False,False,False,False
2605,A-A-A-A-A-A-A-A-A-Sh-Sh-Sh-Sh-Sh-Sh-Sh-Sh-Sh-F-F-F-F-F,8,2,False,False,False,False
2606,Sh-Sh-Sh-Sh-F-F-F-F-F-F-F-F-F-F-Sh-Sh-Sh-Sh-Sh-Sh-Sh-Sh-Sh,8,2,False,False,False,False
2607,Sh-Sh-A-A-A-A-A-A-A-A-A-A-A-A-F-F-F-F-F-F-F-F-F,8,2,False,True,False,False
2608,F-A-A-A-A-A-A-A-A-A-Sh-Sh-Sh-Sh-Sh-Sh-Sh-Sh-Sh-Sh-Sh-Sh-Sh,8,2,False,False,False,False
2609,Wt-Wt-Wt-Wt-F-F-F-F-F-F-F-F-F-F-F-F-F-F-F-F-F-Sh-Sh,8,2,False,False,False,False
2610,B-B-B-B-B-B-B-Sp-Sp-Sp-Sp-Sp-Sp-Sp-Sp-Sp-B-B-B-B-B-B-B,8,2,False,False,True,False
2611,B-B-B-B-B-B-B-Sp-Sp-Sp-Sp-Sp-Sp-Sp-Sp-Sp-B-B-Sp-Sp-Sp-Sp-Sp,8,3,False,False,True,False
2612,Wt-Wt-Wt-F-F-F-F-F-F-F-F-F-F-F-F-F-F-F-A-A-A-A-A,8,2,False,False,False,False
2613,Wt-Wt-Wt-Wt-Wt-A-A-A-A-A-A-A-A-A-A-A-A-A-A-A-A-A-F,8,2,False,False,False,False
2614,Sp-G-G-G-G-G-G-G-B-B-B-B-B-B-B-B-B-B-B-B-B-B-B,8,2,False,False,False,False
2615,A-Sh-Sh-Sh-Sh-Sh-Sh-Sh-Sh-Sh-Sh-Sh-Sh-Sh-Sh-Sh-Sh-Sh-F-F-F-F-F,8,2,False,False,False,False
2616,A-Sh-Sh-Sh-Sh-Sh-Sh-Sh-Sh-Sh-Sh-Sh-Sh-Sh-Sh-Sh-Sh-F-F-F-F-F-F,8,2,False,False,False,False
2617,Sh-Wt-Wt-Wt-Wt-Wt-Wt-Wt-Wt-Wt-F-F-F-F-F-F-F-F-F-F-F-F-F,8,2,False,False,False,False
2618,G-G-G-G-G-Sh-Sh-Sh-Sh-Sh-Sh-Sh-Sh-Sh-Sh-Sh-Sh-Sh-Sh-A-A-A-A,8,2,False,False,False,False
2619,G-G-G-G-G-U-U-U-U-U-U-U-U-U-U-U-U-U-U-U-U-U-U,8,1,False,True,False,False
2620,B-B-B-B-B-B-B-B-B-B-B-B-Sp-Sp-Sp-Sp-Sp-Sp-B-B-B-B-B,8,2,False,False,False,False
2621,A-A-A-A-A-F-F-F-F-F-F-F-F-F-F-F-F-F-F-F-F-Wt-Wt,8,2,False,False,False,False
2622,F-F-A-A-A-A-A-A-A-F-F-F-F-F-F-F-F-F-F-F-F-F-F,8,2,False,False,False,False
2623,Sh-Sh-Sh-Sh-Sh-Sh-Sh-Sh-Sh-Sh-Sh-Sh-Sh-Sh-Sh-Sh-Sh-Sh-Sh-F-F-A-A,8,2,False,False,False,False
2624,Sh-Sh-Sh-Sh-Sh-Sh-Sh-Sh-F-F-F-F-F-F-F-F-F-F-F-F-F-A-A,8,2,False,False,False,False
2625,Wt-Wt-Wt-Wt-Wt-Wt-Wt-F-F-F-F-F-F-F-F-F-F-F-F-Sh-Sh-Sh-Sh,8,2,False,False,False,False
2626,F-Wa-Wa-Wa-Wa-Wa-Sh-Sh-Sh-Sh-Sh-Sh-Sh-Sh-Sh-Sh-Sh-Sh-Sh-Sh-Sh-Sh-Sh,8,2,False,False,False,False
2627,F-Wa-Wa-Wa-Wa-Wa-Wt-Wt-Wt-Wt-Wt-Wt-Wt-Wt-Wt-Wt-Wt-Wt-Wt-Wt-Wt-Wt-Wt,8,2,False,False,False,False
2628,Wt-Wt-Wt-Wt-Wt-Wt-Wt-A-A-A-A-A-A-A-A-A-A-A-A-A-A-A-F,8,2,False,False,False,False
2629,Wt-Wt-Wt-Wt-Wt-Wt-Wt-Sh-Sh-Sh-Sh-Sh-Sh-Sh-Sh-Sh-F-F-F-F-F-F-F,8,2,False,False,True,False
2630,Wt-Wt-Wt-Wt-Wt-Wt-Wt-Wt-U-U-U-U-U-U-U-U-U-U-U-U-U-U-U,8,1,False,True,False,False
2631,F-Wt-Wt-Wt-Wt-Wt-Wt-Wt-Sh-Sh-Sh-Sh-Sh-Sh-Sh-Sh-Sh-Sh-Sh-Sh-Sh-Sh-Sh,8,2,False,False,False,False
2632,F-F-F-G-G-G-G-G-G-G-G-G-G-G-G-G-G-G-G-F-F-F-F,8,2,False,False,False,False
2633,A-Wa-Wa-Wa-Wa-Wa-Wa-Sp-Sp-Sp-Sp-Sp-Sp-Sp-Sp-Sp-Sp-Sp-Sp-Sp-Sp-Sp-Sp,8,2,False,False,False,False
2634,A-A-F-F-F-F-F-F-F-F-F-F-F-F-A-A-A-A-A-A-A-A-A,8,2,False,False,False,False
2635,F-F-F-F-F-F-F-F-Sp-Sp-Sp-Sp-Sp-Sp-Sp-Sp-Sp-Sp-Sp-B-B-B-B,8,2,False,False,False,False
2636,Sh-Sh-Sh-Sh-Sh-Sh-F-F-F-F-F-F-F-F-F-F-F-F-G-G-G-G-G,8,2,False,False,False,False
2637,Wt-Wt-Wt-Wt-Wt-Wt-Wt-Wt-A-A-F-F-F-F-F-F-F-F-F-F-F-F-F,8,2,False,True,False,False
2638,Sp-Sp-Wa-Wa-Wa-Wa-Wa-Wa-G-G-G-G-G-G-G-G-G-G-G-G-G-G-G,8,2,False,False,False,False
2639,Sh-Sh-Sh-Sh-Sh-Sh-Sh-Sh-Sh-Sh-Sh-Sh-Sh-Sh-Sh-Sh-Sh-Sh-F-F-Sh-Sh-Sh,8,2,False,False,False,False
2640,A-A-A-A-A-A-A-A-A-A-A-Sh-Sh-Sh-Sh-Sh-Sh-Sh-Sh-Sh-F-F-F,8,2,False,False,False,False
2641,A-A-A-A-A-A-A-A-A-A-A-Sh-Sh-Sh-Sh-Sh-Sh-Sh-F-F-F-F-F,8,2,False,False,False,False
2642,A-A-A-A-A-A-A-Sh-Sh-Sh-Sh-Sh-Sh-Sh-Sh-Sh-Sh-Sh-Sh-Sh-A-A-A,8,2,False,False,False,False
2643,F-F-F-F-F-F-F-F-F-F-F-Wt-Wt-Wt-Wt-Wt-Wt-Wt-Wt-F-F-F-F,8,2,False,False,False,False
2644,Wt-Wt-Wt-Wt-Wt-Wt-Wt-Wt-Wt-Wt-Wt-F-F-F-F-F-F-F-F-F-F-F-Wt,8,2,False,False,False,False
2645,B-B-B-B-B-B-Sp-Sp-Sp-Sp-Sp-Sp-Sp-Sp-Sp-Sp-Sp-Sp-Sp-G-G-G-G,8,2,False,False,False,False
2646,A-A-A-Sh-Sh-Sh-Sh-Sh-Sh-Sh-Sh-Sh-Sh-Sh-Sh-Sh-Sh-Sh-F-F-F-F-F,8,2,False,False,False,False
2647,Sp-Sp-Wa-Wa-Wa-Wa-Wa-Wa-Wa-Wa-Wa-Wa-Wa-Wa-Wa-Wa-B-B-B-B-B-B-B,8,2,False,False,True,False
2648,B-B-B-B-B-Sp-Sp-Sp-Sp-Sp-Sp-Sp-Sp-Sp-Sp-Sp-B-B-B-B-B-B-B,8,2,False,False,True,False
2649,Wa-Wa-Wt-Wt-A-A-A-A-A-A-A-A-A-A-A-A-A-A-A-A-A-A-A,8,2,False,False,False,False
2650,Sh-Sh-Wa-Wa-Wa-Wa-Wa-Wa-Wa-Sh-Sh-Sh-Sh-Sh-Sh-Sh-Sh-Sh-Sh-Sh-Sh-Sh-Sh,8,2,False,False,False,False
2651,Sh-Sh-Sh-Sh-Sh-Sh-Sh-F-F-F-F-F-F-F-F-F-F-F-G-G-G-G-G,8,2,False,False,False,False
2652,A-A-A-F-F-F-F-F-F-F-Sh-Sh-Sh-Sh-Sh-Sh-Sh-Sh-Sh-Sh-Sh-Sh-F,8,3,False,False,False,False
2653,A-A-A-F-F-F-F-F-F-F-F-F-F-F-F-F-G-G-G-G-G-G-G,8,2,False,False,True,False
2654,B-Sp-Sp-Sp-Sp-Sp-Sp-Sp-Sp-Sp-Sp-Sp-Sp-Sp-Sp-Sp-Sp-Sp-Sp-G-G-G-G,8,2,False,False,False,False
2655,A-A-A-F-F-F-F-F-F-F-F-F-F-F-F-F-F-F-F-F-Sh-Sh-Sh,8,2,False,False,False,False
2656,Sh-Sh-Sh-Sh-Sh-Sh-Sh-Sh-Sh-Sh-Sh-Sh-F-F-F-F-F-F-Sh-Sh-Sh-Sh-Sh,8,2,False,True,False,False
2657,Sh-Sh-Sh-Sh-Sh-Sh-Sh-Sh-Sh-Sh-Sh-Sh-F-F-F-F-F-F-F-Sh-Sh-Sh-Sh,8,2,False,False,False,False
2658,A-G-G-G-G-G-G-G-G-G-G-G-G-G-G-G-G-G-G-F-F-F-F,8,2,False,False,False,False
2659,F-F-F-F-G-G-G-G-G-G-G-G-G-G-G-G-G-G-G-G-G-G-F,8,2,False,True,False,False
2660,A-A-A-A-A-A-A-F-F-F-F-F-F-F-F-F-Sh-Sh-Sh-Sh-Sh-Sh-Sh,8,2,False,False,True,False
2661,G-G-G-G-G-G-G-G-G-G-Sh-Sh-Sh-Sh-Sh-Sh-Sh-Sh-Sh-F-F-F-F,8,2,False,False,False,False
2662,A-A-A-A-A-A-A-A-A-A-F-F-F-F-F-F-F-F-F-F-A-A-A,8,2,False,False,False,False
2663,G-G-G-G-G-G-G-G-G-G-G-G-Sp-Sp-Sp-Sp-B-B-B-B-B-B-B,7,2,False,True,True,False
2664,F-F-F-F-F-F-B-B-B-B-B-B-B-B-B-B-F-F-F-F-F-F-F,7,2,False,False,True,False
2665,Sh-Sh-Sh-Sh-G-G-G-G-G-G-G-G-G-G-G-G-G-F-F-F-F-F-F,7,2,False,False,False,False
2666,Wa-Wa-Wa-Wa-Wa-Wa-Wa-Wa-Wa-Wa-Wa-Wa-Wa-Wa-Wa-Wa-Wa-Wa-Wa-Wa-Wa-Wa-A,7,1,False,False,False,False
2667,Wt-Wt-Wt-Wt-Wt-F-F-F-F-F-F-F-F-F-F-F-F-F-F-Wt-Wt-Wt-Wt,7,2,False,False,False,False
2668,Wt-Wt-Wt-Wt-Wt-F-F-F-F-F-F-F-F-F-F-F-F-F-F-F-Wt-Wt-Wt,7,2,False,False,False,False
2669,Wt-Wt-Wt-Wt-Wt-F-F-F-F-F-F-F-F-F-F-F-F-F-F-F-F-F-Wt,7,2,False,False,False,False
2670,A-A-Sh-Sh-Sh-Sh-Sh-Sh-Sh-Sh-Sh-Sh-Sh-Sh-Sh-Sh-Sh-Sh-F-F-F-F-F,7,2,False,False,False,False
2671,Wt-Wt-Wt-Wt-Wt-Wt-Wt-A-A-A-A-A-A-A-A-A-A-A-A-F-F-F-F,7,2,False,False,False,False
2672,F-Wa-Wa-Wa-Wa-Wa-Wa-Wa-Wa-Wa-Wa-Wa-Wa-Wa-Wa-Wa-Wa-Wa-Wa-Wa-Wa-F-F,7,2,False,False,False,False
2673,A-F-F-F-A-A-A-A-A-A-A-A-A-A-A-A-A-A-A-A-A-A-A,7,2,False,False,False,False
2674,F-F-F-F-Sh-Sh-Sh-Sh-A-A-A-A-A-A-A-A-A-A-A-A-A-A-A,7,2,False,False,False,False
2675,F-F-F-F-Wt-Wt-Wt-Wt-Wt-Wt-Wt-Wt-Wt-Wt-Wt-Wt-Wt-Wt-Wt-Wt-Wt-Wt-F,7,2,False,False,False,False
2676,Wa-Wa-Wa-Wa-Wa-Wa-Wa-Wa-Sh-Sh-Sh-Sh-Sh-Sh-Sh-Sh-Sh-Sh-Sh-Sh-F-F-F,7,2,False,False,False,False
2677,Wa-Wa-Wa-Wa-Wa-Wa-Wa-Wa-Sh-Sh-Sh-Sh-Sh-Sh-Sh-Sh-Wt-Wt-Wt-Wt-Wt-Wt-Wt,7,2,False,False,True,False
2678,F-F-F-F-F-F-Wt-Wt-Wt-Wt-Wt-Wt-Wt-Wt-Wt-Wt-Wt-Wt-F-F-F-F-F,7,2,False,True,False,False
2679,Sh-Sh-Sh-Sh-Sh-F-F-F-F-F-F-F-F-F-F-F-F-G-G-G-G-G-G,7,2,False,False,False,False
2680,Sp-Sp-Sp-Sp-Sp-Sp-Sp-Sp-Sp-Sp-Sp-Sp-Sp-B-B-B-B-B-B-G-G-G-G,7,2,False,False,False,False
2681,A-F-F-F-F-F-F-F-G-G-G-G-G-G-G-G-G-G-G-G-G-G-G,7,2,False,False,False,False
2682,A-F-F-F-F-F-F-F-F-G-G-G-G-G-G-G-G-G-G-G-G-G-G,7,2,False,False,False,False
2683,A-G-G-G-G-G-G-G-G-G-G-G-G-F-F-F-F-F-F-F-F-F-F,7,2,False,False,False,False
2684,Sp-Sp-Sp-Wa-Wa-Wa-Wa-Wa-Wa-Wa-Wa-Wa-Sh-Sh-Sh-Sh-Sh-Sh-Sh-Sh-Sh-Sh-Sh,7,2,False,False,False,False
2685,Wt-Wt-Wt-Wt-F-F-F-F-F-F-F-F-F-F-F-F-F-F-F-Sh-Sh-Sh-Sh,7,2,False,False,False,False
2686,Sh-Sh-Sh-Sh-A-A-A-A-A-A-A-A-A-A-A-A-A-A-A-A-F-F-F,7,2,False,False,False,False
2687,F-F-F-F-F-F-F-Wt-Wt-Wt-Wt-Wt-Wt-Wt-Wt-Wt-Wt-Wt-Wt-Wt-Wt-Wt-A,7,2,False,True,False,False
2688,G-G-G-G-G-G-G-G-G-G-G-G-G-G-Sp-Sp-Sp-Sp-Sp-Sp-B-B-B,7,2,False,False,False,False
2689,Wt-Wt-Wt-Wt-F-F-F-F-F-F-F-F-F-F-F-F-F-F-F-A-A-A-A,7,2,False,False,False,False
2690,A-A-F-F-F-F-F-F-F-F-F-F-F-Sh-Sh-Sh-Sh-Sh-Sh-Sh-Sh-Sh-Sh,7,2,False,False,False,False
2691,Sp-Sp-Sp-Sp-Sp-Sp-Sp-Sp-Sp-Sp-Sp-Sp-Sp-Sp-Sp-Sp-Wa-Wa-Wa-Wa-Sp-Sp-Sp,7,2,False,False,True,False
2692,Sp-Sp-Sp-Sp-Sp-Sp-Sp-Sp-Sp-Sp-Sp-Sp-Sp-Sp-Sp-Sp-B-B-G-G-G-G-G,7,2,False,False,True,False
2693,Sp-Sp-Sp-Sp-Sp-Sp-Sp-Sp-Sp-Sp-Sp-Sp-Sp-Sp-Sp-Sp-Sp-Sp-B-B-Sp-Sp-Sp,7,2,False,False,False,False
2694,Wt-Wt-Wt-Wt-Wt-Wt-Wt-Wt-Wt-Wt-F-F-F-F-F-F-F-F-Wt-Wt-Wt-Wt-Wt,7,2,False,True,False,False
2695,Wt-Wt-Wt-F-F-F-F-F-F-F-F-F-Sh-Sh-Sh-Sh-Sh-Sh-Sh-Sh-Sh-Sh-Sh,7,2,False,False,False,False
2696,G-G-F-F-F-F-F-F-F-F-F-F-F-F-F-F-F-F-F-A-A-A-A,7,2,False,False,False,False
2697,A-Wa-Wa-Wa-Wa-Wa-B-B-B-B-B-B-B-B-B-B-B-B-B-B-B-B-B,7,2,False,False,False,False
2698,A-Sh-Sh-Sh-Sh-Sh-Sh-Sh-Sh-Sh-Sh-Sh-Sh-Sh-Sh-Sh-Sh-Sh-Sh-Sh-Sh-Sh-U,7,2,False,False,False,False
2699,Sp-Sp-Wa-Wa-Wa-Wa-Wa-Wa-Sh-Sh-Sh-Sh-Sh-Sh-Sh-Sh-Sh-Sh-Sh-Sh-Sh-Sh-Sh,7,2,False,False,False,False
2700,Wt-Wt-Wt-F-F-F-F-F-F-F-F-F-F-F-F-F-F-F-Sh-Sh-Sh-Sh-Sh,7,2,False,True,False,False
2701,Wt-Wt-Wt-F-F-F-F-F-F-F-F-F-F-F-F-F-F-F-F-F-F-F-Wt,7,2,False,False,False,False
2702,Wt-Wt-Wt-F-F-F-F-F-F-F-F-F-F-F-F-F-F-F-F-F-F-A-A,7,2,False,False,False,False
2703,Wt-Wt-Wt-F-F-F-F-F-F-F-F-F-F-F-F-F-A-A-A-A-A-A-A,7,2,False,False,True,False
2704,Sp-Sp-Sp-Sp-Sp-Sp-Sp-Sp-Sp-Sp-Sp-Sp-Sp-Sp-Sp-Sp-Sp-Sp-G-G-G-G-Sp,7,2,False,False,False,False
2705,Sp-Sp-Sp-Sp-Sp-Sp-Sp-Sp-Sp-Sp-Sp-Sp-Sp-Sp-Sp-Sp-Sp-G-G-G-G-G-Sp,7,2,False,False,False,False
2706,Sh-Sh-Sh-Sh-Sh-Sh-Sh-F-F-F-F-F-F-F-F-F-F-F-F-F-A-A-A,7,2,False,False,False,False
2707,Wa-Wa-Wa-Wa-Wa-Wa-Sh-Sh-Sh-Sh-Sh-Sh-Sh-Sh-Sh-Sh-Sh-Sh-Sh-F-F-F-F,7,2,False,False,False,False
2708,Sh-Sh-Sh-Sh-Sh-Sh-F-F-F-F-F-F-F-F-F-F-F-F-F-F-F-F-Wt,7,2,False,False,False,False
2709,Sp-Sp-Sp-Sp-Sp-Sp-Sp-Sp-Sp-Sp-Sp-Sp-Sp-Sp-Sp-Sp-F-F-F-Wa-Wa-Wa-Wa,7,2,False,False,True,False
2710,Wt-Wt-Wt-A-A-A-A-A-A-A-A-A-A-A-A-A-F-F-F-F-F-F-F,7,2,False,True,True,False
2711,A-A-A-Sh-Sh-Sh-Sh-Sh-Sh-Sh-Sh-Sh-Sh-Sh-Sh-Sh-Sh-Sh-A-A-A-A-A,7,2,False,False,False,False
2712,F-Sh-Sh-Sh-Sh-G-G-G-G-G-G-G-G-G-G-G-G-G-G-G-G-G-G,7,2,False,False,False,False
2713,Wt-Wt-Wt-Wt-Wt-Wt-Wt-Wt-Wt-Wt-Wt-Wt-Wt-Wt-Wt-Wt-Wt-Sh-Sh-Sh-Sh-Sh-Sh,7,1,False,False,False,False
2714,Wt-Wt-Wt-Wt-Wt-Wt-Wt-Wt-Wt-Wt-Wt-Wt-Wt-Wt-Wt-Wt-Wt-Wt-Wt-U-U-U-U,7,1,False,False,False,False
2715,Wt-Wt-F-F-F-F-F-F-F-F-F-F-F-F-F-F-F-F-F-F-F-Sh-Sh,7,2,False,False,False,False
2716,Wt-Wt-F-F-F-F-F-F-F-F-F-F-F-F-F-F-F-F-F-F-F-F-Wt,7,2,False,False,False,False
2717,A-A-A-Sh-Sh-Sh-Sh-Sh-Sh-Sh-Sh-Sh-Sh-Sh-F-F-F-F-F-F-F-F-F,7,2,False,False,False,False
2718,A-A-A-Sh-Sh-Sh-Sh-Sh-Sh-Sh-Sh-Sh-F-F-F-F-F-F-F-F-F-F-F,7,2,False,False,False,False
2719,A-A-A-Sh-Sh-Sh-Sh-Sh-Sh-Sh-A-A-A-A-A-A-A-A-A-A-A-A-A,7,2,False,False,False,False
2720,Sp-Sp-Sp-Sp-Sp-Sp-Sp-Sp-Sp-Sp-G-G-G-G-G-G-G-G-G-G-G-G-Sp,7,2,False,False,False,False
2721,Wt-Wt-Wt-Wt-Wt-Wt-Wt-Wt-Wt-Wt-Sp-Sp-Sp-Sp-Sp-Sp-Sp-Sp-Sp-Sp-Sp-Sp-Sp,7,1,False,False,False,False
2722,A-A-A-A-A-A-A-A-A-A-A-F-F-F-F-F-F-F-F-A-A-A-A,7,2,False,False,False,False
2723,A-A-A-A-A-A-A-A-A-A-A-A-Sh-Sh-Sh-Sh-Sh-Sh-Sh-Sh-Sh-Sh-F,7,2,False,False,False,False
2724,G-G-G-G-G-G-G-G-Sh-Sh-Sh-Sh-Sh-Sh-Sh-Sh-Sh-Sh-Sh-G-G-G-G,7,2,False,False,False,False
2725,F-F-F-A-A-A-A-A-A-A-A-A-A-A-A-A-A-Sh-Sh-Sh-Sh-Sh-Sh,7,2,False,False,False,False
2726,F-F-F-F-A-A-A-A-A-A-A-A-A-A-A-A-A-Wa-Wa-Wa-Wa-Wa-Wa,7,2,False,False,False,False
2727,F-F-F-A-A-A-A-A-F-F-F-F-F-F-F-F-F-F-F-F-F-F-F,7,2,False,True,False,False
2728,Wt-Wt-Wt-Wt-Wt-Wt-Wt-Wt-Sh-Sh-F-F-F-F-F-F-F-F-F-F-F-F-F,7,2,False,True,False,False
2729,F-Wt-Wt-Wt-Wt-Wt-Wt-Wt-Wt-Wt-Wt-Wt-Wt-Wt-Wt-Wt-Wt-Wt-Wt-Wt-Wt-A-A,7,2,False,False,False,False
2730,G-G-G-G-F-F-F-F-F-F-F-F-F-F-F-F-F-A-A-A-A-A-A,7,2,False,False,False,False
2731,A-A-A-F-F-F-F-F-F-F-F-F-F-F-F-F-F-F-F-F-F-F-G,7,2,False,False,False,False
2732,Sp-Sp-Sp-Sp-Sp-Sp-Sp-G-G-G-G-G-G-G-G-G-G-G-G-Sp-Sp-Sp-Sp,7,2,False,False,False,False
2733,Wt-Wt-Wt-Wt-Wt-Wt-Wt-Sh-Sh-Sh-Sh-Sh-Sh-Sh-Sh-Sh-Sh-Sh-Sh-Sh-Sh-Sh-F,7,2,False,False,False,False
2734,Sp-Sp-Sp-Sp-Sp-Sh-Sh-Sh-Sh-Sh-Sh-Sh-Sh-Sh-Sh-Sh-A-A-A-A-A-A-A,7,2,False,False,True,False
2735,Sh-Sh-Sh-Sh-Sh-Sh-Sh-Sh-A-A-A-A-A-A-A-A-A-A-A-A-F-F-F,7,2,False,True,False,False
2736,F-F-F-F-F-F-F-F-Wt-Wt-Wt-Wt-Wt-Wt-Wt-Wt-Wt-Wt-Wt-Wt-F-F-F,7,2,False,True,False,False
2737,G-G-G-G-G-G-G-G-G-G-G-G-G-G-G-G-Sp-Sp-G-G-G-G-G,7,2,False,False,True,False
2738,Wa-Wa-Wa-Wa-Wa-Sh-Sh-Sh-Sh-Sh-Sh-Sh-Sh-Sh-Sh-Sh-Sh-Sh-Sh-Sh-F-F-F,7,2,False,False,False,False
2739,F-F-F-F-F-F-F-F-G-G-G-G-G-G-G-G-G-G-G-G-G-F-F,7,2,False,False,False,False
2740,Sh-Sh-Sh-F-F-F-F-F-F-F-F-F-F-F-A-A-A-A-A-A-A-A-A,7,2,False,False,False,False
2741,Sp-Sp-Sp-Sp-Sp-G-G-G-G-G-G-G-G-G-G-G-G-G-G-G-G-G-Sp,7,2,False,False,False,False
2742,G-G-G-G-G-F-F-F-F-F-F-F-F-F-F-F-A-A-A-A-A-A-A,7,2,False,False,True,False
2743,A-A-A-F-F-F-F-F-F-F-F-A-A-A-A-A-A-A-A-A-A-A-A,7,2,False,False,False,False
2744,F-Wt-Wt-G-G-G-G-G-G-G-G-G-G-G-G-G-G-G-G-G-G-G-G,7,2,False,False,False,False
2745,Wt-F-F-F-F-F-F-F-F-F-F-F-F-F-F-F-F-A-A-A-A-A-A,7,2,False,False,False,False
2746,A-A-A-A-Sh-Sh-Sh-Sh-Sh-Sh-Sh-Sh-Sh-Sh-Sh-Sh-A-A-A-A-A-A-A,7,2,False,False,True,False
2747,B-B-B-B-B-Sp-Sp-Sp-Sp-Sp-Sp-Sp-Sp-Sp-Sp-Sp-Sp-Sp-G-G-G-G-G,7,2,False,False,False,False
2748,Sp-Sp-Sp-G-G-G-G-G-G-G-G-G-G-G-G-G-G-G-G-G-G-Sp-Sp,7,2,False,False,False,False
2749,Sp-Sp-Sp-G-G-G-G-G-G-G-G-G-G-G-G-G-G-G-G-G-G-G-Sp,7,2,False,False,False,False
2750,Wt-Wt-Wt-Wt-Wt-Sh-Sh-Sh-Sh-Sh-Sh-Sh-Sh-Sh-Sh-Sh-Sh-Sh-Sh-Sh-F-F-F,7,2,False,False,False,False
2751,Sh-Sh-Sh-A-A-A-A-A-A-A-A-A-A-A-A-A-A-A-A-A-A-A-F,7,2,False,True,False,False
2752,F-F-F-F-B-B-B-B-B-B-B-B-B-B-B-B-B-B-B-Sp-Sp-Sp-Sp,7,2,False,True,False,False
2753,B-B-B-B-B-B-B-Sp-Sp-Sp-Sp-Sp-Sp-Sp-Sp-Sp-Sp-Sp-Sp-Sp-Sp-B-B,7,2,False,False,False,False
2754,B-B-B-B-B-B-B-Sh-Sh-Sh-Sh-Sh-Sh-Sh-Sh-Sh-Sh-Sh-Sh-Sh-Sh-Sh-Sh,7,1,False,False,False,False
2755,G-B-B-B-B-B-B-B-B-B-B-B-B-B-B-B-B-B-B-B-B-B-Sp,7,2,False,False,False,False
2756,A-A-A-A-Sh-Sh-Sh-Sh-Sh-F-F-F-F-F-F-F-F-F-F-F-F-F-F,7,2,False,False,False,False
2757,B-B-B-B-B-B-F-F-F-F-F-F-F-F-F-F-F-F-F-F-F-F-F,7,1,False,False,False,False
2758,F-G-G-G-G-G-G-F-F-F-F-F-F-F-F-F-F-F-F-F-F-F-F,7,2,False,False,False,False
2759,F-F-F-F-F-F-F-F-F-F-F-F-A-A-A-A-F-F-F-F-F-F-F,7,2,False,False,True,False
2760,G-G-G-G-G-G-G-F-F-F-F-F-F-F-F-F-F-F-F-Sh-Sh-Sh-Sh,7,2,False,False,False,False
2761,F-F-F-F-F-F-F-F-F-F-F-F-F-F-F-F-F-A-A-A-A-A-F,7,2,False,False,False,False
2762,Wt-Wt-Wt-Sh-A-A-A-A-A-A-A-A-A-A-A-A-A-A-A-A-A-A-A,7,2,False,False,False,False
2763,A-A-A-A-F-F-F-F-F-F-F-F-F-F-F-F-F-F-F-F-F-F-Wt,7,2,False,False,False,False
2764,G-Sp-Sp-Sp-Sp-Sp-Sp-Sp-Sp-Sp-Sp-Sp-Sp-Sp-Sp-Sp-Sp-Sp-G-G-G-G-G,7,2,False,True,False,False
2765,Sh-Sh-Wa-Wa-Wa-Wa-Wa-Wa-Wt-Wt-Wt-Wt-Wt-Wt-Wt-Wt-Wt-Wt-Wt-Wt-Wt-Wt-Wt,7,2,False,False,False,False
2766,G-G-G-G-G-G-G-U-U-U-U-U-U-U-U-U-U-U-U-U-U-U-U,7,1,False,True,False,False
2767,Wa-Wa-Wa-Wa-Sh-Sh-Sh-Sh-Sh-Sh-Sh-Sh-Sh-Sh-Sh-Sh-Sh-Sh-F-F-F-F-F,7,2,False,False,False,False
2768,Sh-Sh-Sh-Sh-Sh-Sh-Sh-Sh-G-G-G-G-G-G-G-G-G-G-F-F-F-F-F,7,2,False,False,False,False
2769,F-F-F-F-F-F-F-F-F-Wt-Wt-Wt-Wt-Wt-Wt-Wt-Wt-Wt-Wt-Wt-Wt-Wt-F,7,2,False,False,False,False
2770,F-F-F-F-F-F-F-F-F-F-F-F-F-F-F-F-F-F-F-Wt-F-F-F,7,2,False,False,False,False
2771,A-A-A-A-A-Sh-Sh-Sh-Sh-Sh-Sh-Sh-Sh-Sh-Sh-Sh-Sh-Sh-Sh-Sh-Sh-Sh-A,7,2,False,False,False,False
2772,Sh-A-A-A-A-A-A-A-A-A-A-A-A-A-A-A-A-A-A-A-A-A-U,7,2,False,False,False,False
2773,Wt-Wa-Wa-Wa-Wa-Wa-Sp-Sp-Sp-Sp-Sp-Sp-Sp-Sp-Sp-Sp-Sp-Sp-Sp-Sp-Sp-Sp-Sp,7,2,False,False,False,False
2774,Wt-Sh-Sh-Sh-Sh-Sh-Sh-Sh-Sh-Sh-Sh-Sh-Sh-Sh-Sh-Sh-F-F-F-F-F-F-F,7,2,False,True,True,False
2775,A-A-A-A-A-F-F-F-F-F-F-F-F-F-F-F-F-F-F-Wt-Wt-Wt-Wt,7,2,False,False,False,False
2776,F-F-Sh-Sh-Sh-Sh-Sh-Sh-Sh-Sh-Sh-Sh-Sh-Sh-Sh-Sh-Sh-A-A-A-A-A-A,7,2,False,True,False,False
2777,F-F-Sh-Sh-Sh-Sh-Sh-Sh-Sh-Sh-Sh-Sh-Sh-Sh-Sh-Sh-Sh-Sh-Sh-G-G-G-G,7,2,False,True,False,False
2778,B-B-B-B-B-B-B-B-B-B-B-B-Sp-Sp-Sp-Sp-Sp-B-B-Sp-Sp-Sp-Sp,7,3,False,False,False,False
2779,B-B-B-B-B-B-B-B-B-B-B-B-Sh-Sh-Sh-Sh-Sh-Sh-Sh-Sh-Sh-Sh-Sh,7,1,False,False,False,False
2780,G-G-Sp-Sp-Sp-Sp-Sp-Sp-Sp-Sp-Sp-Sp-Sp-Sp-Sp-Sp-Sp-Sp-G-G-G-G-G,7,2,False,False,False,False
2781,F-F-F-F-F-F-F-F-F-F-F-F-F-F-F-F-Sh-Sh-Sh-Sh-G-G-G,7,2,False,False,True,False
2782,Sh-A-A-A-A-A-A-A-A-A-F-F-F-F-F-F-F-F-F-F-F-F-F,7,2,False,False,False,False
2783,A-A-A-A-A-A-A-A-A-A-F-F-F-F-F-F-F-F-F-F-F-A-A,7,2,False,False,False,False
2784,Sh-Sh-Sh-Sh-Sh-Sh-Sh-Sh-Sh-A-A-A-A-A-A-A-A-A-A-Sh-Sh-Sh-Sh,7,2,False,False,False,False
2785,F-F-F-Wt-Wt-Wt-Wt-Wt-Wt-Wt-Wt-Wt-Wt-Wt-Wt-Wt-Wt-Wt-Wa-Wa-Wa-Wa-Wa,7,2,False,False,False,False
2786,Sh-A-A-A-A-A-A-A-A-A-A-A-A-Sh-Sh-Sh-Sh-Sh-Sh-Sh-Sh-Sh-Sh,7,2,False,False,False,False
2787,F-F-F-F-F-F-F-F-F-F-F-F-F-F-F-Sh-F-F-F-F-F-F-F,7,2,False,False,True,False
2788,Sh-Sh-Sh-Sh-Sh-Sh-Sh-Sh-Sh-Sh-Sh-Sh-Sh-Sh-Sh-Sh-Sh-Sh-Sh-Sh-F-A-A,7,2,False,False,False,False
2789,F-F-F-F-F-F-F-F-F-F-F-F-F-F-Sh-Sh-Sh-Sh-Sh-F-F-F-F,7,2,False,False,False,False
2790,G-G-G-Sh-Sh-Sh-Sh-Sh-Sh-Sh-Sh-Sh-Sh-Sh-Sh-Sh-Sh-Sh-F-F-F-F-F,7,2,False,False,False,False
2791,F-F-Wt-Wt-Wt-Wt-Wt-Wt-Wt-Wt-Wt-Wt-F-F-F-F-F-F-F-F-F-F-F,7,2,False,False,False,False
2792,Sh-Sh-Sh-Sh-Sh-Sh-Sh-Sh-Sh-Sh-Sh-Sh-Sh-Sh-Sh-Sh-F-F-F-A-A-A-A,7,2,False,False,True,False
2793,B-B-B-B-B-B-B-B-B-B-B-B-B-B-B-B-B-B-Sp-Sp-G-G-G,7,2,False,False,False,False
2794,A-A-A-A-A-A-A-F-F-F-F-F-F-F-F-F-F-Sh-Sh-Sh-Sh-Sh-Sh,7,2,False,False,False,False
2795,B-B-B-B-B-B-B-B-B-B-B-B-B-B-B-B-Sp-Sp-G-G-G-G-G,7,2,False,False,True,False
2796,B-B-B-B-B-B-B-B-B-B-B-B-B-B-B-B-Sh-Sh-Sh-Sh-Sh-Sh-Sh,7,1,False,False,True,True
2797,Sh-Sh-Sh-Sh-Sh-Sh-Sh-Sh-Sh-Sh-Sh-Sh-Sh-Sh-F-F-F-F-F-F-F-Sh-Sh,7,2,False,False,False,False
2798,F-F-F-F-F-F-F-F-F-F-Sh-Sh-Sh-Sh-Sh-Sh-A-A-A-A-A-A-A,7,2,False,True,True,False
2799,Sh-Sh-F-F-F-F-F-F-F-F-F-F-F-F-F-F-F-F-F-F-F-F-Wt,7,2,False,False,False,False
2800,Sh-Sh-F-F-F-F-F-F-F-F-F-F-F-F-F-F-F-F-F-F-F-A-A,7,2,False,False,False,False
2801,A-A-A-A-A-A-A-A-A-A-Sh-Sh-Sh-Sh-Sh-Sh-Sh-F-F-F-F-F-F,7,2,False,True,False,False
2802,Sh-Sh-F-F-F-F-F-F-F-F-F-F-F-Sh-Sh-Sh-Sh-Sh-Sh-Sh-Sh-Sh-Sh,7,2,False,False,False,False
2803,Sh-Sh-Sh-Sh-Sh-Sh-Sh-Sh-Sh-F-F-F-F-F-F-F-A-A-A-A-A-A-A,7,2,False,False,True,False
2804,Sh-F-F-F-F-F-F-F-F-F-F-F-F-F-F-F-Wt-Wt-Wt-Wt-Wt-Wt-Wt,7,2,False,False,True,False
2805,Sh-Sh-Sh-Sh-Sh-Sh-Sh-Sh-Sh-Sh-Sh-Sh-Sh-Sh-F-F-F-F-A-A-A-A-A,7,2,False,False,False,False
2806,B-B-B-B-B-B-B-B-B-B-B-B-B-B-B-B-B-B-Wa-Wa-Wa-Wa-Wa,7,1,False,False,False,False
2807,A-A-A-A-A-A-A-A-F-F-F-F-F-F-F-F-F-F-Sh-Sh-Sh-Sh-Sh,7,2,False,False,False,False
2808,B-B-B-B-B-B-B-B-B-B-B-B-B-B-B-B-B-B-B-Sp-Sp-Sp-U,7,2,False,False,False,False
2809,Sh-F-F-F-F-F-F-F-F-Sh-Sh-Sh-Sh-Sh-Sh-Sh-Sh-Sh-Sh-Sh-Sh-Sh-Sh,7,2,False,False,False,False
2810,Sh-F-F-F-F-F-F-F-F-F-F-Wt-Wt-Wt-Wt-Wt-Wt-Wt-Wt-Wt-Wt-Wt-Wt,7,2,False,False,False,False
2811,Sh-F-F-F-F-F-F-F-F-F-F-Wt-Wt-Wt-Wt-Wt-Wt-Wt-F-F-F-F-F,7,3,False,False,False,False
2812,B-Wa-Wa-Wa-Wa-Wa-Wa-Wa-Wa-Wa-B-B-B-B-B-B-B-B-B-B-B-B-B,7,2,False,False,False,False
2813,A-A-A-A-A-A-A-A-A-Sh-Sh-Sh-Sh-Sh-Sh-Sh-Sh-Sh-Sh-G-G-G-G,7,2,False,False,False,False
2814,G-G-G-G-Sh-Sh-Sh-Sh-Sh-Sh-Sh-Sh-Sh-Sh-Sh-Sh-Sh-Sh-A-A-A-A-A,7,2,False,False,False,False
2815,Sh-F-F-Wt-Wt-Wt-Wt-Wt-Wt-Wt-Wt-Wt-Wt-Wt-Wt-Wt-Wt-Wt-Wt-Wt-Wt-Wt-Wt,7,2,False,False,False,False
2816,Sh-Sh-A-A-A-A-A-A-A-A-A-A-A-A-A-A-A-F-F-F-F-F-F,7,2,False,False,False,False
2817,Wa-Wa-Wt-Wt-F-F-F-F-F-F-F-F-F-F-F-F-F-F-F-F-F-F-F,7,2,False,False,False,False
2818,F-F-F-Sh-Sh-Sh-Sh-Sh-Sh-Sh-Sh-Sh-Sh-Sh-Sh-Sh-Sh-Sh-Sh-U-U-U-U,7,2,False,False,False,False
2819,Sh-Sh-Sh-Sh-Sh-Sh-Sh-Sh-Sh-Sh-Sh-Sh-F-F-F-F-F-F-F-F-F-A-A,7,2,False,False,False,False
2820,Sh-Sh-Sh-Sh-Sh-Sh-Sh-Sh-Sh-Sh-Sh-G-G-G-G-G-G-G-G-G-F-F-F,7,2,False,False,False,False
2821,Sh-Sh-A-A-A-A-A-A-A-A-A-A-A-A-A-A-A-A-A-A-F-F-F,7,2,False,False,False,False
2822,Sh-Sh-Sh-Sh-Sh-Sh-Sh-Sh-Sh-Sh-Sh-F-F-F-F-F-F-F-F-F-F-Sh-Sh,7,2,False,False,False,False
2823,Wa-Sh-Sh-Sh-Sh-Sh-Sh-Sh-Sh-Sh-Sh-Sh-Sh-Sh-Sh-Sh-Wa-Wa-Wa-Wa-Wa-Wa-Wa,7,2,False,False,True,False
2824,G-G-G-G-G-B-B-B-B-B-B-B-B-B-B-B-B-B-G-G-G-G-G,7,2,False,False,False,False
2825,Sp-Sp-Sp-Sp-Sp-B-B-B-B-B-B-B-B-B-B-B-B-B-G-G-G-G-G,7,2,False,False,False,False
2826,Sp-Sp-Sp-Sp-Sp-Sp-B-B-B-B-B-B-B-B-B-B-B-B-B-G-G-G-G,7,2,False,False,False,False
2827,A-A-Sh-Sh-Sh-Sh-Sh-Sh-Sh-Sh-Sh-Sh-F-F-F-F-F-F-F-F-F-F-F,7,2,False,False,False,False
2828,Wt-Wt-Wt-Wt-Wt-Wt-A-A-A-A-A-A-A-A-A-A-A-Wt-Wt-Wt-Wt-Wt-Wt,7,2,False,False,False,False
2829,G-F-F-F-F-F-F-F-F-F-F-F-F-F-F-F-F-F-F-A-A-A-A,7,2,False,False,False,False
2830,A-A-Sh-Sh-Sh-Sh-Sh-Sh-Sh-Sh-Sh-Sh-Sh-Sh-Sh-Sh-Sh-Sh-Sh-Sh-Sh-F-F,7,2,False,False,False,False
2831,F-F-F-F-F-Sh-Sh-Sh-Sh-Sh-Sh-Sh-Sh-Sh-Sh-Sh-Sh-Sh-Sh-G-G-G-G,7,2,False,False,False,False
2832,Sh-Sh-Sh-Sh-Sh-F-F-F-F-F-F-F-F-F-F-F-F-F-F-G-G-G-G,7,2,False,False,False,False
2833,A-A-A-A-A-A-A-A-A-A-A-A-A-A-F-F-F-F-F-F-F-F-A,7,2,False,False,False,False
2834,F-F-F-F-F-F-Sh-Sh-Sh-Sh-Sh-Sh-Sh-Sh-Sh-Sh-Sh-Sh-Sh-Sh-G-G-G,7,2,False,False,False,False
2835,B-B-B-B-B-B-B-B-B-Sp-Sp-Sp-Sp-Sp-Sp-Sp-Sp-Sp-G-G-G-G-G,6,2,False,False,False,False
2836,F-Sh-Sh-Sh-Sh-Sh-Sh-Sh-Sh-Sh-Sh-Sh-Sh-Sh-Sh-Sh-G-G-G-G-G-G-G,6,2,False,False,True,False
2837,B-B-B-B-B-B-B-B-B-B-Sp-Sp-Sp-Sp-Sp-Sp-Sp-B-B-B-B-B-B,6,2,False,False,False,False
2838,B-B-B-B-B-B-B-B-B-B-Sp-Sp-Sp-Sp-Sp-Sp-B-B-B-Sp-Sp-Sp-Sp,6,3,False,False,True,False
2839,B-B-B-B-B-B-B-B-B-B-Sp-Sp-Sp-Sp-Sp-Sp-B-B-B-B-B-B-B,6,2,False,False,True,False
2840,F-F-F-F-F-F-F-F-Wt-Wt-Wt-Wt-Wt-Wt-Wt-Wt-Wa-Wa-Wa-Wa-Wa-Wa-Wa,6,2,False,True,True,False
2841,Wa-Wa-Wa-Wa-A-A-A-A-A-A-A-A-A-A-A-A-A-Wa-Wa-Wa-Wa-Wa-Wa,6,2,False,False,False,False
2842,Sh-Sh-Sh-Sh-Sh-Sh-Sh-A-A-F-F-F-F-F-F-F-F-F-F-F-F-F-F,6,2,False,False,False,False
2843,G-G-G-G-G-G-G-G-B-B-B-B-B-B-B-B-B-B-B-B-B-B-Sp,6,2,False,False,False,False
2844,A-A-A-A-A-A-A-A-A-A-A-Sh-Sh-Sh-Sh-Sh-Sh-F-F-F-F-F-F,6,2,False,False,False,False
2845,A-A-A-A-A-A-A-A-A-A-A-Sh-Sh-Sh-Sh-Sh-Sh-Sh-Sh-G-G-G-G,6,2,False,False,False,False
2846,Wa-Wa-Wa-Wa-Sh-Sh-Sh-Sh-Sh-Sh-Sh-Sh-Sh-Sh-Sh-Sh-Sh-Sh-Sh-Wa-Wa-Wa-Wa,6,2,False,False,False,False
2847,G-G-G-Wa-Wa-Wa-Wa-Wa-Wa-Wa-Wa-Wa-B-B-B-B-B-B-B-B-B-B-B,6,2,False,False,False,False
2848,F-F-B-B-B-B-B-B-B-B-B-B-B-B-G-G-G-G-G-G-G-G-G,6,2,False,False,False,False
2849,F-F-F-F-F-F-F-F-Sp-Sp-Sp-Sp-Sp-Sp-Sp-Sp-Sp-Sp-Sp-Sh-Sh-Sh-Sh,6,2,False,False,False,False
2850,Sh-Sh-Sh-Sh-Sh-Sh-G-G-G-G-G-G-G-G-G-G-F-F-F-F-F-F-F,6,2,False,False,True,False
2851,G-G-G-G-G-G-G-G-G-Sp-Sp-Sp-Sp-Sp-Sp-Sp-Sp-Sp-Sp-Sp-G-G-G,6,2,False,False,False,False
2852,Sh-Wa-Wa-Wa-Wa-Wa-Wa-Wa-Sh-Sh-Sh-Sh-Sh-Sh-Sh-Sh-Sh-Sh-Sh-Sh-Sh-Sh-Sh,6,2,False,False,False,False
2853,Wt-Wt-Wt-Sh-Sh-Sh-Sh-Sh-Sh-Sh-Sh-Sh-Sh-Sh-Sh-Sh-Sh-Sh-Sh-F-F-F-F,6,2,False,True,False,False
2854,F-F-F-F-F-F-F-F-F-F-F-F-F-F-F-F-F-F-A-A-F-F-F,6,2,False,False,False,False
2855,Sh-Wa-Wa-Wa-Wa-Wa-Wa-Wa-Wa-Wa-Wa-Wa-Wa-Wa-Wa-Wa-Wa-Wa-G-G-G-G-G,6,2,False,False,False,False
2856,F-F-F-F-F-F-F-F-F-F-F-F-F-F-F-F-A-A-F-F-F-F-F,6,2,False,False,True,False
2857,Wt-Wt-Wt-Sh-Sh-Sh-Sh-Sh-A-A-A-A-A-A-A-A-A-A-A-A-A-A-A,6,2,False,False,False,False
2858,Sh-Sh-Sh-Sh-Sh-Sh-F-F-F-F-F-F-F-F-F-F-F-F-F-F-F-F-G,6,2,False,False,False,False
2859,G-G-G-G-G-G-G-A-A-A-A-A-A-A-A-A-A-A-A-G-G-G-G,6,2,False,False,False,False
2860,Sh-Sh-Sh-Sh-A-A-A-A-A-A-A-A-A-A-A-A-A-A-A-F-F-F-F,6,2,False,True,False,False
2861,F-F-Sp-B-B-B-B-B-B-B-B-B-B-B-B-B-B-B-B-B-B-B-B,6,2,False,False,False,False
2862,Sp-Sp-Sp-Sp-Sp-Sp-Sp-Sp-Sp-Sp-Sp-Sp-Sp-Sp-Sp-Sp-B-Sp-Sp-Sp-Sp-Sp-Sp,6,2,False,False,True,False
2863,F-Sh-Sh-Sh-Sh-Sh-Sh-Sh-Sh-Sh-Sh-Sh-Sh-Sh-Sh-Sh-Sh-Wa-Wa-Wa-Wa-Wa-Wa,6,2,False,False,False,False
2864,Sh-Sh-Sh-Sh-Sh-Sh-Sh-Sh-Sh-A-A-A-A-A-A-A-A-A-A-A-A-A-F,6,2,False,True,False,False
2865,Wt-Wt-Wt-Wt-Wt-Wt-Wt-Wt-Wt-Wt-F-F-F-F-F-F-F-F-F-Wt-Wt-Wt-Wt,6,2,False,False,False,False
2866,Sh-Sh-Sh-Sh-Sh-Sh-Sh-Sh-Sh-A-A-A-A-A-A-A-A-A-F-F-F-F-F,6,2,False,False,False,False
2867,F-F-F-F-F-F-F-F-F-Wt-Wt-Wt-Wt-Wt-Wt-Wt-Wt-Wt-Wt-Wt-F-F-F,6,2,False,False,False,False
2868,Sh-Sh-Sh-Sh-Sh-Sh-Sh-Sh-Sh-A-A-A-A-A-F-F-F-F-F-F-F-F-F,6,2,False,True,False,False
2869,A-A-A-A-A-A-A-A-A-A-F-F-F-F-F-F-F-F-G-G-G-G-G,6,2,False,False,False,False
2870,G-G-G-G-G-G-G-G-G-G-G-G-G-G-G-G-G-Sp-G-G-G-G-G,6,2,False,False,False,False
2871,A-Sh-Sh-Sh-Sh-Sh-Sh-Sh-Sh-Sh-Sh-Sh-Sh-U-U-U-U-U-U-U-U-U-U,6,2,False,True,False,False
2872,A-Sh-Sh-Sh-Sh-Sh-Sh-Sh-Sh-Sh-Sh-Sh-Sh-Sh-Sh-Sh-Sh-Sh-Sh-Sh-F-F-F,6,2,False,False,False,False
2873,F-F-F-F-F-F-F-F-F-F-F-F-F-F-F-F-Sh-Sh-Sh-Sh-Sh-F-F,6,2,False,False,True,False
2874,Sh-A-A-A-A-A-A-A-A-A-A-A-A-A-A-A-A-A-A-A-A-U-U,6,2,False,False,False,False
2875,F-F-F-F-F-F-F-F-F-F-F-F-F-F-F-F-G-G-G-G-G-F-F,6,2,False,False,True,False
2876,G-G-G-G-G-G-G-G-G-G-F-F-F-F-F-F-F-A-A-A-A-A-A,6,2,False,False,False,False
2877,G-G-Sp-Sp-Sp-Sp-Sp-Sp-Sp-Sp-Sp-Sp-Sp-Sp-Sp-Sp-Sp-Sp-B-B-B-B-B,6,2,False,False,False,False
2878,G-G-F-F-F-F-F-F-F-F-F-F-F-F-F-F-F-F-A-A-A-A-A,6,2,False,False,False,False
2879,G-G-F-F-F-F-F-F-F-F-F-F-F-F-F-F-A-A-A-A-A-A-A,6,2,False,False,True,False
2880,Sh-Sh-Sh-Sh-Sh-Sh-Sh-Sh-Sh-Sh-Sh-Sh-Sh-Sh-Sh-Sh-B-B-B-B-B-B-B,6,1,False,False,True,True
2881,F-F-F-F-F-F-F-F-F-F-F-F-F-F-F-F-F-F-Sh-Sh-Sh-Sh-F,6,2,False,True,False,False
2882,F-F-F-F-F-F-F-F-F-F-F-F-F-F-F-F-F-F-Wa-Wa-Wa-F-F,6,2,False,False,False,False
2883,F-F-F-F-F-F-F-F-F-F-F-F-F-F-F-F-F-F-F-Sh-G-G-G,6,2,False,True,False,False
2884,F-F-F-F-F-F-F-F-F-F-F-F-F-F-F-F-F-F-F-Sh-Sh-Sh-F,6,2,False,False,False,False
2885,F-F-F-F-F-F-F-F-F-F-F-F-F-F-F-F-F-F-F-Wa-Wa-F-F,6,2,False,False,False,False
2886,A-A-A-A-A-F-F-F-F-F-F-F-F-F-F-F-Sh-Sh-Sh-Sh-Sh-Sh-Sh,6,2,False,False,True,False
2887,A-A-A-A-A-Sh-Sh-Sh-Sh-Sh-Sh-Sh-Sh-Sh-Sh-Sh-Sh-Sh-A-A-A-A-A,6,2,False,False,False,False
2888,F-F-F-F-F-F-F-F-F-F-F-F-F-F-F-F-F-G-G-G-G-F-F,6,2,False,False,False,False
2889,A-A-A-F-F-F-F-F-F-F-F-F-F-F-F-F-F-F-Wt-Wt-Wt-Wt-Wt,6,2,False,False,False,False
2890,Wt-F-F-F-F-F-F-F-F-F-F-F-F-F-F-F-F-F-F-F-F-A-A,6,2,False,False,False,False
2891,A-A-A-A-A-A-A-A-A-A-A-F-F-F-F-F-F-F-F-F-A-A-A,6,2,False,False,False,False
2892,G-G-G-G-G-F-F-F-F-F-F-F-F-F-F-F-F-F-F-A-A-A-A,6,2,False,False,False,False
2893,A-A-A-A-A-A-A-A-A-A-A-F-F-F-F-F-F-F-A-A-A-A-A,6,2,False,False,False,False
2894,A-A-A-A-A-A-A-A-A-A-A-A-Sh-Sh-Sh-Sh-Sh-Sh-Sh-Sh-Sh-F-F,6,2,False,False,False,False
2895,Sp-Sp-Sp-Sp-Sp-G-G-G-G-G-G-G-G-G-G-G-G-G-G-G-A-A-A,6,2,False,False,False,False
2896,F-F-F-F-F-F-F-A-A-A-A-A-A-A-A-A-A-F-F-F-F-F-F,6,2,False,False,False,False
2897,G-G-G-G-G-G-G-G-Sh-Sh-Sh-Sh-Sh-Sh-Sh-Sh-Sh-Sh-Sh-A-A-A-A,6,2,False,False,False,False
2898,F-F-F-F-Sh-Sh-Sh-Sh-Sh-Sh-Sh-Sh-Sh-Sh-Sh-Sh-Sh-Sh-Sh-Sh-G-G-G,6,2,False,False,False,False
2899,G-G-G-G-G-G-G-G-Sh-Sh-Sh-Sh-Sh-Sh-Sh-Sh-F-F-F-F-F-F-F,6,2,False,False,True,False
2900,Sh-Sh-Sh-Sh-Sh-Sh-Sh-F-F-F-F-F-F-F-F-F-Sh-Sh-Sh-Sh-Sh-Sh-Sh,6,2,False,False,True,False
2901,A-A-A-A-G-G-G-G-G-G-G-G-G-G-G-G-G-G-G-G-Sp-Sp-Sp,6,2,False,False,False,False
2902,G-G-G-G-G-G-G-G-G-G-G-G-G-G-G-G-B-B-B-B-B-Sp-Sp,6,2,False,False,True,False
2903,Wa-Wa-Wa-Wa-Wa-Sh-Sh-Sh-Sh-Sh-Sh-Sh-Sh-Sh-Sh-Sh-Wa-Wa-Wa-Wa-Wa-Wa-Wa,6,2,False,True,True,False
2904,Sh-Sh-Sh-Sh-Sh-Sh-Sh-F-F-F-F-F-F-F-F-F-F-F-F-F-F-F-G,6,2,False,False,False,False
2905,Wt-Wt-Wt-Wt-Wt-Wt-Wt-Sh-Sh-Sh-Sh-Sh-Sh-Sh-Sh-Sh-Sh-Sh-Wt-Wt-Wt-Wt-Wt,6,2,False,False,False,False
2906,Sp-Sp-Sp-Sp-Sp-Sp-G-G-G-G-G-G-G-G-G-G-G-G-G-Sp-Sp-Sp-Sp,6,2,False,True,False,False
2907,Sp-Sp-Sp-Sp-Sp-Sp-Sp-Sp-Sp-G-G-G-G-G-G-G-G-Sp-Sp-Sp-Sp-Sp-Sp,6,2,False,False,False,False
2908,Wt-F-F-F-F-F-F-F-F-F-F-F-F-F-F-F-F-F-F-Wt-Wt-Wt-Wt,6,2,False,False,False,False
2909,A-A-A-F-F-F-F-F-F-F-F-F-F-F-F-F-F-F-F-F-F-F-Sh,6,2,False,False,False,False
2910,A-A-A-F-F-F-F-F-F-F-F-F-F-F-F-F-Sh-Sh-Sh-Sh-Sh-Sh-Sh,6,2,False,False,True,False
2911,Sp-Sp-Sp-Sp-Sp-Sp-Sp-Sp-G-G-G-G-G-G-G-G-G-G-G-G-A-A-A,6,2,False,False,False,False
2912,Wt-Wt-Wt-Wt-Wt-Wt-Wt-Wt-Wt-Wt-Wa-Wa-Wa-Wa-Wa-Wa-Wa-Wa-Wa-Wa-Wa-Wt-Wt,6,2,False,False,False,False
2913,F-Wt-Wt-Wt-Wt-Wt-Wt-Wt-Wt-Wt-Wt-Wt-Wt-Wt-Wt-Wt-Wt-F-F-F-F-F-F,6,2,False,True,False,False
2914,G-G-G-G-F-F-F-F-F-F-F-F-F-F-F-F-F-F-F-G-G-G-G,6,2,False,False,False,False
2915,Wa-Wa-Wa-Wa-Wa-Sh-Sh-Sh-Sh-Sh-Sh-Sh-Sh-Sh-Sh-Sh-Sh-Sh-A-A-A-A-A,6,2,False,False,False,False
2916,Sp-G-G-G-G-G-G-G-G-Sp-Sp-Sp-Sp-Sp-Sp-Sp-Sp-Sp-Sp-Sp-Sp-Sp-Sp,6,2,False,False,False,False
2917,F-F-F-F-F-F-F-F-F-F-F-F-F-F-A-A-A-A-A-A-A-F-F,6,2,False,False,False,False
2918,F-F-F-F-F-F-F-F-F-F-F-F-F-A-A-A-A-A-A-A-A-F-F,6,2,False,False,False,False
2919,A-A-A-A-G-G-G-G-G-G-G-G-B-B-B-B-B-B-B-B-B-B-B,6,2,False,False,False,False
2920,A-A-A-A-Sh-Sh-F-F-F-F-F-F-F-F-F-F-F-F-F-F-F-F-F,6,2,False,False,False,False
2921,G-B-B-B-B-B-B-B-B-B-B-B-B-B-B-B-B-B-Sp-Sp-Sp-Sp-Sp,6,2,False,False,False,False
2922,G-B-B-B-B-B-B-B-B-B-B-B-B-B-B-B-B-B-B-B-Sp-Sp-Sp,6,2,False,False,False,False
2923,B-B-B-B-B-B-B-Sp-Sp-Sp-Sp-Sp-Sp-Sp-Sp-Sp-Sp-Sp-Sp-Sp-G-G-G,6,2,False,False,False,False
2924,G-G-G-F-F-F-F-F-F-F-F-F-F-F-F-F-A-A-A-A-A-A-A,6,2,False,False,True,False
2925,Wt-Wt-Wt-Wt-Wt-U-U-U-U-U-U-U-U-U-U-U-U-U-U-U-U-U-U,6,1,False,False,False,False
2926,Sp-B-B-B-B-B-B-B-B-B-G-G-G-G-G-G-G-G-G-G-G-G-G,6,2,False,False,False,False
2927,Sh-Sh-Sh-Sh-Sh-Sh-Sh-Sh-F-F-F-F-F-F-F-F-F-F-A-A-A-A-A,6,2,False,False,False,False
2928,F-F-F-F-F-F-F-F-F-A-A-A-A-A-A-A-A-F-F-F-F-F-F,6,2,False,False,False,False
2929,Sh-Sh-Sh-A-A-A-A-A-A-A-Sh-Sh-Sh-Sh-Sh-Sh-Sh-Sh-Sh-Sh-Sh-Sh-Sh,6,2,False,False,False,False
2930,A-A-A-Sh-Sh-Sh-Sh-Sh-Sh-Sh-Sh-Sh-Sh-Sh-Sh-Sh-Sh-Sh-Sh-A-A-A-A,6,2,False,False,False,False
2931,A-A-A-A-A-A-A-A-A-A-A-F-F-F-F-F-F-F-F-F-F-F-A,6,2,False,False,False,False
2932,A-A-A-A-A-A-A-A-A-A-A-F-F-F-F-F-F-F-F-F-F-F-G,6,2,False,False,False,False
2933,A-A-A-G-G-G-G-G-G-G-G-G-G-G-G-G-G-G-G-G-F-F-F,6,2,False,False,False,False
2934,G-G-F-F-F-F-F-F-F-F-F-F-F-Sp-Sp-Sp-Sp-Sp-Sp-Sp-Sp-Sp-Sp,6,2,False,False,False,False
2935,Sh-Sh-Sh-A-A-A-A-A-A-A-A-A-A-A-A-A-A-F-F-F-F-F-F,6,2,False,True,False,False
2936,Sh-Sh-Sh-Sh-Sh-Sh-Sh-Sh-G-G-G-G-G-G-G-G-F-F-F-F-F-F-F,6,2,False,False,True,False
2937,Wt-Wt-Wt-Wt-Wt-Sh-Sh-Sh-Sh-Sh-Sh-Sh-Sh-Sh-Sh-Sh-Sh-Sh-Sh-A-A-A-A,6,2,False,False,False,False
2938,F-F-F-F-F-F-F-F-F-F-F-A-A-A-A-A-F-F-F-F-F-F-F,6,2,False,True,True,False
2939,Sp-Sp-Sp-Sp-F-F-F-F-F-F-F-F-F-F-F-F-F-F-F-Wa-Wa-Wa-Wa,6,2,False,False,False,False
2940,F-Wt-Wt-Wt-Wt-Wt-A-A-A-A-A-A-A-A-A-A-A-A-A-A-A-A-A,6,2,False,False,False,False
2941,Wt-Wt-Wt-Wt-Wt-Wt-Sh-Sh-Sh-Sh-Sh-Sh-Sh-Sh-Sh-Sh-Sh-Sh-Sh-Sh-F-F-F,6,2,False,False,False,False
2942,F-F-F-G-G-G-G-G-G-G-G-G-G-G-F-F-F-F-F-F-F-F-F,6,2,False,False,False,False
2943,A-A-A-A-A-A-A-A-A-A-A-A-A-A-F-F-F-F-A-A-A-A-A,6,2,False,False,False,False
2944,A-A-A-A-A-A-A-A-F-F-F-F-F-F-F-F-F-F-F-F-F-F-Sh,6,2,False,False,False,False
2945,A-F-F-F-F-F-F-F-F-F-F-F-F-F-F-F-F-F-F-F-F-Wt-Wt,6,2,False,False,False,False
2946,Sp-Sp-Sp-Sp-Sp-Sp-Sp-Sp-Sp-Sp-Sp-Sp-B-B-B-B-B-B-B-B-Sp-Sp-Sp,6,2,False,False,False,False
2947,Sh-F-F-F-F-F-F-F-Sh-Sh-Sh-Sh-Sh-Sh-Sh-Sh-F-F-F-F-F-F-F,6,3,False,False,True,False
2948,F-F-F-B-B-B-B-B-B-B-B-B-B-B-B-B-B-B-B-Sp-Sp-Sp-Sp,6,2,False,True,False,False
2949,A-F-F-F-F-F-F-F-F-F-F-F-F-F-F-F-Sp-Sp-Sp-Sp-Sp-Sp-Sp,6,2,False,False,True,False
2950,G-G-G-G-B-B-B-B-B-B-B-B-B-B-B-B-B-B-Sp-Sp-Sp-Sp-Sp,6,2,False,False,False,False
2951,Sp-Sp-Sp-Sp-B-B-B-B-B-B-B-B-B-B-B-B-B-Sp-Sp-Sp-Sp-Sp-Sp,6,2,False,False,False,False
2952,F-F-Wt-Wt-Wt-G-G-G-G-G-G-G-G-G-G-G-G-G-G-G-G-G-G,6,2,False,False,False,False
2953,B-B-B-B-B-B-B-B-B-B-B-B-B-B-B-B-B-Sp-Sp-G-G-G-G,6,2,False,False,False,False
2954,Wt-Wt-Wt-Wt-Wt-Wt-Wt-Wt-Wt-F-F-F-F-F-F-F-F-Wt-Wt-Wt-Wt-Wt-Wt,6,2,False,False,False,False
2955,Sh-Sh-F-F-F-F-F-F-F-F-Wt-Wt-Wt-Wt-Wt-Wt-Wt-Wt-Wt-Wt-Wt-Wt-Wt,6,2,False,False,False,False
2956,Sh-Sh-Sh-Sh-Sh-Sh-Sh-Sh-Sh-F-F-F-F-F-F-F-F-F-F-F-F-F-Wt,6,2,False,False,False,False
2957,A-F-F-Wt-Wt-Wt-Wt-Wt-Wt-Wt-Wt-Wt-Wt-Wt-Wt-Wt-Wt-Wt-Wt-Wt-Wt-Wt-Wt,6,2,False,False,False,False
2958,G-G-G-G-G-G-G-G-G-G-G-G-G-G-G-G-G-G-Wt-Wt-Wt-Wt-Wt,6,1,False,False,False,False
2959,G-G-G-G-G-G-G-B-B-B-B-B-B-B-B-B-B-B-B-Sp-Sp-Sp-Sp,6,2,False,False,False,False
2960,Wt-Wt-Wt-Wt-F-F-F-F-F-F-F-F-F-F-F-F-F-F-Sp-Sp-Sp-Sp-Sp,6,2,False,False,False,False
2961,Wt-Wt-Wt-Wt-F-F-F-F-F-F-F-F-F-F-F-F-F-F-Wt-Wt-Wt-Wt-Wt,6,2,False,False,False,False
2962,Wt-Wt-Wt-Wt-F-F-F-F-F-F-F-F-F-F-F-F-F-F-F-F-Wt-Wt-Wt,6,2,False,False,False,False
2963,G-F-F-F-F-F-F-F-F-F-F-G-G-G-G-G-G-G-G-G-G-G-G,6,2,False,False,False,False
2964,A-A-A-A-A-A-A-Sh-Sh-Sh-Sh-Sh-Sh-Sh-Sh-Sh-Sh-Sh-Sp-Sp-Sp-Sp-Sp,6,2,False,False,False,False
2965,Wt-Wt-Wt-Wt-Wt-Wt-Wt-Wt-Wt-Wt-F-F-F-F-F-F-F-F-F-F-F-A-A,6,2,False,False,False,False
2966,A-A-A-A-A-A-A-A-A-A-A-A-A-A-A-A-Wt-Wt-Wt-Wt-Wt-F-F,6,2,False,False,True,False
2967,A-A-A-A-A-A-A-A-A-A-A-A-A-A-A-A-A-A-Wt-Wt-Wt-Wt-F,6,2,False,True,False,False
2968,A-A-Sh-Sh-Sh-Sh-Sh-F-F-F-F-F-F-F-F-F-F-F-F-F-F-F-F,6,2,False,False,False,False
2969,A-A-Wa-Wa-Wa-Wa-Wa-Wt-Wt-Wt-Wt-Wt-Wt-Wt-Wt-Wt-Wt-Wt-Wt-Wt-Wt-Wt-Wt,6,2,False,False,False,False
2970,A-A-A-A-A-A-A-A-A-A-A-A-A-A-A-A-A-F-F-F-F-F-A,6,2,False,True,False,False
2971,Wa-Wa-Wa-Wa-Wa-Wa-Wa-Wa-Wa-Wa-Wa-Wa-Wa-Wa-Wa-Wa-Wa-Wa-Wa-Sp-Sh-Sh-Sh,6,2,False,False,False,False
2972,Wa-Wa-Wa-Wa-Wa-Wa-Wa-Wa-Sh-Sh-Sh-Sh-Sh-Sh-Sh-Sh-Sh-Sh-Sh-F-F-F-F,6,2,False,False,False,False
2973,A-A-A-A-A-A-A-A-A-A-A-A-A-A-A-A-Wt-Wt-Wt-Wt-F-F-F,6,2,False,False,True,False
2974,Sh-Sh-Sh-Sh-F-F-F-F-F-F-F-F-F-F-F-F-G-G-G-G-G-G-G,6,2,False,False,True,False
2975,Wt-Wt-Wt-Wt-Wt-Wt-A-A-A-A-A-A-A-A-A-A-A-A-Wt-Wt-Wt-Wt-Wt,6,2,False,False,False,False
2976,A-A-A-A-A-A-A-A-A-A-A-A-A-A-F-F-F-F-F-Sh-Sh-Sh-Sh,6,2,False,False,False,False
2977,Sp-Sp-Sp-Sp-Sp-Sp-Sp-Sp-Sp-B-B-B-B-B-B-B-B-A-A-A-A-A-A,6,2,False,False,False,False
2978,F-F-F-F-F-F-F-F-F-F-Wt-Wt-Wt-Wt-Wt-Wt-F-F-F-F-F-F-F,6,2,False,True,True,False
2979,Sp-Sp-Sp-Sp-Sp-Sp-B-B-B-B-B-B-B-B-B-B-B-A-A-A-A-A-A,6,2,False,False,False,False
2980,Sh-Sh-Sh-Sh-Sh-Sh-Sh-Sh-Sh-Sh-Sh-F-F-F-F-F-F-F-F-F-Sh-Sh-Sh,6,2,False,False,False,False
2981,Sh-Sh-A-A-A-A-A-A-A-A-A-A-A-A-A-A-A-A-A-A-A-A-F,6,2,False,True,False,False
2982,F-F-F-Sh-Sh-Sh-Sh-Sh-Sh-Sh-Sh-Sh-Sh-Sh-Sh-Sh-Sh-Sh-Sh-Wt-Wt-Wt-Wt,6,2,False,False,False,False
2983,Sh-Sh-Sh-Sh-Sh-F-F-F-F-F-F-F-F-F-F-F-F-F-F-F-Wt-Wt-Wt,6,2,False,False,False,False
2984,Wa-Wa-G-G-G-G-G-G-G-G-G-G-G-G-Wa-Wa-Wa-Wa-Wa-Wa-Wa-Wa-Wa,6,2,False,False,False,False
2985,Wa-Wa-Wt-Wt-Wt-F-F-F-F-F-F-F-F-F-F-F-F-F-F-F-F-F-F,6,2,False,False,False,False
2986,Wa-Wa-Wt-Wt-Wt-Wt-Wt-Wt-Wt-Wt-Wt-Wt-Wt-Wt-Wt-Wt-F-F-F-F-F-F-F,6,2,False,False,True,False
2987,G-G-G-G-G-G-Sp-Sp-Sp-Sp-Sp-Sp-Sp-Sp-Sp-Sp-G-G-G-G-G-G-G,6,2,False,False,True,False
2988,Sh-Sh-Sh-Sh-F-F-F-F-F-F-F-F-F-F-F-F-F-F-F-F-F-G-G,6,2,False,False,False,False
2989,Sh-A-A-A-A-A-A-Sh-Sh-Sh-Sh-Sh-Sh-Sh-Sh-Sh-Sh-Sh-Sh-F-F-F-F,6,3,False,False,False,False
2990,Sp-Sp-B-B-B-B-B-B-G-G-G-G-G-G-G-G-G-G-G-G-G-G-G,6,2,False,False,False,False
2991,F-F-F-F-F-F-F-Sh-Sh-Sh-Sh-Sh-Sh-Sh-Sh-Sh-Sh-Sh-Sh-Sh-G-G-G,6,2,False,False,False,False
2992,F-F-Wt-Wt-Wt-Wt-Wt-Wt-Wt-Wt-Wt-Wt-Wt-Wt-Wt-Wt-Wt-Wt-F-F-F-F-F,6,2,False,False,False,False
2993,F-F-F-F-F-F-F-F-F-F-F-F-F-Sh-Sh-Sh-Sh-Sh-Sh-F-F-F-F,6,2,False,False,False,False
2994,F-F-F-F-F-F-G-G-G-G-G-G-G-G-G-G-G-F-F-F-F-F-F,6,2,False,False,False,False
2995,Sh-Sh-Sh-Sh-Sh-Sh-A-A-A-A-A-A-A-A-A-A-A-A-F-F-F-F-F,6,2,False,True,False,False
2996,Sh-F-F-F-F-F-F-F-F-F-F-F-F-F-A-A-A-A-A-A-A-A-A,6,2,False,False,False,False
2997,F-F-F-F-F-F-F-Wt-Wt-Wt-Wt-Wt-Wt-Wt-Wt-Wt-Wt-Wt-Wt-Wt-Wt-F-F,6,2,False,False,False,False
2998,Sh-Sh-Sh-Sh-Sh-Sh-A-A-A-A-A-A-A-A-A-A-Wt-Wt-Wt-Wt-Wt-Wt-Wt,6,2,False,False,True,False
2999,G-G-G-Sp-Sp-Sp-Sp-Sp-Sp-Sp-Sp-Sp-Sp-Sp-Sp-Sp-G-G-G-G-G-G-G,6,2,False,False,True,False
3000,Sh-Sh-Sh-Sh-Sh-Sh-A-A-A-A-A-A-A-A-F-F-F-F-F-F-F-F-F,6,2,False,False,False,False
3001,A-A-A-A-A-A-F-F-F-F-F-F-F-F-F-F-F-F-F-F-F-Wt-Wt,6,2,False,False,False,False
3002,G-G-G-G-G-G-G-G-G-G-B-B-B-B-B-B-B-B-G-G-G-G-G,6,2,False,False,False,False
3003,F-F-F-F-F-F-F-F-F-F-F-F-F-F-Sh-Sh-Sh-Sh-Sh-Sh-Sh-Sh-F,6,2,False,False,False,False
3004,G-G-G-G-G-G-G-G-G-G-G-G-G-G-G-G-Wa-Wa-Wa-Wa-F-F-F,6,2,False,False,True,False
3005,Sh-Sh-Sh-Sh-Sh-Sh-A-A-A-A-A-A-A-A-A-A-A-A-Sh-Sh-Sh-Sh-Sh,6,2,False,False,False,False
3006,G-G-G-G-G-G-G-G-G-G-G-G-F-F-F-F-F-F-F-F-F-F-Sh,6,2,False,False,False,False
3007,F-F-F-F-F-F-F-F-F-F-F-F-F-Sh-Sh-Sh-Sh-Sh-Sh-Sh-F-F-F,6,2,False,False,False,False
3008,Wt-Wt-Wt-Wt-F-F-F-F-F-F-F-F-F-F-F-F-F-A-A-A-A-A-A,6,2,False,False,False,False
3009,B-B-B-B-B-B-B-B-B-B-B-B-Sp-Sp-Sp-Sp-Sp-Sp-Sp-Sh-Sh-Sh-Sh,6,2,False,False,False,False
3010,Sp-Sp-B-B-B-B-Sp-Sp-Sp-Sp-Sp-Sp-Sp-Sp-Sp-Sp-Sp-Sp-Sp-Sp-Sp-Sp-Sp,6,2,False,False,False,False
3011,G-F-F-F-F-F-F-F-F-F-F-F-F-F-G-G-G-G-G-G-G-G-G,6,2,False,False,False,False
3012,A-A-A-A-A-A-A-A-A-A-A-F-F-F-F-F-F-F-F-F-F-A-A,5,2,False,False,False,False
3013,Wt-Wt-Wt-Wt-A-A-A-A-A-A-A-A-A-A-A-A-A-A-F-F-F-F-F,5,2,False,False,False,False
3014,Sp-Sp-Sp-Sp-Sp-Sp-Sp-B-B-B-B-B-B-B-B-B-B-B-B-B-B-B-Sp,5,2,False,False,False,False
3015,Wa-Wa-Wa-Wa-Wa-Wa-G-G-G-G-G-G-G-G-G-G-G-G-G-Wa-Wa-Wa-Wa,5,2,False,False,False,False
3016,Wt-Wt-Wt-Wt-Wt-Wt-Wt-Wt-Wt-Wt-Wt-Wt-Wt-F-F-F-F-F-F-F-F-F-A,5,2,False,True,False,False
3017,F-Sp-Sp-Sp-Sp-Sp-Sp-Sp-Sp-Sp-Sp-Sp-Sp-Sp-Sp-Sp-Sp-Sp-B-B-B-B-B,5,2,False,True,False,False
3018,Sh-Sh-Sh-Sh-Sh-Sh-Sh-G-G-G-G-G-G-G-G-G-G-F-F-F-F-F-F,5,2,False,False,False,False
3019,Sp-Sp-Sp-Sp-Sp-Sp-Sp-Sp-Sp-Sp-G-G-G-G-G-G-G-Sp-Sp-Sp-Sp-Sp-Sp,5,2,False,False,False,False
3020,Sp-B-B-B-B-B-B-B-B-B-B-B-B-B-B-B-G-G-G-G-G-G-G,5,2,False,False,True,False
3021,Wt-Wt-F-F-F-F-F-F-F-F-F-F-F-F-F-F-F-F-F-F-Wt-Wt-Wt,5,2,False,False,False,False
3022,F-Wa-Wa-Wa-Wa-Wa-Wa-Wt-Wt-Wt-Wt-Wt-Wt-Wt-Wt-Wt-Wt-Wt-Wt-Wt-Wt-Wt-Wt,5,2,False,False,False,False
3023,Wt-Wt-F-F-F-F-F-F-F-F-F-F-F-F-F-F-F-Wt-Wt-Wt-Wt-Wt-Wt,5,2,False,False,False,False
3024,Wt-Wt-Wt-Wt-Wt-Wt-F-F-F-F-F-F-F-F-F-F-F-F-F-F-A-A-A,5,2,False,False,False,False
3025,A-A-Wa-Wa-Wa-Wa-Wt-Wt-Wt-Wt-Wt-Wt-Wt-Wt-Wt-Wt-Wt-Wt-Wt-Wt-Wt-Wt-Wt,5,2,False,False,False,False
3026,Wt-Wt-F-F-F-F-F-F-F-F-F-Wt-Wt-Wt-Wt-Wt-Wt-Wt-Wt-Wt-Wt-Wt-Wt,5,2,False,False,False,False
3027,F-F-F-F-G-G-G-G-G-G-G-G-G-G-G-G-G-G-G-G-F-F-F,5,2,False,False,False,False
3028,G-F-F-F-F-F-F-F-F-F-F-F-F-A-A-A-A-A-A-A-A-A-A,5,2,False,False,False,False
3029,Sh-Sh-Sh-Sh-Sh-Sh-Sh-F-F-F-F-F-F-F-F-F-F-F-F-F-F-Wt-Wt,5,2,False,False,False,False
3030,Sh-Sh-Sh-Sh-Sh-F-F-F-F-F-F-F-F-F-F-F-Wt-Wt-Wt-Wt-Wt-Wt-Wt,5,2,False,False,True,False
3031,A-A-A-A-A-A-A-A-A-A-A-A-A-Sh-Sh-Sh-Sh-Sh-F-F-F-F-F,5,2,False,False,False,False
3032,G-G-G-G-G-G-G-G-G-G-Sh-Sh-Sh-Sh-Sh-Sh-Sh-Sh-Sh-Sh-F-F-F,5,2,False,False,False,False
3033,Sh-Sh-Sh-Sh-Sh-Sh-Sh-F-F-F-F-F-F-F-F-F-F-Wt-Wt-Wt-Wt-Wt-Wt,5,2,False,False,False,False
3034,G-G-G-G-G-G-G-G-G-G-G-Sp-Sp-Sp-Sp-Sp-B-B-B-B-B-B-B,5,2,False,True,True,False
3035,Sh-Sh-Sh-Sh-A-A-A-A-F-F-F-F-F-F-F-F-F-F-F-F-F-F-F,5,2,False,False,False,False
3036,Sh-Sh-Sh-Sh-Sh-F-F-F-F-F-F-F-F-F-F-F-G-G-G-G-G-G-G,5,2,False,False,True,False
3037,F-Sh-Sh-A-A-A-A-A-A-A-A-A-A-A-A-A-A-A-A-F-F-F-F,5,3,False,False,False,False
3038,Sh-Sh-Sh-Sh-F-F-F-F-F-F-F-F-A-A-A-A-A-A-A-A-A-A-A,5,2,False,False,False,False
3039,G-F-F-F-F-F-F-F-F-F-F-F-F-F-F-F-F-A-A-A-A-A-A,5,2,False,False,False,False
3040,F-F-F-F-Wt-Wt-Wt-Wt-Wt-Wt-Wt-Wt-Wt-Wt-Wt-Wt-Wt-Wa-Wa-Wa-Wa-Wa-Wa,5,2,False,False,False,False
3041,F-F-F-F-G-G-G-G-G-G-G-G-G-G-G-G-G-G-F-F-F-F-F,5,2,False,False,False,False
3042,B-B-B-F-F-F-F-F-F-F-F-F-F-F-F-F-F-F-F-F-F-F-F,5,1,False,False,False,False
3043,Wt-Wt-Wt-Wt-F-F-F-F-F-F-F-F-F-F-F-F-F-F-F-F-F-F-Sh,5,2,False,False,False,False
3044,A-A-Wa-Wa-Wa-Wa-Wa-Wa-Wt-Wt-Wt-Wt-Wt-Wt-Wt-Wt-Wt-Wt-Wt-Wt-Wt-Wt-Wt,5,2,False,False,False,False
3045,A-A-A-A-A-A-A-A-A-A-A-F-F-F-F-F-F-A-A-A-A-A-A,5,2,False,False,False,False
3046,Wt-Wt-F-F-F-F-F-F-F-A-A-A-A-A-A-A-A-A-A-A-A-A-A,5,2,False,False,False,False
3047,Sp-Sp-Sp-Sp-Sp-Sp-Sp-Sp-Sp-Sp-Sp-Sp-Sp-Sp-Sp-Sp-B-B-B-G-G-G-G,5,2,False,False,True,False
3048,A-F-F-F-F-F-F-F-F-F-F-F-F-F-F-F-F-F-F-G-G-G-G,5,2,False,False,False,False
3049,Sp-Sp-Sp-Sp-Sp-Sp-Sp-Sp-Sp-Sp-Sp-Sp-Sp-Sp-Sp-Sp-Sp-Sp-B-B-G-G-G,5,2,False,False,False,False
3050,F-F-F-A-A-A-A-A-A-A-A-A-A-A-A-A-A-A-A-Sh-Sh-Sh-Sh,5,2,False,False,False,False
3051,Sh-Sh-Sh-Sh-Sh-Sh-F-F-F-F-F-F-F-F-F-F-F-F-F-F-F-F-Sp,5,2,False,False,False,False
3052,Wt-Wt-Wt-Wt-G-G-G-G-G-G-F-F-F-F-F-F-F-F-F-F-F-F-F,5,2,False,False,False,False
3053,Sp-Sp-Sp-Sp-Sp-Sp-Sp-Sp-Sp-Sp-Sp-Sp-Sp-B-B-B-B-B-G-G-G-G-G,5,2,False,False,False,False
3054,Wa-Wa-Wa-Wa-Wa-Wa-Wt-Wt-Wt-Wt-Wt-Wt-Wt-Wt-Wt-Wt-Wt-Wt-Wt-Wt-Wt-Wt-F,5,2,False,False,False,False
3055,Sp-Sp-B-B-B-B-B-B-B-Sp-Sp-Sp-Sp-Sp-Sp-Sp-Sp-Sp-Sp-Sp-Sp-Sp-Sp,5,2,False,False,False,False
3056,Wa-Wa-Wa-Wa-Wa-Wa-Wa-F-F-F-F-F-F-F-F-F-A-A-A-A-A-A-A,5,2,False,False,True,False
3057,Sp-Sp-Sp-Sp-Sp-Sp-Sp-Sp-Sp-Sp-Sp-Sp-Sp-Sp-B-B-B-B-B-B-B-Sp-Sp,5,2,False,True,False,False
3058,A-Wa-Wa-Wa-Wa-Wa-A-A-A-A-A-A-A-A-A-A-A-A-A-A-A-A-A,5,2,False,False,False,False
3059,Sp-Sp-B-B-B-B-B-B-B-B-B-B-Sp-Sp-Sp-Sp-Sp-Sp-Sp-Sp-Sp-Sp-Sp,5,2,False,False,False,False
3060,Sh-Sh-Sh-F-F-F-F-F-F-F-F-F-F-Sh-Sh-Sh-Sh-Sh-Sh-Sh-Sh-Sh-Sh,5,2,False,False,False,False
3061,F-F-F-F-F-F-F-F-Sh-Sh-Sh-Sh-Sh-Sh-Sh-Sh-Sh-Sh-Sh-U-U-U-U,5,2,False,False,False,False
3062,A-F-F-A-A-A-A-A-A-A-A-A-A-A-A-A-A-A-A-A-A-A-A,5,2,False,False,False,False
3063,F-Sh-Sh-Sh-Sh-Sh-Sh-Sh-Sh-Sh-Sh-Sh-Sh-Sh-Sh-Sh-Sh-Sh-Sh-Sh-Sh-B-B,5,2,False,False,False,False
3064,Sp-Sp-Sp-Wa-Wa-Wa-Wa-Wa-Wa-Wa-Sh-Sh-Sh-Sh-Sh-Sh-Sh-Sh-Sh-Sh-Sh-Sh-Sh,5,2,False,False,False,False
3065,F-Sh-Sh-Sh-Sh-Sh-Sh-Sh-Sh-Sh-Sh-Sh-Sh-Sh-Sh-Sh-Sh-Sh-Sh-Sh-Sh-A-A,5,2,False,False,False,False
3066,F-F-F-F-F-F-F-F-Sh-Sh-Sh-Sh-Sh-Sh-Sh-Sh-Sh-Sh-Sh-Sh-Sh-Sh-U,5,2,False,True,False,False
3067,A-A-F-F-F-F-F-F-F-F-A-A-A-A-A-A-A-A-A-A-A-A-A,5,2,False,False,False,False
3068,Wt-Wt-Wt-F-F-F-F-F-F-F-F-F-F-F-F-F-F-F-F-Sh-Sh-Sh-Sh,5,2,False,False,False,False
3069,Wt-Wt-Wt-F-F-F-F-F-F-F-F-F-F-F-F-F-F-F-F-F-F-Sh-Sh,5,2,False,False,False,False
3070,Sp-Sp-Sp-Sp-Sp-Sp-Sp-Sp-Sp-Sp-Sp-Sp-Sp-Sp-Sp-Sp-G-G-G-B-B-B-B,5,2,False,False,True,False
3071,A-Wa-Wa-Wa-Wa-Wa-Wa-Wa-Wt-Wt-Wt-Wt-Wt-Wt-Wt-Wt-Wt-Wt-Wt-Wt-Wt-Wt-Wt,5,2,False,False,False,False
3072,Wt-Wt-Wt-A-A-A-A-A-A-A-A-Sh-Sh-Sh-Sh-Sh-Sh-Sh-Sh-Sh-Sh-Sh-Sh,5,2,False,False,False,False
3073,A-Wa-Wa-Wa-Wa-Wa-Wa-Wa-Wa-Wa-Sh-Sh-Sh-Sh-Sh-Sh-Sh-Sh-Sh-Sh-Sh-Sh-Sh,5,2,False,False,False,False
3074,Wt-Wt-Wt-Wt-Wt-Wt-Wt-Wt-Wt-Wt-Wt-Wt-Wt-Wt-Wt-Wt-Wt-Wt-Wt-F-F-F-A,5,2,False,True,False,False
3075,Sp-Sp-Sp-Sp-Sp-Sp-Sp-Sp-Sp-Sp-Sp-Sp-Sp-Sp-Sp-Sp-Sp-Sp-Sp-G-G-Sp-Sp,5,2,False,False,False,False
3076,Sp-Sp-Sp-Sp-Sp-Sp-Sp-Sp-Sp-Sp-Sh-Sh-Sh-Sh-Sh-Sh-Sh-Sh-Sh-Sh-Sh-Sh-F,5,2,False,False,False,False
3077,Sp-Sp-Sp-Sp-Sp-Sp-Sp-Sp-Sp-Sp-Sp-G-G-G-G-G-G-Sp-Sp-Sp-Sp-Sp-Sp,5,2,False,False,False,False
3078,G-G-G-G-G-G-G-G-G-G-Sp-Sp-Sp-Sp-Sp-Sp-Sp-Sp-Sp-G-G-G-G,5,2,False,True,False,False
3079,F-A-Sh-Sh-Sh-Sh-Sh-Sh-Sh-Sh-Sh-Sh-Sh-Sh-Sh-Sh-Sh-Sh-Sh-Sh-Sh-Sh-Sh,5,2,False,False,False,False
3080,A-A-F-F-F-F-F-F-F-F-F-F-F-F-F-F-F-F-G-G-G-G-G,5,2,False,False,False,False
3081,A-A-A-A-A-A-A-A-A-A-A-A-F-F-F-F-F-F-F-F-F-F-Sh,5,2,False,False,False,False
3082,G-G-F-F-F-F-F-F-F-F-F-F-F-F-F-F-G-G-G-G-G-G-G,5,2,False,False,True,False
3083,G-G-G-G-G-G-G-G-G-G-G-G-G-Sh-Sh-Sh-Sh-Sh-F-F-F-F-F,5,2,False,False,False,False
3084,F-F-F-F-F-F-Sh-Sh-Sh-Sh-Sh-Sh-Sh-Sh-Sh-Sh-Sh-Sh-Sh-Sh-A-A-A,5,2,False,True,False,False
3085,Sh-Sh-Sh-Sh-F-F-F-F-F-F-F-F-F-F-G-G-G-G-G-G-G-G-G,5,2,False,False,False,False
3086,Sh-Sh-Sh-Sh-Sh-Sh-A-A-A-A-A-A-A-U-U-U-U-U-U-U-U-U-U,5,2,False,False,False,False
3087,Sh-Sh-Sh-Sh-F-F-F-F-F-F-F-F-F-F-F-F-F-F-F-U-U-U-U,5,2,False,False,False,False
3088,A-F-F-F-F-F-F-F-F-F-F-F-F-F-F-F-Wt-Wt-Wt-Wt-Wt-Wt-Wt,5,2,False,False,True,False
3089,F-F-F-F-A-A-A-A-A-A-A-A-A-A-A-A-A-A-A-Sh-Sh-Sh-Sh,5,2,False,False,False,False
3090,G-G-G-F-F-F-F-F-F-F-F-F-F-F-F-F-F-F-A-A-A-A-A,5,2,False,False,False,False
3091,G-G-G-F-F-F-F-F-F-F-F-F-F-F-F-F-F-F-F-Sp-Sp-Sp-Sp,5,2,False,False,False,False
3092,Sp-B-B-B-B-B-B-B-B-B-B-B-B-B-Sp-Sp-Sp-Sp-Sp-Sp-Sp-Sp-Sp,5,2,False,False,False,False
3093,Sp-Sp-Sp-Sp-Sp-Sp-Sp-Sp-Sp-Sp-Sp-Wa-Wa-Wa-Wa-Wa-Wa-Wa-Wa-Wa-Wa-Wa-Wa,5,1,False,False,False,False
3094,Wt-Wt-Wt-Wt-Wt-Wt-Wt-Wt-Wt-Wt-Wt-Wt-Wt-Wt-Wt-Wt-Wt-Wt-Wt-Wt-G-G-G,5,1,False,False,False,False
3095,F-Sh-Sh-Sh-Sh-Sh-Sh-Sh-Sh-G-G-G-G-G-G-G-G-G-G-G-G-G-G,5,2,False,False,False,False
3096,Sh-Sh-Sh-Sh-Sh-Sh-A-A-A-A-A-A-U-U-U-U-U-U-U-U-U-U-U,5,2,False,False,False,False
3097,Wt-Wt-Wt-Wt-Wt-Wt-Wt-Wt-F-F-F-F-F-F-F-F-F-F-F-F-F-F-Sh,5,2,False,False,False,False
3098,F-Sh-Sh-Sh-Sh-Sh-Sh-Sh-Sh-Sh-A-A-A-A-A-A-F-F-F-F-F-F-F,5,3,False,False,True,False
3099,Wt-Wt-Wt-Wt-Wt-Wt-Wt-Wt-A-A-A-A-A-A-A-A-A-A-A-F-F-F-F,5,2,False,True,False,False
3100,A-F-F-F-F-F-F-F-F-F-F-F-F-F-F-F-B-B-B-B-B-B-B,5,2,False,False,True,False
3101,Wt-Wt-Wt-Wt-Wt-Wt-Wt-F-F-F-F-F-F-F-F-F-F-F-F-Wt-Wt-Wt-Wt,5,2,False,False,False,False
3102,B-B-B-B-B-B-B-B-B-B-B-B-B-B-G-G-G-G-G-A-A-A-A,5,2,False,False,False,False
3103,Sh-F-F-F-F-F-F-F-F-F-F-F-F-F-F-F-F-F-F-F-F-F-G,5,2,False,False,False,False
3104,B-B-B-B-B-B-B-B-B-B-B-B-B-B-B-B-B-B-Sp-G-G-G-G,5,2,False,True,False,False
3105,A-A-A-A-A-A-A-Sh-Sh-F-F-F-F-F-F-F-F-F-F-F-F-F-F,5,2,False,False,False,False
3106,A-A-A-A-A-A-A-Sh-Sh-Sh-Sh-Sh-Sh-Sh-Sh-Sh-Sh-Sh-Sh-Sh-F-F-F,5,2,False,True,False,False
3107,Sh-F-F-F-F-F-F-F-F-F-F-F-G-G-G-G-G-G-G-G-G-G-G,5,2,False,False,False,False
3108,F-F-F-F-F-F-F-F-F-F-Wt-Wt-Wt-Wt-Wt-Wt-Wt-Wa-Wa-Wa-Wa-Wa-Wa,5,2,False,True,False,False
3109,F-F-F-F-F-F-F-F-F-F-Sh-Sh-Sh-Sh-Sh-Sh-Sh-Sh-Sh-A-A-A-A,5,2,False,False,False,False
3110,Sh-Sh-Sh-A-A-A-A-A-A-F-F-F-F-F-F-F-F-F-F-F-F-F-F,5,2,False,False,False,False
3111,Sh-Sh-Sh-Sh-Sh-Sh-Sh-Sh-Sh-F-F-F-F-F-F-F-G-G-G-G-G-G-G,5,2,False,False,True,False
3112,Sh-Sh-F-F-F-F-F-F-F-F-F-Wt-Wt-Wt-Wt-Wt-Wt-Wt-Wt-Wt-Wt-Wt-Wt,5,2,False,False,False,False
3113,Sh-Sh-F-F-F-F-F-F-F-F-F-F-Wa-Wa-Wa-Wa-Wa-Wa-Wa-Wa-Wa-Wa-Wa,5,2,False,False,False,False
3114,Sh-F-F-F-F-F-F-F-F-F-F-F-F-F-F-F-G-G-G-G-G-G-G,5,2,False,False,True,False
3115,F-F-G-G-G-G-G-G-G-G-G-G-G-G-G-G-G-G-G-G-G-G-F,5,2,False,False,False,False
3116,B-B-B-B-B-B-B-B-B-B-Wa-Wa-Wa-Wa-Wa-Wa-Wa-Wa-Wa-Wa-Wa-Wa-Wa,5,1,False,False,False,False
3117,G-G-G-G-B-B-B-B-B-B-B-B-B-B-B-B-B-B-B-G-G-G-G,5,2,False,True,False,False
3118,G-G-G-G-B-B-B-B-B-B-B-B-B-B-B-B-B-G-G-G-G-G-G,5,2,False,True,False,False
3119,G-G-G-G-Sp-Sp-Sp-Sp-Sp-Sp-Sp-Sp-Sp-Sp-Sp-Sp-B-B-B-B-B-B-B,5,2,False,False,True,False
3120,Wa-Wa-Sh-Sh-Sh-Sh-Sh-Sh-Sh-Sh-Sh-Sh-Sh-Sh-Sh-Sh-F-F-F-F-F-F-F,5,2,False,False,True,False
3121,F-F-F-Wt-Wt-Wt-Wt-Wt-Wt-Wt-Wt-Wt-Wt-Wt-Wt-Wt-Wt-Wt-Wt-Wa-Wa-Wa-Wa,5,2,False,False,False,False
3122,A-A-A-A-A-A-F-F-F-F-F-F-F-F-F-F-Wt-Wt-Wt-Wt-Wt-Wt-Wt,5,2,False,False,True,False
3123,G-G-G-G-G-G-G-G-G-F-F-F-F-F-F-F-F-F-F-F-F-F-A,5,2,False,False,False,False
3124,B-B-B-B-B-B-B-B-B-B-B-B-B-G-G-G-Sp-Sp-Sp-Sp-Sp-Sp-Sp,5,2,False,False,True,False
3125,Sh-A-A-A-A-A-A-A-A-A-A-A-A-U-U-U-U-U-U-U-U-U-U,5,2,False,True,False,False
3126,Sh-F-F-F-F-F-F-A-A-A-A-A-A-A-A-A-A-A-A-A-A-A-F,5,3,False,False,False,False
3127,F-F-Sh-Sh-Sh-Sh-Sh-Sh-Sh-Sh-G-G-G-G-G-G-G-G-G-G-G-G-G,5,2,False,False,False,False
3128,Sh-A-A-A-A-A-A-A-F-F-F-F-F-F-F-F-F-F-F-F-F-F-F,5,2,False,False,False,False
3129,G-G-G-B-B-B-B-B-B-B-B-B-B-B-B-B-B-B-B-B-Sp-Sp-Sp,5,2,False,False,False,False
3130,F-F-F-F-F-F-F-F-F-F-F-F-F-F-Sh-Sh-F-F-F-F-F-F-Sh,5,3,False,False,True,False
3131,F-F-Wt-Wt-Sh-Sh-Sh-Sh-Sh-Sh-Sh-Sh-Sh-Sh-Sh-Sh-Sh-Sh-Sh-F-F-F-F,5,3,False,False,False,False
3132,F-F-Sh-Sh-Sh-A-A-A-A-A-A-A-A-A-A-A-F-F-F-F-F-F-F,5,3,False,False,True,False
3133,Sh-Sh-Sh-Sh-Sh-Sh-Sh-Sh-Sh-Sh-Sh-Sh-Sh-Sh-Sh-Sh-Sh-F-F-F-Sh-Sh-Sh,5,2,False,False,False,False
3134,F-F-F-F-F-F-F-F-F-F-F-F-F-Sh-Sh-Sh-Sh-F-F-F-F-F-F,5,2,False,False,False,False
3135,F-F-F-F-F-F-F-F-F-F-F-F-F-Wt-Wt-Wt-Wt-Wt-Wt-Wt-Wt-A-A,5,2,False,True,False,False
3136,Sh-Sh-Sh-Sh-Sh-Sh-Sh-Sh-Sh-Sh-Sh-Sh-Sh-Sh-Sh-Sh-Sh-A-A-A-A-A-F,5,2,False,False,False,False
3137,A-A-A-A-A-A-F-F-F-F-F-F-F-F-F-F-F-F-F-F-F-A-A,5,2,False,False,False,False
3138,B-B-B-B-B-B-B-B-B-B-B-B-B-B-Sp-Sp-Sp-B-B-B-B-B-B,5,2,False,True,False,False
3139,Sh-Sh-Sh-Sh-Sh-Sh-Sh-Sh-Sh-Sh-Sh-Sh-Sh-Sh-Sh-Sh-Sh-Sh-Sh-G-A-A-A,5,2,False,False,False,False
3140,Wa-G-G-G-G-G-G-G-G-G-G-G-G-G-Wa-Wa-Wa-Wa-Wa-Wa-Wa-Wa-Wa,5,2,False,False,False,False
3141,Wa-F-F-F-F-F-F-F-F-F-F-F-F-F-F-F-Wa-Wa-Wa-Wa-Wa-Wa-Wa,5,2,False,False,True,False
3142,B-Wa-Wa-Wa-Wa-Wa-Wa-Wa-Wa-Wa-Wa-Wa-Wa-Wa-Wa-Wa-Wa-Wa-Wa-Wa-Wa-Wa-Wa,5,1,False,False,False,False
3143,Sh-Sh-A-A-A-A-A-A-Sh-Sh-Sh-Sh-Sh-Sh-Sh-Sh-Sh-Sh-Sh-Sh-Sh-Sh-Sh,5,2,False,False,False,False
3144,A-A-A-A-A-A-A-A-A-A-A-A-A-A-A-A-A-F-F-F-A-A-A,5,2,False,False,False,False
3145,A-A-A-A-A-A-A-A-A-A-A-A-A-A-A-A-A-A-F-Sh-Sh-Sh-Sh,5,2,False,True,False,False
3146,Wa-Wa-Wa-Wa-Wa-Wa-Wa-Wa-Wa-Wa-Wa-Wa-Wa-Wa-Wa-Wa-Wa-Wa-Wa-Wa-Wa-Sp-Sp,5,1,False,False,False,False
3147,A-A-A-A-A-A-A-A-A-A-A-A-A-A-A-A-Wt-Wt-Wt-Wt-Wa-Wa-Wa,5,2,False,False,True,False
3148,A-A-A-A-A-A-A-F-F-F-F-F-F-F-F-F-F-F-F-F-F-F-G,5,2,False,False,False,False
3149,F-F-F-F-F-Wt-Wt-Wt-Wt-Wt-Wt-Wt-Wt-Wt-Wt-Wt-Wt-Wa-Wa-Wa-Wa-Wa-Wa,5,2,False,False,False,False
3150,F-F-F-F-F-Wt-Wt-Wt-Wt-Wt-Wt-Wt-Wt-Wt-Wt-Wt-Wt-F-F-F-F-F-F,5,2,False,False,False,False
3151,A-A-A-A-A-A-A-A-A-A-A-A-A-A-A-A-A-A-F-F-F-A-A,5,2,False,False,False,False
3152,A-A-A-A-A-A-A-A-A-A-A-A-A-A-A-A-A-A-A-Sh-Sh-F-F,5,2,False,False,False,False
3153,Wt-Wt-Wt-Wt-Wt-F-F-F-F-F-F-F-F-F-F-F-F-F-F-Sh-Sh-Sh-Sh,5,2,False,False,False,False
3154,Wt-Wt-Wt-Wt-Wt-F-F-F-F-F-F-F-F-F-F-F-F-F-F-F-F-F-Sh,5,2,False,False,False,False
3155,Wt-Wt-Wt-Wt-Wt-F-F-F-F-F-F-F-F-F-F-F-F-F-F-F-F-F-A,5,2,False,False,False,False
3156,Sp-Sp-Sp-Sp-Sp-B-B-B-B-B-B-B-B-B-B-B-B-B-B-B-Sp-Sp-Sp,5,2,False,True,False,False
3157,Sh-Sh-Sh-Sh-F-F-F-F-F-F-F-F-F-F-F-F-Wt-Wt-Wt-Wt-Wt-Wt-Wt,5,2,False,False,True,False
3158,G-G-G-G-G-G-G-G-G-G-G-G-G-Wa-Wa-Wa-Wa-Wa-Wa-Wa-Wa-Wa-Wa,5,1,False,False,False,False
3159,Sh-Sh-Sh-Sh-Sh-Sh-Sh-Sh-Sh-Sh-Sh-Sh-Sh-F-F-F-F-F-F-Sh-Sh-Sh-Sh,5,2,False,False,False,False
3160,Sh-F-F-F-F-F-F-G-G-G-G-G-G-G-G-G-G-G-G-G-G-G-G,5,2,False,False,False,False
3161,Sh-Sh-Sh-Sh-Sh-Sh-Sh-Sh-Sh-Sh-Sh-Sh-Sh-F-F-F-F-A-A-A-A-A-A,5,2,False,False,False,False
3162,Sh-Sh-Sh-Sh-Sh-Sh-Sh-Sh-Sh-Sh-Sh-Sh-Sh-A-A-A-A-A-A-A-F-F-F,5,2,False,False,False,False
3163,B-B-Wa-Wa-Wa-Wa-Wa-Wa-Wa-Wa-Wa-Wa-Wa-Wa-Wa-Wa-Wt-Wt-Wt-Wt-Wt-Wt-Wt,5,2,False,False,True,False
3164,G-G-G-G-G-G-G-G-G-G-G-G-G-G-F-F-F-A-A-A-A-A-A,5,2,False,False,False,False
3165,A-A-A-A-A-A-A-A-F-F-F-F-F-F-F-F-F-F-G-G-G-G-G,5,2,False,False,False,False
3166,Sh-G-G-G-G-G-G-G-G-G-G-G-G-G-G-G-G-G-G-G-F-F-F,5,2,False,False,False,False
3167,A-A-A-A-A-A-A-A-A-F-F-F-F-F-F-F-F-G-G-G-G-G-G,5,2,False,False,False,False
3168,F-F-F-F-F-F-F-F-F-F-F-Wa-Wa-Wa-Wa-Wa-Wa-F-F-F-F-F-F,5,2,False,False,False,False
3169,A-A-A-A-A-A-A-A-A-F-F-F-F-F-F-F-F-F-F-F-F-F-Wt,5,2,False,False,False,False
3170,G-G-G-G-G-G-Sp-Sp-Sp-Sp-Sp-Sp-Sp-Sp-Sp-Sp-Sp-Sp-Sp-Sp-A-A-A,5,2,False,False,False,False
3171,Wa-Wa-A-A-A-A-A-A-A-A-A-A-A-A-A-A-A-Wt-Wt-Wt-Wt-Wt-Wt,5,2,False,False,False,False
3172,F-F-F-Sh-Sh-Sh-Sh-Sh-Sh-Sh-Sh-Sh-Sh-Sh-Sh-Sh-F-F-F-Sh-Sh-Sh-Sh,5,3,False,False,True,False
3173,Sh-Sh-Sh-Sh-Sh-Sh-Sh-Sh-Sh-Sh-F-F-F-F-F-F-F-Sh-Sh-Sh-Sh-Sh-Sh,5,2,False,False,False,False
3174,Sh-Sh-Sh-Sh-Sh-Sh-Sh-Sh-Sh-Sh-F-F-F-F-F-F-F-A-A-A-A-A-A,5,2,False,False,False,False
3175,Sh-Sh-Sh-Sh-Sh-Sh-Sh-Sh-Sh-Sh-Sh-Sh-F-F-F-F-F-F-F-F-F-F-Wt,5,2,False,False,False,False
3176,Sh-Sh-Sh-Sh-Sh-Sh-Sh-Sh-Sh-Sh-Sh-Sh-A-A-A-A-A-A-A-F-F-F-F,5,2,False,False,False,False
3177,Sh-Sh-A-A-A-A-A-A-F-F-F-F-F-F-F-F-F-F-F-F-F-F-F,5,2,False,False,False,False
3178,G-G-G-G-G-G-F-F-F-F-F-F-F-F-F-F-F-F-A-A-A-A-A,5,2,False,False,False,False
3179,B-B-B-B-B-Sp-Sp-Sp-Sp-Sp-Sp-Sp-Sp-Sp-Sp-Sp-Sp-B-B-B-B-B-B,5,2,False,False,False,False
3180,B-B-B-B-B-F-F-F-F-F-F-F-F-F-F-F-F-F-F-F-F-F-F,5,1,False,False,False,False
3181,Sp-Sp-Sp-G-G-G-G-G-G-G-G-G-G-G-Sp-Sp-Sp-Sp-Sp-Sp-Sp-Sp-Sp,5,2,False,False,False,False
3182,Wt-Wt-Wt-Wt-Wt-Sh-Sh-Sh-Sh-Sh-Sh-Sh-Sh-Sh-Sh-Sh-Sh-Sh-Sh-F-F-F-F,5,2,False,False,False,False
3183,F-F-F-F-Sp-Sp-Sp-Sp-Sp-Sp-Sp-Sp-Sp-Sp-Sp-Sp-Sp-Sp-Sp-B-B-B-B,5,2,False,False,False,False
3184,G-G-G-G-G-G-G-G-B-B-B-B-B-B-B-B-B-B-B-Sp-Sp-Sp-Sp,5,2,False,False,False,False
3185,G-G-G-G-G-G-G-G-Sp-Sp-Sp-Sp-Sp-Sp-Sp-Sp-Wa-Wa-Wa-Wa-Wa-Wa-Wa,5,2,False,False,True,False
3186,Sh-Sh-Sh-Sh-Sh-Sh-Sh-Sh-G-G-G-G-G-G-G-G-G-G-G-G-G-G-F,5,2,False,False,False,False
3187,A-A-A-A-A-A-A-A-A-A-A-F-F-F-F-F-F-F-F-Sh-Sh-Sh-Sh,5,2,False,False,False,False
3188,Wa-Wa-Wa-Wa-Sh-Sh-Sh-Sh-Sh-Sh-Sh-Sh-Sh-Sh-Sh-Sh-Sh-Sh-Wa-Wa-Wa-Wa-Wa,5,2,False,False,False,False
3189,Sp-Sp-Sp-Sp-Sp-Sp-Sp-Sp-B-B-B-B-B-B-B-B-B-Sp-Sp-Sp-Sp-Sp-Sp,5,2,False,False,False,False
3190,Wt-Wt-Wt-Wt-Wt-Sh-Sh-Sh-Sh-Sh-Sh-Sh-Sh-Sh-Sh-Sh-Sh-Sh-Wt-Wt-Wt-Wt-Wt,5,2,False,False,False,False
3191,Sp-Sp-Sp-A-A-A-A-A-A-A-A-A-A-A-A-A-A-F-F-F-F-F-F,5,2,False,False,False,False
3192,Sp-Sp-G-G-G-G-G-G-G-G-G-G-G-G-G-G-B-B-B-B-B-B-B,5,2,False,False,True,False
3193,Wt-Wt-Wt-Wt-Sh-Sh-Sh-Sh-Sh-Sh-Sh-Sh-Sh-Sh-Sh-Sh-Sh-F-F-F-F-F-F,5,2,False,True,False,False
3194,F-G-G-G-G-G-G-G-G-G-G-G-G-G-G-G-G-F-F-F-F-F-F,5,2,False,True,False,False
3195,F-F-F-F-F-F-F-F-F-F-F-F-A-A-A-A-A-A-A-A-F-F-F,5,2,False,False,False,False
3196,A-A-A-A-A-A-A-A-A-A-A-Wt-Wt-Wt-Wt-Wt-Wt-Wt-Wt-Wt-Wt-Wt-Wt,5,1,False,False,False,False
3197,Wt-Wt-Wt-Wt-Wt-Wt-Wt-Wt-Sh-Sh-Sh-Sh-Sh-Sh-Sh-Sh-Sh-Sh-F-F-F-F-F,5,2,False,False,False,False
3198,Sp-Sp-Sp-Sp-Sp-Sp-Sp-G-G-G-G-G-G-G-G-G-G-G-Sp-Sp-Sp-Sp-Sp,5,2,False,False,False,False
3199,A-A-A-F-F-F-F-F-F-F-F-F-F-F-F-F-F-F-F-F-F-Wt-Wt,5,2,False,False,False,False
3200,Wt-F-F-F-F-F-F-F-F-F-F-F-F-F-G-G-G-G-G-G-G-G-G,5,2,False,False,False,False
3201,B-B-B-B-G-G-G-G-G-G-G-G-G-G-G-G-Sp-Sp-Sp-Sp-Sp-Sp-Sp,5,2,False,False,True,False
3202,B-B-B-Sp-Sp-Sp-Sp-Sp-Sp-Sp-Sp-Sp-Sp-Sp-Sp-Sp-B-B-B-B-B-B-B,5,2,False,False,True,False
3203,Sp-Sp-Sp-Sp-Sp-Sp-Sp-G-G-G-G-G-G-G-G-G-G-G-G-G-G-Sp-Sp,5,2,False,False,False,False
3204,Sh-Sh-Sh-Sh-Sh-Sh-Sh-Sh-A-A-F-F-F-F-F-F-F-F-F-F-F-F-F,5,2,False,True,False,False
3205,Wt-Wt-Wt-Wt-Wt-Wt-Sh-Sh-Sh-Sh-Sh-Sh-Sh-Sh-Sh-Sh-Sh-F-F-F-F-F-F,5,2,False,False,False,False
3206,G-G-G-G-G-G-G-G-G-G-G-G-G-G-G-G-B-B-B-B-Sp-Sp-Sp,5,2,False,False,True,False
3207,F-F-F-F-F-F-F-F-G-G-G-G-G-G-G-G-G-G-F-F-F-F-F,5,2,False,False,False,False
3208,F-F-F-F-Sh-Sh-Sh-Sh-Sh-Sh-Sh-Sh-Sh-Sh-Sh-Sh-Sh-Sh-Sh-Sh-Sh-A-A,5,2,False,True,False,False
3209,Sh-Sh-Sh-F-F-F-F-F-F-F-F-F-F-F-F-F-F-F-F-F-Wt-Wt-Wt,5,2,False,False,False,False
3210,Sp-Sp-Sp-Sp-Sh-Sh-Sh-Sh-Sh-Sh-Sh-Sh-Sh-Sh-Sh-Sh-Sh-Sp-Sp-Sp-Sp-Sp-Sp,5,2,False,False,False,False
3211,B-B-B-B-Sp-Sp-Sp-Sp-Sp-Sp-Sp-Sp-Sp-Sp-Sp-Sp-B-B-B-Sp-Sp-Sp-Sp,5,3,False,False,True,False
3212,Wt-F-F-F-F-F-F-F-F-F-F-F-F-F-F-F-F-F-F-F-Wt-Wt-Wt,5,2,False,False,False,False
3213,G-G-G-G-F-F-F-F-F-F-F-F-F-F-F-F-Wa-Wa-Wa-Wa-Wa-Wa-Wa,5,2,False,False,True,False
3214,Sp-Sp-Sp-Sp-G-G-G-G-G-G-G-G-G-G-G-G-G-G-G-G-G-G-Sp,5,2,False,False,False,False
3215,Wa-Wa-Wa-Wa-Wa-Sp-Sp-Sp-Sp-Sp-Sp-Sp-Sp-Sp-Sp-Sp-Wa-Wa-Wa-Wa-Wa-Wa-Wa,5,2,False,False,True,False
3216,Wt-Wa-Wa-Wa-Wa-Wa-B-B-B-B-B-B-B-B-B-B-B-B-B-B-B-B-B,5,2,False,False,False,False
3217,Wt-Sp-Sp-Sp-Sp-Sp-Sp-Sp-Sp-Sp-Sp-Sp-Sp-Sp-Sp-Sp-Sp-Sp-Sp-Sp-Sp-Sp-Sp,5,1,False,False,False,False
3218,Sh-Sh-Sh-Wa-Wa-Wa-Wa-Wa-Wa-Wa-Sp-Sp-Sp-Sp-Sp-Sp-Sp-Sp-Sp-Sp-Sp-Sp-Sp,5,2,False,False,False,False
3219,Sh-Sh-Sh-B-B-B-B-B-B-B-B-B-B-B-B-B-B-B-B-B-B-B-B,5,1,False,False,False,False
3220,A-A-A-A-A-F-F-F-F-F-F-F-F-F-F-F-F-F-G-G-G-G-G,5,2,False,False,False,False
3221,G-G-B-B-B-B-G-G-G-G-G-G-G-G-G-G-G-G-B-B-B-B-B,5,3,False,False,False,False
3222,G-G-Sp-Sp-Sp-Sp-Sp-Sp-Sp-Sp-Sp-Sp-Sp-Wa-Wa-Wa-Wa-Wa-Wa-Wa-Wa-Wa-Wa,5,2,False,False,False,False
3223,F-F-Sh-Sh-Sh-Sh-Sh-Sh-Sh-Sh-Sh-Sh-Sh-Sh-Sh-Sh-F-F-F-F-F-F-Sh,5,3,False,True,True,False
3224,F-F-F-F-F-F-F-F-F-F-F-F-F-F-A-A-A-F-F-F-F-F-F,5,2,False,False,False,False
3225,A-A-A-A-A-F-F-F-F-F-F-F-F-F-F-F-F-F-F-F-F-F-G,5,2,False,False,False,False
3226,B-B-B-B-B-B-B-B-B-B-B-Sp-Sp-Sp-Sp-Sp-B-B-Sp-Sp-Sp-Sp-Sp,5,3,False,False,True,False
3227,B-B-B-B-B-B-B-B-B-B-B-Sp-Sp-Sp-Sp-Sp-Sp-B-B-B-B-B-B,5,2,False,False,False,False
3228,Sh-A-A-A-A-A-A-A-A-A-Sh-Sh-Sh-Sh-Sh-Sh-Sh-Sh-Sh-Sh-Sh-Sh-Sh,5,2,False,False,False,False
3229,Sh-Sh-Sh-Sh-Sh-Sh-Sh-Sh-Sh-A-F-F-F-F-F-F-F-F-F-F-F-F-F,5,2,False,False,False,False
3230,A-A-A-A-A-A-A-A-A-A-F-F-F-F-F-F-F-F-F-F-F-F-G,5,2,False,False,False,False
3231,G-G-G-G-G-G-G-Sp-Sp-Sp-Sp-Sp-Sp-Sp-Sp-Sp-Wa-Wa-Wa-Wa-Wa-Wa-Wa,5,2,False,False,True,False
3232,G-G-G-G-G-G-G-Sp-Sp-Sp-Sp-Sp-Sp-Sp-Sp-Sp-Sp-Sp-Sp-Wa-Wa-Wa-Wa,5,2,False,False,False,False
3233,Sh-Sh-Sh-Sh-Sh-Sh-Sh-Sh-Sh-A-A-A-A-A-A-A-A-A-A-A-A-F-F,5,2,False,False,False,False
3234,B-B-B-B-B-B-B-B-B-B-B-B-Sp-Sp-Sp-Sp-Sp-B-B-B-B-B-B,5,2,False,False,False,False
3235,A-A-A-A-F-F-F-F-F-F-F-F-F-F-F-F-Wt-Wt-Wt-Wt-Wt-Wt-Wt,5,2,False,False,True,False
3236,G-G-G-G-G-G-G-F-F-F-F-F-F-F-F-F-F-A-A-A-A-A-A,5,2,False,False,False,False
3237,F-F-F-F-F-F-F-F-F-F-F-F-F-F-F-F-F-A-A-A-A-F-F,5,2,False,False,False,False
3238,Wt-Wt-Wt-Sh-Sh-Sh-Sh-Sh-Sh-Sh-Sh-Sh-Sh-Sh-Sh-Sh-Sh-Sh-Sh-Sh-F-F-F,5,2,False,False,False,False
3239,B-B-B-B-B-B-B-B-Sp-Sp-Sp-Sp-Sp-Sp-Sp-Sp-B-B-B-B-B-B-Sp,5,3,False,False,True,False
3240,B-B-B-B-B-B-B-B-Sp-Sp-Sp-Sp-Sp-Sp-Sp-Sp-B-B-B-B-B-Sp-Sp,5,3,False,True,True,False
3241,A-A-A-A-F-F-F-F-F-F-F-F-F-F-F-F-F-F-F-F-F-Wt-Wt,5,2,False,False,False,False
3242,Sh-Sh-Wa-Wa-Wa-Wa-Wa-Wa-Wa-Sp-Sp-Sp-Sp-Sp-Sp-Sp-Sp-Sp-Sp-Sp-Sp-Sp-Sp,5,2,False,False,False,False
3243,F-F-F-F-F-F-F-F-F-F-F-F-F-F-F-F-F-F-F-G-Sh-Sh-Sh,5,2,False,False,False,False
3244,F-F-F-Wt-Wt-Wt-Wt-Wt-Wt-Wt-Wt-Wt-Wt-Wt-Wt-Wt-Wt-Wt-Wt-Wt-Wt-Wt-Sh,5,2,False,False,False,False
3245,F-F-F-Wt-Wt-Wt-Wt-Wt-Wt-Wt-Wt-Wt-Wt-Wt-Wt-Wt-Wt-Wt-Wt-Wt-Wt-Wt-F,5,2,False,True,False,False
3246,Wa-Wa-Wa-Wa-Sh-Sh-Sh-Sh-Sh-Sh-Sh-Sh-Sh-Sh-Sh-Sh-Sh-Wt-Wt-Wt-Wt-Wt-Wt,5,2,False,False,False,False
3247,Wa-Wa-Wa-Wa-A-A-A-A-A-A-A-A-A-A-A-A-Wa-Wa-Wa-Wa-Wa-Wa-Wa,5,2,False,False,True,False
3248,Sh-Sh-Sh-Sh-Sh-Sh-Sh-Sh-G-G-G-G-G-G-G-G-G-G-G-F-F-F-F,5,2,False,False,False,False
3249,F-F-F-F-F-F-F-F-F-Sh-Sh-Sh-Sh-U-U-U-U-U-U-U-U-U-U,5,2,False,False,False,False
3250,Sh-Sh-Sh-Sh-Sh-Sh-Sh-Sh-G-G-G-G-G-G-G-G-G-F-F-F-F-F-F,5,2,False,True,False,False
3251,A-A-A-A-A-Sh-Sh-Sh-Sh-Sh-Sh-Sh-Sh-Sh-Sh-Sh-Sh-Sh-F-F-F-F-F,5,2,False,False,False,False
3252,B-B-B-B-B-B-B-B-B-Sp-Sp-Sp-Sp-Sp-Sp-Sp-Sp-B-B-B-B-B-B,5,2,False,False,False,False
3253,F-F-Wa-Wa-Wa-Wa-Wa-Wa-Wa-Wt-Wt-Wt-Wt-Wt-Wt-Wt-Wt-Wt-Wt-Wt-Wt-Wt-Wt,5,2,False,False,False,False
3254,Sh-Sh-Sh-Sh-Sh-F-F-F-F-F-F-F-F-F-F-F-F-F-F-F-G-G-G,4,2,False,False,False,False
3255,A-A-A-A-A-A-A-A-A-A-A-A-A-A-F-F-F-F-F-F-Sh-Sh-Sh,4,2,False,False,False,False
3256,A-A-A-A-A-A-A-A-A-A-A-A-A-A-F-F-F-A-A-A-A-A-A,4,2,False,False,False,False
3257,Wa-Wa-Wa-Wa-Wa-Wa-Wa-Wa-Wa-Wa-Wa-Sp-Sp-Sp-Sp-Sp-Sp-Sp-U-U-U-U-U,4,2,False,False,False,False
3258,A-A-A-A-A-A-A-A-A-A-A-A-A-A-F-F-F-F-F-F-F-A-A,4,2,False,False,False,False
3259,F-F-F-F-F-Wt-Wt-Wt-Wt-Wt-Wt-Wt-Wt-Wt-Wt-Wt-Wt-Wt-Wt-Wt-Wt-Sh-Sh,4,2,False,False,False,False
3260,Wt-Wt-Wt-Wt-Wt-Wt-A-A-A-A-A-A-A-A-A-A-Wt-Wt-Wt-Wt-Wt-Wt-Wt,4,2,False,False,True,False
3261,Wt-Wt-Wt-Wt-Wt-F-F-F-F-F-F-F-F-F-F-F-F-Sh-Sh-Sh-Sh-Sh-Sh,4,2,False,False,False,False
3262,G-F-F-F-F-F-F-F-F-F-F-F-F-F-F-F-F-F-F-F-F-A-A,4,2,False,False,False,False
3263,G-F-F-F-F-F-F-F-A-A-A-A-A-A-A-A-A-A-A-A-A-A-A,4,2,False,False,False,False
3264,Sp-Sp-Sp-Sp-Sp-Sp-B-B-B-B-B-B-B-B-B-B-B-G-G-G-G-G-G,4,2,False,False,False,False
3265,Sp-Sp-Sp-Sp-Sp-Sp-Sp-B-B-B-B-B-B-B-B-B-B-B-B-B-B-Sp-Sp,4,2,False,False,False,False
3266,A-A-A-A-A-A-A-A-A-A-A-A-A-A-A-A-F-F-A-A-A-A-A,4,2,False,True,True,False
3267,Sh-Sh-Sh-Sh-A-A-F-F-F-F-F-F-F-F-F-F-F-F-F-F-F-F-F,4,2,False,False,False,False
3268,A-A-A-A-A-A-A-A-A-A-A-A-A-Sh-Sh-Sh-Sh-Sh-Sh-Sh-Sh-Sh-F,4,2,False,False,False,False
3269,A-A-A-A-A-A-A-A-A-A-A-A-A-Sh-Sh-Sh-Sh-Sh-Sh-Sh-Sh-F-F,4,2,False,False,False,False
3270,G-G-G-G-G-G-G-G-G-G-Sh-Sh-Sh-Sh-Sh-Sh-Sh-Sh-Sh-Sh-Sh-Sh-F,4,2,False,False,False,False
3271,Wt-Wt-Wt-Wt-Wt-F-F-F-F-F-F-F-F-F-F-F-F-Wt-Wt-Wt-Wt-Wt-Wt,4,2,False,False,False,False
3272,Wt-Wt-Wt-Wt-Wt-F-F-F-F-F-F-F-F-F-F-F-F-F-F-F-F-Wt-Wt,4,2,False,False,False,False
3273,F-F-F-F-F-G-G-G-G-G-G-G-G-G-G-G-G-G-G-G-F-F-F,4,2,False,True,False,False
3274,F-F-F-F-F-G-G-G-G-G-G-G-G-G-G-G-G-G-G-F-F-F-F,4,2,False,False,False,False
3275,G-G-G-G-G-G-G-G-G-G-G-Sp-Sp-Sp-Sp-Sp-Sp-Sp-Sp-Sp-F-F-F,4,2,False,False,False,False
3276,F-F-F-F-F-Sh-Sh-Sh-Sh-Sh-Sh-Sh-Sh-Sh-Sh-Sh-Sh-Sh-Sh-Wt-Wt-Wt-Wt,4,2,False,False,False,False
3277,Sh-Sh-Sh-Sh-Sh-Sh-A-A-A-A-A-A-A-F-F-F-F-F-F-F-F-F-F,4,2,False,False,False,False
3278,A-A-A-A-A-A-A-A-A-A-A-A-F-F-F-F-F-F-F-F-F-F-U,4,2,False,False,False,False
3279,A-A-A-A-A-A-A-A-A-A-A-A-F-F-F-F-F-F-F-F-A-A-A,4,2,False,False,False,False
3280,G-G-G-G-G-G-G-G-G-G-B-B-B-B-B-B-B-Sp-Sp-Sp-Sp-Sp-Sp,4,2,False,False,False,False
3281,A-F-F-F-F-F-F-F-F-F-F-F-A-A-A-A-A-A-A-A-A-A-A,4,2,False,False,False,False
3282,F-Wa-Wa-Wa-Wa-Wa-Wa-F-F-F-F-F-F-F-F-F-F-F-F-F-F-F-F,4,2,False,False,False,False
3283,F-Wa-Wa-Wa-Wa-Wa-A-A-A-A-A-A-A-A-A-A-A-A-A-A-A-A-A,4,2,False,False,False,False
3284,Wt-Wt-Wt-Wt-Wt-Wt-F-F-F-F-F-F-F-F-F-F-F-F-Sh-Sh-Sh-Sh-Sh,4,2,False,False,False,False
3285,Wt-Wt-Wt-Wt-Wt-Wt-F-F-F-F-F-F-F-F-F-F-F-F-F-F-F-F-Wt,4,2,False,False,False,False
3286,Wt-Wt-Wt-Wt-Wt-Wt-F-F-F-F-F-F-F-F-F-F-F-F-F-F-F-F-A,4,2,False,False,False,False
3287,Wt-Wt-Wt-Wt-Wt-Wt-F-F-F-F-F-F-F-F-F-F-F-F-F-A-A-A-A,4,2,False,False,False,False
3288,A-A-Sh-Sh-Sh-Sh-Sh-Sh-Sh-Sh-Sh-Sh-Sh-Sh-Sh-Sh-Sh-Sh-Sh-Sh-F-F-F,4,2,False,False,False,False
3289,F-F-F-F-F-F-G-G-G-G-G-G-G-G-G-G-G-G-G-G-F-F-F,4,2,False,False,False,False
3290,F-F-F-F-F-F-G-G-G-G-G-G-G-G-G-G-G-G-F-F-F-F-F,4,2,False,False,False,False
3291,A-A-A-A-A-A-A-A-A-A-A-A-F-F-F-F-F-F-F-G-G-G-G,4,2,False,False,False,False
3292,Wa-Wa-Wa-Wa-Wa-Wa-Sp-Sp-Sp-Sp-Sp-Sp-Sp-Sp-Sp-Sp-Sp-Sp-Sp-F-F-F-F,4,2,False,False,False,False
3293,A-F-F-F-F-F-F-F-F-F-F-F-F-G-G-G-G-G-G-G-G-G-G,4,2,False,False,False,False
3294,A-F-F-F-F-F-F-F-F-F-F-F-F-F-F-F-F-Sp-Sp-Sp-Sp-Sp-Sp,4,2,False,False,False,False
3295,A-A-Wt-Wt-Wt-Wt-Wt-Wt-Wt-Wt-Wt-Wt-Wt-Wt-Wt-Wt-Wt-Wt-Wt-F-F-F-F,4,2,False,False,False,False
3296,A-A-Wt-Wt-Wt-Wt-Wt-F-F-F-F-F-F-F-F-F-F-F-F-F-F-F-F,4,2,False,True,False,False
3297,A-A-Wt-Wt-Wt-Wt-A-A-A-A-A-A-A-A-A-A-A-A-A-F-F-F-F,4,3,False,True,False,False
3298,A-A-Wt-Wt-Wt-Wt-A-A-A-A-A-A-A-A-A-A-A-A-A-A-A-A-A,4,2,False,True,False,False
3299,A-A-F-F-F-F-F-Wt-Wt-Wt-Wt-Wt-Wt-Wt-Wt-Wt-Wt-Wt-Wt-Wt-Wt-Wt-Wt,4,2,False,False,False,False
3300,F-Wa-Wa-Wa-Wa-Wa-Wa-Wa-Wa-Wa-Wa-Wa-Wa-Wa-G-G-G-G-G-G-G-G-G,4,2,False,False,False,False
3301,Sp-Sp-Sp-Sp-Sp-Sp-Sp-Sp-Sp-B-B-B-B-B-B-B-B-B-B-G-G-G-G,4,2,False,False,False,False
3302,A-F-F-F-F-F-F-F-F-F-F-F-F-F-F-F-A-A-A-A-A-A-F,4,3,False,False,True,False
3303,Wa-Wa-Wa-Wa-Wa-Wa-Wt-Wt-Wt-Wt-Wt-Wt-Wt-Wt-Wt-Wt-Wt-Wt-Wt-Wa-Wa-Wa-Wa,4,2,False,False,False,False
3304,Sh-Sh-Sh-Sh-Sh-Sh-F-F-F-F-F-F-F-F-F-F-F-F-F-F-F-G-G,4,2,False,False,False,False
3305,F-F-F-F-Sh-Sh-Sh-Sh-Sh-Sh-Sh-Sh-Sh-Sh-Sh-Sh-Wt-Wt-Wt-Wt-Wt-Wt-Wt,4,2,False,False,True,False
3306,F-F-F-F-Sh-Sh-Sh-Sh-Sh-A-A-A-A-A-A-A-A-A-A-A-A-A-A,4,2,False,True,False,False
3307,F-F-F-F-Sp-Sp-Sp-Sp-Sp-Sp-Sp-Sp-Sp-Sp-Sp-Sp-Sp-Sp-Sp-Sh-Sh-Sh-Sh,4,2,False,False,False,False
3308,F-F-F-F-F-F-F-F-Wt-Wt-Wt-Wt-Wt-Wt-Wt-Wt-Wt-Wt-Wt-Wt-Wt-F-F,4,2,False,False,False,False
3309,F-F-F-F-F-F-F-F-Sh-Sh-Sh-Sh-Sh-Sh-Sh-Sh-Sh-Sh-Sh-Sh-A-A-A,4,2,False,False,False,False
3310,F-F-F-F-F-F-F-F-Sh-Sh-Sh-Sh-Sh-Sh-Sh-Sh-Sh-Sh-Sh-G-G-G-G,4,2,False,False,False,False
3311,Sh-Sh-Sh-Sh-Sh-Sh-Sh-A-A-A-A-A-A-A-A-A-A-A-F-F-F-F-F,4,2,False,False,False,False
3312,Wt-Wt-Wt-Wt-F-F-F-F-F-F-F-F-F-F-F-F-F-Wt-Wt-Wt-Wt-Wt-Wt,4,2,False,False,False,False
3313,Wt-Wt-Wt-Wt-Wt-Wt-Wt-Wt-Wt-Wt-A-A-A-A-A-A-A-A-A-A-A-A-A,4,1,False,False,False,False
3314,Wt-Wt-Wt-Wt-Wt-Wt-Wt-Wt-Wt-F-F-F-F-F-F-F-F-F-F-F-F-F-Wt,4,2,False,False,False,False
3315,A-F-F-F-F-F-F-F-F-F-Sp-Sp-Sp-Sp-Sp-Sp-Sp-Sp-Sp-Sp-Sp-Sp-Sp,4,2,False,False,False,False
3316,Sp-Sp-Sp-Sp-Sp-Sp-Sp-Sp-Sp-Sp-Sp-B-B-B-B-B-B-G-G-G-G-G-G,4,2,False,False,False,False
3317,Sp-Sp-Sp-Sp-Sp-Sp-Sp-Sp-Sp-Sp-Sp-B-B-B-B-B-G-G-G-A-A-A-A,4,3,False,False,True,False
3318,Sp-Sp-Sp-Sp-Sp-Sp-Sp-Sp-Sp-Sp-Sp-Sp-B-B-B-B-B-B-B-G-G-G-G,4,2,False,False,False,False
3319,Wt-Wt-Wt-Wt-Wt-Wt-Wt-Wt-A-A-A-A-A-A-F-F-F-F-F-F-F-F-F,4,2,False,False,False,False
3320,Sp-Sp-Sp-Sp-Sp-Sp-Sp-Sp-Sp-Sp-Sp-Sp-Sp-B-B-B-B-B-B-Sp-G-G-G,4,3,False,False,False,False
3321,Sh-Sh-Sh-F-F-F-F-F-F-F-F-Sh-Sh-Sh-Sh-Sh-Sh-Sh-Sh-Sh-Sh-Sh-Sh,4,2,False,False,False,False
3322,F-F-F-F-Sh-Sh-Sh-Sh-Sh-Sh-Sh-Sh-Sh-Sh-Sh-Sh-Sh-Wt-Wt-Wt-Wt-Wt-Wt,4,2,False,False,False,False
3323,Sh-Sh-Sh-Sh-Sh-Sh-Wt-Wt-Wt-Wt-Wt-Wt-Wt-Wt-Wt-Wt-Wt-Wt-Wt-Wt-Wt-Wt-Wt,4,1,False,False,False,False
3324,Sh-Sh-Sh-F-F-F-F-F-F-F-F-F-F-F-F-F-F-F-F-F-F-G-G,4,2,False,False,False,False
3325,Sh-Sh-Sh-F-F-F-F-F-F-F-F-F-F-A-A-A-A-A-A-A-A-A-A,4,2,False,False,False,False
3326,Sh-Sh-Sh-A-F-F-F-F-F-F-F-F-F-F-F-F-F-F-F-F-F-F-F,4,2,False,False,False,False
3327,A-A-F-F-F-F-F-F-F-G-G-G-G-G-G-G-G-G-G-G-G-G-G,4,2,False,False,False,False
3328,G-F-F-F-F-F-F-F-F-F-F-F-F-F-F-F-F-F-Sh-Sh-Sh-Sh-Sh,4,2,False,False,False,False
3329,A-A-F-F-F-F-F-G-G-G-G-G-G-G-G-G-G-G-G-G-G-G-G,4,2,False,False,False,False
3330,Wt-Wt-Wt-Wt-Wt-F-F-F-F-F-F-F-F-F-F-F-F-F-A-A-A-A-A,4,2,False,False,False,False
3331,G-G-G-G-G-G-G-G-G-B-B-B-B-B-B-B-B-B-B-Sp-Sp-Sp-Sp,4,2,False,False,False,False
3332,F-F-F-F-Sp-Sp-Sp-Sp-Sp-Sp-Sp-Sp-Sp-Sp-Sp-Sp-Sp-Sp-Sp-Sp-F-F-F,4,2,False,False,False,False
3333,Sh-Sh-Sh-Sh-Sh-Sh-Sh-Sh-A-A-A-A-A-A-A-A-A-A-A-A-A-U-U,4,2,False,False,False,False
3334,F-F-F-F-F-F-F-F-G-G-G-G-G-G-G-G-F-F-F-F-F-F-F,4,2,False,True,True,False
3335,Sh-Sh-Sh-Sh-Sh-Sh-Sh-Sh-A-A-A-A-A-A-A-A-A-A-A-A-A-A-U,4,2,False,False,False,False
3336,F-F-F-Wt-Wt-Wt-Wt-Wt-Wt-Wt-F-F-F-F-F-F-F-F-F-F-F-F-Wt,4,3,False,False,False,False
3337,Wa-Wa-Wa-Wa-Wa-F-F-F-F-F-F-F-F-F-F-F-Wa-Wa-Wa-Wa-Wa-Wa-Wa,4,2,False,False,True,False
3338,Wa-Wa-Wa-Wa-Sp-Sp-Sp-Sp-Sp-Sp-Sp-Sp-Sp-Sp-Sp-Sp-Sp-Sp-Sp-F-F-F-F,4,2,False,False,False,False
3339,Sh-Sh-Wt-Wt-Wt-Wt-Wt-F-F-F-F-F-F-F-F-F-F-F-F-F-F-F-F,4,2,False,False,False,False
3340,F-F-F-G-G-G-G-G-G-G-G-F-F-F-F-F-F-F-F-F-F-F-F,4,2,False,False,False,False
3341,F-F-F-F-Wa-Wa-Wa-Wa-Wa-Wa-Wa-Wa-Wa-Wa-Wa-Wa-Wa-Wa-Wa-Wa-Wt-Wt-Wt,4,2,False,False,False,False
3342,Sh-Sh-Sh-Sh-Sh-Sh-Sh-Sh-Sh-A-A-A-A-F-F-F-F-F-F-F-F-F-F,4,2,False,False,False,False
3343,Wa-Wa-Wa-Wa-U-U-U-U-U-U-U-U-U-U-U-U-U-U-U-U-U-U-U,4,1,False,False,False,False
3344,A-Sh-Sh-Sh-Sh-Sh-Sh-Sh-Sh-Sh-Sh-U-U-U-U-U-U-U-U-U-U-U-U,4,2,False,True,False,False
3345,A-Sh-Sh-Sh-Sh-Sh-Sh-Sh-Sh-Sh-Sh-Sh-Sh-Sh-Sh-Sh-Sh-Sh-Sh-Sh-Sh-F-F,4,2,False,True,False,False
3346,G-G-A-A-A-A-A-A-A-A-A-A-A-G-G-G-G-G-G-G-G-G-G,4,2,False,False,False,False
3347,A-A-A-A-A-A-A-A-A-A-F-F-F-F-F-F-F-F-F-F-F-G-G,4,2,False,False,False,False
3348,Sh-Sh-Sh-A-A-A-A-A-A-A-A-A-A-A-A-A-A-A-A-A-F-F-F,4,2,False,False,False,False
3349,F-F-F-Wt-Wt-Wt-Wt-Wt-Wt-Wt-Wt-F-F-F-F-F-F-F-F-F-F-F-F,4,2,False,False,False,False
3350,Sh-Sh-F-F-F-F-F-F-F-F-F-F-F-G-G-G-G-G-G-G-G-G-G,4,2,False,False,False,False
3351,Sh-Sh-F-F-F-F-F-F-F-F-F-F-F-F-Wt-Wt-Wt-Wt-Wt-Wt-Wt-Wt-Wt,4,2,False,False,False,False
3352,G-G-G-G-G-G-G-Sp-Sp-F-F-F-F-F-F-F-F-F-F-F-F-F-F,4,2,False,False,False,False
3353,G-G-G-G-G-G-G-G-G-G-G-G-G-G-G-G-G-Sh-Sh-Sh-Sh-F-F,4,2,False,False,False,False
3354,Wa-Wa-Wa-Sh-Sh-Sh-Sh-Sh-Sh-Sh-Sh-Sh-Sh-Sh-Sh-Sh-Wt-Wt-Wt-Wt-Wt-Wt-Wt,4,2,False,False,True,False
3355,Wa-Wa-Wa-U-U-U-U-U-U-U-U-U-U-U-U-U-U-U-U-U-U-U-U,4,1,False,False,False,False
3356,A-A-A-A-A-A-A-A-A-A-F-F-F-F-F-F-F-F-F-F-F-Sh-Sh,4,2,False,False,False,False
3357,F-F-F-F-F-F-F-F-F-F-Sh-Sh-Sh-Sh-Sh-Sh-Sh-Sh-Sh-Sh-Sh-Sh-A,4,2,False,False,False,False
3358,Wa-Wa-Wa-F-F-F-F-F-F-F-F-F-F-F-F-F-Wa-Wa-Wa-Wa-Wa-Wa-Wa,4,2,False,False,True,False
3359,Wa-Wa-B-B-B-B-B-B-B-B-B-B-B-B-B-B-B-B-B-B-B-B-B,4,1,False,False,False,False
3360,G-G-F-F-F-F-F-F-F-F-F-F-F-F-Sp-Sp-Sp-Sp-Sp-Sp-Sp-Sp-Sp,4,2,False,False,False,False
3361,G-G-F-F-F-F-F-F-F-F-F-F-F-F-G-G-G-G-G-G-G-G-G,4,2,False,False,False,False
3362,G-G-F-F-F-F-F-F-F-F-F-F-F-F-F-F-F-F-F-F-F-Sh-Sh,4,2,False,False,False,False
3363,A-A-F-F-F-F-F-F-F-F-F-F-F-F-F-F-F-F-F-F-Sh-Sh-Sh,4,2,False,False,False,False
3364,A-B-B-B-B-B-B-B-B-B-B-B-B-B-B-B-B-B-B-B-A-A-A,4,2,False,False,False,False
3365,A-Sp-Sp-Sp-Sp-Sp-Sp-Sp-Sp-Sp-Sp-Sp-Sp-Sp-Sp-Sp-Sp-Sp-Sp-Sp-Sp-Sp-Sp,4,1,False,False,False,False
3366,Sp-Sp-Sp-Sp-Sp-Sp-Sp-Sp-Sp-Sp-Sp-Sp-Sp-Sp-Sp-Sp-Wa-Wa-Wa-Wa-G-G-G,4,2,False,False,True,False
3367,Sp-Sp-Sp-Sp-Sp-Sp-Sp-Sp-Sp-Sp-Sp-Sp-Sp-Sp-Sp-Sp-B-B-B-B-G-G-G,4,2,False,False,True,False
3368,A-Sh-Sh-Sh-Sh-Sh-Sh-F-F-F-F-F-F-F-F-F-F-F-F-F-F-F-F,4,2,False,False,False,False
3369,Wa-Wa-Sh-Sh-Sh-Sh-Sh-Sh-Sh-Sh-Sh-Sh-Sh-Sh-Wa-Wa-Wa-Wa-Wa-Wa-Wa-Wa-Wa,4,2,False,False,False,False
3370,Sh-Sh-Sh-Sh-Sh-Sh-Sh-Sh-Sh-F-F-F-F-F-F-F-Sh-Sh-Sh-Sh-Sh-Sh-Sh,4,2,False,False,True,False
3371,Sh-Sh-Sh-Sh-Sh-Sh-Sh-Sh-Sh-Sh-Sh-A-A-A-A-A-A-A-A-A-A-A-F,4,2,False,False,False,False
3372,Sh-Sh-Sh-Sh-Sh-Sh-Sh-Sh-Sh-Sh-G-G-G-G-G-G-G-G-F-F-F-F-F,4,2,False,False,False,False
3373,Sh-Sh-Sh-Sh-Sh-Sh-Sh-Sh-Sh-Sh-F-F-F-F-F-F-F-G-G-G-G-G-G,4,2,False,False,False,False
3374,Sh-Sh-Sh-Sh-Sh-Sh-Sh-Sh-Sh-Sh-F-F-F-F-F-F-F-F-F-F-F-A-A,4,2,False,False,False,False
3375,F-F-F-F-F-F-F-F-F-F-Wt-Wt-Wt-Wt-Wa-Wa-Wa-Wa-Wa-Wa-Wa-Wa-Wa,4,2,False,False,False,False
3376,A-Sh-Sh-Sh-Sh-Sh-Sh-Sh-Sh-Sh-Sh-Sh-Sh-Sh-Sh-Sh-Sh-U-U-U-U-U-U,4,2,False,False,False,False
3377,Sp-Sp-Sp-Sp-Sp-Sp-Sp-Sp-Sp-Sp-Sp-Sp-Sp-Sp-Sp-Sp-Sp-Sp-Sp-Sp-G-Sp-Sp,4,2,False,True,False,False
3378,Wt-Wt-Wt-F-F-F-F-F-F-F-F-Wa-Wa-Wa-Wa-Wa-Wa-Wa-Wa-Wa-Wa-Wa-Wt,4,3,False,False,False,False
3379,Sh-Sh-Sh-Sh-Sh-Sh-Sh-Sh-Sh-Sh-A-A-A-A-U-U-U-U-U-U-U-U-U,4,2,False,False,False,False
3380,F-F-F-Sh-G-G-G-G-G-G-G-G-G-G-G-G-G-G-G-G-G-G-G,4,2,False,False,False,False
3381,Sh-Sh-F-F-F-F-F-A-A-A-A-A-A-A-A-A-A-A-A-A-A-A-A,4,2,False,False,False,False
3382,Sh-Sh-A-A-A-A-A-A-A-A-A-A-A-A-A-A-A-A-F-F-F-F-F,4,2,False,False,False,False
3383,Sh-Sh-Sh-Sh-Sh-Sh-Sh-Sh-Sh-Sh-Sh-F-F-F-F-F-F-F-F-F-F-F-A,4,2,False,False,False,False
3384,G-G-G-G-G-G-Sp-Sp-Sp-Sp-Sp-Sp-Sp-Sp-Sp-Sp-Sp-Sp-Sp-Sp-G-G-G,4,2,False,False,False,False
3385,Wa-Wa-G-G-F-F-F-F-F-F-F-F-F-F-F-F-F-F-F-F-F-F-F,4,2,False,False,False,False
3386,Sh-Sh-Sh-Sh-Sh-Sh-Sh-Sh-Sh-Sh-Sh-A-A-A-A-A-A-A-F-F-F-F-F,4,2,False,False,False,False
3387,Sh-Sh-Sh-Sh-Sh-Sh-Sh-Sh-Sh-Sh-Sh-A-A-A-A-A-A-A-A-A-A-F-F,4,2,False,False,False,False
3388,F-F-F-Sh-Sh-Sh-Sh-Sh-Sh-Sh-Sh-Sh-Sh-Sh-G-G-G-G-G-G-G-G-G,4,2,False,True,False,False
3389,F-F-F-Sh-Sh-Sh-Sh-Sh-Sh-Sh-Sh-Sh-Sh-G-G-G-G-G-G-G-G-G-G,4,2,False,True,False,False
3390,G-G-G-G-G-Sh-Sh-Sh-Sh-Sh-Sh-Sh-Sh-Sh-Sh-Sh-Sh-Sh-Sh-Sh-Sh-F-F,4,2,False,False,False,False
3391,G-G-G-G-G-G-B-B-B-B-B-B-B-B-B-B-B-B-B-G-G-G-G,4,2,False,False,False,False
3392,Wa-U-U-U-U-U-U-U-U-U-U-U-U-U-U-U-U-U-U-U-U-U-U,4,1,False,False,False,False
3393,Sp-Sp-Sp-Sp-Sp-Sp-Sp-Sp-Sp-Sp-Sp-Sp-Sp-Sp-Sp-Sp-G-G-G-G-Sp-Sp-Sp,4,2,False,False,True,False
3394,Sp-Sp-Sp-Sp-Sp-Sp-Sp-Sp-Sp-Sp-Sp-Sp-Sp-Sp-G-G-G-G-G-Sp-Sp-Sp-Sp,4,2,False,False,False,False
3395,Sp-Sp-Sp-Sp-Sp-Sp-Sp-Sp-Sp-Sp-Sp-Sp-Sp-Sp-G-G-G-G-G-G-Sp-Sp-Sp,4,2,False,False,False,False
3396,F-Sh-Sh-Sh-Sh-Sh-Sh-Sh-Sh-Sh-Sh-Sh-Sh-U-U-U-U-U-U-U-U-U-U,4,2,False,False,False,False
3397,Wt-Wt-Wt-Wt-Wt-Wt-Wt-Wt-Wt-Wt-Wt-Wt-Wt-Wt-Wt-Wt-F-F-F-F-F-F-Wt,4,2,False,True,True,False
3398,Wt-Wt-Wt-Wt-Wt-Wt-Wt-Wt-Wt-Wt-Wt-Wt-Wt-Wt-Wt-Wt-F-F-F-F-F-F-A,4,2,False,False,True,False
3399,Wt-Wt-Wt-Wt-Wt-Wt-Wt-Wt-Wt-Wt-Wt-Wt-Wt-Wt-F-F-F-F-F-F-Wt-Wt-Wt,4,2,False,False,False,False
3400,F-Sh-Sh-Sh-Sh-Sh-Sh-Sh-Sh-Sh-Sh-Sh-Sh-Sh-Sh-Sh-Sh-Sh-Sh-U-U-U-U,4,2,False,False,False,False
3401,Sp-Sp-Sp-Sp-Sp-Sp-Sp-Sp-Sp-Sp-Sp-Sp-Sp-Sp-Sp-Sp-Sp-Sp-G-G-Sp-Sp-Sp,4,2,False,False,False,False
3402,F-F-F-F-F-F-F-F-F-F-G-G-G-G-G-G-G-G-G-G-G-G-F,4,2,False,False,False,False
3403,F-F-F-F-F-F-F-F-F-F-G-G-G-G-G-G-G-G-G-G-F-F-F,4,2,False,False,False,False
3404,Sh-Sh-A-A-A-A-A-A-A-A-A-A-A-Sh-Sh-Sh-Sh-Sh-Sh-Sh-Sh-Sh-Sh,4,2,False,False,False,False
3405,Sh-Sh-A-A-A-A-A-A-A-A-A-A-A-A-A-A-A-A-Sh-Sh-Sh-Sh-Sh,4,2,False,False,False,False
3406,F-F-F-Wa-Wa-Wa-Wa-Wa-Wa-Wa-Wa-Wa-Wa-Wa-Wa-Wa-Wa-Wa-Wa-Wa-Wt-Wt-Wt,4,2,False,False,False,False
3407,F-F-F-Wa-Wa-Wa-Wa-Wa-Wa-Wa-Wa-Wa-Sh-Sh-Sh-Sh-Sh-Sh-Sh-Sh-Sh-Sh-Sh,4,2,False,False,False,False
3408,Sh-Sh-Sh-Sh-Sh-Sh-Sh-Sh-Sh-Sh-Sh-Sh-A-A-A-A-A-A-A-A-A-A-F,4,2,False,True,False,False
3409,Sp-Sp-Wa-Wa-Wa-Wa-Wa-Wa-Wa-Wa-Wa-Wa-Wa-Wa-Wa-Wa-Sh-Sh-Sh-Sh-Sh-Sh-Sh,4,2,False,False,True,False
3410,F-Sh-Sh-Sh-A-A-A-A-A-A-A-A-A-A-A-A-A-A-A-F-F-F-F,4,3,False,False,False,False
3411,F-Sh-Sh-Sh-Sh-Sh-Sh-Sh-Sh-Sh-Sh-Sh-Sh-Sh-Sh-Sh-Sh-G-G-G-G-G-G,4,2,False,False,False,False
3412,Sp-Sp-Sp-Sp-Sp-Sp-Sp-Sp-Sp-Sp-Sp-Sp-Sp-Sp-Sp-Sp-Sp-G-G-G-G-Sp-Sp,4,2,False,False,False,False
3413,F-A-A-A-A-A-A-A-A-A-A-A-A-A-A-A-Sh-Sh-Sh-Sh-Sh-Sh-Sh,4,2,False,False,True,False
3414,Sh-Sh-A-A-A-A-A-A-A-A-A-A-A-A-A-A-A-A-A-F-F-F-F,4,2,False,False,False,False
3415,Sh-Sh-Sh-Sh-Sh-Sh-Sh-Sh-Sh-Sh-Sh-F-F-F-F-F-F-F-Sh-Sh-Sh-Sh-Sh,4,2,False,False,False,False
3416,A-A-A-A-A-A-A-A-A-Sh-Sh-Sh-Sh-Sh-Sh-Sh-Sh-Sh-Sh-A-A-A-A,4,2,False,False,False,False
3417,A-A-A-A-A-A-A-A-A-Sh-Sh-Sh-Sh-Sh-Sh-Sh-Sh-F-F-F-F-F-F,4,2,False,False,False,False
3418,B-B-Wa-Wa-Wa-Wa-Wa-Wa-Wa-Wa-Wa-Wa-Wa-Wa-Wa-Wa-B-B-B-B-B-B-B,4,2,False,False,True,False
3419,G-G-G-G-Sp-Sp-Sp-Sp-Sp-Sp-Sp-Sp-Sp-Sp-Sp-Sp-G-G-G-G-G-G-G,4,2,False,False,True,False
3420,G-G-G-G-U-U-U-U-U-U-U-U-U-U-U-U-U-U-U-U-U-U-U,4,1,False,False,False,False
3421,Sp-Sp-Sp-Sp-Sp-Sp-Sp-Sp-Sp-Sp-G-G-G-G-G-G-Sp-Sp-Sp-Sp-Sp-Sp-Sp,4,2,False,False,True,False
3422,F-Wt-Wt-Wt-Wt-Wt-Wt-Wt-Wt-Wt-Wt-Wt-Wt-Wa-Wa-Wa-Wa-Wa-Wa-Wa-Wa-Wa-Wa,4,2,False,False,False,False
3423,F-Wt-Wt-Wt-Wt-Wt-Wt-Wt-Wt-Wt-Wt-Wt-Wt-Wt-Wa-Wa-Wa-Wa-Wa-Wa-Wa-Wa-Wa,4,2,False,False,False,False
3424,F-A-A-A-A-A-A-A-A-A-A-A-A-U-U-U-U-U-U-U-U-U-U,4,2,False,False,False,False
3425,Sp-Sp-Sp-Sp-Sp-Sp-Sp-Sp-Sp-Sp-Sp-Sp-Sp-A-A-A-A-A-A-A-A-A-A,4,1,False,False,False,False
3426,A-A-A-Sh-Sh-Sh-Sh-Sh-Sh-Sh-Sh-Sh-Sh-Sh-Sh-Sh-Sh-A-A-A-A-A-A,4,2,False,False,False,False
3427,Sh-G-G-G-G-G-G-G-G-G-G-G-G-G-G-G-G-G-G-G-G-G-F,4,2,False,False,False,False
3428,Sh-G-G-G-G-G-G-G-G-G-G-G-G-G-G-G-G-G-G-F-F-F-F,4,2,False,False,False,False
3429,B-B-B-B-B-B-B-B-B-B-B-B-B-B-B-B-B-B-B-B-B-B-F,4,1,False,False,False,False
3430,A-A-A-A-A-A-A-F-F-F-F-F-F-F-F-F-F-F-F-F-F-F-Wt,4,2,False,False,False,False
3431,A-A-A-A-A-A-A-F-F-F-F-F-F-F-F-F-F-F-F-A-Sh-Sh-Sh,4,3,False,False,False,False
3432,Sh-F-F-F-F-F-G-G-G-G-G-G-G-G-G-G-G-G-G-G-G-G-G,4,2,False,False,False,False
3433,Sh-F-F-F-F-F-F-F-F-Wt-Wt-Wt-Wt-Wt-Wt-Wt-Wt-Wt-Wt-Wt-Wt-Wt-Wt,4,2,False,False,False,False
3434,Sh-F-F-F-F-F-F-F-F-F-F-G-G-G-G-G-G-G-G-G-G-G-G,4,2,False,False,False,False
3435,Sh-Sh-Sh-Sh-Sh-Sh-Sh-Sh-Sh-Sh-Sh-Sh-F-F-F-F-F-F-F-G-G-G-G,4,2,False,False,False,False
3436,Sh-Sh-Sh-Sh-Sh-Sh-Sh-Sh-Sh-Sh-Sh-Sh-Sh-Sh-Sh-Sh-F-F-A-A-A-A-A,4,2,False,False,True,False
3437,F-F-F-F-F-F-F-F-F-F-F-F-Sh-Sh-Sh-Sh-Sh-Sh-Sh-Sh-F-F-F,4,2,False,True,False,False
3438,A-A-A-A-A-A-A-Sh-Sh-Sh-Sh-Sh-Sh-Sh-Sh-Sh-Sh-G-G-G-G-G-G,4,2,False,False,False,False
3439,G-G-G-Sh-Sh-Sh-F-F-F-F-F-F-F-F-F-F-F-F-F-F-F-F-F,4,2,False,False,False,False
3440,B-B-B-B-B-B-B-B-B-B-B-B-B-B-B-B-B-G-G-G-G-G-Sp,4,2,False,False,False,False
3441,Wt-Wt-F-F-F-F-F-F-F-F-F-F-F-F-F-F-F-F-A-A-A-A-A,4,2,False,True,False,False
3442,Wt-Wt-F-F-F-F-F-F-F-F-F-F-F-F-F-F-F-A-A-A-A-A-A,4,2,False,False,False,False
3443,G-G-G-G-F-F-F-F-F-F-F-F-F-F-F-F-F-F-F-F-A-A-A,4,2,False,False,False,False
3444,B-B-U-U-U-U-U-U-U-U-U-U-U-U-U-U-U-U-U-U-U-U-U,4,1,False,False,False,False
3445,Wt-Wt-Wt-Wt-Wt-Wt-Wt-Wt-Wt-Wt-Wt-Wt-Wt-Wt-Wt-Wt-Wa-Wa-Wa-Wa-Wt-Wt-Wt,4,2,False,False,True,False
3446,F-F-A-A-A-A-A-A-A-A-A-A-A-A-A-A-Sh-Sh-Sh-Sh-Sh-Sh-Sh,4,2,False,True,True,False
3447,Wt-Wt-F-F-F-F-F-F-F-F-F-F-F-F-F-F-G-G-G-G-G-G-G,4,2,False,False,True,False
3448,F-F-G-G-G-G-G-G-G-G-G-G-G-G-G-G-G-G-G-G-G-F-F,4,2,False,False,False,False
3449,F-F-G-G-G-G-G-G-G-G-G-G-G-G-G-G-G-G-G-F-F-F-F,4,2,False,False,False,False
3450,Sh-F-F-F-F-F-F-F-F-F-F-F-F-F-F-F-F-F-Sp-Sp-Sp-Sp-Sp,4,2,False,False,False,False
3451,Sh-Sh-Sh-Sh-Sh-Sh-Sh-Sh-Sh-Sh-Sh-Sh-Sh-Sh-Sh-Sh-Wt-Wt-Wt-Wt-Wt-Wt-F,4,2,False,False,True,False
3452,A-A-A-A-A-A-F-F-F-F-F-F-F-F-F-F-F-F-G-G-G-G-G,4,2,False,False,False,False
3453,B-B-B-B-B-B-B-B-B-B-B-B-B-B-Sp-Sp-Sp-B-B-Sp-Sp-Sp-Sp,4,3,False,True,False,False
3454,B-B-B-B-B-B-B-B-B-B-B-B-B-B-Sp-Sp-Sp-Sp-Sp-Sp-Sp-Sp-G,4,2,False,False,False,False
3455,G-G-G-B-B-B-B-B-B-B-B-B-B-B-B-B-B-B-G-G-G-G-G,4,2,False,False,False,False
3456,G-G-G-Sh-Sh-Sh-Sh-Sh-Sh-Sh-Sh-Sh-Sh-Sh-Sh-Sh-Sh-Sh-Sp-Sp-Sp-Sp-Sp,4,2,False,False,False,False
3457,Wt-F-F-F-F-F-F-F-F-F-F-F-F-Sh-Sh-Sh-Sh-Sh-Sh-Sh-Sh-Sh-Sh,4,2,False,False,False,False
3458,Wt-Wt-Wt-Wt-Wt-Wt-Wt-Sh-Sh-Sh-Sh-Sh-Sh-Sh-Sh-Sh-Sh-F-F-F-F-F-F,4,2,False,False,False,False
3459,F-Wt-Wt-Wt-Wt-Wt-Sh-Sh-Sh-Sh-Sh-Sh-Sh-Sh-Sh-Sh-Sh-Sh-Sh-Sh-Sh-Sh-Sh,4,2,False,False,False,False
3460,F-F-F-A-A-A-A-A-A-A-A-A-A-A-A-A-Sh-Sh-Sh-Sh-Sh-Sh-Sh,4,2,False,True,True,False
3461,B-B-B-G-G-G-G-G-G-G-G-G-G-G-G-G-Sp-Sp-Sp-Sp-Sp-Sp-Sp,4,2,False,False,True,False
3462,Sh-Sh-Sh-Sh-Sh-Sh-Sh-Sh-Sh-Sh-Sh-Sh-Sh-Sh-Sh-Sh-F-F-F-Wa-Wa-Wa-Wa,4,2,False,False,True,False
3463,Sh-Sh-Sh-Sh-Sh-Sh-Sh-Sh-Sh-Sh-Sh-Sh-Sh-Sh-Sh-Sh-F-F-F-F-F-F-A,4,2,False,False,True,False
3464,B-B-B-B-B-B-B-B-B-B-B-B-B-A-A-A-A-A-A-A-A-A-A,4,1,False,False,False,False
3465,F-F-Sh-Sh-Sh-Sh-Sh-F-F-F-F-F-F-F-F-F-F-F-F-F-F-Sh-Sh,4,3,False,False,False,False
3466,Sh-Sh-Sh-Sh-Sh-Sh-Sh-Sh-Sh-Sh-Sh-Sh-Sh-Sh-Sh-Sh-Sh-Sh-A-A-A-A-F,4,2,False,False,False,False
3467,Sh-A-A-A-A-A-A-A-A-A-A-F-F-F-F-F-F-F-F-F-F-F-F,4,2,False,False,False,False
3468,A-A-A-A-A-A-F-F-F-F-F-F-F-F-F-F-F-Sh-Sh-Sh-Sh-Sh-Sh,4,2,False,False,False,False
3469,A-A-A-F-F-F-F-F-F-A-A-A-A-A-A-A-A-A-A-A-A-A-A,4,2,False,False,False,False
3470,B-B-B-B-Sp-Sp-Sp-Sp-Sp-Sp-Sp-G-G-G-G-G-G-G-G-G-G-G-G,4,2,False,False,False,False
3471,Wt-Wt-Wt-Wt-Wt-Wt-Sh-Sh-Sh-Sh-Sh-Sh-Sh-Sh-F-F-F-F-F-F-F-F-F,4,2,False,False,False,False
3472,F-G-G-G-G-G-G-G-B-B-B-B-B-B-B-B-B-B-B-B-B-B-B,4,2,False,True,False,False
3473,Sp-Sp-Sp-Sp-G-G-G-G-G-G-G-G-G-G-G-G-G-G-G-F-F-F-F,4,2,False,False,False,False
3474,A-A-A-F-F-F-F-F-F-F-F-F-F-F-F-F-F-F-F-G-G-G-G,4,2,False,False,False,False
3475,G-G-G-G-G-G-G-G-G-A-A-A-A-A-A-A-A-A-F-F-F-F-F,4,2,False,False,False,False
3476,G-G-G-Wa-Wa-Wa-Wa-Wa-Wa-Wa-Wa-Wa-Wa-Sp-Sp-Sp-Sp-Sp-Sp-Sp-Sp-Sp-Sp,4,2,False,False,False,False
3477,B-B-B-B-B-B-B-B-B-B-B-B-B-Sp-Sp-Sp-Sp-Sp-Sp-G-G-G-G,4,2,False,False,False,False
3478,A-A-A-A-A-A-Sh-Sh-Sh-Sh-Sh-Sh-Sh-Sh-Sh-Sh-Sh-Sh-Sh-G-G-G-G,4,2,False,False,False,False
3479,F-F-F-F-F-F-F-F-F-F-F-F-F-F-F-F-F-F-Sh-Sh-Sh-F-F,4,2,False,False,False,False
3480,F-F-F-F-F-F-F-F-F-F-F-F-F-F-F-F-F-Sh-Sh-Sh-Sh-Sh-F,4,2,False,False,False,False
3481,F-F-F-F-F-F-F-F-F-F-F-F-F-F-F-F-F-Sh-Sh-F-F-F-F,4,2,False,False,False,False
3482,Wt-Wa-Wa-Wa-Wa-Wa-Sh-Sh-Sh-Sh-Sh-Sh-Sh-Sh-Sh-Sh-Sh-Sh-Sh-Sh-Sh-Sh-Sh,4,2,False,False,False,False
3483,Wt-Sh-Sh-Sh-Sh-Sh-Sh-Sh-Sh-Sh-Sh-Sh-Sh-Sh-Sh-Sh-Sh-Sh-Sh-F-F-F-F,4,2,False,True,False,False
3484,Sh-Sh-Sh-Wa-Wa-Wa-Wa-Wa-Wa-Wa-Wa-Wa-Wa-Wa-G-G-G-G-G-G-G-G-G,4,2,False,False,False,False
3485,A-A-A-A-A-F-F-F-F-F-F-F-F-F-F-F-F-F-Wt-Wt-Wt-Wt-Wt,4,2,False,False,False,False
3486,B-B-B-B-B-B-B-B-B-B-B-Sp-Sp-Sp-Sp-Sp-Sp-Sp-Sp-B-B-B-B,4,2,False,False,False,False
3487,Sp-Sp-Sp-Sp-Sp-G-G-G-G-G-G-G-G-G-G-G-G-G-G-B-B-B-B,4,2,False,False,False,False
3488,G-G-G-G-F-F-F-F-F-F-F-F-F-F-F-F-G-G-G-G-G-G-G,4,2,False,False,True,False
3489,B-B-B-B-Sp-Sp-Sp-Sp-Sp-Sp-Sp-Sp-Sp-Sp-Sp-Sp-Sp-Sp-B-B-B-B-B,4,2,False,True,False,False
3490,G-G-B-B-B-B-B-B-B-B-B-B-B-B-B-B-B-B-B-B-Sp-Sp-Sp,4,2,False,True,False,False
3491,G-G-Sp-Sp-B-B-B-B-B-B-B-B-B-B-B-B-B-B-B-B-B-B-B,4,2,False,False,False,False
3492,A-A-A-A-A-Sh-Sh-Sh-Sh-F-F-F-F-F-F-F-F-F-F-F-F-F-F,4,2,False,False,False,False
3493,Sh-Sh-Wa-Wa-Wa-Wa-Wa-Wa-Wa-A-A-A-A-A-A-A-A-A-A-A-A-A-A,4,2,False,False,False,False
3494,Sh-Sh-Wa-Wa-Wa-Wa-Wa-Sp-Sp-Sp-Sp-Sp-Sp-Sp-Sp-Sp-Sp-Sp-Sp-Sp-Sp-Sp-Sp,4,2,False,False,False,False
3495,A-A-A-A-F-F-F-F-F-F-A-A-A-A-A-A-A-A-A-A-A-A-A,4,2,False,False,False,False
3496,A-A-A-A-A-Sh-Sh-Sh-Sh-Sh-Sh-Sh-Sh-Sh-Sh-Sh-Sh-Sh-Sh-Sh-Sh-F-F,4,2,False,False,False,False
3497,G-G-Wa-Wa-Wa-Wa-Wa-Wa-Wa-Wa-Wa-Wa-Wa-G-G-G-G-G-G-G-G-G-G,4,2,False,False,False,False
3498,G-G-G-G-G-G-G-G-F-F-F-F-F-F-F-F-F-F-F-Sh-Sh-Sh-Sh,4,2,False,False,False,False
3499,B-B-B-B-B-B-B-B-B-Sp-Sp-Sp-Sp-Sp-Sp-Sp-Sp-Sp-Sp-Sp-Sp-Sp-G,4,2,False,False,False,False
3500,B-B-B-B-B-B-B-B-B-G-G-G-G-G-G-G-B-B-B-B-B-B-B,4,2,False,False,True,False
3501,F-F-F-F-F-F-F-F-F-F-F-F-F-F-F-F-F-F-F-G-G-G-F,4,2,False,False,False,False
3502,A-A-A-A-F-F-F-F-F-F-F-F-F-F-F-F-A-A-A-A-F-F-F,4,3,False,False,True,False
3503,B-B-B-B-B-B-B-B-Sp-Sp-Sp-Sp-Sp-Sp-Sp-Sp-Sp-B-B-Sp-Sp-Sp-Sp,4,3,False,False,False,False
3504,B-B-B-B-B-B-Sp-Sp-Sp-Sp-Sp-Sp-Sp-Sp-Sp-Sp-Sp-Sp-Sp-B-B-B-B,4,2,False,True,False,False
3505,Wt-Wt-Wt-Wt-Sh-Sh-Sh-Sh-Sh-Sh-Sh-Sh-Sh-Sh-Sh-Sh-Sh-Sh-F-F-F-F-F,4,2,False,False,False,False
3506,F-G-G-G-G-G-G-G-G-F-F-F-F-F-F-F-F-F-F-F-F-F-F,4,2,False,False,False,False
3507,Sp-Sp-Sp-Sh-Sh-Sh-Sh-Sh-Sh-Sh-Sh-Sh-Sh-Sh-Sh-Sh-Sh-Sh-Sp-Sp-Sp-Sp-Sp,4,2,False,False,False,False
3508,Sp-Sp-Sp-Sh-Sh-Sh-Sh-Sh-Sh-Sh-Sh-Sh-Sh-Sh-Sh-Sh-A-A-A-A-A-A-A,4,2,False,False,True,False
3509,Sp-Sp-Sp-G-G-G-G-G-G-Sp-Sp-Sp-Sp-Sp-Sp-Sp-Sp-Sp-Sp-Sp-Sp-Sp-Sp,4,2,False,False,False,False
3510,Wt-A-A-A-A-A-A-A-A-A-A-A-A-F-F-F-F-F-F-F-F-F-F,4,2,False,False,False,False
3511,A-A-A-A-F-F-F-F-F-F-F-F-F-F-F-F-F-F-F-Sp-Sp-Sp-Sp,4,2,False,False,False,False
3512,A-A-A-A-F-F-F-F-F-F-F-F-F-F-F-F-F-F-F-G-G-G-G,4,2,False,False,False,False
3513,B-B-B-B-B-B-B-B-Sp-Sp-Sp-Sp-Sp-Sp-Sp-Sp-Sp-Sp-Sp-Sp-Sp-Sp-G,4,2,False,False,False,False
3514,B-B-B-B-B-B-B-B-Sp-Sp-Sp-Sp-Sp-Sp-Sp-Sp-Sp-Sp-Sp-Sp-Sp-G-G,4,2,False,False,False,False
3515,Sh-Wa-Wa-Wa-Wa-Wa-Sp-Sp-Sp-Sp-Sp-Sp-Sp-Sp-Sp-Sp-Sp-Sp-Sp-Sp-Sp-Sp-Sp,4,2,False,False,False,False
3516,Wt-Wt-Wt-Sp-Sp-Sp-Sp-Sp-Sp-Sp-Sp-Sp-Sp-Sp-Sp-Sp-Sp-Sp-Sp-Sp-Sp-Sp-Sp,4,1,False,False,False,False
3517,Wt-Wt-Wt-Sh-Sh-Sh-Sh-Sh-Sh-Sh-Sh-Sh-Sh-Sh-Sh-Sh-Wa-Wa-Wa-Wa-Wa-Wa-Wa,4,2,False,False,True,False
3518,Wt-Wt-Wt-Sh-Sh-Sh-Sh-Sh-Sh-Sh-Sh-Sh-Sh-Sh-F-F-F-F-F-F-F-F-F,4,2,False,False,False,False
3519,Sh-Wa-Wa-Wa-Wa-Wa-Wa-Wa-Wa-A-A-A-A-A-A-A-A-A-A-A-A-A-A,4,2,False,False,False,False
3520,B-B-B-B-B-B-B-B-Sh-Sh-Sh-Sh-Sh-Sh-Sh-Sh-Sh-Sh-Sh-Sh-Sh-Sh-Sh,4,1,False,False,False,False
3521,A-A-A-A-G-G-G-G-G-G-G-G-G-G-G-G-G-G-A-A-A-A-A,4,2,False,False,False,False
3522,A-A-A-A-F-F-F-F-F-F-Sh-Sh-Sh-Sh-Sh-Sh-Sh-Sh-Sh-Sh-Sh-Sh-Sh,4,2,False,False,False,False
3523,G-G-G-G-G-G-G-F-F-F-F-F-F-F-F-F-F-F-F-F-A-A-A,4,2,False,False,False,False
3524,A-A-A-A-F-F-F-F-F-F-F-F-F-F-F-F-G-G-G-G-G-G-G,4,2,False,False,True,False
3525,F-F-Wa-Wa-Wa-Wa-Wa-Wa-Wa-Wa-Wa-Wa-Wa-Wa-Wa-Wa-Wa-Wa-Wa-Wa-Sp-Sp-Sp,4,2,False,False,False,False
3526,Sp-Sp-G-G-G-G-G-G-G-G-Sp-Sp-Sp-Sp-Sp-Sp-Sp-Sp-Sp-Sp-Sp-Sp-Sp,4,2,False,False,False,False
3527,G-B-B-B-B-B-B-B-B-B-B-B-B-B-B-B-B-B-B-G-G-G-G,4,2,False,False,False,False
3528,G-G-G-G-G-G-G-G-G-G-G-G-G-Sh-Sh-Sh-Sh-Sh-Sh-U-U-U-U,4,2,False,False,False,False
3529,G-G-G-G-G-G-G-G-G-G-G-G-B-B-B-B-B-B-B-A-A-A-A,4,2,False,False,False,False
3530,A-A-A-A-A-A-A-A-A-A-A-A-A-A-F-F-F-G-G-G-G-G-G,4,2,False,False,False,False
3531,A-A-A-A-A-A-A-A-A-A-A-A-A-A-A-A-A-A-Sh-Sh-Sh-F-F,4,2,False,False,False,False
3532,A-A-A-A-A-A-A-A-A-A-A-A-A-A-A-A-A-A-Sh-Sh-F-F-F,4,2,False,False,False,False
3533,A-A-Sh-Sh-Sh-Sh-Sh-Sh-Sh-Sh-Sh-Sh-Sh-U-U-U-U-U-U-U-U-U-U,4,2,False,False,False,False
3534,A-A-Sh-Sh-Sh-Sh-Sh-Sh-Sh-Sh-Sh-F-F-F-F-F-F-F-F-F-F-F-F,4,2,False,False,False,False
3535,G-G-G-G-G-G-G-G-G-G-G-G-G-B-B-B-B-B-B-B-B-Sp-Sp,4,2,False,False,False,False
3536,A-A-A-A-A-A-A-A-A-A-A-A-A-A-A-A-A-A-A-A-F-A-A,4,2,False,False,False,False
3537,Sh-Sh-Sh-Sh-Sh-A-A-A-A-A-F-F-F-F-F-F-F-F-F-F-F-F-F,4,2,False,False,False,False
3538,G-G-G-G-G-G-G-G-G-G-G-G-Sh-Sh-Sh-Sh-Sh-Sh-Sh-Sh-Sh-Sh-F,3,2,False,False,False,False
3539,Sp-Sp-Sp-Sp-Sp-Sp-Sp-B-B-B-B-B-B-B-B-B-B-B-B-G-G-G-G,3,2,False,False,False,False
3540,A-A-Sh-Sh-Sh-Sh-U-U-U-U-U-U-U-U-U-U-U-U-U-U-U-U-U,3,2,False,False,False,False
3541,Sp-Sp-Sp-Sp-Sp-B-B-B-B-B-B-B-B-B-B-B-B-B-B-G-G-G-G,3,2,False,False,False,False
3542,Wt-Wt-Wt-Wt-Wt-Wt-Wt-F-F-F-F-F-F-F-F-F-F-A-A-A-A-A-A,3,2,False,False,False,False
3543,A-A-A-A-A-A-A-A-A-A-A-A-A-A-A-A-Wt-F-F-F-F-F-F,3,2,False,False,True,False
3544,Sh-Sh-Sh-Sh-Sh-A-A-A-A-A-A-A-A-A-A-A-A-Sh-Sh-Sh-Sh-Sh-Sh,3,2,False,False,False,False
3545,Sh-Sh-Sh-Sh-F-F-F-F-F-F-F-F-G-G-G-G-G-G-G-G-G-G-G,3,2,False,False,False,False
3546,Sh-Sh-Sh-Sh-F-F-F-F-F-F-F-F-F-F-U-U-U-U-U-U-U-U-U,3,2,False,False,False,False
3547,Sh-Sh-Sh-Sh-F-F-F-F-F-F-F-F-F-F-F-F-Sh-Sh-Sh-Sh-Sh-Sh-G,3,3,False,False,True,False
3548,F-F-F-F-F-G-G-G-G-G-G-G-G-G-G-G-G-G-G-G-G-F-F,3,2,False,False,False,False
3549,Wa-Wa-Wa-Wa-Wa-Wa-Wa-Wa-Sp-Sp-Sp-U-U-U-U-U-U-U-U-U-U-U-U,3,2,False,False,False,False
3550,Wa-Wa-Wa-Wa-Wa-Wa-Wa-Wa-Wt-Wt-Wt-Wt-Wt-Wt-Wt-Wt-Wt-Wt-Wt-Wt-F-F-F,3,2,False,False,False,False
3551,Sh-Sh-Sh-Sh-Sh-F-F-F-F-F-F-F-F-F-F-F-F-F-Wt-Wt-Wt-Wt-Wt,3,2,False,False,False,False
3552,F-F-F-F-F-Sh-Sh-Sh-Sh-Sh-Sh-Sh-Sh-Sh-Sh-Sh-Sh-Sh-Sh-Sh-G-G-G,3,2,False,False,False,False
3553,F-F-F-F-F-Sh-Sh-Sh-Sh-Sh-Sh-Sh-Sh-Sh-Sh-Sh-Sh-Wt-Wt-Wt-Wt-Wt-Wt,3,2,False,False,False,False
3554,F-F-F-F-G-G-G-G-G-G-G-G-G-G-G-G-G-G-G-F-F-F-F,3,2,False,False,False,False
3555,Sh-Sh-Sh-Sh-Sh-Sh-A-A-A-F-F-F-F-F-F-F-F-F-F-F-F-F-F,3,2,False,False,False,False
3556,B-B-B-B-B-B-B-Sp-Sp-Sp-Sp-Sp-Sp-B-B-B-B-B-B-B-B-B-B,3,2,False,False,False,False
3557,B-B-B-B-B-B-B-Sp-Sp-Sp-Sp-Sp-Sp-Sp-Sp-Sp-B-B-B-B-B-B-Sp,3,3,False,False,True,False
3558,F-F-F-F-F-F-F-F-F-F-F-F-F-F-F-F-F-A-A-A-F-F-F,3,2,False,False,False,False
3559,Wt-Wt-Wt-Wt-Wa-Wa-Wa-Wa-Wa-Wa-Wa-Wa-Wa-Wa-Wa-Wa-Wa-Wa-Wa-Wa-F-F-F,3,2,False,False,False,False
3560,F-F-Wa-Wa-Wa-Wa-Wa-Wa-Wa-Wa-Wa-Wa-Wa-Wa-Wa-Wa-Wa-Wa-Wa-Wa-Sh-Sh-Sh,3,2,False,False,False,False
3561,F-F-Wa-Wa-Wa-Wa-Wa-Wa-Wa-Wa-Wa-Wa-Wa-Wa-Wa-Wa-Wa-Wa-Wa-Wa-Wt-Wt-Wt,3,2,False,False,False,False
3562,Wt-Wt-Wt-Wt-Wt-Sh-Sh-Sh-Sh-Sh-Sh-Sh-Sh-Sh-Sh-Sh-Sh-Sh-Sh-Sh-Sh-Sh-F,3,2,False,False,False,False
3563,Wt-Wt-Wt-Wt-Wt-Sh-Sh-Sh-Sh-Sh-Sh-Sh-Sh-Sh-Sh-Sh-Sh-Sh-F-F-F-F-F,3,2,False,False,False,False
3564,Sp-Sp-G-G-G-G-G-G-G-G-G-G-G-G-Sp-Sp-Sp-Sp-Sp-Sp-Sp-Sp-Sp,3,2,False,False,False,False
3565,B-B-B-B-B-B-B-Sp-Sp-Sp-Sp-Sp-Sp-Sp-Sp-Sp-Sp-B-Sp-Sp-Sp-Sp-Sp,3,3,False,False,False,False
3566,G-G-G-G-G-F-F-F-F-F-F-F-F-F-F-F-F-F-F-F-G-G-G,3,2,False,False,False,False
3567,B-B-B-B-B-B-Sp-Sp-Sp-Sp-Sp-Sp-Sp-Sp-Sp-Sp-B-B-B-B-B-B-B,3,2,False,False,True,False
3568,G-G-G-G-G-G-G-G-G-G-G-G-G-G-B-B-B-B-B-B-G-G-G,3,2,False,False,False,False
3569,A-A-A-A-A-A-A-A-A-A-A-A-A-F-F-F-F-F-F-F-F-A-A,3,2,False,False,False,False
3570,A-A-A-A-A-A-A-A-A-A-A-A-A-F-F-F-A-A-A-A-A-A-A,3,2,False,False,True,False
3571,F-F-F-F-F-F-Sh-Sh-Sh-Sh-Sh-Sh-Sh-Sh-Sh-Sh-Sh-Sh-Wt-Wt-Wt-Wt-Wt,3,2,False,False,False,False
3572,F-F-Wa-Wa-Wa-Wa-Wa-Wa-Wa-Wa-Wa-Wa-Wa-Wa-Wa-Wa-F-F-F-F-F-F-F,3,2,False,False,True,False
3573,F-F-Wa-Wa-Wa-Wa-Wa-Wa-Wa-Wa-Wa-Wa-Wa-Wt-Wt-Wt-Wt-Wt-Wt-Wt-Wt-Wt-Wt,3,2,False,False,False,False
3574,Sp-G-G-G-G-G-G-G-G-G-G-G-G-G-G-G-G-G-G-B-B-B-B,3,2,False,False,False,False
3575,Sp-G-G-G-G-G-G-G-G-G-G-G-G-G-G-G-G-G-G-G-G-G-F,3,2,False,False,False,False
3576,Sp-F-F-F-F-F-F-F-F-F-F-F-F-F-F-F-A-A-A-A-A-A-A,3,2,False,False,True,False
3577,Sh-Wa-Wa-Wa-Wa-Wa-Wa-Wa-Wa-Sp-Sp-Sp-Sp-Sp-Sp-Sp-Sp-Sp-Sp-Sp-Sp-Sp-Sp,3,2,False,False,False,False
3578,F-F-F-F-F-F-F-F-F-F-F-F-F-F-F-F-F-F-F-F-F-A-F,3,2,False,True,False,False
3579,F-F-F-F-F-F-F-F-F-F-F-F-F-F-F-F-F-F-F-A-Sp-Sp-Sp,3,2,False,False,False,False
3580,F-F-Sp-Sp-Sp-Sp-Sp-Sp-Sp-Sp-Sp-Sp-Sp-Sp-Sp-Sp-Sp-Sp-Sp-Sh-Sh-Sh-Sh,3,2,False,False,False,False
3581,F-F-Sh-Sh-Sh-Sh-Sh-Sh-Sh-Sh-Sh-Sh-Sh-Sh-Sh-Sh-Sh-Sh-Wa-Wa-Wa-Wa-Wa,3,2,False,False,False,False
3582,Wt-Wt-Sh-F-F-F-F-F-F-F-F-F-F-F-F-F-F-F-F-F-F-F-F,3,2,False,False,False,False
3583,Wt-Wt-Wt-Sh-Sh-Sh-Sh-Sh-Sh-Sh-Sh-Sh-Sh-Sh-Sh-Sh-Sh-Sh-F-F-F-F-F,3,2,False,False,False,False
3584,B-B-B-B-B-B-B-B-G-G-G-G-G-G-G-G-B-B-B-B-B-B-B,3,2,False,False,True,False
3585,G-Sp-Sp-Sp-Sp-Sp-Sp-Sp-Sp-Sp-Sp-Sp-Sp-Sp-Sp-Sp-Sp-B-B-B-B-B-B,3,2,False,False,False,False
3586,G-G-G-G-G-G-G-F-F-F-F-F-F-F-F-F-F-F-F-G-G-G-G,3,2,False,False,False,False
3587,G-G-G-G-G-G-G-F-F-F-F-F-F-F-F-F-F-F-A-A-A-A-A,3,2,False,False,False,False
3588,G-Sh-Sh-Sh-Sh-Sh-Sh-Sh-Sh-F-F-F-F-F-F-F-F-F-F-F-F-F-F,3,2,False,False,False,False
3589,G-G-Wa-Wa-Wa-Wa-Wa-Wa-Wa-Wa-Wa-Wa-Wa-Wa-Wa-Wa-Sh-Sh-Sh-Sh-Sh-Sh-Sh,3,2,False,False,True,False
3590,G-G-Wa-Wa-Wa-Wa-Wa-Wa-Wa-Wa-Wa-Wa-Wa-Wa-Wa-Wa-G-G-G-G-G-G-G,3,2,False,False,True,False
3591,B-B-B-B-B-B-B-B-Sp-Sp-Sp-Sp-Sp-Sp-Sp-Sp-B-B-B-Sp-Sp-Sp-Sp,3,3,False,False,True,False
3592,A-A-A-A-G-G-G-G-G-G-G-G-Sp-Sp-Sp-Sp-Sp-Sp-Sp-Sp-Sp-Sp-Sp,3,2,False,False,False,False
3593,Wt-Wt-Wt-Wt-Sh-Sh-Sh-Sh-Sh-Sh-Sh-Sh-Sh-Sh-Sh-Sh-Sh-Sh-Sh-Wa-Wa-Wa-Wa,3,2,False,False,False,False
3594,Sp-Sp-G-G-G-G-G-G-G-G-G-G-G-G-G-G-G-G-B-B-B-B-B,3,2,False,False,False,False
3595,Sp-Sp-G-G-G-G-G-G-G-G-G-G-G-G-G-G-G-G-G-G-G-B-B,3,2,False,False,False,False
3596,F-F-F-F-F-F-F-F-F-F-F-F-F-F-F-F-F-F-A-A-A-F-F,3,2,False,False,False,False
3597,Sp-Sp-Sp-Sh-Sh-Sh-Sh-Sh-Sh-F-F-F-F-F-F-F-F-F-F-F-F-F-F,3,2,False,False,False,False
3598,A-A-A-A-Sh-Sh-Sh-Sh-Sh-Sh-Sh-Sh-Sh-Sh-Sh-Sh-Sh-G-G-G-G-G-G,3,2,False,False,False,False
3599,Wt-F-F-F-F-F-F-F-F-F-F-F-A-A-A-A-A-A-A-A-A-A-A,3,2,False,False,False,False
3600,Wt-F-F-F-F-F-F-F-F-F-F-A-A-A-A-A-A-A-A-A-A-A-A,3,2,False,False,False,False
3601,Sh-Wa-Wa-Wa-Wa-Wa-Wa-Sh-Sh-Sh-Sh-Sh-Sh-Sh-Sh-Sh-Sh-Sh-Sh-Sh-Sh-Sh-Sh,3,2,False,False,False,False
3602,Sh-Wa-Wa-Wa-Wa-Wa-B-B-B-B-B-B-B-B-B-B-B-B-B-B-B-B-B,3,2,False,False,False,False
3603,Sh-Wa-Wa-Wa-Wa-Wa-Wt-Wt-Wt-Wt-Wt-Wt-Wt-Wt-Wt-Wt-Wt-Wt-Wt-Wt-Wt-Wt-Wt,3,2,False,False,False,False
3604,Wt-F-F-F-F-F-F-F-F-F-F-F-F-F-F-F-F-F-F-F-A-A-A,3,2,False,False,False,False
3605,B-B-B-B-Sp-Sp-Sp-Sp-Sp-Sp-Sp-Sp-Sp-Sp-Sp-Sp-Sp-B-B-Sp-Sp-Sp-Sp,3,3,False,False,False,False
3606,G-G-B-B-B-B-B-B-B-B-B-B-B-B-B-B-Sp-Sp-Sp-Sp-Sp-Sp-Sp,3,2,False,False,True,False
3607,G-G-B-B-B-B-B-B-B-B-B-B-B-B-B-B-G-G-G-G-G-G-G,3,2,False,False,True,False
3608,G-G-B-B-B-B-B-B-B-B-B-B-B-B-G-G-G-G-G-G-G-G-G,3,2,False,False,False,False
3609,B-B-B-B-B-B-B-B-B-B-B-Sp-Sp-Sp-Sp-Sp-Sp-Sp-Sp-B-B-B-Sp,3,3,False,False,False,False
3610,B-B-B-B-B-B-B-B-B-B-B-Sh-Sh-Sh-Sh-Sh-Sh-Sh-Sh-Sh-Sh-Sh-Sh,3,1,False,False,False,False
3611,Sh-B-B-B-B-B-B-B-B-B-B-B-B-B-B-B-B-B-B-B-B-B-B,3,1,False,False,False,False
3612,Wt-Sh-Sh-Sh-Sh-Sh-Sh-Sh-Sh-Sh-A-A-A-A-A-A-A-A-A-A-A-A-A,3,2,False,False,False,False
3613,F-F-B-B-B-B-B-B-B-B-B-B-B-B-B-B-B-B-B-Sp-Sp-Sp-Sp,3,2,False,False,False,False
3614,F-F-Sp-Sp-Sp-B-B-B-B-B-B-B-B-B-B-B-B-B-B-B-B-B-B,3,2,False,False,False,False
3615,B-B-B-B-B-B-B-B-B-B-Sp-Sp-Sp-Sp-Sp-Sp-Sp-B-B-B-Sp-Sp-Sp,3,3,False,False,False,False
3616,G-G-G-G-G-G-G-F-F-F-F-F-F-F-F-F-Sh-Sh-Sh-Sh-Sh-Sh-Sh,3,2,False,False,True,False
3617,B-B-B-B-B-B-B-B-B-Sp-Sp-Sp-Sp-Sp-Sp-Sp-B-B-Sp-Sp-Sp-Sp-Sp,3,3,False,False,True,False
3618,Sh-Wa-Wa-Wa-Wa-Wa-Wa-Wa-F-F-F-F-F-F-F-F-F-F-F-F-F-F-F,3,2,False,False,False,False
3619,G-Sp-Sp-Sp-Sp-G-G-G-G-G-G-G-G-G-G-G-G-G-G-G-G-G-G,3,2,False,False,False,False
3620,G-G-G-G-G-G-G-G-G-F-F-F-F-F-F-F-F-F-F-G-G-G-G,3,2,False,False,False,False
3621,F-F-F-F-F-F-F-F-F-F-F-F-F-F-F-F-Sh-Sh-Sh-Sh-Sh-Sh-F,3,2,False,False,True,False
3622,Wt-Wa-Wa-Wa-Wa-Wa-Wa-Wa-Wa-Wa-Wa-Wt-Wt-Wt-Wt-Wt-Wt-Wt-Wt-Wt-Wt-Wt-Wt,3,2,False,False,False,False
3623,Wt-Wa-Wa-Wa-Wa-Wa-Wa-Wa-Wa-Sh-Sh-Sh-Sh-Sh-Sh-Sh-Sh-Sh-Sh-Sh-Sh-Sh-Sh,3,2,False,False,False,False
3624,Sh-Sh-Sh-Wa-Wa-Wa-Wa-Wa-Wa-Wa-Wa-Sp-Sp-Sp-Sp-Sp-Sp-Sp-Sp-Sp-Sp-Sp-Sp,3,2,False,False,False,False
3625,G-G-G-G-G-G-F-F-F-F-F-F-F-F-F-F-F-F-F-Sh-Sh-Sh-Sh,3,2,False,False,False,False
3626,G-G-G-G-G-G-F-F-F-F-F-F-F-F-F-F-F-F-F-F-F-F-Sh,3,2,False,False,False,False
3627,G-G-G-G-G-F-F-F-F-F-F-F-F-F-F-F-G-G-G-G-G-G-G,3,2,False,False,True,False
3628,B-B-B-B-B-Sp-Sp-Sp-Sp-Sp-Sp-Sp-Sp-Sp-Sp-Sp-Sp-Sp-Sp-G-G-G-G,3,2,False,False,False,False
3629,B-B-B-B-B-U-U-U-U-U-U-U-U-U-U-U-U-U-U-U-U-U-U,3,1,False,False,False,False
3630,B-B-B-B-Sp-Sp-Sp-Sp-Sp-Sp-B-B-B-B-B-B-B-B-B-B-B-B-B,3,2,False,False,False,False
3631,Sp-Sp-Sp-G-G-G-G-G-G-G-G-G-G-G-G-G-G-Sp-Sp-Sp-Sp-Sp-Sp,3,2,False,False,False,False
3632,F-F-F-F-F-F-F-F-F-F-A-A-A-A-A-A-A-F-F-F-F-F-F,3,2,False,False,False,False
3633,F-F-F-F-F-F-F-F-A-A-A-A-A-U-U-U-U-U-U-U-U-U-U,3,2,False,False,False,False
3634,F-F-F-F-F-F-F-F-A-A-A-A-A-A-Wa-Wa-Wa-Wa-Wa-Wa-Wa-Wa-Wa,3,2,False,False,False,False
3635,Wt-F-F-F-F-F-F-F-F-F-F-F-F-F-F-F-F-F-F-F-G-G-G,3,2,False,False,False,False
3636,G-G-G-G-A-A-A-A-A-A-A-A-A-A-A-A-Wt-Wt-Wt-Wt-Wt-Wt-Wt,3,2,False,False,True,False
3637,G-G-G-G-G-G-G-G-G-F-F-F-F-F-F-F-F-F-F-A-A-A-A,3,2,False,False,False,False
3638,G-G-G-Wa-Wa-Wa-Wa-Wa-Wa-Wa-Wa-Wa-Wa-Wa-Wt-Wt-Wt-Wt-Wt-Wt-Wt-Wt-Wt,3,2,False,False,False,False
3639,B-B-B-B-B-B-B-B-B-B-B-B-B-Sp-Sp-Sp-Sp-Sp-G-G-G-G-G,3,2,False,False,False,False
3640,A-A-A-A-A-A-Sh-Sh-Sh-Sh-Sh-Sh-Sh-Sh-Sh-Sh-Sh-Sh-Sh-Sh-Sh-F-F,3,2,False,False,False,False
3641,Sh-Sh-Sh-Sp-Sp-Sp-Sp-Sp-Sp-Sp-Sp-Sp-Sp-Sp-Sp-Sp-Sp-Sp-Sp-Sh-Sh-Sh-Sh,3,2,False,False,False,False
3642,Sh-Sh-Sh-Sh-Sh-Sp-Sp-Sp-Sp-Sp-Sp-Sp-Sp-Sp-Sp-Sp-Sh-Sh-Sh-Sh-Sh-Sh-Sh,3,2,False,False,True,False
3643,F-F-F-F-F-F-F-F-F-F-F-F-F-F-F-F-F-F-F-Sh-Sh-F-F,3,2,False,False,False,False
3644,F-F-F-F-F-F-F-F-F-F-F-F-F-F-F-F-F-F-Wa-Wa-F-F-F,3,2,False,False,False,False
3645,F-F-F-F-F-F-F-F-F-F-F-F-F-F-F-F-F-F-G-G-G-F-F,3,2,False,False,False,False
3646,Sh-Sh-Sh-Sh-Sh-Sh-Sh-Sh-Sh-Sh-Sh-Sh-Sh-Sh-Sh-Sh-Sh-B-B-B-B-B-B,3,1,False,False,False,False
3647,A-A-A-A-A-A-Wa-Wa-Wa-Wa-Wa-Wa-Wa-Wa-Wa-Wa-Wa-Wa-Wa-Wa-Wa-Wa-Wa,3,1,False,False,False,False
3648,G-G-Sp-Sp-Sp-Sp-Sp-Sp-Sp-Sp-Sp-Sp-Sp-Sp-Sp-Sp-Sp-Sp-Sp-Sp-G-G-G,3,2,False,False,False,False
3649,G-G-Sp-Sp-Sp-Sp-Sp-Sp-Sp-Sp-Sp-Sp-Sp-Sh-Sh-Sh-Sh-Sh-Sh-Sh-Sh-Sh-Sh,3,2,False,False,False,False
3650,G-G-G-G-G-G-G-G-G-F-F-F-F-F-F-F-F-G-G-G-G-G-G,3,2,False,False,False,False
3651,G-G-G-G-G-G-G-G-G-F-F-F-F-F-F-F-F-F-G-G-G-G-G,3,2,False,False,False,False
3652,Sh-Sh-Sh-Sh-Sh-Sh-Sh-Sh-Sh-Sh-Sh-Sh-Sh-Sh-Sh-Sh-Sh-F-F-F-F-A-A,3,2,False,False,False,False
3653,F-F-F-F-F-F-F-F-F-F-F-F-F-F-F-F-Sh-Sh-U-U-U-U-U,3,2,False,False,True,False
3654,Sh-A-A-A-A-A-A-A-A-F-F-F-F-F-F-F-F-F-F-F-F-F-F,3,2,False,False,False,False
3655,Sh-A-A-A-A-A-A-A-A-A-Wa-Wa-Wa-Wa-Wa-Wa-Wa-Wa-Wa-Wa-Wa-Wa-Wa,3,2,False,False,False,False
3656,Sh-A-A-A-A-A-A-A-A-A-A-A-U-U-U-U-U-U-U-U-U-U-U,3,2,False,False,False,False
3657,Sh-A-A-A-A-A-A-A-A-A-A-A-F-F-F-F-F-F-F-F-F-F-F,3,2,False,False,False,False
3658,B-B-B-B-B-B-B-B-B-B-B-B-B-Sp-Sp-Sp-B-B-B-B-B-B-B,3,2,False,False,True,False
3659,B-B-B-B-Sp-Sp-Sp-Sp-Sp-Sp-Sp-Sp-Sp-Sp-Sp-Sp-Sp-Sp-Sp-B-B-B-B,3,2,False,True,False,False
3660,Sp-Sp-Sp-Sp-G-G-G-G-G-G-G-G-G-G-Sp-Sp-Sp-Sp-Sp-Sp-Sp-Sp-Sp,3,2,False,False,False,False
3661,F-F-F-F-F-F-F-F-F-A-A-A-A-A-U-U-U-U-U-U-U-U-U,3,2,False,False,False,False
3662,F-F-F-A-A-A-A-A-A-F-F-F-F-F-F-F-F-F-F-F-F-F-F,3,2,False,False,False,False
3663,Wt-Wt-Wt-Wt-Wt-Wt-Wt-Wt-Wt-Wa-Wa-Wa-Wa-Wa-Wa-Wa-Wa-Wa-Wa-Wa-Wa-Wt-Wt,3,2,False,False,False,False
3664,Wt-Wt-Wt-Wt-Wt-Wt-Wt-Wt-Wt-Sh-Sh-Sh-Sh-Sh-Sh-Sh-Sh-Sh-Sh-Sh-F-F-F,3,2,False,False,False,False
3665,Sp-Sp-Sp-Sp-Sp-Sp-Sp-Sp-G-G-G-G-G-G-G-G-G-G-G-G-G-Sp-Sp,3,2,False,False,False,False
3666,Sp-Sp-Sp-Sp-Sp-Sp-Sp-Sh-Sh-Sh-Sh-Sh-Sh-Sh-Sh-Sh-Sh-Sh-Sp-Sp-Sp-Sp-Sp,3,2,False,False,False,False
3667,G-G-G-G-F-F-F-F-F-F-F-F-F-F-F-F-F-F-A-A-A-A-A,3,2,False,False,False,False
3668,F-F-F-F-F-F-F-F-F-F-F-F-Wt-Wt-Wt-Wt-Wt-Wt-Wa-Wa-Wa-Wa-Wa,3,2,False,False,False,False
3669,F-F-F-F-F-F-F-F-F-F-F-F-Wt-Wt-Wt-Wt-Wt-Wt-Wt-Wt-Wt-A-A,3,2,False,True,False,False
3670,Sh-F-F-F-F-F-F-F-F-F-F-F-F-F-F-F-F-F-G-G-G-G-G,3,2,False,False,False,False
3671,F-F-Wt-Wt-Wt-Wt-Wt-Wt-Wt-Wt-Wt-Wt-Wt-Wt-Wt-Wt-Wt-Wt-Wt-Wt-Wt-F-F,3,2,False,False,False,False
3672,A-A-A-A-A-A-Sh-Sh-Sh-Sh-Sh-Sh-Sh-F-F-F-F-F-F-F-F-F-F,3,2,False,False,False,False
3673,Sh-A-A-A-A-A-A-A-A-A-A-A-A-A-A-A-A-U-U-U-U-U-U,3,2,False,False,False,False
3674,Sh-F-F-A-A-A-A-A-A-A-A-A-A-A-A-A-A-A-A-A-A-A-A,3,2,False,False,False,False
3675,F-F-F-F-F-F-F-F-F-F-F-F-F-F-G-G-G-G-G-F-F-F-F,3,2,False,False,False,False
3676,F-F-F-F-F-F-F-F-F-F-F-F-F-F-F-F-Wa-Wa-Sh-Sh-Sh-Sh-Sh,3,2,False,False,True,False
3677,F-F-F-F-F-F-F-F-F-F-F-F-F-F-Sh-Sh-Sh-Sh-F-F-F-F-F,3,2,False,False,False,False
3678,Sh-Sh-Sh-Sh-Sh-Sh-Sh-Sh-Sh-Sh-Sh-Sh-Sh-Sh-Sh-Sh-Sh-Sh-Sh-F-A-A-A,3,2,False,False,False,False
3679,Sh-Sh-Sh-Sh-Sh-Sh-Sh-Sh-Sh-Sh-Sh-Sh-Sh-Sh-Sh-Sh-Sh-Sh-Wt-Wt-Wt-Wt-F,3,2,False,True,False,False
3680,Sh-Sh-Sh-Sh-Sh-Sh-Sh-Sh-Sh-Sh-Sh-Sh-Sh-Sh-Sh-Sh-Sh-Sh-F-F-F-A-A,3,2,False,False,False,False
3681,F-F-Wt-Wt-Wt-Wt-Wt-Wt-Wt-Wt-Wt-Wa-Wa-Wa-Wa-Wa-Wa-Wa-Wa-Wa-Wa-Wa-Wa,3,2,False,False,False,False
3682,F-F-Wt-Wt-Wt-Wt-Wt-Wt-Wt-Wt-Wt-Wt-Wt-Wt-Wt-Wt-Wt-Wa-Wa-Wa-Wa-Wa-Wa,3,2,False,False,False,False
3683,Sh-Sh-Sh-Sh-Sh-Sh-Sh-Sh-Sh-Sh-Sh-Sh-Sh-Sh-Sh-Sh-Sh-F-F-F-F-F-A,3,2,False,False,False,False
3684,Sh-Sh-Sh-Sh-Sh-Sh-Sh-Sh-Sh-Sh-Sh-Sh-Sh-Sh-F-F-F-F-F-A-A-A-A,3,2,False,False,False,False
3685,G-G-G-B-B-B-B-B-B-B-B-B-B-B-B-B-B-B-B-B-G-G-G,3,2,False,False,False,False
3686,G-G-G-Sp-Sp-Sp-Sp-Sp-Sp-Sp-Sp-Sp-Sp-Sp-Sp-Sp-Sp-Sp-Sp-Sp-G-G-G,3,2,False,False,False,False
3687,Wt-G-G-G-G-G-G-G-G-G-G-G-G-G-G-G-G-G-G-G-G-G-G,3,1,False,True,False,False
3688,Wt-F-F-F-F-F-F-F-F-F-F-F-Wt-Wt-Wt-Wt-Wt-Wt-Wt-Wt-Wt-Wt-Wt,3,2,False,False,False,False
3689,Wt-F-F-F-F-F-F-F-F-F-F-F-F-F-F-F-F-F-Wt-Wt-Wt-Wt-Wt,3,2,False,False,False,False
3690,B-B-B-Sp-Sp-Sp-Sp-Sp-Sp-Sp-Sp-Sp-Sp-Sp-Sp-Sp-Sp-Sp-G-G-G-G-G,3,2,False,False,False,False
3691,Wt-Wt-Wt-Wt-Wt-Wt-Wt-Sh-Sh-F-F-F-F-F-F-F-F-F-F-F-F-F-F,3,2,False,False,False,False
3692,F-F-F-F-F-F-F-F-A-A-A-A-A-A-A-A-A-A-Wt-Wt-Wt-Wt-Wt,3,2,False,False,False,False
3693,F-Wt-Wt-Wt-Wt-Wt-Wt-Wa-Wa-Wa-Wa-Wa-Wa-Wa-Wa-Wa-Wa-Wa-Wa-Wa-Wa-Wa-Wa,3,2,False,False,False,False
3694,F-F-F-A-A-A-A-A-A-A-A-A-A-A-A-A-A-A-A-A-A-A-U,3,2,False,True,False,False
3695,A-A-A-G-G-G-G-G-G-G-G-G-F-F-F-F-F-F-F-F-F-F-F,3,2,False,False,False,False
3696,A-A-A-G-G-G-G-F-F-F-F-F-F-F-F-F-F-F-F-F-F-F-F,3,2,False,False,False,False
3697,A-A-A-F-F-F-F-F-F-Sh-Sh-Sh-Sh-Sh-Sh-Sh-Sh-Sh-Sh-Sh-Sh-Sh-Sh,3,2,False,False,False,False
3698,G-G-G-Sh-Sh-Sh-Sh-Sh-Sh-Sh-Sh-Sh-Sh-Sh-Sh-Sh-Sh-Sh-Sh-A-A-A-A,3,2,False,False,False,False
3699,A-A-A-A-A-A-F-F-F-U-U-U-U-U-U-U-U-U-U-U-U-U-U,3,2,False,False,False,False
3700,Sh-Sh-Sh-Sh-Sh-Sh-Sh-Sh-Sh-Sh-Sh-Sh-Sh-Sh-Sh-Sh-F-F-F-F-F-A-A,3,2,False,False,True,False
3701,A-A-A-A-A-A-A-Sh-Sh-Sh-Sh-Sh-Sh-Sh-Sh-Sh-G-G-G-G-G-G-G,3,2,False,False,True,False
3702,A-A-A-A-A-A-A-Sh-Sh-Sh-Sh-Sh-Sh-Sh-Sh-Sh-A-A-A-A-A-A-A,3,2,False,False,True,False
3703,G-G-G-G-F-F-F-F-F-F-F-F-F-F-F-F-F-F-F-F-F-Sh-Sh,3,2,False,False,False,False
3704,G-G-G-G-F-F-F-F-F-F-F-F-F-F-F-F-F-F-F-F-F-F-Sh,3,2,False,False,False,False
3705,B-B-Sp-Sp-Sp-Sp-Sp-Sp-Sp-Sp-Sp-Sp-Sp-Sp-Sp-Sp-B-B-B-B-B-B-B,3,2,False,True,True,False
3706,A-A-A-Sh-Sh-Sh-F-F-F-F-F-F-F-F-F-F-F-F-F-F-F-F-F,3,2,False,False,False,False
3707,Sp-Sp-Sp-Sp-Sp-Sp-Sp-Sp-Sp-Sp-Sp-G-G-G-G-G-Sp-Sp-Sp-Sp-Sp-Sp-Sp,3,2,False,False,True,False
3708,F-F-A-A-A-A-A-A-A-A-F-F-F-F-F-F-F-F-F-F-F-F-F,3,2,False,False,False,False
3709,F-F-A-A-A-A-A-A-A-A-A-A-A-Sh-Sh-Sh-Sh-Sh-Sh-Sh-Sh-Sh-Sh,3,2,False,False,False,False
3710,Wt-Wt-F-F-F-F-F-F-F-F-F-F-F-F-F-F-F-F-F-F-F-F-A,3,2,False,False,False,False
3711,B-G-G-G-G-G-G-G-G-G-G-G-G-G-G-G-B-B-B-B-B-B-B,3,2,False,False,True,False
3712,B-B-B-B-B-B-B-B-B-B-B-B-B-B-B-B-Wt-Wt-Wt-Wt-Wt-Wt-Wt,3,1,False,False,True,True
3713,Sh-Sh-Sh-Sh-Sh-Sh-Sh-Sh-Sh-Sh-Sh-Sh-Sh-Sh-F-F-F-F-F-F-F-F-A,3,2,False,False,False,False
3714,F-F-F-F-F-F-F-F-F-F-F-Wt-Wt-Wt-Wt-Wt-F-F-F-F-F-F-F,3,2,False,False,True,False
3715,Sh-F-F-F-F-F-F-F-F-F-F-F-F-F-F-F-F-Wt-Wt-Wt-Wt-Wt-Wt,3,2,False,False,False,False
3716,A-A-A-Sh-Sh-Sh-Sh-Sh-Sh-Sh-Sh-Sh-Sh-Sh-Sh-Sh-Wt-Wt-Wt-Wt-Wt-Wt-Wt,3,2,False,False,True,False
3717,B-B-B-B-B-B-B-Wa-Wa-Wa-Wa-Wa-Wa-Wa-Wa-Wa-Wa-Wa-Wa-Wa-Wa-Wa-Wa,3,1,False,True,False,False
3718,F-F-F-F-F-F-F-F-F-F-F-Sh-Sh-Sh-Sh-Sh-Sh-Sh-Sh-Sh-Sh-F-F,3,2,False,False,False,False
3719,F-F-F-F-F-F-F-F-F-F-F-Sh-Sh-Sh-Sh-Sh-Sh-Sh-A-A-A-A-A,3,2,False,False,False,False
3720,Sh-G-G-G-G-G-G-G-G-G-G-G-G-G-G-G-F-F-F-F-F-F-F,3,2,False,False,True,False
3721,Sh-F-F-Sh-Sh-Sh-Sh-Sh-Sh-Sh-Sh-Sh-Sh-Sh-Sh-Sh-Sh-F-F-F-F-F-F,3,3,False,False,False,False
3722,F-F-G-G-G-G-G-G-G-G-G-G-G-G-G-G-G-G-F-F-F-F-F,3,2,False,False,False,False
3723,Sh-Sh-Sh-Sh-Sh-Sh-Sh-Sh-Sh-Sh-Sh-Sh-Sh-F-F-F-F-Sh-Sh-Sh-Sh-Sh-Sh,3,2,False,False,False,False
3724,Sh-Sh-Sh-Sh-Sh-Sh-Sh-Sh-Sh-Sh-Sh-Sh-Sh-F-F-F-F-F-Wt-Wt-Wt-Wt-Wt,3,2,False,True,False,False
3725,B-B-B-B-B-B-B-B-B-B-B-B-B-B-B-B-B-B-B-B-B-A-A,3,1,False,False,False,False
3726,G-G-G-G-Wa-Wa-Wa-Wa-Wa-Wa-Wa-Wa-Wa-Wa-Wa-Wa-Wa-Wa-Wa-Wa-A-A-A,3,2,False,False,False,False
3727,A-A-A-A-A-A-A-A-Sh-Sh-Sh-Sh-Sh-Sh-Sh-Sh-Sh-Sh-G-G-G-G-G,3,2,False,False,False,False
3728,A-A-A-A-A-A-A-F-F-F-F-F-F-F-F-F-F-F-F-F-G-G-G,3,2,False,False,False,False
3729,Sh-Sh-Sh-Sh-Sh-Sh-Sh-Sh-Sh-Sh-Sh-Sh-Sh-F-F-F-F-F-F-F-Sh-Sh-Sh,3,2,False,False,False,False
3730,Sh-F-F-F-F-F-F-F-F-F-Wa-Wa-Wa-Wa-Wa-Wa-Wa-Wa-Wa-Wa-Wa-Wa-Wa,3,2,False,False,False,False
3731,Sh-Sh-Sh-Sh-Sh-Sh-Sh-Sh-Sh-Sh-Sh-Sh-G-G-G-G-G-G-G-G-F-F-F,3,2,False,True,False,False
3732,Sh-Wt-Wt-Wt-Wt-Wt-Wt-Wt-Wt-Wt-Wt-Wt-Wt-Wt-Wt-Wt-Wt-Wt-Wt-F-F-F-F,3,2,False,False,False,False
3733,Sh-Sh-Sh-Sh-Sh-Sh-Sh-Sh-Sh-Sh-Sh-G-G-G-F-F-F-F-F-F-F-F-F,3,2,False,False,False,False
3734,Sh-Sh-Sh-Sh-Sh-Sh-Sh-Sh-Sh-Sh-Sh-F-F-F-F-F-F-U-U-U-U-U-U,3,2,False,False,False,False
3735,Wa-Sh-Sh-Sh-Sh-Sh-Sh-Sh-Sh-Sh-Sh-Sh-Sh-Sh-Wa-Wa-Wa-Wa-Wa-Wa-Wa-Wa-Wa,3,2,False,False,False,False
3736,B-B-Wa-Wa-Wa-Wa-Wa-Wa-Wa-Wa-Wa-Wa-Wa-Wa-Wa-Wa-F-F-F-F-F-F-F,3,2,False,False,True,False
3737,G-G-G-G-Sp-Sp-Sp-Sp-Sp-Sp-Sp-Sp-Sp-Sp-Sp-Sp-Sp-Sp-Sp-G-G-G-G,3,2,False,False,False,False
3738,B-B-Wa-Wa-Wa-Wa-Wa-Wa-Sh-Sh-Sh-Sh-Sh-Sh-Sh-Sh-Sh-Sh-Sh-Sh-Sh-Sh-Sh,3,2,False,False,False,False
3739,Sp-Wa-Wa-Wa-Wa-Wa-Wa-Wa-Wa-Wa-Wa-Wa-F-F-F-F-F-F-F-F-F-F-F,3,2,False,False,False,False
3740,A-A-A-Sh-Sh-Sh-Sh-Sh-Sh-Sh-G-G-G-G-G-G-G-G-G-G-G-G-G,3,2,False,False,False,False
3741,Sp-Sp-Sp-Sp-Sp-Sp-Sp-Sp-Sp-Sp-G-G-G-G-G-G-G-G-Sp-Sp-Sp-Sp-Sp,3,2,False,True,False,False
3742,Sp-Sp-Sp-Sp-Sp-Sp-Sp-Sp-Sp-Sp-G-G-G-G-G-G-G-G-G-G-Sp-Sp-Sp,3,2,False,False,False,False
3743,F-Wt-Wt-Sh-Sh-Sh-Sh-Sh-Sh-Sh-Sh-Sh-Sh-Sh-Sh-Sh-Sh-Sh-Sh-F-F-F-F,3,3,False,False,False,False
3744,F-A-A-A-A-A-A-A-A-A-U-U-U-U-U-U-U-U-U-U-U-U-U,3,2,False,False,False,False
3745,Wt-Wt-Wt-A-A-A-A-A-A-A-A-A-A-A-A-A-Wt-Wt-Wt-Wt-Wt-Wt-Wt,3,2,False,False,True,False
3746,Wt-Wt-F-F-F-F-F-F-F-Sh-Sh-Sh-Sh-Sh-Sh-Sh-Sh-Sh-Sh-Sh-Sh-Sh-Sh,3,2,False,False,False,False
3747,G-G-G-F-F-F-F-F-F-F-F-F-F-F-F-F-F-F-G-G-G-G-G,3,2,False,False,False,False
3748,Sh-Sh-Sh-Sh-Sh-Sh-Sh-Sh-Sh-Sh-Sh-Sh-F-F-F-F-F-F-F-F-A-A-A,3,2,False,False,False,False
3749,Sh-Sh-Sh-Sh-Sh-Sh-Sh-Sh-Sh-Sh-Sh-Sh-F-F-F-F-F-F-F-A-A-A-A,3,2,False,False,False,False
3750,Sh-Sh-Sh-Sh-Sh-Sh-Sh-Sh-Sh-Sh-Sh-Sh-A-A-A-A-F-F-F-F-F-F-F,3,2,False,False,True,False
3751,Sp-B-B-B-B-B-G-G-G-G-G-G-G-G-G-G-G-G-G-G-G-G-G,3,2,False,False,False,False
3752,Sp-Sp-Wa-Wa-Wa-Wa-Wa-Wa-Wa-Wa-Wa-Wa-Sh-Sh-Sh-Sh-Sh-Sh-Sh-Sh-Sh-Sh-Sh,3,2,False,False,False,False
3753,Sp-Sp-Sp-Sp-Sp-Sp-Sp-Sp-Sp-Sp-Sp-Sp-Sh-Sh-Sh-Sh-Sh-Sh-Sh-Sh-Sh-Sh-F,3,2,False,False,False,False
3754,F-F-A-A-A-A-A-A-A-A-A-A-A-A-A-A-A-A-A-Sh-Sh-Sh-Sh,3,2,False,False,False,False
3755,F-A-A-A-A-A-U-U-U-U-U-U-U-U-U-U-U-U-U-U-U-U-U,3,2,False,False,False,False
3756,F-Sh-Sh-Sh-Sh-A-A-A-A-A-A-A-A-U-U-U-U-U-U-U-U-U-U,3,3,False,False,False,False
3757,F-Sh-Sh-Sh-Sh-Sh-Sh-Sh-Sh-Sh-Sh-Sh-Sh-Sh-Sh-Sh-F-F-F-Sh-Sh-Sh-Sh,3,3,False,False,True,False
3758,F-Sh-Sh-Sh-Sh-Sh-Sh-Sh-Sh-Sh-Sh-Sh-Sh-Sh-U-U-U-U-U-U-U-U-U,3,2,False,False,False,False
3759,Sp-Sp-Sp-Sp-Sp-Sp-Sp-Sp-Sp-Sp-Sp-Sp-Sp-Sp-Sp-Sp-Sp-F-F-Wa-Wa-Wa-Wa,3,2,False,False,False,False
3760,F-A-A-A-A-A-A-A-A-A-A-A-A-A-A-A-A-A-A-A-A-U-U,3,2,False,False,False,False
3761,Sp-Sp-Sp-Sp-Sp-Sp-Sp-Sp-Sp-Sp-Sp-Sp-Sp-Sp-Sp-Sp-G-G-G-Sp-Sp-Sp-Sp,3,2,False,False,True,False
3762,Sh-Wt-Wt-Wt-Wt-Wt-Wt-Wt-Wt-Wt-Sh-Sh-Sh-Sh-Sh-Sh-Sh-Sh-Sh-Sh-Sh-Sh-Sh,3,2,False,False,False,False
3763,F-F-F-Sp-Sp-Sp-Sp-Sp-Sp-Sp-Sp-B-B-B-B-B-B-B-B-B-B-B-B,3,2,False,False,False,False
3764,A-A-A-A-A-A-A-A-A-F-F-F-F-F-F-F-F-Sh-Sh-Sh-Sh-Sh-Sh,3,2,False,False,False,False
3765,G-G-G-G-G-Sp-Sp-Sp-Sp-Sp-Sp-Sp-Sp-Sp-Sp-Sp-G-G-G-G-G-G-G,3,2,False,False,True,False
3766,Wa-Wt-Wt-Wt-Wt-Wt-Wt-Wt-Wt-Wt-Wt-Wt-Wt-Wt-Wt-Wt-Wt-Wt-Wt-Wt-Wa-Wa-Wa,3,2,False,False,False,False
3767,F-Sh-Sh-Sh-Sh-Sh-Sh-Sh-Sh-Sh-A-A-A-A-A-A-A-A-A-A-F-F-F,3,3,False,False,False,False
3768,F-Sh-Sh-Sh-Sh-Sh-Sh-Sh-Sh-G-G-G-G-G-G-G-F-F-F-F-F-F-F,3,3,False,False,True,False
3769,F-Sh-Sh-Sh-Sh-Sh-Sh-Sh-Sh-A-A-A-A-A-A-A-F-F-F-F-F-F-F,3,3,False,False,True,False
3770,Wt-Wt-Wt-Wt-Wt-Wt-Wt-Wt-Wt-Wt-Wt-Wt-Wt-Wt-Wt-Wt-Wt-Wt-Wt-G-A-A-A,3,2,False,False,False,False
3771,Wt-Wt-Wt-Wt-Wt-Wt-Wt-Wt-Wt-Wt-Wt-Wt-Wt-Wt-Wt-Wt-Wt-A-A-A-A-A-A,3,1,False,False,False,False
3772,Wt-Wt-Wt-Wt-Wt-Wt-Wt-Wt-Wt-Wt-Wt-Wt-Wt-Wt-F-F-F-F-F-Wt-Wt-Wt-Wt,3,2,False,False,False,False
3773,Sp-Sp-Wa-Wa-Wa-Wa-Wa-Wa-Wa-Wa-Wa-Wa-Wt-Wt-Wt-Wt-Wt-Wt-Wt-Wt-Wt-Wt-Wt,3,2,False,False,False,False
3774,Wa-G-G-G-G-G-G-G-G-G-G-G-G-G-G-G-Wa-Wa-Wa-Wa-Wa-Wa-Wa,3,2,False,False,True,False
3775,F-F-F-F-F-F-F-F-F-F-Wt-Wt-Wt-Wt-Wt-Wt-Wt-Wt-Wt-Wt-F-F-F,3,2,False,False,False,False
3776,Sh-Sh-A-A-A-A-Sh-Sh-Sh-Sh-Sh-Sh-Sh-Sh-Sh-Sh-Sh-Sh-Sh-Sh-Sh-Sh-Sh,3,2,False,False,False,False
3777,Sh-Sh-A-A-A-A-A-A-A-A-Sh-Sh-Sh-Sh-Sh-Sh-Sh-Sh-Sh-Sh-Sh-Sh-Sh,3,2,False,False,False,False
3778,F-F-G-G-G-G-G-G-F-F-F-F-F-F-F-F-F-F-F-F-F-F-F,3,2,False,False,False,False
3779,Sh-Sh-Sh-Sh-Sh-Sh-Sh-Sh-Sh-Sh-Sh-Sh-F-F-F-F-F-F-F-F-F-F-A,3,2,False,False,False,False
3780,A-A-F-F-F-F-F-F-F-F-F-F-F-F-F-F-F-F-F-Sh-F-F-F,3,3,False,False,False,False
3781,F-F-F-F-F-F-F-F-F-F-Wt-Wt-Wt-Wt-Wt-Wt-Wt-Wt-Wt-Wt-Sh-Sh-Sh,3,2,False,False,False,False
3782,Sh-Sh-F-F-F-F-F-F-F-F-F-F-F-F-F-F-F-F-G-G-G-G-G,3,2,False,False,False,False
3783,F-F-F-Sh-Sh-Sh-Sh-Sh-Sh-Sh-G-G-G-G-G-G-G-G-G-G-G-G-G,3,2,False,True,False,False
3784,Sh-Sh-F-F-F-F-F-F-F-F-F-F-F-F-A-A-A-A-A-A-A-A-A,3,2,False,False,False,False
3785,F-F-F-F-F-F-F-F-F-F-Sp-Sp-Sp-Sp-Sp-Sp-Wa-Wa-Wa-Wa-Wa-Wa-Wa,3,2,False,False,True,False
3786,Sh-Sh-Sh-Sh-Sh-Sh-Sh-Sh-Sh-Sh-Sh-F-F-F-F-F-F-F-F-A-A-A-A,3,2,False,True,False,False
3787,Sh-Sh-Sh-Sh-Sh-Sh-Sh-Sh-Sh-Sh-Sh-F-F-F-F-F-F-F-A-A-A-A-A,3,2,False,False,False,False
3788,A-A-A-A-A-A-A-A-A-F-F-F-F-F-F-F-F-F-F-F-F-A-A,3,2,False,False,False,False
3789,G-G-G-G-G-G-B-B-B-B-B-B-B-B-B-B-B-B-G-G-G-G-G,3,2,False,False,False,False
3790,G-G-G-G-G-G-G-G-G-G-G-G-G-G-G-G-G-G-G-Sp-G-G-G,3,2,False,True,False,False
3791,G-G-G-G-G-G-G-G-G-G-G-G-G-G-G-G-G-G-G-Sh-F-F-F,3,2,False,False,False,False
3792,G-G-G-G-G-G-G-G-G-G-G-G-G-G-G-G-G-G-G-G-G-Wa-Wa,3,1,False,False,False,False
3793,Wa-Wa-A-A-A-A-A-A-A-A-A-A-A-A-A-A-Wa-Wa-Wa-Wa-Wa-Wa-Wa,3,2,False,False,True,False
3794,A-A-A-A-A-A-A-A-A-Wt-Wt-Wt-Wt-Wt-Wt-Wt-F-F-F-F-F-F-F,3,2,False,False,True,False
3795,A-A-A-A-A-A-A-A-A-F-F-F-F-F-F-F-Sh-Sh-Sh-Sh-Sh-Sh-Sh,3,2,False,False,True,False
3796,Sh-Sh-Sh-Sh-Sh-Sh-Sh-Sh-Sh-G-G-G-G-G-G-G-G-G-G-F-F-F-F,3,2,False,False,False,False
3797,Sh-Sh-A-G-G-G-G-G-G-G-G-G-G-G-G-G-G-G-G-G-G-G-G,3,2,False,False,False,False
3798,Sh-Sh-Sh-Sh-Sh-Sh-Sh-Sh-Sh-Sh-F-F-F-F-F-F-F-F-F-F-F-F-Wt,3,2,False,False,False,False
3799,Sh-Sh-Sh-Sh-Sh-Sh-Sh-Sh-Sh-Sh-F-F-F-F-F-F-F-F-F-A-A-A-A,3,2,False,False,False,False
3800,A-A-F-F-F-F-F-F-F-A-A-A-A-A-A-A-A-A-A-A-A-A-A,3,2,False,False,False,False
3801,A-A-F-F-F-F-A-A-A-A-A-A-A-A-A-A-A-A-A-A-A-A-A,3,2,False,False,False,False
3802,Wt-Wt-Wt-F-F-F-F-F-F-F-F-F-F-F-F-F-F-F-F-F-Sh-Sh-Sh,3,2,False,True,False,False
3803,Wt-Wt-Wt-F-F-F-F-F-F-F-F-F-F-F-F-F-F-F-F-F-F-F-Sh,3,2,False,False,False,False
3804,Sp-Sp-B-B-B-B-B-B-B-B-B-B-B-B-B-B-B-B-B-U-U-U-U,3,2,False,False,False,False
3805,Sp-Sp-B-B-B-B-B-B-B-B-B-B-B-B-B-B-B-B-A-A-A-A-A,3,2,False,False,False,False
3806,A-Wa-Wa-Wa-Wa-Wa-Wa-Wa-Wa-Sh-Sh-Sh-Sh-Sh-Sh-Sh-Sh-Sh-Sh-Sh-Sh-Sh-Sh,3,2,False,False,False,False
3807,A-Wa-Wa-Wa-Wa-Wa-Wa-Wa-Wa-Wt-Wt-Wt-Wt-Wt-Wt-Wt-Wt-Wt-Wt-Wt-Wt-Wt-Wt,3,2,False,False,False,False
3808,A-Sh-Sh-Sh-Sh-Sh-Sh-Sh-Sh-Sh-Sh-Sh-Sh-Sh-Sh-Sh-Sh-A-A-A-A-A-A,3,2,False,False,False,False
3809,Sp-Sp-B-B-B-B-B-B-B-B-B-B-B-B-B-B-B-A-A-A-A-A-A,3,2,False,False,False,False
3810,A-A-F-F-F-F-F-F-F-F-F-F-F-F-A-A-A-A-A-A-A-F-F,3,3,False,False,False,False
3811,A-A-F-F-F-F-F-F-F-F-F-F-F-F-F-F-F-F-F-Sp-Sp-Sp-Sp,3,2,False,False,False,False
3812,Wa-Wa-Wa-A-A-A-A-A-A-A-A-A-A-A-A-A-Wt-Wt-Wt-Wt-Wt-Wt-Wt,3,2,False,False,True,False
3813,Wa-Wa-Wa-A-A-A-A-A-A-A-A-A-A-A-A-A-A-A-Wt-Wt-Wt-Wt-Wt,3,2,False,False,False,False
3814,G-G-G-G-G-G-Sh-Sh-Sh-Sh-Sh-F-F-F-F-F-F-F-F-F-F-F-F,3,2,False,False,False,False
3815,Wa-Wa-Sp-Sp-Sp-Sp-Sp-Sp-Sp-Sp-Sp-Sp-Sp-Sp-Wa-Wa-Wa-Wa-Wa-Wa-Wa-Wa-Wa,3,2,False,True,False,False
3816,A-A-F-F-F-F-F-F-F-F-F-F-F-F-F-F-F-F-F-G-G-G-G,3,2,False,False,False,False
3817,A-Wa-Wa-Wa-Wa-Wa-Wa-Wt-Wt-Wt-Wt-Wt-Wt-Wt-Wt-Wt-Wt-Wt-Wt-Wt-Wt-Wt-Wt,3,2,False,False,False,False
3818,A-F-F-F-F-F-G-G-G-G-G-G-G-G-G-G-G-G-G-G-G-G-G,3,2,False,False,False,False
3819,A-F-F-F-F-F-F-F-Sh-Sh-Sh-Sh-Sh-Sh-Sh-Sh-Sh-Sh-Sh-Sh-Sh-F-F,3,3,False,False,False,False
3820,F-Sp-Sp-Sp-Sp-Sp-Sp-Sp-Sp-Sp-Sp-F-F-F-F-F-F-F-F-F-F-F-F,3,2,False,False,False,False
3821,Wt-Wt-Wt-Wt-Wt-Wt-Wt-Wt-Wt-Wt-Wt-F-F-F-F-F-F-F-F-F-F-F-A,3,2,False,False,False,False
3822,Wt-Wt-Wt-Wt-Wt-Wt-Wt-Wt-Wt-Wt-G-G-G-G-G-G-G-G-G-G-G-G-G,3,1,False,False,False,False
3823,Wa-Wa-Sp-Sp-Sp-Sp-Sp-Sp-Sp-Sp-Sp-Sp-Sp-Sp-Sp-Sp-Wa-Wa-Wa-Wa-Wa-Wa-Wa,3,2,False,False,True,False
3824,Wa-Wa-Sh-Sh-Sh-Sh-Sh-Sh-Sh-Sh-Sh-Sh-Sh-Sh-Sh-Sh-Sh-Sh-Sh-F-F-F-F,3,2,False,False,False,False
3825,Wa-Wa-Sh-Sh-Sh-F-F-F-F-F-F-F-F-F-F-F-F-F-F-F-F-F-F,3,2,False,False,False,False
3826,Wa-Wa-U-U-U-U-U-U-U-U-U-U-U-U-U-U-U-U-U-U-U-U-U,3,1,False,False,False,False
3827,Wa-Wa-Wt-Wt-Wt-Wt-Wt-Wt-Wt-Wt-Wt-Wt-Wt-Wt-Wt-Wt-Wt-Wt-Wt-Wt-Wt-F-F,3,2,False,False,False,False
3828,G-F-F-F-F-F-F-F-F-F-F-F-F-G-G-G-F-F-F-F-F-F-F,3,3,False,False,True,False
3829,Wa-Wa-Wa-Wa-Wt-Wt-Wt-Wt-Wt-Wt-Wt-Wt-Wt-Wt-Wt-Wt-Wt-Wt-F-F-F-F-F,3,2,False,False,False,False
3830,Wa-Wa-Wa-Wa-A-A-A-A-A-A-A-A-A-A-A-A-A-A-Wa-Wa-Wa-Wa-Wa,3,2,False,False,False,False
3831,Wa-Wa-Wa-Wa-A-A-A-A-A-A-A-A-A-A-A-A-A-A-A-Wa-Wa-Wa-Wa,3,2,False,False,False,False
3832,F-F-F-F-F-F-F-F-F-Wt-Wt-Wt-Wt-Wt-Wt-Wt-Wt-Wa-Wa-Wa-Wa-Wa-Wa,3,2,False,False,False,False
3833,F-F-F-F-F-F-F-F-F-Wt-Wt-Wt-Wt-Wt-Wt-Wt-Wt-Wt-Wt-Wt-Wt-Sh-Sh,3,2,False,False,False,False
3834,Sh-Sh-Sh-Sh-Sh-Sh-Sh-Sh-Sh-F-F-F-F-F-F-F-F-F-F-F-F-A-A,3,2,False,True,False,False
3835,Sh-Sh-F-F-F-F-F-F-Wt-Wt-Wt-Wt-Wt-Wt-Wt-Wt-Wt-Wt-Wt-Wt-Wt-Wt-Wt,3,2,False,False,False,False
3836,Sh-Sh-F-F-F-F-F-F-F-Wt-Wt-Wt-Wt-Wt-Wt-Wt-Wt-Wt-Wt-Wt-Wt-Wt-Wt,3,2,False,False,False,False
3837,Sh-Sh-F-F-F-F-F-F-F-F-F-F-F-F-F-F-G-G-G-G-G-G-G,3,2,False,False,True,False
3838,A-A-A-A-A-A-A-A-A-A-F-F-F-F-F-F-F-F-F-F-F-F-Wt,3,2,False,False,False,False
3839,Wa-Wa-Wa-Sh-Sh-Sh-Sh-Sh-Sh-Sh-Sh-Sh-Sh-Sh-Sh-Sh-Sh-Sh-F-F-F-F-F,3,2,False,False,False,False
3840,A-A-A-A-A-A-A-A-A-A-F-F-F-F-F-F-F-F-Sh-Sh-Sh-Sh-Sh,3,2,False,False,False,False
3841,Wa-Wa-Wa-Wt-Wt-Wt-Wt-Wt-Wt-Wt-Wt-Wt-Wt-Wt-Wt-Wt-Wt-Wt-Wt-Wa-Wa-Wa-Wa,3,2,False,False,False,False
3842,Wa-Wa-Wa-Wt-Wt-Wt-Wt-Wt-Wt-Wt-Wt-Wt-Wt-Wt-Wt-Wt-Wt-Wt-Wt-Wt-Wt-Sh-Sh,3,2,False,False,False,False
3843,Sh-Sh-Sh-Sh-Sh-Sh-Sh-Sh-Sh-G-G-G-G-G-G-G-G-G-G-G-G-G-F,3,2,False,False,False,False
3844,F-F-F-Wt-Wt-Wt-Wt-Wt-Wt-Wt-Wt-Wt-Sh-Sh-Sh-Sh-Sh-Sh-Sh-Sh-Sh-Sh-Sh,3,2,False,True,False,False
3845,F-F-F-Wt-Wt-Wt-Wt-Wt-Wt-Wt-Wt-Wt-Wt-Wt-Wt-Wt-Wt-Wt-Wt-Wt-Wt-Sh-Sh,3,2,False,False,False,False
3846,G-G-G-G-G-G-G-Wt-Wt-Wt-Wt-Wt-Wt-Wt-Wt-Wt-Wt-Wt-Wt-Wt-Wt-Wt-Wt,3,1,False,False,False,False
3847,G-G-G-G-G-G-G-G-B-B-B-B-B-B-B-B-B-B-B-B-B-Sp-Sp,3,2,False,False,False,False
3848,A-Sh-Sh-Sh-Sh-Sh-Sh-Sh-Sh-Sh-Sh-Sh-Sh-Sh-A-A-A-A-A-A-A-A-A,3,2,False,False,False,False
3849,A-Sh-Sh-Sh-Sh-Sh-Sh-Sh-Sh-Sh-Sh-Sh-U-U-U-U-U-U-U-U-U-U-U,3,2,False,False,False,False
3850,Wt-Wt-Wt-Wt-Wt-Wt-Wt-Wt-Wt-Wt-Wt-Wt-F-F-F-F-F-F-F-F-F-F-Wt,3,2,False,False,False,False
3851,Wt-Wt-Wt-Wt-Wt-Wt-Wt-Wt-Wt-Wt-Wt-F-F-F-F-F-Wt-Wt-Wt-Wt-Wt-Wt-Wt,3,2,False,True,True,False
3852,A-Sh-Sh-Sh-Sh-Sh-Sh-Sh-Sh-Sh-G-G-G-G-G-G-G-G-G-G-G-G-G,3,2,False,False,False,False
3853,Sp-Sp-Sp-Sp-Sp-Sp-Sp-Sp-Sp-Sp-Sp-Sp-Sp-Sp-Sp-Sp-Sp-Sp-Sp-Sp-B-B-Sp,3,2,False,False,False,False
3854,A-G-G-G-G-G-G-G-G-G-G-G-G-G-G-G-G-G-G-G-A-A-A,3,2,False,False,False,False
3855,Sp-Sp-Sp-Wa-Wa-Wa-Wa-Wa-Wa-Wa-Wa-Wa-Wt-Wt-Wt-Wt-Wt-Wt-Wt-Wt-Wt-Wt-Wt,3,2,False,False,False,False
3856,Sp-Sp-Sp-Wa-Wa-Wa-Wa-Wa-Wa-Wa-Wa-F-F-F-F-F-F-F-F-F-F-F-F,3,2,False,False,False,False
3857,Sp-Sp-Sp-B-B-B-B-B-B-B-B-B-B-B-B-B-B-B-B-U-U-U-U,3,2,False,False,False,False
3858,G-F-F-F-F-F-F-Sh-Sh-Sh-Sh-Sh-Sh-Sh-Sh-Sh-Sh-Sh-Sh-Sh-Sh-Sh-Sh,3,2,False,False,False,False
3859,G-F-F-F-F-F-F-F-F-F-F-F-F-Sh-Sh-Sh-Sh-Sh-Sh-Sh-Sh-Sh-Sh,3,2,False,False,False,False
3860,Wa-Wa-Wa-Wa-Wa-Wt-Wt-Wt-Wt-Wt-Wt-Wt-Wt-Wt-Wt-Wt-Wt-Wt-Wt-Wa-Wa-Wa-Wa,3,2,False,False,False,False
3861,Wa-Wa-Wa-Wa-Wa-Wt-Wt-Wt-Wt-Wt-Wt-Wt-Wt-Wt-Wt-Wt-Wt-Wt-Wt-F-F-F-F,3,2,False,False,False,False
3862,Wa-Wa-Wa-Wa-Wa-G-G-G-G-G-G-G-G-G-G-G-G-Wa-Wa-Wa-Wa-Wa-Wa,3,2,False,False,False,False
3863,F-F-F-F-F-F-F-F-G-G-G-G-G-G-G-G-Wa-Wa-Wa-Wa-Wa-Wa-Wa,3,2,False,False,True,False
3864,F-F-F-G-G-G-G-G-G-G-G-G-G-G-G-G-G-G-G-G-G-G-F,3,2,False,False,False,False
3865,Sh-Sh-Wt-Wt-Wt-Wt-Wt-Wt-Wt-Wt-Wt-Sh-Sh-Sh-Sh-Sh-Sh-Sh-Sh-Sh-Sh-Sh-Sh,3,2,False,False,False,False
3866,G-G-G-G-G-G-G-G-B-B-B-B-B-B-B-B-B-B-B-Sh-Sh-Sh-Sh,3,2,False,False,False,False
3867,G-G-G-G-G-G-G-G-B-B-B-B-B-B-B-B-B-U-U-U-U-U-U,3,2,False,False,False,False
3868,G-G-G-G-G-G-G-G-B-B-B-B-B-B-B-B-B-G-G-G-G-G-G,3,2,False,False,False,False
3869,G-G-G-G-G-G-G-G-Sp-Sp-Sp-Sp-Sp-Sp-Sp-Sp-Sp-Sp-Sp-Sp-Sp-B-B,3,2,False,False,False,False
3870,A-A-A-A-A-A-A-A-A-A-A-G-G-G-G-G-F-F-F-F-F-F-F,3,2,False,False,True,False
3871,Wa-Wa-Wa-Wa-Sp-Sp-Sp-Sp-Sp-Sp-Sp-Sp-Sp-Sp-Sp-Sp-Wa-Wa-Wa-Wa-Wa-Wa-Wa,3,2,False,False,True,False
3872,Wa-Wa-Wa-Wa-Sp-Sp-Sp-Sp-Sp-Sp-Sp-Sp-Sp-Sp-Sp-Sp-Sp-Sp-Sp-Sp-Sp-Sp-Wa,3,2,False,False,False,False
3873,F-F-F-F-Wa-Wa-Wa-Wa-Wa-Wa-Wa-Wa-Wa-Wa-Wa-Wa-Wa-Wa-Wa-Wa-Sp-Sp-Sp,3,2,False,False,False,False
3874,F-F-F-F-F-F-F-F-F-G-G-G-G-G-G-G-G-G-G-G-G-G-F,3,2,False,False,False,False
3875,Sh-Sh-G-G-G-G-G-G-G-G-G-G-G-G-G-G-G-G-F-F-F-F-F,3,2,False,False,False,False
3876,Wt-Wt-Wt-Wt-F-F-F-F-F-F-Wa-Wa-Wa-Wa-Wa-Wa-Wa-Wa-Wa-Wa-Wa-Wa-Wa,3,2,False,False,False,False
3877,G-G-G-G-G-G-G-G-Sh-Sh-Sh-Sh-Sh-Sh-F-F-F-F-F-F-F-F-F,3,2,False,False,False,False
3878,A-A-A-A-A-A-A-A-A-A-A-A-Sh-Sh-Sh-Sh-Sh-Sh-Sh-G-G-G-G,3,2,False,False,False,False
3879,Sh-Sh-Sh-Sh-Sh-Sh-Sh-F-F-F-F-F-F-F-F-F-Wt-Wt-Wt-Wt-Wt-Wt-Wt,3,2,False,False,True,False
3880,Sh-Sh-Sh-Sh-Sh-Sh-Sh-F-F-F-F-F-F-F-F-F-F-F-Wt-Wt-Wt-Wt-Wt,3,2,False,False,False,False
3881,Sh-Sh-Sh-F-F-F-F-F-F-F-F-F-F-F-F-F-Sh-Sh-Sh-Sh-Sh-Sh-U,3,3,False,False,True,False
3882,Sh-Sh-Sh-F-F-F-F-F-F-F-F-F-F-F-F-F-F-F-G-G-G-G-G,3,2,False,False,False,False
3883,F-F-F-F-F-F-F-F-F-B-B-B-B-B-B-B-B-B-B-Sp-Sp-Sp-Sp,3,2,False,True,False,False
3884,F-F-F-F-F-F-F-F-F-Sh-Sh-Sh-Sh-Sh-Sh-Sh-Sh-Sh-Sh-A-A-A-A,3,2,False,False,False,False
3885,Sh-Sh-Sh-Sh-Sh-Sh-Sh-Sh-A-A-A-A-A-A-F-F-F-F-F-F-F-F-F,3,2,False,False,False,False
3886,G-G-G-G-G-G-G-G-Sp-Sp-Sp-Sp-Sp-Sp-Sp-Sp-Sp-Sp-Sp-Sp-Sp-Sp-B,3,2,False,False,False,False
3887,G-G-G-G-G-G-G-G-Sp-Sp-Sp-Sp-Sp-Sp-Sp-Sp-Sp-Sp-Sp-Sp-G-G-G,3,2,False,False,False,False
3888,G-G-G-G-G-G-G-G-Sp-Sp-Sp-Sp-Sp-Sp-Sp-Sp-F-F-F-F-F-F-F,3,2,False,False,True,False
3889,G-G-G-G-G-G-G-G-G-G-G-G-G-G-G-G-B-B-Sp-Sp-Sp-Sp-Sp,3,2,False,False,True,False
3890,Wa-Wa-Wa-Wa-Wa-Sh-Sh-Sh-Sh-Sh-Sh-Sh-Sh-Sh-Sh-Sh-Sh-Sh-Sh-Sh-Sh-Sh-F,3,2,False,False,False,False
3891,Wa-Wa-Wa-Wa-Wa-Wt-Wt-Wt-Wt-Wt-Wt-Wt-Wt-Wt-Wt-Wt-Wa-Wa-Wa-Wa-Wa-Wa-Wa,3,2,False,True,True,False
3892,Sh-Sh-Sh-F-F-F-F-F-F-F-F-F-F-F-F-F-F-F-F-F-F-Sh-Sh,3,2,False,False,False,False
3893,Sh-Sh-Sh-F-F-F-F-F-F-F-F-F-F-F-F-F-F-F-F-F-A-A-A,3,2,False,False,False,False
3894,Sh-Sh-Sh-A-A-A-A-A-F-F-F-F-F-F-F-F-F-F-F-F-F-F-F,3,2,False,True,False,False
3895,G-G-G-G-G-G-G-G-Sh-Sh-Sh-Sh-Sh-Sh-Sh-Sh-Sh-Sh-Sh-Sh-Sh-Sh-F,3,2,False,True,False,False
3896,G-G-G-G-G-G-G-G-Sh-Sh-Sh-Sh-Sh-Sh-Sh-Sh-Sh-Sh-Sh-F-F-F-F,3,2,False,False,False,False
3897,G-F-F-F-F-F-F-F-F-F-F-F-F-F-Sp-Sp-Sp-Sp-Sp-Sp-Sp-Sp-Sp,3,2,False,False,False,False
3898,Sp-Sp-B-B-B-B-B-B-B-B-B-B-B-B-B-B-G-G-G-G-G-G-A,3,3,False,False,True,False
3899,Wt-Wt-Wt-Wt-A-A-A-A-A-A-A-A-A-A-A-A-A-F-F-F-F-F-F,3,2,False,False,False,False
3900,Wt-Wt-Wt-Wt-A-A-A-A-A-A-A-A-A-A-A-A-A-A-A-Wa-Wa-Wa-Wa,3,2,False,False,False,False
3901,A-A-F-F-F-F-F-F-F-F-F-F-F-F-F-F-Wt-Wt-Wt-Wt-Wt-Wt-Wt,3,2,False,False,True,False
3902,A-A-F-F-F-F-F-F-F-F-F-F-F-F-F-F-G-G-G-G-G-G-G,3,2,False,False,True,False
3903,A-A-F-F-F-F-F-F-Wt-Wt-Wt-Wt-Wt-Wt-Wt-Wt-Wt-Wt-Wt-Wt-Wt-Wt-Wt,3,2,False,False,False,False
3904,Wt-Wt-Wt-Wt-Wt-F-F-F-F-F-F-F-F-F-F-F-F-F-F-F-A-A-A,3,2,False,False,False,False
3905,Wt-Wt-Wt-Wt-Wt-F-F-F-F-F-F-F-F-F-F-F-A-A-A-A-A-A-A,3,2,False,False,True,False
3906,Wt-Wt-Wt-Wt-Wt-A-A-A-A-A-A-A-A-A-A-A-A-A-Wt-Wt-Wt-Wt-Wt,3,2,False,False,False,False
3907,Wt-Wt-Wt-Wt-Wt-A-A-A-A-A-A-A-A-A-A-A-A-A-F-F-F-F-F,3,2,False,False,False,False
3908,F-F-F-F-F-F-F-Sh-Sh-Sh-Sh-Sh-Sh-Sh-Sh-Sh-Sh-Sh-Wt-Wt-Wt-Wt-Wt,3,2,False,False,False,False
3909,F-F-F-F-F-F-F-F-Sh-Sh-Sh-Sh-Sh-Sh-Sh-Sh-Sh-A-A-A-A-A-A,3,2,False,True,False,False
3910,F-F-F-F-F-F-F-F-Wt-Wt-Wt-Wt-Wt-Wt-Wa-Wa-Wa-Wa-Wa-Wa-Wa-Wa-Wa,3,2,False,False,False,False
3911,Sh-Sh-Sh-G-G-G-G-G-G-G-G-G-G-G-G-G-Sh-Sh-Sh-Sh-Sh-Sh-Sh,3,2,False,False,True,False
3912,Wt-Wt-Wt-Wt-Wt-Wt-Wt-Wt-Wt-Wt-F-F-F-F-F-F-F-F-F-F-Wt-Wt-Wt,3,2,False,False,False,False
3913,Wt-Wt-Wt-Wt-Wt-Wt-Wt-Wt-Wt-F-F-F-F-F-F-F-F-F-F-A-A-A-A,3,2,False,False,False,False
3914,A-F-F-F-F-F-F-F-F-F-G-G-G-G-G-G-G-G-G-G-G-G-G,3,2,False,False,False,False
3915,A-F-F-F-F-F-F-F-F-F-F-F-F-Wt-Wt-Wt-Wt-Wt-Wt-Wt-Wt-Wt-Wt,3,2,False,False,False,False
3916,F-Sp-Sp-B-B-B-B-B-B-B-B-B-B-B-B-B-B-B-B-B-B-B-B,3,2,False,False,False,False
3917,Sp-Sp-Sp-Sp-Sp-Sp-Sp-Sp-Sp-Sp-Sp-B-B-B-B-B-B-B-B-B-B-B-Sp,3,2,False,False,False,False
3918,Wt-Wt-Wt-Wt-Wt-Wt-Wt-Wt-Wt-A-A-A-A-A-A-A-A-A-A-A-A-A-A,3,1,False,False,False,False
3919,Sh-Sh-Sh-G-G-G-G-G-G-G-G-G-G-G-G-G-F-F-F-F-F-F-F,3,2,False,False,True,False
3920,Sh-Sh-Sh-F-F-F-F-F-F-F-F-Wa-Wa-Wa-Wa-Wa-Wa-Wa-Wa-Wa-Wa-Wa-Wt,3,3,False,False,False,False
3921,F-F-F-F-F-F-F-G-G-G-G-G-G-G-G-G-F-F-F-F-F-F-F,3,2,False,False,True,False
3922,Sh-Sh-Sh-Sh-Sh-Sh-F-F-F-F-F-F-F-F-F-F-G-G-G-G-G-G-G,3,2,False,False,True,False
3923,Wa-Wa-Wa-Wa-Wa-Wa-Wa-Wt-Wt-Wt-Wt-Wt-Wt-Wt-Wt-Wt-Wt-Wa-Wa-Wa-Wa-Wa-Wa,3,2,False,False,False,False
3924,F-F-F-F-F-F-G-G-G-G-G-G-G-G-G-G-G-G-G-F-F-F-F,3,2,False,False,False,False
3925,Wa-Wa-Wa-Wa-Wa-Wa-Wa-Wt-Wt-Wt-Wt-Wt-Wt-Wt-Wt-Wt-F-F-F-F-F-F-F,3,2,False,False,True,False
3926,Wa-Wa-Wa-Wa-Wa-Wa-Wa-G-G-G-G-G-G-G-G-G-Wa-Wa-Wa-Wa-Wa-Wa-Wa,3,2,False,False,True,False
3927,A-A-A-A-A-A-A-A-A-A-A-A-Wt-Wt-Wt-Wt-Wt-Wt-F-F-F-F-F,3,2,False,False,False,False
3928,A-A-A-A-A-A-A-A-A-A-A-A-F-F-F-F-F-G-G-G-G-G-G,3,2,False,False,False,False
3929,A-A-A-A-A-A-A-A-A-A-A-A-F-F-F-F-F-F-F-Sh-Sh-Sh-Sh,3,2,False,False,False,False
3930,G-G-G-G-G-G-G-G-G-Sh-Sh-Sh-Sh-Sh-Sh-Sh-F-F-F-F-F-F-F,3,2,False,False,True,False
3931,A-F-F-F-F-F-F-F-F-F-F-F-F-F-F-F-F-F-G-G-G-G-G,3,2,False,False,False,False
3932,Wt-Wt-Wt-Wt-Wt-Wt-Wt-A-A-A-A-A-A-A-A-A-Wt-Wt-Wt-Wt-Wt-Wt-Wt,3,2,False,False,True,False
3933,F-Wa-Wa-Wa-Wa-Wa-Wa-Wa-Wa-Wa-Wt-Wt-Wt-Wt-Wt-Wt-Wt-Wt-Wt-Wt-Wt-Wt-Wt,3,2,False,False,False,False
3934,A-A-Wa-Wa-Wa-Wa-Wa-A-A-A-A-A-A-A-A-A-A-A-A-A-A-A-A,3,2,False,False,False,False
3935,Sp-Sp-Sp-Sp-Sp-Sp-Sp-Sp-Sp-B-B-B-B-B-B-B-Sp-Sp-Sp-Sp-Sp-Sp-Sp,3,2,False,False,True,False
3936,Sp-Sp-Sp-Sp-Sp-Sp-Sp-Sp-Sp-B-B-B-B-B-B-B-G-G-G-G-G-G-G,3,2,False,False,True,False
3937,Wa-Wa-Wa-Wa-Wa-Wa-Wt-Wt-Wt-Wt-Wt-Wt-Wt-Wt-Wt-Wt-Wa-Wa-Wa-Wa-Wa-Wa-Wa,3,2,False,False,True,False
3938,Wa-Wa-Wa-Wa-Wa-Wa-Wt-Wt-Wt-Wt-Wt-Wt-Wt-Wt-Wt-Wt-Wt-Wt-Wt-Wt-Wt-Wt-Sh,3,2,False,False,False,False
3939,Sh-Sh-Sh-Sh-A-A-A-A-A-A-A-A-A-A-A-A-A-A-Wt-Wt-Wt-Wt-Wt,3,2,False,True,False,False
3940,Wa-Wa-Wa-Wa-Wa-Wa-Wa-Sp-Sp-Sp-Sp-Sp-Sp-Sp-Sp-Sp-Wa-Wa-Wa-Wa-Wa-Wa-Wa,3,2,False,False,True,False
3941,G-G-G-G-G-G-G-G-G-G-B-B-B-B-B-B-B-B-B-B-F-F-F,3,2,False,False,False,False
3942,G-G-G-G-G-G-G-G-G-G-Sp-Sp-Sp-Sp-Sp-Sp-Sp-Sp-Sp-Sp-F-F-F,3,2,False,False,False,False
3943,A-F-F-F-F-F-F-F-F-A-A-A-A-A-A-A-A-A-A-A-F-F-F,3,3,False,False,False,False
3944,A-F-F-F-F-F-F-F-F-F-F-F-F-F-F-F-F-F-F-F-G-G-G,3,2,False,False,False,False
3945,Wt-Wt-Wt-Wt-Wt-Wt-Wt-F-F-F-F-F-F-F-F-F-F-F-Sh-Sh-Sh-Sh-Sh,3,2,False,False,False,False
3946,F-Wa-Wa-Wa-Wa-Wa-Wa-G-G-G-G-G-G-G-G-G-G-G-G-G-G-G-G,3,2,False,False,False,False
3947,F-B-B-B-Sp-Sp-Sp-Sp-Sp-Sp-Sp-Sp-Sp-Sp-Sp-Sp-Sp-Sp-Sp-Sp-Sp-Sp-Sp,3,2,False,False,False,False
3948,F-Wa-Wa-Wa-Wa-Wa-Wa-Wa-Wt-Wt-Wt-Wt-Wt-Wt-Wt-Wt-Wt-Wt-Wt-Wt-Wt-Wt-Wt,3,2,False,False,False,False
3949,Wt-Wt-Wt-Wt-Wt-Wt-A-F-F-F-F-F-F-F-F-F-F-F-F-F-F-F-F,3,2,False,False,False,False
3950,Wt-Wt-Wt-Wt-F-F-F-F-F-F-F-F-F-F-F-F-F-G-G-G-G-G-G,3,2,False,False,False,False
3951,G-G-G-G-G-G-G-G-G-G-G-G-G-G-Sp-Sp-F-F-F-F-F-F-F,3,2,False,False,True,False
3952,G-G-G-G-G-G-G-G-G-G-G-G-G-G-G-G-Wa-Wa-Wa-Wa-Sp-Sp-Sp,3,2,False,False,True,False
3953,G-G-G-G-G-G-G-G-G-G-G-G-G-G-G-G-Wa-Wa-Wa-Wa-G-G-G,3,2,False,False,True,False
3954,A-A-A-A-A-A-A-A-A-A-A-A-F-F-F-F-F-A-A-A-A-A-A,3,2,False,False,False,False
3955,Wa-Wa-Wa-Wa-Wa-Wa-Wa-Sp-Sp-Sp-Sp-Sp-Sp-Sp-Sp-Sp-Sp-Sp-Sp-Sp-F-F-F,3,2,False,False,False,False
3956,Sh-Sh-Sh-Sh-Sh-A-A-A-A-A-A-A-A-F-F-F-F-F-F-F-F-F-F,3,2,False,False,False,False
3957,G-G-G-G-G-G-G-G-G-G-G-G-Sh-Sh-Sh-Sh-Sh-Sh-Sh-G-G-G-G,3,2,False,False,False,False
3958,Sh-Sh-Sh-Sh-Sh-A-A-A-A-A-A-A-A-A-A-A-A-A-A-A-A-A-U,3,2,False,True,False,False
3959,A-A-A-A-A-A-A-A-A-A-A-A-A-A-F-F-F-F-F-F-F-Sh-Sh,3,2,False,False,False,False
3960,A-A-A-A-A-A-A-A-A-A-A-A-A-A-F-F-F-F-F-F-F-G-G,3,2,False,False,False,False
3961,F-F-F-F-F-Sh-Sh-Sh-Sh-Sh-Sh-Sh-Sh-Sh-Sh-Sh-Sh-Wa-Wa-Wa-Wa-Wa-Wa,3,2,False,False,False,False
3962,A-A-A-A-A-A-A-A-A-A-A-A-A-A-F-F-F-F-A-A-A-A-F,3,3,False,False,False,False
3963,G-G-G-G-G-G-G-G-G-G-G-Sh-Sh-Sh-Sh-Sh-Sh-Sh-Sh-Sh-Sh-Sh-F,3,2,False,False,False,False
3964,A-A-Sh-Sh-Sh-Sh-Sh-Sh-Sh-Sh-Sh-A-A-A-A-A-A-A-A-A-A-A-A,3,2,False,False,False,False
3965,A-A-A-A-A-A-A-A-A-A-A-A-A-B-B-B-B-B-B-B-B-B-B,3,1,False,False,False,False
3966,A-A-A-A-A-A-A-A-A-A-A-A-A-F-F-F-G-G-G-G-G-G-G,3,2,False,False,True,False
3967,G-G-G-G-G-G-G-G-G-G-Sh-Sh-Sh-Sh-F-F-F-F-F-F-F-F-F,3,2,False,False,False,False
3968,G-G-G-G-G-G-G-G-G-G-G-Sp-Sp-Sp-Sp-Sp-Sp-Sp-Sp-Sp-G-G-G,3,2,False,False,False,False
3969,Wt-Wt-Wt-Wt-Wt-F-F-F-F-F-F-F-F-F-F-F-F-F-Wt-Wt-Wt-Wt-Wt,3,2,False,True,False,False
3970,A-A-Sh-Sh-Sh-Sh-Sh-Sh-F-F-F-F-F-F-F-F-F-F-F-F-F-F-F,3,2,False,False,False,False
3971,A-A-Sh-Sh-Sh-Sh-Sh-Sh-A-A-A-A-A-A-A-A-A-A-A-A-A-A-A,3,2,False,False,False,False
3972,A-A-A-A-A-A-A-A-A-A-A-A-A-A-A-A-G-G-G-G-G-G-G,3,1,False,False,True,True
3973,G-G-G-G-G-G-G-G-G-G-G-G-Sp-Sp-Sp-Sp-Sp-Sp-G-G-G-G-G,3,2,False,False,False,False
3974,A-A-A-A-A-A-A-A-A-A-A-A-A-A-A-A-A-F-F-F-F-A-A,3,2,False,True,False,False
3975,A-A-A-A-A-A-A-A-A-A-A-A-A-A-A-A-A-A-Sh-Sh-Sh-Sh-F,3,2,False,False,False,False
3976,A-A-Sh-Sh-Sh-Sh-Sh-Sh-Sh-Sh-Sh-Sh-Sh-F-F-F-F-F-F-F-F-F-F,3,2,False,False,False,False
3977,A-A-A-A-A-A-A-A-A-A-A-A-A-A-A-A-A-A-A-A-F-F-A,3,2,False,False,False,False
3978,G-G-G-G-G-G-G-G-G-G-G-G-G-B-B-B-B-B-B-Sp-Sp-Sp-Sp,3,2,False,False,False,False
3979,Wa-Wa-Wa-Wa-Wa-Wa-Wa-Wa-Wa-Wa-Wa-Wa-Wa-Wa-Wa-Wa-Wa-Wa-Wa-Wa-Wa-Wa-Sh,3,1,False,False,False,False
3980,A-A-A-A-A-A-A-A-A-A-A-A-A-A-A-A-A-A-Wt-F-F-F-F,3,2,False,False,False,False
3981,Wa-Wa-Wa-Wa-Wa-Wa-Wa-Wa-Wa-Wa-Wa-Wa-Wa-Wa-Wa-Wa-Wa-Wa-Wa-Wa-Wa-Sh-Sh,3,1,False,False,False,False
3982,G-G-G-G-G-G-G-G-G-G-G-G-Sp-Sp-Sp-Sp-G-G-G-G-G-G-G,3,2,False,False,True,False
3983,A-A-A-A-A-A-A-A-A-A-A-A-A-A-A-A-F-F-F-A-A-A-A,3,2,False,True,True,False
3984,A-A-A-A-A-A-A-A-A-A-A-A-A-A-A-A-F-F-F-F-A-A-A,3,2,False,False,True,False
3985,Wa-Wa-Wa-Wa-Wa-Wa-Wa-Wa-Wa-Wa-Wa-Wa-Wa-Wa-Wa-Wa-Wa-Sh-Sh-Sh-Sh-Sh-Sh,3,1,False,False,False,False
3986,A-A-A-A-A-A-A-A-A-A-A-A-A-A-A-A-A-A-A-F-F-G-G,3,2,False,False,False,False
3987,Sh-Sh-Sh-Sh-F-F-F-F-F-F-F-Sh-Sh-Sh-Sh-Sh-Sh-Sh-Sh-Sh-Sh-Sh-Sh,3,2,False,False,False,False
3988,Wa-Wa-Wa-Wa-Wa-Wa-Wa-Wa-Wa-Wa-Wa-Wa-Wa-Wa-Wa-Wa-Wa-Wa-Wa-G-G-G-G,2,1,False,False,False,False
3989,A-A-A-A-A-A-A-A-A-A-A-A-A-A-A-A-A-A-A-Wt-F-F-F,2,2,False,False,False,False
3990,Wa-Wa-Wa-Wa-Wa-Wa-Wa-Wa-Wa-Wa-Wa-Wa-Wa-Wa-Wa-Wa-Wa-A-A-A-A-A-A,2,1,False,False,False,False
3991,A-A-A-A-A-A-A-A-A-A-A-A-A-A-A-A-F-F-F-F-F-F-Wt,2,2,False,False,True,False
3992,A-A-A-A-A-A-A-A-A-A-A-A-A-A-A-A-F-F-F-Sh-Sh-Sh-Sh,2,2,False,False,True,False
3993,A-A-A-A-A-A-A-A-A-A-A-A-A-A-A-A-F-F-F-F-F-Sh-Sh,2,2,False,True,True,False
3994,A-A-A-A-A-A-A-A-A-A-A-A-A-A-F-F-F-A-A-A-A-F-F,2,3,False,False,False,False
3995,A-A-A-A-A-A-A-A-A-A-A-A-A-A-A-A-Sh-F-F-F-F-F-F,2,2,False,False,True,False
3996,A-A-A-A-A-A-A-A-A-A-A-A-A-A-F-F-F-F-F-G-G-G-G,2,2,False,False,False,False
3997,F-F-F-F-F-F-Sp-Sp-Sp-Sp-Sp-Sp-Sp-Sp-Sp-Sp-Sp-Sp-Sp-B-B-Sp-Sp,2,3,False,False,False,False
3998,F-F-F-F-F-F-Sh-Sh-Sh-Sh-Sh-Sh-Sh-Sh-Sh-Sh-Sh-Wa-Wa-Wa-Wa-Wa-Wa,2,2,False,False,False,False
3999,Sh-Sh-Sh-Sh-Sh-A-A-A-A-A-A-A-A-A-A-A-A-A-A-A-F-F-F,2,2,False,False,False,False
4000,Sh-Sh-Sh-Sh-Sh-A-A-A-A-A-A-A-A-A-A-A-A-A-A-A-A-U-U,2,2,False,False,False,False
4001,Sh-Sh-Sh-Sh-G-G-G-G-G-G-G-G-G-G-G-G-F-F-F-F-F-F-F,2,2,False,False,True,False
4002,Sh-Sh-Sh-Sh-G-G-G-G-G-G-G-G-G-G-F-F-F-F-F-F-F-F-F,2,2,False,False,False,False
4003,Sh-Sh-Sh-Sh-G-G-G-G-G-G-G-G-F-F-F-F-F-F-F-F-F-F-F,2,2,False,False,False,False
4004,Sh-Sh-Sh-Sh-G-G-G-F-F-F-F-F-F-F-F-F-F-F-F-F-F-F-F,2,2,False,False,False,False
4005,Sh-Sh-Sh-Sh-F-F-F-F-F-F-Wa-Wa-Wa-Wa-Wa-Wa-Wa-Wa-Wa-Wa-Wa-Wa-Wa,2,2,False,False,False,False
4006,Sh-Sh-Sh-Sh-F-F-F-F-F-F-Sh-Sh-Sh-Sh-Sh-Sh-Sh-Sh-Sh-Sh-Sh-Sh-Sh,2,2,False,False,False,False
4007,F-F-F-F-F-Sh-Sh-Sh-Sh-Sh-Sh-Sh-Sh-U-U-U-U-U-U-U-U-U-U,2,2,False,False,False,False
4008,F-F-F-F-F-Sh-Sh-Sh-Sh-Sh-Sh-Sh-U-U-U-U-U-U-U-U-U-U-U,2,2,False,False,False,False
4009,F-F-F-F-F-F-Sh-Sh-Sh-Sh-Sh-Sh-Sh-Sh-Sh-Sh-Sh-U-U-U-U-U-U,2,2,False,False,False,False
4010,Sh-Sh-Sh-Sh-F-F-F-F-F-F-F-F-F-U-U-U-U-U-U-U-U-U-U,2,2,False,False,False,False
4011,Sh-Sh-Sh-Sh-F-F-F-F-F-F-F-F-F-F-F-F-Sp-Sp-Sp-Sp-Sp-Sp-Sp,2,2,False,False,True,False
4012,Sh-Sh-Sh-Sh-F-F-F-F-F-F-F-F-F-F-F-F-F-U-U-U-U-U-U,2,2,False,False,False,False
4013,Sh-Sh-Sh-Sh-F-F-F-F-F-F-F-F-F-F-F-F-F-G-G-G-G-G-G,2,2,False,False,False,False
4014,Sh-Sh-Sh-Sh-F-F-F-F-F-F-F-F-F-F-F-F-F-F-F-Sp-Sp-Sp-Sp,2,2,False,False,False,False
4015,Wa-Wa-Wa-Wa-Wa-Wa-Wa-Wa-Wa-Wa-Sh-U-U-U-U-U-U-U-U-U-U-U-U,2,2,False,False,False,False
4016,G-G-G-G-G-G-G-G-G-G-G-Sh-Sh-Sh-Sh-Sh-Sh-Sh-F-F-F-F-F,2,2,False,False,False,False
4017,G-G-G-G-G-G-G-G-G-G-G-Sh-Sh-Sh-Sh-Sh-F-F-F-F-F-F-F,2,2,False,False,True,False
4018,G-G-G-G-G-G-G-G-G-G-G-G-G-Sp-Sp-Sp-Sp-Sp-G-G-G-G-G,2,2,False,False,False,False
4019,A-A-A-A-A-A-A-A-A-A-A-A-A-F-F-F-F-Sh-Sh-Sh-Sh-Sh-Sh,2,2,False,False,False,False
4020,A-A-A-A-A-A-A-A-A-A-A-A-A-A-F-F-Sh-Sh-Sh-Sh-Sh-Sh-Sh,2,2,False,False,True,False
4021,A-A-A-A-A-A-A-A-A-A-A-A-A-A-F-F-F-F-Sh-Sh-Sh-Sh-Sh,2,2,False,True,False,False
4022,Wa-Wa-Wa-Wa-Wa-Wa-Wa-Wa-Wa-Sh-Sh-Sh-Sh-Sh-Sh-Sh-Sh-Sh-Sh-Sh-F-F-F,2,2,False,False,False,False
4023,Wa-Wa-Wa-Wa-Wa-Wa-Wa-Wa-Wa-Sh-Sh-U-U-U-U-U-U-U-U-U-U-U-U,2,2,False,False,False,False
4024,Wa-Wa-Wa-Wa-Wa-Wa-Wa-Wa-Sp-Sp-Sp-Sp-Sp-Sp-Sp-Sp-Wa-Wa-Wa-Wa-Wa-Wa-Wa,2,2,False,False,True,False
4025,G-G-G-G-G-G-G-G-G-G-Sh-Sh-Sh-Sh-Sh-Sh-Sh-Sh-Sh-Sh-Sh-F-F,2,2,False,False,False,False
4026,G-G-G-G-G-G-G-G-G-G-G-Sp-Sp-Sp-Sp-Sp-Sp-Sp-Sp-Sp-Sp-B-B,2,2,False,False,False,False
4027,Sh-Sh-Sh-Sh-Sh-G-G-G-G-G-G-G-G-G-G-G-G-G-G-G-G-F-F,2,2,False,False,False,False
4028,F-F-F-F-F-F-G-G-G-G-G-G-G-G-G-G-G-G-G-G-G-F-F,2,2,False,True,False,False
4029,Sh-Sh-Sh-Sh-Sh-F-F-F-F-F-F-F-F-F-F-F-F-F-F-Sh-A-A-A,2,3,False,False,False,False
4030,Sh-Sh-Sh-Sh-F-F-F-F-F-F-F-F-F-F-F-F-F-F-F-F-F-F-Sp,2,2,False,False,False,False
4031,F-F-F-F-F-Sh-Sh-Sh-Sh-Sh-Sh-Sh-Sh-Sh-Sh-Sh-Sh-Sh-Sh-Sh-Sh-Sh-U,2,2,False,False,False,False
4032,Sh-Sh-Sh-Sh-F-F-F-F-F-F-F-F-F-F-F-F-F-F-F-F-F-F-U,2,2,False,False,False,False
4033,Sh-Sh-Sh-Sh-Sh-F-F-F-F-F-F-F-F-F-F-F-F-F-F-Wt-Wt-Wt-Wt,2,2,False,False,False,False
4034,Wa-Wa-Wa-Wa-Wa-Wa-Wa-Wa-Sp-Sp-Sp-Sp-Sp-Sp-Sp-Sp-Sp-U-U-U-U-U-U,2,2,False,False,False,False
4035,Wa-Wa-Wa-Wa-Wa-Wa-Wa-Wa-Sh-Sh-Sh-Sh-Sh-Sh-Sh-Sh-Wa-Wa-Wa-Wa-Wa-Wa-Wa,2,2,False,False,True,False
4036,Wa-Wa-Wa-Wa-Wa-Wa-Wa-Wa-Sh-Sh-Sh-Sh-Sh-Sh-Sh-Sh-Sh-Sh-Sh-Sh-Sh-Sh-U,2,2,False,False,False,False
4037,Wa-Wa-Wa-Wa-Wa-Wa-Wa-Wa-F-F-F-F-F-F-F-F-Wt-Wt-Wt-Wt-Wt-Wt-Wt,2,2,False,False,True,False
4038,A-A-A-A-A-A-A-A-A-A-A-A-F-F-F-F-F-F-F-G-G-G-F,2,3,False,False,False,False
4039,G-G-G-G-G-G-G-G-G-G-Sp-Sp-Sp-Sp-Sp-Sp-Sp-Sp-Sp-Sp-Sp-Sp-B,2,2,False,False,False,False
4040,G-G-G-G-G-G-G-G-G-G-Sp-Sp-Sp-Sp-Sp-Sp-Sp-Sp-G-G-G-G-G,2,2,False,False,False,False
4041,G-G-G-G-G-G-G-G-G-G-G-G-G-G-Sp-Sp-Sp-Sp-Wa-Wa-Wa-Wa-Wa,2,2,False,False,False,False
4042,G-G-G-G-G-G-G-G-G-G-G-G-G-G-G-G-Wa-Wa-Wa-Wa-Wa-F-F,2,2,False,False,True,False
4043,F-F-F-F-F-F-G-G-G-G-G-G-G-G-G-G-F-F-F-F-F-F-F,2,2,False,False,True,False
4044,Sh-Sh-Sh-Sh-F-F-F-F-F-F-F-F-F-F-F-F-F-F-F-A-Sh-Sh-Sh,2,3,False,False,False,False
4045,Sh-Sh-Sh-Sh-A-A-A-A-A-F-F-F-F-F-F-F-F-F-F-F-F-F-F,2,2,False,False,False,False
4046,Sh-Sh-Sh-Sh-Sh-Sh-A-A-A-A-A-A-A-A-A-A-A-A-A-A-A-A-U,2,2,False,False,False,False
4047,G-G-G-G-G-G-G-G-G-Sp-Sp-Sp-Sp-Sp-Sp-Sp-Sp-Sp-Sp-Sp-Sp-Sp-B,2,2,False,False,False,False
4048,G-G-G-G-G-G-G-G-G-Sp-Sp-Sp-Sp-Sp-Sp-Sp-Sp-Sp-Sp-F-F-F-F,2,2,False,False,False,False
4049,G-G-G-G-G-G-G-G-G-Sp-Sp-Sp-Sp-Sp-Sp-Sp-Sp-Sp-G-G-G-G-G,2,2,False,False,False,False
4050,G-G-G-G-G-G-G-G-G-Sh-Sh-Sh-Sh-Sh-Sh-Sh-Sh-Sh-Sh-Sh-F-F-F,2,2,False,False,False,False
4051,G-G-G-G-G-G-G-G-G-Sh-Sh-Sh-Sh-Sh-Sh-Sh-Sh-Sh-Sh-A-A-A-A,2,2,False,False,False,False
4052,Wa-Wa-Wa-Wa-Wa-Wa-Sp-Sp-Sp-Sp-Sp-Sp-Sp-Sp-Sp-Sp-Sp-Sp-Sp-Wa-Wa-Wa-Wa,2,2,False,False,False,False
4053,Wa-Wa-Wa-Wa-Wa-Wa-Sp-Sp-Sp-Sp-Sp-Sp-Sp-Sp-Sp-Sp-Sp-U-U-U-U-U-U,2,2,False,False,False,False
4054,Wa-Wa-Wa-Wa-Wa-Wa-Wt-Wt-Wt-Wt-Wt-Wt-Wt-Wt-Wt-Wt-Wt-Wt-Wt-Wt-Wa-Wa-Wa,2,2,False,False,False,False
4055,Wa-Wa-Wa-Wa-Wa-Wa-F-F-F-F-F-F-F-F-F-F-F-F-F-F-A-A-A,2,2,False,False,False,False
4056,G-G-G-G-G-G-G-G-G-G-G-G-G-G-G-G-Sp-G-G-G-G-G-G,2,2,False,False,True,False
4057,G-G-G-G-G-G-G-G-Sh-Sh-Sh-Sh-Sh-Sh-Sh-Sh-Sh-Sh-Sh-Sh-F-F-F,2,2,False,False,False,False
4058,F-F-F-F-Sh-Sh-Sh-Sh-Sh-A-A-A-A-A-A-A-F-F-F-F-F-F-F,2,3,False,False,True,False
4059,Sh-Sh-Sh-Wt-Wt-Wt-Wt-Wt-Wt-Wt-Wt-Wt-Wt-Wt-Wt-Wt-F-F-F-F-F-F-F,2,2,False,False,True,False
4060,Sh-Sh-Sh-Wt-Wt-Wt-Wt-Wt-Wt-F-F-F-F-F-F-F-F-F-F-F-F-F-F,2,2,False,False,False,False
4061,F-F-F-F-F-F-F-Wt-Wt-Wt-Wt-Wt-Wt-Wt-Wt-Wt-Wt-Wt-Wt-Wt-Wt-Wt-Sh,2,2,False,False,False,False
4062,F-F-F-F-F-F-F-Wt-Wt-Wt-Wt-Wt-Wt-Wt-Wt-Wt-Wt-F-F-F-F-F-F,2,2,False,False,False,False
4063,F-F-F-F-F-F-F-Sh-Sh-Sh-Sh-Sh-Sh-Sh-Sh-Sh-Sh-Sh-G-G-G-G-G,2,2,False,False,False,False
4064,F-F-F-F-F-F-F-Wt-Wt-Wt-Wt-Wt-Wt-Wt-Wt-Wt-Wa-Wa-Wa-Wa-Wa-Wa-Wa,2,2,False,False,True,False
4065,Wa-Wa-Wa-Wa-Wa-Sp-Sp-Sp-Sp-Sp-Sp-Sp-Sp-Sp-Sp-Sp-Sp-Wa-Wa-Wa-Wa-Wa-Wa,2,2,False,False,False,False
4066,Wa-Wa-Wa-Wa-Wa-Sp-Sp-Sp-Sp-Sp-Sp-Sp-Sp-Sp-Sp-Sp-Sp-Sp-Sp-U-U-U-U,2,2,False,False,False,False
4067,G-G-G-G-G-G-G-G-Sp-Sp-Sp-Sp-Sp-Sp-Sp-Sp-Sp-Sp-Sp-G-G-G-G,2,2,False,False,False,False
4068,G-G-G-G-G-G-G-G-Sp-Sp-Sp-Sp-Sp-Sp-Sp-Sp-G-G-G-G-G-G-G,2,2,False,False,True,False
4069,G-G-G-G-G-G-G-G-G-G-G-G-G-G-G-G-B-B-B-B-G-G-G,2,2,False,False,True,False
4070,G-G-G-G-G-G-G-G-G-G-G-G-G-G-G-G-Sp-Sp-Sp-Sp-Sp-Sp-U,2,2,False,True,True,False
4071,Wa-Wa-Wa-Wa-Wa-Sh-Sh-Sh-Sh-Sh-Sh-Sh-Sh-Sh-Sh-Sh-Sh-Sh-Sh-Sh-Sh-Sp-Sp,2,2,False,False,False,False
4072,Wa-Wa-Wa-Wa-Wa-Sh-Sh-Sh-Sh-Sh-Sh-Sh-Sh-Sh-Sh-Sh-Wt-Wt-Wt-Wt-Wt-Wt-Wt,2,2,False,False,True,False
4073,Wa-Wa-Wa-Wa-Wa-G-G-G-G-G-G-G-G-G-G-G-Wa-Wa-Wa-Wa-Wa-Wa-Wa,2,2,False,False,True,False
4074,Wa-Wa-Wa-Wa-Wa-F-F-F-F-F-F-F-F-F-F-F-F-F-Sh-Sh-Sh-Sh-Sh,2,2,False,False,False,False
4075,G-G-G-G-G-G-G-G-B-B-B-B-B-B-B-B-B-B-B-A-A-A-A,2,2,False,False,False,False
4076,Sh-Sh-Sh-Sh-Sh-Sh-G-G-G-G-F-F-F-F-F-F-F-F-F-F-F-F-F,2,2,False,False,False,False
4077,Sh-Sh-Sh-Sh-Sh-Sh-F-F-F-F-F-F-F-F-F-F-F-F-Wt-Wt-Wt-Wt-Wt,2,2,False,False,False,False
4078,Sh-Sh-Sh-Sh-A-A-A-A-A-A-A-A-A-A-A-A-Sh-Sh-Sh-Sh-Sh-Sh-Sh,2,2,False,False,True,False
4079,G-G-G-G-G-G-G-G-Sp-Sp-Sp-Sp-Sp-Sp-Sp-Sp-B-B-B-B-B-B-B,2,2,False,False,True,False
4080,G-G-G-G-G-G-G-G-Sp-Sp-Sp-Sp-Sp-Sp-Sp-Sp-Sp-Sp-B-B-B-B-B,2,2,False,False,False,False
4081,Wa-Wa-Wa-Wa-Wa-F-F-F-F-F-F-F-F-F-F-F-F-F-F-Sp-Sp-Sp-Sp,2,2,False,False,False,False
4082,Wa-Wa-Wa-Wa-Wa-A-A-A-A-A-A-A-A-A-A-A-A-A-A-Wa-Wa-Wa-Wa,2,2,False,False,False,False
4083,Wa-Wa-Wa-Wa-Sp-Sp-Sp-Sp-Sp-Sp-Sp-Sp-Sp-Sp-Sp-Sp-Sp-Wa-Wa-Wa-Wa-Wa-Wa,2,2,False,False,False,False
4084,Wa-Wa-Wa-Wa-Sp-Sp-Sp-Sp-Sp-Sp-Sp-Sp-Sp-Sp-Sp-Sp-Sp-Wt-Wt-Wt-Wt-Wt-Wt,2,2,False,False,False,False
4085,A-A-A-A-A-A-A-A-A-A-A-Sh-Sh-Sh-Sh-Sh-Sh-Sh-G-G-G-G-G,2,2,False,False,False,False
4086,G-G-G-G-G-G-G-Sh-Sh-Sh-Sh-Sh-Sh-Sh-Sh-Sh-Sh-Sh-Sh-Sh-Sh-Sh-F,2,2,False,False,False,False
4087,G-G-G-G-G-G-G-Sh-Sh-Sh-Sh-Sh-Sh-Sh-Sh-Sh-Sh-Sh-Sh-Sh-F-F-F,2,2,False,False,False,False
4088,G-G-G-G-G-G-G-Sh-Sh-Sh-Sh-Sh-Sh-Sh-Sh-Sh-Sh-Sh-Sh-F-F-F-F,2,2,False,False,False,False
4089,Sh-Sh-Sh-Sh-Sh-Sh-G-G-G-G-G-G-G-G-G-G-G-G-G-G-G-G-F,2,2,False,False,False,False
4090,F-F-F-F-F-F-F-F-Sp-Sp-Sp-Sp-Sp-Sp-Sp-Sp-Sp-Sp-F-F-F-F-F,2,2,False,False,False,False
4091,F-F-F-F-F-F-F-F-Sh-Sh-Sh-Sh-Sh-Sh-Sh-Sh-Sh-Sh-Sh-Wa-Wa-Wa-Wa,2,2,False,False,False,False
4092,Sh-Sh-Sh-Sh-Sh-Sh-G-G-G-G-G-G-G-G-G-G-G-F-F-F-F-F-F,2,2,False,False,False,False
4093,G-G-G-G-G-G-G-Wt-Wt-Wt-Wt-Wt-Wt-Wt-Wt-Wt-F-F-F-F-F-F-F,2,2,False,False,True,False
4094,G-G-G-G-G-G-G-Wt-Wt-Wt-Wt-Wt-Wt-Wt-F-F-F-F-F-F-F-F-F,2,2,False,False,False,False
4095,G-G-G-G-G-G-G-G-B-B-B-B-B-B-B-B-B-B-B-B-F-F-F,2,2,False,False,False,False
4096,Wa-Wa-Wa-Wa-Sh-Sh-Sh-Sh-Sh-Sh-Sh-Sh-Sh-Sh-Sh-Sh-Sh-Sh-Sh-A-A-A-A,2,2,False,False,False,False
4097,Wa-Wa-Wa-Wa-Sh-Sh-Sh-Sh-Sh-Sh-Sh-Sh-Sh-Sh-Sh-Sh-Sh-Sh-A-A-A-A-A,2,2,False,False,False,False
4098,Wa-Wa-Wa-Wa-Sh-Sh-Sh-Sh-Sh-Sh-Sh-Sh-Sh-Sh-Sh-Sh-F-F-F-F-F-F-F,2,2,False,True,True,False
4099,Wa-Wa-Wa-Wa-G-G-G-G-G-G-G-G-G-G-G-G-Wt-Wt-Wt-Wt-Wt-Wt-Wt,2,2,False,False,True,False
4100,Wa-Wa-Wa-Wa-A-A-A-A-A-A-A-A-A-A-A-A-A-F-F-F-F-F-F,2,2,False,False,False,False
4101,A-A-A-A-A-A-A-A-A-A-A-Wa-Wa-U-U-U-U-U-U-U-U-U-U,2,2,False,False,False,False
4102,G-G-G-G-G-G-G-Sp-Sp-Sp-Sp-Sp-Sp-Sp-Sp-Sp-B-B-B-B-B-B-B,2,2,False,False,True,False
4103,G-G-G-G-G-G-G-Sp-Sp-Sp-Sp-Sp-Sp-Sp-Sp-Sp-Sp-Sp-Sp-G-G-G-G,2,2,False,False,False,False
4104,G-G-G-G-G-G-G-G-G-G-G-G-G-G-G-G-Sh-Sh-Sh-G-G-G-G,2,2,False,False,True,False
4105,F-F-F-F-F-F-F-F-Sh-Sh-Sh-Sh-Sh-Sh-Sh-Sh-Sh-Sh-Sh-Sh-Sh-U-U,2,2,False,False,False,False
4106,F-F-F-F-F-F-F-F-Sh-Sh-Sh-Sh-Sh-Sh-Sh-Sh-Sh-Sh-Sh-Sh-Sh-G-G,2,2,False,False,False,False
4107,F-F-F-F-F-F-F-F-Sh-Sh-Sh-Sh-Sh-Sh-Sh-Sh-Sh-Sh-Sh-Sh-G-G-G,2,2,False,False,False,False
4108,Sh-Sh-Sh-Sh-Sh-Sh-Sh-A-A-A-A-A-A-A-A-A-A-Sh-Sh-Sh-Sh-Sh-Sh,2,2,False,False,False,False
4109,Sh-Sh-Sh-G-G-G-G-G-G-G-G-G-G-G-G-G-G-G-G-G-G-F-F,2,2,False,False,False,False
4110,F-F-F-F-Sh-Sh-Sh-Sh-Sh-Sh-Sh-Sh-Sh-Sh-Sh-Sh-Sh-Sh-Sh-F-F-F-Sh,2,3,False,False,False,False
4111,G-G-G-G-G-G-G-G-G-G-G-G-G-G-G-G-G-Sp-Sp-B-B-B-B,2,2,False,False,False,False
4112,Wa-Wa-Wa-Sh-Sh-Sh-Sh-Sh-Sh-Sh-Sh-Sh-Sh-Sh-Sh-Sh-F-F-F-F-F-F-F,2,2,False,False,True,False
4113,A-A-A-A-A-A-A-A-A-A-G-G-G-G-G-G-Sh-Sh-Sh-Sh-Sh-Sh-Sh,2,2,False,False,True,False
4114,A-A-A-A-A-A-A-A-A-A-F-F-F-F-F-F-G-G-G-G-G-G-G,2,2,False,False,True,False
4115,A-A-A-A-A-A-A-A-A-A-F-F-F-F-F-F-F-Wt-Wt-Wt-Wt-Wt-Wt,2,2,False,False,False,False
4116,Wa-Wa-Wa-G-G-G-G-G-G-G-G-G-G-G-G-G-Wa-Wa-Wa-Wa-Wa-Wa-Wa,2,2,False,False,True,False
4117,Wa-Wa-Wa-A-A-A-A-A-A-A-A-A-A-A-A-A-A-Wa-Wa-Wa-Wa-Wa-Wa,2,2,False,False,False,False
4118,Wa-Wa-Wa-A-A-A-A-A-A-A-A-A-A-A-A-A-A-A-A-A-F-F-F,2,2,False,False,False,False
4119,G-G-G-G-G-G-G-Wa-Wa-Wa-Wa-Wa-Wa-Wa-Wa-Wa-Wa-Wa-Wa-Wa-Sp-Sp-Sp,2,2,False,False,False,False
4120,G-G-G-G-G-G-G-G-G-G-G-G-G-G-G-G-G-G-G-Wa-F-F-F,2,2,False,False,False,False
4121,Wa-Wa-Sh-Sh-Sh-Sh-Sh-Sh-Sh-Sh-Sh-Sh-Sh-Sh-Sh-Sh-Sh-Wa-Wa-Wa-Wa-Wa-Wa,2,2,False,False,False,False
4122,Wa-Wa-Sh-Sh-Sh-Sh-Sh-Sh-Sh-Sh-Sh-Sh-Sh-Sh-Sh-Sh-Sh-Sh-Sh-Sh-G-G-G,2,2,False,False,False,False
4123,F-F-F-F-Sh-Sh-Sh-Sh-Sh-Sh-Sh-Sh-Sh-Sh-Sh-Sh-Sh-Wa-Wa-Wa-Wa-Wa-Wa,2,2,False,False,False,False
4124,F-F-F-F-F-F-F-F-Sh-Sh-Sh-Sh-Sh-Sh-Sh-Sh-Sh-U-U-U-U-U-U,2,2,False,False,False,False
4125,F-F-F-F-F-F-F-F-Sh-Sh-Sh-Sh-Sh-U-U-U-U-U-U-U-U-U-U,2,2,False,False,False,False
4126,F-F-F-F-F-F-F-F-Wt-Wt-Wt-Wa-Wa-Wa-Wa-Wa-Wa-Wa-Wa-Wa-Wa-Wa-Wa,2,2,False,True,False,False
4127,Sh-Sh-Sh-Sh-Sh-Sh-Sh-A-A-A-A-A-A-U-U-U-U-U-U-U-U-U-U,2,2,False,False,False,False
4128,Wa-Wa-Sh-Sh-Sh-Sh-Sh-Sh-Sh-Sh-Sh-Sh-Sh-Sh-F-F-F-F-F-F-F-F-F,2,2,False,True,False,False
4129,Wa-Wa-Wt-Wt-Sp-Sp-Sp-Sp-Sp-Sp-Sp-Sp-Sp-Sp-Sp-Sp-Sp-Sp-Sp-Sp-Sp-Sp-Sp,2,2,False,False,False,False
4130,Wa-Wa-Wt-Wt-Wt-Wt-Wt-Wt-Wt-Wt-Wt-Wt-Wt-Wt-Wt-Wt-Wt-Wt-Wt-Wt-Wt-Sh-Sh,2,2,False,False,False,False
4131,A-A-A-A-A-A-A-A-A-F-F-F-F-F-F-F-F-F-F-G-G-G-G,2,2,False,False,False,False
4132,A-A-A-A-A-A-A-A-A-F-F-F-F-F-F-F-F-F-F-F-F-F-G,2,2,False,False,False,False
4133,A-A-A-A-A-A-A-A-A-F-F-F-F-F-F-F-A-A-A-A-A-A-F,2,3,False,False,True,False
4134,Wa-Wa-Wt-Wt-Wt-Wt-Wt-Wt-Wt-Wt-Wt-Wt-Wt-Wt-Wt-Wt-Wt-Wt-Wt-F-F-F-F,2,2,False,False,False,False
4135,G-G-G-G-G-G-Sp-Sp-Sp-Sp-Sp-Sp-Sp-Sp-Sp-Sp-Sp-Sp-Sp-B-B-B-B,2,2,False,False,False,False
4136,G-G-G-G-G-G-G-G-G-G-G-G-G-G-G-G-G-G-A-A-F-F-F,2,2,False,False,False,False
4137,Sh-Sh-Sh-Sh-Sh-Sh-Sh-G-G-G-G-G-G-G-G-G-G-G-G-G-F-F-F,2,2,False,False,False,False
4138,Sh-Sh-Sh-Sh-Sh-Sh-Sh-G-G-G-G-G-G-G-G-G-G-G-F-F-F-F-F,2,2,False,False,False,False
4139,Sh-Sh-Sh-Sh-Sh-Sh-Sh-F-F-F-F-F-F-F-F-F-F-F-F-Sh-F-F-F,2,3,False,False,False,False
4140,Sh-Sh-Sh-F-F-F-F-F-F-F-F-F-F-F-F-F-F-Wt-Wt-Wt-Wt-Wt-Wt,2,2,False,False,False,False
4141,Sh-Sh-Sh-F-F-F-F-F-F-F-F-F-F-F-F-F-F-F-F-Sp-Sp-Sp-Sp,2,2,False,False,False,False
4142,G-G-G-G-G-G-Sh-Sh-Sh-Sh-Sh-Sh-Sh-Sh-Sh-Sh-Sh-Sh-Sh-G-G-G-G,2,2,False,False,False,False
4143,Wa-Wa-Wt-Wt-G-G-G-G-G-G-G-G-G-G-G-G-G-G-G-G-G-G-G,2,2,False,False,False,False
4144,Wa-Wa-F-F-F-F-F-F-F-F-F-F-F-F-F-F-F-F-F-Wa-Wa-Wa-Wa,2,2,False,False,False,False
4145,Wa-Wa-A-A-A-A-A-A-A-A-A-A-A-A-Wa-Wa-Wa-Wa-Wa-Wa-Wa-Wa-Wa,2,2,False,False,False,False
4146,Wa-Wa-A-A-A-A-A-A-A-A-A-A-A-A-A-A-Wt-Wt-Wt-Wt-Wt-Wt-Wt,2,2,False,False,True,False
4147,Wa-Wa-A-A-A-A-A-A-A-A-A-A-A-A-A-A-A-Wa-Wa-Wa-Wa-Wa-Wa,2,2,False,False,False,False
4148,A-A-A-A-A-A-A-A-A-Sh-Sh-Sh-Sh-F-F-F-F-F-F-F-F-F-F,2,2,False,False,False,False
4149,A-A-A-A-A-A-A-A-A-F-F-F-F-F-U-U-U-U-U-U-U-U-U,2,2,False,False,False,False
4150,G-G-G-G-G-Sp-Sp-Sp-Sp-Sp-Sp-Sp-Sp-Sp-Sp-Sp-Sp-Sp-F-F-F-F-F,2,2,False,True,False,False
4151,G-G-G-G-G-Sp-Sp-Sp-Sp-Sp-Sp-Sp-Sp-Sp-Sp-Sp-Sp-G-G-G-G-G-G,2,2,False,False,False,False
4152,G-G-G-G-G-Sh-Sh-Sh-Sh-Sh-Sh-Sh-Sh-Sh-Sh-Sh-Sh-Sh-Sh-Sp-Sp-Sp-Sp,2,2,False,False,False,False
4153,Sh-Sh-Sh-Sh-Sh-Sh-Sh-Sh-A-A-A-A-A-A-U-U-U-U-U-U-U-U-U,2,2,False,True,False,False
4154,Sh-Sh-Sh-Sh-Sh-Sh-Sh-Sh-A-A-A-A-A-A-A-A-A-A-F-F-F-F-F,2,2,False,False,False,False
4155,F-F-F-F-F-F-F-F-G-G-G-G-G-G-G-G-G-G-G-G-F-F-F,2,2,False,False,False,False
4156,F-F-F-F-Sh-Sh-Sh-Sh-Sh-Sh-Sh-Sh-Sh-Sh-Sh-Sh-Sh-Sh-Sh-Sh-Sh-Sh-G,2,2,False,False,False,False
4157,F-F-F-F-Sh-Sh-Sh-Sh-Sh-Sh-Sh-Sh-Sh-Sh-Sh-Sh-Sh-Sh-Sh-Sh-Sh-G-G,2,2,False,False,False,False
4158,G-G-G-G-G-Sh-Sh-Sh-Sh-Sh-Sh-Sh-Sh-Sh-Sh-Sh-Sh-Sh-Sh-G-G-G-G,2,2,False,False,False,False
4159,Wa-Sh-Sh-Sh-F-F-F-F-F-F-F-F-F-F-F-F-F-F-F-F-F-F-F,2,2,False,False,False,False
4160,Wa-Wt-Wt-Wt-Wt-Wt-Wt-Wt-Wt-Wt-Wt-Wt-Wt-Wt-Wt-Wt-Wt-Wt-Wt-Wa-Wa-Wa-Wa,2,2,False,False,False,False
4161,Wa-A-A-A-A-A-A-A-A-A-A-A-A-A-A-A-Wa-Wa-Wa-Wa-Wa-Wa-Wa,2,2,False,False,True,False
4162,A-A-A-A-A-A-A-A-A-Sh-Sh-Sh-Sh-Sh-Sh-Sh-Sh-Sh-Sh-Sh-F-F-F,2,2,False,False,False,False
4163,A-A-A-A-A-A-A-A-A-Sh-Sh-Sh-Sh-Sh-Sh-Sh-A-A-A-A-A-A-A,2,2,False,False,True,False
4164,G-G-G-G-Sp-Sp-Sp-Sp-Sp-Sp-Sp-Sp-Sp-Sp-Sp-Sp-Sp-Sp-F-F-F-F-F,2,2,False,True,False,False
4165,G-G-G-G-G-B-B-B-B-B-B-B-B-B-B-B-B-B-B-B-B-B-Sp,2,2,False,False,False,False
4166,G-G-G-G-G-G-G-G-G-G-G-G-G-G-G-G-A-A-A-F-F-F-F,2,2,False,False,True,False
4167,B-B-Wa-Wa-Wa-Wa-Wa-Wa-Wa-Wa-Wa-Wa-Wa-Wa-Wt-Wt-Wt-Wt-Wt-Wt-Wt-Wt-Wt,2,2,False,False,False,False
4168,A-A-A-A-A-A-A-A-F-F-F-F-F-F-F-F-F-F-F-F-Sh-Sh-Sh,2,2,False,False,False,False
4169,A-A-A-A-A-A-A-A-F-F-F-F-F-F-F-F-F-F-F-F-G-G-G,2,2,False,False,False,False
4170,A-A-A-A-A-A-A-A-Sh-Sh-F-F-F-F-F-F-F-F-F-F-F-F-F,2,2,False,False,False,False
4171,F-F-F-F-B-B-B-B-B-B-B-B-B-B-B-B-B-B-B-B-B-B-Sp,2,2,False,False,False,False
4172,F-F-F-F-B-B-B-B-B-B-B-B-B-B-B-B-B-B-B-B-B-Sp-Sp,2,2,False,False,False,False
4173,F-F-F-F-B-B-B-B-B-B-B-B-B-B-B-B-B-B-B-Sh-Sh-Sh-Sh,2,2,False,True,False,False
4174,F-F-F-F-B-B-B-B-B-B-B-B-B-B-B-B-B-B-Sp-Sp-Sp-Sp-Sp,2,2,False,False,False,False
4175,Sh-Sh-Sh-Sh-Sh-Sh-Sh-Sh-F-F-F-F-F-F-F-F-F-F-F-F-F-G-G,2,2,False,False,False,False
4176,F-F-F-F-F-F-F-F-F-Sp-Sp-Sp-Sp-Sp-Sp-Sp-Sp-F-F-F-F-F-F,2,2,False,False,False,False
4177,Sh-Sh-Sh-Sh-Sh-Sh-Sh-Sh-F-F-F-F-F-F-F-F-F-A-A-A-A-A-A,2,2,False,False,False,False
4178,A-A-A-A-A-A-A-A-Wt-Wt-Wt-Wt-Wt-Wt-Wt-Wt-Wt-Wt-Wt-Wt-Wt-A-A,2,2,False,False,False,False
4179,A-A-A-A-A-A-A-A-F-F-F-F-F-F-F-F-Sh-Sh-Sh-Sh-Sh-Sh-Sh,2,2,False,False,True,False
4180,A-A-A-A-A-A-A-A-F-F-F-F-F-F-F-F-G-G-G-G-G-G-G,2,2,False,False,True,False
4181,B-B-B-B-B-B-B-B-B-B-B-B-B-B-B-B-B-B-B-B-B-F-F,2,1,False,False,False,False
4182,B-B-B-B-B-B-B-B-B-B-B-B-B-B-B-B-B-B-B-Sp-Sp-B-B,2,2,False,False,False,False
4183,G-G-G-G-B-B-B-B-B-B-B-B-B-B-F-F-F-F-F-F-F-F-F,2,2,False,False,False,False
4184,G-G-G-G-Sp-Sp-Sp-Sp-Sp-Sp-Sp-Sp-Sp-Sp-Sp-Sp-Sp-Sp-Sp-Sp-G-G-G,2,2,False,False,False,False
4185,Sh-Sh-Sh-A-A-A-A-A-A-A-A-A-A-A-A-A-A-A-Wt-Wt-Wt-Wt-Wt,2,2,False,False,False,False
4186,Sh-Sh-Wt-Wt-Wt-Wt-Wt-Wt-Wt-Sh-Sh-Sh-Sh-Sh-Sh-Sh-Sh-Sh-Sh-Sh-Sh-Sh-Sh,2,2,False,False,False,False
4187,F-F-F-Wt-Wt-Wt-Wt-Wt-Wt-F-F-F-F-F-F-F-F-F-F-F-F-F-F,2,2,False,False,False,False
4188,Sh-Sh-Sh-A-A-A-A-A-A-A-A-A-A-U-U-U-U-U-U-U-U-U-U,2,2,False,True,False,False
4189,Sh-Sh-Sh-A-A-A-A-A-A-A-A-A-A-A-F-F-F-F-F-F-F-F-F,2,2,False,False,False,False
4190,Sh-Sh-Sh-A-A-A-A-A-A-A-A-A-A-A-A-A-Sh-Sh-Sh-Sh-Sh-F-F,2,3,False,False,True,False
4191,G-G-G-G-Sp-Sp-Sp-Sp-Sp-Sp-Sp-Sp-Sp-Sp-Sp-Sp-Sp-Sp-Sp-Sp-F-F-F,2,2,False,False,False,False
4192,A-A-A-A-A-A-A-Wt-Wt-Wt-Wt-Wt-Wt-Wt-F-F-F-F-F-F-F-F-F,2,2,False,False,False,False
4193,G-G-G-Sh-Sh-Sh-Sh-Sh-Sh-Sh-Sh-Sh-Sh-Sh-Sh-Sh-Wt-Wt-Wt-Wt-Wt-Wt-Wt,2,2,False,False,True,False
4194,G-G-G-Sh-Sh-Sh-Sh-Sh-Sh-Sh-Sh-F-F-F-F-F-F-F-F-F-F-F-F,2,2,False,False,False,False
4195,G-G-G-G-G-G-G-G-G-G-G-F-F-F-F-F-F-F-Sh-Sh-Sh-Sh-Sh,2,2,False,False,False,False
4196,G-G-G-G-G-G-G-G-G-G-G-F-F-F-F-F-F-F-G-G-G-G-G,2,2,False,False,False,False
4197,B-B-B-B-B-B-B-B-B-B-B-B-B-B-B-B-B-B-G-G-G-B-B,2,2,False,False,False,False
4198,A-A-A-A-A-A-F-F-F-F-F-F-F-F-F-F-F-F-F-Wt-Wt-Wt-Wt,2,2,False,False,False,False
4199,B-B-B-B-B-B-B-B-B-B-B-B-B-B-Sp-Sp-Sp-Sp-Sp-Sp-G-G-G,2,2,False,False,False,False
4200,G-G-G-B-B-B-B-B-B-B-B-B-B-B-B-B-B-B-B-B-B-Sp-Sp,2,2,False,False,False,False
4201,G-G-G-B-B-B-B-B-B-B-B-B-B-B-B-B-B-B-B-Sp-G-G-G,2,3,False,False,False,False
4202,G-G-G-B-B-B-B-B-B-B-B-B-B-B-B-B-G-G-G-G-G-G-G,2,2,False,True,True,False
4203,G-G-G-Sh-Sh-Sh-Sh-Sh-Sh-Sh-Sh-Sh-Sh-Sh-Sh-Sh-Sh-Sh-Sh-Sh-F-F-F,2,2,False,False,False,False
4204,F-F-F-F-F-F-F-F-F-G-G-G-G-G-G-G-G-G-G-F-F-F-F,2,2,False,False,False,False
4205,Sh-Sh-G-G-G-G-G-G-G-G-F-F-F-F-F-F-F-F-F-F-F-F-F,2,2,False,True,False,False
4206,Sh-Sh-F-F-F-F-Sh-Sh-Sh-Sh-Sh-Sh-Sh-Sh-Sh-Sh-Sh-Sh-Sh-F-F-F-F,2,3,False,False,False,False
4207,Sh-Sh-F-F-F-F-Wt-Wt-Wt-Wt-Wt-Wt-Wt-Wt-Wt-Wt-Wt-Wt-Wt-Wt-Wt-Wt-Wt,2,2,False,False,False,False
4208,Sh-Sh-F-F-F-F-F-Sh-Sh-Sh-Sh-Sh-Sh-Sh-Sh-Sh-Sh-Sh-Sh-Sh-Sh-Sh-Sh,2,2,False,False,False,False
4209,F-F-F-Wt-Wt-Wt-Wt-Wt-Wt-Wt-Wt-Wt-Wt-Wt-Wt-Wt-Wt-Wa-Wa-Wa-Wa-Wa-Wa,2,2,False,False,False,False
4210,F-F-F-F-F-F-F-F-F-Sh-Sh-Sh-Sh-Sh-Sh-Sh-Sh-Sh-A-A-A-A-A,2,2,False,False,False,False
4211,F-F-F-F-F-F-F-F-F-Sh-Sh-Sh-Sh-Sh-Sh-Sh-Sh-U-U-U-U-U-U,2,2,False,False,False,False
4212,A-A-A-A-A-A-Sh-Sh-Sh-F-F-F-F-F-F-F-F-F-F-F-F-F-F,2,2,False,False,False,False
4213,A-A-A-A-A-A-F-F-F-F-F-F-F-F-F-F-F-Wt-Wt-Wt-Wt-Wt-Wt,2,2,False,False,False,False
4214,A-A-A-A-A-A-F-F-F-F-F-F-F-F-F-F-F-F-Wt-Wt-Wt-Wt-Wt,2,2,False,False,False,False
4215,G-G-G-G-G-G-G-G-G-F-F-F-F-F-F-F-F-F-F-F-F-F-Sh,2,2,False,False,False,False
4216,G-G-G-Wa-Wa-Wa-Wa-Wa-Wa-Wa-Wa-Wa-Wa-Wa-Wa-Wa-Wa-Wa-Wa-Wa-G-G-G,2,2,False,False,False,False
4217,B-B-B-B-B-B-B-B-B-B-B-B-B-Sp-Sp-Sp-Sp-Sp-Sp-Sp-G-G-G,2,2,False,False,False,False
4218,B-B-B-B-B-B-B-B-B-B-B-B-B-Sh-Sh-Sh-Sh-Sh-Sh-Sh-Sh-Sh-Sh,2,1,False,False,False,False
4219,A-A-A-A-A-A-Sh-Sh-Sh-Sh-Sh-Sh-Sh-Sh-Sh-Sh-Sh-A-A-A-A-A-A,2,2,False,False,False,False
4220,B-B-B-B-B-B-B-B-B-B-B-B-Sp-Sp-Sp-Sp-B-B-B-B-B-B-B,2,2,False,False,True,False
4221,B-B-B-B-B-B-B-B-B-B-B-B-Sp-Sp-Sp-Sp-Sp-B-Sp-Sp-Sp-Sp-Sp,2,3,False,False,False,False
4222,B-B-B-B-B-B-B-B-B-B-B-B-Sh-Sh-Sh-Sh-Sh-Sh-Sh-Sh-Sh-Sh-F,2,2,False,False,False,False
4223,A-A-A-A-A-F-F-F-F-F-F-F-F-F-F-F-F-F-F-F-F-G-G,2,2,False,False,False,False
4224,A-A-A-A-A-F-F-F-F-F-F-F-F-F-F-F-F-F-F-A-Sh-Sh-Sh,2,3,False,False,False,False
4225,A-A-A-A-A-F-F-F-F-F-F-F-F-F-F-F-F-F-F-A-A-A-F,2,3,False,False,False,False
4226,A-A-A-A-A-F-F-F-F-F-F-F-F-F-F-F-A-A-A-F-F-F-F,2,3,False,False,True,False
4227,B-B-B-B-B-B-B-B-B-B-B-B-G-G-G-G-G-B-B-B-B-B-B,2,2,False,True,False,False
4228,G-G-Sp-Sp-Sp-Sp-Sp-Sp-Sh-Sh-Sh-Sh-Sh-Sh-Sh-Sh-Sh-Sh-Sh-Sh-Sh-Sh-Sh,2,2,False,False,False,False
4229,B-B-B-B-B-B-B-B-B-B-B-Sp-Sp-Sp-Sp-Sp-Sp-B-B-B-Sp-Sp-Sp,2,3,False,False,False,False
4230,B-B-B-B-B-B-B-B-B-B-B-Sp-Sp-Sp-Sp-Sp-Sp-B-B-Sp-Sp-Sp-Sp,2,3,False,False,False,False
4231,A-A-A-A-A-F-F-F-F-F-F-F-F-F-F-F-F-F-F-G-G-G-G,2,2,False,False,False,False
4232,A-A-A-A-A-F-F-F-F-F-F-F-F-F-F-F-F-F-F-F-G-G-G,2,2,False,False,False,False
4233,G-G-G-G-G-G-G-F-F-F-F-F-F-F-F-F-F-F-Sh-Sh-Sh-Sh-Sh,2,2,False,False,False,False
4234,G-G-G-G-G-G-G-F-F-F-F-F-F-F-F-F-F-F-G-G-G-G-G,2,2,False,False,False,False
4235,G-G-B-B-B-B-B-B-B-B-B-B-B-B-Sp-Sp-Sp-Sp-Sp-Sp-Sp-Sp-Sp,2,2,False,False,False,False
4236,Sh-Sh-Sh-Sh-Sh-Sh-Sh-Sh-Sh-Sh-A-A-A-A-A-A-A-A-A-A-A-U-U,2,2,False,False,False,False
4237,Sh-Sh-Sh-Sh-Sh-Sh-Sh-Sh-Sh-Sh-A-A-A-A-A-A-A-A-A-A-A-F-F,2,2,False,False,False,False
4238,Sh-Sh-Sh-Sh-Sh-Sh-Sh-Sh-Sh-Sh-A-A-A-A-A-A-A-A-A-A-A-A-U,2,2,False,False,False,False
4239,F-F-F-F-F-F-F-F-F-F-Sh-Wa-Wa-Wa-Wa-Wa-Wa-Wa-Wa-Wa-Wa-Wa-Wa,2,2,False,False,False,False
4240,Sh-Sh-Sh-Sh-Sh-Sh-Sh-Sh-Sh-Wt-F-F-F-F-F-F-F-F-F-F-F-F-F,2,2,False,False,False,False
4241,Sh-Sh-Sh-Sh-Sh-Sh-Sh-Sh-Sh-G-G-G-G-G-G-G-G-G-F-F-F-F-F,2,2,False,False,False,False
4242,G-G-Sp-Sp-Sp-Sp-Sp-Sp-Sp-Sp-Sp-Sp-Sp-Sp-Sp-Sp-B-B-Sp-Sp-Sp-Sp-Sp,2,3,False,False,True,False
4243,B-B-B-B-B-B-B-B-B-B-B-Sp-Sp-Sp-Sp-Sp-Sp-Sp-Sp-Sp-Sp-Sp-G,2,2,False,False,False,False
4244,B-B-B-B-B-B-B-B-B-B-B-Sp-Sp-Sp-Sp-Sp-A-A-A-A-A-A-A,2,2,False,False,True,False
4245,A-A-A-A-A-Sh-Sh-Sh-Sh-Sh-Sh-Sh-Sh-Sh-Sh-Sh-Sh-F-F-F-F-F-F,2,2,False,False,False,False
4246,A-A-A-A-A-Sh-Sh-Sh-Sh-Sh-Sh-Sh-Sh-Sh-Sh-Sh-Sh-A-A-A-A-A-A,2,2,False,False,False,False
4247,A-A-A-A-A-Sh-Sh-Sh-F-F-F-F-F-F-F-F-F-F-F-F-F-F-F,2,2,False,False,False,False
4248,A-A-A-A-A-F-F-F-F-F-F-F-F-U-U-U-U-U-U-U-U-U-U,2,2,False,True,False,False
4249,A-A-A-A-A-F-F-F-F-F-F-F-F-F-U-U-U-U-U-U-U-U-U,2,2,False,True,False,False
4250,A-A-A-A-A-F-F-F-F-F-F-F-F-F-F-F-Wt-Wt-Wt-Wt-Wt-Wt-Wt,2,2,False,True,True,False
4251,F-F-F-F-F-F-F-F-F-F-Wt-Wt-Wt-Wt-Wt-Wt-Wt-Wt-Wt-Wt-Wt-Wt-Sh,2,2,False,False,False,False
4252,Sh-Sh-Sh-Sh-Sh-Sh-Sh-Sh-Sh-Sh-A-A-A-U-U-U-U-U-U-U-U-U-U,2,2,False,False,False,False
4253,Sh-Sh-F-F-F-F-F-F-F-F-F-F-F-F-F-F-F-F-F-Sp-Sp-Sp-Sp,2,2,False,False,False,False
4254,Sh-Sh-F-F-F-F-F-F-F-F-F-F-F-F-F-F-F-F-F-F-Wt-Wt-Wt,2,2,False,False,False,False
4255,Sh-Sh-F-F-F-F-F-F-F-F-F-F-F-F-F-F-F-F-F-F-F-F-G,2,2,False,False,False,False
4256,Sh-Sh-F-F-F-F-F-F-F-F-A-A-A-A-A-A-A-A-A-A-A-A-A,2,2,False,False,False,False
4257,A-A-A-A-A-Wa-Wa-Wa-Wa-Wa-Wa-Wa-Wa-Wa-Wa-Wa-Wa-Wa-Wa-Wa-Wt-Wt-Wt,2,2,False,False,False,False
4258,G-G-Wa-Wa-Wa-Wa-Sp-Sp-Sp-Sp-Sp-Sp-Sp-Sp-Sp-Sp-Sp-Sp-Sp-Sp-Sp-Sp-Sp,2,2,False,True,False,False
4259,G-G-Wa-Wa-Wa-Wa-G-G-G-G-G-G-G-G-G-G-G-G-G-G-G-G-G,2,2,False,True,False,False
4260,G-G-B-B-B-B-B-B-B-B-B-B-B-B-B-B-B-B-B-B-B-B-Sp,2,2,False,False,False,False
4261,G-G-G-G-G-G-G-G-F-F-F-F-F-F-F-F-Sh-Sh-Sh-Sh-Sh-Sh-Sh,2,2,False,False,True,False
4262,B-B-B-B-B-B-B-B-B-Sp-Sp-Sp-Sp-Sp-Sp-Sp-Sp-Sp-Sp-Sp-Sp-Sp-B,2,2,False,False,False,False
4263,B-B-B-B-B-B-B-B-B-Sp-Sp-Sp-Sp-Sp-Sp-Sp-Sp-Sp-Sp-Sp-G-G-G,2,2,False,False,False,False
4264,B-B-B-B-B-B-B-B-B-G-G-G-G-G-G-G-G-B-B-B-B-B-B,2,2,False,False,False,False
4265,B-B-B-B-B-B-B-B-B-G-G-G-G-G-G-G-G-G-G-A-A-A-A,2,2,False,False,False,False
4266,F-F-F-Sh-Sh-Sh-Sh-Sh-Sh-Sh-Sh-Sh-Sh-Sh-Sh-Sh-Sh-U-U-U-U-U-U,2,2,False,False,False,False
4267,F-F-F-Sh-Sh-Sh-Sh-Sh-Sh-Sh-Sh-Sh-Sh-Sh-Sh-Sh-Wt-Wt-F-F-F-F-F,2,3,False,False,True,False
4268,Sh-Sh-Sh-Sh-Sh-Sh-Sh-Sh-Sh-Sh-G-G-G-G-G-G-F-F-F-F-F-F-F,2,2,False,False,True,False
4269,Sh-Sh-Sh-Sh-Sh-Sh-Sh-Sh-Sh-Sh-F-F-F-F-F-F-F-Wt-Wt-Wt-Wt-Wt-Wt,2,2,False,False,False,False
4270,Sh-Sh-Sh-Sh-Sh-Sh-Sh-Sh-Sh-Sh-F-F-F-F-F-F-F-F-F-Wt-Wt-Wt-Wt,2,2,False,True,False,False
4271,Sh-Sh-Sh-Sh-Sh-Sh-Sh-Sh-Sh-Sh-A-U-U-U-U-U-U-U-U-U-U-U-U,2,2,False,False,False,False
4272,F-F-F-F-F-F-F-F-F-F-Sh-Sh-Sh-Sh-Sh-Sh-Sh-Sh-A-A-A-A-A,2,2,False,False,False,False
4273,B-B-B-B-B-B-B-B-B-F-F-F-F-F-F-F-F-F-F-F-F-F-G,2,2,False,False,False,False
4274,A-A-A-A-F-F-F-F-F-F-F-F-F-F-F-F-F-F-F-A-A-A-F,2,3,False,False,False,False
4275,A-A-A-A-F-F-F-F-F-F-F-F-F-F-F-F-A-A-A-F-F-F-F,2,3,False,False,True,False
4276,B-B-B-B-B-B-B-B-Sp-Sp-Sp-Sp-Sp-Sp-Sp-Sp-B-B-B-B-Sp-Sp-Sp,2,3,False,False,True,False
4277,G-Sp-Sp-Sp-Sp-Sp-Sp-Sp-Sp-Sp-Sp-Sp-Sp-Sp-Sp-Sp-G-G-G-G-G-G-G,2,2,False,False,True,False
4278,G-Sh-Sh-Sh-Sh-Sh-Sh-Sh-Sh-Sh-Sh-Sh-Sh-Sh-Sh-Sh-Sh-Sh-Sh-A-A-A-A,2,2,False,False,False,False
4279,G-Sh-Sh-Sh-Sh-Sh-Sh-Sh-A-A-A-A-A-A-A-A-A-A-A-A-A-A-A,2,2,False,False,False,False
4280,B-B-B-B-B-B-B-B-Sp-Sp-Sp-Sp-Sp-Sp-Sp-Sp-B-B-Sp-Sp-Sp-Sp-Sp,2,3,False,False,True,False
4281,B-B-B-B-B-B-B-B-Sp-Sp-Sp-Sp-Sp-Sp-Sp-Sp-Sp-Sp-Sp-Sp-B-B-B,2,2,False,False,False,False
4282,B-B-B-B-B-B-B-B-Sp-Sp-Sp-Sp-Sp-Sp-Sp-Sp-Sp-Sp-Sp-U-U-U-U,2,2,False,False,False,False
4283,B-B-B-B-B-B-B-B-G-G-G-G-G-G-G-G-G-G-Sp-Sp-Sp-Sp-Sp,2,2,False,False,False,False
4284,Sh-Sh-Sh-Sh-Sh-Sh-Sh-Sh-Sh-Sh-Sh-F-F-F-F-F-F-F-F-F-F-F-G,2,2,False,False,False,False
4285,Sh-Sh-Sh-Sh-Sh-Sh-Sh-Sh-Sh-Sh-Sh-F-F-F-F-F-A-A-A-A-A-A-A,2,2,False,False,True,False
4286,Sh-Sh-Sh-Sh-Sh-Sh-Sh-Sh-Sh-Sh-Sh-A-A-A-A-A-A-A-A-A-A-U-U,2,2,False,False,False,False
4287,F-F-F-Sh-Sh-Sh-Sh-Sh-Sh-Sh-Sh-Sh-Sh-Sh-Sh-Sh-F-F-Sh-Sh-Sh-Sh-Sh,2,3,False,False,True,False
4288,A-A-A-A-F-F-F-F-F-F-F-F-U-U-U-U-U-U-U-U-U-U-U,2,2,False,False,False,False
4289,G-G-G-G-G-G-G-F-F-F-F-F-F-F-F-F-F-F-F-F-F-F-G,2,2,False,False,False,False
4290,G-G-G-G-G-G-G-F-F-F-F-F-F-F-F-F-F-F-F-F-F-F-A,2,2,False,False,False,False
4291,G-G-G-G-G-G-G-A-A-A-A-A-A-A-A-A-F-F-F-F-F-F-F,2,2,False,False,True,False
4292,A-A-A-A-F-F-F-F-F-F-F-F-F-F-F-F-F-F-Sp-Sp-Sp-Sp-Sp,2,2,False,False,False,False
4293,B-B-B-B-B-B-B-Sp-Sp-Sp-Sp-Sp-Sp-Sp-Sp-Sp-Wa-Wa-Wa-Wa-Wa-Wa-Wa,2,2,False,False,True,False
4294,B-B-B-B-B-B-B-Sp-Sp-Sp-Sp-Sp-Sp-Sp-Sp-Sp-B-B-B-Sp-Sp-Sp-Sp,2,3,False,False,True,False
4295,B-B-B-B-B-B-B-Sp-Sp-Sp-Sp-Sp-Sp-Sp-Sp-Sp-Sp-G-G-G-G-G-G,2,2,False,False,False,False
4296,B-B-B-B-B-B-B-G-G-G-G-G-G-G-G-G-Wa-Wa-Wa-Wa-Wa-Wa-Wa,2,2,False,False,True,False
4297,G-G-G-G-G-F-F-F-F-F-F-F-F-F-F-F-F-F-F-F-F-G-G,2,2,False,False,False,False
4298,Wt-A-A-A-A-A-A-A-A-A-A-A-A-A-A-A-A-A-A-A-F-F-F,2,2,False,False,False,False
4299,G-Wa-Wa-Wa-Wa-Wa-Wa-Wa-Wa-Wa-Wa-Wa-Wa-Wa-Wa-Wa-Wa-Wa-Wa-Wa-Wt-Wt-Wt,2,2,False,False,False,False
4300,Sh-Sh-Sh-Sh-Sh-Sh-Sh-Sh-Sh-Sh-Sh-F-F-F-F-F-F-Sh-Sh-Sh-Sh-Sh-Sh,2,2,False,False,False,False
4301,Sh-Sh-Sh-Sh-Sh-Sh-Sh-Sh-Sh-Sh-Sh-F-F-F-F-F-F-F-F-F-F-Wt-Wt,2,2,False,False,False,False
4302,Sh-Sh-A-A-A-A-F-F-F-F-F-F-F-F-F-F-F-F-F-F-F-F-F,2,2,False,False,False,False
4303,G-B-B-B-B-Sp-Sp-Sp-Sp-Sp-Sp-Sp-Sp-Sp-Sp-Sp-Sp-Sp-Sp-Sp-Sp-Sp-Sp,2,2,False,False,False,False
4304,G-Sp-Sp-Sp-B-B-B-B-B-B-B-B-B-B-B-B-B-B-B-B-B-B-B,2,2,False,True,False,False
4305,B-B-B-B-B-B-Sp-Sp-Sp-Sp-Sp-Sp-Sp-Sp-Sp-Sp-B-B-Sp-Sp-Sp-Sp-Sp,2,3,False,False,True,False
4306,A-A-A-A-Sh-Sh-Sh-Sh-Sh-Sh-Sh-Sh-F-F-F-F-F-F-F-F-F-F-F,2,2,False,False,False,False
4307,A-A-A-A-Sh-Sh-Sh-Sh-Sh-Sh-F-F-F-F-F-F-F-F-F-F-F-F-F,2,2,False,False,False,False
4308,A-A-A-A-G-G-G-G-G-G-B-B-B-B-B-B-B-B-B-B-B-B-B,2,2,False,False,False,False
4309,A-A-A-A-G-G-G-G-G-G-G-G-G-G-G-G-G-G-G-G-B-B-B,2,2,False,False,False,False
4310,B-B-B-B-B-B-Sp-Sp-Sp-Sp-Sp-Sp-Sp-Sp-Sp-Sp-Sp-B-B-B-B-B-B,2,2,False,False,False,False
4311,B-B-B-B-B-B-G-G-G-G-G-G-G-G-G-G-G-Sp-Sp-Sp-Sp-Sp-Sp,2,2,False,False,False,False
4312,A-A-A-A-Sh-Sh-Sh-Sh-Sh-Sh-Sh-Sh-Sh-Sh-Sh-Sh-Sh-Sh-Sh-Sh-Sh-F-F,2,2,False,False,False,False
4313,A-A-A-A-Sh-Sh-Sh-Sh-Sh-Sh-Sh-Sh-Sh-Sh-Sh-Sh-Sh-Sh-Sh-Sh-Sh-A-A,2,2,False,False,False,False
4314,A-A-A-A-Sh-Sh-Sh-Sh-Sh-Sh-Sh-Sh-Sh-Sh-Sh-Sh-Sh-Sh-Sh-Sh-F-F-F,2,2,False,False,False,False
4315,A-A-A-A-Sh-Sh-Sh-Sh-Sh-Sh-Sh-Sh-Sh-Sh-Sh-Sh-Sh-Sh-Sh-G-G-G-G,2,2,False,False,False,False
4316,A-A-A-A-Sh-Sh-Sh-Sh-Sh-Sh-Sh-Sh-Sh-Sh-Sh-Sh-Sh-Sh-G-G-G-G-G,2,2,False,False,False,False
4317,A-A-A-A-Sh-Sh-Sh-Sh-Sh-Sh-Sh-Sh-Sh-Sh-Sh-Sh-Sh-F-F-F-F-F-F,2,2,False,False,False,False
4318,Sh-Sh-Sh-Sh-Sh-Sh-Sh-Sh-Sh-Sh-Sh-Sh-F-F-F-F-F-A-A-A-A-A-A,2,2,False,False,False,False
4319,Sh-Sh-Sh-Sh-Sh-Sh-Sh-Sh-Sh-Sh-Sh-Sh-A-A-F-F-F-F-F-F-F-F-F,2,2,False,False,False,False
4320,Sh-Sh-Sh-Sh-Sh-Sh-Sh-Sh-Sh-Sh-Sh-Sh-A-A-A-A-A-A-F-F-F-F-F,2,2,False,False,False,False
4321,Sh-Sh-Sh-Sh-Sh-Sh-Sh-Sh-Sh-Sh-Sh-Wt-Wt-Wt-Wt-Wt-Wt-Wt-Wt-Wt-Wt-Wt-Wt,2,1,False,False,False,False
4322,Sh-Sh-Sh-Sh-Sh-Sh-Sh-Sh-Sh-Sh-Sh-G-G-G-G-G-F-F-F-F-F-F-F,2,2,False,False,True,False
4323,F-F-F-Sh-Sh-Sh-Sh-Sh-Sh-Sh-Sh-Sh-Sh-Sh-Sh-Sh-Sh-Sh-Sh-Sh-G-G-G,2,2,False,False,False,False
4324,B-B-B-B-B-Sp-Sp-Sp-Sp-Sp-Sp-Sp-Sp-Sp-Sp-Sp-Sp-Sp-Sp-Sp-G-G-G,2,2,False,False,False,False
4325,B-B-B-B-B-Sp-Sp-Sp-Sp-Sp-Sp-Sp-Sp-Sp-Sp-Sp-Sp-Sp-Sp-Sp-A-A-A,2,2,False,False,False,False
4326,B-B-B-B-B-G-G-G-G-G-G-G-G-G-G-G-G-Sp-Sp-Sp-Sp-Sp-Sp,2,2,False,False,False,False
4327,B-B-B-B-Sp-Sp-Sp-Sp-Sp-Sp-Sp-Sp-Sp-Sp-Sp-Sp-B-B-B-B-B-Sp-Sp,2,3,False,False,True,False
4328,G-G-G-G-G-A-A-A-A-A-A-A-A-A-A-A-A-A-A-G-G-G-G,2,2,False,False,False,False
4329,G-G-G-G-F-F-F-F-F-F-F-F-F-F-F-F-F-U-U-U-U-U-U,2,2,False,False,False,False
4330,Sh-Sh-Sh-Sh-Sh-Sh-Sh-Sh-Sh-Sh-Sh-Sh-F-F-F-F-F-F-F-F-F-Sh-Sh,2,2,False,False,False,False
4331,F-F-F-F-F-F-F-F-F-F-F-Sp-Sp-Sp-Sp-Sp-Sp-Sp-Sp-Sp-F-F-F,2,2,False,False,False,False
4332,F-F-F-F-F-F-F-F-F-F-F-Sp-Sp-Sp-Sp-Sp-F-F-F-F-F-F-F,2,2,False,False,True,False
4333,F-F-F-F-F-F-F-F-F-F-F-Sh-Sh-Sh-Sh-Sh-Sh-Sh-Sh-Sh-Sh-Sh-U,2,2,False,False,False,False
4334,F-F-F-F-F-F-F-F-F-F-F-Sh-Sh-Sh-Sh-Sh-Sh-Sh-Sh-Sh-F-F-F,2,2,False,False,False,False
4335,F-F-F-F-F-F-F-F-F-F-F-Sh-Sh-Sh-Sh-Sh-Sh-Sh-Sh-Sh-A-A-A,2,2,False,False,False,False
4336,F-F-F-F-F-F-F-F-F-F-F-Wt-Wt-Wt-Wt-Wt-Wt-Wa-Wa-Wa-Wa-Wa-Wa,2,2,False,True,False,False
4337,Sh-Sh-Sh-Sh-Sh-Sh-Sh-Sh-Sh-Sh-Sh-Sh-F-F-F-F-F-F-F-F-F-F-U,2,2,False,False,False,False
4338,F-F-F-Wa-Wa-Wa-Wa-Wa-Wa-Wa-Wa-Wa-Wa-Wa-Wa-Wa-Wa-F-F-F-F-F-F,2,2,False,False,False,False
4339,F-F-F-Wa-Wa-Wa-Wa-Wa-Wa-Wa-Wa-Wa-Sp-Sp-Sp-Sp-Sp-Sp-Sp-Sp-Sp-Sp-Sp,2,2,False,False,False,False
4340,B-B-B-B-Sp-Sp-Sp-Sp-Sp-Sp-Sp-Sp-Sp-Sp-Sp-Sp-Sp-B-B-B-Sp-Sp-Sp,2,3,False,False,False,False
4341,A-A-A-F-F-F-F-F-F-F-F-F-F-F-F-F-F-F-F-F-A-A-A,2,2,False,False,False,False
4342,A-A-A-F-F-F-F-F-F-F-F-F-F-F-A-A-A-A-A-A-A-A-A,2,2,False,False,False,False
4343,A-A-A-A-Sp-Sp-Sp-Sp-Sp-Sp-Sp-Sp-Sp-Sp-Sp-Sp-Sp-Sp-Sp-Sp-A-A-A,2,2,False,False,False,False
4344,B-B-B-B-Sp-Sp-Sp-Sp-Sp-Sp-Sp-Sp-Sp-G-G-G-G-G-G-A-A-A-A,2,3,False,False,False,False
4345,B-B-B-B-U-U-U-U-U-U-U-U-U-U-U-U-U-U-U-U-U-U-U,2,1,False,False,False,False
4346,A-A-A-F-F-F-F-F-F-F-F-F-F-F-F-F-F-F-G-G-G-G-G,2,2,False,False,False,False
4347,A-A-A-F-F-F-F-F-F-F-F-F-F-F-F-F-F-F-F-F-F-G-G,2,2,False,False,False,False
4348,A-A-A-F-F-F-F-F-F-F-F-F-F-F-F-F-F-F-F-F-F-F-Wt,2,2,False,False,False,False
4349,Wt-Wt-A-A-A-A-A-A-A-A-A-A-A-A-A-A-A-F-F-F-F-F-F,2,2,False,False,False,False
4350,Wt-F-F-F-F-F-F-F-F-G-G-G-G-G-G-G-G-G-G-G-G-G-G,2,2,False,True,False,False
4351,Wt-F-F-F-F-F-F-F-F-F-F-F-Sh-Sh-Sh-Sh-Sh-Sh-Sh-Sh-Sh-Sh-Sh,2,2,False,False,False,False
4352,Sh-Sh-Sh-Sh-Sh-Sh-Sh-Sh-Sh-Sh-Sh-Sh-Sh-F-F-F-F-F-F-F-F-F-Sh,2,2,False,False,False,False
4353,Sh-Sh-Sh-Sh-Sh-Sh-Sh-Sh-Sh-Sh-Sh-Sh-Sh-F-F-F-F-F-F-A-A-A-A,2,2,False,False,False,False
4354,Sh-Sh-Sh-Sh-Sh-Sh-Sh-Sh-Sh-Sh-Sh-Sh-Sh-A-A-A-A-A-A-A-A-F-F,2,2,False,False,False,False
4355,Sh-Sh-Sh-Sh-Sh-Sh-Sh-Sh-Sh-Sh-Sh-Sh-G-G-G-G-G-G-F-F-F-F-F,2,2,False,False,False,False
4356,Sh-Sh-Sh-Sh-Sh-Sh-Sh-Sh-Sh-Sh-Sh-Sh-G-G-G-G-F-F-F-F-F-F-F,2,2,False,False,True,False
4357,Sh-Sh-Sh-Sh-Sh-Sh-Sh-Sh-Sh-Sh-Sh-Sh-F-F-F-F-Sh-Sh-Sh-Sh-Sh-Sh-Sh,2,2,False,False,True,False
4358,Sh-Sh-Sh-Sh-Sh-Sh-Sh-Sh-Sh-Sh-Sh-Sh-F-F-F-F-G-G-G-G-G-G-G,2,2,False,False,True,False
4359,B-B-B-B-G-G-G-G-G-G-G-G-G-G-G-G-G-G-G-G-G-G-A,2,2,False,False,False,False
4360,B-B-B-B-F-F-F-F-F-F-F-F-F-F-F-F-F-F-F-G-G-G-G,2,2,False,False,False,False
4361,B-B-B-B-A-A-A-A-A-A-A-A-A-A-A-A-G-G-G-G-G-G-G,2,2,False,False,True,False
4362,B-B-B-Sp-Sp-Sp-Sp-Sp-Sp-Sp-Sp-Sp-Sp-Sp-Sp-Sp-B-B-B-B-B-Sp-Sp,2,3,False,False,True,False
4363,B-B-B-Sp-Sp-Sp-Sp-Sp-Sp-Sp-Sp-Sp-Sp-Sp-Sp-Sp-B-B-B-Sp-Sp-Sp-Sp,2,3,False,False,True,False
4364,B-B-B-Sp-Sp-Sp-Sp-Sp-Sp-Sp-Sp-Sp-Sp-Sp-Sp-Sp-Sp-B-B-B-B-Sp-Sp,2,3,False,False,False,False
4365,F-F-F-F-F-F-F-F-F-F-F-F-Sp-Sp-Sp-Sp-Sp-Sp-Sp-Sp-Sp-Sp-U,2,2,False,False,False,False
4366,Sh-Sh-Sh-Sh-Sh-Sh-Sh-Sh-Sh-Sh-Sh-Sh-Sh-Sh-A-A-A-A-A-A-A-F-F,2,2,False,False,False,False
4367,Sh-Sh-Sh-Sh-Sh-Sh-Sh-Sh-Sh-Sh-Sh-Sh-Sh-F-F-F-F-F-F-F-F-Sh-Sh,2,2,False,False,False,False
4368,Sh-F-F-F-F-F-Wt-Wt-Wt-Wt-Wt-Wt-Wt-Wt-Wt-Wt-Wt-Wt-Wt-Wt-Wt-Wt-Wt,2,2,False,False,False,False
4369,Sh-F-F-F-F-F-F-F-F-G-G-G-G-G-G-G-G-G-G-G-G-G-G,2,2,False,False,False,False
4370,B-B-B-G-G-G-G-G-G-G-G-G-G-G-G-G-G-G-G-G-F-F-F,2,2,False,True,False,False
4371,A-A-A-F-F-F-F-F-Sh-Sh-Sh-Sh-Sh-Sh-Sh-Sh-Sh-Sh-Sh-Sh-Sh-Sh-Sh,2,2,False,False,False,False
4372,Wt-Wt-F-F-F-F-F-F-F-F-F-F-F-F-F-F-F-F-F-A-A-A-A,2,2,False,False,False,False
4373,Wt-Wt-F-F-F-F-F-F-F-F-F-F-F-A-A-A-A-A-A-A-A-A-A,2,2,False,False,False,False
4374,G-G-G-G-F-F-F-F-F-F-F-F-F-F-F-F-F-F-F-A-A-A-A,2,2,False,False,False,False
4375,B-B-Sp-Sp-Sp-Sp-Sp-Sp-Sp-Sp-Sp-Sp-Sp-Sp-Sp-Sp-B-B-B-B-B-B-Sp,2,3,False,False,True,False
4376,B-B-Sp-Sp-Sp-Sp-Sp-Sp-Sp-Sp-Sp-Sp-Sp-Sp-Sp-Sp-Sp-B-B-B-B-B-B,2,2,False,False,False,False
4377,B-B-Sp-Sp-Sp-Sp-Sp-Sp-Sp-Sp-Sp-Sp-Sp-Sp-Sp-Sp-Sp-Sp-Sp-G-G-G-G,2,2,False,False,False,False
4378,B-B-Sp-Sp-Sp-Sp-Sp-Sp-Sp-Sp-Sp-Sp-Sp-Sp-Sp-Sp-Sp-U-U-U-U-U-U,2,2,False,False,False,False
4379,B-B-G-G-G-G-G-G-G-G-G-G-G-G-G-G-G-G-G-G-G-Sp-Sp,2,2,False,True,False,False
4380,B-Sp-Sp-Sp-Sp-Sp-Sp-Sp-Sp-Sp-Sp-Sp-Sp-Sp-Sp-Sp-B-B-B-B-B-B-Sp,2,3,False,False,True,False
4381,B-Sp-Sp-Sp-Sp-Sp-Sp-Sp-Sp-Sp-Sp-Sp-Sp-Sp-Sp-Sp-B-B-B-Sp-Sp-Sp-Sp,2,3,False,False,True,False
4382,F-F-F-F-F-F-F-F-F-F-F-Wt-Wt-Wt-Wt-Wt-Wt-Wt-F-F-F-F-F,2,2,False,False,False,False
4383,Sh-F-F-F-F-F-F-F-F-F-F-F-F-Sh-Sh-Sh-Sh-Sh-Sh-Sh-Sh-Sh-Sh,2,2,False,False,False,False
4384,F-F-Wt-Wt-Wt-Wt-A-A-A-A-A-A-A-A-A-A-A-A-A-A-A-A-A,2,2,False,False,False,False
4385,F-F-G-G-G-G-G-G-G-G-G-G-G-G-G-G-Wa-Wa-Wa-Wa-Wa-Wa-Wa,2,2,False,False,True,False
4386,B-Sp-Sp-Sp-Sp-Sp-Sp-Sp-Sp-Sp-Sp-Sp-Sp-Sp-Sp-Sp-Sp-Sp-B-B-B-B-B,2,2,False,True,False,False
4387,A-A-A-G-G-G-Sh-Sh-Sh-Sh-Sh-Sh-Sh-Sh-Sh-Sh-Sh-Sh-Sh-Sh-Sh-Sh-Sh,2,2,False,False,False,False
4388,A-A-A-G-G-G-G-G-Sh-Sh-Sh-Sh-Sh-Sh-Sh-Sh-Sh-Sh-Sh-G-G-G-G,2,3,False,False,False,False
4389,A-A-A-G-G-G-G-G-G-G-G-G-G-G-G-G-G-G-G-G-G-F-F,2,2,False,False,False,False
4390,Wt-Wt-F-F-F-F-F-F-F-F-F-F-F-F-Wa-Wa-Wa-Wa-Wa-Wa-Wa-Wa-Wa,2,2,False,False,False,False
4391,Wt-Wt-F-F-F-F-F-F-F-F-F-F-F-F-Sh-Sh-Sh-Sh-Sh-Sh-Sh-Sh-Sh,2,2,False,False,False,False
4392,Wt-Wt-F-F-F-F-F-F-F-F-F-F-F-F-F-F-Wt-Wt-Wt-Wt-Wt-Wt-Wt,2,2,False,False,True,False
4393,Wt-Wt-F-F-F-F-F-F-F-F-F-F-F-F-F-F-F-F-F-F-F-Wt-Wt,2,2,False,False,False,False
4394,B-U-U-U-U-U-U-U-U-U-U-U-U-U-U-U-U-U-U-U-U-U-U,2,1,False,False,False,False
4395,B-G-G-G-G-G-G-G-G-G-G-G-G-G-G-G-Sp-Sp-Sp-Sp-Sp-Sp-Sp,2,2,False,False,True,False
4396,B-G-G-G-G-G-G-G-G-G-G-G-G-G-G-G-G-G-B-B-B-B-B,2,2,False,False,False,False
4397,B-G-G-G-G-G-G-G-G-G-G-G-G-G-G-G-G-G-Sp-Sp-Sp-Sp-Sp,2,2,False,False,False,False
4398,B-G-G-G-G-G-G-G-G-G-G-G-G-G-G-G-G-G-G-U-U-U-U,2,2,False,False,False,False
4399,B-F-F-F-F-F-F-F-F-F-F-F-F-F-F-F-F-F-F-F-F-F-A,2,2,False,False,False,False
4400,Sp-Wa-Wa-Wa-Wa-Wa-Wa-Wa-Wa-Wa-Wa-Wa-Wa-Wa-Wa-Wa-Wa-Wa-Wa-Wa-Wa-F-F,2,2,False,False,False,False
4401,Sp-Wa-Wa-Wa-Wa-Wa-Wa-Wa-Wa-Wa-Wa-Wa-Wt-Wt-Wt-Wt-Wt-Wt-Wt-Wt-Wt-Wt-Wt,2,2,False,False,False,False
4402,F-F-F-F-F-F-F-F-F-F-F-F-Sh-Sh-Sh-Sh-Sh-Sh-Sh-Sh-Sh-F-F,2,2,False,False,False,False
4403,F-F-F-F-F-F-F-F-F-F-F-F-Sh-Sh-Sh-Sh-Sh-Sh-F-F-F-F-F,2,2,False,False,False,False
4404,F-F-F-F-F-F-F-F-F-F-F-F-Sh-Sh-Sh-Sh-F-F-Sh-Sh-Sh-Sh-Sh,2,3,False,False,True,False
4405,Sh-Sh-Sh-Sh-Sh-Sh-Sh-Sh-Sh-Sh-Sh-Sh-Sh-Sh-F-F-F-F-G-G-G-G-G,2,2,False,False,False,False
4406,Sp-Wa-Wa-Wa-Wa-Wa-Wa-Wa-Wa-Wa-Wa-Sh-Sh-Sh-Sh-Sh-Sh-Sh-Sh-Sh-Sh-Sh-Sh,2,2,False,False,False,False
4407,Sp-Wa-Wa-Wa-Wa-Wa-Wa-Wa-Wa-Wa-Wa-Wt-Wt-Wt-Wt-Wt-Wt-Wt-Wt-Wt-Wt-Wt-Wt,2,2,False,False,False,False
4408,Sp-B-B-B-B-B-B-B-B-B-B-B-B-B-B-B-B-B-B-B-G-G-G,2,2,False,False,False,False
4409,Sp-B-B-B-B-B-B-B-B-B-B-B-B-B-B-B-B-B-B-Sp-G-G-G,2,3,False,True,False,False
4410,A-A-A-Sh-Sh-Sh-Sh-Sh-Sh-Sh-Sh-Sh-U-U-U-U-U-U-U-U-U-U-U,2,2,False,False,False,False
4411,A-A-A-Sh-Sh-Sh-Sh-Sh-Sh-F-F-F-F-F-F-F-F-F-F-F-Sh-Sh-Sh,2,3,False,False,False,False
4412,Sp-B-B-B-B-B-B-B-B-B-B-B-G-G-G-G-G-G-G-G-G-G-G,2,2,False,False,False,False
4413,F-F-Sh-Sh-A-A-A-A-A-A-A-A-A-A-A-A-A-A-A-A-A-A-F,2,3,False,True,False,False
4414,Sh-Sh-Sh-Sh-Sh-Sh-Sh-Sh-Sh-Sh-Sh-Sh-Sh-Sh-Sh-Sh-F-F-F-U-U-U-U,2,2,False,False,True,False
4415,Sh-Sh-Sh-Sh-Sh-Sh-Sh-Sh-Sh-Sh-Sh-Sh-Sh-Sh-Sh-Sh-F-F-F-F-F-G-G,2,2,False,False,True,False
4416,Sh-Sh-Sh-Sh-Sh-Sh-Sh-Sh-Sh-Sh-Sh-Sh-Sh-Sh-Sh-Sh-A-A-A-F-F-F-F,2,2,False,False,True,False
4417,Sh-Sh-Sh-Sh-Sh-Sh-Sh-Sh-Sh-Sh-Sh-Sh-Sh-Sh-Sh-Sh-A-A-A-A-A-A-U,2,2,False,False,True,False
4418,G-G-G-F-F-F-F-F-F-F-F-F-F-F-F-F-F-F-Sh-Sh-Sh-Sh-Sh,2,2,False,False,False,False
4419,A-A-A-Sh-Sh-Sh-Sh-Sh-Sh-Sh-Sh-Sh-Sh-Sh-Sh-Sh-Sh-F-F-F-F-F-F,2,2,False,False,False,False
4420,Sp-Sp-Wa-Wa-Wa-Wa-Wa-Wa-Wa-Wa-Wa-Wa-Wa-Wa-Wa-Wa-G-G-G-G-G-G-G,2,2,False,False,True,False
4421,Sp-Sp-Wa-Wa-Wa-Wa-Wa-Wa-B-B-B-B-B-B-B-B-B-B-B-B-B-B-B,2,2,False,False,False,False
4422,A-A-F-F-F-F-F-F-A-A-A-A-A-A-A-A-A-A-A-A-A-A-A,2,2,False,False,False,False
4423,Wt-Wt-Wt-F-F-F-F-F-F-F-F-F-A-A-A-A-A-A-A-A-A-A-A,2,2,False,False,False,False
4424,A-A-F-F-F-F-F-F-F-F-F-F-F-A-A-A-A-A-A-A-A-A-A,2,2,False,False,False,False
4425,A-A-F-F-F-F-F-F-F-F-F-F-F-F-F-F-F-F-F-Wt-A-A-A,2,3,False,False,False,False
4426,G-G-F-F-F-F-F-F-F-F-F-F-F-F-F-F-F-F-F-Sh-Sh-Sh-Sh,2,2,False,False,False,False
4427,G-G-F-F-F-F-F-F-F-F-F-F-F-F-F-F-F-F-F-F-F-A-A,2,2,False,False,False,False
4428,Sh-Sh-Sh-Sh-Sh-Sh-Sh-Sh-Sh-Sh-Sh-Sh-Sh-Sh-Sh-Sh-Wt-Wt-Wt-Wt-F-F-F,2,2,False,False,True,False
4429,F-F-F-F-F-F-F-F-F-F-F-F-Wt-Wt-Wt-Wt-Wt-F-F-F-F-F-F,2,2,False,False,False,False
4430,Sh-F-F-F-F-F-F-F-F-F-F-F-F-F-F-F-F-F-F-G-G-G-G,2,2,False,False,False,False
4431,A-A-F-F-F-F-F-F-F-F-Sh-Sh-Sh-Sh-Sh-Sh-Sh-Sh-Sh-Sh-Sh-Sh-Sh,2,2,False,False,False,False
4432,A-A-F-F-F-F-F-F-F-F-F-G-G-G-G-G-G-G-G-G-G-G-G,2,2,False,False,False,False
4433,G-F-F-F-F-F-F-F-F-F-F-F-F-F-F-F-Sh-Sh-Sh-Sh-Sh-Sh-Sh,2,2,False,False,True,False
4434,Wt-Wt-Wt-Wt-F-F-F-F-F-F-F-F-F-F-F-F-F-F-F-F-F-F-A,2,2,False,False,False,False
4435,A-A-F-F-F-F-F-F-F-F-F-F-G-G-G-G-G-G-G-G-G-G-G,2,2,False,False,False,False
4436,A-A-F-F-F-F-F-F-F-F-F-F-F-G-G-G-G-G-G-G-G-G-G,2,2,False,False,False,False
4437,Sp-Sp-Sp-Wa-Wa-Wa-Wa-Wa-Wa-Wa-Wa-G-G-G-G-G-G-G-G-G-G-G-G,2,2,False,False,False,False
4438,Sp-Sp-Sp-Wa-Wa-Wa-Wa-Wa-Wa-Wa-Wa-A-A-A-A-A-A-A-A-A-A-A-A,2,2,False,False,False,False
4439,Wt-Wt-Wt-Wt-F-F-F-F-F-F-F-F-F-F-F-F-F-F-F-F-Sh-Sh-Sh,2,2,False,False,False,False
4440,Sp-Sp-Sp-B-B-B-B-B-B-B-B-B-B-B-B-B-Sp-Sp-Sp-G-G-G-G,2,3,False,False,True,False
4441,A-A-F-F-F-F-Wt-Wt-Wt-Wt-Wt-Wt-Wt-Wt-Wt-Wt-Wt-Wt-Wt-Wt-Wt-Wt-Wt,2,2,False,False,False,False
4442,Sp-Sp-Sp-Sp-B-B-B-B-B-B-B-B-B-B-B-B-B-B-B-Sh-Sh-Sh-Sh,2,2,False,False,False,False
4443,F-F-Sh-Sh-Sh-Sh-Sh-F-F-F-F-F-F-F-F-F-F-F-F-F-F-Wt-Wt,2,3,False,False,False,False
4444,F-F-F-F-F-F-F-F-F-F-F-F-F-Sh-Sh-Sh-Sh-Sh-F-F-F-F-F,2,2,False,False,False,False
4445,F-F-F-F-F-F-F-F-F-F-F-F-F-Sh-Sh-Sh-F-F-F-Sh-Sh-Sh-Sh,2,3,False,False,True,False
4446,Sh-Sh-Sh-Sh-Sh-Sh-Sh-Sh-Sh-Sh-Sh-Sh-Sh-Sh-Sh-Sh-Sh-A-A-A-F-F-F,2,2,False,False,False,False
4447,Sp-Sp-Sp-Sp-B-B-B-B-B-B-B-B-B-B-B-B-B-B-G-G-G-G-G,2,2,False,False,False,False
4448,Sp-Sp-Sp-Sp-B-B-B-B-B-B-B-B-B-B-B-B-B-G-G-G-G-G-G,2,2,False,False,False,False
4449,Sp-Sp-Sp-Sp-B-B-B-B-B-B-B-B-B-B-Sp-Sp-Sp-Sp-Sp-Sp-Sp-Sp-Sp,2,2,False,False,False,False
4450,Wt-Wt-Wt-Wt-Wt-F-F-F-F-F-F-F-F-F-F-F-F-F-F-A-A-A-A,2,2,False,False,False,False
4451,Wt-Wt-Wt-Wt-Wt-A-A-A-A-A-A-A-A-A-A-A-F-F-F-F-F-F-F,2,2,False,True,True,False
4452,Wt-Wt-Wt-Wt-Wt-F-F-F-F-F-F-F-F-F-F-F-F-F-F-F-Sp-Sp-Sp,2,2,False,False,False,False
4453,A-A-Sh-Sh-Sh-Sh-Sh-Sh-Sh-F-F-F-F-F-F-F-F-F-F-F-F-F-F,2,2,False,False,False,False
4454,A-A-Sh-Sh-Sh-Sh-Sh-U-U-U-U-U-U-U-U-U-U-U-U-U-U-U-U,2,2,False,False,False,False
4455,A-A-Sh-Sh-Sh-Sh-F-F-F-F-F-F-F-F-F-F-F-F-F-F-F-F-F,2,2,False,False,False,False
4456,A-A-Sh-Sh-Sh-Sh-Sh-Sh-Sh-Sh-Sh-Sh-Sh-Sh-Sh-Sh-Sh-F-F-F-F-F-F,2,2,False,False,False,False
4457,A-A-Sh-Sh-Sh-Sh-Sh-Sh-Sh-Sh-Sh-Sh-Sh-A-A-A-A-A-A-A-A-A-A,2,2,False,False,False,False
4458,Wt-Wt-Wt-Wt-Wt-Wt-A-A-A-A-A-A-A-A-A-A-A-F-F-F-F-F-F,2,2,False,False,False,False
4459,G-F-F-F-F-F-F-F-F-F-F-F-F-F-F-F-F-F-F-G-G-G-G,2,2,False,False,False,False
4460,G-F-F-F-F-F-F-F-F-F-F-F-F-F-F-F-F-F-F-F-Sh-Sh-Sh,2,2,False,False,False,False
4461,Sh-Sh-Sh-Sh-Sh-Sh-Sh-Sh-Sh-Sh-Sh-Sh-Sh-Sh-Sh-Sh-Sh-Sh-Sh-A-G-G-G,2,2,False,False,False,False
4462,Sh-Sh-Sh-Sh-Sh-Sh-Sh-Sh-Sh-Sh-Sh-Sh-Sh-Sh-Sh-Sh-Sh-Sh-F-F-F-F-Sh,2,2,False,False,False,False
4463,Sh-Sh-Sh-Sh-Sh-Sh-Sh-Sh-Sh-Sh-Sh-Sh-Sh-Sh-Sh-Sh-Sh-Sh-A-F-F-F-F,2,2,False,False,False,False
4464,F-F-Sh-A-A-A-A-A-A-A-A-A-A-A-A-A-A-A-A-A-A-F-F,2,3,False,False,False,False
4465,F-F-Wt-Wt-Wt-Wt-Wt-Wt-Wt-Wt-Wa-Wa-Wa-Wa-Wa-Wa-Wa-Wa-Wa-Wa-Wa-Wa-Wa,2,2,False,False,False,False
4466,F-F-Wt-Wt-Wt-Wt-Wt-Wt-Wt-Wt-Wt-Wt-Wt-Wt-Wt-Wt-Wa-Wa-Wa-Wa-Wa-Wa-Wa,2,2,False,False,True,False
4467,F-F-Sh-Sh-Sh-Sh-Sh-Sh-A-A-A-A-A-A-A-A-A-A-F-F-F-F-F,2,3,False,True,False,False
4468,Sp-Sp-Sp-Sp-Sp-Sp-B-B-B-B-B-B-B-B-B-B-B-B-G-G-G-G-G,2,2,False,False,False,False
4469,Sp-Sp-Sp-Sp-Sp-Sp-Sp-Wa-Wa-Wa-Wa-Wa-Wa-Wa-Wa-Wa-Wa-Wa-Wa-Wa-Wa-Wa-Wa,2,1,False,False,False,False
4470,F-Wa-Wa-Wa-Wa-Wa-Wa-Sp-Sp-Sp-Sp-Sp-Sp-Sp-Sp-Sp-Sp-Sp-Sp-Sp-Sp-Sp-Sp,2,2,False,False,False,False
4471,Wt-Wt-Wt-Wt-Wt-Wt-G-F-F-F-F-F-F-F-F-F-F-F-F-F-F-F-F,2,2,False,False,False,False
4472,Wt-Wt-Wt-Wt-Wt-Wt-G-G-G-G-F-F-F-F-F-F-F-F-F-F-F-F-F,2,2,False,False,False,False
4473,F-Wa-Wa-Wa-Wa-Wa-Wa-Wa-Wa-Wa-Wa-Wa-Wa-Wa-Wa-Wa-Wa-Wa-Wa-Wa-F-F-F,2,2,False,False,False,False
4474,Sh-Sh-Sh-Sh-Sh-Sh-Sh-Sh-Sh-Sh-Sh-Sh-Sh-Sh-Sh-Sh-Sh-Sh-Sh-Sh-F-F-Sh,2,2,False,False,False,False
4475,Sh-Sh-Sh-Sh-Sh-Sh-Sh-Sh-Sh-Sh-Sh-Sh-Sh-Sh-Sh-Sh-Sh-Sh-Sh-F-G-G-G,2,2,False,False,False,False
4476,F-F-F-F-F-F-F-F-F-F-F-F-F-F-Wt-Wt-Wt-Wt-F-F-F-F-F,2,2,False,False,False,False
4477,F-F-F-F-F-F-F-F-F-F-F-F-F-F-G-G-G-G-G-G-Wa-Wa-Wa,2,2,False,False,False,False
4478,F-Wa-Wa-Wa-Wa-Wa-Wa-Wa-Wa-Wa-Wa-Wa-Wa-Wa-F-F-F-F-F-F-F-F-F,2,2,False,False,False,False
4479,F-Wa-Wa-Wa-Wa-Wa-Wa-Wa-Wa-Wa-Sh-Sh-Sh-Sh-Sh-Sh-Sh-Sh-Sh-Sh-Sh-Sh-Sh,2,2,False,False,False,False
4480,A-F-F-F-F-F-F-F-A-A-A-A-A-A-A-A-A-A-A-A-A-F-F,2,3,False,False,False,False
4481,A-A-Wa-Wa-Wa-Wa-Wa-Sp-Sp-Sp-Sp-Sp-Sp-Sp-Sp-Sp-Sp-Sp-Sp-Sp-Sp-Sp-Sp,2,2,False,False,False,False
4482,A-A-Wa-Wa-Wa-Wa-Sp-Sp-Sp-Sp-Sp-Sp-Sp-Sp-Sp-Sp-Sp-Sp-Sp-Sp-Sp-Sp-Sp,2,2,False,False,False,False
4483,Sp-Sp-Sp-Sp-Sp-Sp-Sp-Sp-Sp-Sp-B-B-B-B-B-B-G-G-G-G-G-G-G,2,2,False,False,True,False
4484,A-F-F-F-F-F-F-F-F-F-F-F-F-F-F-F-F-F-F-Sp-Sp-Sp-Sp,2,2,False,False,False,False
4485,Wt-Wt-Wt-Wt-Wt-Wt-Wt-F-F-F-F-F-F-F-F-F-F-F-F-F-F-F-Sh,2,2,False,False,False,False
4486,F-B-B-B-B-B-B-B-B-B-B-B-B-Wa-Wa-Wa-Wa-Wa-Wa-Wa-Wa-Wa-Wa,2,2,False,False,False,False
4487,F-B-B-B-B-B-B-B-B-B-B-B-B-B-B-B-B-B-B-B-B-Sp-Sp,2,2,False,False,False,False
4488,F-B-B-B-B-B-B-B-B-B-B-B-B-B-B-B-B-B-B-B-Sp-Sp-Sp,2,2,False,False,False,False
4489,F-B-B-B-B-B-B-B-B-B-B-B-B-B-B-B-B-B-B-Sh-Sh-Sh-Sh,2,2,False,False,False,False
4490,F-Sp-Sp-Sp-B-B-B-B-B-B-B-B-B-B-B-B-B-B-B-B-B-B-B,2,2,False,False,False,False
4491,F-F-Sh-Sh-Sh-Sh-Sh-Sh-Sh-A-A-A-A-A-A-A-F-F-F-F-F-F-F,2,3,False,False,True,False
4492,F-F-F-F-F-F-F-F-F-F-F-F-F-F-F-F-Wt-Wt-Wt-F-F-F-F,2,2,False,False,True,False
4493,Sh-Sh-Sh-Sh-Sh-Sh-Sh-Sh-Sh-Sh-Sh-Sh-Sh-Sh-Sh-Sh-Sh-Sh-Sh-Sh-F-Sh-Sh,2,2,False,False,False,False
4494,F-F-F-F-F-F-F-F-F-F-F-F-F-F-F-F-Wa-Wa-Wa-Wa-F-F-F,2,2,False,False,True,False
4495,Sp-Sp-Sp-Sp-Sp-Sp-Sp-Sp-Sp-Sp-Sp-B-B-B-B-B-B-Sp-Sp-Sp-Sp-Sp-Sp,2,2,False,False,False,False
4496,Sp-Sp-Sp-Sp-Sp-Sp-Sp-Sp-Sp-Sp-Sp-B-B-B-B-B-Sp-Sp-Sp-Sp-Sp-Sp-Sp,2,2,False,False,True,False
4497,Sp-Sp-Sp-Sp-Sp-Sp-Sp-Sp-Sp-Sp-Sp-B-B-B-B-B-Sp-Sp-Sp-A-A-A-A,2,3,False,False,True,False
4498,Sp-Sp-Sp-Sp-Sp-Sp-Sp-Sp-Sp-Sp-Sp-Sp-B-B-B-B-B-B-B-B-B-B-Sp,2,2,False,False,False,False
4499,Sp-Sp-Sp-Sp-Sp-Sp-Sp-Sp-Sp-Sp-Sp-Sp-B-B-B-B-B-B-B-B-B-Sp-Sp,2,2,False,True,False,False
4500,Wt-Wt-Wt-Wt-Wt-Wt-Wt-Wt-Wt-F-F-F-F-F-F-F-F-A-A-A-A-A-A,2,2,False,False,False,False
4501,Wt-Wt-Wt-Wt-Wt-Wt-Wt-Wt-F-F-F-F-F-F-F-F-F-F-F-Wt-Wt-Wt-Wt,2,2,False,False,False,False
4502,Wt-Wt-Wt-Wt-Wt-Wt-Wt-Wt-F-F-F-F-F-F-F-F-F-F-F-F-F-F-Wt,2,2,False,False,False,False
4503,Wt-Wt-Wt-Wt-Wt-Wt-Wt-Wt-F-F-F-F-F-F-F-F-A-A-A-A-A-A-A,2,2,False,False,True,False
4504,Wt-Wt-Wt-Wt-Wt-Wt-Wt-Wt-A-A-A-A-A-A-A-A-F-F-F-F-F-F-F,2,2,False,True,True,False
4505,Wt-Wt-Wt-Wt-Wt-Wt-Wt-F-F-F-F-F-F-F-Wa-Wa-Wa-Wa-Wa-Wa-Wa-Wa-Wa,2,2,False,False,False,False
4506,Wt-Wt-Wt-Wt-Wt-Wt-Wt-F-F-F-F-F-F-F-F-F-Wt-Wt-Wt-Wt-Wt-Wt-Wt,2,2,False,False,True,False
4507,A-F-F-F-F-F-F-F-F-F-F-F-F-F-F-F-F-G-G-G-G-G-G,2,2,False,False,False,False
4508,A-F-F-F-F-F-F-F-F-F-F-F-F-F-F-F-F-F-Wt-Wt-Wt-Wt-Wt,2,2,False,False,False,False
4509,Wt-Wt-Wt-Wt-Wt-Wt-Wt-Wt-Wt-Wt-F-F-F-F-F-F-F-F-F-F-F-F-A,2,2,False,False,False,False
4510,Wt-Wt-Wt-Wt-Wt-Wt-Wt-Wt-Wt-Wt-F-F-F-F-F-F-F-F-F-F-A-A-A,2,2,False,False,False,False
4511,Wt-Wt-Wt-Wt-Wt-Wt-Wt-Wt-Wt-Wt-F-F-F-F-F-F-F-F-F-A-A-A-A,2,2,False,True,False,False
4512,Wt-Wt-Wt-Wt-Wt-Wt-Wt-Wt-Wt-Wt-F-F-F-F-F-F-F-A-A-A-A-A-A,2,2,False,False,False,False
4513,F-F-F-F-F-F-F-F-F-F-F-F-F-F-F-F-Sh-Sh-Sh-Sh-Sh-Sh-U,2,2,False,False,True,False
4514,Sh-A-A-A-A-A-A-A-A-Sh-Sh-Sh-Sh-Sh-Sh-Sh-Sh-Sh-Sh-Sh-Sh-Sh-Sh,2,2,False,False,False,False
4515,Sh-A-A-A-A-A-A-A-A-A-U-U-U-U-U-U-U-U-U-U-U-U-U,2,2,False,False,False,False
4516,Sh-A-A-A-A-A-A-A-A-A-A-A-A-A-U-U-U-U-U-U-U-U-U,2,2,False,False,False,False
4517,Sh-F-F-F-F-F-A-A-A-A-A-A-A-A-A-A-A-A-F-F-F-F-F,2,3,False,False,False,False
4518,Sh-A-Wt-Wt-Wt-Wt-A-A-A-A-A-A-A-A-A-A-A-A-A-A-A-A-A,2,3,False,True,False,False
4519,Sh-A-A-A-A-A-F-F-F-F-F-F-F-F-F-F-F-F-A-A-A-A-A,2,3,False,False,False,False
4520,F-F-Sh-Sh-Sh-Sh-Sh-Sh-Sh-Sh-Sh-Sh-G-G-G-G-G-G-G-G-G-G-G,2,2,False,True,False,False
4521,F-F-Sh-Sh-Sh-Sh-Sh-Sh-Sh-Sh-Sh-G-G-G-G-G-G-G-G-G-G-G-G,2,2,False,True,False,False
4522,Sh-Sh-Sh-Sh-Sh-Sh-Sh-Sh-Sh-Sh-Sh-Sh-Sh-Sh-Sh-Sh-Wa-Wa-Wa-Wa-Wa-F-F,2,2,False,False,True,False
4523,Sh-Sh-Sh-Sh-Sh-Sh-Sh-Sh-Sh-Sh-Sh-Sh-Sh-Sh-Sh-Sh-Wa-Wa-Wa-Wa-Sp-Sp-Sp,2,2,False,False,True,False
4524,Sh-Sh-Sh-Sh-Sh-Sh-Sh-Sh-Sh-Sh-Sh-Sh-Sh-Sh-Sh-Sh-Wa-Wa-Wa-Wa-Sh-Sh-Sh,2,2,False,False,True,False
4525,Sh-Sh-Sh-Sh-Sh-Sh-Sh-Sh-Sh-Sh-Sh-Sh-Sh-Sh-Sh-Sh-Wa-Wa-Wa-Sh-Sh-Sh-Sh,2,2,False,False,True,False
4526,Wt-Wt-Wt-Wt-Wt-Wt-Wt-Wt-Wt-F-F-F-F-F-F-F-Wt-Wt-Wt-Wt-Wt-Wt-Wt,2,2,False,False,True,False
4527,Sp-Sp-Sp-Sp-Sp-Sp-Sp-Sp-Sp-Sp-Sp-Sp-Sp-Sp-B-B-Sp-Sp-Sp-Sp-Sp-Sp-Sp,2,2,False,False,True,False
4528,A-F-F-F-Sh-Sh-Sh-Sh-Sh-Sh-Sh-Sh-Sh-Sh-Sh-Sh-Sh-Sh-Sh-Sh-Sh-Sh-Sh,2,2,False,False,False,False
4529,A-F-F-F-Wt-Wt-Wt-Wt-Wt-Wt-Wt-Wt-Wt-Wt-Wt-Wt-Wt-Wt-Wt-Wt-Wt-Wt-Wt,2,2,False,False,False,False
4530,F-Sp-Sp-Sp-Sp-Sp-Sp-Sp-Sp-Sp-Sp-Sp-Sp-Sp-F-F-F-F-F-F-F-F-F,2,2,False,False,False,False
4531,Wt-Wt-Wt-Wt-Wt-Wt-Wt-Wt-Wt-Wt-Wt-F-F-F-F-F-F-F-F-F-F-A-A,2,2,False,False,False,False
4532,Wt-Wt-Wt-Wt-Wt-Wt-Wt-Wt-Wt-Wt-F-F-F-F-F-F-F-Wt-Wt-Wt-Wt-Wt-Wt,2,2,False,False,False,False
4533,Wt-Wt-Wt-Wt-Wt-Wt-Wt-Wt-Wt-Wt-F-F-F-F-F-F-F-F-F-Sh-Sh-Sh-Sh,2,2,False,True,False,False
4534,Wt-Wt-Wt-Wt-Wt-Wt-Wt-Wt-Wt-Wt-F-F-F-F-F-F-F-F-F-F-Wa-Wa-Wa,2,2,False,False,False,False
4535,Wt-Wt-Wt-Wt-Wt-Wt-Wt-Wt-Wt-Wt-F-F-F-F-F-F-F-F-F-F-Sh-Sh-Sh,2,2,False,False,False,False
4536,A-Sh-Sh-Sh-Sh-Sh-Sh-Sh-Sh-F-F-F-F-F-F-F-F-F-F-F-F-F-F,2,2,False,False,False,False
4537,F-F-Sh-Sh-Sh-Sh-Sh-Sh-Sh-Sh-Sh-Sh-Sh-Sh-Sh-Sh-Sh-Sh-Sh-Sh-G-G-G,2,2,False,False,False,False
4538,F-F-Sh-Sh-Sh-Sh-Sh-Sh-Sh-Sh-Sh-Sh-Sh-Sh-Sh-Sh-Sh-Sh-Sh-Sh-A-A-A,2,2,False,False,False,False
4539,F-F-Sh-Sh-Sh-Sh-Sh-Sh-Sh-Sh-Sh-Sh-Sh-Sh-Sh-Sh-Sh-Wt-Wt-Wt-Wt-Wt-Wt,2,2,False,False,False,False
4540,A-Sh-Sh-Sh-Sh-Sh-Sh-Sh-F-F-F-F-F-F-F-F-F-F-F-F-F-F-F,2,2,False,False,False,False
4541,A-Wt-Wt-Wt-Wt-Wt-Sp-Sp-Sp-Sp-Sp-Sp-Sp-Sp-Sp-Sp-Sp-Sp-Sp-Sp-Sp-Sp-Sp,2,2,False,False,False,False
4542,A-Sh-Sh-Sh-Sh-Sh-Sh-Sh-Sh-Sh-Sh-F-F-F-F-F-F-F-F-F-F-F-F,2,2,False,False,False,False
4543,Wt-Wt-Wt-Wt-Wt-Wt-Wt-Wt-Wt-Wt-Wt-Wt-Wt-F-F-F-F-F-Wt-Wt-Wt-Wt-Wt,2,2,False,True,False,False
4544,Wt-Wt-Wt-Wt-Wt-Wt-Wt-Wt-Wt-Wt-Wt-Wt-F-F-F-F-F-F-F-Wt-Wt-Wt-Wt,2,2,False,False,False,False
4545,Wt-Wt-Wt-Wt-Wt-Wt-Wt-Wt-Wt-Wt-Wt-Wt-F-F-F-F-F-F-F-F-F-Wt-Wt,2,2,False,False,False,False
4546,F-Sp-Sp-Sp-Sp-Sp-Sp-Sp-Sp-Sp-Sp-Sp-Sp-Sp-Sp-Sp-Sp-Sp-Sp-Sp-F-F-F,2,2,False,False,False,False
4547,F-Sp-Sp-Sp-Sp-Sp-Sp-Sp-Sp-Sp-Sp-Sp-Sp-Sp-Sp-Sp-Sp-Sp-F-F-F-F-F,2,2,False,False,False,False
4548,A-Sh-Sh-Sh-Sh-Sh-Sh-Sh-Sh-U-U-U-U-U-U-U-U-U-U-U-U-U-U,2,2,False,True,False,False
4549,A-Sh-Sh-Sh-Sh-Sh-Sh-Sh-Sh-Sh-Sh-Sh-Sh-Sh-Sh-Sh-Sh-Sh-Sh-Sh-Sh-U-U,2,2,False,False,False,False
4550,A-Sh-Sh-Sh-Sh-Sh-Sh-Sh-Sh-Sh-Sh-Sh-Sh-Sh-Sh-Sh-Sh-Sh-Sh-Sh-A-A-A,2,2,False,False,False,False
4551,A-Sh-Sh-Sh-Sh-Sh-Sh-Sh-Sh-Sh-Sh-Sh-Sh-Sh-Sh-Sh-Sh-Sh-Sh-U-U-U-U,2,2,False,False,False,False
4552,A-Sh-Sh-Sh-Sh-Sh-Sh-Sh-Sh-Sh-Sh-Sh-Sh-Sh-Sh-Sh-Sh-Sh-Sh-G-G-G-G,2,2,False,False,False,False
4553,A-Sh-Sh-Sh-Sh-Sh-Sh-Sh-Sh-Sh-Sh-Sh-Sh-Sh-Sh-Sh-G-G-G-G-G-G-G,2,2,False,False,True,False
4554,Sp-Sp-Sp-Sp-Sp-Sp-Sp-Sp-Sp-Sp-Sp-Sp-Sp-Sp-Sp-Sp-Sp-Sp-Sp-Wt-Wt-Wt-Wt,2,1,False,False,False,False
4555,Sp-Sp-Sp-Sp-Sp-Sp-Sp-Sp-Sp-Sp-Sp-Sp-Sp-Sp-Sp-Sp-Sp-Sp-Sp-G-Sp-Sp-Sp,2,2,False,False,False,False
4556,F-F-F-F-F-F-F-F-F-F-F-F-F-F-F-F-F-F-F-F-Sh-Sh-F,2,2,False,False,False,False
4557,F-F-Sh-Sh-Sh-Sh-Sh-Sh-Sh-Sh-Sh-Sh-Sh-Sh-Sh-Sh-G-G-G-G-G-G-G,2,2,False,False,True,False
4558,F-F-Sh-Sh-Sh-Sh-Sh-Sh-Sh-Sh-Sh-Sh-Sh-U-U-U-U-U-U-U-U-U-U,2,2,False,False,False,False
4559,A-Wa-Wa-Wa-Wa-Wa-Wa-A-A-A-A-A-A-A-A-A-A-A-A-A-A-A-A,2,2,False,False,False,False
4560,Sp-Sp-Sp-Sp-Sp-Sp-Sp-Sp-Sp-Sp-Sp-Sp-Sp-Sp-Sp-Sp-Sp-Sp-Sp-G-G-G-Sp,2,2,False,False,False,False
4561,F-Sh-Sh-Sh-Sh-Sh-Sh-Sh-Sh-Sh-Sh-Sh-Sh-Sh-Sh-Sh-Sh-Sh-Sh-Sh-G-G-G,2,2,False,False,False,False
4562,Wt-Wt-Wt-Wt-Wt-Wt-Wt-Wt-Wt-Wt-Wt-Wt-Wt-Wt-F-F-F-F-F-F-F-Wt-Wt,2,2,False,False,False,False
4563,Wt-Wt-Wt-Wt-Wt-Wt-Wt-Wt-Wt-Wt-Wt-Wt-Wt-F-F-F-Wt-Wt-Wt-Wt-Wt-Wt-Wt,2,2,False,False,True,False
4564,A-Wa-Wa-Wa-Wa-Wa-Wa-Wa-Wa-Wa-Wa-Wa-Wa-Wa-Wa-Wa-Wa-Wa-Wa-Wa-Sh-Sh-Sh,2,2,False,False,False,False
4565,A-Wa-Wa-Wa-Wa-Wa-Wa-Wa-Wa-Wa-Wa-F-F-F-F-F-F-F-F-F-F-F-F,2,2,False,False,False,False
4566,A-Wa-Wa-Wa-Wa-Wa-Wa-Wa-Wa-Wa-A-A-A-A-A-A-A-A-A-A-A-A-A,2,2,False,False,False,False
4567,A-Wa-Wa-Wa-Wa-Wa-Wa-Wa-Sp-Sp-Sp-Sp-Sp-Sp-Sp-Sp-Sp-Sp-Sp-Sp-Sp-Sp-Sp,2,2,False,False,False,False
4568,F-Sh-Sh-Sh-Sh-Sh-Sh-Sh-Sh-Sh-Sh-Sh-U-U-U-U-U-U-U-U-U-U-U,2,2,False,False,False,False
4569,F-Sh-Sh-Sh-Sh-Sh-Sh-Sh-Sh-Sh-Sh-F-F-F-F-F-F-F-F-F-F-Sh-Sh,2,3,False,False,False,False
4570,Sh-Sh-Wa-Wa-Wa-Wa-Wa-Wa-A-A-A-A-A-A-A-A-A-A-A-A-A-A-A,2,2,False,False,False,False
4571,F-F-F-F-F-F-F-F-F-F-F-F-F-F-F-F-F-F-F-F-G-G-F,2,2,False,False,False,False
4572,F-F-F-F-F-F-F-F-F-F-F-F-F-F-F-F-F-F-F-G-F-A-A,2,3,False,False,False,False
4573,F-F-F-F-F-F-F-F-F-F-F-F-F-F-F-F-F-F-F-G-A-A-A,2,2,False,False,False,False
4574,F-F-F-F-F-F-F-F-F-F-F-F-F-F-F-F-F-F-F-F-B-B-B,2,1,False,False,False,False
4575,Wt-Wa-Wa-Wa-Wa-Wa-Wa-Wa-Wa-Wa-Wa-Wa-Wa-Wa-Wa-Wa-Wa-Wa-Wa-Wa-F-F-F,2,2,False,False,False,False
4576,Wt-Wa-Wa-Wa-Wa-Wa-Wt-Wt-Wt-Wt-Wt-Wt-Wt-Wt-Wt-Wt-Wt-Wt-Wt-Wt-Wt-Wt-Wt,2,2,False,False,False,False
4577,Wt-Sh-Sh-Sh-Sh-Sh-Sh-Sh-Sh-Sh-Sh-Sh-Sh-Sh-F-F-F-F-F-F-F-F-F,2,2,False,False,False,False
4578,Sp-Sp-Sp-Sp-Sp-Sp-Sp-Sp-Sp-Sp-Sp-Sp-Sp-Sp-Sp-Sp-Sp-Sp-G-G-G-F-F,2,2,False,False,False,False
4579,F-A-A-A-A-A-A-A-A-A-A-A-A-A-A-A-Wa-Wa-Wa-Wa-Wa-Wa-Wa,2,2,False,False,True,False
4580,F-A-A-A-A-A-A-A-A-A-A-A-A-A-A-A-A-A-A-F-F-F-A,2,3,False,True,False,False
4581,Sp-Sp-Sp-Sp-Sp-Sp-Sp-Sp-Sp-Sp-Sp-Sp-Sp-Sp-Sp-Sp-G-G-G-G-G-B-B,2,2,False,False,True,False
4582,Sp-Sp-Sp-Sp-Sp-Sp-Sp-Sp-Sp-Sp-Sp-Sp-Sp-Sp-A-A-A-A-A-A-A-F-F,2,2,False,False,False,False
4583,Sp-Sp-Sp-Sp-Sp-Sp-Sp-Sp-Sp-Sp-Sp-Sp-Sp-Sh-Sh-Sh-Sh-Sh-Sh-Sh-Sh-Sh-F,2,2,False,False,False,False
4584,F-A-A-A-A-A-A-A-Sh-Sh-Sh-Sh-Sh-Sh-Sh-Sh-Sh-F-F-F-F-F-F,2,3,False,False,False,False
4585,F-A-A-A-A-A-A-A-A-Sh-Sh-Sh-Sh-Sh-F-F-F-F-F-F-F-F-F,2,3,False,False,False,False
4586,Sp-Sp-Sp-Sp-Sp-Sp-Sp-Sp-Sp-Sp-Sp-Sp-Sp-G-G-G-G-G-G-Sp-Sp-Sp-Sp,2,2,False,False,False,False
4587,Sh-Sh-Wa-Wa-Wa-Wa-Wa-Wa-Wa-G-G-G-G-G-G-G-G-G-G-G-G-G-G,2,2,False,False,False,False
4588,Wt-U-U-U-U-U-U-U-U-U-U-U-U-U-U-U-U-U-U-U-U-U-U,2,1,False,True,False,False
4589,Wt-Wt-Sh-Sh-Sh-Sh-Sh-Sh-Sh-Sh-Sh-Sh-Sh-Sh-Sh-Sh-Sh-Sh-Sh-F-F-F-F,2,2,False,False,False,False
4590,F-F-Wa-Wa-Wa-Wa-Wa-Wa-Wa-Sh-Sh-Sh-Sh-Sh-Sh-Sh-Sh-Sh-Sh-Sh-Sh-Sh-Sh,2,2,False,False,False,False
4591,F-F-B-B-Sp-Sp-Sp-Sp-Sp-Sp-Sp-Sp-Sp-Sp-Sp-Sp-Sp-Sp-Sp-Sp-Sp-Sp-Sp,2,2,False,False,False,False
4592,Sp-Sp-Sp-Sp-Sp-Sp-Sp-Sp-Sp-Sp-Sp-Sp-G-G-G-G-G-Sp-Sp-Sp-Sp-Sp-Sp,2,2,False,True,False,False
4593,Sp-Sp-Sp-Sp-Sp-Sp-Sp-Sp-Sp-Sp-Sp-Sp-G-G-G-G-G-G-B-B-B-B-B,2,2,False,False,False,False
4594,F-Sh-Sh-Sh-Sh-A-A-A-A-A-A-A-A-A-A-A-A-A-A-A-F-F-F,2,3,False,False,False,False
4595,Sp-Sp-Sp-Sp-Sp-Sp-Sp-Sp-Sp-Sp-Sp-Sh-Sh-Sh-Sh-Sh-Sh-Sh-Sh-F-F-F-F,2,2,False,False,False,False
4596,Sp-Sp-Sp-Sp-Sp-Sp-Sp-Sp-Sp-Sp-Sp-G-G-G-G-G-G-G-G-Sp-Sp-Sp-Sp,2,2,False,False,False,False
4597,F-F-A-A-A-A-A-A-A-A-A-A-F-F-F-F-F-F-F-F-F-F-F,2,2,False,False,False,False
4598,F-F-A-A-A-A-A-A-A-A-A-A-A-A-A-A-A-A-Sh-Sh-Sh-Sh-Sh,2,2,False,False,False,False
4599,Sp-Sp-Sp-Sp-Sp-Sp-Sp-Sp-Sp-Sp-Sh-Sh-Sh-Sh-Sh-Sh-Sh-Sh-Sh-F-F-F-F,2,2,False,False,False,False
4600,Sp-Sp-Sp-Sp-Sp-Sp-Sp-Sp-Sp-Sp-G-G-G-G-G-G-G-G-G-G-F-F-F,2,2,False,False,False,False
4601,Sp-Sp-Sp-Sp-Sp-Sp-Sp-Sp-Sp-Sp-F-F-F-F-F-F-F-Sh-Sh-Sh-Sh-Sh-Sh,2,2,False,False,False,False
4602,Sp-Sp-Sp-Sp-Sp-Sp-Sp-Sp-Sp-Sh-Sh-Sh-Sh-Sh-Sh-Sh-Sh-Sh-U-U-U-U-U,2,2,False,False,False,False
4603,Sp-Sp-Sp-Sp-Sp-Sp-Sp-Sp-Sp-G-G-G-G-G-G-G-G-B-B-B-B-B-B,2,2,False,False,False,False
4604,F-Wt-Wt-Wt-Wt-Wt-Wt-Wt-Wt-Wt-Wt-Wt-Wt-Wt-Wt-Wt-Wt-Wt-Wt-Wt-Wt-Sp-Sp,2,2,False,False,False,False
4605,F-Wt-Wt-Wt-Wt-Wt-Wt-Wt-Wt-Wt-Wt-Wt-Wt-Wt-Wt-Wt-Wt-Wt-Wt-Wt-Wt-Wt-G,2,2,False,False,False,False
4606,F-Sh-Sh-A-A-A-A-A-A-A-A-A-A-A-A-A-A-A-A-A-F-F-F,2,3,False,False,False,False
4607,F-Wt-Wt-Sp-Sp-Sp-Sp-Sp-Sp-Sp-Sp-Sp-Sp-Sp-Sp-Sp-Sp-Sp-Sp-Sp-Sp-Sp-Sp,2,2,False,False,False,False
4608,Sh-Wa-Wa-Wa-Wa-Wa-Wa-Wa-Wa-Wa-Wa-Wa-Wa-Wa-Wa-Wa-Wa-Wa-Wa-Wa-Wt-Wt-Wt,2,2,False,False,False,False
4609,Sh-Wa-Wa-Wa-Wa-Wa-Wa-Wa-Wa-Wa-Wa-Wa-Wa-Wa-Wa-Wa-Wa-Wa-Wt-Wt-Wt-Wt-Wt,2,2,False,False,False,False
4610,Sh-Wa-Wa-Wa-Wa-Wa-Wa-Wa-Wa-Sh-Sh-Sh-Sh-Sh-Sh-Sh-Sh-Sh-Sh-Sh-Sh-Sh-Sh,2,2,False,False,False,False
4611,F-F-F-F-F-F-F-F-F-F-F-F-F-F-F-F-F-F-F-A-A-F-F,2,2,False,False,False,False
4612,Sh-Wa-Wa-Wa-Wa-Wa-Wa-Wa-Wa-Wt-Wt-Wt-Wt-Wt-Wt-Wt-Wt-Wt-Wt-Wt-Wt-Wt-Wt,2,2,False,False,False,False
4613,Wt-Wt-U-U-U-U-U-U-U-U-U-U-U-U-U-U-U-U-U-U-U-U-U,2,1,False,False,False,False
4614,Wt-Wt-Wt-Sh-Sh-Sh-Sh-Sh-Sh-Sh-Sh-Sh-Sh-Sh-Sh-Sh-Sh-Sh-Sh-Sh-Sh-Sh-F,2,2,False,False,False,False
4615,Sp-Sp-Sp-Sp-Sp-Sp-Sp-Sp-Sp-G-G-G-G-G-G-G-G-G-Sp-Sp-Sp-Sp-Sp,2,2,False,False,False,False
4616,Sp-Sp-Sp-Sp-Sp-Sp-Sp-Sp-Sp-G-G-G-G-G-G-G-G-G-G-G-Sp-Sp-Sp,2,2,False,False,False,False
4617,Sp-Sp-Sp-Sp-Sp-Sp-Sp-Sp-Sp-G-G-G-G-G-G-G-G-G-G-G-G-G-Sp,2,2,False,False,False,False
4618,F-F-F-A-A-A-A-A-A-A-A-A-A-A-A-A-A-A-F-F-F-G-G,2,3,False,False,False,False
4619,F-F-F-A-A-A-A-A-A-A-A-A-A-A-A-A-A-A-A-Wt-Wt-Wt-Wt,2,2,False,False,False,False
4620,F-F-F-A-A-A-A-A-A-A-A-A-A-A-A-A-A-A-A-A-A-U-U,2,2,False,True,False,False
4621,Sp-Sp-Sp-Sp-Sp-Sp-Sp-Sp-Sp-G-G-G-G-G-G-G-G-G-G-G-G-G-A,2,2,False,False,False,False
4622,Sp-Sp-Sp-Sp-Sp-Sp-Sp-Sp-Sp-F-F-F-F-F-F-F-F-F-F-G-G-G-G,2,2,False,False,False,False
4623,Sp-Sp-Sp-Sp-Sp-Sp-Sp-Sp-Sp-F-F-F-F-F-F-F-F-F-F-F-F-F-Wa,2,2,False,False,False,False
4624,Sp-Sp-Sp-Sp-Sp-Sp-Sp-Sp-Sh-Sh-Sh-Sh-Sh-Sh-Sh-Sh-Sh-Sh-Sh-Sh-Sh-Sh-F,2,2,False,False,False,False
4625,Sp-Sp-Sp-Sp-Sp-Sp-Sp-Sp-G-G-G-G-G-G-G-G-B-B-B-B-B-B-B,2,2,False,False,True,False
4626,Sp-G-G-G-G-G-G-G-G-G-G-G-G-G-G-G-G-G-G-G-F-F-F,2,2,False,False,False,False
4627,Sp-F-F-F-F-F-F-F-F-F-F-F-F-F-F-F-Sp-Sp-Sp-Sp-Sp-Sp-Sp,2,2,False,False,True,False
4628,Sp-F-F-F-F-F-F-F-F-F-F-F-F-F-F-F-F-F-F-F-F-F-A,2,2,False,False,False,False
4629,Wt-Wt-Wt-Wt-Wt-Wt-Wt-Wt-B-B-B-B-B-B-B-B-B-B-B-B-B-B-B,2,1,False,False,False,False
4630,Wt-Wt-Wt-Wt-Wt-Wt-Wt-Wt-Sp-Sp-Sp-Sp-Sp-Sp-Sp-Sp-Sp-Sp-Sp-Sp-Sp-Sp-Sp,2,1,False,False,False,False
4631,F-Wt-Wt-Wt-Wt-Wt-Wt-Wt-Wt-Wt-Wt-Wt-Wt-Wt-Wt-Wt-Wt-Wt-Wt-Wt-Wt-Wt-A,2,2,False,False,False,False
4632,Sp-Sp-Sp-Sp-Sp-Sp-Sp-Sp-G-G-G-G-G-G-G-G-G-G-G-G-G-G-Sp,2,2,False,False,False,False
4633,Sp-Sp-Sp-Sp-Sp-Sp-Sp-Sp-G-G-G-G-G-G-G-G-G-G-G-G-G-G-A,2,2,False,False,False,False
4634,Sp-Sp-Sp-Sp-Sp-Sp-Sp-Sh-Sh-Sh-Sh-Sh-Sh-Sh-Sh-Sh-Sh-Sh-U-U-U-U-U,2,2,False,False,False,False
4635,F-F-F-F-F-A-A-A-A-A-A-A-A-A-A-A-A-A-A-Sh-Sh-Sh-Sh,2,2,False,True,False,False
4636,F-F-F-F-F-A-A-A-A-A-A-A-A-A-A-A-A-A-A-Wt-Wt-Wt-Wt,2,2,False,False,False,False
4637,F-F-F-F-A-A-A-A-A-A-A-A-A-U-U-U-U-U-U-U-U-U-U,2,2,False,False,False,False
4638,Sp-Sp-Sp-Sp-Sp-Sp-Sp-G-G-G-G-G-G-G-G-G-G-Sp-Sp-Sp-Sp-Sp-Sp,2,2,False,False,False,False
4639,Sp-G-G-G-G-G-G-G-G-G-G-G-G-G-G-G-B-B-B-B-B-B-B,2,2,False,False,True,False
4640,F-F-Wa-Wa-Wa-Wa-Wa-Wa-Wa-Wa-Wa-Wa-Wa-Wa-B-B-B-B-B-B-B-B-B,2,2,False,False,False,False
4641,F-F-Wa-Wa-Wa-Wa-Wa-Wa-Wa-Wa-Wa-Wa-Wa-Wa-Sh-Sh-Sh-Sh-Sh-Sh-Sh-Sh-Sh,2,2,False,False,False,False
4642,F-F-F-F-F-F-A-A-A-A-A-A-A-U-U-U-U-U-U-U-U-U-U,2,2,False,False,False,False
4643,Sp-Sp-Sp-Sp-Sp-Sp-G-G-G-G-G-G-G-G-G-G-G-G-B-B-B-B-B,2,2,False,False,False,False
4644,Wt-Wt-Wt-Wt-Wt-Wt-Wt-Sh-Sh-Sh-Sh-Sh-Sh-Sh-Sh-Sh-Sh-U-U-U-U-U-U,2,2,False,False,False,False
4645,Wt-Wt-Wt-Wt-Wt-Wt-Wt-Sh-Sh-Sh-Sh-Sh-Sh-Sh-Sh-Sh-Wt-Wt-Wt-Wt-Wt-Wt-Wt,2,2,False,False,True,False
4646,Sp-Sp-Sp-Sp-Sp-Sh-Sh-Sh-Sh-Sh-Sh-Sh-Sh-Sh-Sh-Sh-Sh-Sh-Sh-Sp-Sp-Sp-Sp,2,2,False,False,False,False
4647,F-F-F-F-F-F-F-F-A-A-A-A-A-A-A-A-A-Wt-Wt-Wt-Wt-Wt-Wt,2,2,False,False,False,False
4648,Sp-Sp-Sp-Sp-G-G-G-G-G-G-G-G-G-Sp-Sp-Sp-Sp-Sp-Sp-Sp-Sp-Sp-Sp,2,2,False,False,False,False
4649,Sp-Sp-G-G-G-G-G-G-G-G-G-G-G-G-G-G-G-G-G-G-G-G-Sp,2,2,False,False,False,False
4650,Sp-Sp-G-G-G-G-G-G-G-G-G-G-G-G-G-G-G-G-G-A-A-A-A,2,2,False,False,False,False
4651,Sp-Sp-F-F-F-F-F-F-F-F-F-F-F-F-F-F-F-U-U-U-U-U-U,2,2,False,False,False,False
4652,Sp-Sh-Sh-Sh-Sh-Sh-Sh-Sh-Sh-Sh-G-G-G-G-G-G-G-G-G-G-G-G-G,2,2,False,False,False,False
4653,F-F-F-F-F-F-F-F-F-F-F-F-F-F-A-A-F-F-F-F-F-F-F,2,2,False,False,True,False
4654,F-F-F-F-F-F-F-F-F-A-A-A-A-U-U-U-U-U-U-U-U-U-U,2,2,False,False,False,False
4655,F-F-F-F-F-F-F-F-F-A-A-A-A-A-A-A-F-F-F-F-F-F-A,2,3,False,False,True,False
4656,F-F-F-F-F-F-F-F-F-A-A-A-A-A-A-A-A-Wt-Wt-Wt-Wt-Wt-Wt,2,2,False,False,False,False
4657,F-Wt-Wt-Wt-Wt-G-G-G-G-G-G-G-G-G-G-G-G-G-G-G-G-G-G,2,2,False,False,False,False
4658,F-G-G-G-G-G-G-G-Sp-Sp-Sp-Sp-Sp-Sp-Sp-Sp-Sp-Sp-Sp-Sp-Sp-Sp-Sp,2,2,False,False,False,False
4659,F-G-G-G-G-G-G-G-G-Sh-Sh-Sh-Sh-Sh-F-F-F-F-F-F-F-F-F,2,3,False,False,False,False
4660,F-G-G-G-G-G-G-G-G-G-Sh-Sh-Sh-Sh-Sh-Sh-Sh-Sh-Sh-Sh-Sh-Sh-Sh,2,2,False,False,False,False
4661,F-G-G-G-G-G-G-G-G-G-G-G-G-G-G-G-G-G-G-G-G-F-F,2,2,False,False,False,False
4662,Sp-Sp-Sp-Sp-F-F-F-F-F-F-F-F-F-F-F-F-F-F-F-A-A-A-A,2,2,False,False,False,False
4663,Sp-Sp-Sp-G-G-G-G-G-G-G-G-B-B-B-B-B-B-B-B-B-B-B-B,2,2,False,False,False,False
4664,F-F-F-F-F-F-F-F-F-F-A-A-A-A-A-A-F-F-F-F-F-F-A,2,3,False,False,True,False
4665,F-F-F-F-F-F-F-F-F-F-A-A-A-A-A-A-A-Wa-Wa-Wa-Wa-Wa-Wa,2,2,False,True,False,False
4666,Wt-Wt-Wt-Wt-Wt-Sp-Sp-Sp-Sp-Sp-Sp-Sp-Sp-Sp-Sp-Sp-Sp-Sp-Sp-Sp-Sp-Sp-Sp,2,1,False,False,False,False
4667,Wt-Wt-Wt-Wt-Wt-Sh-Sh-Sh-Sh-Sh-Sh-Sh-Sh-Sh-Sh-Sh-Sh-Sh-Sh-G-G-G-G,2,2,False,False,False,False
4668,Wt-Wt-Wt-Wt-Wt-Sh-Sh-Sh-Sh-Sh-Sh-Sh-Sh-Sh-Sh-Sh-F-F-F-F-F-F-F,2,2,False,False,True,False
4669,Wt-Wt-Wt-Wt-Wt-Wt-Wa-Wa-Wa-Wa-Wa-Wa-Wa-Wa-Wa-Wa-Wa-Wa-Wa-Wa-Wa-Wt-Wt,2,2,False,False,False,False
4670,Sp-Sp-Sp-G-G-G-G-G-G-G-G-G-G-G-G-G-G-G-G-G-G-G-A,2,2,False,False,False,False
4671,F-G-G-G-G-G-G-G-F-F-F-F-F-F-F-F-F-F-F-F-F-F-F,2,2,False,False,False,False
4672,F-G-G-G-G-G-F-F-F-F-F-F-F-F-F-F-F-F-F-F-F-F-Sh,2,3,False,False,False,False
4673,F-G-G-G-G-G-F-F-F-F-F-F-F-F-F-F-F-F-F-F-F-F-F,2,2,False,False,False,False
4674,F-F-F-F-F-F-F-F-F-F-F-F-F-A-A-A-A-A-A-A-F-F-F,2,2,False,False,False,False
4675,F-F-F-F-F-F-F-F-F-F-F-F-F-A-A-A-A-A-A-A-A-A-F,2,2,False,False,False,False
4676,Sp-Sp-Sp-G-G-G-G-G-G-G-G-G-G-G-G-G-G-G-G-G-F-F-F,2,2,False,False,False,False
4677,Sp-Sp-Sp-F-F-F-F-F-F-F-F-F-F-F-F-F-F-U-U-U-U-U-U,2,2,False,False,False,False
4678,Sp-Sp-Sh-Sh-Sh-Sh-Sh-Sp-Sp-Sp-Sp-Sp-Sp-Sp-Sp-Sp-Sp-Sp-Sp-Sp-Sp-Sp-Sp,2,2,False,False,False,False
4679,A-A-A-A-A-A-A-A-A-A-A-A-A-A-A-A-Wt-Wt-Wt-Wt-Wt-Wt-F,2,2,False,False,True,False
4680,G-G-G-G-G-G-G-G-G-G-G-G-Sp-Sp-Sp-Sp-Sp-B-B-B-B-B-B,2,2,False,False,False,False
4681,G-G-G-G-G-G-G-G-G-G-G-G-Sp-Sp-Sp-Sp-Sp-Sp-Sp-F-F-F-F,2,2,False,True,False,False
4682,G-G-G-G-G-G-G-G-G-G-G-G-Sp-Sp-Sp-Sp-Sp-G-G-G-G-G-G,2,2,False,False,False,False
4683,G-G-G-G-G-G-G-G-G-G-G-G-Sh-Sh-Sh-Sh-Sh-Sh-F-F-F-F-F,2,2,False,False,False,False
4684,G-G-G-G-G-G-G-G-G-G-G-G-Wt-Wt-Wt-Wt-F-F-F-F-F-F-F,2,2,False,False,True,False
4685,F-F-F-F-F-Wt-Wt-Wt-Wt-Wt-Wt-Wt-Wt-Wt-Wt-Wt-Wa-Wa-Wa-Wa-Wa-Wa-Wa,2,2,False,False,True,False
4686,F-F-F-F-F-Wt-Wt-Wt-Wt-Wt-Wt-Wt-Wt-Wt-Wt-Wt-Wt-Wt-F-F-F-F-F,2,2,False,False,False,False
4687,A-A-A-A-A-A-A-A-A-A-A-A-A-A-A-A-A-A-F-F-F-G-G,2,2,False,False,False,False
4688,A-A-A-A-A-A-A-A-A-A-A-A-A-A-A-A-A-F-F-Sh-Sh-Sh-Sh,2,2,False,False,False,False
4689,G-G-G-G-G-G-G-G-G-G-G-G-G-B-B-B-B-B-G-G-G-G-G,2,2,False,False,False,False
4690,Wa-Wa-Wa-Wa-Wa-Wa-Wa-Wa-Wa-Wa-Wa-Wa-Sh-Sh-Sh-Sh-Sh-Sh-Sh-U-U-U-U,1,2,False,False,False,False
4691,A-A-A-A-A-A-A-A-A-A-A-A-A-A-F-F-F-F-G-G-F-F-F,1,3,False,False,False,False
4692,A-A-A-A-A-A-A-A-A-A-A-A-A-A-F-F-F-F-F-F-G-G-G,1,2,False,False,False,False
4693,A-A-A-A-A-A-A-A-A-A-A-A-A-A-F-F-F-F-F-F-F-F-Sh,1,2,False,False,False,False
4694,A-A-A-A-A-A-A-A-A-A-A-A-A-A-F-F-F-F-F-F-F-F-G,1,2,False,False,False,False
4695,F-F-F-F-F-F-Wa-Wa-Wa-Wa-Wa-Wa-Wa-Wa-Wa-Wa-Wa-Wa-Wa-Wa-Wa-Sh-Sh,1,2,False,False,False,False
4696,F-F-F-F-F-F-Sp-Sp-Sp-Sp-Sp-Sp-Sp-Sp-Sp-Sp-Sp-Sp-Sp-B-B-B-B,1,2,False,False,False,False
4697,F-F-F-F-F-F-Sh-Sh-Sh-Sh-Sh-Sh-Sh-Sh-Sh-Sh-Wa-Wa-Wa-Wa-Wa-Wa-Wa,1,2,False,False,True,False
4698,Sh-Sh-Sh-Sh-F-F-F-F-U-U-U-U-U-U-U-U-U-U-U-U-U-U-U,1,2,False,False,False,False
4699,Sh-Sh-Sh-Sh-Sh-F-F-F-F-F-F-F-F-F-F-F-F-F-F-F-F-G-G,1,2,False,False,False,False
4700,F-F-F-F-F-F-Sh-Sh-Sh-Sh-Sh-Sh-Sh-Sh-Sh-Sh-Sh-Sh-Sh-Sh-F-A-A,1,3,False,False,False,False
4701,F-F-F-F-F-F-Sh-Sh-Sh-Sh-Sh-Sh-Sh-Sh-Sh-Sh-Sh-F-F-F-F-F-A,1,3,False,False,False,False
4702,F-F-F-F-F-F-Sh-Sh-Sh-Sh-Sh-Sh-Sh-Sh-Sh-Sh-Sh-F-F-F-F-A-A,1,3,False,False,False,False
4703,Sh-Sh-Sh-Sh-Sh-A-A-A-A-A-A-A-A-A-A-A-A-F-F-F-F-F-F,1,2,False,True,False,False
4704,Sh-Sh-Sh-Sh-F-F-F-F-F-F-F-F-F-F-Sh-Sh-Sh-Sh-Sh-F-F-F-F,1,3,False,False,False,False
4705,Sh-Sh-Sh-Sh-F-F-F-F-F-F-F-F-F-F-F-F-F-Wt-Wt-Wt-Wt-Wt-Wt,1,2,False,False,False,False
4706,Sp-Sp-Sp-A-A-A-A-A-A-A-A-A-A-A-A-A-A-A-A-F-F-F-F,1,2,False,False,False,False
4707,Sp-Sp-Sh-Sh-Sh-Sh-Sh-Sh-Sh-Sh-Sh-Sh-Sh-Sh-Sh-Sh-Sh-Sh-Sh-Sh-Sh-F-F,1,2,False,False,False,False
4708,Sp-Sp-Sh-Sh-Sh-Sh-Sh-Sh-Sh-Sh-Sh-Sh-Sh-Sh-Sh-Sh-A-A-A-A-A-A-A,1,2,False,False,True,False
4709,Sp-Sp-G-G-G-G-G-G-B-B-B-B-B-B-B-B-B-B-B-B-B-B-B,1,2,False,False,False,False
4710,Sp-Sp-G-G-G-G-G-G-Sp-Sp-Sp-Sp-Sp-Sp-Sp-Sp-Sp-Sp-Sp-Sp-Sp-Sp-Sp,1,2,False,False,False,False
4711,Sp-Sp-G-G-G-G-G-G-G-G-G-G-G-B-B-B-B-B-B-B-B-B-B,1,2,False,False,False,False
4712,Wt-Wt-Wt-Wt-Sh-Sh-Sh-Sh-Sh-Sh-Sh-Sh-Sh-Sh-Sh-Sh-Sh-Sh-Sh-Sp-Sp-Sp-Sp,1,2,False,False,False,False
4713,Wt-Wt-Wt-Wt-Sh-Sh-Sh-Sh-Sh-Sh-Sh-Sh-Sh-Sh-Sh-Sh-Sh-Sh-Wt-Wt-Wt-Wt-Wt,1,2,False,False,False,False
4714,Wt-Wt-Wt-Wt-Sh-Sh-Sh-Sh-Sh-Sh-Sh-Sh-Sh-Sh-Sh-Sh-Sh-Sh-A-A-A-A-A,1,2,False,False,False,False
4715,Wt-Wt-Wt-Wt-Sh-Sh-Sh-Sh-Sh-Sh-A-A-A-A-A-A-A-A-A-A-A-A-A,1,2,False,False,False,False
4716,F-G-G-G-G-G-G-G-G-G-G-F-F-F-F-F-F-F-F-F-F-F-F,1,2,False,True,False,False
4717,A-A-A-A-A-A-A-A-A-A-A-A-A-A-A-A-F-F-F-F-F-A-A,1,2,False,False,True,False
4718,A-A-A-A-A-A-A-A-A-A-A-A-A-A-A-A-Wt-Wt-Wt-Wt-Wt-Wt-Sh,1,2,False,False,True,False
4719,A-A-A-A-A-A-A-A-A-A-A-A-A-A-A-A-Wt-Wt-Wt-Wt-Wt-Wt-A,1,2,False,False,True,False
4720,G-G-G-G-G-G-G-G-G-G-G-G-B-B-B-B-B-B-Sp-Sp-Sp-Sp-Sp,1,2,False,False,False,False
4721,G-G-G-G-G-G-G-G-G-G-G-G-B-B-B-B-B-B-G-G-G-G-G,1,2,False,False,False,False
4722,Wt-Wt-Wt-Wt-Wt-Sh-Sh-Sh-Sh-Sh-Sh-Sh-Sh-Sh-Sh-Sh-Sh-Sh-A-A-A-A-A,1,2,False,False,False,False
4723,Wt-Wt-Wt-Wt-Wt-Sh-Sh-Sh-Sh-Sh-Sh-Sh-Sh-Sh-Sh-Sh-Sh-Wt-Wt-Wt-Wt-Wt-Wt,1,2,False,False,False,False
4724,Wt-Wt-Wt-Wt-Wt-Wt-Wa-Wa-Wa-Wa-Wa-Wa-Wa-Wa-U-U-U-U-U-U-U-U-U,1,2,False,False,False,False
4725,F-G-G-G-G-G-G-G-A-A-A-A-A-A-A-A-A-A-A-A-A-A-A,1,2,False,False,False,False
4726,F-G-G-G-G-G-F-F-F-F-F-F-F-F-F-F-F-F-F-F-F-F-A,1,3,False,False,False,False
4727,Sp-Sp-G-G-G-G-G-G-G-G-G-G-G-G-G-G-G-G-Sh-Sh-Sh-Sh-Sh,1,2,False,False,False,False
4728,Sp-Sp-G-G-G-G-G-G-G-G-G-G-G-G-G-G-G-G-G-B-B-B-B,1,2,False,False,False,False
4729,F-F-F-F-F-F-F-F-F-F-F-F-F-A-A-A-A-A-A-F-F-F-F,1,2,False,False,False,False
4730,F-F-F-F-F-F-F-F-F-F-F-F-F-A-A-A-A-A-A-A-A-U-U,1,2,False,False,False,False
4731,F-F-F-F-F-F-F-F-F-F-F-F-A-U-U-U-U-U-U-U-U-U-U,1,2,False,False,False,False
4732,F-F-F-F-F-F-F-F-F-F-F-F-A-A-A-U-U-U-U-U-U-U-U,1,2,False,False,False,False
4733,F-F-F-F-F-F-F-F-F-F-F-F-A-A-A-A-A-F-F-F-F-F-F,1,2,False,False,False,False
4734,F-F-F-F-F-F-F-F-F-F-F-F-A-A-A-A-A-A-A-F-F-F-A,1,3,False,False,False,False
4735,F-F-F-F-F-F-F-F-F-F-F-F-A-A-A-A-A-A-A-A-A-A-F,1,2,False,False,False,False
4736,Sp-Sp-Sp-F-F-F-F-F-F-F-F-F-F-F-F-F-Sh-Sh-Sh-Sh-Sh-Sh-Sh,1,2,False,False,True,False
4737,Sp-Sp-Sp-F-F-F-F-F-F-F-F-F-F-F-F-F-F-F-F-F-F-F-A,1,2,False,False,False,False
4738,Sp-Sp-Sp-Sp-F-F-F-F-F-F-F-F-F-F-F-F-F-A-A-A-A-A-A,1,2,False,False,False,False
4739,Sp-Sp-Sp-Sh-Sh-Sh-Sh-Sh-Sh-Sp-Sp-Sp-Sp-Sp-Sp-Sp-Sp-Sp-Sp-Sp-Sp-Sp-Sp,1,2,False,False,False,False
4740,Sp-Sp-Sp-Sh-Sh-Sh-Sh-Sh-Sh-Sh-Sh-Sh-Sp-Sp-Sp-Sp-Sp-Sp-Sp-Sp-Sp-Sp-Sp,1,2,False,False,False,False
4741,Sp-Sp-Sp-Sh-Sh-Sh-Sh-Sh-Sh-Sh-Sh-Sh-Sh-Sh-Sh-Sh-Sh-Sh-Sh-F-F-F-F,1,2,False,False,False,False
4742,Sp-Sp-Sp-Sh-Sh-Sh-Sh-Sh-Sh-Sh-Sh-Sh-Sh-Sh-Sh-Sh-Sh-Sh-Sh-A-A-A-A,1,2,False,False,False,False
4743,Sp-Sp-Sp-Wt-Wt-Wt-Wt-Wt-Wt-Wt-Wt-Wt-Wt-Wt-Wt-Wt-Wt-Wt-Wt-Wt-Wt-Wt-Wt,1,1,False,False,False,False
4744,Sp-Sp-Sp-G-G-G-G-G-G-G-G-Sp-Sp-Sp-Sp-Sp-Sp-Sp-Sp-Sp-Sp-Sp-Sp,1,2,False,False,False,False
4745,Sp-Sp-Sp-G-G-G-G-G-G-G-G-G-G-G-G-G-B-B-B-B-B-B-B,1,2,False,False,True,False
4746,Sp-Sp-Sp-G-G-G-G-G-G-G-G-G-G-G-G-G-G-G-G-G-B-B-B,1,2,False,False,False,False
4747,F-F-F-F-F-F-F-F-F-F-F-A-A-U-U-U-U-U-U-U-U-U-U,1,2,False,False,False,False
4748,F-F-F-F-F-F-F-F-F-F-F-A-A-A-A-A-A-F-F-F-F-F-F,1,2,False,False,False,False
4749,F-F-F-F-F-F-F-F-F-F-A-A-A-U-U-U-U-U-U-U-U-U-U,1,2,False,False,False,False
4750,F-F-F-F-F-F-F-F-F-F-A-A-A-A-U-U-U-U-U-U-U-U-U,1,2,False,False,False,False
4751,F-F-F-F-F-F-F-F-F-F-A-A-A-A-A-U-U-U-U-U-U-U-U,1,2,False,False,False,False
4752,Wt-Wt-Wt-Wt-Sh-Sh-Sh-Sh-Sh-A-A-A-A-A-A-A-A-A-A-A-A-A-A,1,2,False,False,False,False
4753,Wt-Wt-Wt-Wt-U-U-U-U-U-U-U-U-U-U-U-U-U-U-U-U-U-U-U,1,1,False,False,False,False
4754,F-F-F-F-F-F-F-F-F-F-F-F-F-F-A-A-A-A-A-A-F-F-F,1,2,False,False,False,False
4755,F-F-F-F-F-F-F-F-F-F-F-F-F-A-A-A-F-F-F-F-F-F-F,1,2,False,False,True,False
4756,F-F-F-F-F-F-F-F-F-F-F-F-F-A-A-A-A-F-F-F-F-F-F,1,2,False,False,False,False
4757,F-F-F-F-F-F-F-F-F-F-F-F-F-A-A-A-A-A-F-F-F-F-F,1,2,False,False,False,False
4758,Sp-Sp-Sp-Sp-G-G-G-G-G-G-G-G-G-G-G-G-G-Sh-Sh-Sh-Sh-Sh-Sh,1,2,False,False,False,False
4759,Sp-Sp-Sp-Sp-G-G-G-G-G-G-G-G-G-G-G-G-G-U-U-U-U-U-U,1,2,False,False,False,False
4760,Sp-Sp-Sp-Sp-G-G-G-G-G-G-G-G-G-G-G-G-G-G-B-B-B-B-B,1,2,False,False,False,False
4761,F-F-F-F-F-F-F-F-F-F-A-A-A-A-A-A-A-A-A-A-A-U-U,1,2,False,False,False,False
4762,F-F-F-F-F-F-F-F-F-A-A-A-A-A-A-A-A-U-U-U-U-U-U,1,2,False,False,False,False
4763,Wt-Wt-Wt-Wt-Wt-Wt-Wa-Wa-Wa-Wa-Wa-Wa-Wa-U-U-U-U-U-U-U-U-U-U,1,2,False,False,False,False
4764,Wt-Wt-Wt-Wt-Wt-Wt-Sh-Sh-Sh-Sh-Sh-Sh-Sh-Sh-Sh-Sh-Wa-Wa-Wa-Wa-Wa-Wa-Wa,1,2,False,False,True,False
4765,Wt-Wt-Wt-Wt-Wt-Wt-Sh-Sh-Sh-Sh-Sh-Sh-Sh-Sh-Sh-Sh-F-F-F-F-F-F-F,1,2,False,False,True,False
4766,F-G-G-G-G-G-G-G-G-G-G-G-G-G-G-G-Wt-Wt-Wt-Wt-Wt-Wt-Wt,1,2,False,False,True,False
4767,Wt-Wt-Wt-Wt-Wt-Wt-Wt-Wa-Wa-Wa-Wa-Wa-Wa-Wa-Wa-Wa-Wa-Wa-Wa-Wa-Wt-Wt-Wt,1,2,False,False,False,False
4768,Sp-Sp-Sp-Sp-F-F-F-F-F-F-F-F-F-F-F-F-F-U-U-U-U-U-U,1,2,False,False,False,False
4769,Sp-Sp-Sp-Sp-F-F-F-F-F-F-F-F-F-F-F-F-F-F-F-Sp-Sp-Sp-Sp,1,2,False,False,False,False
4770,F-F-F-F-F-F-F-F-A-U-U-U-U-U-U-U-U-U-U-U-U-U-U,1,2,False,False,False,False
4771,F-F-F-F-F-F-F-F-A-A-A-A-U-U-U-U-U-U-U-U-U-U-U,1,2,False,False,False,False
4772,F-F-F-F-F-F-F-F-A-A-A-A-A-A-U-U-U-U-U-U-U-U-U,1,2,False,False,False,False
4773,F-F-F-F-F-F-F-F-A-A-A-A-A-A-A-A-Wa-Wa-Wa-Wa-Wa-Wa-Wa,1,2,False,True,True,False
4774,F-F-F-F-F-F-F-F-A-A-A-A-A-A-A-A-A-F-F-F-F-F-F,1,2,False,False,False,False
4775,Sp-Sp-Sp-Sp-G-G-B-B-B-B-B-B-B-B-B-B-B-B-B-B-B-B-B,1,2,False,False,False,False
4776,Sp-Sp-Sp-Sp-G-G-G-G-G-G-G-G-G-G-G-G-B-B-B-B-B-B-B,1,2,False,False,True,False
4777,Sp-Sp-Sp-Sp-G-G-G-G-G-G-G-G-G-G-G-G-Sp-Sp-Sp-G-G-G-G,1,3,False,False,True,False
4778,Sp-Sp-Sp-Sp-G-G-G-G-G-G-G-G-G-G-G-G-G-B-B-B-B-B-B,1,2,False,False,False,False
4779,F-F-F-F-F-F-F-F-F-F-F-A-U-U-U-U-U-U-U-U-U-U-U,1,2,False,False,False,False
4780,Sp-Sp-G-G-G-G-G-G-G-G-G-G-G-G-G-G-G-G-G-G-G-Sp-Sp,1,2,False,True,False,False
4781,Sp-Sh-Sh-Sh-Sh-Sh-Sh-Sh-Sp-Sp-Sp-Sp-Sp-Sp-Sp-Sp-Sp-Sp-Sp-Sp-Sp-Sp-Sp,1,2,False,False,False,False
4782,Sp-Sh-Sh-Sh-Sh-Sh-Sh-Sh-Sh-Sh-Sh-Sh-Sh-Sh-Sh-Sh-Sh-Sp-Sp-Sp-Sp-Sp-Sp,1,2,False,False,False,False
4783,F-F-F-F-F-F-F-F-F-F-F-F-F-F-F-F-A-A-A-A-A-A-U,1,2,False,False,True,False
4784,F-F-F-F-F-F-F-F-F-F-F-F-F-F-A-U-U-U-U-U-U-U-U,1,2,False,False,False,False
4785,F-F-F-F-F-F-F-F-F-F-F-F-F-F-A-A-A-A-F-F-F-F-F,1,2,False,False,False,False
4786,Wt-Wt-Wt-Wt-Wt-Wt-Wt-Wt-Wa-Wa-Wa-U-U-U-U-U-U-U-U-U-U-U-U,1,2,False,False,False,False
4787,Sp-Sp-Sp-Sp-Sp-Sp-G-G-G-G-G-G-G-G-G-G-G-G-G-G-F-F-F,1,2,False,False,False,False
4788,Sp-Sp-Sp-Sp-Sp-Sp-A-A-U-U-U-U-U-U-U-U-U-U-U-U-U-U-U,1,2,False,False,False,False
4789,Sp-Sp-Sp-Sp-Sp-Sp-A-A-A-A-A-A-A-A-A-A-A-A-A-U-U-U-U,1,2,False,False,False,False
4790,Sp-Sp-Sp-Sp-Sp-Sh-Sh-Sh-Sh-Sh-Sh-Sh-Sh-Sh-Sh-Sh-Sh-Sh-Sh-Sh-Sh-Sh-F,1,2,False,False,False,False
4791,F-F-F-F-F-F-F-F-A-A-A-A-A-A-A-A-A-A-F-F-F-A-A,1,3,False,False,False,False
4792,F-F-F-F-F-F-F-F-A-A-A-A-A-A-A-A-A-A-A-Wa-Wa-Wa-Wa,1,2,False,True,False,False
4793,F-F-F-F-F-F-F-F-A-A-A-A-A-A-A-A-A-A-A-A-A-U-U,1,2,False,False,False,False
4794,F-F-F-F-F-F-F-A-A-A-A-A-A-A-A-A-A-A-A-F-F-F-A,1,3,False,False,False,False
4795,Sp-Sp-Sp-Sp-Sp-G-G-G-G-G-G-G-G-G-G-G-G-B-B-B-B-B-B,1,2,False,False,False,False
4796,Sp-Sp-Sp-Sp-Sp-G-G-G-G-G-G-G-G-G-G-G-G-G-G-G-Sp-Sp-Sp,1,2,False,False,False,False
4797,Sp-Sp-Sp-Sp-Sp-G-G-G-G-G-G-G-G-G-G-G-G-G-G-A-A-A-A,1,2,False,False,False,False
4798,Sp-Sp-Sp-Sp-Sp-G-G-G-G-G-G-G-G-G-G-G-G-G-A-A-A-A-A,1,2,False,False,False,False
4799,F-F-F-F-F-F-F-F-F-A-A-A-A-A-A-A-A-A-A-F-F-A-A,1,3,False,False,False,False
4800,F-F-F-F-F-F-F-F-F-A-A-A-A-A-A-A-A-A-A-A-A-U-U,1,2,False,False,False,False
4801,F-F-F-F-F-F-F-F-F-A-A-A-A-A-A-A-A-A-A-A-A-A-U,1,2,False,False,False,False
4802,Sp-Sp-Sp-Sp-Sp-Sp-G-G-G-G-G-G-G-G-G-G-Sp-Sp-Sp-Sp-G-G-G,1,3,False,False,True,False
4803,F-F-F-F-F-F-F-A-A-A-A-A-A-A-A-A-A-A-A-A-A-F-F,1,2,False,False,False,False
4804,F-F-F-F-F-F-F-A-A-A-A-A-A-A-A-A-A-A-A-A-A-A-U,1,2,False,False,False,False
4805,F-F-F-F-F-A-A-A-A-A-A-A-U-U-U-U-U-U-U-U-U-U-U,1,2,False,False,False,False
4806,Sp-Sp-Sp-Sp-Sp-Sp-G-G-G-G-G-G-G-G-G-G-G-Sp-Sp-Sp-Sp-Sp-Sp,1,2,False,False,False,False
4807,Sp-Sp-Sp-Sp-Sp-Sp-G-G-G-G-G-G-G-G-G-G-G-G-G-G-Sp-Sp-Sp,1,2,False,False,False,False
4808,Sp-Sp-Sp-Sp-Sp-Sp-G-G-G-G-G-G-G-G-G-G-G-G-G-G-G-G-Sp,1,2,False,False,False,False
4809,Wt-Wt-Wt-Wt-Wt-Wt-Wt-Sp-Sp-Sp-Sp-Sp-Sp-Sp-Sp-Sp-F-F-F-F-F-F-F,1,2,False,False,True,False
4810,Wt-Wt-Wt-Wt-Wt-Wt-Wt-Sp-Sp-Sp-Sp-Sp-Sp-Sp-F-F-F-F-F-F-F-F-F,1,2,False,False,False,False
4811,Wt-Wt-Wt-Wt-Wt-Wt-Wt-Sh-Sh-Sh-Sh-Sh-Sh-Sh-Sh-Sh-Sh-Sh-Sh-Sh-Sh-F-F,1,2,False,False,False,False
4812,Wt-Wt-Wt-Wt-Wt-Wt-Wt-Sh-Sh-Sh-Sh-Sh-Sh-Sh-Sh-Sh-Sh-Sh-Sh-U-U-U-U,1,2,False,False,False,False
4813,Wt-Wt-Wt-Wt-Wt-Wt-Wt-Sh-Sh-Sh-Sh-Sh-Sh-Sh-Sh-Sh-Sh-Sh-Sh-F-F-F-F,1,2,False,False,False,False
4814,Wt-Wt-Wt-Wt-Wt-Wt-Wt-Sh-Sh-Sh-Sh-Sh-Sh-Sh-Sh-Sh-Sh-Sh-U-U-U-U-U,1,2,False,False,False,False
4815,Wt-Wt-Wt-Wt-Wt-Wt-Wt-Sh-Sh-Sh-U-U-U-U-U-U-U-U-U-U-U-U-U,1,2,False,False,False,False
4816,Wt-Wt-Wt-Wt-Wt-Wt-Wt-Wt-Wa-Wa-Wa-Wa-Wa-Wa-Wa-Wa-Wa-Wa-Wa-Wa-F-F-F,1,2,False,False,False,False
4817,Wt-Wt-Wt-Wt-Wt-Wt-Wt-Wt-Wa-Wa-Wa-Wa-Wa-U-U-U-U-U-U-U-U-U-U,1,2,False,False,False,False
4818,Sp-Sp-Sp-Sp-Sp-Sp-Sp-G-G-G-G-G-G-G-G-G-Sp-Sp-Sp-Sp-G-G-G,1,3,False,False,True,False
4819,Sp-Sp-Sp-Sp-Sp-Sp-Sp-G-G-G-G-G-G-G-G-G-G-G-B-B-B-B-B,1,2,False,False,False,False
4820,Sp-Sp-Sp-Sp-Sp-Sp-Sh-Sh-Sh-Sh-Sh-Sh-Sh-Sh-F-F-F-F-F-F-F-F-F,1,2,False,False,False,False
4821,Sp-G-G-G-G-G-G-G-Sp-Sp-Sp-Sp-Sp-Sp-Sp-Sp-Sp-Sp-Sp-B-B-B-B,1,3,False,False,False,False
4822,Sp-G-G-G-G-G-G-G-G-Sh-Sh-Sh-Sh-Sh-Sh-Sh-Sh-Sh-Sh-Sh-Sh-Sh-Sh,1,2,False,False,False,False
4823,Sp-G-G-G-G-G-G-G-G-G-G-G-G-G-B-B-B-B-B-B-B-B-B,1,2,False,False,False,False
4824,Sp-G-G-G-G-G-G-G-G-G-G-G-G-G-U-U-U-U-U-U-U-U-U,1,2,False,False,False,False
4825,Sp-G-G-G-G-G-G-G-G-G-G-G-G-G-G-G-G-Sp-Sp-B-B-B-B,1,3,False,False,False,False
4826,F-F-F-F-F-F-F-F-F-F-F-F-F-F-F-F-F-F-A-A-A-U-U,1,2,False,False,False,False
4827,F-F-F-F-F-F-F-F-F-F-F-F-F-F-F-F-F-A-A-F-F-F-F,1,2,False,False,False,False
4828,F-F-F-F-F-F-F-F-F-F-F-F-F-F-F-F-F-A-A-A-A-U-U,1,2,False,False,False,False
4829,Wt-Wt-Wt-Sh-Sh-Sh-Sh-Sh-Sh-Sh-Sh-Sh-U-U-U-U-U-U-U-U-U-U-U,1,2,False,False,False,False
4830,Wt-Wt-Wt-Sh-Sh-Sh-Sh-A-A-A-A-A-A-A-A-A-A-A-A-A-A-A-A,1,2,False,False,False,False
4831,Wt-Wt-Wt-U-U-U-U-U-U-U-U-U-U-U-U-U-U-U-U-U-U-U-U,1,1,False,False,False,False
4832,Wt-Wt-Wt-Wt-Wa-Wa-Wa-Wa-Wa-Wa-Wa-Wa-Wa-Wa-Wa-Wa-Wa-Wa-Wa-Wa-Sp-Sp-Sp,1,2,False,False,False,False
4833,Wt-Wt-Wt-Wt-Wa-Wa-Wa-Wa-Wa-Wa-Wa-Wa-Wa-Wa-Wa-Wa-Wa-Wa-Wt-Wt-Wt-Wt-Wt,1,2,False,False,False,False
4834,F-F-F-A-A-A-A-A-A-A-A-A-A-A-A-A-F-F-F-F-F-F-A,1,3,False,True,True,False
4835,F-F-F-F-A-A-A-A-A-A-A-A-A-A-A-A-A-A-A-A-A-A-U,1,2,False,False,False,False
4836,F-F-F-A-A-A-A-A-A-U-U-U-U-U-U-U-U-U-U-U-U-U-U,1,2,False,False,False,False
4837,Sp-Sp-Sp-Sp-Sp-Sp-Sp-Sp-G-G-G-G-G-G-G-G-G-G-G-U-U-U-U,1,2,False,False,False,False
4838,Wt-Wt-Wt-Wt-Wt-Wt-Wt-Wt-Sh-Sh-Sh-Sh-Sh-Sh-Sh-Sh-Sh-Sh-Sh-Sh-F-F-F,1,2,False,False,False,False
4839,Wt-Wt-Wt-Wt-Wt-Wt-Wt-Wt-Sh-Sh-Sh-Sh-Sh-Sh-Sh-Sh-Sh-Sh-Sh-F-F-F-F,1,2,False,False,False,False
4840,F-Wt-Wt-Wt-Wt-Wt-Wt-Wt-Wt-Wt-Wt-Wt-Wt-Wt-F-F-F-F-F-F-Sh-Sh-Sh,1,3,False,False,False,False
4841,Wt-Wt-Wt-Wt-Wt-Wt-Wt-Wt-Wt-Wa-Wa-Wa-U-U-U-U-U-U-U-U-U-U-U,1,2,False,False,False,False
4842,Wt-Wt-Wt-Wt-Wt-Wt-Wt-Wt-Wt-Wt-Wa-Wa-Wa-Wa-Wa-Wa-Wa-Wa-Wa-Wa-Wa-Sh-Sh,1,2,False,False,False,False
4843,Wt-Wt-Wt-Wt-Wt-Wt-Wt-Wt-Wt-Wt-Wa-Wa-Wa-Wa-Wa-Wa-Wa-Wa-Wa-Wa-Wa-A-A,1,2,False,False,False,False
4844,Sp-Sp-Sp-Sp-Sp-Sp-Sp-Sp-G-G-G-G-G-G-G-G-G-G-G-A-A-A-A,1,2,False,False,False,False
4845,Sp-Sp-Sp-Sp-Sp-Sp-Sp-Sp-A-A-A-A-A-A-A-A-A-U-U-U-U-U-U,1,2,False,False,False,False
4846,Sp-Sp-Sp-Sp-Sp-Sp-Sp-Sh-Sh-Sh-Sh-Sh-Sh-Sh-Sh-Sh-Sh-Sh-Sh-Sh-Sh-Sh-U,1,2,False,False,False,False
4847,F-F-F-F-F-A-A-A-A-A-A-A-A-A-A-A-A-F-F-F-F-A-A,1,3,False,False,False,False
4848,F-F-F-F-A-A-A-A-A-A-A-A-A-A-A-U-U-U-U-U-U-U-U,1,2,False,False,False,False
4849,Sp-Sp-Sp-Sp-Sp-Sp-Sp-G-G-G-G-G-G-G-G-G-B-B-B-B-B-B-B,1,2,False,False,True,False
4850,Wt-Wt-Wt-Wt-Sp-Sp-Sp-Sp-Sp-Sp-Sp-Sp-Sp-Sp-Sp-Sp-Wt-Wt-Wt-Wt-Wt-Wt-Wt,1,2,False,False,True,False
4851,F-F-F-F-F-F-F-F-F-F-F-F-F-F-F-F-A-U-U-U-U-U-U,1,2,False,False,True,False
4852,Sp-G-G-G-G-G-G-G-G-G-G-G-G-G-G-G-G-G-Sh-Sh-Sh-Sh-Sh,1,2,False,False,False,False
4853,Sp-G-G-G-G-G-G-G-G-G-G-G-G-G-G-G-G-G-G-Sh-Sh-Sh-Sh,1,2,False,False,False,False
4854,Sp-G-G-G-G-G-G-G-G-G-G-G-G-G-G-G-G-G-G-G-G-B-B,1,2,False,False,False,False
4855,Sp-G-G-G-F-F-F-F-F-F-F-F-F-F-F-F-F-F-F-F-F-F-F,1,2,False,False,False,False
4856,Sp-F-F-F-F-F-F-F-F-F-F-F-F-F-F-F-Sh-Sh-Sh-Sh-Sh-Sh-Sh,1,2,False,False,True,False
4857,Sp-F-F-F-F-F-F-F-F-F-F-F-F-F-F-F-F-Sp-Sp-Sp-Sp-Sp-Sp,1,2,False,False,False,False
4858,Sp-F-F-F-F-F-F-F-F-F-F-F-F-F-F-F-F-F-F-F-F-F-B,1,2,False,False,False,False
4859,Sp-F-F-F-F-F-F-F-F-F-F-F-F-F-F-F-F-F-F-F-F-A-A,1,2,False,False,False,False
4860,Sp-F-F-F-F-F-F-F-F-F-F-F-F-F-F-F-F-A-A-A-A-A-A,1,2,False,False,False,False
4861,Sh-Wa-Wa-Wa-Wa-Wa-Wa-Wa-Wa-Wa-Wa-Wa-Wa-Wa-Wa-Wa-Wa-Wa-Wa-Wa-Wa-Sh-Sh,1,2,False,False,False,False
4862,Sh-Wa-Wa-Wa-Wa-Wa-Wa-Wa-Wa-Wa-Wa-Wa-Wa-Wa-Wa-Wa-Wa-Wa-Wa-Wa-Wa-U-U,1,2,False,False,False,False
4863,F-F-F-A-A-A-A-A-A-A-A-A-A-U-U-U-U-U-U-U-U-U-U,1,2,False,True,False,False
4864,F-F-F-A-A-A-A-A-A-A-A-A-A-A-A-U-U-U-U-U-U-U-U,1,2,False,False,False,False
4865,F-F-F-A-A-A-A-A-A-A-A-A-A-A-A-A-F-F-Sh-Sh-Sh-Sh-Sh,1,3,False,True,True,False
4866,F-Wt-Wt-Wt-Wt-Wt-Wt-Wt-Wt-Wt-Wt-Wt-Wt-Wt-Wt-Wt-Wt-Wt-Wt-Sh-Sh-Sh-Sh,1,2,False,False,False,False
4867,F-Sh-Sh-A-A-A-A-A-A-A-A-A-A-A-F-F-F-F-F-F-F-F-F,1,3,False,False,False,False
4868,Sh-Wa-Wa-Wa-Wa-Wa-Wa-Wa-Wa-Wa-Wa-Wa-Wa-Wa-Wa-Wa-Wa-Wa-Wa-Sh-Sh-Sh-Sh,1,2,False,False,False,False
4869,F-F-F-F-F-F-F-F-F-F-F-F-F-F-F-F-F-F-F-F-A-F-F,1,2,False,True,False,False
4870,Sh-Wa-Wa-Wa-Wa-Wa-Wa-Wa-Wa-G-G-G-G-G-G-G-G-G-G-G-G-G-G,1,2,False,False,False,False
4871,Wt-Wt-Wt-Wa-Wa-Wa-Wa-Wa-Wa-Wa-Wa-Wa-Wa-Wa-Wa-Wa-Wa-Wa-Wa-A-A-A-A,1,2,False,False,False,False
4872,Wt-Wt-Wt-Sh-Sh-Sh-Sh-Sh-Sh-Sh-Sh-Sh-Sh-Sh-Sh-Sh-Sh-U-U-U-U-U-U,1,2,False,False,False,False
4873,Wt-Wt-Wt-Sh-Sh-Sh-Sh-Sh-Sh-Sh-Sh-Sh-Sh-Sh-Sh-Sh-Wt-Wt-Wt-Wt-Wt-Wt-Wt,1,2,False,False,True,False
4874,Wt-Wt-Wt-Sh-Sh-Sh-Sh-Sh-Sh-Sh-Sh-Sh-Sh-Sh-Sh-U-U-U-U-U-U-U-U,1,2,False,False,False,False
4875,Wt-Wt-Wt-Sh-Sh-Sh-Sh-Sh-Sh-Sh-Sh-Sh-Sh-U-U-U-U-U-U-U-U-U-U,1,2,False,False,False,False
4876,Sh-Wa-Wa-Wa-Wa-Wa-Wa-Sp-Sp-Sp-Sp-Sp-Sp-Sp-Sp-Sp-Sp-Sp-Sp-Sp-Sp-Sp-Sp,1,2,False,False,False,False
4877,F-F-F-A-A-A-A-A-A-A-A-A-A-A-A-A-A-A-A-Sh-F-F-F,1,3,False,False,False,False
4878,Sp-Sp-Sp-Sp-Sp-Sp-Sp-Sp-Sp-F-F-F-F-F-F-F-F-F-A-A-A-A-A,1,2,False,False,False,False
4879,Sp-Sp-Sp-Sp-Sp-Sp-Sp-Sp-Sh-Sh-Sh-Sh-Sh-Sh-Sh-Sh-Sh-Sh-Sh-Sh-Sh-Sh-U,1,2,False,False,False,False
4880,Sp-Sp-Sp-Sp-Sp-Sp-Sp-Sp-G-G-G-G-G-G-G-G-Sp-Sp-G-G-G-G-G,1,3,False,False,True,False
4881,F-F-F-A-A-A-A-A-A-A-A-A-U-U-U-U-U-U-U-U-U-U-U,1,2,False,False,False,False
4882,F-Sh-Sh-Sh-Sh-A-A-A-A-A-A-A-A-A-A-A-A-U-U-U-U-U-U,1,3,False,False,False,False
4883,Sp-Sp-Sp-Sp-Sp-Sp-Sp-Sp-Sp-Sp-Sp-G-G-G-G-G-G-G-Sp-Sp-Sp-Sp-Sp,1,2,False,False,False,False
4884,Sp-Sp-Sp-Sp-Sp-Sp-Sp-Sp-Sp-Sp-Sp-G-G-G-G-G-G-G-G-G-Sp-Sp-Sp,1,2,False,False,False,False
4885,Sp-Sp-Sp-Sp-Sp-Sp-Sp-Sp-Sp-Sp-Sp-G-G-G-G-G-G-G-G-G-G-Sp-Sp,1,2,False,False,False,False
4886,F-F-A-A-A-A-A-A-A-A-A-Sh-Sh-Sh-Sh-Sh-Sh-Sh-Sh-Sh-Sh-Sh-Sh,1,2,False,True,False,False
4887,F-F-A-A-A-A-A-A-A-A-A-A-A-A-F-F-F-F-Sh-Sh-Sh-Sh-Sh,1,3,False,True,False,False
4888,F-F-A-A-A-A-A-A-A-A-A-A-A-A-A-U-U-U-U-U-U-U-U,1,2,False,False,False,False
4889,F-F-A-A-A-A-A-A-A-A-A-A-A-A-A-A-Wa-Wa-Wa-Wa-Wa-Wa-Wa,1,2,False,False,True,False
4890,Sp-Sp-Sp-Sp-Sp-Sp-Sp-Sp-Sp-Sp-G-G-G-G-G-G-G-U-U-U-U-U-U,1,2,False,False,False,False
4891,Sp-Sp-Sp-Sp-Sp-Sp-Sp-Sp-Sp-Sp-G-G-G-G-G-G-G-G-G-Sp-Sp-Sp-Sp,1,2,False,False,False,False
4892,Sp-Sp-Sp-Sp-Sp-Sp-Sp-Sp-Sp-Sp-G-G-G-G-G-G-G-G-G-G-G-G-B,1,2,False,False,False,False
4893,Sp-Sp-Sp-Sp-Sp-Sp-Sp-Sp-Sp-Sp-F-F-F-F-F-F-F-F-Sh-Sh-Sh-Sh-Sh,1,2,False,False,False,False
4894,Sp-Sp-Sp-Sp-Sp-Sp-Sp-Sp-Sp-Sp-F-F-F-F-F-F-F-F-G-G-G-G-G,1,2,False,False,False,False
4895,Wt-Wt-Wt-Wt-Wt-Wt-Wt-Wt-Wt-Wt-Wa-Wa-Wa-Wa-Wa-Wa-Wa-Wa-Wa-Wa-Sp-Sp-Sp,1,2,False,False,False,False
4896,Wt-Wt-Wt-Wt-Wt-Wt-Wt-Wt-Wt-Wt-Sh-Sh-Sh-Sh-Sh-Sh-Sh-F-F-F-F-F-F,1,2,False,False,False,False
4897,F-Wt-Wt-Wt-Wt-Wt-Wt-Wt-Wt-Wt-Wt-Wt-Sh-Sh-Sh-Sh-Sh-Sh-Sh-Sh-Sh-Sh-Sh,1,2,False,True,False,False
4898,F-F-B-B-B-B-B-B-B-B-B-B-B-B-B-B-B-B-B-B-F-F-F,1,2,False,False,False,False
4899,Sh-Sh-Wa-Wa-Wa-Wa-Wa-Wa-G-G-G-G-G-G-G-G-G-G-G-G-G-G-G,1,2,False,False,False,False
4900,F-A-Sh-Sh-Sh-Sh-Sh-Sh-Sh-Sh-A-A-A-A-A-A-A-A-A-A-A-A-A,1,3,False,False,False,False
4901,F-A-A-U-U-U-U-U-U-U-U-U-U-U-U-U-U-U-U-U-U-U-U,1,2,False,False,False,False
4902,F-A-A-A-U-U-U-U-U-U-U-U-U-U-U-U-U-U-U-U-U-U-U,1,2,False,False,False,False
4903,F-A-A-A-A-U-U-U-U-U-U-U-U-U-U-U-U-U-U-U-U-U-U,1,2,False,False,False,False
4904,F-A-A-A-A-A-F-F-F-F-F-F-F-F-F-F-F-F-A-A-A-A-A,1,3,False,False,False,False
4905,Sp-Sp-Sp-Sp-Sp-Sp-Sp-Sp-Sp-Sp-Sp-Sp-G-G-G-G-G-G-Sp-Sp-Sp-Sp-Sp,1,2,False,False,False,False
4906,F-Wt-Wt-Wt-Wt-Wt-Wt-Wt-Wa-Wa-Wa-Wa-Wa-Wa-Wa-Wa-Wa-Wa-Wa-Wa-Wa-Wa-Wa,1,2,False,False,False,False
4907,Wt-Wt-Wt-Wt-Wt-Wt-Wt-Wt-Wt-Wt-Wt-Wa-Wa-Wa-Wa-Wa-Wa-Wa-Wa-Wa-Sp-Sp-Sp,1,2,False,False,False,False
4908,Wt-Wt-Wt-Wt-Wt-Wt-Wt-Wt-Wt-Wt-Wt-Wa-Wa-Wa-Wa-Wa-Wa-Wa-Wt-Wt-Wt-Wt-Wt,1,2,False,False,False,False
4909,Wt-Wt-Wt-Wt-Wt-Wt-Wt-Wt-Wt-Wt-Wt-Wt-Sh-Sh-Sh-Sh-Sh-Sh-Sh-F-F-F-F,1,2,False,False,False,False
4910,F-Sh-Sh-Sh-Sh-Sh-G-G-G-G-G-G-G-G-G-G-G-G-G-G-G-G-G,1,2,False,False,False,False
4911,F-Sh-Sh-Sh-Sh-Sh-F-F-F-F-F-F-F-F-F-F-F-F-F-F-F-F-Sh,1,3,False,False,False,False
4912,F-Sh-Sh-Sh-Sh-A-A-A-A-A-A-A-U-U-U-U-U-U-U-U-U-U-U,1,3,False,False,False,False
4913,F-Sh-Sh-Sh-Sh-A-A-A-A-A-A-A-A-A-U-U-U-U-U-U-U-U-U,1,3,False,False,False,False
4914,Sp-Sp-Sp-Sp-Sp-Sp-Sp-Sp-Sp-Sp-Sp-Sp-Sp-Sh-Sh-Sh-Sh-Sh-Sh-U-U-U-U,1,2,False,False,False,False
4915,Sp-Sp-Sp-Sp-Sp-Sp-Sp-Sp-Sp-Sp-Sp-Sp-Sp-G-G-G-Sp-Sp-Sp-Sp-Sp-Sp-Sp,1,2,False,False,True,False
4916,Sp-Sp-Sp-Sp-Sp-Sp-Sp-Sp-Sp-Sp-Sp-Sp-Sp-G-G-G-Sp-Sp-Sp-G-G-G-G,1,3,False,False,True,False
4917,Sp-Sp-Sp-Sp-Sp-Sp-Sp-Sp-Sp-Sp-Sp-Sp-Sh-Sh-Sh-Sh-Sh-Sh-Sh-Sh-F-F-F,1,2,False,False,False,False
4918,Sp-Sp-Sp-Sp-Sp-Sp-Sp-Sp-Sp-Sp-Sp-Sp-Sh-Sh-Sh-Sh-Sh-F-F-F-F-F-F,1,2,False,False,False,False
4919,Sp-Sp-Sp-Sp-Sp-Sp-Sp-Sp-Sp-Sp-Sp-Sp-G-G-G-G-G-B-B-B-B-B-Sp,1,3,False,False,False,False
4920,F-F-A-A-A-A-A-A-A-A-A-A-A-A-A-A-A-A-A-A-A-A-U,1,2,False,False,False,False
4921,Sh-Wa-Wa-Wa-Wa-Wa-Wa-A-A-A-A-A-A-A-A-A-A-A-A-A-A-A-A,1,2,False,False,False,False
4922,Sh-Sp-Sp-Sp-Sp-Sp-Sp-Sp-Sp-F-F-F-F-F-F-F-F-F-F-F-F-F-F,1,2,False,False,False,False
4923,Sh-Sh-Wa-Wa-Wa-Wa-Wa-Wa-Wa-Wa-Wa-Wa-Wa-Wa-Wa-Wa-F-F-F-F-F-F-F,1,2,False,False,True,False
4924,Sh-Sh-Wa-Wa-Wa-Wa-Wa-Wa-Wa-Wt-Wt-Wt-Wt-Wt-Wt-Wt-Wt-Wt-Wt-Wt-Wt-Wt-Wt,1,2,False,False,False,False
4925,Wt-Wt-Wa-Wa-Wa-Wa-Wa-Wa-Wa-Wa-Wa-Wa-Wa-Wa-Wa-Wa-Wa-Wa-Wa-Wa-Sh-Sh-Sh,1,2,False,False,False,False
4926,Wt-Wt-Wa-Wa-Wa-Wa-Sp-Sp-Sp-Sp-Sp-Sp-Sp-Sp-Sp-Sp-Sp-Sp-Sp-Sp-Sp-Sp-Sp,1,2,False,False,False,False
4927,Wt-Wt-Sp-Sp-Sp-Sp-Sp-Sp-Sp-Sp-Sp-Sp-Sp-Sp-Sp-Sp-Sp-Sp-Sp-Sp-Sp-Sp-Sp,1,1,False,False,False,False
4928,F-F-B-B-B-B-B-B-B-B-B-B-B-B-B-B-B-B-B-B-B-Sp-Sp,1,2,False,False,False,False
4929,F-F-B-B-B-B-B-B-B-B-B-B-B-B-B-B-B-B-B-B-Sp-Sp-Sp,1,2,False,False,False,False
4930,Sp-Sp-Sp-Sp-Sp-Sp-Sp-Sp-Sp-Sp-Sp-Sp-Sp-Sp-Sp-Sp-A-A-A-A-A-F-F,1,2,False,False,True,False
4931,Sp-Sp-Sp-Sp-Sp-Sp-Sp-Sp-Sp-Sp-Sp-Sp-Sp-Sp-G-G-Sp-Sp-G-G-G-G-G,1,3,False,False,True,False
4932,Sp-Sp-Sp-Sp-Sp-Sp-Sp-Sp-Sp-Sp-Sp-Sp-Sp-Sp-G-G-G-G-G-G-G-B-Sp,1,3,False,False,False,False
4933,F-Sh-Sh-Sh-Sh-Sh-Sh-Sh-Sh-A-A-A-A-A-A-A-A-A-A-F-F-F-F,1,3,False,False,False,False
4934,F-Sh-Sh-Sh-Sh-Sh-Sh-Sh-G-G-G-G-G-G-G-G-G-G-G-G-G-G-G,1,2,False,False,False,False
4935,F-Sh-Sh-Sh-Sh-Sh-Sh-Sh-A-A-A-A-A-A-A-A-A-A-A-F-F-F-F,1,3,False,False,False,False
4936,F-Sh-Sh-Sh-Sh-Sh-Sh-U-U-U-U-U-U-U-U-U-U-U-U-U-U-U-U,1,2,False,False,False,False
4937,F-Sh-Sh-Sh-Sh-Sh-Sh-G-G-G-G-G-G-G-G-G-G-G-G-G-G-G-G,1,2,False,False,False,False
4938,Wt-Wt-Wt-Wt-Wt-Wt-Wt-Wt-Wt-Wt-Wt-Wt-Wt-Wt-Wt-Wt-Wt-Wt-Wt-F-F-F-Wt,1,2,False,False,False,False
4939,F-Sh-Sh-Sh-Sh-Sh-Sh-Sh-Sh-Sh-Sh-Sh-Sh-G-G-G-G-G-G-G-G-G-G,1,2,False,False,False,False
4940,F-Sh-Sh-Sh-Sh-Sh-Sh-Sh-Sh-Sh-Sh-Sh-Sh-F-F-F-F-F-F-F-F-F-Wt,1,3,False,False,False,False
4941,Sp-Sp-Sp-Sp-Sp-Sp-Sp-Sp-Sp-Sp-Sp-Sp-Sp-Sp-G-G-G-G-G-G-G-G-Sp,1,2,False,False,False,False
4942,Sp-Sp-Sp-Sp-Sp-Sp-Sp-Sp-Sp-Sp-Sp-Sp-Sp-Sp-F-F-G-G-G-G-G-G-G,1,2,False,False,True,False
4943,F-A-A-A-A-A-A-U-U-U-U-U-U-U-U-U-U-U-U-U-U-U-U,1,2,False,False,False,False
4944,F-A-A-A-A-A-A-A-F-F-F-F-F-F-F-F-F-F-A-A-A-A-A,1,3,False,False,False,False
4945,F-A-A-A-A-A-A-A-A-A-A-A-U-U-U-U-U-U-U-U-U-U-U,1,2,False,False,False,False
4946,F-Sh-Sh-Sh-Sh-Sh-Sh-Sh-Sh-Sh-Sh-Sh-Sh-Sh-Sh-Sh-Sh-U-U-U-U-U-U,1,2,False,False,False,False
4947,F-Sh-Sh-Sh-Sh-Sh-Sh-Sh-Sh-Sh-Sh-Sh-Sh-Sh-Sh-Sh-F-F-F-F-A-A-A,1,3,False,False,True,False
4948,F-Sh-Sh-Sh-Sh-Sh-Sh-Sh-Sh-Sh-Sh-Sh-Sh-Sh-G-G-G-G-G-G-G-G-G,1,2,False,False,False,False
4949,Sp-Sp-Sp-Sp-Sp-Sp-Sp-Sp-Sp-Sp-Sp-Sp-Sp-Sp-Sp-Sp-Sp-Sp-G-G-G-G-A,1,2,False,False,False,False
4950,Sp-Sp-Sp-Sp-Sp-Sp-Sp-Sp-Sp-Sp-Sp-Sp-Sp-Sp-Sp-Sp-Sp-Sp-G-A-A-A-A,1,2,False,False,False,False
4951,Sp-Sp-Sp-Sp-Sp-Sp-Sp-Sp-Sp-Sp-Sp-Sp-Sp-Sp-Sp-Sp-Sp-Sh-Sh-Sh-Sh-F-F,1,2,False,False,False,False
4952,Sp-Sp-Sp-Sp-Sp-Sp-Sp-Sp-Sp-Sp-Sp-Sp-Sp-Sp-Sp-Sp-Sp-Wt-Wt-Wt-Wt-Wt-Wt,1,1,False,False,False,False
4953,F-A-A-A-A-A-A-A-A-A-A-A-A-A-A-A-Wt-Wt-Wt-Wt-Wt-Wt-Wt,1,2,False,False,True,False
4954,F-A-A-A-A-A-A-A-A-A-A-A-A-A-A-A-A-Wa-Wa-Wa-Wa-Wa-Wa,1,2,False,False,False,False
4955,F-A-A-A-A-A-A-A-A-A-A-A-A-A-A-A-A-Wt-Wt-Wt-Wt-Wt-Wt,1,2,False,False,False,False
4956,F-A-A-A-A-A-A-A-A-A-A-A-A-A-A-A-A-A-Sh-Sh-Sh-Sh-Sh,1,2,False,False,False,False
4957,F-A-A-A-A-A-A-A-A-A-A-A-A-A-A-A-A-A-A-F-F-A-A,1,3,False,False,False,False
4958,Sp-Sp-Sp-Sp-Sp-Sp-Sp-Sp-Sp-Sp-Sp-Sp-Sp-Sp-Sp-Sp-G-G-Sp-Sp-Sp-Sp-Sp,1,2,False,False,True,False
4959,Sp-Sp-Sp-Sp-Sp-Sp-Sp-Sp-Sp-Sp-Sp-Sp-Sp-Sp-Sp-Sp-G-G-G-G-G-G-Sp,1,2,False,False,True,False
4960,Sp-Sp-Sp-Sp-Sp-Sp-Sp-Sp-Sp-Sp-Sp-Sp-Sp-Sp-Sp-Sp-G-G-G-G-G-G-F,1,2,False,False,True,False
4961,Sp-Sp-Sp-Sp-Sp-Sp-Sp-Sp-Sp-Sp-Sp-Sp-Sp-Sp-Sp-Sp-G-G-G-G-G-F-F,1,2,False,False,True,False
4962,A-Wa-Wa-Wa-Wa-Wa-Wa-Wa-Wa-Wa-Wa-Wa-Wa-Wa-Wa-Wa-Wa-Wa-Wa-Wa-Wt-Wt-Wt,1,2,False,False,False,False
4963,A-Wa-Wa-Wa-Wa-Wa-Wa-Wa-Wa-Wa-Wa-Wt-Wt-Wt-Wt-Wt-Wt-Wt-Wt-Wt-Wt-Wt-Wt,1,2,False,False,False,False
4964,F-Sh-Sh-Sh-Sh-Sh-Sh-Sh-Sh-Sh-Sh-Sh-Sh-A-A-A-F-F-F-F-F-F-F,1,3,False,True,True,False
4965,F-Sh-Sh-Sh-Sh-Sh-Sh-Sh-Sh-Sh-Sh-Sh-A-A-A-A-A-A-A-A-F-F-F,1,3,False,False,False,False
4966,F-Sh-Sh-Sh-Sh-Sh-Sh-Sh-Sh-Sh-Sh-Sh-A-A-A-A-A-A-A-A-A-A-F,1,3,False,True,False,False
4967,F-Sh-Sh-Sh-Sh-Sh-Sh-Sh-Sh-Sh-U-U-U-U-U-U-U-U-U-U-U-U-U,1,2,False,False,False,False
4968,F-Sh-Sh-Sh-Sh-Sh-Sh-Sh-Sh-Sh-G-G-G-G-G-G-G-G-G-G-G-G-G,1,2,False,False,False,False
4969,F-Sh-Sh-Sh-Sh-Sh-Sh-Sh-Sh-Sh-Sh-Sh-Sh-Sh-Sh-Sh-Sh-Sh-A-F-F-F-F,1,3,False,False,False,False
4970,Sh-Sh-Wa-Wa-Wa-Wa-Wa-Sh-Sh-Sh-Sh-Sh-Sh-Sh-Sh-Sh-Sh-Sh-Sh-Sh-Sh-Sh-Sh,1,2,False,False,False,False
4971,Sh-Sh-Wa-Wa-Wa-Wa-Wa-Wt-Wt-Wt-Wt-Wt-Wt-Wt-Wt-Wt-Wt-Wt-Wt-Wt-Wt-Wt-Wt,1,2,False,False,False,False
4972,Sh-Sh-Sh-Wa-Wa-Wa-Wa-Wa-Wa-Wa-Wa-Wa-Wa-Wa-Wa-Wa-Wa-Wa-Wt-Wt-Wt-Wt-Wt,1,2,False,False,False,False
4973,F-F-F-F-F-F-F-F-F-F-F-F-F-F-F-F-F-F-F-F-F-Sh-F,1,2,False,True,False,False
4974,F-F-F-F-F-F-F-F-F-F-F-F-F-F-F-F-F-F-F-G-G-F-F,1,2,False,False,False,False
4975,Wt-Wa-Wa-Wa-Wa-Wa-Wa-Wa-Wa-Wa-Wa-Sh-Sh-Sh-Sh-Sh-Sh-Sh-Sh-Sh-Sh-Sh-Sh,1,2,False,False,False,False
4976,Wt-Sh-Sh-Sh-Sh-Sh-Sh-Sh-Sh-Sh-Sh-Sh-Sh-Sh-Sh-Sh-Sh-Sh-Sh-A-A-A-A,1,2,False,False,False,False
4977,Wt-Sh-Sh-Sh-Sh-Sh-Sh-Sh-Sh-Sh-Sh-Sh-Sh-Sh-U-U-U-U-U-U-U-U-U,1,2,False,False,False,False
4978,F-F-Sh-Sh-Sh-Sh-Sh-Sh-Sh-Sh-Sh-Sh-Sh-Sh-Sh-Sh-F-F-F-F-F-F-A,1,3,False,True,True,False
4979,F-F-Sh-Sh-Sh-Sh-Sh-Sh-Sh-Sh-Sh-Sh-Sh-Sh-G-G-G-G-G-G-G-G-G,1,2,False,False,False,False
4980,F-F-Sh-Sh-Sh-Sh-Sh-Sh-Sh-Sh-Sh-Sh-Sh-G-G-G-G-G-G-G-G-G-G,1,2,False,True,False,False
4981,A-B-B-B-B-B-B-B-B-B-B-B-B-B-B-B-Sp-Sp-Sp-Sp-Sp-Sp-Sp,1,2,False,False,True,False
4982,A-B-B-B-B-B-B-B-B-B-B-B-B-B-B-B-G-G-G-G-G-G-G,1,2,False,False,True,False
4983,Sp-Sp-Sp-Sp-Sp-Sp-Sp-Sp-Sp-Sp-Sp-Sp-Sp-Sp-Sp-Sp-Sp-Sp-Sp-G-G-B-B,1,2,False,False,False,False
4984,Wt-Wt-Wt-Wt-Wt-Wt-Wt-Wt-Wt-Wt-Wt-Wt-Wt-Wt-Wt-Wt-Wt-F-F-F-F-F-A,1,2,False,False,False,False
4985,Wt-Wt-Wt-Wt-Wt-Wt-Wt-Wt-Wt-Wt-Wt-Wt-Wt-Wt-Wt-Wt-F-F-F-Sh-Sh-Sh-Sh,1,2,False,False,True,False
4986,Wt-Wt-Wt-Wt-Wt-Wt-Wt-Wt-Wt-Wt-Wt-Wt-Wt-Wt-Wt-Wt-F-F-F-F-F-F-Sh,1,2,False,False,True,False
4987,F-Sh-Sh-Sh-Sh-Sh-Sh-Sh-Sh-Sh-Sh-Sh-Sh-Sh-Sh-Sh-Sh-Sh-Sh-Wa-Wa-Wa-Wa,1,2,False,False,False,False
4988,F-Sh-Sh-Sh-Sh-Sh-Sh-Sh-Sh-Sh-Sh-Sh-Sh-Sh-Sh-Sh-Sh-Sh-Sh-Sh-Sh-Sp-Sp,1,2,False,False,False,False
4989,Sp-Sp-Sp-Sp-Sp-Sp-Sp-Sp-Sp-Sp-Sp-Sp-Sp-Sp-Sp-Sp-Sp-Sp-Sp-G-G-A-A,1,2,False,False,False,False
4990,Sp-Sp-Sp-Sp-Sp-Sp-Sp-Sp-Sp-Sp-Sp-Sp-Sp-Sp-Sp-Sp-Sp-Sp-Sh-Sh-Sh-Sh-F,1,2,False,False,False,False
4991,Sp-Sp-Sp-Sp-Sp-Sp-Sp-Sp-Sp-Sp-Sp-Sp-Sp-Sp-Sp-Sp-Sp-Sp-Wt-Wt-Wt-Wt-Wt,1,1,False,True,False,False
4992,Sp-Sp-Sp-Sp-Sp-Sp-Sp-Sp-Sp-Sp-Sp-Sp-Sp-Sp-Sp-Sp-Sp-Sp-G-G-G-B-B,1,2,False,False,False,False
4993,F-A-A-A-A-A-A-A-A-A-A-A-A-A-A-A-A-A-A-A-A-A-U,1,2,False,True,False,False
4994,F-Sp-Sp-Sp-Sp-Sp-Sp-Sp-Sp-Sp-Sp-Sp-Sp-Sp-Sp-Sp-Sp-Sp-G-G-G-G-G,1,2,False,False,False,False
4995,A-Sh-Sh-Sh-Sh-Sh-Sh-Sh-Sh-Sh-A-A-A-A-A-A-A-A-A-A-A-A-F,1,3,False,False,False,False
4996,Sp-Sp-Sp-Sp-Sp-Sp-Sp-Sp-Sp-Sp-Sp-Sp-Sp-Sp-Sp-Sp-Sp-Sp-Sp-Wa-Wa-F-F,1,2,False,False,False,False
4997,Sp-Sp-Sp-Sp-Sp-Sp-Sp-Sp-Sp-Sp-Sp-Sp-Sp-Sp-Sp-Sp-Sp-Sp-Sp-B-A-A-A,1,2,False,False,False,False
4998,A-Sh-Sh-Sh-Sh-Sh-Sh-Sh-Sh-Sh-Sh-Sh-Sh-Sh-Sh-Sh-Sh-Sh-U-U-U-U-U,1,2,False,False,False,False
4999,Sp-Sp-Sp-Sp-Sp-Sp-Sp-Sp-Sp-Sp-Sp-Sp-Sp-Sp-Sp-Sp-Sp-Sp-Sp-Sp-G-B-B,1,2,False,False,False,False
5000,Sh-Sh-Sh-Wa-Wa-Wa-Wa-Wa-Wa-Wa-G-G-G-G-G-G-G-G-G-G-G-G-G,1,2,False,False,False,False
5001,Sh-Sh-Sh-Sh-B-B-B-B-B-B-B-B-B-B-B-B-B-B-B-B-B-B-B,1,1,False,False,False,False
5002,Sh-Sh-Sh-Sh-Sh-Sh-Wa-Wa-Wa-Wa-Wa-Wa-Wa-Wa-Wa-Wa-Wa-Wa-Wa-Wa-Wa-U-U,1,2,False,False,False,False
5003,Sh-Sh-Sh-Sh-Sh-Sh-Wa-Wa-Wa-Wa-Wa-Wa-Wa-Wa-Wa-Wa-Wa-Wa-Wa-Wa-Wa-Wt-Wt,1,2,False,False,False,False
5004,Sh-Sh-Sh-Sh-Sh-Sh-Sh-Wa-Wa-Wa-Wa-Wa-Wa-Wa-Wa-Wa-Wa-Wa-Wa-Wa-F-F-F,1,2,False,False,False,False
5005,Sh-Sh-Sh-Sh-Sh-Sh-Sh-B-B-B-B-B-B-B-B-B-B-B-B-B-B-B-B,1,1,False,False,False,False
5006,Sh-Sh-Sh-Sh-Sh-Sh-Sh-Sh-Wa-Wa-Wa-Wa-Wa-Wa-Wa-Wa-Wa-Wa-Wa-Wa-Wt-Wt-Wt,1,2,False,False,False,False
5007,Sh-Sh-Sh-Sh-Sh-Sh-Sh-Sh-Sh-B-B-B-B-B-B-B-B-B-B-B-B-B-B,1,1,False,False,False,False
5008,Sh-Sh-Sh-Sh-Sh-Sh-Sh-Sh-Sh-Sp-Sp-Sp-Sp-Sp-Sp-Sp-Sp-Wa-Wa-Wa-Wa-Wa-Wa,1,2,False,False,False,False
5009,F-F-Sh-Sh-Sh-Sh-Sh-Sh-Sh-Sh-Sh-Sh-Sh-Sh-Sh-Sh-F-F-Sh-Sh-Sh-Sh-Sh,1,3,False,False,True,False
5010,F-F-F-F-F-F-F-F-F-F-F-F-F-F-F-F-F-F-F-Sp-A-A-A,1,2,False,False,False,False
5011,F-F-F-F-F-F-F-F-F-F-F-F-F-F-F-F-F-F-F-Sh-F-F-A,1,3,False,False,False,False
5012,F-F-F-F-F-F-F-F-F-F-F-F-F-F-F-F-F-F-Sh-Wa-Wa-Wa-Wa,1,2,False,False,False,False
5013,F-F-F-F-F-F-F-F-F-F-F-F-F-F-F-F-F-F-Sh-F-F-F-F,1,2,False,False,False,False
5014,F-F-F-F-F-F-F-F-F-F-F-F-F-F-F-F-F-F-G-G-G-G-F,1,2,False,False,False,False
5015,F-F-F-F-F-F-F-F-F-F-F-F-F-F-F-F-F-F-G-G-F-F-F,1,2,False,False,False,False
5016,A-Sh-Sh-Sh-Sh-Sh-Sh-Sh-U-U-U-U-U-U-U-U-U-U-U-U-U-U-U,1,2,False,True,False,False
5017,A-Wt-Wt-Wt-Wt-Wt-Wt-Wt-Wt-Wt-Wt-Wt-Wt-Wt-Wt-Wt-Wt-Wt-Wt-Wt-A-A-A,1,2,False,False,False,False
5018,A-Sh-Sh-Sh-Sh-Sh-Sh-Sh-Sh-Sh-Sh-Sh-Sh-Sh-Sh-U-U-U-U-U-U-U-U,1,2,False,False,False,False
5019,A-Sh-Sh-Sh-Sh-Sh-Sh-Sh-Sh-Sh-Sh-Sh-A-A-A-A-A-A-F-F-F-F-F,1,3,False,False,False,False
5020,Wt-Wt-Wt-Wt-Wt-Wt-Wt-Wt-Wt-Wt-Wt-Wt-Wt-F-F-F-F-F-F-Sh-Sh-Sh-Sh,1,2,False,True,False,False
5021,Wt-Wt-Wt-Wt-Wt-Wt-Wt-Wt-Wt-Wt-Wt-Wt-F-F-F-F-F-Wa-Wa-Wa-Wa-Wa-Wa,1,2,False,False,False,False
5022,Wt-Wt-Wt-Wt-Wt-Wt-Wt-Wt-Wt-Wt-Wt-Wt-F-F-F-F-F-F-F-A-A-A-A,1,2,False,False,False,False
5023,F-Sp-Sp-Sp-Sp-Sp-Sp-Sp-B-B-B-B-B-B-B-B-B-B-B-B-B-B-B,1,2,False,False,False,False
5024,F-Sp-Sp-Sp-Sp-Sp-Sp-Sp-B-B-B-B-B-B-B-B-B-B-B-B-B-Sp-Sp,1,3,False,False,False,False
5025,F-Sp-Sp-Sp-Sp-Sp-Sp-Sp-Sp-Sp-Sp-Sp-Sp-Sp-Sp-Sp-Sp-Sp-Sp-F-F-F-F,1,2,False,False,False,False
5026,Sp-Sp-Sp-Sp-Sp-Sp-Sp-Sp-Sp-Sp-Sp-Sp-Sp-Sp-Sp-Sp-Wa-Wa-Wa-Sh-Sh-Sh-Sh,1,2,False,False,True,False
5027,Sp-Sp-Sp-Sp-Sp-Sp-Sp-Sp-Sp-Sp-Sp-Sp-Sp-Sp-Sp-Sp-B-B-B-Sp-G-G-G,1,3,False,False,True,False
5028,Sp-Sp-Sp-Sp-Sp-Sp-Sp-Sp-Sp-Sp-Sp-Sp-Sp-Sp-Sp-Sp-Sp-B-G-G-G-G-G,1,2,False,False,False,False
5029,F-Sp-Sp-Sp-Sp-Sp-Sp-Sp-Sp-Sp-Sp-Sp-Sp-Sp-Sp-Sp-F-F-F-F-F-F-F,1,2,False,False,True,False
5030,F-Sp-Sp-Sp-Sp-Sp-Sp-Sp-Sp-Sp-Sp-Sp-Sp-U-U-U-U-U-U-U-U-U-U,1,2,False,False,False,False
5031,F-Sh-Sh-Sh-Sh-Sh-Sh-Sh-Sh-Sh-Sh-Sp-Sp-Sp-Sp-Sp-Sp-Sp-Sp-Sp-Sp-Sp-Sp,1,2,False,False,False,False
5032,Wt-Wt-Wt-Wt-Wt-Wt-Wt-Wt-Wt-Wt-F-F-F-F-F-F-F-Wa-Wa-Wa-Wa-Wa-Wa,1,2,False,False,False,False
5033,A-Sh-Sh-Sh-Sh-Sh-Sh-Sh-Sh-G-G-G-G-G-G-G-G-G-G-G-G-G-G,1,2,False,False,False,False
5034,A-Sh-Sh-Sh-Sh-Sh-Sh-Sh-Sh-A-A-A-A-A-A-A-A-A-A-A-A-F-F,1,3,False,False,False,False
5035,F-F-Sh-Sh-Sh-Sh-Sh-Sh-Sh-Sh-Sh-Sh-Sh-Sh-Sh-Sh-Sh-Sh-Sh-Sh-Sh-A-A,1,2,False,False,False,False
5036,F-F-Sh-Sh-Sh-Sh-Sh-Sh-Sh-Sh-Sh-Sh-Sh-Sh-Sh-Sh-Sh-Sh-G-G-G-G-G,1,2,False,False,False,False
5037,F-F-Sh-Sh-Sh-Sh-Sh-Sh-Sh-Sh-Sh-Sh-Sh-Sh-Sh-Sh-Sh-U-U-U-U-U-U,1,2,False,False,False,False
5038,F-F-Sh-Sh-Sh-Sh-Sh-Sh-Sh-Sh-Sh-Sh-Sh-Sh-Sh-Sh-Sh-G-G-G-G-G-G,1,2,False,False,False,False
5039,Sh-Sh-Sh-Sh-Sh-Sh-Sh-Sh-Sh-Sp-Sp-Sp-Sp-Sp-Sp-Sp-Wt-Wt-Wt-Wt-Wt-Wt-Wt,1,2,False,False,True,False
5040,F-F-F-F-F-F-F-F-F-F-F-F-F-F-F-F-F-F-F-B-Sh-Sh-Sh,1,2,False,False,False,False
5041,F-F-F-F-F-F-F-F-F-F-F-F-F-F-F-F-F-F-F-Sp-Sh-Sh-Sh,1,2,False,False,False,False
5042,F-F-F-F-F-F-F-F-F-F-F-F-F-F-F-F-G-G-G-G-G-A-A,1,2,False,False,True,False
5043,F-F-F-F-F-F-F-F-F-F-F-F-F-F-F-F-G-G-G-F-F-F-F,1,2,False,False,True,False
5044,F-F-F-F-F-F-F-F-F-F-F-F-F-F-F-F-F-Sh-Sh-Sh-Sh-F-F,1,2,False,False,False,False
5045,F-F-F-F-F-F-F-F-F-F-F-F-F-F-F-F-F-G-G-G-G-G-F,1,2,False,False,False,False
5046,Wt-Wt-Wt-Wt-Wt-Wt-Wt-Wt-Wt-F-F-F-F-F-Wa-Wa-Wa-Wa-Wa-Wa-Wa-Wa-Wa,1,2,False,False,False,False
5047,Wt-Wt-Wt-Wt-Wt-Wt-Wt-Wt-Wt-F-F-F-F-F-F-F-F-F-F-F-F-F-Sh,1,2,False,False,False,False
5048,Wt-Wt-Wt-Wt-Wt-Wt-Wt-Wt-Wt-F-F-F-F-F-F-F-F-F-A-A-A-A-A,1,2,False,False,False,False
5049,Sp-Sp-Sp-Sp-Sp-Sp-Sp-Sp-Sp-Sp-Sp-Sp-Sp-Sp-B-B-B-B-G-G-G-G-G,1,2,False,False,False,False
5050,A-F-F-F-F-F-F-F-F-F-F-F-F-B-B-B-B-B-B-B-B-B-B,1,2,False,False,False,False
5051,A-F-F-F-F-F-F-F-F-F-F-F-F-U-U-U-U-U-U-U-U-U-U,1,2,False,True,False,False
5052,A-F-F-G-G-G-G-G-G-G-G-G-G-G-G-G-G-G-G-G-G-G-G,1,2,False,False,False,False
5053,A-F-F-F-U-U-U-U-U-U-U-U-U-U-U-U-U-U-U-U-U-U-U,1,2,False,False,False,False
5054,A-F-F-F-F-F-F-Sh-Sh-Sh-Sh-Sh-Sh-Sh-Sh-Sh-Sh-Sh-Sh-F-F-F-F,1,3,False,False,False,False
5055,A-F-F-F-F-F-F-G-G-G-G-G-G-G-G-G-G-G-G-G-G-G-G,1,2,False,False,False,False
5056,Sp-Sp-Sp-Sp-Sp-Sp-Sp-Sp-Sp-Sp-Sp-Sp-Sp-Sp-Sp-Sp-Wa-Wa-Wa-Wa-Wa-Wa-G,1,2,False,False,True,False
5057,Sp-Sp-Sp-Sp-Sp-Sp-Sp-Sp-Sp-Sp-Sp-Sp-Sp-Sp-Sp-Sp-Wa-Wa-Wa-Sp-Sp-Sp-Sp,1,2,False,False,True,False
5058,Wt-Wt-Wt-Wt-Wt-Wt-Wt-Wt-Wt-Wt-A-A-A-A-A-A-F-F-F-F-F-F-F,1,2,False,False,True,False
5059,F-F-F-F-F-F-F-F-F-F-F-F-F-F-F-F-Sh-Sh-F-F-F-F-F,1,2,False,False,True,False
5060,F-F-F-F-F-F-F-F-F-F-F-F-F-F-F-F-Sh-F-F-F-F-F-F,1,2,False,True,True,False
5061,F-F-F-F-F-F-F-F-F-F-F-F-F-F-F-F-Wt-Wa-Wa-Wa-Wa-Wa-Wa,1,2,False,False,True,False
5062,Sh-A-A-A-A-A-A-A-A-A-A-A-Sp-Sp-Sp-Sp-Sp-Sp-Sp-Sp-Sp-Sp-Sp,1,2,False,False,False,False
5063,Sh-A-A-A-A-A-A-A-A-A-A-A-A-A-A-U-U-U-U-U-U-U-U,1,2,False,False,False,False
5064,Sh-A-A-A-A-A-A-A-A-A-A-A-A-A-A-A-A-A-A-U-U-U-U,1,2,False,False,False,False
5065,Sh-F-F-F-F-F-F-F-A-A-A-A-A-A-A-A-A-A-A-F-F-F-F,1,3,False,False,False,False
5066,Sh-Sh-Sh-Sh-Sh-Sh-Sh-Sh-Sh-Sh-Sh-B-B-B-B-B-B-B-B-B-B-B-B,1,1,False,False,False,False
5067,Sh-Sh-Sh-Sh-Sh-Sh-Sh-Sh-Sh-Sh-Sh-Sh-Sh-Sp-Sp-Sp-Sp-Sp-Sp-Sp-F-F-F,1,2,False,False,False,False
5068,Sh-Sh-Sh-Sh-Sh-Sh-Sh-Sh-Sh-Sh-Sh-Sh-Sh-Sh-Sh-Sh-Wa-Wa-Wa-Wa-Wa-Wa-F,1,2,False,False,True,False
5069,Sh-Sh-Sh-Sh-Sh-Sh-Sh-Sh-Sh-Sh-Sh-Sh-Sh-Sh-Sh-Sh-Wa-Wa-Wa-Wa-F-F-F,1,2,False,False,True,False
5070,Sh-Sh-Sh-Sh-Sh-Sh-Sh-Sh-Sh-Sh-Sh-Sh-Sh-Sh-Sh-Sh-Wa-Wa-Wa-Sp-Sp-Sp-Sp,1,2,False,False,True,False
5071,Sh-Sh-Sh-Sh-Sh-Sh-Sh-Sh-Sh-Sh-Sh-Sh-Sh-Sh-Sh-Sh-Wa-Wa-Sh-Sh-Sh-Sh-Sh,1,2,False,False,True,False
5072,Sh-Sh-Sh-Sh-Sh-Sh-Sh-Sh-Sh-Sh-Sh-Sh-Sh-Sh-Sh-Sh-Sh-Sh-Wa-Wa-Wa-F-F,1,2,False,False,False,False
5073,Sh-Sh-Sh-Sh-Sh-Sh-Sh-Sh-Sh-Sh-Sh-Sh-Sh-Sh-Sh-Sh-Sh-Sh-Sh-B-B-B-B,1,1,False,False,False,False
5074,F-F-F-F-F-F-F-F-F-F-F-F-F-F-F-G-F-F-F-F-F-F-Sp,1,3,False,False,True,False
5075,F-F-F-F-F-F-F-F-F-F-F-F-F-F-F-G-F-F-F-F-F-F-Sh,1,3,False,False,True,False
5076,F-F-F-F-F-F-F-F-F-F-F-F-F-F-F-F-Sh-Sh-Sp-Sp-Sp-Sp-Sp,1,2,False,False,True,False
5077,A-F-F-F-F-F-F-F-F-F-F-F-F-F-F-F-F-F-F-F-F-F-G,1,2,False,False,False,False
5078,Sp-Sp-Sp-Sp-Sp-Sp-Sp-Sp-Sp-Sp-Sp-B-B-B-B-B-B-B-B-G-G-G-G,1,2,False,False,False,False
5079,Sp-Sp-Sp-Sp-Sp-Sp-Sp-Sp-Sp-Sp-Sp-Sp-B-B-B-B-B-B-G-G-G-G-G,1,2,False,False,False,False
5080,Wt-Wt-Wt-Wt-Wt-Wt-Wt-Wt-Wt-F-F-F-F-F-F-F-A-A-A-A-A-A-A,1,2,False,False,True,False
5081,Wt-Wt-Wt-Wt-Wt-Wt-Wt-Wt-G-G-G-G-G-G-G-G-G-G-G-G-G-G-G,1,1,False,False,False,False
5082,Wt-Wt-Wt-Wt-Wt-Wt-Wt-Wt-F-F-F-F-F-F-F-F-F-F-F-F-F-F-A,1,2,False,False,False,False
5083,Wt-Wt-Wt-Wt-Wt-Wt-Wt-Wt-F-F-F-F-F-F-F-F-F-F-A-A-A-A-A,1,2,False,False,False,False
5084,Wt-Wt-Wt-Wt-Wt-Wt-Wt-G-G-G-F-F-F-F-F-F-F-F-F-F-F-F-F,1,2,False,False,False,False
5085,Sp-Sp-Sp-Sp-Sp-Sp-Sp-Sp-Sp-Sp-Sp-Sp-Sp-B-B-B-B-B-B-B-B-B-U,1,2,False,False,False,False
5086,A-F-F-F-F-F-F-F-F-F-F-F-F-F-G-G-G-G-G-G-G-G-G,1,2,False,False,False,False
5087,A-F-F-F-F-F-F-F-F-F-F-F-F-F-F-U-U-U-U-U-U-U-U,1,2,False,False,False,False
5088,Sp-Sp-Sp-Sp-Sp-Sp-Sp-Sp-Sp-Sp-Sp-Sp-Sp-Sp-B-B-B-B-B-B-G-G-G,1,2,False,False,False,False
5089,Wt-Wt-Wt-Wt-Wt-Wt-Wt-Wt-Wt-Wt-F-F-F-F-F-F-F-F-A-A-A-A-A,1,2,False,False,False,False
5090,A-F-F-F-F-F-F-F-F-F-F-F-F-F-F-F-F-F-F-Wt-Wt-Wt-Wt,1,2,False,False,False,False
5091,A-F-F-F-F-F-F-F-F-F-F-F-F-F-F-F-F-F-F-F-Sp-Sp-Sp,1,2,False,False,False,False
5092,A-F-F-F-F-F-F-F-F-F-F-F-F-F-F-F-F-F-F-F-F-U-U,1,2,False,True,False,False
5093,Wt-Wt-Wt-Wt-Wt-Wt-Wt-F-F-F-F-F-F-F-F-F-F-Wt-Wt-Wt-Wt-Wt-Wt,1,2,False,False,False,False
5094,Wt-Wt-Wt-Wt-Wt-Wt-Wt-F-F-F-F-F-F-F-F-F-F-F-F-G-G-G-G,1,2,False,False,False,False
5095,F-Wa-Wa-Wa-Wa-Wa-Sp-Sp-Sp-Sp-Sp-Sp-Sp-Sp-Sp-Sp-Sp-Sp-Sp-Sp-Sp-Sp-Sp,1,2,False,False,False,False
5096,A-F-F-F-F-F-F-F-F-F-F-F-F-F-F-F-F-F-F-F-F-F-B,1,2,False,False,False,False
5097,F-F-Sh-Sh-Sh-Sh-Sh-Sh-Sh-Sh-Sh-F-F-F-F-F-F-F-F-F-F-A-A,1,3,False,True,False,False
5098,Sh-A-A-A-A-A-A-Sh-Sh-Sh-Sh-Sh-Sh-Sh-Sh-Sh-Sh-F-F-F-F-F-F,1,3,False,False,False,False
5099,Sh-A-A-A-A-A-A-U-U-U-U-U-U-U-U-U-U-U-U-U-U-U-U,1,2,False,False,False,False
5100,Sh-A-A-A-A-A-A-A-U-U-U-U-U-U-U-U-U-U-U-U-U-U-U,1,2,False,False,False,False
5101,F-F-F-F-F-F-F-F-F-F-F-F-F-F-F-F-Wt-Wt-Wa-Wa-Wa-Wa-Wa,1,2,False,False,True,False
5102,F-F-F-F-F-F-F-F-F-F-F-F-F-F-F-F-Wt-Wt-F-F-F-F-F,1,2,False,False,True,False
5103,Sh-Sh-Sh-Sh-Sh-Sh-Sh-Sh-Sh-Sh-Sh-Sh-Sh-Sh-Sh-Sh-Sh-Sh-Sh-Sh-Sh-F-Sh,1,2,False,False,False,False
5104,F-F-F-F-F-F-F-F-F-F-F-F-F-F-F-B-F-F-F-F-F-F-F,1,2,False,False,True,False
5105,F-F-F-F-F-F-F-F-F-F-F-F-F-F-F-Sh-F-F-F-F-F-F-G,1,3,False,False,True,False
5106,F-F-F-F-F-F-F-F-F-F-F-F-F-F-Sh-Sh-F-F-Sh-Sh-Sh-Sh-Sh,1,3,False,False,True,False
5107,F-F-F-F-F-F-F-F-F-F-F-F-F-F-Sh-Sh-F-F-F-Sh-Sh-Sh-Sh,1,3,False,False,True,False
5108,F-F-F-F-F-F-F-F-F-F-F-F-F-F-G-G-Wa-Wa-Wa-Wa-Wa-Wa-Wa,1,2,False,False,True,False
5109,F-F-F-F-F-F-F-F-F-F-F-F-F-F-G-G-G-G-G-G-G-G-F,1,2,False,False,False,False
5110,F-Wa-Wa-Wa-Wa-Wa-Wa-Wa-Wa-Sp-Sp-Sp-Sp-Sp-Sp-Sp-Sp-Sp-Sp-Sp-Sp-Sp-Sp,1,2,False,False,False,False
5111,F-Wa-Wa-Wa-Wa-Wa-Wa-Wa-Wa-Sh-Sh-Sh-Sh-Sh-Sh-Sh-Sh-Sh-Sh-Sh-Sh-Sh-Sh,1,2,False,False,False,False
5112,Sp-Sp-Sp-Sp-Sp-Sp-Sp-Sp-Sp-B-B-B-B-B-B-B-B-B-B-B-G-G-G,1,2,False,False,False,False
5113,Sp-Sp-Sp-Sp-Sp-Sp-Sp-Sp-Sp-B-B-B-B-B-B-B-B-B-F-F-F-F-F,1,2,False,False,False,False
5114,A-F-F-F-F-F-F-F-A-A-A-A-A-A-A-A-F-F-F-F-F-F-F,1,3,False,False,True,False
5115,A-A-Wa-Wa-Wa-Wa-Wa-Wa-A-A-A-A-A-A-A-A-A-A-A-A-A-A-A,1,2,False,False,False,False
5116,Sp-Sp-Sp-Sp-Sp-Sp-Sp-Sp-Sp-B-B-B-B-B-B-B-B-Sp-Sp-Sp-Sp-Sp-Sp,1,2,False,False,False,False
5117,Sp-Sp-Sp-Sp-Sp-Sp-Sp-Sp-Sp-Sp-B-B-B-B-B-B-B-G-G-G-G-G-G,1,2,False,False,False,False
5118,A-F-F-F-F-F-F-F-F-F-F-F-F-F-F-F-F-F-A-A-A-A-F,1,3,False,False,False,False
5119,A-F-F-F-F-F-F-F-F-F-A-A-A-A-A-A-A-A-F-F-F-F-F,1,3,False,False,False,False
5120,A-F-F-F-F-F-F-F-F-F-F-F-F-F-F-F-F-F-F-B-B-B-B,1,2,False,False,False,False
5121,A-F-F-F-F-F-F-F-F-F-F-F-F-F-F-F-F-F-F-Sh-A-A-A,1,3,False,False,False,False
5122,A-A-Sh-Sh-Sh-Sh-Sh-Sh-Sh-Sh-Sh-Sh-Sh-Sh-Sh-Sh-Sh-Sh-Sh-A-A-A-F,1,3,False,False,False,False
5123,Sp-Sp-Sp-Sp-Sp-Sp-Sp-Sp-B-B-B-B-B-B-B-B-B-B-B-G-G-G-G,1,2,False,False,False,False
5124,Sp-Sp-Sp-Sp-Sp-Sp-Sp-Sp-B-B-B-B-B-B-B-B-B-B-Sp-Sp-Sp-Sp-B,1,3,False,False,False,False
5125,Sp-Sp-Sp-Sp-Sp-Sp-Sp-Sp-B-B-B-B-B-B-B-B-B-Sp-Sp-Sp-Sp-B-B,1,3,False,False,False,False
5126,Wt-Wt-Wt-Wt-Wt-Wt-Wt-F-F-F-F-F-F-F-F-F-F-F-F-F-A-A-A,1,2,False,False,False,False
5127,Wt-Wt-Wt-Wt-Wt-Wt-Wt-F-F-F-F-F-F-F-F-F-A-A-A-A-A-A-A,1,2,False,False,True,False
5128,Wt-Wt-Wt-Wt-Wt-Wt-Wt-A-A-A-A-A-A-A-A-A-F-F-F-F-F-F-F,1,2,False,False,True,False
5129,F-Wa-Wa-Wa-Wa-Wa-Wa-Wa-Wa-Wa-Wa-Wa-Wa-Wa-Wa-Wa-Wa-Wa-Wa-Wa-Wa-Wa-F,1,2,False,False,False,False
5130,Sh-Sh-Sh-Sh-Sh-Sh-Sh-Sh-Sh-Sh-Sh-Sh-Sh-Sh-Sh-Sh-Sh-Sh-Sh-Sh-F-F-A,1,2,False,False,False,False
5131,Sh-Sh-Sh-Sh-Sh-Sh-Sh-Sh-Sh-Sh-Sh-Sh-Sh-Sh-Sh-Sh-Sh-Sh-Sh-Sh-A-F-F,1,2,False,False,False,False
5132,Sh-Sh-Sh-Sh-Sh-Sh-Sh-Sh-Sh-Sh-Sh-Sh-Sh-Sh-Sh-Sh-Sh-Sh-Sh-G-G-G-F,1,2,False,False,False,False
5133,Sh-Sh-Sh-Sh-Sh-Sh-Sh-Sh-Sh-Sh-Sh-Sh-Sh-Sh-Sh-Sh-Sh-Sh-Sh-G-G-F-F,1,2,False,False,False,False
5134,Sh-Sh-Sh-Sh-Sh-Sh-Sh-Sh-Sh-Sh-Sh-Sh-Sh-Sh-Sh-Sh-Sh-Sh-Sh-F-Sh-Sh-Sh,1,2,False,False,False,False
5135,Sh-Sh-Sh-Sh-Sh-Sh-Sh-Sh-Sh-Sh-Sh-Sh-Sh-Sh-Sh-Sh-Sh-Sh-Sh-F-F-Sh-Sh,1,2,False,False,False,False
5136,F-F-F-F-F-F-F-F-F-F-F-F-F-F-Sh-Sh-Sh-Sh-Sh-Sh-F-F-F,1,2,False,False,False,False
5137,F-F-F-F-F-F-F-F-F-F-F-F-F-F-Sh-Sh-Sh-Sh-Sh-Sh-A-A-A,1,2,False,False,False,False
5138,Sp-Sp-Sp-Sp-Sp-Sp-Sp-B-B-B-B-B-B-B-B-B-B-B-B-U-U-U-U,1,2,False,False,False,False
5139,Sp-Sp-Sp-Sp-Sp-Sp-Sp-B-B-B-B-B-B-B-B-B-G-G-G-G-G-G-G,1,2,False,False,True,False
5140,Sp-Sp-Sp-Sp-Sp-Sp-Sp-B-B-B-B-B-B-B-U-U-U-U-U-U-U-U-U,1,2,False,False,False,False
5141,F-Wa-Wa-Wa-Wa-Wa-Wa-Wa-Wa-A-A-A-A-A-A-A-A-A-A-A-A-A-A,1,2,False,False,False,False
5142,Wt-Wt-Wt-Wt-Wt-Wt-F-F-Wa-Wa-Wa-Wa-Wa-Wa-Wa-Wa-Wa-Wa-Wa-Wa-Wa-Wa-Wa,1,2,False,False,False,False
5143,Wt-Wt-Wt-Wt-Wt-Wt-F-F-F-F-F-F-F-F-F-F-F-F-F-Sh-Sh-Sh-Sh,1,2,False,False,False,False
5144,Wt-Wt-Wt-Wt-Wt-Wt-F-F-F-F-F-F-F-F-F-F-F-F-F-F-F-Sh-Sh,1,2,False,False,False,False
5145,Wt-Wt-Wt-Wt-Wt-Wt-A-A-A-A-A-A-A-A-F-F-F-F-F-F-F-F-F,1,2,False,False,False,False
5146,Wt-Wt-Wt-Wt-Wt-Wt-A-A-A-A-A-A-A-A-A-A-Wa-Wa-Wa-Wa-Wa-Wa-Wa,1,2,False,False,True,False
5147,Sp-Sp-Sp-Sp-Sp-Sp-Sp-Sp-B-B-B-B-B-B-B-B-B-B-B-B-G-G-G,1,2,False,False,False,False
5148,Sp-Sp-Sp-Sp-Sp-Sp-Sp-Sp-B-B-B-B-B-B-B-B-B-B-B-Sp-Sp-B-B,1,3,False,False,False,False
5149,A-A-Wa-Wa-Wa-Wa-A-A-A-A-A-A-A-A-A-A-A-A-A-A-A-A-A,1,2,False,False,False,False
5150,A-A-B-B-B-B-B-B-B-B-B-B-B-B-B-B-B-B-B-B-B-B-U,1,2,False,False,False,False
5151,A-A-Sp-Sp-Sp-Sp-Sp-Sp-Sp-Sp-Sp-Sp-Sp-Sp-Sp-Sp-Sp-Sp-Sp-U-U-U-U,1,2,False,False,False,False
5152,A-A-Sh-Sh-Sh-Sh-Sh-Sh-Sh-Sh-Sh-Sh-Sh-Sh-Sh-Sh-Sh-Sh-Sh-Sh-Sh-Sh-U,1,2,False,False,False,False
5153,A-A-Sh-Sh-Sh-Sh-Sh-Sh-Sh-Sh-Sh-Sh-Sh-Sh-Sh-Sh-Sh-Sh-Sh-Sh-Sh-U-U,1,2,False,False,False,False
5154,G-F-F-F-F-F-F-F-F-F-F-F-F-F-F-F-F-F-F-F-F-F-A,1,2,False,False,False,False
5155,G-F-F-F-F-F-F-F-F-F-F-F-F-F-F-F-F-F-A-A-A-A-A,1,2,False,False,False,False
5156,A-A-Sh-Sh-Sh-Sh-Sh-Sh-Sh-Sh-U-U-U-U-U-U-U-U-U-U-U-U-U,1,2,False,False,False,False
5157,A-A-Sh-Sh-Sh-Sh-Sh-Sh-Sh-Sh-G-G-G-G-G-G-G-G-G-G-G-G-G,1,2,False,False,False,False
5158,A-A-Sh-Sh-Sh-Sh-Sh-Sh-Sh-Sh-G-G-G-G-G-G-G-G-G-F-F-F-F,1,3,False,False,False,False
5159,Sh-Sh-Sh-Sh-Sh-Sh-Sh-Sh-Sh-Sh-Sh-Sh-Sh-Sh-Sh-Sh-Sh-Sh-Sh-F-F-F-A,1,2,False,False,False,False
5160,Sh-Sh-Sh-Sh-Sh-Sh-Sh-Sh-Sh-Sh-Sh-Sh-Sh-Sh-Sh-Sh-Sh-Sh-Sh-A-A-A-U,1,2,False,False,False,False
5161,Sh-Sh-Sh-Sh-Sh-Sh-Sh-Sh-Sh-Sh-Sh-Sh-Sh-Sh-Sh-Sh-Sh-Sh-G-G-G-F-F,1,2,False,False,False,False
5162,Sh-Sh-Sh-Sh-Sh-Sh-Sh-Sh-Sh-Sh-Sh-Sh-Sh-Sh-Sh-Sh-Sh-Sh-G-G-F-F-F,1,2,False,False,False,False
5163,Sh-Sh-Sh-Sh-Sh-Sh-Sh-Sh-Sh-Sh-Sh-Sh-Sh-Sh-Sh-Sh-Sh-Sh-F-Sh-Sh-Sh-Sh,1,2,False,False,False,False
5164,Sh-Sh-Sh-Sh-Sh-Sh-Sh-Sh-Sh-Sh-Sh-Sh-Sh-Sh-Sh-Sh-Sh-Sh-F-F-F-Sh-Sh,1,2,False,False,False,False
5165,Sh-Sh-Sh-Sh-Sh-Sh-Sh-Sh-Sh-Sh-Sh-Sh-Sh-Sh-Sh-Sh-Sh-Sh-F-F-F-F-A,1,2,False,False,False,False
5166,F-F-Wt-Wt-Sp-Sp-Sp-Sp-Sp-Sp-Sp-Sp-Sp-Sp-Sp-Sp-Sp-Sp-Sp-Sp-Sp-Sp-Sp,1,2,False,False,False,False
5167,F-F-Sh-Sh-Sh-Sh-Sh-Sh-A-A-A-A-A-A-A-A-F-F-F-F-F-F-F,1,3,False,False,True,False
5168,Sp-Sp-Sp-Sp-Sp-Sp-B-B-B-B-B-B-B-B-B-B-B-B-F-F-F-F-F,1,2,False,False,False,False
5169,Sp-Sp-Sp-Sp-Sp-Sp-B-B-B-B-B-B-B-B-B-B-B-U-U-U-U-U-U,1,2,False,False,False,False
5170,Sp-Sp-Sp-Sp-Sp-B-B-B-B-B-B-B-B-B-B-B-B-B-B-B-B-Sp-Sp,1,2,False,False,False,False
5171,A-A-Sh-Sh-Sh-Sh-Sh-Sh-Sh-U-U-U-U-U-U-U-U-U-U-U-U-U-U,1,2,False,False,False,False
5172,A-A-Sh-Sh-Sh-Sh-Sh-Sh-G-G-G-G-G-G-G-G-G-G-G-G-G-G-G,1,2,False,False,False,False
5173,A-A-Sh-Sh-Sh-Sh-Sh-Sh-G-G-G-G-G-G-G-G-G-G-G-G-G-F-F,1,3,False,False,False,False
5174,A-A-Sh-Sh-Sh-Sh-Sh-Sh-A-A-A-A-A-A-A-A-A-A-A-A-A-F-F,1,3,False,False,False,False
5175,A-A-Sh-Sh-Sh-Sh-G-G-G-G-G-G-G-G-G-G-G-G-G-G-G-G-G,1,2,False,False,False,False
5176,Sp-Sp-Sp-Sp-Sp-B-B-B-B-B-B-B-B-B-B-B-B-G-G-G-G-G-G,1,2,False,False,False,False
5177,Sp-Sp-Sp-Sp-Sp-B-B-B-B-B-B-B-B-B-B-B-Sp-Sp-Sp-Sp-Sp-Sp-Sp,1,2,False,False,True,False
5178,Sp-Sp-Sp-Sp-Sp-Sp-B-B-B-B-B-B-B-B-B-B-B-B-B-B-B-B-Sp,1,2,False,False,False,False
5179,Sp-Sp-Sp-Sp-Sp-Sp-B-B-B-B-B-B-B-B-B-B-B-B-B-B-F-F-F,1,2,False,False,False,False
5180,A-A-Sh-Sh-Sh-Sh-Sh-Sh-Sh-Sh-Sh-Sh-Sh-Sh-Sh-Sh-Sh-Sh-A-A-A-A-A,1,2,False,False,False,False
5181,A-A-Sh-Sh-Sh-Sh-Sh-Sh-Sh-Sh-Sh-Sh-Sh-Sh-Sh-Sh-Sh-A-A-A-A-A-A,1,2,False,False,False,False
5182,A-A-Sh-Sh-Sh-Sh-Sh-Sh-Sh-Sh-Sh-Sh-U-U-U-U-U-U-U-U-U-U-U,1,2,False,False,False,False
5183,A-A-Sh-Sh-Sh-Sh-Sh-Sh-Sh-Sh-Sh-U-U-U-U-U-U-U-U-U-U-U-U,1,2,False,False,False,False
5184,Wt-Wt-Wt-Wt-Wt-Wt-A-A-A-A-A-A-A-A-A-A-A-A-F-F-F-F-F,1,2,False,True,False,False
5185,Wt-Wt-Wt-Wt-Wt-F-F-F-F-F-F-F-F-F-F-F-Sh-Sh-Sh-Sh-Sh-Sh-Sh,1,2,False,False,True,False
5186,Sh-Sh-Sh-Sh-Sh-Sh-Sh-Sh-Sh-Sh-Sh-Sh-Sh-Sh-Sh-Sh-Sh-F-F-F-F-Sh-Sh,1,2,False,False,False,False
5187,Sh-Sh-Sh-Sh-Sh-Sh-Sh-Sh-Sh-Sh-Sh-Sh-Sh-Sh-Sh-Sh-Sh-F-F-F-F-Wt-Wt,1,2,False,False,False,False
5188,Sh-Sh-Sh-Sh-Sh-Sh-Sh-Sh-Sh-Sh-Sh-Sh-Sh-Sh-Sh-Sh-U-U-U-U-U-U-U,1,1,False,False,True,True
5189,Sp-Sp-Sp-Sp-B-B-B-B-B-B-B-U-U-U-U-U-U-U-U-U-U-U-U,1,2,False,False,False,False
5190,Wt-Wt-Wt-Wt-Wt-F-F-F-F-F-F-F-F-F-F-F-F-F-F-F-F-A-A,1,2,False,False,False,False
5191,Wt-Wt-Wt-Wt-Wt-A-A-A-A-A-A-A-A-F-F-F-F-F-F-F-F-F-F,1,2,False,False,False,False
5192,Wt-Wt-Wt-Wt-Wt-A-A-A-A-A-A-A-A-A-A-A-A-F-F-F-F-F-F,1,2,False,True,False,False
5193,Wt-Wt-Wt-Wt-Wt-A-A-A-A-A-A-A-A-A-A-A-A-A-A-A-F-F-F,1,2,False,False,False,False
5194,Wt-Wt-Wt-Wt-G-G-G-G-G-G-G-G-G-G-G-G-G-G-Wt-Wt-Wt-Wt-Wt,1,2,False,False,False,False
5195,G-A-A-A-A-A-A-A-A-A-A-A-A-G-G-G-G-G-G-G-G-G-G,1,2,False,False,False,False
5196,G-A-A-A-A-A-A-A-A-A-A-A-A-A-A-A-A-F-F-F-F-F-F,1,2,False,False,False,False
5197,G-A-A-A-A-A-A-A-A-A-A-A-A-A-A-A-A-A-A-F-F-F-F,1,2,False,False,False,False
5198,G-A-A-A-A-A-A-A-A-A-A-A-A-A-A-A-A-A-A-A-A-U-U,1,2,False,False,False,False
5199,Wt-Wt-Wt-Wt-Wt-F-F-F-F-F-F-F-F-F-F-F-F-F-F-F-G-G-G,1,2,False,False,False,False
5200,Wt-Wt-Wt-Wt-Wt-F-F-F-F-F-F-F-F-F-F-F-F-F-F-F-F-Sh-Sh,1,2,False,False,False,False
5201,Sp-Sp-Sp-Sp-B-B-B-B-B-B-U-U-U-U-U-U-U-U-U-U-U-U-U,1,2,False,False,False,False
5202,Sp-Sp-Sp-Wa-Wa-Wa-Wa-Wa-Wa-Wa-Sp-Sp-Sp-Sp-Sp-Sp-Sp-Sp-Sp-Sp-Sp-Sp-Sp,1,2,False,False,False,False
5203,Sp-Sp-Sp-B-B-B-B-B-B-B-B-B-B-B-B-B-B-B-B-Sp-G-G-G,1,3,False,False,False,False
5204,Wt-Wt-Wt-Wt-F-F-F-F-F-F-F-F-F-F-F-F-F-F-F-G-G-G-G,1,2,False,False,False,False
5205,G-F-F-F-F-F-F-F-F-F-F-F-F-Sp-Sp-Sp-Sp-Sp-Sp-Sp-Sp-Sp-Sp,1,2,False,False,False,False
5206,G-F-F-F-F-F-F-F-F-F-F-F-F-F-Sh-Sh-Sh-Sh-Sh-Sh-Sh-Sh-Sh,1,2,False,False,False,False
5207,G-F-F-F-F-F-F-F-F-F-F-F-F-F-F-Sh-F-F-F-F-F-F-F,1,3,False,False,True,False
5208,A-A-F-F-F-F-F-F-G-G-G-G-G-G-G-G-G-G-G-G-G-G-G,1,2,False,False,False,False
5209,F-F-Sh-Sh-Sh-Sh-Sh-Sh-A-A-A-A-A-A-A-A-A-A-A-F-F-F-F,1,3,False,True,False,False
5210,F-F-Sh-Sh-Sh-Sh-Sh-F-F-F-F-F-F-F-F-F-F-F-F-F-F-F-Wt,1,3,False,False,False,False
5211,F-F-Sh-Sh-Sh-Sh-F-F-F-F-F-F-F-F-F-F-F-F-Sh-Sh-Sh-Sh-Sh,1,3,False,False,False,False
5212,F-F-Sh-Sh-Sh-Sh-F-F-F-F-F-F-F-F-F-F-F-F-F-Sh-Sh-Sh-Sh,1,3,False,False,False,False
5213,Sh-Sh-Sh-Sh-Sh-Sh-Sh-Sh-Sh-Sh-Sh-Sh-Sh-Sh-Sh-Sh-Sh-Sh-A-A-A-F-F,1,2,False,False,False,False
5214,Sh-Sh-Sh-Sh-Sh-Sh-Sh-Sh-Sh-Sh-Sh-Sh-Sh-Sh-Sh-Sh-Sh-Wt-Wt-Wt-F-F-F,1,2,False,False,False,False
5215,Sh-Sh-Sh-Sh-Sh-Sh-Sh-Sh-Sh-Sh-Sh-Sh-Sh-Sh-Sh-Sh-Sh-F-F-F-F-Sp-Sp,1,2,False,False,False,False
5216,F-F-F-F-F-F-F-F-F-F-F-F-F-Wt-Wt-Wt-Wt-F-F-F-F-G-G,1,3,False,False,False,False
5217,F-F-F-F-F-F-F-F-F-F-F-F-F-F-Sh-Sh-Sh-Sh-Sh-Sh-Sh-F-F,1,2,False,False,False,False
5218,F-F-Wt-Wt-Wt-Wt-Wt-Wt-Wt-Wt-Wt-Wt-Wt-Wt-Wt-Wt-Wt-Wt-Wt-Wt-Wt-Sh-Sh,1,2,False,False,False,False
5219,F-F-Wt-Wt-Wt-Wt-Wt-Wt-Wt-Wt-F-F-F-F-F-F-F-F-F-F-F-Wt-Wt,1,3,False,False,False,False
5220,F-F-Wt-Wt-Wt-Wt-Wt-Wt-Wt-F-F-F-F-F-F-F-F-F-F-F-F-F-F,1,2,False,False,False,False
5221,A-A-F-F-F-F-F-F-F-Wt-Wt-Wt-Wt-Wt-Wt-Wt-Wt-Wt-Wt-Wt-Wt-Wt-Wt,1,2,False,False,False,False
5222,A-A-F-F-F-F-F-F-F-F-Sh-Sh-Sh-Sh-Sh-Sh-Sh-Sh-Sh-Sh-Sh-Sh-F,1,3,False,False,False,False
5223,A-A-F-F-F-F-F-F-F-F-Wt-Wt-Wt-Wt-Wt-Wt-Wt-Wt-Wt-Wt-Wt-Wt-Wt,1,2,False,False,False,False
5224,A-A-F-F-F-F-F-F-F-F-F-U-U-U-U-U-U-U-U-U-U-U-U,1,2,False,False,False,False
5225,G-F-F-F-F-F-F-F-F-F-F-F-F-F-F-F-F-F-G-G-G-G-G,1,2,False,False,False,False
5226,G-F-F-F-F-F-F-F-F-F-F-F-F-F-F-F-F-F-F-Sh-Sh-Sh-Sh,1,2,False,False,False,False
5227,Wt-Wt-Wt-Wt-A-A-A-A-A-A-A-A-A-F-F-F-F-F-F-F-F-F-F,1,2,False,False,False,False
5228,Wt-Wt-Wt-Wt-A-A-A-A-A-A-A-A-A-A-A-A-A-A-Wa-Wa-Wa-Wa-Wa,1,2,False,False,False,False
5229,Wt-Wt-Wt-Wt-A-A-A-A-A-A-A-A-A-A-A-A-A-A-A-Wt-Wt-Wt-Wt,1,2,False,False,False,False
5230,Wt-Wt-Wt-Wt-A-A-A-A-A-A-A-A-A-A-A-A-A-A-A-A-F-F-F,1,2,False,False,False,False
5231,Wt-Wt-Wt-G-G-G-G-G-G-G-G-G-G-G-G-G-Wa-Wa-Wa-Wa-Wa-Wa-Wa,1,2,False,False,True,False
5232,Sp-Sp-Sp-Wa-Wa-Wa-Wa-Wa-Wa-Wa-Wa-Sp-Sp-Sp-Sp-Sp-Sp-Sp-Sp-Sp-Sp-Sp-Sp,1,2,False,False,False,False
5233,Sp-Sp-Sp-Wa-Wa-Wa-Wa-Wa-Wa-Wa-Wa-Wt-Wt-Wt-Wt-Wt-Wt-Wt-Wt-Wt-Wt-Wt-Wt,1,2,False,False,False,False
5234,G-G-F-F-F-F-F-F-F-F-F-F-F-F-F-F-F-F-G-G-G-G-G,1,2,False,False,False,False
5235,G-G-F-F-F-F-F-F-F-F-F-F-F-F-F-F-F-F-F-Sp-Sp-Sp-Sp,1,2,False,False,False,False
5236,G-G-F-F-F-F-F-F-F-F-F-F-F-F-F-F-F-F-F-G-G-G-G,1,2,False,False,False,False
5237,G-G-F-F-F-F-F-F-F-F-F-F-F-F-F-F-F-F-F-F-A-A-A,1,2,False,False,False,False
5238,Sp-Sp-B-B-B-B-B-B-B-B-B-B-B-B-G-G-G-G-G-G-G-A-A,1,3,False,False,False,False
5239,Sp-Sp-B-B-B-B-B-B-B-B-B-G-G-G-G-G-G-G-G-G-G-G-G,1,2,False,False,False,False
5240,Sh-Sh-Sh-Sh-Sh-Sh-Sh-Sh-Sh-Sh-Sh-Sh-Sh-Sh-Sh-Sh-Wt-Wt-Wt-Wa-Wa-Wa-Wa,1,2,False,False,True,False
5241,Sh-Sh-Sh-Sh-Sh-Sh-Sh-Sh-Sh-Sh-Sh-Sh-Sh-Sh-Sh-Sh-Wt-Wt-Wt-Wt-Wa-Wa-Wa,1,2,False,False,True,False
5242,F-F-F-F-F-F-F-F-F-F-F-F-G-G-G-G-G-G-G-G-F-F-F,1,2,False,False,False,False
5243,F-F-F-F-F-F-F-F-F-F-F-F-F-Sh-Sh-Sh-Wa-Wa-Wa-Wa-Wa-Wa-Wa,1,2,False,False,True,False
5244,F-F-F-F-F-F-F-F-F-F-F-F-F-Sh-Sh-Sh-Sh-Sh-Sh-Sh-Sh-Sh-F,1,2,False,False,False,False
5245,F-F-F-F-F-F-F-F-F-F-F-F-F-Sh-Sh-Sh-Sh-Sh-Sh-A-A-A-A,1,2,False,False,False,False
5246,Sh-F-F-F-F-F-F-F-F-F-F-F-F-F-F-F-F-F-F-B-B-B-B,1,2,False,False,False,False
5247,Sh-F-F-F-F-F-F-F-F-F-F-F-F-F-F-F-F-F-F-Sp-Sp-Sp-Sp,1,2,False,False,False,False
5248,Sh-F-F-F-F-F-F-F-F-F-F-F-F-F-F-F-F-F-F-F-F-Sp-Sp,1,2,False,False,False,False
5249,Sh-F-F-F-F-F-F-F-F-F-F-F-F-F-F-F-F-F-F-F-F-Wt-Wt,1,2,False,False,False,False
5250,A-A-A-Sh-Sh-Sh-Sh-Sh-Sh-Sh-Sh-Sh-Sh-Sh-Sh-Sh-Sh-Sh-Sp-Sp-Sp-Sp-Sp,1,2,False,False,False,False
5251,A-A-A-Sh-Sh-Sh-Sh-Sh-Sh-Sh-Sh-Sh-Sh-Sh-Sh-Sh-Sh-Sh-Sh-Sh-Sh-Sh-U,1,2,False,False,False,False
5252,G-G-F-F-F-F-F-F-F-F-F-F-F-F-A-A-A-A-A-A-A-A-A,1,2,False,False,False,False
5253,G-G-F-F-F-F-F-F-A-A-A-A-A-A-A-A-A-A-A-A-A-A-A,1,2,False,False,False,False
5254,Wt-Wt-Wt-F-F-F-F-F-F-F-F-F-F-F-F-F-F-F-F-F-F-G-G,1,2,False,False,False,False
5255,Wt-Wt-Wt-F-F-F-F-F-F-F-F-F-F-F-F-F-F-F-F-F-F-F-A,1,2,False,False,False,False
5256,Wt-Wt-Wt-F-F-F-F-F-F-F-F-F-F-F-F-F-F-F-F-A-A-A-A,1,2,False,False,False,False
5257,Wt-Wt-Wt-A-A-A-A-A-A-A-F-F-F-F-F-F-F-F-F-F-F-F-F,1,2,False,False,False,False
5258,A-A-F-F-F-F-F-F-F-F-F-F-F-F-F-F-F-F-F-F-F-F-G,1,2,False,False,False,False
5259,A-A-F-F-F-F-F-F-F-F-F-F-F-F-F-F-F-F-F-A-Sh-Sh-Sh,1,3,False,False,False,False
5260,A-A-F-F-F-F-F-F-F-F-F-F-F-F-F-F-F-F-F-A-G-G-G,1,3,False,False,False,False
5261,A-A-F-F-F-F-F-F-F-F-F-F-F-F-F-F-F-F-Sp-Sp-Sp-Sp-Sp,1,2,False,False,False,False
5262,A-A-F-F-F-F-F-F-F-F-F-F-F-F-F-F-F-F-F-B-B-B-B,1,2,False,False,False,False
5263,A-A-F-F-F-F-F-F-F-F-F-F-F-F-F-F-F-F-F-Sh-A-A-A,1,3,False,False,False,False
5264,A-A-F-F-F-F-F-F-F-F-F-F-F-F-F-F-F-F-F-U-U-U-U,1,2,False,False,False,False
5265,Wt-Wt-Wt-G-G-G-G-G-G-G-G-G-G-G-G-G-G-F-F-F-F-F-F,1,2,False,False,False,False
5266,G-G-G-F-F-F-F-F-F-F-F-F-F-F-F-F-Sh-Sh-Sh-Sh-Sh-Sh-Sh,1,2,False,False,True,False
5267,G-G-G-F-F-F-F-F-F-F-F-F-F-F-F-F-F-G-G-G-G-G-G,1,2,False,False,False,False
5268,G-G-G-F-F-F-F-F-F-F-F-F-F-F-F-F-F-F-F-Sh-Sh-Sh-Sh,1,2,False,False,False,False
5269,Sp-B-B-B-B-B-B-G-G-G-G-G-G-G-G-G-G-G-G-G-G-G-G,1,2,False,False,False,False
5270,A-A-A-Sh-Sh-Sh-Sh-Sh-Sh-Sh-Sh-Sh-Sh-Sh-Sh-Sh-Sh-Sh-Sh-Sh-A-A-A,1,2,False,False,False,False
5271,A-A-A-Sh-Sh-Sh-Sh-Sh-Sh-Sh-Sh-Sh-Sh-Sh-Sh-Sh-Sh-Sh-Sh-U-U-U-U,1,2,False,False,False,False
5272,A-A-A-Sh-Sh-Sh-Sh-Sh-Sh-Sh-Sh-Sh-Sh-Sh-Sh-Sh-Sh-Sh-Sh-G-G-G-G,1,2,False,False,False,False
5273,A-A-A-Sh-Sh-Sh-Sh-Sh-Sh-Sh-Sh-Sh-Sh-Sh-Sh-Sh-Sh-Sh-Sh-A-A-F-F,1,3,False,False,False,False
5274,A-A-A-Sh-Sh-Sh-Sh-Sh-Sh-Sh-Sh-Sh-Sh-Sh-Sh-Sh-Sh-G-G-G-G-G-G,1,2,False,False,False,False
5275,Sp-Sp-Wa-Wa-Wa-Wa-Wa-Wa-Wa-Wa-Wa-Sh-Sh-Sh-Sh-Sh-Sh-Sh-Sh-Sh-Sh-Sh-Sh,1,2,False,False,False,False
5276,Sp-Sp-Wa-Wa-Wa-Wa-Wa-Wa-Wa-Wa-Wa-Wt-Wt-Wt-Wt-Wt-Wt-Wt-Wt-Wt-Wt-Wt-Wt,1,2,False,False,False,False
5277,Sp-Sp-Wa-Wa-Wa-Wa-Wa-Wa-Wa-Wa-Wa-G-G-G-G-G-G-G-G-G-G-G-G,1,2,False,False,False,False
5278,A-A-F-F-F-F-F-A-A-A-A-A-A-A-A-A-A-A-A-F-F-F-F,1,3,False,False,False,False
5279,A-A-F-F-F-F-A-A-A-A-A-A-A-A-A-A-A-A-A-F-F-F-F,1,3,False,False,False,False
5280,A-A-A-Wa-Wa-Wa-Wa-Wa-Wa-Wa-Wa-Sh-Sh-Sh-Sh-Sh-Sh-Sh-Sh-Sh-Sh-Sh-Sh,1,2,False,False,False,False
5281,A-A-A-Wa-Wa-Wa-Wa-Wa-Wa-Wa-Wa-G-G-G-G-G-G-G-G-G-G-G-G,1,2,False,False,False,False
5282,Wt-Wt-Wt-A-A-A-A-A-A-A-A-Sh-Sh-Sh-Sh-Sh-Sh-Sh-Sh-F-F-F-F,1,3,False,False,False,False
5283,Wt-Wt-Wt-A-A-A-A-A-A-A-A-A-A-A-A-A-A-F-F-F-F-F-F,1,2,False,False,False,False
5284,Wt-Wt-Wt-A-A-A-A-A-A-A-A-A-A-A-A-A-A-A-A-F-F-F-F,1,2,False,True,False,False
5285,Wt-Wt-G-G-G-G-G-G-G-G-G-G-G-G-G-G-G-G-G-G-G-G-G,1,1,False,False,False,False
5286,G-G-G-F-F-F-F-F-F-F-F-F-F-F-Sp-Sp-Sp-Sp-Sp-Sp-Sp-Sp-Sp,1,2,False,False,False,False
5287,Sh-F-F-F-F-F-F-F-F-F-F-F-F-F-A-A-A-A-A-A-F-F-F,1,3,False,False,False,False
5288,Sh-Sh-Sh-Sh-Sh-Sh-Sh-Sh-Sh-Sh-Sh-Sh-Sh-Sh-Sh-Sh-G-G-G-G-G-G-F,1,2,False,False,True,False
5289,Sh-Sh-Sh-Sh-Sh-Sh-Sh-Sh-Sh-Sh-Sh-Sh-Sh-Sh-Sh-Sh-F-F-Sh-Sh-Sh-F-F,1,3,False,False,True,False
5290,Sh-Sh-Sh-Sh-Sh-Sh-Sh-Sh-Sh-Sh-Sh-Sh-Sh-Sh-Sh-Sh-F-F-F-Wt-Wt-Wt-Wt,1,2,False,False,True,False
5291,Sh-Sh-Sh-Sh-Sh-Sh-Sh-Sh-Sh-Sh-Sh-Sh-Sh-Sh-Sh-Sh-F-F-F-F-Wt-Wt-Wt,1,2,False,False,True,False
5292,Sh-Sh-Sh-Sh-Sh-Sh-Sh-Sh-Sh-Sh-Sh-Sh-Sh-Sh-Sh-Sh-F-F-F-F-F-F-G,1,2,False,False,True,False
5293,Sh-Sh-Sh-Sh-Sh-Sh-Sh-Sh-Sh-Sh-Sh-Sh-Sh-Sh-Sh-Sh-A-U-U-U-U-U-U,1,2,False,False,True,False
5294,Sh-Sh-Sh-Sh-Sh-Sh-Sh-Sh-Sh-Sh-Sh-Sh-Sh-Sh-Sh-Sh-A-A-A-A-F-F-F,1,2,False,False,True,False
5295,Sh-Sh-Sh-Sh-Sh-Sh-Sh-Sh-Sh-Sh-Sh-Sh-Sh-Sh-Sh-Sh-A-A-A-A-A-U-U,1,2,False,False,True,False
5296,Sh-Sh-Sh-Sh-Sh-Sh-Sh-Sh-Sh-Sh-Sh-Sh-Sh-Sh-G-G-G-G-G-G-G-F-F,1,2,False,False,False,False
5297,Sh-Sh-Sh-Sh-Sh-Sh-Sh-Sh-Sh-Sh-Sh-Sh-Sh-Sh-G-G-G-G-G-F-F-F-F,1,2,False,False,False,False
5298,F-F-F-F-F-F-F-F-F-F-F-F-Sh-Sh-Sh-Sh-Wa-Wa-Wa-Wa-Wa-Wa-Wa,1,2,False,False,True,False
5299,F-F-F-F-F-F-F-F-F-F-F-F-Sh-Sh-Sh-Sh-Sh-Sh-Sh-Wa-Wa-Wa-Wa,1,2,False,False,False,False
5300,F-F-F-F-F-F-F-F-F-F-F-F-Sh-Sh-Sh-Sh-Sh-Sh-Sh-Sh-Sh-Sh-U,1,2,False,False,False,False
5301,F-F-F-F-F-F-F-F-F-F-F-F-Sh-Sh-Sh-Sh-Sh-A-A-A-A-A-A,1,2,False,False,False,False
5302,F-F-F-F-F-F-F-F-F-F-F-F-Sh-Sh-Sh-U-U-U-U-U-U-U-U,1,2,False,False,False,False
5303,F-F-F-F-F-F-F-F-F-F-F-F-Sh-Sh-U-U-U-U-U-U-U-U-U,1,2,False,False,False,False
5304,Sh-Sh-Sh-Sh-Sh-Sh-Sh-Sh-Sh-Sh-Sh-Sh-Sh-Sh-F-F-G-G-G-G-G-G-G,1,2,False,False,True,False
5305,Sh-Sh-Sh-Sh-Sh-Sh-Sh-Sh-Sh-Sh-Sh-Sh-Sh-Sh-F-F-F-U-U-U-U-U-U,1,2,False,False,False,False
5306,Sh-Sh-Sh-Sh-Sh-Sh-Sh-Sh-Sh-Sh-Sh-Sh-Sh-Sh-F-F-F-F-F-Wa-Wa-Wa-Wa,1,2,False,False,False,False
5307,Sh-Sh-Sh-Sh-Sh-Sh-Sh-Sh-Sh-Sh-Sh-Sh-Sh-Sh-F-F-F-F-F-Wt-Wt-Wt-Wt,1,2,False,True,False,False
5308,Sh-Sh-Sh-Sh-Sh-Sh-Sh-Sh-Sh-Sh-Sh-Sh-Sh-Sh-F-F-F-F-F-F-Sh-Sh-Sh,1,2,False,False,False,False
5309,Sh-Sh-Sh-Sh-Sh-Sh-Sh-Sh-Sh-Sh-Sh-Sh-Sh-Sh-F-F-F-F-F-F-Wt-Wt-Wt,1,2,False,False,False,False
5310,A-A-A-Sh-Sh-Sh-Sh-Sh-Sh-Sh-Sh-Sh-Sh-Sh-Sh-Sh-A-A-A-A-A-F-F,1,3,False,False,True,False
5311,A-A-A-Sh-Sh-Sh-Sh-Sh-Sh-Sh-Sh-Sh-Sh-Sh-U-U-U-U-U-U-U-U-U,1,2,False,False,False,False
5312,A-A-A-Sh-Sh-Sh-Sh-Sh-Sh-Sh-A-A-A-A-A-A-A-A-F-F-F-F-F,1,3,False,False,False,False
5313,Sp-B-B-B-B-B-B-B-B-B-B-B-B-B-B-B-B-G-G-G-G-G-G,1,2,False,False,False,False
5314,B-Sp-Sp-Sp-Sp-Sp-Sp-Sp-Sp-Sp-Sp-Sp-Sp-Sp-Sp-Sp-Sp-B-B-Sp-Sp-Sp-Sp,1,3,False,False,False,False
5315,B-Sp-Sp-Sp-Sp-Sp-Sp-Sp-Sp-Sp-Sp-Sp-Sp-Sp-Sp-Sp-Sp-Sp-Sp-U-U-U-U,1,2,False,False,False,False
5316,A-A-A-Sh-Sh-Sh-Sh-Sh-A-A-A-A-A-A-A-A-A-A-A-A-A-A-A,1,2,False,False,False,False
5317,A-A-A-Sh-Sh-Sh-Sh-F-F-F-F-F-F-F-F-F-F-F-F-F-A-A-A,1,3,False,False,False,False
5318,A-A-A-Wt-Wt-Wt-Wt-Wt-Wt-Wt-Wt-Wt-Wt-Wt-Wt-Wt-Wt-Wt-Wt-F-F-F-F,1,2,False,False,False,False
5319,A-A-A-G-G-G-G-G-Sh-Sh-Sh-Sh-Sh-Sh-Sh-Sh-F-F-F-F-F-F-F,1,3,False,False,True,False
5320,A-A-A-G-G-G-G-G-G-G-G-G-G-G-G-G-G-G-F-F-F-F-F,1,2,False,False,False,False
5321,G-G-F-F-F-F-F-F-Sh-Sh-Sh-Sh-Sh-Sh-Sh-Sh-Sh-Sh-Sh-Sh-Sh-Sh-Sh,1,2,False,False,False,False
5322,G-G-F-F-F-F-F-F-F-F-F-F-F-G-G-G-G-G-G-G-G-G-G,1,2,False,False,False,False
5323,Wt-Wt-F-F-F-F-F-F-F-F-Wa-Wa-Wa-Wa-Wa-Wa-Wa-Wa-Wa-Wa-Wa-Wa-Wa,1,2,False,False,False,False
5324,Wt-Wt-F-F-F-F-F-F-F-F-Sh-Sh-Sh-Sh-Sh-Sh-Sh-Sh-Sh-Sh-Sh-Sh-Sh,1,2,False,False,False,False
5325,B-Sp-Sp-Sp-Sp-Sp-Sp-Sp-Sp-Sp-Sp-Sp-Sp-Sp-Sp-Sp-Sp-U-U-U-U-U-U,1,2,False,False,False,False
5326,B-Sp-Sp-Sp-Sp-Sp-Sp-Sp-Sp-Sp-Sp-Sp-Sp-Sp-Sp-Sp-G-G-G-G-G-G-G,1,2,False,False,True,False
5327,B-Sp-Sp-Sp-Sp-Sp-Sp-Sp-Sp-Sp-Sp-Sp-Sp-Sp-F-F-F-F-F-F-F-F-F,1,2,False,False,False,False
5328,B-G-G-G-G-G-G-G-A-A-A-A-A-A-A-A-A-A-A-A-A-A-A,1,2,False,False,False,False
5329,Sp-Wa-Wa-Wa-Wa-Wa-Wa-Wa-Wa-Wa-Wa-Wa-Sh-Sh-Sh-Sh-Sh-Sh-Sh-Sh-Sh-Sh-Sh,1,2,False,False,False,False
5330,B-B-G-G-G-G-G-G-G-G-G-G-G-G-G-G-Sp-Sp-Sp-Sp-Sp-Sp-Sp,1,2,False,False,True,False
5331,B-B-F-F-F-F-F-F-F-F-F-F-F-F-F-F-F-F-G-G-G-G-G,1,2,False,False,False,False
5332,B-B-F-F-F-F-F-F-F-F-F-F-F-F-F-F-F-F-F-G-G-G-G,1,2,False,False,False,False
5333,B-Sp-Sp-Sp-Sp-Sp-Sp-Sp-Sp-Sp-Sp-Sp-Sp-Sp-Sp-Sp-Sp-B-B-B-B-B-B,1,2,False,True,False,False
5334,Sh-Sh-Sh-Sh-Sh-Sh-Sh-Sh-Sh-Sh-Sh-Sh-Sh-Sh-F-F-F-F-F-F-F-Wt-Wt,1,2,False,False,False,False
5335,Sh-Sh-Sh-Sh-Sh-Sh-Sh-Sh-Sh-Sh-Sh-Sh-Sh-Sh-F-F-F-F-F-F-F-F-Sh,1,2,False,False,False,False
5336,Sh-Sh-Sh-Sh-Sh-Sh-Sh-Sh-Sh-Sh-Sh-Sh-Sh-Sh-F-F-F-F-F-F-A-A-A,1,2,False,False,False,False
5337,F-F-F-F-F-F-F-F-F-F-F-Wt-Wt-Wt-Wt-Wt-Wt-Wt-Wt-Wt-Wt-A-A,1,2,False,False,False,False
5338,F-F-F-F-F-F-F-F-F-F-F-Wt-Wt-Wt-Wt-Wt-Wt-F-F-F-F-F-F,1,2,False,False,False,False
5339,F-F-F-F-F-F-F-F-F-F-F-G-G-G-G-G-G-Wa-Wa-Wa-Wa-Wa-Wa,1,2,False,False,False,False
5340,F-F-F-F-F-F-F-F-F-F-F-G-G-G-G-G-G-G-G-G-F-F-F,1,2,False,False,False,False
5341,F-F-F-F-F-F-F-F-F-F-F-G-G-G-G-G-G-G-G-F-F-F-F,1,2,False,False,False,False
5342,Sh-F-F-F-F-F-F-F-F-F-F-F-Wt-Wt-Wt-Wt-Wt-Wt-Wt-Wt-Wt-Wt-Wt,1,2,False,False,False,False
5343,Sh-F-F-F-F-F-F-F-F-F-F-F-F-F-Wa-Wa-Wa-Wa-Wa-Wa-Wa-Wa-Wa,1,2,False,False,False,False
5344,F-F-G-G-G-G-G-G-G-G-G-G-G-G-G-G-G-G-G-G-G-G-Wa,1,2,False,False,False,False
5345,Sh-F-F-F-F-F-F-F-F-F-F-F-F-F-F-F-F-G-G-G-G-G-G,1,2,False,False,False,False
5346,B-B-B-F-F-F-F-F-F-F-F-F-F-F-F-F-G-G-G-G-G-G-G,1,2,False,False,True,False
5347,B-B-B-A-A-A-A-A-A-A-A-A-A-A-A-A-B-B-B-B-B-B-B,1,2,False,False,True,False
5348,A-A-A-F-F-F-F-F-F-F-F-F-F-Sh-Sh-Sh-Sh-Sh-Sh-Sh-Sh-Sh-Sh,1,2,False,False,False,False
5349,A-A-A-F-F-F-F-F-F-F-F-F-F-Sh-Sh-Sh-Sh-Sh-Sh-Sh-Sh-Sh-F,1,3,False,False,False,False
5350,Wt-Wt-F-F-F-F-F-F-F-F-F-F-F-F-F-F-F-F-F-F-A-A-A,1,2,False,False,False,False
5351,Wt-Wt-A-A-A-A-A-A-A-A-A-A-A-A-F-F-F-F-F-F-F-F-F,1,2,False,True,False,False
5352,G-G-G-G-F-F-F-F-F-F-F-F-F-F-F-F-F-F-F-G-G-G-F,1,3,False,False,False,False
5353,G-G-G-G-F-F-F-F-F-F-F-F-F-F-F-F-F-F-F-F-B-B-B,1,2,False,False,False,False
5354,G-G-G-G-F-F-F-F-F-F-F-F-F-F-F-F-F-F-F-F-G-G-G,1,2,False,False,False,False
5355,G-G-G-G-F-F-F-F-F-F-F-F-F-F-F-F-F-F-F-F-F-F-G,1,2,False,False,False,False
5356,A-A-A-F-F-F-F-F-F-F-F-F-F-F-F-F-F-Wt-Wt-Wt-Wt-Wt-Wt,1,2,False,False,False,False
5357,A-A-A-F-F-F-F-F-F-F-F-F-F-F-F-F-F-G-G-G-G-G-G,1,2,False,False,False,False
5358,B-B-Sp-Sp-Sp-Sp-Sp-Sp-B-B-B-B-B-B-B-B-B-B-B-B-B-B-B,1,2,False,False,False,False
5359,B-B-Sp-Sp-Sp-Sp-Sp-Sp-Sp-Sp-Sp-Sp-Sp-Sp-Sp-Sp-Sp-Sp-Sp-U-U-U-U,1,2,False,False,False,False
5360,B-B-Sp-Sp-Sp-Sp-Sp-Sp-Sp-Sp-Sp-Sp-Sp-Sp-Sp-Sp-Sp-Sp-G-G-G-G-G,1,2,False,False,False,False
5361,B-B-Sp-Sp-Sp-Sp-Sp-Sp-Sp-Sp-Sp-Sp-Sp-Sp-Sp-Sp-Sp-G-G-G-G-G-G,1,2,False,False,False,False
5362,B-B-B-Sp-Sp-Sp-Sp-Sp-Sp-Sp-Sp-Sp-Sp-Sp-Sp-Sp-B-B-Sp-Sp-Sp-Sp-Sp,1,3,False,False,True,False
5363,B-B-B-Sp-Sp-Sp-Sp-Sp-Sp-Sp-Sp-Sp-Sp-Sp-Sp-Sp-Sp-B-B-B-B-B-B,1,2,False,False,False,False
5364,B-B-B-Sp-Sp-Sp-Sp-Sp-Sp-Sp-Sp-Sp-Sp-Sp-Sp-Sp-Sp-G-G-G-G-G-G,1,2,False,False,False,False
5365,B-B-B-Sp-Sp-Sp-Sp-Sp-Sp-Sp-Sp-Sp-Sp-Sp-Sp-Sp-G-G-G-G-G-G-G,1,2,False,False,True,False
5366,B-B-B-U-U-U-U-U-U-U-U-U-U-U-U-U-U-U-U-U-U-U-U,1,1,False,False,False,False
5367,F-F-F-F-F-F-F-F-F-F-F-F-Sp-Sp-Sp-Sp-Wa-Wa-Wa-Wa-Wa-Wa-Wa,1,2,False,False,True,False
5368,F-F-F-F-F-F-F-F-F-F-F-F-Sp-Sp-Sp-Sp-Sp-Sp-Sp-Sp-F-F-F,1,2,False,False,False,False
5369,Sh-Sh-Sh-Sh-Sh-Sh-Sh-Sh-Sh-Sh-Sh-Sh-Sh-Sh-F-F-A-A-A-A-A-A-A,1,2,False,False,True,False
5370,Sh-Sh-Sh-Sh-Sh-Sh-Sh-Sh-Sh-Sh-Sh-Sh-Sh-Sh-A-A-A-F-F-F-F-F-F,1,2,False,False,False,False
5371,Sh-Sh-Sh-Sh-Sh-Sh-Sh-Sh-Sh-Sh-Sh-Sh-Sh-Sh-A-A-A-A-A-F-F-F-F,1,2,False,False,False,False
5372,Sh-Sh-Sh-Sh-Sh-Sh-Sh-Sh-Sh-Sh-Sh-Sh-Sh-G-G-G-G-G-G-G-G-F-F,1,2,False,False,False,False
5373,Sh-Sh-Sh-Sh-Sh-Sh-Sh-Sh-Sh-Sh-Sh-Sh-Sh-F-F-F-F-F-F-Wt-Wt-Wt-Wt,1,2,False,False,False,False
5374,F-F-F-B-B-B-B-B-B-B-B-B-B-B-B-B-B-B-Sp-Sp-Sp-Sp-Sp,1,2,False,False,False,False
5375,Sh-F-F-F-F-F-F-F-G-G-G-G-G-G-G-G-G-G-G-G-G-G-G,1,2,False,False,False,False
5376,Sh-F-F-F-F-F-F-F-F-F-G-G-G-G-G-G-G-G-G-G-G-G-G,1,2,False,False,False,False
5377,Sh-F-F-F-F-F-F-F-F-F-F-Wa-Wa-Wa-Wa-Wa-Wa-Wa-Wa-Wa-Wa-Wa-Wa,1,2,False,False,False,False
5378,Wt-F-F-F-F-F-F-F-F-F-F-F-F-F-Wa-Wa-Wa-Wa-Wa-Wa-Wa-Wa-Wa,1,2,False,False,False,False
5379,Wt-F-F-F-F-F-F-F-F-F-F-F-F-F-F-F-F-F-F-Sp-Sp-Sp-Sp,1,2,False,False,False,False
5380,Sh-Sh-Sh-Sh-Sh-Sh-Sh-Sh-Sh-Sh-Sh-Sh-Sh-F-F-F-F-F-F-F-F-G-G,1,2,False,False,False,False
5381,Sh-Sh-Sh-Sh-Sh-Sh-Sh-Sh-Sh-Sh-Sh-Sh-Sh-F-F-F-F-F-F-F-F-F-U,1,2,False,False,False,False
5382,Sh-Sh-Sh-Sh-Sh-Sh-Sh-Sh-Sh-Sh-Sh-Sh-Sh-F-F-F-F-F-F-F-F-F-A,1,2,False,False,False,False
5383,Sh-Sh-Sh-Sh-Sh-Sh-Sh-Sh-Sh-Sh-Sh-Sh-Sh-F-F-F-F-F-F-F-F-A-A,1,2,False,False,False,False
5384,Sh-Sh-Sh-Sh-Sh-Sh-Sh-Sh-Sh-Sh-Sh-Sh-Sh-A-A-A-A-A-A-A-A-A-F,1,2,False,False,False,False
5385,Sh-Sh-Sh-Sh-Sh-Sh-Sh-Sh-Sh-Sh-Sh-Sh-F-F-F-F-Wt-Wt-Wt-Wt-Wt-Wt-Wt,1,2,False,False,True,False
5386,Sh-Sh-Sh-Sh-Sh-Sh-Sh-Sh-Sh-Sh-Sh-Sh-F-F-F-F-F-Sh-Sh-Sh-Sh-Sh-Sh,1,2,False,False,False,False
5387,Sh-Sh-Sh-Sh-Sh-Sh-Sh-Sh-Sh-Sh-Sh-Sh-F-F-F-F-F-G-G-G-G-G-G,1,2,False,False,False,False
5388,Sh-Sh-Sh-Sh-Sh-Sh-Sh-Sh-Sh-Sh-Sh-Sh-F-F-F-F-F-F-G-G-G-G-G,1,2,False,False,False,False
5389,B-B-B-B-G-G-G-G-G-G-G-G-G-G-G-G-G-Sp-Sp-Sp-Sp-Sp-Sp,1,2,False,False,False,False
5390,B-B-B-B-G-G-G-G-G-G-G-G-G-G-G-G-G-U-U-U-U-U-U,1,2,False,False,False,False
5391,B-B-B-B-G-G-G-G-G-G-G-G-G-G-G-G-G-G-B-B-B-B-B,1,2,False,False,False,False
5392,B-B-B-B-G-G-G-G-G-G-G-G-G-G-G-G-G-G-G-G-G-G-B,1,2,False,False,False,False
5393,B-B-B-B-G-G-G-G-G-G-G-G-G-G-G-G-G-G-G-G-G-G-Sp,1,2,False,False,False,False
5394,G-G-G-G-F-F-F-F-F-F-F-F-F-F-F-F-F-F-F-U-U-U-U,1,2,False,False,False,False
5395,A-A-A-F-F-F-F-F-F-F-F-F-F-F-F-F-F-A-A-A-A-A-F,1,3,False,False,False,False
5396,A-A-A-F-F-F-F-F-F-F-F-F-F-F-F-F-A-A-A-A-A-A-F,1,3,False,False,True,False
5397,A-A-A-F-F-F-F-F-F-F-F-F-F-A-A-A-A-A-A-A-A-A-A,1,2,False,False,False,False
5398,A-A-A-A-B-B-B-B-B-B-B-B-B-B-B-B-B-B-B-G-G-G-G,1,2,False,False,False,False
5399,B-B-B-B-Sp-Sp-Sp-Sp-Sp-Sp-Sp-Sp-Sp-Sp-Sp-Sp-Sp-Sp-Sp-Sp-Sp-Sp-A,1,2,False,False,False,False
5400,B-B-B-B-Sp-Sp-Sp-Sp-Sp-Sp-Sp-Sp-Sp-Sp-Sp-Sp-Sp-Sp-Sp-U-U-U-U,1,2,False,False,False,False
5401,B-B-B-B-Sp-Sp-Sp-Sp-Sp-Sp-Sp-Sp-Sp-Sp-Sp-Sp-Sp-Sp-U-U-U-U-U,1,2,False,False,False,False
5402,B-B-B-B-Sp-Sp-Sp-Sp-Sp-Sp-Sp-Sp-Sp-Sp-Sp-Sp-Sp-U-U-U-U-U-U,1,2,False,False,False,False
5403,B-B-B-B-Sp-Sp-Sp-Sp-Sp-Sp-Sp-Sp-Sp-Sp-Sp-Sp-Sp-G-G-G-G-G-G,1,2,False,False,False,False
5404,B-B-B-B-Sp-Sp-Sp-Sp-Sp-Sp-Sp-Sp-Sp-U-U-U-U-U-U-U-U-U-U,1,2,False,False,False,False
5405,B-B-B-B-Sp-Sp-Sp-U-U-U-U-U-U-U-U-U-U-U-U-U-U-U-U,1,2,False,False,False,False
5406,A-A-A-F-F-F-F-F-F-F-F-F-F-F-F-F-F-F-F-F-F-B-B,1,2,False,False,False,False
5407,A-A-A-F-F-F-F-F-F-F-F-F-F-F-F-F-F-F-F-F-F-Sp-Sp,1,2,False,False,False,False
5408,Wt-F-F-F-F-F-F-F-Wt-Wt-Wt-Wt-Wt-Wt-Wt-Wt-Wt-Wt-Wt-Wt-Wt-Wt-Wt,1,2,False,False,False,False
5409,Wt-F-F-F-F-F-F-F-F-F-F-Wt-Wt-Wt-Wt-Wt-Wt-Wt-Wt-Wt-Wt-Wt-Wt,1,2,False,False,False,False
5410,G-G-G-G-G-F-F-F-F-F-F-F-F-F-F-F-F-F-F-Sh-Sh-Sh-Sh,1,2,False,False,False,False
5411,B-B-B-B-B-Sp-Sp-Sp-Sp-Sp-Sp-Sp-Sp-Sp-Sp-Sp-Sp-G-G-G-G-G-G,1,2,False,False,False,False
5412,B-B-B-B-B-G-G-G-G-G-G-G-G-G-G-G-Sp-Sp-Sp-Sp-Sp-Sp-Sp,1,2,False,False,True,False
5413,B-B-B-B-B-G-G-G-G-G-G-G-G-G-G-G-G-G-A-A-A-A-A,1,2,False,False,False,False
5414,B-B-B-B-Sp-Sp-Sp-Sp-Sp-Sp-Sp-Sp-Sp-Sp-Sp-Sp-Sp-B-B-B-B-Sp-Sp,1,3,False,False,False,False
5415,Wt-F-F-F-F-F-F-F-F-F-F-F-F-F-F-F-F-F-F-G-G-G-G,1,2,False,False,False,False
5416,G-G-G-G-G-F-F-F-F-F-F-F-F-F-F-F-F-F-A-A-A-A-A,1,2,False,False,False,False
5417,G-G-G-G-F-F-F-F-F-F-F-F-F-F-F-F-F-Sp-Sp-Sp-Sp-Sp-Sp,1,2,False,False,False,False
5418,Sh-Sh-Sh-Sh-Sh-Sh-Sh-Sh-Sh-Sh-Sh-Sh-F-F-F-F-F-F-F-Sp-Sp-Sp-Sp,1,2,False,False,False,False
5419,Sh-Sh-Sh-Sh-Sh-Sh-Sh-Sh-Sh-Sh-Sh-Sh-F-F-F-F-F-F-F-F-Wt-Wt-Wt,1,2,False,False,False,False
5420,Sh-G-G-G-G-G-G-G-G-G-G-G-G-G-G-G-G-G-G-G-Sp-Sp-Sp,1,2,False,False,False,False
5421,Sh-G-G-G-G-G-G-G-G-G-G-G-G-G-G-G-G-G-F-F-F-F-F,1,2,False,False,False,False
5422,F-F-G-G-G-G-G-G-G-G-F-F-F-F-F-F-F-F-F-F-F-F-F,1,2,False,False,False,False
5423,F-F-G-G-G-G-F-F-F-F-F-F-F-F-F-F-F-F-F-F-F-F-F,1,2,False,False,False,False
5424,G-G-G-G-F-F-F-F-F-F-F-F-F-F-F-F-F-F-Sp-Sp-Sp-Sp-Sp,1,2,False,False,False,False
5425,G-G-G-G-F-F-F-F-F-F-F-F-F-F-F-F-F-F-F-Sp-Sp-Sp-Sp,1,2,False,False,False,False
5426,Wt-F-F-F-F-F-F-F-F-F-A-A-A-A-A-A-A-A-A-A-A-A-A,1,2,False,False,False,False
5427,G-G-G-G-G-G-F-F-F-F-F-F-F-F-F-F-F-Sh-Sh-Sh-Sh-Sh-Sh,1,2,False,False,False,False
5428,G-G-G-G-G-G-F-F-F-F-F-F-F-F-F-F-F-F-G-G-G-G-G,1,2,False,False,False,False
5429,G-G-G-G-G-G-F-F-F-F-F-F-F-F-F-F-F-F-F-Wt-F-F-F,1,3,False,False,False,False
5430,Sh-Sh-Sh-Sh-Sh-Sh-Sh-Sh-Sh-Sh-Sh-Sh-F-F-F-F-F-F-F-F-F-A-Sh,1,3,False,False,False,False
5431,Sh-Sh-Sh-Sh-Sh-Sh-Sh-Sh-Sh-Sh-Sh-G-G-G-G-G-G-G-F-F-F-F-F,1,2,False,False,False,False
5432,Sh-Sh-A-A-A-A-A-A-A-A-A-A-A-A-A-A-A-A-A-A-A-A-U,1,2,False,False,False,False
5433,F-F-F-B-B-B-B-B-B-B-B-B-B-B-B-B-B-B-G-G-G-G-G,1,2,False,False,False,False
5434,F-F-F-B-Sp-Sp-Sp-Sp-Sp-Sp-Sp-Sp-Sp-Sp-Sp-Sp-Sp-Sp-Sp-Sp-Sp-Sp-Sp,1,2,False,False,False,False
5435,F-F-F-Sp-Sp-Sp-Sp-Sp-Sp-Sp-Sp-B-B-B-B-B-B-B-B-Sp-Sp-Sp-Sp,1,3,False,False,False,False
5436,F-F-F-Sp-Sp-Sp-Sp-Sp-Sp-Sp-Sp-Sp-Sp-Sp-Sp-Sp-Sp-Sp-Sp-F-F-F-F,1,2,False,False,False,False
5437,F-F-F-Sh-Sh-Sh-Sh-Sh-Sh-Sh-Sh-Sh-Sh-Sh-Sh-Sh-Sh-Sh-Wa-Wa-Wa-Wa-Wa,1,2,False,False,False,False
5438,Sh-Wt-Wt-Wt-Wt-Wt-Wt-F-F-F-F-F-F-F-F-F-F-F-F-F-F-F-F,1,2,False,False,False,False
5439,Sh-G-G-G-G-G-G-G-G-G-G-G-G-G-G-G-G-G-G-Sp-Sp-Sp-Sp,1,2,False,False,False,False
5440,G-G-G-G-G-G-F-F-F-F-F-F-F-F-F-F-F-F-F-G-G-G-G,1,2,False,False,False,False
5441,G-G-G-G-G-G-F-F-F-F-F-F-F-F-F-F-F-F-F-F-F-F-A,1,2,False,False,False,False
5442,Sh-Sh-A-A-A-A-A-A-A-A-A-A-A-A-A-U-U-U-U-U-U-U-U,1,2,False,False,False,False
5443,Sh-Sh-A-A-A-A-A-A-A-A-A-A-A-A-A-A-A-Sh-Sh-Sh-Sh-Sh-Sh,1,2,False,False,False,False
5444,Sh-Sh-A-A-A-A-A-A-A-A-A-A-A-A-A-A-A-A-A-Sh-Sh-Sh-Sh,1,2,False,False,False,False
5445,G-B-B-B-B-G-G-G-G-G-G-G-G-G-G-G-G-G-G-G-G-G-G,1,2,False,False,False,False
5446,B-B-B-B-B-B-B-G-G-G-G-G-G-G-A-A-A-A-A-A-A-A-A,1,2,False,False,False,False
5447,A-A-A-A-Sh-Sh-Sh-Sh-Sh-Sh-Sh-Sh-Sh-Sh-U-U-U-U-U-U-U-U-U,1,2,False,False,False,False
5448,A-A-A-A-G-G-G-G-G-B-B-B-B-B-B-B-B-B-B-B-B-B-B,1,2,False,False,False,False
5449,A-A-A-A-G-G-G-G-G-Sp-Sp-Sp-Sp-Sp-Sp-Sp-Sp-Sp-Sp-Sp-Sp-Sp-Sp,1,2,False,False,False,False
5450,A-A-A-A-G-G-G-G-G-G-G-G-G-U-U-U-U-U-U-U-U-U-U,1,2,False,False,False,False
5451,A-A-A-A-G-G-G-G-G-G-G-G-G-G-G-G-G-U-U-U-U-U-U,1,2,False,False,False,False
5452,B-B-B-B-B-B-Sp-Sp-Sp-Sp-Sp-Sp-Sp-Sp-Sp-Sp-Sp-Sp-B-B-B-Sp-Sp,1,3,False,False,False,False
5453,B-B-B-B-B-B-Sp-Sp-Sp-Sp-Sp-Sp-Sp-Sp-Sp-Sp-Sp-Sp-B-B-Sp-Sp-Sp,1,3,False,False,False,False
5454,A-A-A-A-Sp-Sp-Sp-Sp-Sp-Sp-Sp-Sp-Sp-Sp-Sp-Sp-Sp-U-U-U-U-U-U,1,2,False,False,False,False
5455,A-A-A-A-Sh-Sh-Sh-Sh-Sh-Sh-Sh-Sh-Sh-Sh-Sh-Sh-Sh-Sh-Sh-Sp-Sp-Sp-Sp,1,2,False,False,False,False
5456,A-A-A-A-Sh-Sh-Sh-Sh-Sh-Sh-Sh-Sh-Sh-Sh-Sh-Sh-Sh-A-A-A-A-A-A,1,2,False,False,False,False
5457,Wt-F-F-F-F-F-F-F-F-F-F-F-F-F-F-F-A-A-A-A-A-A-F,1,3,False,False,True,False
5458,B-B-B-B-B-B-B-G-G-G-G-G-G-G-G-G-G-G-G-G-G-B-B,1,2,False,False,False,False
5459,G-Wa-Wa-Wa-Wa-Wa-Wa-Wa-Wa-Wa-Wa-Wa-B-B-B-B-B-B-B-B-B-B-B,1,2,False,False,False,False
5460,G-B-B-B-B-B-B-B-B-B-B-B-B-B-B-B-B-B-B-B-B-B-U,1,2,False,False,False,False
5461,G-B-B-B-B-B-B-B-B-B-B-B-B-B-B-B-B-B-B-B-B-U-U,1,2,False,False,False,False
5462,G-B-B-B-B-B-B-B-B-B-B-B-B-B-B-B-B-B-B-B-G-G-G,1,2,False,False,False,False
5463,G-B-B-B-B-B-B-B-B-B-B-B-B-B-B-B-F-F-F-F-F-F-F,1,2,False,False,True,False
5464,Sh-G-G-G-G-G-G-G-G-G-G-G-G-G-G-G-G-G-G-U-U-U-U,1,2,False,False,False,False
5465,Sh-Sh-Sh-Sh-Sh-Sh-Sh-Sh-Sh-Sh-Sh-F-F-F-F-F-F-F-F-F-F-G-G,1,2,False,False,False,False
5466,F-F-F-F-F-F-F-F-F-F-G-G-G-G-G-G-G-G-F-F-F-F-F,1,2,False,False,False,False
5467,F-F-F-F-F-F-F-F-F-F-G-G-G-G-G-G-F-F-F-F-F-F-F,1,2,False,False,True,False
5468,F-F-F-F-F-F-F-F-F-F-F-Wa-Wa-Wa-Wa-Wa-Wa-Wa-Wa-Wa-Wa-U-U,1,2,False,False,False,False
5469,F-F-F-F-F-F-F-F-F-F-F-Wa-Wa-Wa-Wa-Wa-Wa-Wa-Wt-Wt-Wt-Wt-Wt,1,2,False,False,False,False
5470,Sh-Sh-A-A-A-A-A-A-A-U-U-U-U-U-U-U-U-U-U-U-U-U-U,1,2,False,False,False,False
5471,Sh-Sh-A-A-A-A-A-A-A-A-U-U-U-U-U-U-U-U-U-U-U-U-U,1,2,False,False,False,False
5472,Sh-Sh-A-A-A-A-A-A-A-A-A-A-U-U-U-U-U-U-U-U-U-U-U,1,2,False,False,False,False
5473,Sh-Sh-A-A-A-A-A-A-A-A-A-A-A-U-U-U-U-U-U-U-U-U-U,1,2,False,False,False,False
5474,F-F-F-Sh-Sh-Sh-Sh-Sh-Sh-Sh-Sh-Sh-Sh-Sh-Sh-Sh-Sh-Sh-Sh-G-G-G-G,1,2,False,False,False,False
5475,F-F-F-Sh-Sh-Sh-Sh-Sh-Sh-Sh-Sh-Sh-Sh-Sh-Sh-Sh-Sh-Sh-Sh-A-G-G-G,1,3,False,False,False,False
5476,B-B-B-B-B-B-B-B-F-F-F-F-F-F-F-F-F-F-Sp-Sp-Sp-Sp-Sp,1,2,False,False,False,False
5477,A-A-A-A-G-G-G-G-G-G-G-G-G-G-G-G-G-G-G-G-A-A-A,1,2,False,False,False,False
5478,A-A-A-A-G-G-G-G-G-G-G-G-G-G-G-G-G-G-G-A-A-A-A,1,2,False,False,False,False
5479,A-A-A-A-F-F-F-F-F-F-F-U-U-U-U-U-U-U-U-U-U-U-U,1,2,False,False,False,False
5480,A-A-A-A-F-F-F-F-F-F-F-F-F-Sh-Sh-Sh-Sh-Sh-Sh-Sh-Sh-Sh-Sh,1,2,False,False,False,False
5481,G-Sp-Sp-Sp-Sp-Sp-Sp-Sp-Sp-Sp-Sp-Sp-Sp-Sp-Sp-Sp-B-B-B-B-Sp-Sp-Sp,1,3,False,False,True,False
5482,G-Sp-Sp-Sp-Sp-Sp-Sp-Sp-Sp-Sp-Sp-Sp-Sp-Sp-Sp-Sp-Sp-Sp-Sp-B-B-B-B,1,2,False,True,False,False
5483,G-Sp-Sp-Sp-Sp-Sp-Sp-Sp-Sp-Sp-Sp-Sp-Sp-Sp-Sp-Sp-Sp-Sp-G-G-Sp-Sp-Sp,1,3,False,False,False,False
5484,G-G-G-G-G-G-G-F-F-F-F-F-F-F-F-F-F-F-F-F-F-F-Sh,1,2,False,False,False,False
5485,G-G-G-G-G-G-G-A-A-A-A-A-A-A-A-A-A-A-A-F-F-F-F,1,2,False,False,False,False
5486,G-G-G-G-G-G-F-F-F-F-F-F-F-F-Wa-Wa-Wa-Wa-Wa-Wa-Wa-Wa-Wa,1,2,False,False,False,False
5487,A-A-A-A-F-F-F-F-F-F-F-F-F-F-F-F-F-Wt-Wt-Wt-Wt-Wt-Wt,1,2,False,False,False,False
5488,B-B-B-B-B-B-B-B-F-F-F-F-F-F-F-F-F-F-G-G-G-G-G,1,2,False,False,False,False
5489,B-B-B-B-B-B-B-Sp-Sp-Sp-Sp-Sp-Sp-Sp-Sp-Sp-Sp-Sp-Sp-Sp-Sp-Sp-G,1,2,False,False,False,False
5490,A-A-A-A-F-F-F-F-F-F-F-F-F-F-F-F-F-F-Sh-Sh-F-F-F,1,3,False,False,False,False
5491,A-A-A-A-F-F-F-F-F-F-F-F-F-F-F-F-F-F-Sh-F-F-F-F,1,3,False,False,False,False
5492,A-A-A-A-F-F-F-F-F-F-F-F-F-F-F-F-F-F-F-Sh-A-A-A,1,3,False,False,False,False
5493,A-A-A-A-F-F-F-F-F-F-F-F-F-F-F-F-F-F-F-G-G-G-F,1,3,False,False,False,False
5494,A-A-A-A-F-F-F-F-F-F-F-F-F-F-F-F-F-F-F-F-F-U-U,1,2,False,False,False,False
5495,B-B-B-B-B-B-B-B-G-G-G-G-G-G-G-G-G-G-G-G-A-A-A,1,2,False,False,False,False
5496,F-F-F-F-F-F-F-F-F-F-F-Wa-Wa-Wa-Wa-Wa-Wa-Wa-F-F-F-F-F,1,2,False,False,False,False
5497,F-F-F-F-F-F-F-F-F-F-F-B-B-B-B-B-F-F-F-F-F-F-F,1,2,False,False,True,False
5498,Sh-Sh-Sh-Sh-Sh-Sh-Sh-Sh-Sh-Sh-Sh-F-F-F-F-F-F-F-F-F-F-F-Wt,1,2,False,False,False,False
5499,Sh-Sh-Sh-Sh-Sh-Sh-Sh-Sh-Sh-Sh-Sh-F-F-F-F-F-F-F-F-F-F-A-A,1,2,False,False,False,False
5500,Sh-Sh-Sh-Sh-Sh-Sh-Sh-Sh-Sh-Sh-Sh-A-A-U-U-U-U-U-U-U-U-U-U,1,2,False,False,False,False
5501,Sh-Sh-Sh-Sh-Sh-Sh-Sh-Sh-Sh-Sh-Sh-A-A-A-A-A-A-A-A-U-U-U-U,1,2,False,False,False,False
5502,Sh-Sh-Sh-Sh-Sh-Sh-Sh-Sh-Sh-Sh-Sh-A-A-A-A-A-A-A-A-A-A-A-U,1,2,False,False,False,False
5503,F-F-F-Sh-Sh-Sh-Sh-Sh-Sh-Sh-Sh-Sh-Sh-Sh-F-F-F-F-F-F-F-A-A,1,3,False,True,False,False
5504,F-F-F-Sh-Sh-Sh-Sh-Sh-Sh-Sh-Sh-Sh-G-G-G-G-G-G-G-G-G-G-G,1,2,False,False,False,False
5505,F-F-F-Sh-Sh-Sh-Sh-Sh-Sh-Sh-Sh-F-F-F-F-F-F-F-F-F-Sh-Sh-Sh,1,3,False,False,False,False
5506,F-F-F-F-F-F-F-F-F-F-Sh-Sh-Sh-Sh-Sh-Sh-Sh-A-A-A-A-A-A,1,2,False,False,False,False
5507,A-A-A-A-F-F-F-F-F-F-F-F-F-F-F-F-F-F-F-F-F-F-G,1,2,False,False,False,False
5508,A-A-A-A-F-F-F-F-F-F-F-F-F-F-F-F-F-F-F-A-G-G-G,1,3,False,False,False,False
5509,A-A-A-A-F-F-F-F-F-F-F-F-F-F-F-F-F-F-A-A-A-A-F,1,3,False,False,False,False
5510,A-A-A-A-F-F-F-F-F-F-F-F-F-F-F-F-A-A-A-A-A-A-F,1,3,False,False,True,False
5511,G-Sp-Sp-Sp-Sp-Sp-Sp-Sp-Sp-Sp-Sp-Sp-Sp-Sp-Sp-Sp-F-F-F-F-F-F-F,1,2,False,False,True,False
5512,G-Sh-Sh-Sh-Sh-Sh-Sh-Sh-Sh-Sh-Sh-Sh-Sh-Sh-Sh-Sh-Sh-Sh-Sh-Sh-F-F-F,1,2,False,False,False,False
5513,G-Sh-Sh-Sh-Sh-Sh-Sh-Sh-Sh-Sh-Sh-Sh-Sh-Sh-Sh-Sh-Sh-Sh-Sh-F-F-F-F,1,2,False,False,False,False
5514,G-Sh-Sh-Sh-Sh-Sh-Sh-Sh-Sh-Sh-Sh-Sh-Sh-Sh-Sh-Sh-Sh-Sh-A-A-A-A-A,1,2,False,False,False,False
5515,G-Sh-Sh-Sh-Sh-Sh-Sh-Sh-Sh-Sh-Sh-Sh-Sh-Sh-Sh-Sh-Sh-F-F-F-F-F-F,1,2,False,False,False,False
5516,G-Sh-Sh-Sh-Sh-Sh-Sh-Sh-Sh-Sh-F-F-F-F-F-F-F-F-F-F-F-F-F,1,2,False,False,False,False
5517,G-G-Wa-Wa-Wa-Wa-Wa-Wa-Wa-Wa-Wa-Wa-Wa-Wa-Wa-Wa-Wa-Wa-Wa-B-B-B-B,1,2,False,False,False,False
5518,G-G-Wa-Wa-Wa-Wa-Wa-Wa-Wa-Wa-Wa-Wa-Wa-Wa-G-G-G-G-G-G-G-G-G,1,2,False,False,False,False
5519,B-B-B-B-B-B-B-B-Sp-Sp-Sp-Sp-Sp-Sp-Sp-Sp-Sp-B-B-B-B-Sp-Sp,1,3,False,False,False,False
5520,B-B-B-B-B-B-B-B-Sp-Sp-Sp-Sp-Sp-Sp-Sp-Sp-Sp-Sp-B-Sp-Sp-Sp-Sp,1,3,False,False,False,False
5521,B-B-B-B-B-B-B-B-Sp-Sp-Sp-Sp-Sp-Sp-Sp-Sp-Sp-Sp-Sp-B-B-B-B,1,2,False,False,False,False
5522,B-B-B-B-B-B-B-B-B-B-A-A-A-A-A-A-A-A-A-A-A-A-U,1,2,False,False,False,False
5523,B-B-B-B-B-B-B-B-B-Sp-Sp-Sp-Sp-Sp-Wa-Wa-Wa-Wa-Wa-Wa-Wa-Wa-Wa,1,2,False,False,False,False
5524,B-B-B-B-B-B-B-B-B-Sp-Sp-Sp-Sp-Sp-Sp-Sp-B-B-B-G-G-G-G,1,3,False,False,True,False
5525,B-B-B-B-B-B-B-B-B-Sp-Sp-Sp-Sp-Sp-Sp-Sp-Sp-B-Sp-Sp-Sp-Sp-Sp,1,3,False,False,False,False
5526,B-B-B-B-B-B-B-B-B-Sp-Sp-Sp-Sp-Sp-Sp-Sp-Sp-Sp-B-B-B-B-B,1,2,False,False,False,False
5527,B-B-B-B-B-B-B-B-B-Sp-Sp-Sp-Sp-Sp-Sp-Sp-Sp-Sp-Sp-A-A-A-A,1,2,False,False,False,False
5528,B-B-B-B-B-B-B-B-B-G-G-G-G-G-G-G-G-G-G-G-G-A-A,1,2,False,False,False,False
5529,B-B-B-B-B-B-B-B-B-G-G-G-G-G-G-G-G-G-G-G-A-A-A,1,2,False,False,False,False
5530,F-F-F-Sh-Sh-Sh-Sh-Sh-Sh-Sh-Sh-Sh-Sh-Sh-Sh-Sh-Sh-Sh-G-G-G-G-G,1,2,False,False,False,False
5531,F-F-F-Sh-Sh-Sh-Sh-Sh-Sh-Sh-Sh-Sh-Sh-Sh-Sh-Sh-Sh-Wt-Wt-Wt-Wt-Wt-Wt,1,2,False,False,False,False
5532,Sh-Sh-Sh-Sh-Sh-Sh-Sh-Sh-Sh-Sh-G-G-G-G-G-G-G-G-G-G-G-F-F,1,2,False,False,False,False
5533,Sh-Sh-Sh-Sh-Sh-Sh-Sh-Sh-Sh-Sh-G-G-G-G-G-G-G-G-G-F-F-F-F,1,2,False,False,False,False
5534,Sh-Sh-Sh-Sh-Sh-Sh-Sh-Sh-Sh-Sh-F-F-F-F-F-F-Sh-Sh-Sh-Sh-Sh-Sh-Sh,1,2,False,False,True,False
5535,Sh-Sh-Sh-Sh-Sh-Sh-Sh-Sh-Sh-Sh-F-F-F-F-F-F-F-F-F-B-B-B-B,1,2,False,False,False,False
5536,Sh-Sh-Sh-Sh-Sh-Sh-Sh-Sh-Sh-Sh-F-F-F-F-F-F-F-F-F-F-F-Wt-Wt,1,2,False,False,False,False
5537,Sh-Sh-Sh-Sh-Sh-Sh-Sh-Sh-Sh-Sh-F-F-F-F-F-F-F-F-F-F-A-A-A,1,2,False,False,False,False
5538,F-F-F-Sh-Sh-U-U-U-U-U-U-U-U-U-U-U-U-U-U-U-U-U-U,1,2,False,False,False,False
5539,B-B-B-B-B-B-B-B-B-B-Sp-Sp-Sp-Sp-Sp-Sp-Sp-G-G-G-G-G-G,1,2,False,False,False,False
5540,A-A-A-A-A-B-B-B-B-B-B-B-B-B-B-B-B-B-B-B-B-B-B,1,1,False,False,False,False
5541,A-A-A-A-A-Sh-Sh-Sh-Sh-Sh-Sh-Sh-Sh-Sh-Sh-Sh-Sh-Sh-Sh-Sh-A-A-A,1,2,False,False,False,False
5542,A-A-A-A-A-Sh-Sh-Sh-Sh-Sh-Sh-Sh-Sh-Sh-Sh-Sh-Sh-Sh-Sh-G-G-G-G,1,2,False,False,False,False
5543,G-G-Wa-Wa-Wa-Wa-Wa-Wa-Wa-Wa-Wa-Wa-Wa-Wa-F-F-F-F-F-F-F-F-F,1,2,False,False,False,False
5544,G-G-Wa-Wa-Wa-Wa-Wa-Wa-Wa-Wa-Wa-Wa-Wa-F-F-F-F-F-F-F-F-F-F,1,2,False,False,False,False
5545,G-G-G-G-G-G-G-G-F-F-F-F-F-F-F-F-F-F-G-G-G-G-G,1,2,False,False,False,False
5546,G-G-G-G-G-G-G-G-F-F-F-F-F-F-F-F-F-F-F-F-F-F-Sh,1,2,False,False,False,False
5547,G-G-G-G-G-G-G-G-F-F-F-F-F-F-F-F-F-F-F-F-F-F-A,1,2,False,False,False,False
5548,G-G-G-G-G-G-G-G-F-F-F-F-F-F-F-F-F-F-F-A-A-A-A,1,2,False,False,False,False
5549,G-G-G-G-G-G-G-G-F-F-F-F-F-F-F-F-F-F-A-A-A-A-A,1,2,False,False,False,False
5550,G-G-G-G-G-G-G-G-F-F-F-F-F-F-F-F-F-A-A-A-A-A-A,1,2,False,False,False,False
5551,G-G-G-G-G-G-G-F-F-F-F-F-F-F-F-F-G-G-G-G-G-G-G,1,2,False,False,True,False
5552,B-B-B-B-B-B-B-B-B-B-G-G-G-G-G-G-B-B-B-B-B-B-B,1,2,False,False,True,False
5553,B-B-B-B-B-B-B-B-B-B-F-F-F-F-F-F-F-F-G-G-G-G-G,1,2,False,False,False,False
5554,B-B-B-B-B-B-B-B-B-B-B-Sp-Sp-Sp-Sp-Sp-Sp-Sp-Sp-U-U-U-U,1,2,False,False,False,False
5555,B-B-B-B-B-B-B-B-B-B-B-G-G-G-G-G-G-G-B-B-B-B-B,1,2,False,False,False,False
5556,B-B-B-B-B-B-B-B-B-B-B-G-G-G-G-G-G-G-G-Sp-Sp-Sp-Sp,1,2,False,False,False,False
5557,A-A-A-A-A-G-G-G-G-G-G-G-G-G-G-G-G-G-A-A-A-A-A,1,2,False,False,False,False
5558,B-B-B-B-B-B-B-B-B-B-Sp-Sp-Sp-Sp-Sp-Sp-B-B-B-B-B-Sp-Sp,1,3,False,False,True,False
5559,B-B-B-B-B-B-B-B-B-B-Sp-Sp-Sp-Sp-Sp-Sp-B-B-Sp-Sp-Sp-Sp-Sp,1,3,False,False,True,False
5560,B-B-B-B-B-B-B-B-B-B-Sp-Sp-Sp-Sp-Sp-Sp-Sp-Sp-Sp-Sp-Sp-G-G,1,2,False,False,False,False
5561,F-F-F-F-F-F-F-F-F-F-Sh-Sh-Sh-Sh-Sh-Sh-F-F-F-F-Sh-Sh-Sh,1,3,False,False,True,False
5562,F-F-F-F-F-F-F-F-F-F-Wt-Wt-Wt-Wt-Wt-Wt-Wa-Wa-Wa-Wa-Wa-Wa-Wa,1,2,False,False,True,False
5563,F-F-F-F-F-F-F-F-F-F-Wt-Wt-Wt-Wt-Wt-Wt-Wt-Wt-Wt-Wt-Wt-Wt-F,1,2,False,False,False,False
5564,F-F-F-F-F-F-F-F-F-F-Wt-Wt-Wt-Wt-Wt-Wt-Wt-Wt-Wt-Wt-Wt-F-F,1,2,False,False,False,False
5565,Sh-Sh-Sh-Sh-Sh-Sh-Sh-Sh-Sh-Sh-A-A-A-A-A-A-A-U-U-U-U-U-U,1,2,False,False,False,False
5566,Sh-Sh-F-F-F-F-F-F-F-F-F-F-F-F-F-F-F-F-F-G-G-G-G,1,2,False,False,False,False
5567,F-F-F-Sh-Sh-Sh-Sh-Sh-Sh-Sh-U-U-U-U-U-U-U-U-U-U-U-U-U,1,2,False,False,False,False
5568,F-F-F-Sh-Sh-Sh-Sh-Sh-Sh-A-A-A-A-A-A-A-A-A-A-A-F-F-F,1,3,False,False,False,False
5569,F-F-F-Sh-Sh-Sh-Sh-Sh-G-G-G-G-G-G-G-G-G-G-G-G-G-G-G,1,2,False,False,False,False
5570,B-B-B-B-B-B-B-B-B-B-B-Sp-Sp-Sp-Sp-Sp-Sp-Sp-B-B-B-B-B,1,2,False,False,False,False
5571,G-G-G-G-G-G-G-F-F-F-F-F-F-F-F-F-F-Sh-Sh-Sh-Sh-Sh-Sh,1,2,False,False,False,False
5572,G-G-B-B-B-B-B-B-B-B-B-B-B-B-B-B-B-Sp-Sp-Sp-Sp-Sp-Sp,1,2,False,False,False,False
5573,G-G-B-B-B-B-B-B-B-B-B-U-U-U-U-U-U-U-U-U-U-U-U,1,2,False,False,False,False
5574,G-G-Sp-Sp-Sp-Sp-Sp-Sp-B-B-B-B-B-B-B-B-B-B-B-B-B-B-B,1,2,False,False,False,False
5575,G-G-Sp-Sp-Sp-Sp-Sp-Sp-Sp-Wa-Wa-Wa-Wa-Wa-Wa-Wa-Wa-Wa-Wa-Wa-Wa-Wa-Wa,1,2,False,False,False,False
5576,Sh-Sh-Sh-Sh-Sh-Sh-Sh-Sh-Sh-Sh-A-A-A-A-A-A-A-A-F-F-F-F-F,1,2,False,False,False,False
5577,Sh-Sh-Sh-Sh-Sh-Sh-Sh-Sh-Sh-Sh-A-A-A-A-A-A-A-A-A-U-U-U-U,1,2,False,False,False,False
5578,Sh-Sh-Sh-Sh-Sh-Sh-Sh-Sh-Sh-Wt-Wt-Wt-Wt-Wt-Wt-Wt-Wt-Wt-Wt-Wt-Wt-Wt-Wt,1,1,False,False,False,False
5579,F-F-F-F-F-F-F-F-F-F-Sp-Sp-Sp-Sp-Wa-Wa-Wa-Wa-Wa-Wa-Wa-Wa-Wa,1,2,False,False,False,False
5580,F-F-F-F-F-F-F-F-F-F-Sp-Sp-Sp-Sp-Sp-Sp-Sp-Wa-Wa-Wa-Wa-Wa-Wa,1,2,False,False,False,False
5581,F-F-F-F-F-F-F-F-F-F-Sh-Sh-Sh-Sh-Sh-Sh-Sh-Wa-Wa-Wa-Wa-Wa-Wa,1,2,False,False,False,False
5582,F-F-F-F-F-F-F-F-F-F-Sh-Sh-Sh-Sh-Sh-Sh-Sh-Sh-Sh-Sh-Sh-Sh-U,1,2,False,False,False,False
5583,F-F-F-F-F-F-F-F-F-F-Sh-Sh-Sh-Sh-Sh-Sh-Sh-Sh-Sh-Sh-A-A-A,1,2,False,False,False,False
5584,Sh-Sh-Sh-Sh-Sh-Sh-Sh-Sh-Sh-G-G-G-G-G-G-G-Sh-Sh-Sh-Sh-Sh-Sh-Sh,1,2,False,False,True,False
5585,Sh-Sh-Sh-Sh-Sh-Sh-Sh-Sh-Sh-G-F-F-F-F-F-F-F-F-F-F-F-F-F,1,2,False,False,False,False
5586,B-B-B-B-B-B-B-B-B-B-B-B-Sp-Sp-Sp-Sp-B-B-B-Sp-Sp-Sp-Sp,1,3,False,False,True,False
5587,B-B-B-B-B-B-B-B-B-B-B-B-G-G-G-G-G-G-G-G-G-G-A,1,2,False,False,False,False
5588,B-B-B-B-B-B-B-B-B-B-B-B-F-F-F-F-F-F-A-A-A-A-A,1,2,False,False,False,False
5589,G-G-Sp-Sp-Sp-Sp-Sp-Sp-Sp-Sp-Sp-Sp-Sp-Sp-Sp-Sp-Sh-Sh-Sh-Sh-Sh-Sh-Sh,1,2,False,False,True,False
5590,G-G-Sp-Sp-Sp-Sp-Sp-Sp-Sp-Sp-Sp-Sp-Sp-Sp-G-G-G-G-G-G-G-G-G,1,2,False,False,False,False
5591,G-G-Sp-Sp-Sp-Sp-Sp-Sp-U-U-U-U-U-U-U-U-U-U-U-U-U-U-U,1,2,False,False,False,False
5592,G-G-Sp-Sp-Sp-Sp-Sp-U-U-U-U-U-U-U-U-U-U-U-U-U-U-U-U,1,2,False,False,False,False
5593,G-G-G-G-G-G-G-G-G-G-F-F-F-F-F-F-F-F-G-G-G-G-G,1,2,False,False,False,False
5594,G-G-G-G-G-G-G-G-G-G-A-A-A-A-A-A-A-A-A-F-F-F-F,1,2,False,False,False,False
5595,G-G-G-G-G-G-G-G-G-F-F-F-F-F-F-F-F-F-F-Sh-Sh-Sh-Sh,1,2,False,False,False,False
5596,B-B-B-B-B-B-B-B-B-B-B-Sp-Sp-Sp-Sp-Sp-Sp-B-B-B-B-B-Sp,1,3,False,False,False,False
5597,B-B-B-B-B-B-B-B-B-B-B-Sp-Sp-Sp-Sp-Sp-Sp-B-B-B-B-Sp-Sp,1,3,False,False,False,False
5598,A-A-A-A-A-F-F-F-F-F-F-F-F-F-F-F-F-Wt-Wt-Wt-Wt-Wt-Wt,1,2,False,True,False,False
5599,A-A-A-A-A-F-F-F-F-F-F-F-F-F-F-F-F-G-G-G-G-F-F,1,3,False,False,False,False
5600,A-A-A-A-A-F-F-F-F-F-F-F-F-F-F-F-F-F-F-Sp-Sp-Sp-Sp,1,2,False,False,False,False
5601,A-A-A-A-A-F-F-F-F-F-F-F-F-F-F-F-F-F-F-F-Wt-Wt-Wt,1,2,False,False,False,False
5602,F-F-F-Wt-Wt-Wt-Wt-Wt-Wt-Wt-Wt-Wt-Wt-Wt-Wt-Wt-Wt-Wt-F-F-F-A-A,1,3,False,False,False,False
5603,Sh-Sh-F-F-F-F-F-F-Sh-Sh-Sh-Sh-Sh-Sh-Sh-Sh-Sh-Sh-Sh-Sh-Sh-Sh-Sh,1,2,False,False,False,False
5604,Sh-Sh-F-F-F-F-F-F-U-U-U-U-U-U-U-U-U-U-U-U-U-U-U,1,2,False,False,False,False
5605,Sh-Sh-F-F-F-F-F-F-F-Sh-Sh-Sh-Sh-Sh-Sh-Sh-Sh-Sh-Sh-Sh-Sh-Sh-Sh,1,2,False,False,False,False
5606,Sh-Sh-F-F-F-F-F-F-F-G-G-G-G-G-G-G-G-G-G-G-G-G-G,1,2,False,False,False,False
5607,Sh-Sh-F-F-F-F-F-F-F-F-F-F-F-F-F-F-F-U-U-U-U-U-U,1,2,False,False,False,False
5608,Sh-Sh-F-F-F-F-F-F-F-F-F-F-F-F-F-F-F-F-Wt-Wt-Wt-Wt-Wt,1,2,False,False,False,False
5609,Sh-Sh-Sh-Sh-Sh-Sh-Sh-Sh-Sh-A-A-A-A-A-A-A-Wt-Wt-Wt-Wt-Wt-Wt-Wt,1,2,False,False,True,False
5610,F-F-F-F-F-F-F-F-F-Wt-Wt-Wt-Wt-Wt-Wt-Wt-Wt-Wt-Wt-Wt-Wt-A-A,1,2,False,False,False,False
5611,G-G-G-Wa-Wa-Wa-Wa-Wa-Wa-Wa-Wa-Wa-Wa-Wa-Wa-Wa-Wa-Wa-Wa-Sp-Sp-Sp-Sp,1,2,False,False,False,False
5612,G-G-G-Wa-Wa-Wa-Wa-Wa-Wa-Wa-Wa-Wa-Wt-Wt-Wt-Wt-Wt-Wt-Wt-Wt-Wt-Wt-Wt,1,2,False,False,False,False
5613,G-G-G-Wa-Wa-Wa-Wa-Wa-Wa-Wa-Wa-Wa-F-F-F-F-F-F-F-F-F-F-F,1,2,False,False,False,False
5614,B-B-B-B-B-B-B-B-B-B-B-B-B-Sp-Sp-Sp-Sp-B-B-B-B-B-B,1,2,False,False,False,False
5615,B-B-B-B-B-B-B-B-B-B-B-B-B-Sp-Sp-Sp-Sp-B-B-Sp-Sp-Sp-Sp,1,3,False,False,False,False
5616,A-A-A-A-A-A-Sh-Sh-Sh-Sh-Sh-Sh-Sh-Sh-Sh-Sh-Sh-Sh-Sh-Sh-A-A-A,1,2,False,False,False,False
5617,A-A-A-A-A-A-Sh-Sh-Sh-Sh-Sh-Sh-Sh-Sh-Sh-Sh-Sh-Sh-A-A-A-A-A,1,2,False,False,False,False
5618,A-A-A-A-A-A-F-F-F-F-F-F-F-U-U-U-U-U-U-U-U-U-U,1,2,False,True,False,False
5619,A-A-A-A-A-A-F-F-F-F-F-F-F-F-U-U-U-U-U-U-U-U-U,1,2,False,True,False,False
5620,B-B-B-B-B-B-B-B-B-B-B-B-B-B-F-F-F-F-G-G-G-G-G,1,2,False,False,False,False
5621,B-B-B-B-B-B-B-B-B-B-B-B-B-Sp-Sp-Sp-B-B-B-Sp-Sp-Sp-Sp,1,3,False,False,True,False
5622,G-G-G-G-G-G-G-G-G-F-F-F-F-F-F-F-F-F-A-A-A-A-A,1,2,False,False,False,False
5623,G-G-Sh-Sh-Sh-Sh-Sh-Sh-Sh-Sh-Sh-Sh-Sh-Sh-Sh-Sh-Sh-Sh-Sh-F-F-F-F,1,2,False,False,False,False
5624,G-G-Sh-Sh-Sh-Sh-Sh-Sh-Sh-Sh-F-F-F-F-F-F-F-F-F-F-F-F-F,1,2,False,False,False,False
5625,G-G-G-Wa-Wa-Wa-Wa-Wa-Wa-Wa-Wa-Wa-Wa-Wa-Wa-Wa-Wa-Wa-Wa-Wa-B-B-B,1,2,False,False,False,False
5626,G-G-G-Wa-Wa-Wa-Wa-Wa-Wa-Wa-Wa-Wa-Wa-Wa-Wa-Wa-Wa-Wa-Wa-B-B-B-B,1,2,False,False,False,False
5627,Sh-Sh-Sh-Sh-Sh-Sh-Sh-Sh-Sh-F-F-U-U-U-U-U-U-U-U-U-U-U-U,1,2,False,True,False,False
5628,Sh-Sh-Sh-Sh-Sh-Sh-Sh-Sh-Sh-F-F-F-F-F-F-F-F-U-U-U-U-U-U,1,2,False,False,False,False
5629,Sh-Sh-Sh-Sh-Sh-Sh-Sh-Sh-Sh-F-F-F-F-F-F-F-F-F-F-U-U-U-U,1,2,False,False,False,False
5630,Sh-Sh-Sh-Sh-Sh-Sh-Sh-Sh-Sh-F-F-F-F-F-F-F-F-F-F-G-G-G-G,1,2,False,False,False,False
5631,Sh-Sh-Sh-Sh-Sh-Sh-Sh-Sh-Sh-F-F-F-F-F-F-F-F-F-F-F-F-F-Wa,1,2,False,False,False,False
5632,Sh-Sh-Sh-Sh-Sh-Sh-Sh-Sh-Sh-F-F-F-F-F-F-F-F-F-F-F-F-F-A,1,2,False,False,False,False
5633,Sh-Sh-Sh-Sh-Sh-Sh-Sh-Sh-Sh-F-F-F-F-F-F-F-F-F-F-F-A-A-A,1,2,False,False,False,False
5634,G-G-G-Wa-Wa-Wa-Wa-Wa-Wa-Wa-Wa-Sh-Sh-Sh-Sh-Sh-Sh-Sh-Sh-Sh-Sh-Sh-F,1,3,False,False,False,False
5635,G-G-G-B-B-B-B-B-B-B-B-B-B-B-B-B-B-B-B-B-B-B-Sp,1,2,False,False,False,False
5636,G-G-G-Sh-Sh-Sh-Sh-Sh-Sh-Sh-Sh-Sh-Sh-Sh-Sh-Sh-Sh-Sh-Sh-F-F-F-F,1,2,False,False,False,False
5637,G-G-G-Sh-Sh-Sh-Sh-Sh-Sh-Sh-Sh-Sh-Sh-Sh-Sh-Sh-Sh-Sh-A-A-A-A-A,1,2,False,False,False,False
5638,B-B-B-B-B-B-B-B-B-B-B-B-B-B-G-G-Sh-Sh-Sh-Sh-Sh-Sh-Sh,1,2,False,False,True,False
5639,B-B-B-B-B-B-B-B-B-B-B-B-B-B-F-F-G-G-G-G-G-G-G,1,2,False,False,True,False
5640,F-F-F-F-F-F-F-F-F-F-Wa-Wa-Wa-Wa-Wa-Wa-Wa-Wa-Wa-Wa-Wa-Wa-A,1,2,False,False,False,False
5641,Sh-Sh-Sh-Sh-Sh-Sh-Sh-Sh-Sh-A-A-A-A-A-A-A-A-A-A-A-A-A-U,1,2,False,False,False,False
5642,Sh-Sh-G-G-G-G-G-G-G-G-G-G-G-G-G-G-Sh-Sh-Sh-Sh-Sh-Sh-Sh,1,2,False,True,True,False
5643,Sh-Sh-G-G-G-G-G-G-G-G-G-G-G-G-G-G-G-G-G-G-F-F-F,1,2,False,False,False,False
5644,F-F-F-Wt-Wt-Wt-Wt-Wt-Wt-Wt-Wt-Wt-Wt-Wt-Wt-Wt-Wt-Wt-Wt-Wt-Wt-Wt-G,1,2,False,False,False,False
5645,F-F-F-Wt-Wt-Wt-Wt-Wt-Wt-Wt-Wt-Wt-Wt-Wt-Wt-Wt-Wt-Wt-Wt-Wt-Wt-F-F,1,2,False,True,False,False
5646,F-F-F-F-F-F-F-F-F-Sh-Sh-Sh-Sh-Sh-Sh-Sh-Sh-Sh-F-F-F-A-A,1,3,False,False,False,False
5647,F-F-F-F-F-F-F-F-F-Sh-Sh-Sh-Sh-Sh-Sh-Sh-F-F-F-F-F-Sh-Sh,1,3,False,False,True,False
5648,A-A-A-A-A-A-Sh-Sh-Sh-Sh-Sh-F-F-F-F-F-F-F-F-F-F-F-F,1,2,False,False,False,False
5649,A-A-A-A-A-A-F-F-F-F-F-U-U-U-U-U-U-U-U-U-U-U-U,1,2,False,True,False,False
5650,A-A-A-A-A-A-A-G-G-G-G-G-G-G-G-G-G-F-F-F-F-F-F,1,2,False,False,False,False
5651,B-B-B-B-B-B-B-B-B-B-B-B-B-B-B-B-B-B-G-G-G-Sp-Sp,1,2,False,False,False,False
5652,B-B-B-B-B-B-B-B-B-B-B-B-B-B-B-B-B-B-F-Wa-Wa-Wa-Wa,1,2,False,False,False,False
5653,B-B-B-B-B-B-B-B-B-B-B-B-B-B-B-B-B-Sp-G-G-G-G-G,1,2,False,False,False,False
5654,B-B-B-B-B-B-B-B-B-B-B-B-B-B-B-B-B-G-G-G-G-A-A,1,2,False,False,False,False
5655,B-B-B-B-B-B-B-B-B-B-B-B-B-B-B-B-G-G-G-G-G-B-B,1,2,False,False,True,False
5656,B-B-B-B-B-B-B-B-B-B-B-B-B-B-B-B-G-G-G-G-G-A-A,1,2,False,False,True,False
5657,B-B-B-B-B-B-B-B-B-B-B-B-B-B-B-B-F-F-A-A-A-A-A,1,2,False,False,True,False
5658,B-B-B-B-B-B-B-B-B-B-B-B-B-B-B-B-A-A-A-A-F-F-F,1,2,False,False,True,False
5659,B-B-B-B-B-B-B-B-B-B-B-B-B-B-Sp-Sp-B-B-B-B-B-B-Sp,1,3,False,False,True,False
5660,B-B-B-B-B-B-B-B-B-B-B-B-B-B-Sp-Sp-B-B-Sp-Sp-Sp-Sp-Sp,1,3,False,False,True,False
5661,A-A-A-A-A-A-F-F-F-F-F-F-F-F-F-F-F-F-F-F-Wt-Wt-Wt,1,2,False,False,False,False
5662,A-A-A-A-A-A-F-F-F-F-F-F-F-F-F-F-F-F-F-F-G-G-G,1,2,False,False,False,False
5663,A-A-A-A-A-A-F-F-F-F-F-F-F-F-F-F-F-F-F-F-F-F-G,1,2,False,False,False,False
5664,B-B-B-B-B-B-B-B-B-B-B-B-B-B-Sp-Sp-Sp-Sp-Sp-B-B-B-B,1,2,False,False,False,False
5665,B-B-B-B-B-B-B-B-B-B-B-B-B-B-Sp-Sp-Sp-Sp-Sp-A-A-A-A,1,2,False,False,False,False
5666,A-A-A-A-A-A-A-F-F-F-F-F-F-F-F-U-U-U-U-U-U-U-U,1,2,False,True,False,False
5667,A-A-A-A-A-A-A-F-F-F-F-F-F-F-F-F-G-G-F-F-F-F-F,1,3,False,False,True,False
5668,A-A-A-A-A-A-A-F-F-F-F-F-F-F-F-F-F-Wt-Wt-Wt-Wt-Wt-Wt,1,2,False,False,False,False
5669,A-A-A-A-A-A-A-F-F-F-F-F-F-F-F-F-F-F-F-G-G-G-F,1,3,False,False,False,False
5670,A-A-A-A-A-A-A-Sh-Sh-Sh-Sh-Sh-Sh-Sh-U-U-U-U-U-U-U-U-U,1,2,False,False,False,False
5671,A-A-A-A-A-A-A-Wt-Wt-Wt-Wt-Wt-Wt-Wt-Wt-Wt-Wt-Wt-Wt-Wt-Wt-Wt-Wt,1,1,False,False,False,False
5672,G-G-G-Sh-Sh-Sh-Sh-Sh-Sh-Sh-Sh-Sh-Sh-Sh-Sh-Sh-Sh-F-F-F-F-F-F,1,2,False,False,False,False
5673,G-G-G-Sh-Sh-Sh-Sh-Sh-F-F-F-F-F-F-F-F-F-F-F-F-F-F-F,1,2,False,False,False,False
5674,G-G-G-U-U-U-U-U-U-U-U-U-U-U-U-U-U-U-U-U-U-U-U,1,1,False,False,False,False
5675,G-G-G-G-G-G-G-G-G-G-G-G-F-F-F-F-F-F-F-F-F-F-Sp,1,2,False,False,False,False
5676,G-G-G-G-G-G-G-G-G-G-G-G-F-F-F-F-F-F-F-F-F-F-A,1,2,False,False,False,False
5677,G-G-G-G-G-G-G-G-G-G-G-G-F-F-F-F-F-F-F-A-A-A-A,1,2,False,False,False,False
5678,G-G-G-G-G-G-G-G-G-G-G-G-F-F-F-F-A-A-A-A-A-A-A,1,2,False,False,True,False
5679,G-G-G-G-G-G-G-G-G-G-G-F-F-F-F-F-F-F-F-F-F-F-Sh,1,2,False,False,False,False
5680,G-G-G-G-G-G-G-G-G-G-G-F-F-F-F-F-F-F-F-F-F-A-A,1,2,False,False,False,False
5681,G-G-G-G-G-G-G-G-G-G-F-F-F-F-F-F-F-Sh-Sh-Sh-Sh-Sh-Sh,1,2,False,False,False,False
5682,Sh-Sh-Wt-Wt-Wt-Wt-Wt-Wt-Wt-Wt-Wt-Wt-Wt-Wt-Wt-Wt-Wt-Wt-Wt-Wt-Wt-Wt-F,1,2,False,False,False,False
5683,Sh-Sh-Sh-A-A-A-A-A-A-U-U-U-U-U-U-U-U-U-U-U-U-U-U,1,2,False,False,False,False
5684,F-F-F-F-Wa-Wa-Wa-Wa-Wa-Wa-Wa-Wa-Wa-Wa-Wa-Wa-Wa-Wa-Wa-Wa-A-A-A,1,2,False,False,False,False
5685,G-G-G-G-Sp-Sp-Sp-Sp-Sp-Sp-Sp-Sp-Sp-Sp-Sp-Sp-Sp-Sp-Sp-U-U-U-U,1,2,False,True,False,False
5686,B-B-B-B-B-B-B-B-B-B-B-B-B-B-B-B-B-B-B-Sp-Sp-Sp-B,1,2,False,False,False,False
5687,A-A-A-A-A-A-A-A-Wa-Wa-Wa-Wa-Wa-U-U-U-U-U-U-U-U-U-U,1,2,False,False,False,False
5688,A-A-A-A-A-A-A-A-Sh-Sh-Sh-Sh-Sh-Sh-Sh-Sh-Sh-Sh-Sh-Sp-Sp-Sp-Sp,1,2,False,False,False,False
5689,A-A-A-A-A-A-A-A-Sh-Sh-Sh-Sh-Sh-Sh-Sh-Sh-Sh-Sh-Sh-U-U-U-U,1,2,False,False,False,False
5690,A-A-A-A-A-A-A-F-F-F-F-F-F-F-F-F-F-F-F-A-A-A-F,1,3,False,False,False,False
5691,B-B-B-B-B-B-B-B-B-B-B-B-B-B-B-B-B-B-B-Sp-Sp-U-U,1,2,False,False,False,False
5692,B-B-B-B-B-B-B-B-B-B-B-B-B-B-B-B-B-B-B-G-G-G-Sp,1,2,False,False,False,False
5693,B-B-B-B-B-B-B-B-B-B-B-B-B-B-B-B-B-B-B-G-G-A-A,1,2,False,False,False,False
5694,B-B-B-B-B-B-B-B-B-B-B-B-B-B-B-B-B-B-Sp-Sp-Sp-B-B,1,2,False,False,False,False
5695,B-B-B-B-B-B-B-B-B-B-B-B-B-B-B-B-B-B-Sp-Sp-Sp-Sp-B,1,2,False,False,False,False
5696,A-A-A-A-A-A-A-F-U-U-U-U-U-U-U-U-U-U-U-U-U-U-U,1,2,False,True,False,False
5697,A-A-A-A-A-A-A-F-F-F-F-F-F-F-U-U-U-U-U-U-U-U-U,1,2,False,False,False,False
5698,A-A-A-A-A-A-A-A-F-F-F-F-F-F-F-F-F-Sh-Sh-Sh-Sh-Sh-Sh,1,2,False,False,False,False
5699,A-A-A-A-A-A-A-A-F-F-F-F-F-F-F-F-F-G-G-G-G-G-G,1,2,False,False,False,False
5700,G-G-G-G-G-G-G-G-G-G-F-F-F-F-F-F-F-F-B-B-B-B-B,1,2,False,False,False,False
5701,G-G-G-G-G-G-G-G-G-G-F-F-F-F-F-F-F-F-Sh-Sh-Sh-Sh-Sh,1,2,False,False,False,False
5702,G-G-G-G-B-B-B-B-B-B-B-B-B-B-B-B-B-B-B-B-G-G-G,1,2,False,True,False,False
5703,G-G-G-G-B-B-B-B-B-B-B-B-B-B-B-B-B-U-U-U-U-U-U,1,2,False,False,False,False
5704,G-G-G-G-B-B-B-B-B-B-U-U-U-U-U-U-U-U-U-U-U-U-U,1,2,False,False,False,False
5705,G-G-G-G-B-B-B-B-B-U-U-U-U-U-U-U-U-U-U-U-U-U-U,1,2,False,False,False,False
5706,G-G-G-G-Sp-Sp-Sp-Sp-Sp-Sp-Sp-Sp-Sp-Sp-Sp-Sp-B-B-B-Sp-Sp-Sp-Sp,1,3,False,False,True,False
5707,F-F-F-F-F-F-F-F-F-Sh-Sh-U-U-U-U-U-U-U-U-U-U-U-U,1,2,False,False,False,False
5708,F-F-F-F-F-F-F-F-F-Wt-Wt-Wt-Wt-Wt-Wt-Wt-Wa-Wa-Wa-Wa-Wa-Wa-Wa,1,2,False,False,True,False
5709,F-F-F-F-F-F-F-F-F-Wt-Wt-Wt-Wt-Wt-Wt-Wt-Wt-Wt-Wt-Wt-Wt-F-F,1,2,False,False,False,False
5710,Sh-Sh-Sh-Sh-Sh-Sh-Sh-Sh-G-G-G-G-G-G-G-G-A-A-A-A-A-A-A,1,2,False,False,True,False
5711,Sh-Sh-Sh-A-A-A-A-A-A-A-A-A-A-A-A-A-Sh-Sh-Sh-F-F-F-F,1,3,False,False,True,False
5712,Sh-Sh-Sh-A-A-A-A-A-A-A-A-A-A-A-A-A-A-A-Wt-Wt-Wt-Wt-F,1,3,False,True,False,False
5713,Sh-Sh-Sh-A-A-A-A-A-A-A-A-A-A-A-A-A-A-A-A-A-A-A-U,1,2,False,True,False,False
5714,A-A-A-A-A-A-A-A-F-F-F-F-F-F-F-F-F-F-F-Wt-Wt-Wt-Wt,1,2,False,False,False,False
5715,A-A-A-A-A-A-A-A-F-F-F-F-F-F-F-F-F-F-F-F-F-U-U,1,2,False,True,False,False
5716,A-A-A-A-A-A-A-A-F-F-F-F-F-F-F-F-F-F-F-F-F-F-Wt,1,2,False,False,False,False
5717,A-A-A-A-A-A-A-A-F-F-F-F-F-F-F-F-F-F-F-F-F-F-G,1,2,False,False,False,False
5718,B-B-B-B-B-B-B-B-B-B-B-B-B-B-B-B-B-B-B-B-Wa-Wa-Wa,1,1,False,False,False,False
5719,B-B-B-B-B-B-B-B-B-B-B-B-B-B-B-B-B-B-B-B-B-B-Wa,1,1,False,False,False,False
5720,A-A-A-A-A-A-A-A-Sh-Sh-Sh-Sh-Sh-Sh-Sh-Sh-Sh-A-A-A-A-A-A,1,2,False,False,False,False
5721,Sh-Sh-Sh-Sh-Sh-Sh-Sh-Sh-F-F-F-F-F-F-F-F-F-Sh-Sh-F-F-F-F,1,3,False,False,False,False
5722,Sh-Sh-Sh-Sh-Sh-Sh-Sh-Sh-F-F-F-F-F-F-F-F-F-F-G-G-G-G-G,1,2,False,False,False,False
5723,F-F-F-F-F-F-F-F-F-B-B-B-B-B-B-B-F-F-F-F-F-F-F,1,2,False,False,True,False
5724,F-F-F-F-F-F-F-F-F-Sp-Sp-Sp-Sp-Sp-Sp-Sp-Sp-Sp-F-F-F-F-F,1,2,False,False,False,False
5725,F-F-F-F-F-F-F-F-F-Sh-Sh-Sh-Sh-Sh-Sh-Sh-Wa-Wa-Wa-Wa-Wa-Wa-Wa,1,2,False,False,True,False
5726,F-F-F-F-F-F-F-F-F-Sh-Sh-Sh-Sh-Sh-Sh-Sh-Sh-Sh-Wa-Wa-Wa-Wa-Wa,1,2,False,False,False,False
5727,F-F-F-F-F-F-F-F-F-Sh-Sh-Sh-Sh-Sh-Sh-Sh-Sh-Sh-Sh-Sh-Sh-Sh-U,1,2,False,False,False,False
5728,F-F-F-F-F-F-F-F-F-Sh-Sh-Sh-Sh-Sh-Sh-Sh-Sh-Sh-Sh-Sh-A-A-A,1,2,False,False,False,False
5729,Sh-Sh-Sh-Sh-Sh-Sh-Sh-Sh-A-U-U-U-U-U-U-U-U-U-U-U-U-U-U,1,2,False,False,False,False
5730,A-A-A-A-A-A-A-A-F-F-F-F-F-F-F-F-A-A-A-A-A-A-F,1,3,False,False,True,False
5731,A-A-A-A-A-A-A-A-A-Sh-Sh-Sh-Sh-Sh-Sh-U-U-U-U-U-U-U-U,1,2,False,False,False,False
5732,B-B-Wa-Wa-Wa-Wa-Wa-Wa-Wa-Wa-Wa-Wa-Wa-Wa-Wa-Wa-Sp-Sp-Sp-Sp-Sp-Sp-Sp,1,2,False,False,True,False
5733,G-G-G-G-Sp-Sp-Sp-Sp-Sp-Sp-Sp-Sp-Sp-Sp-Sp-Sp-Sp-G-G-G-G-G-G,1,2,False,False,False,False
5734,G-G-G-G-Sh-Sh-Sh-Sh-Sh-Sh-Sh-Sh-Sh-Sh-Sh-Sh-Sh-Sh-Sh-Sh-Sh-F-F,1,2,False,False,False,False
5735,G-G-G-G-Sh-Sh-Sh-Sh-Sh-Sh-Sh-Sh-Sh-Sh-Sh-Sh-Sh-Sh-Sh-F-F-F-F,1,2,False,False,False,False
5736,G-G-G-G-G-G-G-G-G-G-G-G-G-G-G-G-F-F-F-F-F-F-Sh,1,2,False,True,True,False
5737,G-G-G-G-G-G-G-G-G-G-G-G-G-G-G-G-F-F-F-F-F-A-A,1,2,False,False,True,False
5738,G-G-G-G-G-G-G-G-G-G-G-G-G-G-F-F-F-G-G-G-G-G-G,1,2,False,False,False,False
5739,G-G-G-G-G-G-G-G-G-G-G-G-G-G-F-F-F-F-F-Wa-Wa-Wa-Wa,1,2,False,False,False,False
5740,G-G-G-G-G-G-G-G-G-G-G-G-G-G-F-F-F-F-F-F-F-B-B,1,2,False,False,False,False
5741,B-B-Wa-Wa-Wa-Wa-Wa-Wa-Wa-Wa-Wa-Wa-Wa-Wa-Sp-Sp-Sp-Sp-Sp-Sp-Sp-Sp-Sp,1,2,False,False,False,False
5742,B-B-Wa-Wa-Wa-Wa-Wa-Wa-Wa-Wa-Wa-Wa-Wa-Wa-G-G-G-G-G-G-G-G-G,1,2,False,False,False,False
5743,B-B-Wa-Wa-Wa-Wa-Wa-Wa-Wa-Wa-Wa-Wa-Wa-F-F-F-F-F-F-F-F-F-F,1,2,False,False,False,False
5744,B-B-B-Wa-Wa-Wa-Wa-Wa-Wa-Wa-Wa-Wa-Wa-Wa-Wa-Wa-Wa-Wa-Wa-Wa-Wa-Wa-Wa,1,1,False,False,False,False
5745,A-A-A-A-A-A-A-A-F-F-F-F-F-F-F-F-F-F-F-Wt-Sh-Sh-Sh,1,3,False,False,False,False
5746,Sh-Sh-Sh-F-F-F-F-F-F-F-F-A-A-A-A-A-A-A-A-A-A-A-A,1,2,False,False,False,False
5747,Sh-Sh-Sh-Sh-Sh-Sh-Sh-G-G-G-G-G-G-G-G-G-G-U-U-U-U-U-U,1,2,False,False,False,False
5748,Sh-Sh-Sh-Sh-Sh-Sh-Sh-G-G-G-G-G-G-G-G-G-G-G-G-G-G-G-F,1,2,False,False,False,False
5749,Sh-Sh-Sh-Sh-Sh-Sh-Sh-G-G-G-G-G-G-G-G-G-G-G-G-G-G-F-F,1,2,False,True,False,False
5750,G-G-G-G-G-G-B-B-B-B-B-B-B-B-B-B-B-B-B-Sp-Sp-Sp-Sp,1,2,False,False,False,False
5751,A-A-A-A-A-A-A-A-A-F-F-F-F-F-F-F-F-F-F-Wt-Wt-Wt-Wt,1,2,False,False,False,False
5752,Wa-Sh-Sh-Sh-Sh-F-F-F-F-F-F-F-F-F-F-F-F-F-F-F-F-F-F,1,2,False,False,False,False
5753,Wa-Wt-Wt-Wt-Wt-Wt-Wt-Wt-Wt-Wt-Wt-Wt-Wt-Wt-Wa-Wa-Wa-Wa-Wa-Wa-Wa-Wa-Wa,1,2,False,True,False,False
5754,Wa-Wt-Wt-Wt-Wt-Wt-Wt-Wt-Wt-Wt-Wt-Wt-Wt-Wt-Wt-Wt-Wt-Wt-F-F-F-F-F,1,2,False,False,False,False
5755,Wa-G-G-G-G-G-G-G-G-G-G-G-G-G-G-G-G-G-G-G-G-G-Wa,1,2,False,False,False,False
5756,Wa-F-F-F-F-F-F-F-F-F-F-F-F-F-F-F-Wt-Wt-Wt-Wt-Wt-Wt-Wt,1,2,False,False,True,False
5757,Wa-F-F-F-F-F-F-F-F-F-F-F-F-F-F-F-F-F-Sp-Sp-Sp-Sp-Sp,1,2,False,False,False,False
5758,Wa-F-F-F-F-F-F-F-F-F-F-F-F-F-F-F-F-F-F-F-F-F-A,1,2,False,False,False,False
5759,B-Wa-Wa-Wa-Wa-Wa-Wa-Wa-Wa-Wa-Wa-Wa-Wa-Wa-Wa-Wa-Wa-Wa-Wa-Wa-Wa-B-B,1,2,False,False,False,False
5760,B-Wa-Wa-Wa-Wa-Wa-Wa-Wa-Wa-Wa-Wa-Wa-Wa-Wa-Wa-Wa-Wa-Wa-Wa-Wa-Wa-Sh-Sh,1,2,False,False,False,False
5761,B-Wa-Wa-Wa-Wa-Wa-Wa-Wa-Wa-Wa-Wa-Wa-Wa-Wa-Wa-Wa-Wa-Wa-Wa-Wa-Wa-F-F,1,2,False,False,False,False
5762,A-A-A-A-A-A-A-A-A-F-F-F-F-F-F-F-F-F-Sh-Sh-Sh-Sh-Sh,1,2,False,False,False,False
5763,A-A-A-A-A-A-A-A-A-F-F-F-F-F-F-F-F-F-G-G-G-G-G,1,2,False,False,False,False
5764,G-G-G-G-G-G-G-G-G-G-G-G-G-F-F-F-F-A-A-A-A-A-A,1,2,False,False,False,False
5765,G-G-G-G-G-G-G-G-G-G-G-G-F-F-F-F-F-F-F-G-G-G-G,1,2,False,False,False,False
5766,G-G-G-G-G-B-B-B-B-B-B-B-B-B-B-B-B-B-B-Sp-Sp-Sp-Sp,1,2,False,True,False,False
5767,G-G-G-G-G-B-B-B-B-B-B-B-B-B-B-B-B-B-B-G-G-G-G,1,2,False,False,False,False
5768,G-G-G-G-G-B-B-B-B-B-B-B-B-B-B-B-B-B-Sp-Sp-Sp-Sp-Sp,1,2,False,False,False,False
5769,G-G-G-G-G-Sp-Sp-Sp-Sp-Sp-Sp-Sp-Sp-Sp-Sp-Sp-Sp-F-F-F-F-F-F,1,2,False,False,False,False
5770,G-G-G-G-G-Sh-Sh-Sh-Sh-Sh-Sh-Sh-Sh-Sh-Sh-Sh-Sh-Sh-Sh-Sh-Sh-Sh-A,1,2,False,False,False,False
5771,Sh-Sh-Sh-Sh-Sh-Sh-Sh-Sh-A-A-A-U-U-U-U-U-U-U-U-U-U-U-U,1,2,False,False,False,False
5772,Sh-Sh-Sh-Sh-Sh-Sh-Sh-Sh-A-A-A-A-A-U-U-U-U-U-U-U-U-U-U,1,2,False,False,False,False
5773,F-F-F-F-F-F-F-F-G-G-G-G-G-U-U-U-U-U-U-U-U-U-U,1,2,False,False,False,False
5774,F-F-F-F-F-F-F-F-G-G-G-G-G-G-G-G-G-G-G-G-G-G-F,1,2,False,True,False,False
5775,Sh-Sh-Sh-F-F-F-F-F-F-F-F-F-F-F-F-F-F-F-F-G-G-G-G,1,2,False,False,False,False
5776,Sh-Sh-Sh-F-F-F-F-F-F-F-F-F-F-F-F-F-F-F-F-F-F-F-U,1,2,False,False,False,False
5777,Sh-Sh-Sh-F-F-F-F-F-F-F-F-F-F-F-F-F-A-A-F-F-F-F-F,1,3,False,False,True,False
5778,Sh-Sh-Sh-F-F-F-F-F-F-F-F-F-F-F-G-G-G-G-G-G-G-G-G,1,2,False,False,False,False
5779,Sh-Sh-Sh-F-F-F-F-F-F-F-F-F-F-F-F-F-Sh-Sh-Sh-Sh-Sh-U-U,1,3,False,False,True,False
5780,Sh-Sh-Sh-F-F-F-F-F-F-F-F-F-F-F-F-F-G-G-G-G-G-G-G,1,2,False,False,True,False
5781,F-F-F-F-Sp-Sp-Sp-Sp-Sp-Sp-Sp-Sp-Sp-Sp-Sp-Sp-Sp-U-U-U-U-U-U,1,2,False,False,False,False
5782,G-G-G-G-G-G-Sp-Sp-Sp-Sp-Sp-Sp-Sp-Sp-Sp-Sp-Sp-Sp-Sp-Sh-Sh-Sh-Sh,1,2,False,True,False,False
5783,G-G-G-G-G-G-Sh-Sh-Sh-Sh-Sh-Sh-Sh-Sh-Sh-Sh-Sh-Sh-Sh-F-F-F-F,1,2,False,False,False,False
5784,Wa-Wa-Wt-Wt-Wt-Wt-Wt-Wt-Wt-Wt-Wt-Wt-Wt-Wt-F-F-F-F-F-F-F-F-F,1,2,False,True,False,False
5785,Wa-Wa-F-F-F-F-F-F-F-F-Wt-Wt-Wt-Wt-Wt-Wt-Wt-Wt-Wt-Wt-Wt-Wt-Wt,1,2,False,False,False,False
5786,Wa-Wa-A-A-F-F-F-F-F-F-F-F-F-F-F-F-F-F-F-F-F-F-F,1,2,False,False,False,False
5787,Wa-Wa-A-A-A-A-A-A-A-A-A-A-A-A-A-A-A-A-A-F-F-F-F,1,2,False,False,False,False
5788,Wa-B-B-B-B-B-B-B-B-B-B-B-B-B-B-B-B-B-G-G-G-G-G,1,2,False,False,False,False
5789,Wa-Sh-Sh-Sh-Sh-Sh-Sh-Sh-Sh-Sh-Sh-Sh-Sh-Sh-Sh-Sh-Sh-Sh-Sh-F-F-F-F,1,2,False,False,False,False
5790,Wa-Sh-Sh-Sh-Sh-Sh-Sh-Sh-Sh-Sh-Sh-Sh-Sh-Sh-Sh-Sh-Sh-Sh-U-U-U-U-U,1,2,False,False,False,False
5791,A-A-A-A-A-A-A-A-A-Sh-F-F-F-F-F-F-F-F-F-F-F-F-F,1,2,False,False,False,False
5792,A-A-A-A-A-A-A-A-A-F-F-U-U-U-U-U-U-U-U-U-U-U-U,1,2,False,False,False,False
5793,A-A-A-A-A-A-A-A-A-F-F-F-F-U-U-U-U-U-U-U-U-U-U,1,2,False,True,False,False
5794,Sh-Sh-Sh-Sh-Sh-Sh-Sh-A-A-A-A-A-A-A-U-U-U-U-U-U-U-U-U,1,2,False,False,False,False
5795,Sh-Sh-Sh-Sh-Sh-Sh-Sh-A-A-A-A-A-A-A-A-U-U-U-U-U-U-U-U,1,2,False,False,False,False
5796,Wa-Wa-Wt-Wt-Wt-Wt-Wt-Wt-Wt-Wt-Wt-Wt-Wt-Wt-Wt-Wt-Wt-Wt-Wt-Wt-Wa-Wa-Wa,1,2,False,False,False,False
5797,Wa-Wa-Wt-Wt-Wt-Wt-Wt-Wt-Wt-Wt-Wt-Wt-Wt-Wt-Wt-Wt-Wt-Wt-Wt-Wt-Wt-Wt-Sh,1,2,False,False,False,False
5798,A-A-A-A-A-A-A-A-A-F-F-F-F-F-F-F-F-F-F-F-Sh-Sh-Sh,1,2,False,False,False,False
5799,G-G-G-G-G-G-B-B-B-B-B-B-B-B-B-B-G-G-G-G-G-G-G,1,2,False,False,True,False
5800,G-G-G-G-G-G-G-G-G-G-G-G-G-G-G-G-G-G-G-G-F-A-A,1,2,False,False,False,False
5801,G-G-G-G-G-G-G-G-G-G-G-G-G-G-G-G-G-G-G-F-F-G-G,1,2,False,False,False,False
5802,G-G-G-G-G-G-G-G-G-G-G-G-G-G-G-G-G-G-F-F-F-A-A,1,2,False,False,False,False
5803,Sh-Sh-Sh-Sh-Sh-Sh-Sh-G-G-G-G-G-G-G-G-G-G-G-G-F-F-F-F,1,2,False,False,False,False
5804,Sh-Sh-Sh-Sh-Sh-Sh-Sh-G-G-G-G-G-G-G-G-G-F-F-F-F-F-F-F,1,2,False,False,True,False
5805,Sh-Sh-Sh-Sh-Sh-Sh-Sh-F-F-F-F-F-F-F-F-F-F-U-U-U-U-U-U,1,2,False,False,False,False
5806,Sh-Sh-Sh-Sh-Sh-Sh-Sh-F-F-F-F-F-F-F-F-F-F-G-G-G-G-G-G,1,2,False,False,False,False
5807,Sh-Sh-Sh-Sh-Sh-Sh-Sh-F-F-F-F-F-F-F-F-F-F-F-F-Sh-A-A-A,1,3,False,False,False,False
5808,Sh-Sh-Sh-F-F-F-F-F-F-F-F-F-F-F-Wa-Wa-Wa-Wa-Wa-Wa-Wa-Wa-Wa,1,2,False,False,False,False
5809,Sh-Sh-Sh-F-F-F-F-F-F-F-F-F-F-F-Wt-Wt-Wt-Wt-Wt-Wt-Wt-Wt-Wt,1,2,False,False,False,False
5810,A-A-A-A-A-A-A-A-A-A-B-B-B-B-B-B-B-B-B-B-B-B-B,1,1,False,False,False,False
5811,A-A-A-A-A-A-A-A-A-A-Sp-Sp-Sp-Sp-Sp-Sp-Sh-Sh-Sh-Sh-Sh-Sh-Sh,1,2,False,False,True,False
5812,A-A-A-A-A-A-A-A-A-A-Sh-Sh-Sh-Sh-Sh-Sh-Sh-Sh-Sh-Sh-Sh-Sh-U,1,2,False,False,False,False
5813,A-A-A-A-A-A-A-A-A-A-Sh-Sh-Sh-Sh-Sh-Sh-Sh-Sh-Sh-G-G-G-G,1,2,False,False,False,False
5814,A-A-A-A-A-A-A-A-A-A-Sh-Sh-Sh-Sh-Sh-Sh-Sh-Sh-Sh-A-A-A-A,1,2,False,False,False,False
5815,A-A-A-A-A-A-A-A-A-A-Sh-Sh-Sh-Sh-Sh-Sh-A-A-A-A-A-A-A,1,2,False,False,True,False
5816,A-A-A-A-A-A-A-A-A-A-Sh-Sh-Sh-Sh-U-U-U-U-U-U-U-U-U,1,2,False,False,False,False
5817,F-F-F-F-Sp-Sp-Sp-Sp-Sp-Sp-Sp-Sp-Sp-Sp-Sp-Sp-Sp-F-F-F-F-F-F,1,2,False,False,False,False
5818,F-F-F-F-Sp-Sp-Sp-Sp-Sp-Sp-Sp-Sp-Sp-U-U-U-U-U-U-U-U-U-U,1,2,False,False,False,False
5819,F-F-F-F-Sp-Sp-Sp-Sp-Sp-U-U-U-U-U-U-U-U-U-U-U-U-U-U,1,2,False,False,False,False
5820,Sh-Sh-Sh-Sh-Sh-Sh-Sh-F-F-F-F-F-F-F-F-F-F-F-F-G-G-G-G,1,2,False,False,False,False
5821,Sh-Sh-Sh-Sh-Sh-Sh-Sh-F-F-F-F-F-F-F-F-F-F-F-F-F-F-F-Wt,1,2,False,False,False,False
5822,F-F-F-F-F-F-F-F-Wt-Wt-Wt-Wt-Wt-Wt-Wt-Wt-Wt-Wt-Wt-Wt-Wt-Wt-Sh,1,2,False,False,False,False
5823,F-F-F-F-F-F-F-F-Wt-Wt-Wt-Wt-Wt-Wt-Wt-Wt-Wt-Wt-Wt-Wt-Wt-Wt-G,1,2,False,False,False,False
5824,Sh-Sh-Sh-Sh-Sh-Sh-Sh-F-F-F-F-F-F-F-F-F-F-F-F-A-F-F-F,1,3,False,False,False,False
5825,Sh-Sh-Sh-Sh-Sh-Sh-Sh-A-A-A-F-F-F-F-F-F-F-F-F-F-F-F-F,1,2,False,False,False,False
5826,Wa-Wa-Wa-G-G-G-G-G-G-G-G-G-G-G-G-G-G-Wa-Wa-Wa-Wa-Wa-Wa,1,2,False,False,False,False
5827,Wa-Wa-Wa-A-A-A-A-A-A-A-A-A-A-A-A-A-Wa-Wa-Wa-Wa-Wa-Wa-Wa,1,2,False,False,True,False
5828,Wa-Wa-Wa-A-A-A-A-A-A-A-A-A-A-A-A-A-A-A-F-F-F-F-F,1,2,False,False,False,False
5829,G-G-G-G-G-G-Sh-Sh-Sh-Sh-Sh-Sh-Sh-Sh-Sh-Sh-Sh-G-G-G-G-G-G,1,2,False,False,False,False
5830,G-G-G-G-G-G-Sh-Sh-Sh-Sh-Sh-Sh-Sh-Sh-Sh-Sh-Sh-A-A-A-A-A-A,1,2,False,False,False,False
5831,G-G-G-G-G-G-Sh-Sh-Sh-Sh-Sh-Sh-Sh-Sh-F-F-F-F-F-F-F-F-F,1,2,False,False,False,False
5832,G-G-G-G-G-G-G-G-G-G-G-G-G-G-G-G-G-G-Wa-Wa-Wa-F-F,1,2,False,False,False,False
5833,G-G-G-G-G-G-G-G-G-G-G-G-G-G-G-G-G-G-Wa-Wa-F-F-F,1,2,False,False,False,False
5834,G-G-G-G-G-G-G-G-G-G-G-G-G-G-G-G-G-G-Sp-B-B-B-B,1,2,False,False,False,False
5835,G-G-G-G-G-G-G-G-G-G-G-G-G-G-G-G-G-G-Sh-Sh-Sh-Sh-F,1,2,False,False,False,False
5836,G-G-G-G-G-G-G-G-G-G-G-G-G-G-G-G-G-G-Sh-Sh-Sh-F-F,1,2,False,False,False,False
5837,G-G-G-G-G-G-G-G-G-G-G-G-G-G-G-G-G-G-G-Sp-B-B-B,1,2,False,False,False,False
5838,G-G-G-G-G-G-G-B-B-B-B-B-B-B-B-B-B-B-B-F-F-F-F,1,2,False,False,False,False
5839,G-G-G-G-G-G-G-B-B-B-B-B-B-B-B-B-B-B-G-G-G-G-G,1,2,False,False,False,False
5840,Wa-Wa-Sh-Sh-Sh-Sh-Sh-Sh-Sh-Sh-Sh-Sh-Sh-Sh-Sh-Sh-Sh-Sh-Sh-Sh-Sp-Sp-Sp,1,2,False,False,False,False
5841,A-A-A-A-A-A-A-A-A-A-Wa-Wa-Wa-Wa-Wa-Wa-Wa-Wa-Wa-Wa-Wa-Wa-A,1,2,False,False,False,False
5842,F-F-F-F-Sh-Sh-Sh-Sh-Sh-Sh-Sh-Sh-Sh-Sh-Sh-Sh-Sh-Sh-Sh-Wt-Wt-Wt-Wt,1,2,False,True,False,False
5843,F-F-F-F-Sh-Sh-Sh-Sh-Sh-Sh-Sh-Sh-Sh-Sh-Sh-Sh-Sh-Sh-G-G-G-G-G,1,2,False,True,False,False
5844,F-F-F-F-Sh-Sh-Sh-Sh-Sh-Sh-Sh-Sh-Sh-Sh-Sh-Sh-Sh-Sh-F-F-Sh-Sh-Sh,1,3,False,False,False,False
5845,G-G-G-G-G-G-G-G-G-G-G-G-G-G-G-G-G-Sp-B-B-B-B-B,1,2,False,False,False,False
5846,G-G-G-G-G-G-G-G-G-G-G-G-G-G-G-G-G-Sh-Sh-Sh-Sh-Sh-F,1,2,False,False,False,False
5847,G-G-G-G-G-G-G-G-G-G-G-G-G-G-G-G-G-Sh-Sh-Sh-F-F-F,1,2,False,False,False,False
5848,Wa-Wa-Wa-Sh-Sh-Sh-Sh-Sh-Sh-Sh-Sh-Sh-Sh-Sh-Sh-Sh-Sh-Wa-Wa-Wa-Wa-Wa-Wa,1,2,False,False,False,False
5849,Wa-Wa-Wa-Sh-Sh-Sh-Sh-Sh-Sh-Sh-Sh-Sh-Sh-Sh-Sh-Sh-Sh-Sh-Sh-Sh-F-F-F,1,2,False,False,False,False
5850,Wa-Wa-Wa-Sh-Sh-Sh-Sh-Sh-Sh-Sh-Sh-Sh-Sh-Sh-Sh-Sh-Sh-Sh-Wt-Wt-Wt-Wt-Wt,1,2,False,True,False,False
5851,Wa-Wa-Wa-Sh-Sh-Sh-Sh-Sh-Sh-Sh-Sh-Sh-Sh-Sh-Sh-Sh-Sh-Wt-Wt-Wt-Wt-Wt-Wt,1,2,False,False,False,False
5852,Wa-Wa-Wa-Sh-Sh-Sh-Sh-Sh-Sh-Sh-Sh-Sh-Sh-Sh-A-A-A-A-A-A-A-A-A,1,2,False,False,False,False
5853,A-A-A-A-A-A-A-A-A-A-Wt-Wt-Wt-Wt-Wa-Wa-Wa-Wa-Wa-Wa-Wa-Wa-Wa,1,2,False,False,False,False
5854,A-A-A-A-A-A-A-A-A-A-G-G-G-G-G-G-G-G-F-F-F-F-F,1,2,False,False,False,False
5855,A-A-A-A-A-A-A-A-A-A-F-F-F-F-F-F-F-Sh-Sh-Sh-Sh-Sh-Sh,1,2,False,False,False,False
5856,A-A-A-A-A-A-A-A-A-A-F-F-F-F-F-F-F-F-Wt-Wt-Wt-Wt-Wt,1,2,False,False,False,False
5857,A-A-A-A-A-A-A-A-A-A-F-F-F-F-F-F-F-F-F-F-F-Wt-Wt,1,2,False,False,False,False
5858,Wa-Wa-Wa-Wa-A-A-A-A-A-A-A-A-A-A-A-A-A-A-A-F-F-F-F,1,2,False,False,False,False
5859,A-A-A-A-A-A-A-A-A-A-F-F-F-F-F-F-F-F-F-F-F-F-U,1,2,False,False,False,False
5860,A-A-A-A-A-A-A-A-A-A-A-Wa-Wa-Wa-Wa-Wa-Wa-Wa-Wa-Wa-Wa-U-U,1,2,False,False,False,False
5861,Wa-Wa-Wa-Sp-Sp-Sp-Sp-Sp-Sp-Sp-Sp-Sp-Sp-Sp-Sp-Sp-Sp-Wa-Wa-Wa-Wa-Wa-Wa,1,2,False,False,False,False
5862,Wa-Wa-Wa-Sh-Sh-Sh-Sh-Sh-Sh-Sh-Sh-Sh-Sh-Sh-Sp-Sp-Sp-Sp-Sp-Sp-Sp-Sp-Sp,1,2,False,False,False,False
5863,G-G-G-G-G-G-G-B-B-B-B-B-U-U-U-U-U-U-U-U-U-U-U,1,2,False,False,False,False
5864,G-G-G-G-G-G-G-Sp-Sp-Sp-Sp-Sp-Sp-Sp-Sp-Sp-Sp-Sp-Sp-F-F-F-F,1,2,False,False,False,False
5865,G-G-G-G-G-G-G-Sp-Sp-Sp-Sp-Sp-Sp-Sp-Sp-Sp-Sp-Sp-F-F-F-F-F,1,2,False,True,False,False
5866,G-G-G-G-G-G-G-G-G-G-G-G-G-G-G-G-G-B-B-B-B-B-Sp,1,2,False,False,False,False
5867,F-F-F-F-F-F-F-F-Sh-Sh-Sh-Sh-Sh-Sh-Sh-Sh-Sh-Sh-Sh-Sh-Sh-Sh-A,1,2,False,True,False,False
5868,Sh-Sh-Sh-Sh-Sh-Sh-Sh-A-A-A-A-A-A-A-A-A-A-A-A-Sh-Sh-Sh-Sh,1,2,False,False,False,False
5869,Sh-Sh-Sh-Sh-Sh-Sh-Sh-A-A-A-A-A-A-A-A-A-A-A-A-A-A-A-U,1,2,False,False,False,False
5870,Sh-Sh-Sh-G-G-G-G-G-G-G-G-G-G-G-G-G-G-G-G-G-G-G-F,1,2,False,False,False,False
5871,Sh-Sh-Sh-G-G-G-G-G-G-G-G-G-G-G-G-G-G-G-G-F-F-F-F,1,2,False,False,False,False
5872,Sh-Sh-Sh-F-F-F-F-F-F-F-F-F-Sh-Sh-Sh-Sh-Sh-Sh-Sh-Sh-Sh-Sh-Sh,1,2,False,False,False,False
5873,F-F-F-F-Sh-Sh-Sh-Sh-Sh-Sh-Sh-Sh-Sh-Sh-Sh-Sh-Sh-Sh-Sh-U-U-U-U,1,2,False,False,False,False
5874,F-F-F-F-F-F-F-F-Sp-Sp-Sp-Sp-Sp-Sp-Sp-Sp-Sp-Sp-Sp-Sp-Sp-Sp-U,1,2,False,False,False,False
5875,F-F-F-F-F-F-F-F-Sp-Sp-Sp-Sp-Sp-Sp-Sp-Sp-Sp-Sp-Sp-F-F-F-F,1,2,False,False,False,False
5876,F-F-F-F-F-F-F-F-Sp-Sp-Sp-Sp-Sp-Sp-U-U-U-U-U-U-U-U-U,1,2,False,False,False,False
5877,F-F-F-F-F-F-F-F-Sh-Sh-Sh-Sh-Sh-Sh-Wa-Wa-Wa-Wa-Wa-Wa-Wa-Wa-Wa,1,2,False,False,False,False
5878,Sh-Sh-Sh-Sh-Sh-Sh-G-G-G-G-G-G-G-G-F-F-F-F-F-F-F-F-F,1,2,False,False,False,False
5879,G-G-G-G-G-G-G-Sh-Sh-Sh-Sh-Sh-Sh-F-F-F-F-F-F-F-F-F-F,1,2,False,False,False,False
5880,G-G-G-G-G-G-G-G-B-B-B-B-B-B-B-B-B-B-B-B-B-B-U,1,2,False,False,False,False
5881,Wa-Wa-Wa-Wa-Sh-Sh-Sh-Sh-Sh-Sh-Sh-Sh-Sh-Sh-Sh-Sh-A-A-A-A-A-A-A,1,2,False,False,True,False
5882,Wa-Wa-Wa-Wa-Wt-Wt-Wt-Wt-Wt-Wt-Wt-Wt-Wt-Wt-Wt-Wt-Wt-Wt-Wt-Wt-Wt-Wt-F,1,2,False,False,False,False
5883,Wa-Wa-Wa-Wa-Wt-Wt-Wt-Wt-Wt-Wt-Wt-Wt-Wt-Wt-Wt-Wt-Wt-Wt-Wt-Wt-Wt-G-G,1,2,False,False,False,False
5884,Wa-Wa-Wa-Wa-Wt-Wt-Wt-Wt-Wt-Wt-Wt-Wt-Wt-Wt-Wt-Wt-Wt-Wt-Wt-Wt-Wt-A-A,1,2,False,False,False,False
5885,Wa-Wa-Wa-Wa-Wt-Wt-Wt-Wt-Wt-Wt-Wt-Wt-Wt-Wt-Wt-Wt-Wt-Wt-Wt-F-F-F-F,1,2,False,False,False,False
5886,Wa-Wa-Wa-Wa-F-F-F-F-F-F-F-F-F-F-F-F-F-F-F-Wa-Wa-Wa-Wa,1,2,False,False,False,False
5887,Wa-Wa-Wa-Wa-F-F-F-F-F-F-F-F-F-F-F-F-F-A-A-A-A-A-A,1,2,False,False,False,False
5888,Wa-Wa-Wa-Wa-A-A-A-A-A-A-A-A-A-A-A-A-A-Wt-Wt-Wt-Wt-Wt-Wt,1,2,False,False,False,False
5889,Wa-Wa-Wa-Wa-A-A-A-A-A-A-A-A-A-A-A-A-A-A-Wt-Wt-Wt-Wt-Wt,1,2,False,True,False,False
5890,Wa-Wa-Wa-Wa-Sh-Sh-Sh-Sh-Sh-Sh-Sh-Sh-Sh-Sh-Sh-Sh-Sh-Sh-Sh-Wt-Wt-Wt-Wt,1,2,False,False,False,False
5891,A-A-A-A-A-A-A-A-A-A-A-Sp-Sp-Sp-Sp-Sp-Sp-Sp-Sp-Sp-Sp-Sp-Sp,1,1,False,False,False,False
5892,A-A-A-A-A-A-A-A-A-A-A-Sh-Sh-Sh-Sh-Sh-Sh-Sh-Sh-Sh-A-A-A,1,2,False,False,False,False
5893,A-A-A-A-A-A-A-A-A-A-A-Sh-Sh-Sh-Sh-Sh-Sh-Sh-Sh-A-A-A-A,1,2,False,False,False,False
5894,A-A-A-A-A-A-A-A-A-A-A-Sh-Sh-Sh-Sh-Sh-Sh-G-G-G-G-G-G,1,2,False,False,False,False
5895,G-G-G-G-G-G-G-G-G-G-G-G-G-G-G-G-G-Wt-Wt-Wt-Wt-Wt-Wt,1,1,False,False,False,False
5896,G-G-G-G-G-G-G-Sh-Sh-Sh-Sh-Sh-Sh-Sh-Sh-Sh-Sh-Sh-Sh-Sh-Sh-F-F,1,2,False,False,False,False
5897,G-G-G-G-G-G-G-Sh-Sh-Sh-Sh-Sh-Sh-Sh-Sh-Sh-Sh-Sh-G-G-G-G-G,1,2,False,False,False,False
5898,G-G-G-G-G-G-G-Sh-Sh-Sh-Sh-Sh-Sh-Sh-Sh-Sh-Sh-Sh-A-A-A-A-A,1,2,False,False,False,False
5899,F-F-F-F-Sh-Sh-Sh-Sh-Sh-Sh-Sh-Sh-Sh-Sh-Sh-Sh-Sh-F-F-F-F-F-Sh,1,3,False,False,False,False
5900,Sh-Sh-Sh-Sh-Sh-Sh-G-G-G-G-G-G-G-G-G-G-Wt-Wt-Wt-Wt-Wt-Wt-Wt,1,2,False,False,True,False
5901,Sh-Sh-Sh-Sh-Sh-Sh-G-G-G-G-G-G-G-G-G-G-G-G-G-G-F-F-F,1,2,False,False,False,False
5902,F-F-F-F-F-F-F-F-B-B-B-B-B-B-B-B-Wa-Wa-Wa-Wa-Wa-Wa-Wa,1,2,False,True,True,False
5903,F-F-F-F-F-F-F-F-B-B-B-B-B-B-B-B-B-B-B-F-F-F-F,1,2,False,False,False,False
5904,F-F-F-F-F-F-F-F-Sp-Sp-Sp-Sp-Sp-Sp-Wa-Wa-Wa-Wa-Wa-Wa-Wa-Wa-Wa,1,2,False,False,False,False
5905,F-F-F-F-F-F-F-F-Sp-Sp-Sp-Sp-Sp-Sp-Sp-Sp-Sp-Sp-Sp-Wa-Wa-Wa-Wa,1,2,False,False,False,False
5906,F-F-F-F-Sh-Sh-Sh-Sh-Sh-Sh-Sh-Sh-Sh-U-U-U-U-U-U-U-U-U-U,1,2,False,False,False,False
5907,F-F-F-F-Sh-Sh-Sh-Sh-Sh-Sh-Sh-Sh-Sh-G-G-G-G-G-G-G-G-G-G,1,2,False,False,False,False
5908,F-F-F-F-Sh-Sh-Sh-Sh-Sh-Sh-Sh-U-U-U-U-U-U-U-U-U-U-U-U,1,2,False,False,False,False
5909,G-G-G-G-G-G-G-G-B-B-B-B-B-B-B-U-U-U-U-U-U-U-U,1,2,False,False,False,False
5910,G-G-G-G-G-G-G-G-Sp-Sp-Sp-Sp-Sp-Sp-Sp-Sp-Sp-Sp-Wa-Wa-Wa-Wa-Wa,1,2,False,False,False,False
5911,G-G-G-G-G-G-G-G-Sp-Sp-Sp-Sp-Sp-Sp-Sp-Sp-Sp-Sp-Sp-B-B-B-B,1,2,False,False,False,False
5912,Wa-Wa-Wa-Wa-Wa-A-A-A-A-A-A-A-A-A-A-A-A-A-A-A-A-F-F,1,2,False,False,False,False
5913,Wa-Wa-Wa-Wa-B-B-B-B-B-B-B-B-B-B-B-B-B-B-B-B-B-B-Wa,1,2,False,False,False,False
5914,A-A-A-A-A-A-A-A-A-A-A-Wt-Wt-Wt-Wt-Wt-F-F-F-F-F-F-F,1,2,False,False,True,False
5915,A-A-A-A-A-A-A-A-A-A-A-F-F-F-F-F-F-F-F-G-G-G-G,1,2,False,False,False,False
5916,A-A-A-A-A-A-A-A-A-A-A-F-F-F-F-F-F-F-F-F-Sh-Sh-Sh,1,2,False,False,False,False
5917,A-A-A-A-A-A-A-A-A-A-A-F-F-F-F-F-F-F-F-F-F-Wt-Wt,1,2,False,False,False,False
5918,A-A-A-A-A-A-A-A-A-A-A-F-F-F-F-F-F-F-F-F-F-G-G,1,2,False,False,False,False
5919,A-A-A-A-A-A-A-A-A-A-A-F-F-F-F-F-F-F-F-F-F-F-Wt,1,2,False,False,False,False
5920,Wa-Wa-Wa-Wa-Sp-Sp-Sp-Sp-Sp-Sp-Sp-Sp-Sp-Sp-Sp-Sp-Sp-Sp-Wt-Wt-Wt-Wt-Wt,1,2,False,False,False,False
5921,Wa-Wa-Wa-Wa-Sh-Sh-Sh-Sh-Sh-Sh-Sh-Sh-Sh-Sh-Sh-Sh-Sh-Sh-Sh-U-U-U-U,1,2,False,False,False,False
5922,Wa-Wa-Wa-Wa-Wa-Wt-Wt-Wt-Wt-Wt-Wt-Wt-Wt-Wt-Wt-Wt-Wt-Wt-Wa-Wa-Wa-Wa-Wa,1,2,False,False,False,False
5923,Wa-Wa-Wa-Wa-Wa-G-G-G-G-G-G-G-G-G-G-G-G-G-G-F-F-F-F,1,2,False,False,False,False
5924,G-G-G-G-G-G-G-G-B-B-B-B-B-B-B-B-B-B-B-Sp-G-G-G,1,3,False,False,False,False
5925,G-G-G-G-G-G-G-G-B-B-B-B-B-B-B-B-B-B-B-G-G-G-G,1,2,False,False,False,False
5926,G-G-G-G-G-G-G-G-B-B-B-B-B-B-B-B-B-B-Sp-Sp-Sp-Sp-Sp,1,2,False,False,False,False
5927,G-G-G-G-G-G-G-G-B-B-B-B-B-B-B-B-G-G-G-G-G-G-G,1,2,False,False,True,False
5928,Sh-Sh-Sh-Sh-Sh-Sh-F-F-F-F-F-F-F-F-F-F-Sp-Sp-Sp-Sp-Sp-Sp-Sp,1,2,False,False,True,False
5929,Sh-Sh-Sh-Sh-Sh-Sh-F-F-F-F-F-F-F-F-F-F-Wt-Wt-Wt-Wt-Wt-Wt-Wt,1,2,False,False,True,False
5930,Sh-Sh-Sh-Sh-Sh-Sh-F-F-F-F-F-F-F-F-F-F-F-G-G-G-G-G-G,1,2,False,False,False,False
5931,Sh-Sh-Sh-Sh-Sh-Sh-F-F-F-F-F-F-F-F-F-F-F-F-Sp-Sp-Sp-Sp-Sp,1,2,False,False,False,False
5932,Sh-Sh-Sh-Sh-Sh-Sh-F-F-F-F-F-F-F-F-F-F-F-F-F-Sp-Sp-Sp-Sp,1,2,False,False,False,False
5933,Sh-Sh-Sh-Sh-Sh-Sh-F-F-F-F-F-F-F-F-F-F-F-F-F-F-F-F-B,1,2,False,False,False,False
5934,Sh-Sh-Sh-Sh-A-A-A-A-A-A-A-A-A-A-A-A-A-A-Wa-Wa-Wa-Wa-Wa,1,2,False,False,False,False
5935,Sh-Sh-Sh-Sh-A-A-A-A-A-A-A-A-A-A-A-A-A-A-A-A-A-F-F,1,2,False,False,False,False
5936,F-F-F-F-Sh-Sh-Sh-Sh-Sh-Sh-Sh-Sh-Sh-Sh-Sh-Sh-F-F-Sh-Sh-Sh-Sh-Sh,1,3,False,True,True,False
5937,F-F-F-F-Sh-Sh-Sh-Sh-Sh-Sh-Sh-Sh-Sh-Sh-Sh-Sh-F-F-F-F-F-Sh-Sh,1,3,False,True,True,False
5938,Sh-Sh-Sh-Sh-Sh-Sh-A-A-A-A-A-A-A-A-A-A-A-Wa-Wa-Wa-Wa-Wa-Wa,1,2,False,False,False,False
5939,Wa-Wa-Wa-Wa-Wa-Wa-A-A-A-A-A-A-U-U-U-U-U-U-U-U-U-U-U,1,2,False,True,False,False
5940,Wa-Wa-Wa-Wa-Wa-Wa-A-A-A-A-A-A-A-A-A-U-U-U-U-U-U-U-U,1,2,False,True,False,False
5941,Wa-Wa-Wa-Wa-Wa-Sp-Sp-Sp-Sp-Sp-Sp-Sp-Sp-Sp-Sp-Sp-Sp-Sp-Sp-Sp-F-F-F,1,2,False,False,False,False
5942,Wa-Wa-Wa-Wa-Wa-Sp-Sp-Sp-Sp-Sp-Sp-Sp-Sp-Sp-Sp-Sp-Sp-Sp-Sp-F-F-F-F,1,2,False,False,False,False
5943,Wa-Wa-Wa-Wa-Wa-Sp-Sp-Sp-Sp-Sp-Sp-Sp-Sp-Sp-Sp-Sp-Sp-Sp-U-U-U-U-U,1,2,False,False,False,False
5944,Wa-Wa-Wa-Wa-Wa-Sp-Sp-Sp-Sp-Sp-Sp-Sp-Sp-Sp-Sp-Sp-Sp-U-U-U-U-U-U,1,2,False,False,False,False
5945,Wa-Wa-Wa-Wa-Wa-Sp-Sp-Sp-Sp-Sp-Sp-Sp-Sp-Sp-Sp-Sp-Sh-Sh-Sh-Sh-Sh-Sh-Sh,1,2,False,False,True,False
5946,Wa-Wa-Wa-Wa-Wa-Sp-Sp-Sp-Sp-U-U-U-U-U-U-U-U-U-U-U-U-U-U,1,2,False,False,False,False
5947,G-G-G-G-G-G-G-G-Sp-Sp-Sp-Sp-Sp-Sp-Sp-Sp-Sp-Sp-Sp-Sp-F-F-F,1,2,False,False,False,False
5948,G-G-G-G-G-G-G-G-Sp-Sp-Sp-Sp-Sp-Sp-Sp-Sp-Sp-Sp-Sp-Sh-Sh-Sh-Sh,1,2,False,True,False,False
5949,G-G-G-G-G-G-G-G-Sp-Sp-Sp-Sp-Sp-Sp-Sp-Sp-Sp-Sp-F-F-F-F-F,1,2,False,False,False,False
5950,G-G-G-G-G-G-G-G-G-G-G-G-G-G-G-G-B-B-B-Sh-Sh-Sh-Sh,1,2,False,False,True,False
5951,G-G-G-G-G-G-G-G-G-G-G-G-G-G-G-G-B-B-G-G-G-G-G,1,2,False,False,True,False
5952,Wa-Wa-Wa-Wa-Wa-Sh-Sh-Sh-Sh-Sh-Sh-Sh-Sh-Sh-Sh-Sh-Sh-Sh-Sh-Wa-Wa-Wa-Wa,1,2,False,False,False,False
5953,Wa-Wa-Wa-Wa-Wa-Sh-Sh-Sh-Sh-Sh-Sh-Sh-Sh-Sh-Sh-Sh-Sh-Wt-Wt-Wt-Wt-Wt-Wt,1,2,False,False,False,False
5954,G-G-G-G-G-G-G-G-Sh-Sh-Sh-Sh-Sh-Sh-Sh-Sh-Sh-Sh-Sh-Sh-Sh-F-F,1,2,False,False,False,False
5955,G-G-G-G-G-G-G-G-G-B-B-B-B-B-B-B-B-B-B-B-B-B-Sp,1,2,False,False,False,False
5956,G-G-G-G-G-G-G-G-G-B-B-B-B-B-B-B-B-B-B-G-G-G-G,1,2,False,True,False,False
5957,G-G-G-G-G-G-G-G-G-B-B-B-B-B-B-B-B-A-A-A-A-A-A,1,2,False,False,False,False
5958,G-G-G-G-G-G-G-G-G-B-B-B-B-B-B-B-G-G-G-G-G-G-G,1,2,False,False,True,False
5959,A-A-A-A-A-A-A-A-A-A-A-A-Sh-Sh-Sh-Sh-Sh-Sh-Sh-Sh-Sh-A-A,1,2,False,False,False,False
5960,A-A-A-A-A-A-A-A-A-A-A-A-Sh-Sh-Sh-Sh-Sh-Sh-Sh-A-A-A-A,1,2,False,False,False,False
5961,A-A-A-A-A-A-A-A-A-A-A-A-Sh-Sh-Sh-Sh-Sh-Sh-G-G-G-G-G,1,2,False,False,False,False
5962,F-F-F-F-F-F-F-Wt-Wt-Wt-Wt-Wt-Wt-Wt-Wt-Wt-Wt-Wt-Wt-Wt-Wt-G-G,1,2,False,True,False,False
5963,F-F-F-F-F-F-F-G-G-G-G-G-G-G-G-G-G-G-G-G-G-U-U,1,2,False,False,False,False
5964,F-F-F-F-F-F-F-G-G-G-G-G-G-G-G-G-G-G-G-G-G-F-F,1,2,False,False,False,False
5965,F-F-F-F-F-F-F-G-G-G-G-G-G-G-G-G-G-G-G-F-F-F-F,1,2,False,False,False,False
5966,F-F-F-F-F-F-F-Sh-Sh-Sh-Sh-Sh-Sh-Sh-Sh-Sh-Sh-Sh-Sh-Wt-Wt-Wt-Wt,1,2,False,True,False,False
5967,F-F-F-F-F-F-F-Sh-Sh-Sh-Sh-Sh-Sh-Sh-Sh-Sh-F-F-F-Sh-Sh-Sh-Sh,1,3,False,True,True,False
5968,F-F-F-F-F-F-F-Sh-Sh-Sh-Sh-Sh-Sh-Sh-Sh-Sh-F-F-F-F-F-F-Sh,1,3,False,False,True,False
5969,Sh-Sh-Sh-Sh-Sh-Sh-A-A-A-A-A-A-A-A-U-U-U-U-U-U-U-U-U,1,2,False,False,False,False
5970,G-G-G-G-G-G-G-G-G-G-B-B-B-B-B-B-B-B-B-B-Sp-Sp-Sp,1,2,False,False,False,False
5971,A-A-A-A-A-A-A-A-A-A-A-A-F-F-F-F-F-F-F-U-U-U-U,1,2,False,False,False,False
5972,Wa-Wa-Wa-Wa-Wa-Wa-Sp-Sp-Sp-Sp-Sp-Sp-Sp-Sp-Sp-Sp-Wa-Wa-Wa-Wa-Wa-Wa-Wa,1,2,False,False,True,False
5973,Wa-Wa-Wa-Wa-Wa-Wa-Sp-Sp-Sp-Sp-Sp-Sp-Sp-Sp-Sp-Sp-Sp-Sp-Sp-U-U-U-U,1,2,False,False,False,False
5974,Wa-Wa-Wa-Wa-Wa-Wa-Sh-Sh-Sh-Sh-Sh-Sh-Sh-Sh-Sh-Sh-Sh-Sh-Sh-Sh-Sh-Sh-F,1,2,False,False,False,False
5975,Wa-Wa-Wa-Wa-Wa-Wa-Sh-Sh-Sh-Sh-Sh-Sh-Sh-Sh-Sh-Sh-Sh-Sh-U-U-U-U-U,1,2,False,False,False,False
5976,Wa-Wa-Wa-Wa-Wa-Wa-Sh-Sh-Sh-Sh-Sh-Sh-Sh-Sh-U-U-U-U-U-U-U-U-U,1,2,False,False,False,False
5977,Wa-Wa-Wa-Wa-Wa-Wa-Sh-Sh-Sh-Sh-Sh-Sh-Sh-U-U-U-U-U-U-U-U-U-U,1,2,False,False,False,False
5978,Wa-Wa-Wa-Wa-Wa-Wa-Wt-Wt-Wt-Wt-Wt-Wt-Wt-Wt-Wt-Wt-Wt-Wa-Wa-Wa-Wa-Wa-Wa,1,2,False,False,False,False
5979,Wa-Wa-Wa-Wa-Wa-Wa-Wt-Wt-Wt-Wt-Wt-Wt-Wt-Wt-Wt-Wt-Wt-Wt-Wt-Wt-A-A-A,1,2,False,False,False,False
5980,Wa-Wa-Wa-Wa-Wa-Wa-Wt-Wt-Wt-Wt-Wt-Wt-Wt-Wt-Wt-Wt-Wt-Wt-Wt-F-F-F-F,1,2,False,False,False,False
5981,Wa-Wa-Wa-Wa-Wa-Wa-F-F-F-F-F-F-F-F-F-F-F-F-Wa-Wa-Wa-Wa-Wa,1,2,False,False,False,False
5982,Wa-Wa-Wa-Wa-Wa-Wa-F-F-F-F-F-F-F-F-F-F-F-F-Sh-Sh-Sh-Sh-Sh,1,2,False,False,False,False
5983,A-A-A-A-A-A-A-A-A-A-A-A-Sp-Sp-Sp-Sp-Sp-Sp-Sp-Sp-Sp-Sp-Sp,1,1,False,False,False,False
5984,G-G-G-G-G-G-G-G-G-G-G-G-G-G-G-G-Sh-Sh-Sh-Sh-Sh-Sh-F,1,2,False,False,True,False
5985,G-G-G-G-G-G-G-G-G-G-G-G-G-G-G-G-Sh-Sh-Sh-Sh-Sh-F-F,1,2,False,False,True,False
5986,Sh-Sh-Sh-Sh-A-A-A-A-A-A-A-A-A-A-A-U-U-U-U-U-U-U-U,1,2,False,False,False,False
5987,Sh-Sh-Sh-Sh-Sh-Sh-A-A-A-A-A-A-A-A-A-A-A-A-A-A-A-U-U,1,2,False,False,False,False
5988,Sh-Sh-Sh-Sh-Sh-G-G-G-G-G-G-G-G-G-G-G-Sh-Sh-Sh-Sh-Sh-Sh-Sh,1,2,False,False,True,False
5989,A-A-A-A-A-A-A-A-A-A-A-A-Sh-Sh-Sh-Sh-Sh-G-G-G-G-G-G,1,2,False,False,False,False
5990,A-A-A-A-A-A-A-A-A-A-A-A-Sh-Sh-Sh-Sh-Sh-A-A-A-A-A-A,1,2,False,False,False,False
5991,A-A-A-A-A-A-A-A-A-A-A-A-F-F-F-F-G-G-G-G-G-F-F,1,3,False,False,True,False
5992,A-A-A-A-A-A-A-A-A-A-A-A-F-F-F-F-F-Sh-Sh-Sh-Sh-Sh-Sh,1,2,False,False,False,False
5993,A-A-A-A-A-A-A-A-A-A-A-A-F-F-F-F-F-F-U-U-U-U-U,1,2,False,False,False,False
5994,G-G-G-G-G-G-G-G-G-Sp-Sp-Sp-Sp-Sp-Sp-Sp-Sp-Sp-Sp-Sp-F-F-F,1,2,False,False,False,False
5995,G-G-G-G-G-G-G-G-G-Sp-Sp-Sp-Sp-Sp-Sp-Sp-Sp-Sp-Sp-G-G-G-G,1,2,False,False,False,False
5996,G-G-G-G-G-G-G-G-G-Sp-Sp-Sp-Sp-Sp-Sp-Sp-Sp-Sp-F-F-F-F-F,1,2,False,False,False,False
5997,G-G-G-G-G-G-G-G-G-Sp-Sp-Sp-Sp-Sp-Sp-Sp-Sp-A-A-A-A-A-A,1,2,False,False,False,False
5998,G-G-G-G-G-G-G-G-G-Sh-Sh-Sh-Sh-Sh-Sh-Sh-Sh-Sh-Sh-Sh-Sh-Sh-F,1,2,False,False,False,False
5999,G-G-G-G-G-G-G-G-G-Sh-Sh-Sh-Sh-Sh-Sh-Sh-Sh-Sh-Sh-F-F-F-F,1,2,False,False,False,False
6000,G-G-G-G-G-G-G-G-G-Sh-Sh-Sh-Sh-Sh-F-F-F-F-F-F-F-F-F,1,2,False,False,False,False
6001,G-G-G-G-G-G-G-G-G-Sh-F-F-F-F-F-F-F-F-F-F-F-F-F,1,2,False,False,False,False
6002,A-A-A-A-A-A-A-A-A-A-A-A-F-F-F-F-F-F-F-F-F-F-Wt,1,2,False,False,False,False
6003,A-A-A-A-A-A-A-A-A-A-A-A-F-F-F-F-F-F-F-F-F-F-G,1,2,False,False,False,False
6004,A-A-A-A-A-A-A-A-A-A-A-A-F-F-F-F-F-A-A-A-F-F-F,1,3,False,True,False,False
6005,G-G-G-G-G-G-G-G-G-G-G-G-G-G-Sp-Sp-Sp-Sp-Sp-Sp-G-G-G,1,2,False,False,False,False
6006,G-G-G-G-G-G-G-G-G-G-G-G-G-G-Sp-Sp-Sp-Sp-F-F-F-F-F,1,2,False,False,False,False
6007,Wa-Wa-Wa-Wa-Wa-Wa-Wa-Sp-Sp-Sp-Sp-U-U-U-U-U-U-U-U-U-U-U-U,1,2,False,False,False,False
6008,Wa-Wa-Wa-Wa-Wa-Wa-Wa-Sh-Sh-Sh-Sh-Sh-Sh-Sh-Sh-Sh-Sh-Sh-Sh-Sh-F-F-F,1,2,False,False,False,False
6009,F-F-F-F-F-F-F-Sp-Sp-Sp-Sp-Sp-Sp-Sp-Sp-Sp-Sp-Sp-Sp-F-F-A-A,1,3,False,False,False,False
6010,F-F-F-F-F-F-F-Sp-Sp-Sp-Sp-Sp-Sp-Sp-Sp-Sp-Sp-Sp-F-F-F-F-F,1,2,False,False,False,False
6011,Sh-Sh-Sh-Sh-F-F-F-F-F-F-F-F-F-F-F-F-F-F-F-F-F-A-Sh,1,3,False,False,False,False
6012,Sh-Sh-Sh-Sh-F-F-F-F-F-F-F-F-F-F-F-F-A-A-A-F-F-F-F,1,3,False,False,True,False
6013,Sh-Sh-Sh-Sh-F-F-F-F-F-F-F-F-F-F-A-A-A-A-A-F-F-F-F,1,3,False,False,False,False
6014,F-F-F-F-Wt-Wt-Wt-Wt-Wt-Wt-Wt-Wt-Wt-Wt-Wa-Wa-Wa-Wa-Wa-Wa-Wa-Wa-Wa,1,2,False,False,False,False
6015,F-F-F-F-Wt-Wt-Wt-Wt-Wt-Wt-Wt-Wt-Wt-Wt-Wt-Wt-Wt-Wt-Wt-Wt-Wt-Sh-Sh,1,2,False,False,False,False
6016,F-F-F-F-Wt-Wt-Wt-Wt-Wt-Wt-Wt-Wt-Wt-Wt-Wt-Wt-F-F-F-F-F-F-Wt,1,3,False,False,True,False
6017,F-F-F-F-G-G-G-G-G-G-G-G-G-G-G-G-G-G-G-Wa-Wa-Wa-Wa,1,2,False,False,False,False
6018,G-G-G-G-G-G-G-G-G-G-G-Sp-Sp-Sp-Sp-Sp-Sp-G-G-G-G-G-G,1,2,False,False,False,False
6019,Wa-Wa-Wa-Wa-Wa-Wa-Wa-Wa-Sp-Sp-Sp-Sp-Sp-Sp-Sp-Sp-Sp-Sp-Sp-Sp-F-F-F,1,2,False,False,False,False
6020,Wa-Wa-Wa-Wa-Wa-Wa-Wa-Wa-Sp-Sp-Sp-Sp-Sp-Sp-U-U-U-U-U-U-U-U-U,1,2,False,False,False,False
6021,Wa-Wa-Wa-Wa-Wa-Wa-Wa-Wa-Sp-Sp-Sp-Sp-U-U-U-U-U-U-U-U-U-U-U,1,2,False,False,False,False
6022,Wa-Wa-Wa-Wa-Wa-Wa-Wa-Wa-Sp-Sp-U-U-U-U-U-U-U-U-U-U-U-U-U,1,2,False,False,False,False
6023,Wa-Wa-Wa-Wa-Wa-Wa-Wa-Wa-Sh-Sh-Sh-Sh-Sh-Sh-Sh-Sh-Sh-Sh-Sh-U-U-U-U,1,2,False,False,False,False
6024,Wa-Wa-Wa-Wa-Wa-Wa-Wa-Wa-Sh-Sh-Sh-Sh-Sh-Sh-Sh-Sh-Sh-Sh-U-U-U-U-U,1,2,False,False,False,False
6025,Wa-Wa-Wa-Wa-Wa-Wa-Wa-Wa-Sh-Sh-Sh-Sh-Sh-Sh-Sh-Sh-Sh-U-U-U-U-U-U,1,2,False,False,False,False
6026,Wa-Wa-Wa-Wa-Wa-Wa-Wa-Wa-Sh-Sh-Sh-U-U-U-U-U-U-U-U-U-U-U-U,1,2,False,False,False,False
6027,Wa-Wa-Wa-Wa-Wa-Wa-Wa-Wa-Wt-Wt-Wt-Wt-Wt-Wt-Wt-Wt-Wa-Wa-Wa-Wa-Wa-Wa-Wa,1,2,False,False,True,False
6028,Wa-Wa-Wa-Wa-Wa-Wa-Wa-Wa-F-F-F-F-F-F-F-F-Wt-Wt-Wt-Wt-F-F-F,1,3,False,False,True,False
6029,Wa-Wa-Wa-Wa-Wa-Wa-Wa-Wa-F-F-F-F-F-F-F-F-F-F-F-Sh-Sh-Sh-Sh,1,2,False,False,False,False
6030,Wa-Wa-Wa-Wa-Wa-Wa-Wa-Wa-A-A-A-A-U-U-U-U-U-U-U-U-U-U-U,1,2,False,False,False,False
6031,A-A-A-A-A-A-A-A-A-A-A-A-F-F-F-F-F-F-F-G-A-A-A,1,3,False,False,False,False
6032,A-A-A-A-A-A-A-A-A-A-A-A-F-F-F-F-F-F-F-F-Sh-Sh-Sh,1,2,False,False,False,False
6033,A-A-A-A-A-A-A-A-A-A-A-A-F-F-F-F-F-F-F-F-F-Sh-Sh,1,2,False,False,False,False
6034,G-G-G-G-G-G-G-G-G-G-Sp-Sp-Sp-Sp-Sp-Sp-Sp-G-G-G-G-G-G,1,2,False,False,False,False
6035,G-G-G-G-G-G-G-G-G-G-G-Wa-Wa-Wa-Wa-Wa-Wa-Wa-Wa-Wa-Sp-Sp-Sp,1,2,False,False,False,False
6036,G-G-G-G-G-G-G-G-G-G-G-Wa-Wa-Wa-Wa-Wa-Wa-F-F-F-F-F-F,1,2,False,False,False,False
6037,G-G-G-G-G-G-G-G-G-G-G-Sp-Sp-Sp-Sp-Sp-Sp-Wa-Wa-Wa-Wa-Wa-Wa,1,2,False,False,False,False
6038,G-G-G-G-G-G-G-G-G-G-G-Sp-Sp-Sp-Sp-Sp-Sp-Sp-Sp-B-B-B-B,1,2,False,False,False,False
6039,G-G-G-G-G-G-G-G-G-G-G-Sp-Sp-Sp-Sp-Sp-Sp-Sp-Sp-Sp-B-B-B,1,2,False,False,False,False
6040,G-G-G-G-G-G-G-G-G-G-G-Sp-Sp-Sp-Sp-Sp-Sp-Sp-Sp-G-G-G-G,1,2,False,False,False,False
6041,Sh-Sh-Sh-Sh-Sh-G-G-G-G-G-G-G-G-G-G-G-G-G-G-G-G-G-F,1,2,False,False,False,False
6042,Sh-Sh-Sh-Sh-Sh-G-G-G-G-G-G-G-G-G-G-G-G-G-G-F-F-F-F,1,2,False,False,False,False
6043,F-F-F-F-F-F-Wt-Wt-Wt-Wt-Wt-Wt-Wt-Wt-Wt-Wt-Wt-Wt-Wt-Wt-Wt-Wt-F,1,2,False,False,False,False
6044,F-F-F-F-F-F-Wt-Wt-Wt-Wt-Wt-Wt-Wt-Wt-Wt-Wt-Wt-Wt-Wt-Wt-Wt-A-A,1,2,False,False,False,False
6045,Sh-Sh-Sh-Sh-Sh-F-F-F-F-F-F-F-F-F-F-F-F-F-Sp-Sp-Sp-Sp-Sp,1,2,False,False,False,False
6046,Sh-Sh-Sh-Sh-F-F-F-F-F-F-F-F-F-F-F-F-F-F-F-G-Sh-Sh-Sh,1,3,False,False,False,False
6047,F-F-F-F-F-Sh-Sh-Sh-Sh-Sh-Sh-Sh-Sh-Sh-Sh-Sh-F-F-F-F-F-F-Sh,1,3,False,False,True,False
6048,F-F-F-F-F-B-B-B-B-B-B-B-B-B-B-B-F-F-F-F-F-F-F,1,2,False,False,True,False
6049,F-F-F-F-F-Sh-Sh-Sh-Sh-Sh-Sh-Sh-Sh-Sh-Sh-Sh-Sh-Sh-Sh-Sh-Sh-U-U,1,2,False,False,False,False
6050,A-A-A-A-A-A-A-A-A-A-A-A-A-F-F-F-F-A-A-A-A-A-A,1,2,False,False,False,False
6051,A-A-A-A-A-A-A-A-A-A-A-A-A-A-F-U-U-U-U-U-U-U-U,1,2,False,False,False,False
6052,A-A-A-A-A-A-A-A-A-A-A-A-A-A-F-F-F-G-G-G-G-F-F,1,3,False,False,False,False
6053,A-A-A-A-A-A-A-A-A-A-A-A-A-A-F-F-F-F-Sh-Sh-Sh-Sh-F,1,3,False,False,False,False
6054,A-A-A-A-A-A-A-A-A-A-A-A-A-A-F-F-F-F-G-G-G-G-G,1,2,False,False,False,False
6055,Wa-Wa-Wa-Wa-Wa-Wa-Wa-Wa-Wa-Sh-Sh-Sh-Sh-Sh-Sh-Sh-Sh-Sh-U-U-U-U-U,1,2,False,False,False,False
6056,Wa-Wa-Wa-Wa-Wa-Wa-Wa-Wa-Wa-Sh-Sh-Sh-Sh-Sh-Sh-Sh-Sh-U-U-U-U-U-U,1,2,False,False,False,False
6057,Wa-Wa-Wa-Wa-Wa-Wa-Wa-Wa-Wa-Wt-Wt-Wt-Wt-Wt-Wt-Wt-Wt-Wt-U-U-U-U-U,1,2,False,False,False,False
6058,Wa-Wa-Wa-Wa-Wa-Wa-Wa-Wa-Wa-G-G-G-G-G-G-G-G-G-G-Wa-Wa-Wa-Wa,1,2,False,False,False,False
6059,Wa-Wa-Wa-Wa-Wa-Wa-Wa-Wa-Wa-F-F-F-F-F-F-F-F-Wt-Wt-Wt-Wt-Wt-Wt,1,2,False,False,False,False
6060,Wa-Wa-Wa-Wa-Wa-Wa-Wa-Wa-Wa-A-A-A-A-A-A-A-A-A-U-U-U-U-U,1,2,False,False,False,False
6061,A-A-A-A-A-A-A-A-A-A-A-A-A-Sh-Sh-Sh-Sh-Sh-Sh-Sh-F-F-F,1,2,False,False,False,False
6062,A-A-A-A-A-A-A-A-A-A-A-A-A-Sh-Sh-Sh-Sh-F-F-F-F-F-F,1,2,False,False,False,False
6063,A-A-A-A-A-A-A-A-A-A-A-A-A-Sh-Sh-Sh-Sh-A-A-A-A-A-A,1,2,False,False,False,False
6064,A-A-A-A-A-A-A-A-A-A-A-A-A-G-G-G-G-G-G-G-F-F-F,1,2,False,False,False,False
6065,Wa-Wa-Wa-Wa-Wa-Wa-Wa-Wa-Sp-Sp-Sp-Sp-Sp-Sp-Sp-Sp-Sp-Sp-Sp-Sp-Sp-U-U,1,2,False,False,False,False
6066,Sh-Sh-Sh-Sh-F-F-F-F-F-F-F-F-F-F-F-F-F-F-Sh-Sh-F-F-F,1,3,False,False,False,False
6067,Sh-Sh-Sh-Sh-F-F-F-F-F-F-F-F-F-F-F-F-F-F-F-Wt-F-F-F,1,3,False,False,False,False
6068,F-F-F-F-F-G-G-G-G-G-G-G-G-G-G-G-G-F-F-F-F-F-F,1,2,False,False,False,False
6069,A-A-A-A-A-A-A-A-A-A-A-A-A-A-F-F-F-F-F-F-A-A-A,1,2,False,False,False,False
6070,Wa-Wa-Wa-Wa-Wa-Wa-Wa-Wa-Wa-Wa-Sp-U-U-U-U-U-U-U-U-U-U-U-U,1,2,False,False,False,False
6071,Wa-Wa-Wa-Wa-Wa-Wa-Wa-Wa-Wa-Wa-Sh-Sh-Sh-U-U-U-U-U-U-U-U-U-U,1,2,False,False,False,False
6072,G-G-G-G-G-G-G-G-G-G-G-Sh-Sh-Sh-Sh-Sh-Sh-Sh-Sh-G-G-G-G,1,2,False,False,False,False
6073,G-G-G-G-G-G-G-G-G-G-G-G-G-Sp-Sp-Sp-Sp-Sp-B-B-B-B-B,1,2,False,False,False,False
6074,G-G-G-G-G-G-G-G-G-G-G-G-G-Sp-Sp-Sp-G-G-G-G-G-G-G,1,2,False,False,True,False
6075,G-G-G-G-G-G-G-G-G-G-G-G-G-G-Wa-Wa-Wa-Wa-Wa-Wa-Sp-Sp-Sp,1,2,False,False,False,False
6076,G-G-G-G-G-G-G-G-G-G-G-G-G-G-B-B-B-B-B-B-B-B-Sp,1,2,False,False,False,False
6077,G-G-G-G-G-G-G-G-G-G-G-G-G-G-Sp-Sp-B-B-B-B-B-B-B,1,2,False,False,True,False
6078,G-G-G-G-G-G-G-G-G-G-G-G-G-G-Sp-Sp-Sp-B-B-B-B-B-B,1,2,False,False,False,False
6079,G-G-G-G-G-G-G-G-G-G-G-G-B-B-B-B-B-B-B-B-B-B-Sp,1,2,False,False,False,False
6080,A-A-A-A-A-A-A-A-A-A-A-A-A-F-F-F-F-F-F-A-A-A-A,1,2,False,False,False,False
6081,A-A-A-A-A-A-A-A-A-A-A-A-A-F-F-F-F-F-A-A-A-A-A,1,2,False,False,False,False
6082,Wa-Wa-Wa-Wa-Wa-Wa-Wa-Wa-Wa-Wa-Wa-Wa-Wa-Wa-Wa-Wa-Wa-Wa-Wa-Wa-F-F-A,1,2,False,True,False,False
6083,A-A-A-A-A-A-A-A-A-A-A-A-A-A-A-A-A-A-A-A-A-A-Wa,1,1,False,False,False,False
6084,Wa-Wa-Wa-Wa-Wa-Wa-Wa-Wa-Wa-Wa-Wa-Wa-Wa-Wa-Wa-Wa-Wa-Wa-Wa-Sp-G-G-G,1,2,False,False,False,False
6085,A-A-A-A-A-A-A-A-A-A-A-A-A-A-A-A-A-A-A-Wt-Wt-A-A,1,2,False,False,False,False
6086,Wa-Wa-Wa-Wa-Wa-Wa-Wa-Wa-Wa-Wa-Wa-Wa-Wa-Wa-Wa-Wa-Wa-Wa-Wa-A-F-F-F,1,2,False,False,False,False
6087,A-A-A-A-A-A-A-A-A-A-A-A-A-A-A-A-A-A-A-F-F-F-Wt,1,2,False,False,False,False
6088,A-A-A-A-A-A-A-A-A-A-A-A-A-A-A-A-A-A-Wt-Wt-F-F-F,1,2,False,False,False,False
6089,Wa-Wa-Wa-Wa-Wa-Wa-Wa-Wa-Wa-Wa-Wa-Wa-Wa-Wa-Wa-Wa-Wa-Wa-Wa-Wa-Wa-A-A,1,1,False,False,False,False
6090,A-A-A-A-A-A-A-A-A-A-A-A-A-A-A-A-F-F-F-F-F-F-U,1,2,False,False,True,False
6091,Wa-Wa-Wa-Wa-Wa-Wa-Wa-Wa-Wa-Wa-Wa-Wa-Wa-Wa-Wa-Wa-Wa-Wa-Wa-Wa-Wa-Wa-Sp,1,1,False,False,False,False
6092,A-A-A-A-A-A-A-A-A-A-A-A-A-A-A-A-F-F-F-F-Sh-Sh-Sh,1,2,False,True,True,False
6093,A-A-A-A-A-A-A-A-A-A-A-A-A-A-A-A-F-F-F-F-F-G-G,1,2,False,False,True,False
6094,A-A-A-A-A-A-A-A-A-A-A-A-A-A-A-A-B-B-B-B-B-B-B,1,1,False,False,True,True
6095,A-A-A-A-A-A-A-A-A-A-A-A-A-A-A-A-Sh-Sh-Sh-Sh-A-A-A,1,2,False,False,True,False
6096,A-A-A-A-A-A-A-A-A-A-A-A-A-A-A-A-Sh-Sh-A-A-A-A-A,1,2,False,False,True,False
6097,A-A-A-A-A-A-A-A-A-A-A-A-A-A-A-A-Wt-Wt-Wt-Wa-Wa-Wa-Wa,1,2,False,False,True,False
6098,G-G-G-G-G-G-G-G-G-G-G-G-Sp-Sp-Sp-Sp-Sp-Sp-Sp-Sp-Sp-B-B,1,2,False,False,False,False
6099,G-G-G-G-G-G-G-G-G-G-G-G-Sp-Sp-Sp-Sp-Sp-Sp-Sp-Sh-Sh-Sh-Sh,1,2,False,False,False,False
6100,G-G-G-G-G-G-G-G-G-G-G-G-Sh-Sh-Sh-Sh-Sh-Sh-Sh-Sh-Sh-F-F,1,2,False,False,False,False
6101,G-G-G-G-G-G-G-G-G-G-G-G-Sh-Sh-Sh-Sh-Sh-Sh-Sh-A-A-A-A,1,2,False,False,False,False
6102,A-A-A-A-A-A-A-A-A-A-A-A-A-A-A-A-F-F-G-G-G-G-G,1,2,False,False,True,False
6103,F-F-F-F-F-Sh-Sh-Sh-Sh-Sh-U-U-U-U-U-U-U-U-U-U-U-U-U,1,2,False,False,False,False
6104,F-F-F-F-F-Wt-Wt-Wt-Wt-Wt-Wt-Wt-Wt-Wt-Wt-Wt-Wt-Wt-Wt-Wt-Wt-Wt-F,1,2,False,False,False,False
6105,F-F-F-F-F-Wt-Wt-Wt-Wt-Wt-Wt-Wt-Wt-Wt-Wt-Wt-Wt-Wt-Wt-Wt-Wt-F-F,1,2,False,False,False,False
6106,A-A-A-A-A-A-A-A-A-A-A-A-A-A-A-A-A-A-A-F-F-F-U,1,2,False,False,False,False
6107,A-A-A-A-A-A-A-A-A-A-A-A-A-A-A-A-A-A-F-F-Sh-Sh-Sh,1,2,False,False,False,False
6108,A-A-A-A-A-A-A-A-A-A-A-A-A-A-A-A-A-A-F-F-F-Sh-Sh,1,2,False,False,False,False
6109,A-A-A-A-A-A-A-A-A-A-A-A-A-A-A-A-A-A-A-Sp-Sp-Sp-Sp,1,1,False,False,False,False
6110,A-A-A-A-A-A-A-A-A-A-A-A-A-A-A-A-A-F-F-F-F-F-Sh,1,2,False,False,False,False
6111,G-G-G-G-G-G-G-G-G-G-G-G-G-B-B-B-B-B-B-B-B-B-U,1,2,False,False,False,False
6112,G-G-G-G-G-G-G-G-G-G-G-G-G-B-B-B-B-B-B-G-G-G-G,1,2,False,False,False,False
6113,G-G-G-G-G-G-G-G-G-G-G-G-G-B-B-B-B-Sp-Sp-Sp-Sp-Sp-Sp,1,2,False,False,False,False
