traj_id,seqs,n_px,n_cambios,constante,visto_en_train
0,Sh-Sh-Sh-Sh-Sh-Sh-Sh-Sh-Sh-Sh-Sh-Sh-Sh-Sh-Sh-Sh-Sh-Sh-Sh-Sh-Sh-Sh-Sh,11788223,0,True,True
1,A-A-A-A-A-A-A-A-A-A-A-A-A-A-A-A-A-A-A-A-A-A-A,7808061,0,True,True
2,Sp-Sp-Sp-Sp-Sp-Sp-Sp-Sp-Sp-Sp-Sp-Sp-Sp-Sp-Sp-Sp-Sp-Sp-Sp-Sp-Sp-Sp-Sp,6474903,0,True,True
3,F-F-F-F-F-F-F-F-F-F-F-F-F-F-F-F-F-F-F-F-F-F-F,4155901,0,True,True
4,B-B-B-B-B-B-B-B-B-B-B-B-B-B-B-B-B-B-B-B-B-B-B,1428994,0,True,True
5,G-G-G-G-G-G-G-G-G-G-G-G-G-G-G-G-G-G-G-G-G-G-G,1035337,0,True,True
6,Wt-Wt-Wt-Wt-Wt-Wt-Wt-Wt-Wt-Wt-Wt-Wt-Wt-Wt-Wt-Wt-Wt-Wt-Wt-Wt-Wt-Wt-Wt,1013415,0,True,True
7,Wa-Wa-Wa-Wa-Wa-Wa-Wa-Wa-Wa-Wa-Wa-Wa-Wa-Wa-Wa-Wa-Wa-Wa-Wa-Wa-Wa-Wa-Wa,628984,0,True,True
8,U-U-U-U-U-U-U-U-U-U-U-U-U-U-U-U-U-U-U-U-U-U-U,60057,0,True,True
9,F-F-F-F-Sh-Sh-Sh-Sh-Sh-Sh-Sh-Sh-Sh-Sh-Sh-Sh-Sh-Sh-Sh-Sh-Sh-Sh-Sh,53355,1,False,True
10,F-F-F-F-F-F-F-F-Sh-Sh-Sh-Sh-Sh-Sh-Sh-Sh-Sh-Sh-Sh-Sh-Sh-Sh-Sh,44945,1,False,True
11,F-F-F-F-A-A-A-A-A-A-A-A-A-A-A-A-A-A-A-A-A-A-A,39506,1,False,True
12,F-F-F-F-F-F-F-F-F-F-Sh-Sh-Sh-Sh-Sh-Sh-Sh-Sh-Sh-Sh-Sh-Sh-Sh,37710,1,False,True
13,F-F-F-F-F-F-F-Sh-Sh-Sh-Sh-Sh-Sh-Sh-Sh-Sh-Sh-Sh-Sh-Sh-Sh-Sh-Sh,36240,1,False,True
14,B-B-B-B-B-B-B-B-B-B-B-B-B-B-B-B-B-B-B-Sp-Sp-Sp-Sp,35826,1,False,True
15,F-F-F-A-A-A-A-A-A-A-A-A-A-A-A-A-A-A-A-A-A-A-A,35654,1,False,True
16,F-Sh-Sh-Sh-Sh-Sh-Sh-Sh-Sh-Sh-Sh-Sh-Sh-Sh-Sh-Sh-Sh-Sh-Sh-Sh-Sh-Sh-Sh,34643,1,False,True
17,F-F-F-Sh-Sh-Sh-Sh-Sh-Sh-Sh-Sh-Sh-Sh-Sh-Sh-Sh-Sh-Sh-Sh-Sh-Sh-Sh-Sh,33284,1,False,True
18,Sh-A-A-A-A-A-A-A-A-A-A-A-A-A-A-A-A-A-A-A-A-A-A,31971,1,False,True
19,Sh-Sh-Sh-Sh-Sh-Sh-Sh-Sh-Sh-Sh-Sh-Sh-Sh-Sh-Sh-Sh-F-F-F-F-F-F-F,30669,1,False,True
20,F-F-F-F-F-Sh-Sh-Sh-Sh-Sh-Sh-Sh-Sh-Sh-Sh-Sh-Sh-Sh-Sh-Sh-Sh-Sh-Sh,30116,1,False,True
21,F-A-A-A-A-A-A-A-A-A-A-A-A-A-A-A-A-A-A-A-A-A-A,30012,1,False,True
22,F-F-F-F-F-F-Sh-Sh-Sh-Sh-Sh-Sh-Sh-Sh-Sh-Sh-Sh-Sh-Sh-Sh-Sh-Sh-Sh,26573,1,False,True
23,F-F-F-F-F-A-A-A-A-A-A-A-A-A-A-A-A-A-A-A-A-A-A,23601,1,False,True
24,F-F-F-F-F-F-F-F-F-F-F-F-F-F-F-F-F-F-Sh-Sh-Sh-Sh-Sh,21921,1,False,True
25,F-F-F-F-F-F-F-F-F-F-F-F-F-F-F-F-F-F-F-Sh-Sh-Sh-Sh,21819,1,False,True
26,F-F-A-A-A-A-A-A-A-A-A-A-A-A-A-A-A-A-A-A-A-A-A,21260,1,False,True
27,F-F-F-F-F-F-F-F-F-Sh-Sh-Sh-Sh-Sh-Sh-Sh-Sh-Sh-Sh-Sh-Sh-Sh-Sh,20706,1,False,True
28,F-F-F-F-F-F-F-F-F-F-F-F-Sh-Sh-Sh-Sh-Sh-Sh-Sh-Sh-Sh-Sh-Sh,19924,1,False,True
29,F-F-F-F-F-F-F-F-F-F-F-Sh-Sh-Sh-Sh-Sh-Sh-Sh-Sh-Sh-Sh-Sh-Sh,19618,1,False,True
30,F-Wt-Wt-Wt-Wt-Wt-Wt-Wt-Wt-Wt-Wt-Wt-Wt-Wt-Wt-Wt-Wt-Wt-Wt-Wt-Wt-Wt-Wt,19471,1,False,True
31,F-F-Sh-Sh-Sh-Sh-Sh-Sh-Sh-Sh-Sh-Sh-Sh-Sh-Sh-Sh-Sh-Sh-Sh-Sh-Sh-Sh-Sh,18754,1,False,True
32,Sh-Sh-Sh-Sh-Sh-Sh-Sh-Sh-Sh-Sh-Sh-Sh-Sh-Sh-Sh-Sh-Sh-Sh-Sh-F-F-F-F,18529,1,False,True
33,A-A-A-A-A-A-A-A-A-A-A-A-A-A-A-A-F-F-F-F-F-F-F,15683,1,False,True
34,F-F-F-F-F-F-F-F-A-A-A-A-A-A-A-A-A-A-A-A-A-A-A,15629,1,False,True
35,F-F-F-F-F-F-F-A-A-A-A-A-A-A-A-A-A-A-A-A-A-A-A,13191,1,False,True
36,F-F-F-F-F-F-A-A-A-A-A-A-A-A-A-A-A-A-A-A-A-A-A,13171,1,False,True
37,Sh-Sh-Sh-Sh-Sh-Sh-Sh-Sh-Sh-Sh-F-F-F-F-F-F-F-F-F-F-F-F-F,12252,1,False,True
38,Sh-Sh-Sh-Sh-Sh-Sh-Sh-Sh-Sh-Sh-Sh-Sh-Sh-Sh-F-F-F-F-F-F-F-F-F,10773,1,False,True
39,B-B-B-B-B-B-B-B-B-B-B-B-B-B-B-B-B-B-B-B-Sp-Sp-Sp,10770,1,False,True
40,Sh-Sh-Sh-Sh-F-F-F-F-F-F-F-F-F-F-F-F-F-F-F-F-F-F-F,10731,1,False,True
41,B-B-B-B-B-B-B-B-B-B-B-B-B-B-B-B-B-B-Sp-Sp-Sp-Sp-Sp,10544,1,False,True
42,F-F-F-F-F-F-F-F-F-F-F-F-F-F-F-F-F-F-F-F-F-A-A,10376,1,False,True
43,F-F-F-F-F-F-F-F-F-F-A-A-A-A-A-A-A-A-A-A-A-A-A,10326,1,False,True
44,F-F-F-Wt-Wt-Wt-Wt-Wt-Wt-Wt-Wt-Wt-Wt-Wt-Wt-Wt-Wt-Wt-Wt-Wt-Wt-Wt-Wt,9806,1,False,True
45,Sh-Sh-A-A-A-A-A-A-A-A-A-A-A-A-A-A-A-A-A-A-A-A-A,9626,1,False,True
46,Sh-Sh-Sh-Sh-Sh-Sh-Sh-Sh-Sh-Sh-Sh-Sh-Sh-Sh-Sh-Sh-Sh-Sh-F-F-F-F-F,9578,1,False,True
47,A-A-A-A-A-A-A-A-A-A-A-A-A-A-F-F-F-F-F-F-F-F-F,8997,1,False,True
48,A-A-A-A-A-A-A-A-A-A-A-A-A-A-A-A-A-A-A-F-F-F-F,8861,1,False,True
49,F-F-F-F-F-F-F-F-F-F-F-F-F-Sh-Sh-Sh-Sh-Sh-Sh-Sh-Sh-Sh-Sh,8837,1,False,True
50,Wt-Wt-Wt-Wt-Wt-Wt-Wt-Wt-Wt-Wt-F-F-F-F-F-F-F-F-F-F-F-F-F,8594,1,False,True
51,Sh-Sh-Sh-Sh-Sh-Sh-Sh-Sh-Sh-Sh-Sh-Sh-Sh-Sh-Sh-Sh-Sh-F-F-F-F-F-F,8507,1,False,True
52,Sp-Sp-B-B-B-B-B-B-B-B-B-B-B-B-B-B-B-B-B-B-B-B-B,8392,1,False,True
53,A-A-A-A-A-A-A-A-A-A-F-F-F-F-F-F-F-F-F-F-F-F-F,8245,1,False,True
54,Sh-Sh-Sh-Sh-Sh-Sh-Sh-Sh-Sh-Sh-Sh-Sh-Sh-Sh-Sh-Sh-Sh-Sh-Sh-Sh-F-F-F,8168,1,False,True
55,F-F-F-F-F-F-F-F-F-F-F-F-F-F-Sh-Sh-Sh-Sh-Sh-Sh-Sh-Sh-Sh,8130,1,False,True
56,Sh-F-F-F-F-F-F-F-F-F-F-F-F-F-F-F-F-F-F-F-F-F-F,7580,1,False,True
57,F-F-F-F-F-F-F-F-F-F-F-F-F-F-F-F-F-F-F-F-Sh-Sh-Sh,7573,1,False,True
58,Sh-Sh-Sh-A-A-A-A-A-A-A-A-A-A-A-A-A-A-A-A-A-A-A-A,7549,1,False,True
59,B-B-B-B-B-B-B-B-B-B-B-B-B-B-B-B-B-B-B-B-B-Sp-Sp,7010,1,False,True
60,G-G-G-G-G-G-G-G-Sp-Sp-Sp-Sp-Sp-Sp-Sp-Sp-Sp-Sp-Sp-Sp-Sp-Sp-Sp,6596,1,False,True
61,B-B-B-B-B-B-B-B-Sp-Sp-Sp-Sp-Sp-Sp-Sp-Sp-Sp-Sp-Sp-Sp-Sp-Sp-Sp,6578,1,False,True
62,F-F-F-F-F-F-F-F-Wt-Wt-Wt-Wt-Wt-Wt-Wt-Wt-Wt-Wt-Wt-Wt-Wt-Wt-Wt,6547,1,False,True
63,A-A-A-A-A-A-A-A-A-A-A-A-A-A-A-A-A-A-A-A-F-F-F,6451,1,False,True
64,F-F-F-F-F-F-F-Wt-Wt-Wt-Wt-Wt-Wt-Wt-Wt-Wt-Wt-Wt-Wt-Wt-Wt-Wt-Wt,6319,1,False,True
65,Sh-Sh-Sh-Sh-Sh-Sh-Sh-A-A-A-A-A-A-A-A-A-A-A-A-A-A-A-A,6122,1,False,True
66,Sh-Sh-Sh-Sh-Sh-Sh-Sh-Sh-Sh-Sh-Sh-Sh-Sh-Sh-Sh-Sh-Sh-Sh-Sh-Sh-Sh-Sh-F,6122,1,False,True
67,Sh-Sh-Sh-Sh-Sh-A-A-A-A-A-A-A-A-A-A-A-A-A-A-A-A-A-A,6111,1,False,True
68,F-F-F-F-F-F-F-F-F-F-F-F-F-F-F-F-F-F-F-F-F-Sh-Sh,5844,1,False,True
69,Wa-Wa-Wa-Wa-Wt-Wt-Wt-Wt-Wt-Wt-Wt-Wt-Wt-Wt-Wt-Wt-Wt-Wt-Wt-Wt-Wt-Wt-Wt,5801,1,False,True
70,Sh-Sh-Sh-Sh-Sh-Sh-Sh-Sh-Sh-Sh-A-A-A-A-A-A-A-A-A-A-A-A-A,5736,1,False,True
71,Sh-Sh-Sh-Sh-Sh-Sh-Sh-Sh-Sh-A-A-A-A-A-A-A-A-A-A-A-A-A-A,5687,1,False,True
72,B-B-B-B-B-B-B-B-B-B-B-B-B-B-B-B-B-B-B-B-B-B-Sp,5662,1,False,True
73,F-F-F-F-F-F-F-F-F-F-F-F-F-F-F-F-F-F-A-A-A-A-A,5621,1,False,True
74,Sh-Sh-Sh-Sh-Sh-Sh-Sh-Sh-A-A-A-A-A-A-A-A-A-A-A-A-A-A-A,5601,1,False,True
75,F-F-F-F-F-F-F-F-F-F-F-A-A-A-A-A-A-A-A-A-A-A-A,5437,1,False,True
76,Sh-Sh-Sh-Sh-Sh-Sh-Sh-Sh-Sh-Sh-Sh-Sh-Sh-Sh-Sh-Sh-Sh-Sh-Sh-Sh-Sh-F-F,5413,1,False,True
77,Sh-Sh-Sh-Sh-Sh-Sh-A-A-A-A-A-A-A-A-A-A-A-A-A-A-A-A-A,5371,1,False,True
78,Sh-Sh-Sh-Sh-A-A-A-A-A-A-A-A-A-A-A-A-A-A-A-A-A-A-A,5362,1,False,True
79,Wt-Wt-Wt-Wt-Wt-Wt-Wt-Wt-Wt-Wt-Wt-Wt-Wt-Wt-Wt-Wt-F-F-F-F-F-F-F,5281,1,False,True
80,F-F-F-F-F-F-F-F-F-A-A-A-A-A-A-A-A-A-A-A-A-A-A,5001,1,False,True
81,A-A-A-A-A-A-A-A-A-A-A-A-A-A-A-A-A-A-A-A-A-A-F,4898,1,False,True
82,Sh-Sh-Sh-Sh-Sh-Sh-Sh-F-F-F-F-F-F-F-F-F-F-F-F-F-F-F-F,4870,1,False,True
83,Sh-Sh-Sh-Sh-Sh-Sh-Sh-Sh-Sh-Sh-Sh-Sh-Sh-Sh-Sh-Sh-Sh-Sh-Sh-A-A-A-A,4842,1,False,True
84,F-F-F-F-F-F-F-F-F-F-F-F-F-F-F-F-F-F-F-F-F-F-Sh,4834,1,False,True
85,G-G-G-G-G-G-Sp-Sp-Sp-Sp-Sp-Sp-Sp-Sp-Sp-Sp-Sp-Sp-Sp-Sp-Sp-Sp-Sp,4809,1,False,True
86,B-B-B-B-Sp-Sp-Sp-Sp-Sp-Sp-Sp-Sp-Sp-Sp-Sp-Sp-Sp-Sp-Sp-Sp-Sp-Sp-Sp,4755,1,False,True
87,F-F-F-F-F-F-F-F-F-F-F-F-A-A-A-A-A-A-A-A-A-A-A,4697,1,False,True
88,F-F-F-F-F-F-F-F-F-F-F-F-F-F-F-F-F-Sh-Sh-Sh-Sh-Sh-Sh,4668,1,False,True
89,Sp-G-G-G-G-G-G-G-G-G-G-G-G-G-G-G-G-G-G-G-G-G-G,4545,1,False,True
90,F-F-F-F-F-F-F-F-F-F-F-F-F-F-F-F-F-F-F-A-A-A-A,4501,1,False,True
91,Sh-Sh-Sh-Sh-Sh-Sh-Sh-Sh-Sh-F-F-F-F-F-F-F-F-F-F-F-F-F-F,4469,1,False,True
92,Wa-Wa-Wa-Wa-Wa-Wa-Wt-Wt-Wt-Wt-Wt-Wt-Wt-Wt-Wt-Wt-Wt-Wt-Wt-Wt-Wt-Wt-Wt,4461,1,False,True
93,Sh-Sh-Sh-F-F-F-F-F-F-F-F-F-F-F-F-F-F-F-F-F-F-F-F,4435,1,False,True
94,F-F-Wt-Wt-Wt-Wt-Wt-Wt-Wt-Wt-Wt-Wt-Wt-Wt-Wt-Wt-Wt-Wt-Wt-Wt-Wt-Wt-Wt,4367,1,False,True
95,F-F-F-F-F-F-F-F-F-F-F-F-F-F-F-F-Sh-Sh-Sh-Sh-Sh-Sh-Sh,4342,1,False,True
96,A-A-A-A-A-A-A-A-A-A-A-A-A-A-A-A-A-F-F-F-F-F-F,4192,1,False,True
97,Sh-Sh-Sh-Sh-Sh-Sh-F-F-F-F-F-F-F-F-F-F-F-F-F-F-F-F-F,4180,1,False,True
98,A-A-A-A-A-A-A-A-A-A-A-A-A-U-U-U-U-U-U-U-U-U-U,4165,1,False,True
99,A-A-A-A-A-A-A-A-A-A-A-A-A-A-A-A-A-A-F-F-F-F-F,4133,1,False,True
100,Wa-Wa-Wa-Wa-Wa-Wa-Wa-Wa-Wa-Sp-Sp-Sp-Sp-Sp-Sp-Sp-Sp-Sp-Sp-Sp-Sp-Sp-Sp,4079,1,False,True
101,F-F-F-F-F-F-F-F-F-F-F-F-F-F-F-F-F-F-F-F-F-F-A,3968,1,False,True
102,Wt-Wt-Wt-Wt-Wt-Wt-Wt-Wt-Wt-Wt-Wt-Wt-Wt-Wt-F-F-F-F-F-F-F-F-F,3863,1,False,True
103,Sh-Sh-F-F-F-F-F-F-F-F-F-F-F-F-F-F-F-F-F-F-F-F-F,3843,1,False,True
104,Sp-Sp-Sp-B-B-B-B-B-B-B-B-B-B-B-B-B-B-B-B-B-B-B-B,3745,1,False,True
105,G-G-G-G-G-G-G-G-G-G-G-Sp-Sp-Sp-Sp-Sp-Sp-Sp-Sp-Sp-Sp-Sp-Sp,3708,1,False,True
106,Wt-Wt-Wt-Wt-Wt-Wt-Wt-Wt-Wt-Wt-Wt-Wt-Wt-Wt-Wt-Wt-Wt-Wt-Wt-F-F-F-F,3687,1,False,True
107,Sh-Sh-Sh-Sh-Sh-F-F-F-F-F-F-F-F-F-F-F-F-F-F-F-F-F-F,3681,1,False,True
108,G-G-G-G-G-G-G-Sp-Sp-Sp-Sp-Sp-Sp-Sp-Sp-Sp-Sp-Sp-Sp-Sp-Sp-Sp-Sp,3653,1,False,True
109,Sh-Sh-Sh-Sh-Sh-Sh-Sh-Sh-Sh-Sh-Sh-F-F-F-F-F-F-F-F-F-F-F-F,3632,1,False,True
110,Wa-Wa-Wa-Wa-Sh-Sh-Sh-Sh-Sh-Sh-Sh-Sh-Sh-Sh-Sh-Sh-Sh-Sh-Sh-Sh-Sh-Sh-Sh,3543,1,False,True
111,B-B-B-B-B-B-B-B-B-B-B-B-Sp-Sp-Sp-Sp-Sp-Sp-Sp-Sp-Sp-Sp-Sp,3427,1,False,True
112,B-B-B-B-B-B-B-B-B-B-B-Sp-Sp-Sp-Sp-Sp-Sp-Sp-Sp-Sp-Sp-Sp-Sp,3398,1,False,True
113,A-A-A-A-A-A-A-A-A-F-F-F-F-F-F-F-F-F-F-F-F-F-F,3348,1,False,True
114,Wa-Wa-Wt-Wt-Wt-Wt-Wt-Wt-Wt-Wt-Wt-Wt-Wt-Wt-Wt-Wt-Wt-Wt-Wt-Wt-Wt-Wt-Wt,3324,1,False,True
115,Sp-Sp-Sp-Sp-Sp-Sp-Sp-Sp-Sp-Sp-Sp-Sp-Sp-Sp-Sp-Sp-Sp-Sp-Sp-Sh-Sh-Sh-Sh,3288,1,False,True
116,Sh-Sh-Sh-Sh-Sh-Sh-Sh-Sh-Sh-Sh-Sh-Sh-Sh-F-F-F-F-F-F-F-F-F-F,3273,1,False,True
117,G-G-G-G-G-G-G-G-G-G-G-G-G-G-G-G-Sp-Sp-Sp-Sp-Sp-Sp-Sp,3087,1,False,True
118,Sh-Sh-Sh-Sh-Sh-Sh-Sh-Sh-F-F-F-F-F-F-F-F-F-F-F-F-F-F-F,3056,1,False,True
119,B-B-B-B-B-B-B-B-B-B-B-B-B-B-B-B-Sp-Sp-Sp-Sp-Sp-Sp-Sp,3049,1,False,True
120,Wt-Wt-Wt-Wt-A-A-A-A-A-A-A-A-A-A-A-A-A-A-A-A-A-A-A,3011,1,False,True
121,A-A-A-A-A-A-A-A-A-A-A-A-A-A-A-A-A-A-A-A-A-F-F,3000,1,False,True
122,Sp-B-B-B-B-B-B-B-B-B-B-B-B-B-B-B-B-B-B-B-B-B-B,2980,1,False,True
123,Sh-Sh-Sh-Sh-Sh-Sh-Sh-Sh-Sh-Sh-Sh-Sh-Sh-Sh-Sh-Sh-Sh-Sh-A-A-A-A-A,2962,1,False,True
124,A-A-A-A-A-A-A-Sh-Sh-Sh-Sh-Sh-Sh-Sh-Sh-Sh-Sh-Sh-Sh-Sh-Sh-Sh-Sh,2884,1,False,True
125,F-F-F-F-F-F-F-F-F-F-F-F-F-F-F-F-A-A-A-A-A-A-A,2868,1,False,True
126,A-A-A-A-A-A-A-A-A-A-A-A-A-A-A-A-A-A-A-A-A-A-U,2845,1,False,True
127,A-A-A-A-F-F-F-F-F-F-F-F-F-F-F-F-F-F-F-F-F-F-F,2817,1,False,True
128,F-F-F-F-Wt-Wt-Wt-Wt-Wt-Wt-Wt-Wt-Wt-Wt-Wt-Wt-Wt-Wt-Wt-Wt-Wt-Wt-Wt,2807,1,False,True
129,A-A-A-A-A-A-A-A-A-A-A-A-A-F-F-F-F-F-F-F-F-F-F,2759,1,False,True
130,Wa-Wa-Wa-Wa-Wa-Wa-Wa-Wa-Wt-Wt-Wt-Wt-Wt-Wt-Wt-Wt-Wt-Wt-Wt-Wt-Wt-Wt-Wt,2731,1,False,False
131,Sh-Sh-Sh-Sh-Sh-Sh-Sh-Sh-Sh-Sh-Sh-Sh-F-F-F-F-F-F-F-F-F-F-F,2726,1,False,True
132,B-B-B-B-B-B-B-B-B-Sp-Sp-Sp-Sp-Sp-Sp-Sp-Sp-Sp-Sp-Sp-Sp-Sp-Sp,2687,1,False,True
133,Sh-G-G-G-G-G-G-G-G-G-G-G-G-G-G-G-G-G-G-G-G-G-G,2657,1,False,True
134,A-A-A-A-A-A-A-A-A-A-A-A-A-A-A-A-Wt-Wt-Wt-Wt-Wt-Wt-Wt,2522,1,False,False
135,Wa-Wa-Sh-Sh-Sh-Sh-Sh-Sh-Sh-Sh-Sh-Sh-Sh-Sh-Sh-Sh-Sh-Sh-Sh-Sh-Sh-Sh-Sh,2492,1,False,True
136,F-F-F-F-F-F-Wt-Wt-Wt-Wt-Wt-Wt-Wt-Wt-Wt-Wt-Wt-Wt-Wt-Wt-Wt-Wt-Wt,2335,1,False,True
137,F-F-F-F-F-F-F-F-F-F-F-F-F-F-F-F-F-F-F-Wt-Wt-Wt-Wt,2330,1,False,True
138,A-A-A-A-A-A-A-A-A-A-A-A-F-F-F-F-F-F-F-F-F-F-F,2325,1,False,True
139,Sp-Sp-Sp-Sp-G-G-G-G-G-G-G-G-G-G-G-G-G-G-G-G-G-G-G,2320,1,False,True
140,Sh-Sh-Sh-Sh-Sh-Sh-Sh-Sh-Sh-Sh-Sh-Sh-Sh-Sh-Sh-Sh-A-A-A-A-A-A-A,2307,1,False,True
141,G-G-G-G-G-G-G-G-G-G-G-G-G-G-G-G-G-G-G-Sp-Sp-Sp-Sp,2299,1,False,True
142,F-F-F-F-F-F-F-F-F-F-Wt-Wt-Wt-Wt-Wt-Wt-Wt-Wt-Wt-Wt-Wt-Wt-Wt,2289,1,False,True
143,F-F-F-F-F-F-F-F-F-F-F-F-F-F-F-F-F-F-F-F-A-A-A,2275,1,False,True
144,Sp-Sp-Sp-Sp-Sp-Sp-Sp-Sp-B-B-B-B-B-B-B-B-B-B-B-B-B-B-B,2258,1,False,True
145,Sh-Sh-Sh-Sh-Sh-Sh-Sh-Sh-Sh-Sh-Sh-A-A-A-A-A-A-A-A-A-A-A-A,2252,1,False,True
146,A-A-A-A-A-A-A-A-A-A-A-A-A-A-A-A-A-A-A-A-A-U-U,2233,1,False,True
147,G-G-Sp-Sp-Sp-Sp-Sp-Sp-Sp-Sp-Sp-Sp-Sp-Sp-Sp-Sp-Sp-Sp-Sp-Sp-Sp-Sp-Sp,2232,1,False,True
148,Wa-Wa-Wa-Wa-Wa-Wa-Wa-Wa-Sp-Sp-Sp-Sp-Sp-Sp-Sp-Sp-Sp-Sp-Sp-Sp-Sp-Sp-Sp,2216,1,False,False
149,Wt-Wt-Wt-Wt-Wt-Wt-Wt-Wt-Wt-Wt-Wt-Wt-Wt-F-F-F-F-F-F-F-F-F-F,2200,1,False,True
150,B-B-B-B-B-B-B-Sp-Sp-Sp-Sp-Sp-Sp-Sp-Sp-Sp-Sp-Sp-Sp-Sp-Sp-Sp-Sp,2193,1,False,True
151,F-F-F-F-F-F-F-F-F-F-F-Wt-Wt-Wt-Wt-Wt-Wt-Wt-Wt-Wt-Wt-Wt-Wt,2185,1,False,True
152,B-B-B-B-B-B-B-B-B-B-B-B-B-B-B-B-B-B-B-G-G-G-G,2179,1,False,True
153,Wa-Wa-Wa-Wa-Wa-Wa-Wa-Wa-Wa-Wt-Wt-Wt-Wt-Wt-Wt-Wt-Wt-Wt-Wt-Wt-Wt-Wt-Wt,2179,1,False,True
154,F-F-F-F-F-F-F-F-F-F-F-F-F-F-F-F-F-A-A-A-A-A-A,2130,1,False,True
155,A-A-A-A-A-A-A-F-F-F-F-F-F-F-F-F-F-F-F-F-F-F-F,2054,1,False,True
156,G-G-G-G-Sp-Sp-Sp-Sp-Sp-Sp-Sp-Sp-Sp-Sp-Sp-Sp-Sp-Sp-Sp-Sp-Sp-Sp-Sp,2042,1,False,True
157,G-G-G-G-G-G-G-G-G-G-Sp-Sp-Sp-Sp-Sp-Sp-Sp-Sp-Sp-Sp-Sp-Sp-Sp,1998,1,False,True
158,Sp-Sp-Sp-Sp-Sp-Sp-Sp-Sp-Sp-Sp-Sp-Sp-Sp-Sp-Sp-Sp-G-G-G-G-G-G-G,1988,1,False,True
159,Sp-Sp-Sp-Sp-Sp-Sp-Sp-Sp-Sp-Sp-B-B-B-B-B-B-B-B-B-B-B-B-B,1978,1,False,True
160,F-F-F-F-F-Wt-Wt-Wt-Wt-Wt-Wt-Wt-Wt-Wt-Wt-Wt-Wt-Wt-Wt-Wt-Wt-Wt-Wt,1958,1,False,True
161,G-G-G-G-G-G-G-G-G-G-G-G-Sp-Sp-Sp-Sp-Sp-Sp-Sp-Sp-Sp-Sp-Sp,1915,1,False,True
162,Wa-Wa-Wa-Wa-Wa-Wt-Wt-Wt-Wt-Wt-Wt-Wt-Wt-Wt-Wt-Wt-Wt-Wt-Wt-Wt-Wt-Wt-Wt,1909,1,False,True
163,A-F-F-F-F-F-F-F-F-F-F-F-F-F-F-F-F-F-F-F-F-F-F,1905,1,False,True
164,Wa-Wa-Wa-Wa-A-A-A-A-A-A-A-A-A-A-A-A-A-A-A-A-A-A-A,1899,1,False,True
165,A-A-A-A-A-A-A-A-A-A-A-A-A-A-U-U-U-U-U-U-U-U-U,1890,1,False,True
166,F-F-F-F-F-F-F-F-F-F-F-F-F-A-A-A-A-A-A-A-A-A-A,1888,1,False,True
167,B-B-B-B-B-B-B-B-B-B-B-B-B-B-Sp-Sp-Sp-Sp-Sp-Sp-Sp-Sp-Sp,1863,1,False,True
168,G-A-A-A-A-A-A-A-A-A-A-A-A-A-A-A-A-A-A-A-A-A-A,1861,1,False,False
169,B-B-B-B-B-B-Sp-Sp-Sp-Sp-Sp-Sp-Sp-Sp-Sp-Sp-Sp-Sp-Sp-Sp-Sp-Sp-Sp,1848,1,False,True
170,A-A-A-A-A-A-A-A-A-A-A-A-U-U-U-U-U-U-U-U-U-U-U,1819,1,False,True
171,Sp-Sp-Sp-Sp-Sp-Sp-Sp-Sp-Sp-Sp-Sp-Sp-Sp-Sp-Sp-Sp-Sp-Sp-G-G-G-G-G,1814,1,False,True
172,Wt-Wt-Wt-F-F-F-F-F-F-F-F-F-F-F-F-F-F-F-F-F-F-F-F,1795,1,False,True
173,F-F-F-F-F-F-F-F-F-F-F-F-F-F-A-A-A-A-A-A-A-A-A,1793,1,False,True
174,Sp-Sp-Sp-Sp-Sp-Sp-B-B-B-B-B-B-B-B-B-B-B-B-B-B-B-B-B,1780,1,False,True
175,Wa-Wa-Wa-Wa-Wa-Wa-Sp-Sp-Sp-Sp-Sp-Sp-Sp-Sp-Sp-Sp-Sp-Sp-Sp-Sp-Sp-Sp-Sp,1747,1,False,True
176,F-F-F-F-F-F-F-F-F-Wt-Wt-Wt-Wt-Wt-Wt-Wt-Wt-Wt-Wt-Wt-Wt-Wt-Wt,1739,1,False,True
177,Wa-Wa-Wa-Wa-Wa-Wa-Wa-Wa-Wa-Wa-Sp-Sp-Sp-Sp-Sp-Sp-Sp-Sp-Sp-Sp-Sp-Sp-Sp,1707,1,False,False
178,F-F-F-F-F-F-F-F-F-F-F-F-F-F-F-F-Wt-Wt-Wt-Wt-Wt-Wt-Wt,1698,1,False,True
179,G-G-G-G-G-G-G-G-G-Sp-Sp-Sp-Sp-Sp-Sp-Sp-Sp-Sp-Sp-Sp-Sp-Sp-Sp,1696,1,False,True
180,G-Sp-Sp-Sp-Sp-Sp-Sp-Sp-Sp-Sp-Sp-Sp-Sp-Sp-Sp-Sp-Sp-Sp-Sp-Sp-Sp-Sp-Sp,1688,1,False,True
181,A-A-A-A-A-A-U-U-U-U-U-U-U-U-U-U-U-U-U-U-U-U-U,1682,1,False,True
182,Wa-Wa-Wa-Wt-Wt-Wt-Wt-Wt-Wt-Wt-Wt-Wt-Wt-Wt-Wt-Wt-Wt-Wt-Wt-Wt-Wt-Wt-Wt,1634,1,False,True
183,Wt-F-F-F-F-F-F-F-F-F-F-F-F-F-F-F-F-F-F-F-F-F-F,1625,1,False,True
184,Sh-Sh-Sh-Sh-Sh-Sh-Sh-Sh-Sh-Sh-Sh-Sh-A-A-A-A-A-A-A-A-A-A-A,1604,1,False,True
185,A-A-A-A-A-A-F-F-F-F-F-F-F-F-F-F-F-F-F-F-F-F-F,1591,1,False,True
186,A-A-A-A-A-A-A-A-A-A-A-F-F-F-F-F-F-F-F-F-F-F-F,1589,1,False,True
187,Sp-Sp-Sp-Sp-B-B-B-B-B-B-B-B-B-B-B-B-B-B-B-B-B-B-B,1570,1,False,True
188,G-G-G-G-G-Sp-Sp-Sp-Sp-Sp-Sp-Sp-Sp-Sp-Sp-Sp-Sp-Sp-Sp-Sp-Sp-Sp-Sp,1551,1,False,True
189,G-G-G-G-G-G-G-G-G-G-G-G-G-G-Sp-Sp-Sp-Sp-Sp-Sp-Sp-Sp-Sp,1542,1,False,True
190,G-G-G-G-G-G-G-G-G-G-G-G-G-G-G-G-G-G-Sp-Sp-Sp-Sp-Sp,1535,1,False,True
191,A-A-A-A-A-A-A-A-Sh-Sh-Sh-Sh-Sh-Sh-Sh-Sh-Sh-Sh-Sh-Sh-Sh-Sh-Sh,1531,1,False,True
192,F-F-Sp-Sp-Sp-Sp-Sp-Sp-Sp-Sp-Sp-Sp-Sp-Sp-Sp-Sp-Sp-Sp-Sp-Sp-Sp-Sp-Sp,1495,1,False,True
193,Wa-Wa-Wa-Wa-Wa-Wa-Wa-Wa-Wa-Wa-Wa-Wa-Wa-Wa-Wa-Wa-Wt-Wt-Wt-Wt-Wt-Wt-Wt,1495,1,False,False
194,Sh-Sh-Sh-Sh-Sh-Sh-Sh-Sh-Sh-Sh-Sh-Sh-Sh-Sh-Sh-Sh-Sh-Sh-Sh-Sp-Sp-Sp-Sp,1476,1,False,False
195,Wt-Wt-Wt-Wt-Wt-Wt-Wt-Wt-Wt-Wt-Wt-Wt-Wt-Wt-Wt-Wt-Wa-Wa-Wa-Wa-Wa-Wa-Wa,1467,1,False,True
196,Sp-Sp-Sp-Sp-Sp-Sp-Sp-Sp-Sp-Sp-Sp-Sp-Sp-Sp-Sp-Sp-Sp-Sp-Sp-G-G-G-G,1454,1,False,True
197,F-F-F-F-F-F-F-F-F-F-F-F-F-F-F-F-F-F-F-F-F-Wt-Wt,1449,1,False,True
198,F-F-F-F-F-F-F-F-F-F-F-F-Wt-Wt-Wt-Wt-Wt-Wt-Wt-Wt-Wt-Wt-Wt,1435,1,False,True
199,Sh-Sh-Sh-Sh-Sh-Sh-Sh-Sh-Sh-Sh-Sh-Sh-Sh-Sh-Sh-Sh-Wt-Wt-Wt-Wt-Wt-Wt-Wt,1431,1,False,False
200,Sp-Sp-Sp-Sp-Sp-Sp-Sp-Sp-G-G-G-G-G-G-G-G-G-G-G-G-G-G-G,1431,1,False,True
201,F-F-F-F-F-F-F-F-F-F-F-F-F-F-F-F-F-F-Wt-Wt-Wt-Wt-Wt,1430,1,False,True
202,G-G-G-G-G-G-G-G-G-G-G-G-G-G-G-G-G-G-G-G-F-F-F,1407,1,False,True
203,B-Sp-Sp-Sp-Sp-Sp-Sp-Sp-Sp-Sp-Sp-Sp-Sp-Sp-Sp-Sp-Sp-Sp-Sp-Sp-Sp-Sp-Sp,1400,1,False,True
204,Sp-Sp-Sp-Sp-Sp-Sp-Sp-Sp-Sp-Sp-Sp-Sp-Sp-Sp-Sp-Sp-Sh-Sh-Sh-Sh-Sh-Sh-Sh,1399,1,False,False
205,A-A-A-A-A-F-F-F-F-F-F-F-F-F-F-F-F-F-F-F-F-F-F,1388,1,False,True
206,Sh-Sh-Sh-Sh-Sh-Sh-Sh-Sh-Sh-Sh-Sh-Sh-Sh-Sh-Sh-Sh-Sh-Sh-Sh-Sh-A-A-A,1354,1,False,True
207,Sp-Sp-Sp-Sp-Sp-Sp-Sp-Sp-Sp-Sp-Sp-Sp-Sp-Sp-Sp-Sp-B-B-B-B-B-B-B,1336,1,False,True
208,Sh-Sh-Sh-Sh-Sh-Sh-Sh-Sh-Sh-Sh-Sh-Sh-Sh-Sh-Sh-Sh-Sh-U-U-U-U-U-U,1327,1,False,True
209,Wt-Wt-Wt-Wt-Wt-Wt-Wt-Wt-Wt-Wt-Wt-F-F-F-F-F-F-F-F-F-F-F-F,1299,1,False,True
210,A-A-A-A-A-A-A-U-U-U-U-U-U-U-U-U-U-U-U-U-U-U-U,1295,1,False,True
211,B-B-B-B-B-B-B-B-B-B-B-B-B-B-B-B-B-Sp-Sp-Sp-Sp-Sp-Sp,1273,1,False,True
212,B-B-B-B-B-B-B-B-B-B-Sp-Sp-Sp-Sp-Sp-Sp-Sp-Sp-Sp-Sp-Sp-Sp-Sp,1271,1,False,True
213,A-A-A-A-A-A-A-A-A-A-A-U-U-U-U-U-U-U-U-U-U-U-U,1267,1,False,True
214,Wt-Wt-Wt-Wt-Wt-Wt-Wt-Wt-Wt-Wt-Wt-Wt-Wt-Wt-Wt-Wt-Wt-Wt-F-F-F-F-F,1260,1,False,True
215,Wa-Wa-Wa-Wa-Wa-Wa-Sh-Sh-Sh-Sh-Sh-Sh-Sh-Sh-Sh-Sh-Sh-Sh-Sh-Sh-Sh-Sh-Sh,1256,1,False,True
216,Wt-Wt-Wt-Wt-Wt-Wt-Wt-F-F-F-F-F-F-F-F-F-F-F-F-F-F-F-F,1229,1,False,True
217,F-F-F-Sh-Sh-Sh-Sh-Sh-Sh-Sh-Sh-Sh-Sh-Sh-Sh-Sh-F-F-F-F-F-F-F,1228,2,False,True
218,Sp-Sp-G-G-G-G-G-G-G-G-G-G-G-G-G-G-G-G-G-G-G-G-G,1225,1,False,True
219,Wt-Wt-Wt-Wt-Wt-Wt-Wt-Wt-Wt-Wt-Wt-Wt-F-F-F-F-F-F-F-F-F-F-F,1216,1,False,True
220,G-G-G-G-G-G-G-G-B-B-B-B-B-B-B-B-B-B-B-B-B-B-B,1209,1,False,True
221,A-A-A-A-Sh-Sh-Sh-Sh-Sh-Sh-Sh-Sh-Sh-Sh-Sh-Sh-Sh-Sh-Sh-Sh-Sh-Sh-Sh,1192,1,False,True
222,F-F-F-G-G-G-G-G-G-G-G-G-G-G-G-G-G-G-G-G-G-G-G,1189,1,False,True
223,G-G-G-B-B-B-B-B-B-B-B-B-B-B-B-B-B-B-B-B-B-B-B,1183,1,False,True
224,Sp-Sp-Sp-Sp-Sp-Sp-Sp-G-G-G-G-G-G-G-G-G-G-G-G-G-G-G-G,1173,1,False,True
225,Wt-Wt-Wt-Wt-Wt-Wt-Wt-Wt-Wt-Wt-Wt-Wt-Wt-Wt-Wt-Wt-Wt-Wa-Wa-Wa-Wa-Wa-Wa,1167,1,False,True
226,G-G-G-G-G-G-G-G-G-G-G-G-G-G-G-G-G-Sp-Sp-Sp-Sp-Sp-Sp,1164,1,False,True
227,A-A-F-F-F-F-F-F-F-F-F-F-F-F-F-F-F-F-F-F-F-F-F,1162,1,False,True
228,A-A-A-F-F-F-F-F-F-F-F-F-F-F-F-F-F-F-F-F-F-F-F,1162,1,False,True
229,A-A-A-A-A-U-U-U-U-U-U-U-U-U-U-U-U-U-U-U-U-U-U,1135,1,False,True
230,A-A-A-A-A-A-A-A-A-A-U-U-U-U-U-U-U-U-U-U-U-U-U,1134,1,False,True
231,Sp-Sp-Sp-Sp-Sp-Sp-Sp-Sp-Sp-Sp-Sp-Sp-Sp-Sp-Sp-Sp-Sp-Sp-Sp-Sp-G-G-G,1130,1,False,True
232,A-A-A-A-A-A-A-A-A-A-A-A-A-A-A-A-Sh-Sh-Sh-Sh-Sh-Sh-Sh,1118,1,False,True
233,A-A-A-A-A-A-A-A-A-A-A-A-A-A-A-A-A-A-Sh-Sh-Sh-Sh-Sh,1116,1,False,True
234,F-G-G-G-G-G-G-G-G-G-G-G-G-G-G-G-G-G-G-G-G-G-G,1115,1,False,True
235,F-F-F-F-G-G-G-G-G-G-G-G-G-G-G-G-G-G-G-G-G-G-G,1110,1,False,True
236,Wt-Wt-Wt-Wt-Wt-Wt-Wt-Wt-Wt-Wt-Wt-Wt-Wt-Wt-Wt-Wt-Wt-F-F-F-F-F-F,1108,1,False,True
237,Wa-Wa-Wa-Wa-Wa-Sh-Sh-Sh-Sh-Sh-Sh-Sh-Sh-Sh-Sh-Sh-Sh-Sh-Sh-Sh-Sh-Sh-Sh,1105,1,False,True
238,B-B-B-B-B-Sp-Sp-Sp-Sp-Sp-Sp-Sp-Sp-Sp-Sp-Sp-Sp-Sp-Sp-Sp-Sp-Sp-Sp,1103,1,False,True
239,F-Sh-Sh-Sh-Sh-Sh-Sh-Sh-Sh-Sh-Sh-Sh-Sh-Sh-Sh-Sh-F-F-F-F-F-F-F,1100,2,False,True
240,Sp-Sp-Sp-Sp-Sp-B-B-B-B-B-B-B-B-B-B-B-B-B-B-B-B-B-B,1099,1,False,True
241,G-G-G-G-G-G-G-G-G-G-G-G-G-G-G-G-G-G-G-G-Sp-Sp-Sp,1095,1,False,True
242,Sh-Sh-Sh-Sh-Sh-Sh-Sh-Sh-Sh-Sh-Sh-Sh-Sh-Sh-Sh-Sh-Sh-Sh-Sh-Sh-Sh-Sh-A,1086,1,False,True
243,Sp-Sp-Sp-Sp-Sp-Sp-Sp-Sp-Sp-Sp-Sp-Sp-Sp-Sp-Sp-Sp-Sp-Sp-Sp-Sp-F-F-F,1082,1,False,True
244,Sh-Sh-Sh-Sh-Sh-Sh-Sh-Sh-Sh-Sh-Sh-Sh-Sh-Sh-Sh-Sh-Sh-A-A-A-A-A-A,1078,1,False,True
245,Sp-Sp-Sp-Sp-Sp-Sp-Sp-Sp-Sp-Sp-Sp-Sp-Sp-B-B-B-B-B-B-B-B-B-B,1075,1,False,True
246,Wt-Wt-F-F-F-F-F-F-F-F-F-F-F-F-F-F-F-F-F-F-F-F-F,1068,1,False,True
247,Wa-Wa-Wa-Wa-Wa-Wa-Wa-Wa-Wa-F-F-F-F-F-F-F-F-F-F-F-F-F-F,1067,1,False,True
248,A-A-A-A-A-A-A-A-U-U-U-U-U-U-U-U-U-U-U-U-U-U-U,1060,1,False,True
249,G-G-G-G-B-B-B-B-B-B-B-B-B-B-B-B-B-B-B-B-B-B-B,1056,1,False,True
250,G-G-B-B-B-B-B-B-B-B-B-B-B-B-B-B-B-B-B-B-B-B-B,1051,1,False,True
251,F-Sp-Sp-Sp-Sp-Sp-Sp-Sp-Sp-Sp-Sp-Sp-Sp-Sp-Sp-Sp-Sp-Sp-Sp-Sp-Sp-Sp-Sp,1047,1,False,True
252,Wa-Wa-Wa-Wa-Wa-Wa-Wa-Wa-Wa-Wa-Wa-Wa-Wa-Wa-Wa-Wa-Wa-Wa-Wa-Wa-Sp-Sp-Sp,1043,1,False,True
253,Sh-Sh-Sh-Sh-Sh-Sh-Sh-Sh-Sh-Sh-Sh-Sh-Sh-Sh-Sh-Sh-Sh-Sh-Sh-U-U-U-U,1038,1,False,True
254,A-A-A-A-A-A-A-A-A-A-A-A-A-A-A-A-A-Sh-Sh-Sh-Sh-Sh-Sh,1038,1,False,True
255,A-A-A-A-A-A-A-A-A-A-Sh-Sh-Sh-Sh-Sh-Sh-Sh-Sh-Sh-Sh-Sh-Sh-Sh,1025,1,False,True
256,Wt-Wt-Wt-Wt-Wt-Wt-Wt-Wt-Wt-Wt-Wa-Wa-Wa-Wa-Wa-Wa-Wa-Wa-Wa-Wa-Wa-Wa-Wa,1013,1,False,True
257,F-F-F-F-F-F-F-F-F-F-F-F-F-F-F-F-F-F-F-F-F-F-Wt,999,1,False,True
258,A-A-A-A-A-A-A-A-A-U-U-U-U-U-U-U-U-U-U-U-U-U-U,997,1,False,True
259,B-B-B-B-B-B-B-B-B-B-B-B-B-Sp-Sp-Sp-Sp-Sp-Sp-Sp-Sp-Sp-Sp,991,1,False,True
260,F-F-G-G-G-G-G-G-G-G-G-G-G-G-G-G-G-G-G-G-G-G-G,978,1,False,True
261,G-B-B-B-B-B-B-B-B-B-B-B-B-B-B-B-B-B-B-B-B-B-B,978,1,False,True
262,Wt-Wt-Wt-Wt-F-F-F-F-F-F-F-F-F-F-F-F-F-F-F-F-F-F-F,976,1,False,True
263,A-A-A-A-A-A-A-A-F-F-F-F-F-F-F-F-F-F-F-F-F-F-F,969,1,False,True
264,B-B-B-B-B-B-B-B-B-B-B-B-B-B-B-B-B-B-G-G-G-G-G,964,1,False,True
265,Wt-Wt-Wt-Wt-Wt-Wt-Wt-Wt-Wt-F-F-F-F-F-F-F-F-F-F-F-F-F-F,951,1,False,True
266,Sp-Sp-Sp-Sp-Sp-Sp-Sp-Sp-Sp-Sp-Sp-Sp-Sp-Sp-Sp-Sp-Sp-Sp-Sp-F-F-F-F,945,1,False,True
267,Wt-Wt-Wt-Wt-Wt-Wt-Wt-Wt-Wt-Wt-Wt-Wt-Wt-Wt-Wt-Wt-Wt-Wt-Wt-Wt-F-F-F,944,1,False,True
268,A-A-A-A-A-Sh-Sh-Sh-Sh-Sh-Sh-Sh-Sh-Sh-Sh-Sh-Sh-Sh-Sh-Sh-Sh-Sh-Sh,940,1,False,True
269,Wa-Wa-Wa-Wa-Wa-Wa-Wa-Wa-Wa-Wa-Wa-Sp-Sp-Sp-Sp-Sp-Sp-Sp-Sp-Sp-Sp-Sp-Sp,935,1,False,False
270,Sp-Sp-Sp-Sp-Sp-G-G-G-G-G-G-G-G-G-G-G-G-G-G-G-G-G-G,933,1,False,True
271,G-G-G-G-G-G-G-G-G-G-G-G-G-Sp-Sp-Sp-Sp-Sp-Sp-Sp-Sp-Sp-Sp,933,1,False,True
272,Sp-Sp-Sp-Sp-Sp-Sp-Sp-Sp-Sp-B-B-B-B-B-B-B-B-B-B-B-B-B-B,927,1,False,True
273,Sp-Sp-Sp-Sp-Sp-Sp-Sp-Sp-Sp-G-G-G-G-G-G-G-G-G-G-G-G-G-G,926,1,False,True
274,Wt-Wt-Wt-Wt-Sh-Sh-Sh-Sh-Sh-Sh-Sh-Sh-Sh-Sh-Sh-Sh-Sh-Sh-Sh-Sh-Sh-Sh-Sh,912,1,False,True
275,G-G-G-G-G-G-G-G-G-G-G-G-G-G-G-G-G-G-G-G-G-G-F,907,1,False,True
276,Wa-Wa-Wa-Wa-Wa-Wa-Wa-Wa-Sh-Sh-Sh-Sh-Sh-Sh-Sh-Sh-Sh-Sh-Sh-Sh-Sh-Sh-Sh,879,1,False,True
277,Sh-Sh-Sh-Sh-Sh-Sh-Sh-Sh-Sh-Sh-Sh-Sh-Sh-A-A-A-A-A-A-A-A-A-A,858,1,False,True
278,G-G-G-Sp-Sp-Sp-Sp-Sp-Sp-Sp-Sp-Sp-Sp-Sp-Sp-Sp-Sp-Sp-Sp-Sp-Sp-Sp-Sp,856,1,False,True
279,A-A-A-A-A-A-A-A-A-A-A-A-A-A-A-A-A-U-U-U-U-U-U,846,1,False,True
280,Sp-Sp-Sp-Sp-Sp-Sp-Sp-B-B-B-B-B-B-B-B-B-B-B-B-B-B-B-B,839,1,False,True
281,F-Sh-Sh-A-A-A-A-A-A-A-A-A-A-A-A-A-A-A-A-A-A-A-A,832,2,False,True
282,Wa-Wa-Wa-Wa-Wa-Sp-Sp-Sp-Sp-Sp-Sp-Sp-Sp-Sp-Sp-Sp-Sp-Sp-Sp-Sp-Sp-Sp-Sp,817,1,False,True
283,Sp-Sp-Sp-Sp-Sp-Sp-Sp-Sp-Sp-Sp-Sp-Sp-Sh-Sh-Sh-Sh-Sh-Sh-Sh-Sh-Sh-Sh-Sh,817,1,False,True
284,Sh-Sh-Sh-Sh-Sh-Sh-Sh-Sh-Sh-Sh-Sh-Sh-Sh-Sh-Sh-Sh-Sh-Sh-G-G-G-G-G,794,1,False,False
285,A-U-U-U-U-U-U-U-U-U-U-U-U-U-U-U-U-U-U-U-U-U-U,792,1,False,True
286,B-B-B-B-B-B-B-B-B-B-B-B-B-B-B-B-B-B-B-B-G-G-G,789,1,False,True
287,A-A-A-A-A-A-Sh-Sh-Sh-Sh-Sh-Sh-Sh-Sh-Sh-Sh-Sh-Sh-Sh-Sh-Sh-Sh-Sh,781,1,False,True
288,Sp-Sp-Sp-G-G-G-G-G-G-G-G-G-G-G-G-G-G-G-G-G-G-G-G,778,1,False,True
289,G-G-G-G-G-G-G-G-G-G-G-G-G-G-G-G-G-G-G-F-F-F-F,773,1,False,True
290,A-Sh-Sh-Sh-Sh-Sh-Sh-Sh-Sh-Sh-Sh-Sh-Sh-Sh-Sh-Sh-Sh-Sh-Sh-Sh-Sh-Sh-Sh,767,1,False,True
291,A-A-A-Sh-Sh-Sh-Sh-Sh-Sh-Sh-Sh-Sh-Sh-Sh-Sh-Sh-Sh-Sh-Sh-Sh-Sh-Sh-Sh,755,1,False,True
292,B-B-B-Sp-Sp-Sp-Sp-Sp-Sp-Sp-Sp-Sp-Sp-Sp-Sp-Sp-Sp-Sp-Sp-Sp-Sp-Sp-Sp,755,1,False,True
293,Wt-A-A-A-A-A-A-A-A-A-A-A-A-A-A-A-A-A-A-A-A-A-A,750,1,False,True
294,Wt-Wt-Wt-Wt-Wt-Wt-Wt-Wt-Wt-Wt-Wt-Wt-Wt-Wt-Wt-Wt-Wt-Wt-Wa-Wa-Wa-Wa-Wa,749,1,False,True
295,F-F-F-F-Sh-Sh-Sh-Sh-Sh-Sh-Sh-Sh-Sh-Sh-Sh-Sh-F-F-F-F-F-F-F,748,2,False,True
296,Wa-Wa-Wa-Wa-Wa-Wa-Wa-Wa-Wa-Wa-Wa-Wa-Wa-Wa-Wa-Wa-Wa-Wa-Wa-Wa-Wt-Wt-Wt,744,1,False,True
297,G-G-G-G-G-G-G-G-G-G-G-G-G-G-G-G-G-G-G-G-G-G-Sp,734,1,False,True
298,G-G-G-G-G-G-G-G-G-G-G-G-G-G-G-G-G-G-G-G-G-F-F,728,1,False,True
299,Sp-Sp-Sp-Sp-Sp-Sp-Sp-Sp-Sp-Sp-Sp-Sp-Sp-Sp-Sp-Sp-Sp-G-G-G-G-G-G,727,1,False,True
300,Wa-Wt-Wt-Wt-Wt-Wt-Wt-Wt-Wt-Wt-Wt-Wt-Wt-Wt-Wt-Wt-Wt-Wt-Wt-Wt-Wt-Wt-Wt,727,1,False,True
301,Sh-Sh-Sh-Sh-Sh-Sh-Sh-Sh-Sh-Sh-Sh-Sh-Sh-Sh-A-A-A-A-A-A-A-A-A,721,1,False,True
302,Wt-Wt-Wt-Wt-Wt-Wt-A-A-A-A-A-A-A-A-A-A-A-A-A-A-A-A-A,715,1,False,True
303,Sp-Sp-Sp-Sp-Sp-Sp-Sp-Sp-Sp-Sp-Sp-Sp-Sp-Sp-G-G-G-G-G-G-G-G-G,714,1,False,True
304,F-Sh-Sh-Sh-Sh-Sh-Sh-Sh-Sh-Sh-Sh-Sh-Sh-Sh-Sh-Sh-Sh-Sh-Sh-F-F-F-F,712,2,False,True
305,Wt-Wt-Wt-Wt-Wt-Wt-F-F-F-F-F-F-F-F-F-F-F-F-F-F-F-F-F,705,1,False,True
306,Wa-Wa-Wa-Wa-Wa-Wa-Wa-Wa-Wa-Wa-B-B-B-B-B-B-B-B-B-B-B-B-B,704,1,False,False
307,B-B-B-B-B-B-B-B-B-B-B-B-B-B-B-B-G-G-G-G-G-G-G,703,1,False,True
308,Wa-Wa-Wa-Sh-Sh-Sh-Sh-Sh-Sh-Sh-Sh-Sh-Sh-Sh-Sh-Sh-Sh-Sh-Sh-Sh-Sh-Sh-Sh,699,1,False,True
309,Wa-Wa-Wa-Wa-Wa-Wa-Wa-Wa-Wa-Sh-Sh-Sh-Sh-Sh-Sh-Sh-Sh-Sh-Sh-Sh-Sh-Sh-Sh,692,1,False,False
310,Wt-Wt-Wt-Wt-Wt-F-F-F-F-F-F-F-F-F-F-F-F-F-F-F-F-F-F,683,1,False,True
311,Wa-Wa-Wa-Wa-Wa-Wa-Wa-Wa-Wa-Wa-Wa-Wt-Wt-Wt-Wt-Wt-Wt-Wt-Wt-Wt-Wt-Wt-Wt,679,1,False,False
312,Sh-Sh-Sh-Sh-Sh-Sh-Sh-Sh-Sh-Sh-Sh-Sh-Sh-U-U-U-U-U-U-U-U-U-U,677,1,False,True
313,Wa-Wa-Wa-Wa-Wa-Wa-Wa-Wt-Wt-Wt-Wt-Wt-Wt-Wt-Wt-Wt-Wt-Wt-Wt-Wt-Wt-Wt-Wt,667,1,False,True
314,G-G-G-G-G-G-G-B-B-B-B-B-B-B-B-B-B-B-B-B-B-B-B,650,1,False,True
315,F-F-Sh-Sh-A-A-A-A-A-A-A-A-A-A-A-A-A-A-A-A-A-A-A,650,2,False,True
316,G-G-G-G-G-G-G-G-G-G-G-G-G-G-G-G-G-G-G-G-G-Sp-Sp,647,1,False,True
317,Sp-Sp-Sp-Sp-Sp-Sp-Sp-Sp-Sh-Sh-Sh-Sh-Sh-Sh-Sh-Sh-Sh-Sh-Sh-Sh-Sh-Sh-Sh,637,1,False,True
318,F-F-F-F-F-F-F-F-F-G-G-G-G-G-G-G-G-G-G-G-G-G-G,637,1,False,True
319,A-A-A-A-A-A-A-A-A-A-A-A-A-A-A-A-A-A-Wt-Wt-Wt-Wt-Wt,628,1,False,True
320,Sp-Sp-Sp-Sh-Sh-Sh-Sh-Sh-Sh-Sh-Sh-Sh-Sh-Sh-Sh-Sh-Sh-Sh-Sh-Sh-Sh-Sh-Sh,626,1,False,False
321,B-B-B-B-B-B-B-B-B-B-B-B-B-B-G-G-G-G-G-G-G-G-G,617,1,False,True
322,Wa-Wa-Wa-Wa-Wa-Wa-F-F-F-F-F-F-F-F-F-F-F-F-F-F-F-F-F,617,1,False,True
323,F-F-F-F-F-F-F-F-F-F-F-F-F-F-F-F-F-F-F-F-Wt-Wt-Wt,616,1,False,True
324,Sh-Sh-Sh-Sh-Sh-Sh-Sh-Sh-Sh-Sh-Sh-Sh-Sh-Sh-Sh-Sh-Sh-Sh-Sh-G-G-G-G,607,1,False,False
325,A-A-A-A-A-A-A-A-A-A-A-A-A-A-A-U-U-U-U-U-U-U-U,605,1,False,True
326,Wa-Wa-Wa-Wa-Sp-Sp-Sp-Sp-Sp-Sp-Sp-Sp-Sp-Sp-Sp-Sp-Sp-Sp-Sp-Sp-Sp-Sp-Sp,603,1,False,True
327,Wa-Wa-Wa-Wa-Wa-Wa-Wa-Wa-Wa-Wa-Wa-B-B-B-B-B-B-B-B-B-B-B-B,602,1,False,False
328,Wa-Wa-Wa-Wa-Wa-Wa-Wa-Wa-Wa-Wa-Wa-Wa-Sp-Sp-Sp-Sp-Sp-Sp-Sp-Sp-Sp-Sp-Sp,598,1,False,False
329,Sp-Sp-Sp-Sp-Sp-Sp-Sp-Sp-Sp-Sp-Sp-Sp-Sp-Sp-Sp-Sp-Sp-Sh-Sh-Sh-Sh-Sh-Sh,596,1,False,False
330,G-F-F-F-F-F-F-F-F-F-F-F-F-F-F-F-F-F-F-F-F-F-F,587,1,False,False
331,F-F-Sh-Sh-Sh-Sh-Sh-Sh-Sh-Sh-Sh-Sh-Sh-Sh-Sh-Sh-F-F-F-F-F-F-F,584,2,False,True
332,F-F-F-F-F-F-Sh-Sh-Sh-Sh-Sh-Sh-Sh-Sh-Sh-Sh-Sh-F-F-F-F-F-F,583,2,False,True
333,B-B-B-B-B-B-B-B-A-A-A-A-A-A-A-A-A-A-A-A-A-A-A,579,1,False,False
334,F-F-F-F-F-Sh-Sh-Sh-Sh-Sh-Sh-Sh-Sh-Sh-Sh-Sh-F-F-F-F-F-F-F,573,2,False,True
335,Sp-Sp-Sp-Sp-Sp-Sp-Sp-Sp-Sp-Sp-Sp-B-B-B-B-B-B-B-B-B-B-B-B,572,1,False,True
336,F-F-F-F-F-G-G-G-G-G-G-G-G-G-G-G-G-G-G-G-G-G-G,566,1,False,True
337,Sh-Sh-Sh-Sh-Sh-Sh-Sh-Sh-Sh-Sh-Sh-Sh-Sh-Sh-Sh-Sh-Sh-Sh-U-U-U-U-U,562,1,False,True
338,Sh-Sh-Sh-Sh-Sh-Sh-Sh-U-U-U-U-U-U-U-U-U-U-U-U-U-U-U-U,561,1,False,True
339,Sp-Sp-Sp-Sp-Sp-Sp-Sp-Sp-Sp-Sp-Sp-Sp-B-B-B-B-B-B-B-B-B-B-B,561,1,False,True
340,F-F-F-F-F-F-F-F-F-F-F-F-F-F-F-F-F-Wt-Wt-Wt-Wt-Wt-Wt,559,1,False,True
341,G-G-G-G-G-G-G-G-G-G-G-G-G-G-G-G-F-F-F-F-F-F-F,558,1,False,True
342,Wa-Wa-Wa-A-A-A-A-A-A-A-A-A-A-A-A-A-A-A-A-A-A-A-A,554,1,False,False
343,F-F-F-F-F-F-F-F-F-F-G-G-G-G-G-G-G-G-G-G-G-G-G,553,1,False,True
344,A-A-A-A-A-A-A-A-A-A-A-Sh-Sh-Sh-Sh-Sh-Sh-Sh-Sh-Sh-Sh-Sh-Sh,549,1,False,True
345,Sh-Sh-Sh-Sh-Sh-Sh-Sh-Sh-Sh-Sh-Sh-Sh-Sh-Sh-Sh-Sh-Sh-Sh-Sp-Sp-Sp-Sp-Sp,545,1,False,False
346,G-G-G-G-F-F-F-F-F-F-F-F-F-F-F-F-F-F-F-F-F-F-F,544,1,False,True
347,Sp-Sp-Sp-Sp-F-F-F-F-F-F-F-F-F-F-F-F-F-F-F-F-F-F-F,539,1,False,True
348,G-G-G-G-G-G-G-G-G-G-G-G-G-G-G-G-G-G-F-F-F-F-F,538,1,False,True
349,A-A-A-A-A-A-A-A-A-A-A-A-Sh-Sh-Sh-Sh-Sh-Sh-Sh-Sh-Sh-Sh-Sh,535,1,False,True
350,Wt-Wt-Wt-A-A-A-A-A-A-A-A-A-A-A-A-A-A-A-A-A-A-A-A,533,1,False,True
351,F-F-F-F-F-F-F-Sh-Sh-Sh-Sh-Sh-Sh-Sh-Sh-Sh-Sh-Sh-F-F-F-F-F,528,2,False,True
352,F-F-Sh-Sh-Sh-A-A-A-A-A-A-A-A-A-A-A-A-A-A-A-A-A-A,516,2,False,True
353,F-Wa-Wa-Wa-Wa-Wa-Wa-Wa-Wa-Wa-Wa-Wa-Wa-Wa-Wa-Wa-Wa-Wa-Wa-Wa-Wa-Wa-Wa,513,1,False,True
354,Sp-Sp-Sp-Sp-Sp-Sp-Sp-Sp-Sp-Sp-Sp-Sp-Sp-Sh-Sh-Sh-Sh-Sh-Sh-Sh-Sh-Sh-Sh,509,1,False,True
355,Sh-Sh-Sh-Sh-Sh-Sh-Sh-Sh-Sh-Sh-Sh-Sh-Sh-Sh-Sh-Sh-Sh-Sh-Wt-Wt-Wt-Wt-Wt,509,1,False,True
356,G-G-G-G-G-G-B-B-B-B-B-B-B-B-B-B-B-B-B-B-B-B-B,506,1,False,True
357,Sp-Sp-Sp-Sp-Sp-Sp-G-G-G-G-G-G-G-G-G-G-G-G-G-G-G-G-G,503,1,False,True
358,G-G-A-A-A-A-A-A-A-A-A-A-A-A-A-A-A-A-A-A-A-A-A,501,1,False,False
359,Sp-Sp-Sp-Sp-Sp-Sp-Sp-Sp-Sp-Sp-Sp-Sp-Sp-Sp-Sp-Sp-Sp-Sp-B-B-B-B-B,489,1,False,True
360,G-G-G-G-G-G-G-G-G-B-B-B-B-B-B-B-B-B-B-B-B-B-B,487,1,False,True
361,Sh-Sh-Sh-Sh-Sh-Sh-U-U-U-U-U-U-U-U-U-U-U-U-U-U-U-U-U,486,1,False,True
362,Sp-Sp-Sp-Sp-Sp-Sp-Sp-Sp-Sp-Sp-Sp-G-G-G-G-G-G-G-G-G-G-G-G,485,1,False,True
363,Wt-Sh-Sh-Sh-Sh-Sh-Sh-Sh-Sh-Sh-Sh-Sh-Sh-Sh-Sh-Sh-Sh-Sh-Sh-Sh-Sh-Sh-Sh,484,1,False,True
364,F-F-F-F-F-F-F-F-F-F-Wa-Wa-Wa-Wa-Wa-Wa-Wa-Wa-Wa-Wa-Wa-Wa-Wa,483,1,False,True
365,Wa-Wa-Wa-Wa-Wa-A-A-A-A-A-A-A-A-A-A-A-A-A-A-A-A-A-A,483,1,False,True
366,Sh-Sh-Sh-Sh-Sh-Sh-Sh-Sh-Sh-Sh-Sh-Sh-Sh-Sh-Sh-Sh-Sh-Sh-Sh-Sh-Sh-Sh-U,478,1,False,True
367,Wa-Wa-Wa-Wa-Wa-Wa-Wa-Wa-Wa-Wa-F-F-F-F-F-F-F-F-F-F-F-F-F,473,1,False,False
368,Sh-Sh-Sh-Sh-Sh-Sh-Sh-Sh-Sh-Sh-Sh-Sh-Sh-Sh-U-U-U-U-U-U-U-U-U,468,1,False,True
369,Sp-Sp-Sp-Sp-Sp-Sp-Sp-Sp-Sp-Sp-Sp-Sp-Sp-Sp-Sp-Sp-F-F-F-F-F-F-F,468,1,False,True
370,A-A-A-A-A-A-A-A-A-A-A-A-A-A-A-A-A-A-U-U-U-U-U,465,1,False,True
371,Sh-Sh-Sh-Sh-Sh-Sh-Sh-Sh-Sh-Sh-Sh-Sh-Sh-Sh-Sh-Sh-Wa-Wa-Wa-Wa-Wa-Wa-Wa,462,1,False,True
372,F-F-F-F-F-F-F-F-G-G-G-G-G-G-G-G-G-G-G-G-G-G-G,462,1,False,True
373,G-G-G-G-G-Sh-Sh-Sh-Sh-Sh-Sh-Sh-Sh-Sh-Sh-Sh-Sh-Sh-Sh-Sh-Sh-Sh-Sh,458,1,False,False
374,Wt-Wt-Wt-Wt-Wt-Wt-Wt-Wt-Wt-Wt-Wt-Wt-Wt-Wt-Wa-Wa-Wa-Wa-Wa-Wa-Wa-Wa-Wa,457,1,False,True
375,Wt-Wt-Wt-Wt-Wt-Wt-Wt-Wt-Wt-Wt-Wt-Wt-Wt-Wt-Wt-Wt-Wt-Wt-Wt-Wt-Wt-Wt-F,451,1,False,True
376,F-F-F-F-F-F-F-F-Wa-Wa-Wa-Wa-Wa-Wa-Wa-Wa-Wa-Wa-Wa-Wa-Wa-Wa-Wa,449,1,False,True
377,A-A-A-A-A-A-A-A-A-A-A-A-A-A-A-A-A-A-A-U-U-U-U,448,1,False,True
378,F-F-F-F-F-F-F-F-F-F-F-F-F-F-F-F-Wa-Wa-Wa-Wa-Wa-Wa-Wa,446,1,False,True
379,A-A-U-U-U-U-U-U-U-U-U-U-U-U-U-U-U-U-U-U-U-U-U,445,1,False,True
380,Wa-Wa-Wa-Wa-F-F-F-F-F-F-F-F-F-F-F-F-F-F-F-F-F-F-F,444,1,False,True
381,A-A-A-A-A-A-A-A-A-A-A-A-A-G-G-G-G-G-G-G-G-G-G,442,1,False,False
382,F-F-F-F-F-F-F-F-F-F-F-F-F-F-F-F-F-F-F-G-G-G-G,442,1,False,True
383,Sp-Sp-Sp-Sp-Sp-Sp-Sp-Sp-Sp-Sp-Sp-Sh-Sh-Sh-Sh-Sh-Sh-Sh-Sh-Sh-Sh-Sh-Sh,441,1,False,True
384,Wt-Wt-Wt-Wt-Wt-Wt-Wt-Wt-Wt-Wt-Wt-Wt-Wt-Wt-Wt-Wt-Wt-Wt-Wt-Wa-Wa-Wa-Wa,440,1,False,True
385,F-B-B-B-B-B-B-B-B-B-B-B-B-B-B-B-B-B-B-B-B-B-B,435,1,False,True
386,Sh-Sh-Sh-Sh-Sh-U-U-U-U-U-U-U-U-U-U-U-U-U-U-U-U-U-U,429,1,False,True
387,Wt-Wt-Wt-Wt-Wt-Wt-Wt-A-A-A-A-A-A-A-A-A-A-A-A-A-A-A-A,428,1,False,True
388,Wt-Wt-A-A-A-A-A-A-A-A-A-A-A-A-A-A-A-A-A-A-A-A-A,427,1,False,True
389,Sp-Sp-Sp-Sp-Sp-Sh-Sh-Sh-Sh-Sh-Sh-Sh-Sh-Sh-Sh-Sh-Sh-Sh-Sh-Sh-Sh-Sh-Sh,408,1,False,False
390,F-Sh-Sh-Sh-A-A-A-A-A-A-A-A-A-A-A-A-A-A-A-A-A-A-A,408,2,False,True
391,Wa-Wa-Wa-Wa-Wa-Wa-A-A-A-A-A-A-A-A-A-A-A-A-A-A-A-A-A,408,1,False,True
392,Sp-Sp-Sp-Sp-Sp-Sp-Sp-Sh-Sh-Sh-Sh-Sh-Sh-Sh-Sh-Sh-Sh-Sh-Sh-Sh-Sh-Sh-Sh,401,1,False,True
393,G-G-G-G-G-G-G-G-G-G-G-G-G-G-G-G-Wa-Wa-Wa-Wa-Wa-Wa-Wa,397,1,False,False
394,Sh-Sh-Sh-Sh-Sh-Sh-Sh-Sh-U-U-U-U-U-U-U-U-U-U-U-U-U-U-U,397,1,False,True
395,Wa-Wa-Wa-Wa-Wa-Wa-Wa-Wa-F-F-F-F-F-F-F-F-F-F-F-F-F-F-F,397,1,False,False
396,B-B-Sp-Sp-Sp-Sp-Sp-Sp-Sp-Sp-Sp-Sp-Sp-Sp-Sp-Sp-Sp-Sp-Sp-Sp-Sp-Sp-Sp,397,1,False,True
397,F-F-F-F-F-F-G-G-G-G-G-G-G-G-G-G-G-G-G-G-G-G-G,392,1,False,True
398,Wa-Wa-Wa-Wa-Wa-Wa-Wa-Wa-Wa-Wa-Wa-Wa-Wa-Wa-Wa-Wa-Sp-Sp-Sp-Sp-Sp-Sp-Sp,390,1,False,False
399,Sh-U-U-U-U-U-U-U-U-U-U-U-U-U-U-U-U-U-U-U-U-U-U,383,1,False,True
400,Wa-Wa-Wa-Wa-Wa-Wa-Wa-Wa-Wa-Wa-Wa-Sh-Sh-Sh-Sh-Sh-Sh-Sh-Sh-Sh-Sh-Sh-Sh,382,1,False,True
401,Wt-Wt-Wt-Wt-Wt-Wt-Wt-Sh-Sh-Sh-Sh-Sh-Sh-Sh-Sh-Sh-Sh-Sh-Sh-Sh-Sh-Sh-Sh,380,1,False,True
402,Sh-Sp-Sp-Sp-Sp-Sp-Sp-Sp-Sp-Sp-Sp-Sp-Sp-Sp-Sp-Sp-Sp-Sp-Sp-Sp-Sp-Sp-Sp,378,1,False,True
403,F-F-F-F-F-F-F-G-G-G-G-G-G-G-G-G-G-G-G-G-G-G-G,377,1,False,True
404,Wa-Wa-Wa-Wa-Wa-Wa-Wa-Wa-Wa-B-B-B-B-B-B-B-B-B-B-B-B-B-B,376,1,False,False
405,Wt-Wt-Wt-Wt-Wt-Wt-Wt-Wt-Wt-Wt-Wt-Wt-Wt-Wt-Wt-Wt-Wt-Wt-Wt-Wt-Wt-A-A,374,1,False,True
406,Wa-Wa-A-A-A-A-A-A-A-A-A-A-A-A-A-A-A-A-A-A-A-A-A,373,1,False,True
407,Wt-Wt-Wt-Wt-Wt-A-A-A-A-A-A-A-A-A-A-A-A-A-A-A-A-A-A,371,1,False,True
408,F-F-F-F-F-F-F-F-F-F-F-F-F-Wt-Wt-Wt-Wt-Wt-Wt-Wt-Wt-Wt-Wt,367,1,False,True
409,F-F-B-B-B-B-B-B-B-B-B-B-B-B-B-B-B-B-B-B-B-B-B,366,1,False,True
410,Sp-Sp-Sp-Sp-Sh-Sh-Sh-Sh-Sh-Sh-Sh-Sh-Sh-Sh-Sh-Sh-Sh-Sh-Sh-Sh-Sh-Sh-Sh,363,1,False,False
411,Sp-Sp-Sp-Sp-Sp-Sp-Sp-Sp-Sp-Sp-Sp-Sp-Sp-Sp-Sp-Sp-Sp-Sp-Sp-B-B-B-B,361,1,False,True
412,A-A-A-A-G-G-G-G-G-G-G-G-G-G-G-G-G-G-G-G-G-G-G,360,1,False,False
413,Wa-Sh-Sh-Sh-Sh-Sh-Sh-Sh-Sh-Sh-Sh-Sh-Sh-Sh-Sh-Sh-Sh-Sh-Sh-Sh-Sh-Sh-Sh,359,1,False,True
414,Wa-Wa-Wa-Wa-Wa-Wa-Wa-Wa-Wa-Wa-Wt-Wt-Wt-Wt-Wt-Wt-Wt-Wt-Wt-Wt-Wt-Wt-Wt,359,1,False,False
415,B-B-B-B-B-B-B-B-G-G-G-G-G-G-G-G-G-G-G-G-G-G-G,350,1,False,True
416,Wt-Wt-Wt-Wt-Wt-Wt-Wt-Wt-F-F-F-F-F-F-F-F-F-F-F-F-F-F-F,350,1,False,True
417,Sp-Sp-Sp-Sp-Sp-Sp-Sp-Sp-Sp-Sp-Sp-Sp-Sp-Sp-Sp-Sp-Wa-Wa-Wa-Wa-Wa-Wa-Wa,349,1,False,True
418,Wa-Wa-Wa-Wa-Wa-Wa-Wa-Sh-Sh-Sh-Sh-Sh-Sh-Sh-Sh-Sh-Sh-Sh-Sh-Sh-Sh-Sh-Sh,348,1,False,True
419,Sp-Sp-Sp-Sp-Sp-Sp-Sp-Sp-Sp-Sp-G-G-G-G-G-G-G-G-G-G-G-G-G,348,1,False,True
420,Wa-Wa-Wa-Wa-Wa-Wa-Wa-Wa-Wa-Wa-Wa-Wa-Wa-Sh-Sh-Sh-Sh-Sh-Sh-Sh-Sh-Sh-Sh,345,1,False,False
421,A-A-A-A-A-A-A-A-A-Sh-Sh-Sh-Sh-Sh-Sh-Sh-Sh-Sh-Sh-Sh-Sh-Sh-Sh,345,1,False,True
422,G-G-G-G-G-G-G-G-G-G-G-G-G-G-G-G-Sh-Sh-Sh-Sh-Sh-Sh-Sh,343,1,False,True
423,B-B-B-B-B-B-B-B-B-B-B-B-B-B-B-B-B-G-G-G-G-G-G,340,1,False,True
424,Wa-Wa-Wa-Wa-Wa-Wa-Wa-Wa-B-B-B-B-B-B-B-B-B-B-B-B-B-B-B,340,1,False,False
425,G-G-G-G-G-G-G-G-G-F-F-F-F-F-F-F-F-F-F-F-F-F-F,336,1,False,True
426,Wa-Wa-Wa-Wa-Wa-Wa-Wa-Sp-Sp-Sp-Sp-Sp-Sp-Sp-Sp-Sp-Sp-Sp-Sp-Sp-Sp-Sp-Sp,336,1,False,False
427,Wa-Wa-Wa-Wa-Wa-Wa-Wa-Wa-Wa-Wa-Wa-Wa-Wa-Sp-Sp-Sp-Sp-Sp-Sp-Sp-Sp-Sp-Sp,331,1,False,False
428,Wa-Wa-Wa-Wa-Wa-Wa-Wa-Wa-A-A-A-A-A-A-A-A-A-A-A-A-A-A-A,330,1,False,False
429,A-A-A-A-A-A-A-A-A-A-A-A-A-A-A-A-A-Wt-Wt-Wt-Wt-Wt-Wt,329,1,False,True
430,G-G-G-G-Sh-Sh-Sh-Sh-Sh-Sh-Sh-Sh-Sh-Sh-Sh-Sh-Sh-Sh-Sh-Sh-Sh-Sh-Sh,329,1,False,False
431,Sp-Sp-Sp-Sp-Sp-Sp-Sp-Sp-Sp-Sp-Sp-Sp-Sp-Sp-F-F-F-F-F-F-F-F-F,326,1,False,False
432,Wt-Wt-Wt-Wt-Wt-Wt-Wt-Wt-Wa-Wa-Wa-Wa-Wa-Wa-Wa-Wa-Wa-Wa-Wa-Wa-Wa-Wa-Wa,326,1,False,True
433,Sh-Sh-Sh-Sh-Sh-Sh-Sh-Sh-Sh-Sh-G-G-G-G-G-G-G-G-G-G-G-G-G,324,1,False,True
434,Sp-Sp-Sp-Sp-Sp-Sp-Sp-Sp-Sp-F-F-F-F-F-F-F-F-F-F-F-F-F-F,323,1,False,False
435,F-F-F-F-F-F-F-F-F-F-F-F-F-U-U-U-U-U-U-U-U-U-U,321,1,False,True
436,G-G-G-G-G-G-G-G-G-G-G-G-G-G-G-G-G-G-G-A-A-A-A,320,1,False,False
437,Sh-Sh-Sh-Sh-Sh-Sh-Sh-Sh-Sh-Sh-Sh-Sh-Sh-Sh-Sh-Sh-Sh-Sh-Sh-Sh-Sh-U-U,318,1,False,True
438,Wt-Wt-Wt-Wt-Wt-Wt-Sh-Sh-Sh-Sh-Sh-Sh-Sh-Sh-Sh-Sh-Sh-Sh-Sh-Sh-Sh-Sh-Sh,317,1,False,True
439,Wa-Wa-Wa-Wa-Wa-Wa-Wa-Wa-Wa-Wa-Wa-Wa-Wa-Wa-Wa-Wa-G-G-G-G-G-G-G,315,1,False,False
440,A-A-A-U-U-U-U-U-U-U-U-U-U-U-U-U-U-U-U-U-U-U-U,315,1,False,True
441,G-G-G-G-G-G-G-F-F-F-F-F-F-F-F-F-F-F-F-F-F-F-F,313,1,False,True
442,F-F-F-F-F-F-F-F-F-B-B-B-B-B-B-B-B-B-B-B-B-B-B,312,1,False,True
443,Sh-Sh-Sh-Sh-Sh-Sh-Sh-Sh-Sh-Sh-Sh-Sh-U-U-U-U-U-U-U-U-U-U-U,310,1,False,True
444,Sp-Sp-Sp-Sp-Sp-Sp-Sp-Sp-Sp-Sp-Sp-Sp-Sp-Sp-B-B-B-B-B-B-B-B-B,309,1,False,True
445,Wa-Wa-Wa-F-F-F-F-F-F-F-F-F-F-F-F-F-F-F-F-F-F-F-F,305,1,False,True
446,F-F-F-Sh-Sh-Sh-Sh-Sh-Sh-Sh-Sh-Sh-Sh-Sh-Sh-Sh-Sh-F-F-F-F-F-F,301,2,False,True
447,B-B-B-B-B-B-B-B-B-B-B-B-G-G-G-G-G-G-G-G-G-G-G,301,1,False,True
448,Wa-Wa-Wa-Wa-Wa-Wa-Wa-Wa-Wa-G-G-G-G-G-G-G-G-G-G-G-G-G-G,299,1,False,False
449,Sh-Sh-Sh-Sh-Sh-Sh-Sh-Sh-Sh-Sh-Sh-U-U-U-U-U-U-U-U-U-U-U-U,299,1,False,True
450,Wa-Wa-Wa-Wa-Wa-Wa-Wa-Wa-Wa-Wa-Wa-Wa-Sh-Sh-Sh-Sh-Sh-Sh-Sh-Sh-Sh-Sh-Sh,299,1,False,False
451,F-F-F-F-Sh-Sh-Sh-Sh-Sh-Sh-Sh-Sh-Sh-Sh-Sh-Sh-Sh-Sh-Sh-F-F-F-F,298,2,False,True
452,G-G-G-G-G-G-G-G-G-G-F-F-F-F-F-F-F-F-F-F-F-F-F,297,1,False,True
453,Sh-Sh-Sh-Sh-Sh-Sh-Sh-Sh-Wa-Wa-Wa-Wa-Wa-Wa-Wa-Wa-Wa-Wa-Wa-Wa-Wa-Wa-Wa,295,1,False,True
454,Sh-Sh-Sh-Sh-Sh-Sh-Sh-Sh-Sh-Sh-U-U-U-U-U-U-U-U-U-U-U-U-U,295,1,False,True
455,F-F-F-Sh-Sh-Sh-Sh-Sh-Sh-Sh-Sh-Sh-Sh-Sh-Sh-Sh-Sh-Sh-Sh-F-F-F-F,293,2,False,True
456,Wa-Wa-Wa-Wa-Wa-Wa-B-B-B-B-B-B-B-B-B-B-B-B-B-B-B-B-B,293,1,False,True
457,A-A-Sh-Sh-Sh-Sh-Sh-Sh-Sh-Sh-Sh-Sh-Sh-Sh-Sh-Sh-Sh-Sh-Sh-Sh-Sh-Sh-Sh,291,1,False,False
458,F-F-Wa-Wa-Wa-Wa-Wa-Wa-Wa-Wa-Wa-Wa-Wa-Wa-Wa-Wa-Wa-Wa-Wa-Wa-Wa-Wa-Wa,289,1,False,True
459,G-G-G-G-G-G-G-G-G-G-G-G-F-F-F-F-F-F-F-F-F-F-F,289,1,False,True
460,B-B-B-B-B-B-B-B-Wa-Wa-Wa-Wa-Wa-Wa-Wa-Wa-Wa-Wa-Wa-Wa-Wa-Wa-Wa,288,1,False,False
461,Sp-Sp-Sp-Sp-Sp-Sp-Sh-Sh-Sh-Sh-Sh-Sh-Sh-Sh-Sh-Sh-Sh-Sh-Sh-Sh-Sh-Sh-Sh,288,1,False,True
462,Sp-Sh-Sh-Sh-Sh-Sh-Sh-Sh-Sh-Sh-Sh-Sh-Sh-Sh-Sh-Sh-Sh-Sh-Sh-Sh-Sh-Sh-Sh,288,1,False,False
463,Sp-Sp-B-B-B-B-B-B-B-B-B-B-B-B-B-B-B-B-B-Sp-Sp-Sp-Sp,286,2,False,True
464,G-G-G-G-G-G-G-A-A-A-A-A-A-A-A-A-A-A-A-A-A-A-A,279,1,False,False
465,F-F-F-F-F-F-F-F-F-F-F-F-F-F-F-F-F-F-G-G-G-G-G,278,1,False,True
466,F-Wt-Wt-Wt-Wt-Wt-Wt-Wt-Wt-Wt-F-F-F-F-F-F-F-F-F-F-F-F-F,277,2,False,True
467,Wa-Wa-Wa-Wa-Wa-Wa-Wa-Wa-Wa-Wa-Wa-Wa-Wt-Wt-Wt-Wt-Wt-Wt-Wt-Wt-Wt-Wt-Wt,277,1,False,False
468,F-F-F-F-F-F-F-F-F-F-F-G-G-G-G-G-G-G-G-G-G-G-G,276,1,False,True
469,Sh-Sh-Sh-Sh-Sh-Sh-Sh-Sh-Sh-U-U-U-U-U-U-U-U-U-U-U-U-U-U,276,1,False,True
470,G-G-G-G-G-B-B-B-B-B-B-B-B-B-B-B-B-B-B-B-B-B-B,274,1,False,True
471,G-G-G-G-A-A-A-A-A-A-A-A-A-A-A-A-A-A-A-A-A-A-A,272,1,False,False
472,F-F-F-F-F-F-F-F-F-F-F-F-F-F-F-F-F-F-F-Wa-Wa-Wa-Wa,271,1,False,True
473,F-Sh-Sh-Sh-Sh-Sh-Sh-Sh-Sh-Sh-Sh-Sh-Sh-Sh-Sh-Sh-Sh-F-F-F-F-F-F,270,2,False,True
474,G-G-G-G-G-G-G-G-G-G-G-G-G-G-G-G-B-B-B-B-B-B-B,269,1,False,True
475,F-F-F-Sh-Sh-Sh-Sh-Sh-Sh-Sh-Sh-Sh-Sh-Sh-Sh-Sh-Sh-Sh-F-F-F-F-F,267,2,False,True
476,Sp-Sp-Sp-Sp-Sp-Sp-Sp-Sp-Sp-Sp-Sp-Sp-Sp-Sp-Sp-Sp-B-B-B-Sp-Sp-Sp-Sp,266,2,False,True
477,Wa-Wa-Wa-Wa-Wa-F-F-F-F-F-F-F-F-F-F-F-F-F-F-F-F-F-F,264,1,False,True
478,A-A-A-A-U-U-U-U-U-U-U-U-U-U-U-U-U-U-U-U-U-U-U,262,1,False,True
479,F-F-F-F-F-F-F-F-F-F-F-F-F-F-F-F-F-F-F-Sh-A-A-A,262,2,False,True
480,G-G-G-G-G-G-G-G-G-G-G-G-G-G-F-F-F-F-F-F-F-F-F,260,1,False,True
481,Wa-Wa-Wa-Wa-G-G-G-G-G-G-G-G-G-G-G-G-G-G-G-G-G-G-G,258,1,False,True
482,Wt-Wt-Wt-Wt-Wt-Wt-Wt-Wt-Wt-Wt-Wt-Wa-Wa-Wa-Wa-Wa-Wa-Wa-Wa-Wa-Wa-Wa-Wa,258,1,False,True
483,B-B-B-B-B-B-B-B-B-B-B-A-A-A-A-A-A-A-A-A-A-A-A,257,1,False,False
484,F-F-F-F-F-F-F-F-F-F-F-Wa-Wa-Wa-Wa-Wa-Wa-Wa-Wa-Wa-Wa-Wa-Wa,257,1,False,True
485,Sp-Sp-Sp-Sp-Sp-Sp-Sp-Sp-Sp-Sp-Sp-Sp-Sp-Sp-Sp-Sp-Sp-Sp-Sp-Sp-Sp-B-B,257,1,False,True
486,Wa-Wa-Wa-Sp-Sp-Sp-Sp-Sp-Sp-Sp-Sp-Sp-Sp-Sp-Sp-Sp-Sp-Sp-Sp-Sp-Sp-Sp-Sp,254,1,False,True
487,G-G-G-G-G-G-G-G-A-A-A-A-A-A-A-A-A-A-A-A-A-A-A,252,1,False,False
488,Sp-Sp-Sp-Sp-Sp-Sp-Sp-Sp-Sp-Sp-Sp-Sp-Sp-Sp-Sp-Sp-Sp-Sp-F-F-F-F-F,251,1,False,True
489,G-G-G-G-G-G-G-G-G-G-G-G-G-G-G-G-G-F-F-F-F-F-F,251,1,False,True
490,Wa-Wa-F-F-F-F-F-F-F-F-F-F-F-F-F-F-F-F-F-F-F-F-F,251,1,False,True
491,Sp-Sp-Sh-Sh-Sh-Sh-Sh-Sh-Sh-Sh-Sh-Sh-Sh-Sh-Sh-Sh-Sh-Sh-Sh-Sh-Sh-Sh-Sh,249,1,False,False
492,G-G-G-G-G-G-G-G-Sh-Sh-Sh-Sh-Sh-Sh-Sh-Sh-Sh-Sh-Sh-Sh-Sh-Sh-Sh,248,1,False,True
493,Sp-Sp-Sp-Sp-Sp-Sp-Sp-Sp-Sp-Sh-Sh-Sh-Sh-Sh-Sh-Sh-Sh-Sh-Sh-Sh-Sh-Sh-Sh,247,1,False,True
494,Wt-Wt-Wt-Wt-Wt-Wt-Wt-Wt-Wt-Wt-Wt-Wt-Wt-Wt-Wt-Wt-Wt-Wt-Wt-Wt-Wt-Sh-Sh,247,1,False,True
495,Wa-G-G-G-G-G-G-G-G-G-G-G-G-G-G-G-G-G-G-G-G-G-G,246,1,False,False
496,Sh-Sh-Sh-Sh-Sh-Sh-G-G-G-G-G-G-G-G-G-G-G-G-G-G-G-G-G,245,1,False,False
497,Sh-Sh-G-G-G-G-G-G-G-G-G-G-G-G-G-G-G-G-G-G-G-G-G,245,1,False,True
498,B-B-B-B-B-B-B-B-B-B-B-B-B-B-B-B-B-B-B-Sp-G-G-G,243,2,False,True
499,F-Sh-Sh-Sh-Sh-Sh-Sh-Sh-Sh-Sh-Sh-Sh-Sh-Sh-Sh-Sh-Sh-Sh-F-F-F-F-F,238,2,False,True
500,F-Sh-Sh-Sh-Sh-A-A-A-A-A-A-A-A-A-A-A-A-A-A-A-A-A-A,236,2,False,True
501,Sp-Sp-Sp-Sp-Sp-Sp-Sp-Sp-Sp-Sp-Sh-Sh-Sh-Sh-Sh-Sh-Sh-Sh-Sh-Sh-Sh-Sh-Sh,235,1,False,False
502,F-F-F-F-F-F-F-F-F-F-F-F-F-F-Wa-Wa-Wa-Wa-Wa-Wa-Wa-Wa-Wa,235,1,False,True
503,F-F-F-F-F-F-F-F-F-F-F-F-F-F-U-U-U-U-U-U-U-U-U,234,1,False,True
504,Wa-Wa-Wa-Wa-Wa-Wa-Wa-Wa-Wa-Wa-Wa-Wa-Wa-Wa-Wa-Wa-Wa-Wa-Wa-Wa-F-F-F,233,1,False,True
505,Sh-Sh-Sh-Sh-Sh-Sh-Sh-Sh-Sh-Sh-Sh-Wa-Wa-Wa-Wa-Wa-Wa-Wa-Wa-Wa-Wa-Wa-Wa,232,1,False,True
506,Wa-Wa-Wa-Wa-Wa-Wa-Wa-Wa-Wa-Wa-Wa-F-F-F-F-F-F-F-F-F-F-F-F,231,1,False,False
507,Wa-Wa-Wa-Wa-Wa-Wa-Wa-F-F-F-F-F-F-F-F-F-F-F-F-F-F-F-F,231,1,False,True
508,Wa-Sp-Sp-Sp-Sp-Sp-Sp-Sp-Sp-Sp-Sp-Sp-Sp-Sp-Sp-Sp-Sp-Sp-Sp-Sp-Sp-Sp-Sp,230,1,False,True
509,F-F-Wa-Wa-Wa-Wa-Wa-Wa-Wa-Wa-Wa-Wa-Wa-Wa-Wa-Wa-Wt-Wt-Wt-Wt-Wt-Wt-Wt,229,2,False,False
510,Sh-Sh-Sh-Sh-Sh-Sh-Sh-Sh-Sh-Sh-Sh-Sh-Sh-Sh-Sh-Sh-Sp-Sp-Sp-Sp-Sp-Sp-Sp,229,1,False,False
511,G-G-G-G-G-G-G-G-G-G-B-B-B-B-B-B-B-B-B-B-B-B-B,227,1,False,True
512,F-F-F-F-A-A-A-A-A-A-A-A-A-A-A-A-F-F-F-F-F-F-F,226,2,False,True
513,Sp-Sp-Sp-Sp-Sp-Sp-Sp-Sp-Sp-Sp-Sp-Sp-Sp-Sp-Sp-Sp-Sp-Sp-Sp-Sp-A-A-A,226,1,False,False
514,G-G-G-G-G-G-G-Sh-Sh-Sh-Sh-Sh-Sh-Sh-Sh-Sh-Sh-Sh-Sh-Sh-Sh-Sh-Sh,220,1,False,True
515,Wt-Wt-Wt-Wt-G-G-G-G-G-G-G-G-G-G-G-G-G-G-G-G-G-G-G,218,1,False,False
516,G-G-G-G-G-G-G-G-F-F-F-F-F-F-F-F-F-F-F-F-F-F-F,217,1,False,True
517,F-F-F-F-F-F-F-F-Sh-Sh-Sh-Sh-Sh-Sh-Sh-Sh-Sh-Sh-Sh-F-F-F-F,217,2,False,True
518,Wa-Wa-Wa-Wa-Wa-Wa-Wa-Wa-Wa-Wa-Wa-Wa-F-F-F-F-F-F-F-F-F-F-F,215,1,False,False
519,F-F-F-A-A-A-A-A-A-A-A-A-A-A-A-A-F-F-F-F-F-F-F,214,2,False,True
520,F-F-Sh-Sh-Sh-Sh-Sh-Sh-Sh-Sh-Sh-Sh-Sh-Sh-Sh-Sh-Sh-F-F-F-F-F-F,213,2,False,True
521,F-Sh-Sh-Sh-Sh-Sh-Sh-Sh-Sh-Sh-A-A-A-A-A-A-A-A-A-A-A-A-A,213,2,False,True
522,Sh-Sh-Sh-Sh-Sh-Sh-Sh-Sh-G-G-G-G-G-G-G-G-G-G-G-G-G-G-G,212,1,False,True
523,G-G-G-G-G-G-G-G-G-G-G-G-A-A-A-A-A-A-A-A-A-A-A,211,1,False,False
524,F-F-F-F-Wa-Wa-Wa-Wa-Wa-Wa-Wa-Wa-Wa-Wa-Wa-Wa-Wa-Wa-Wa-Wa-Wa-Wa-Wa,211,1,False,True
525,F-F-F-F-F-F-F-F-F-F-F-F-F-F-F-F-F-F-F-F-F-A-Sh,210,2,False,True
526,A-A-A-A-A-A-A-A-A-A-A-A-A-Sh-Sh-Sh-Sh-Sh-Sh-Sh-Sh-Sh-Sh,209,1,False,True
527,G-G-G-G-G-G-G-G-G-G-G-B-B-B-B-B-B-B-B-B-B-B-B,209,1,False,True
528,Sp-Sp-Sp-Sp-Sp-Sp-Sp-Sp-Sp-Sp-Sp-Sp-Sp-Sp-Sp-Sp-Sp-B-B-B-B-B-B,208,1,False,True
529,B-B-B-B-B-B-B-B-B-B-B-B-B-B-B-B-B-B-B-U-U-U-U,207,1,False,True
530,Wt-Wt-Wt-Wt-Wt-Wt-Wt-Wt-A-A-A-A-A-A-A-A-A-A-A-A-A-A-A,206,1,False,True
531,Sh-Sh-Sh-Sh-Sh-Sh-Sh-G-G-G-G-G-G-G-G-G-G-G-G-G-G-G-G,205,1,False,True
532,F-F-F-F-F-F-F-Sh-Sh-Sh-Sh-Sh-Sh-Sh-Sh-Sh-Sh-Sh-Sh-F-F-F-F,205,2,False,True
533,Sh-Sh-Sh-Sh-Sh-Sh-Sh-Sh-Sh-Sh-Wa-Wa-Wa-Wa-Wa-Wa-Wa-Wa-Wa-Wa-Wa-Wa-Wa,204,1,False,True
534,Wa-Wa-Wa-Wa-Wa-Wa-Wa-Wa-Wa-Wa-Wa-Wa-Wa-Wa-Wa-Wa-Wa-Wa-Wa-Wa-A-A-A,204,1,False,False
535,F-F-F-F-Sh-Sh-Sh-Sh-Sh-Sh-Sh-Sh-Sh-Sh-Sh-Sh-Sh-F-F-F-F-F-F,203,2,False,True
536,B-B-B-B-B-B-B-G-G-G-G-G-G-G-G-G-G-G-G-G-G-G-G,203,1,False,True
537,Sh-Sh-Sh-Sh-G-G-G-G-G-G-G-G-G-G-G-G-G-G-G-G-G-G-G,203,1,False,True
538,Sp-F-F-F-F-F-F-F-F-F-F-F-F-F-F-F-F-F-F-F-F-F-F,202,1,False,False
539,G-G-G-G-G-G-G-G-G-G-G-G-G-B-B-B-B-B-B-B-B-B-B,202,1,False,True
540,G-Wa-Wa-Wa-Wa-Wa-Wa-Wa-Wa-Wa-Wa-Wa-Wa-Wa-Wa-Wa-Wa-Wa-Wa-Wa-Wa-Wa-Wa,201,1,False,True
541,Sp-Sp-Sp-Sp-Sp-Sp-Sp-Sp-Sp-Sp-Sp-Sp-Sp-Sp-Sp-Sp-Sp-Sp-Sp-U-U-U-U,200,1,False,True
542,F-Sh-Sh-Sh-Sh-Sh-Sh-Sh-Sh-Sh-Sh-Sh-Sh-Sh-F-F-F-F-F-F-F-F-F,200,2,False,True
543,F-F-Wt-Wt-A-A-A-A-A-A-A-A-A-A-A-A-A-A-A-A-A-A-A,199,2,False,True
544,F-F-F-F-F-F-F-Sh-Sh-Sh-Sh-Sh-Sh-Sh-Sh-Sh-F-F-F-F-F-F-F,199,2,False,True
545,B-B-B-B-G-G-G-G-G-G-G-G-G-G-G-G-G-G-G-G-G-G-G,198,1,False,True
546,Wa-Wa-Wa-Wa-Wa-Wa-Wa-Wa-Wa-Wa-G-G-G-G-G-G-G-G-G-G-G-G-G,197,1,False,False
547,Sh-Sh-Sh-Sh-Sh-Sh-Sh-Sh-Sh-Sh-Sh-Sh-Sh-Sh-Sh-Sh-Sh-Sh-Sh-Sh-Sh-A-A,197,1,False,False
548,Sp-Sp-B-B-B-B-B-B-B-B-B-B-B-B-B-B-B-B-B-B-Sp-Sp-Sp,197,2,False,True
549,F-A-A-A-A-A-A-A-A-A-A-A-A-A-A-A-F-F-F-F-F-F-F,195,2,False,True
550,A-A-A-A-A-A-A-A-A-A-A-A-A-A-A-A-A-A-A-Sh-Sh-Sh-Sh,193,1,False,True
551,Sh-Sh-Sh-Sh-Sh-G-G-G-G-G-G-G-G-G-G-G-G-G-G-G-G-G-G,192,1,False,True
552,A-A-A-A-A-A-A-A-A-A-A-A-A-Wt-Wt-Wt-Wt-Wt-Wt-Wt-Wt-Wt-Wt,190,1,False,False
553,Wa-Wa-Wa-Wa-Wa-Wa-Wa-Wa-Wa-Wa-Wa-Wa-Wa-Wt-Wt-Wt-Wt-Wt-Wt-Wt-Wt-Wt-Wt,190,1,False,False
554,Wa-Wa-Wa-Wa-Wa-Wa-Wa-Wa-Wa-Wa-Sh-Sh-Sh-Sh-Sh-Sh-Sh-Sh-Sh-Sh-Sh-Sh-Sh,189,1,False,True
555,F-F-F-F-F-F-F-F-F-F-F-F-F-F-G-G-G-G-G-G-G-G-G,189,1,False,True
556,G-Sh-Sh-Sh-Sh-Sh-Sh-Sh-Sh-Sh-Sh-Sh-Sh-Sh-Sh-Sh-Sh-Sh-Sh-Sh-Sh-Sh-Sh,188,1,False,False
557,Sh-Sh-Sh-Sh-Sh-Sh-Sh-Sh-Sh-Sh-Sh-Sh-Sh-Sh-Sh-Sh-Sh-Sh-Sh-Sh-Sh-Sh-G,188,1,False,False
558,F-F-F-Sh-Sh-Sh-Sh-Sh-Sh-Sh-Sh-Sh-Sh-Sh-F-F-F-F-F-F-F-F-F,188,2,False,True
559,F-F-F-Sp-Sp-Sp-Sp-Sp-Sp-Sp-Sp-Sp-Sp-Sp-Sp-Sp-Sp-Sp-Sp-Sp-Sp-Sp-Sp,187,1,False,True
560,Sp-Sp-Sp-Sp-Sp-Sp-Sp-Sp-Sp-Sp-Sp-Sp-G-G-G-G-G-G-G-G-G-G-G,187,1,False,False
561,Sp-Sp-Sp-Sp-Sp-Sp-Sp-Sp-Sp-Sp-Sp-Sp-Sp-Sp-Sp-Sp-Sp-Sp-Sp-Sp-Sp-Sp-B,186,1,False,True
562,B-B-B-B-B-B-B-B-B-B-B-G-G-G-G-G-G-G-G-G-G-G-G,185,1,False,False
563,Wa-Wa-Wa-G-G-G-G-G-G-G-G-G-G-G-G-G-G-G-G-G-G-G-G,185,1,False,True
564,Sh-Sh-Sh-Sh-Sh-Sh-Sh-Sh-Sh-G-G-G-G-G-G-G-G-G-G-G-G-G-G,185,1,False,True
565,Wa-Wa-Wa-Wa-Wa-Wa-Wa-Wa-Wa-Wa-Wa-Wa-G-G-G-G-G-G-G-G-G-G-G,184,1,False,False
566,Sp-Sp-Sp-Sp-Sp-Sp-Sp-Sp-Sp-Sp-B-B-B-B-B-B-B-B-B-Sp-Sp-Sp-Sp,183,2,False,True
567,B-B-B-B-B-B-B-B-B-B-B-B-B-B-B-B-B-B-A-A-A-A-A,182,1,False,False
568,F-Sh-Sh-Sh-Sh-Sh-Sh-Sh-Sh-Sh-Sh-Sh-Sh-Sh-Sh-Sh-Sh-Sh-A-A-A-A-A,182,2,False,True
569,Wa-Wa-Wa-Wa-Wa-Wa-Wa-Wa-Wa-Wa-Wa-Wa-Wa-Wa-Wt-Wt-Wt-Wt-Wt-Wt-Wt-Wt-Wt,181,1,False,False
570,Wt-Wa-Wa-Wa-Wa-Wa-Wa-Wa-Wa-Wa-Wa-Wa-Wa-Wa-Wa-Wa-Wa-Wa-Wa-Wa-Wa-Wa-Wa,180,1,False,True
571,Sp-Sp-Sp-Sp-Sp-Sp-Sp-Sp-Sp-Sp-Sp-Sp-Sp-Sp-Sp-Sp-Sp-Sp-Sp-Sp-Sp-Sp-G,179,1,False,False
572,Wa-Wa-Wa-Wa-Wa-Wa-Wa-A-A-A-A-A-A-A-A-A-A-A-A-A-A-A-A,179,1,False,False
573,Wa-Wa-Wt-Wt-Wt-Wt-Wt-Wt-Wt-Wt-Wt-Wt-Wt-Wt-Wt-Wt-Wt-Wa-Wa-Wa-Wa-Wa-Wa,178,2,False,False
574,Sp-Sp-Wa-Wa-Wa-Wa-Wa-Wa-Wa-Wa-Wa-Wa-Wa-Wa-Wa-Wa-Wa-Wa-Wa-Wa-Wa-Wa-Wa,178,1,False,False
575,F-F-F-F-F-F-F-F-F-F-F-F-F-F-F-F-F-F-Sp-Sp-Sp-Sp-Sp,177,1,False,True
576,F-F-Sh-Sh-Sh-Sh-Sh-Sh-Sh-Sh-Sh-Sh-Sh-Sh-Sh-Sh-Sh-Sh-F-F-F-F-F,177,2,False,False
577,G-G-F-F-F-F-F-F-F-F-F-F-F-F-F-F-F-F-F-F-F-F-F,177,1,False,False
578,Sh-Sh-Sh-Sh-Sh-Sh-Sh-Sh-Sh-Sh-Sh-Sh-Sh-Sh-Sh-Sh-Sh-Sh-Sh-Wa-Wa-Wa-Wa,176,1,False,True
579,F-F-F-F-F-F-F-F-F-F-F-F-F-F-F-F-G-G-G-G-G-G-G,175,1,False,True
580,Wt-Wt-Wt-Wt-Wt-Wt-Wt-Wt-Wt-Wt-Wt-Wt-Wt-Wt-Wt-Wt-Wt-Wt-Wt-Wt-Wt-Wt-Sh,175,1,False,False
581,B-B-B-B-B-B-B-B-B-B-B-B-B-B-B-B-B-U-U-U-U-U-U,174,1,False,True
582,A-A-A-A-A-A-A-A-A-A-A-A-A-A-A-A-Wa-Wa-Wa-Wa-Wa-Wa-Wa,173,1,False,True
583,Sh-Sh-Sh-G-G-G-G-G-G-G-G-G-G-G-G-G-G-G-G-G-G-G-G,172,1,False,True
584,F-F-F-F-F-A-A-A-A-A-A-A-A-A-A-A-F-F-F-F-F-F-F,171,2,False,True
585,B-B-B-B-B-B-B-B-B-G-G-G-G-G-G-G-G-G-G-G-G-G-G,170,1,False,True
586,B-B-B-B-B-B-B-B-B-B-B-B-Wa-Wa-Wa-Wa-Wa-Wa-Wa-Wa-Wa-Wa-Wa,169,1,False,False
587,G-G-G-G-G-G-G-G-G-G-G-G-G-G-G-G-G-G-G-B-B-B-B,168,1,False,True
588,F-F-F-F-F-F-F-Sp-Sp-Sp-Sp-Sp-Sp-Sp-Sp-Sp-Sp-Sp-Sp-Sp-Sp-Sp-Sp,168,1,False,True
589,F-F-F-F-F-F-F-F-F-F-F-F-F-F-F-F-F-F-F-F-F-F-G,166,1,False,False
590,Wa-Wa-Wa-Wa-Wa-Wa-G-G-G-G-G-G-G-G-G-G-G-G-G-G-G-G-G,166,1,False,True
591,F-Wt-Wt-A-A-A-A-A-A-A-A-A-A-A-A-A-A-A-A-A-A-A-A,165,2,False,False
592,Sh-Sh-U-U-U-U-U-U-U-U-U-U-U-U-U-U-U-U-U-U-U-U-U,164,1,False,True
593,F-F-F-F-F-Sh-Sh-Sh-Sh-Sh-Sh-Sh-Sh-Sh-Sh-Sh-Sh-Sh-Sh-F-F-F-F,164,2,False,True
594,F-F-F-Wa-Wa-Wa-Wa-Wa-Wa-Wa-Wa-Wa-Wa-Wa-Wa-Wa-Wa-Wa-Wa-Wa-Wa-Wa-Wa,160,1,False,True
595,Wa-Wa-Wa-Wa-Wa-Wa-Wa-Wa-Wa-A-A-A-A-A-A-A-A-A-A-A-A-A-A,160,1,False,False
596,Wt-Wt-Wt-Wt-Wt-Wt-Wt-Wt-Wt-Wt-Wt-Wt-Wt-Wt-Wt-Wt-Wt-Wt-Wt-Wt-Wa-Wa-Wa,159,1,False,True
597,Sh-Sh-Sh-Sh-Sh-Sh-Sh-Sh-Sh-Sh-Sh-Sh-Sh-Sh-Sh-U-U-U-U-U-U-U-U,158,1,False,True
598,Sp-G-G-G-G-G-G-G-G-G-G-G-G-G-G-G-Sp-Sp-Sp-Sp-Sp-Sp-Sp,158,2,False,False
599,Sh-Sh-Sh-Sh-Sh-Sh-Sh-Sh-Sh-Sh-Sh-Sh-Sh-Sh-Sh-Sh-Sh-G-G-G-G-G-G,158,1,False,False
600,G-G-G-G-G-G-G-G-G-G-G-G-B-B-B-B-B-B-B-B-B-B-B,158,1,False,True
601,Wt-Wt-Sh-Sh-Sh-Sh-Sh-Sh-Sh-Sh-Sh-Sh-Sh-Sh-Sh-Sh-Sh-Sh-Sh-Sh-Sh-Sh-Sh,157,1,False,True
602,Sp-B-B-B-B-B-B-B-B-B-B-B-B-B-B-B-Sp-Sp-Sp-Sp-Sp-Sp-Sp,156,2,False,True
603,G-G-G-G-G-G-G-G-G-G-G-G-G-G-G-G-G-G-Sh-Sh-Sh-Sh-Sh,156,1,False,False
604,Wa-Wa-Wa-Wa-Wa-Wa-Wa-Wa-Wa-Wa-Wa-G-G-G-G-G-G-G-G-G-G-G-G,155,1,False,False
605,Sp-Sp-Sp-Sp-Sp-Sp-Sp-Sp-Sp-Sp-Sp-Sp-Sp-Sp-Sp-Sp-Sp-Sp-Sh-Sh-Sh-Sh-Sh,155,1,False,True
606,F-F-F-F-F-F-F-F-Sp-Sp-Sp-Sp-Sp-Sp-Sp-Sp-Sp-Sp-Sp-Sp-Sp-Sp-Sp,154,1,False,True
607,F-F-F-F-F-F-F-F-F-F-Sp-Sp-Sp-Sp-Sp-Sp-Sp-Sp-Sp-Sp-Sp-Sp-Sp,153,1,False,True
608,F-Sh-Sh-Sh-Sh-Sh-Sh-Sh-Sh-A-A-A-A-A-A-A-A-A-A-A-A-A-A,152,2,False,True
609,Wa-Wa-Wa-Wa-Wa-Wa-Wa-Wa-Wa-Wa-Wa-Wa-B-B-B-B-B-B-B-B-B-B-B,152,1,False,False
610,B-B-B-B-B-B-B-B-B-A-A-A-A-A-A-A-A-A-A-A-A-A-A,152,1,False,False
611,F-F-F-B-B-B-B-B-B-B-B-B-B-B-B-B-B-B-B-B-B-B-B,151,1,False,True
612,Wa-Wa-Wa-Wa-Wa-G-G-G-G-G-G-G-G-G-G-G-G-G-G-G-G-G-G,151,1,False,False
613,A-A-A-A-A-A-A-A-Sh-Sh-Sh-Sh-Sh-Sh-Sh-Sh-F-F-F-F-F-F-F,150,2,False,False
614,F-F-F-F-B-B-B-B-B-B-B-B-B-B-B-B-B-B-B-B-B-B-B,150,1,False,True
615,Sh-Sh-Sh-Sp-Sp-Sp-Sp-Sp-Sp-Sp-Sp-Sp-Sp-Sp-Sp-Sp-Sp-Sp-Sp-Sp-Sp-Sp-Sp,149,1,False,True
616,F-F-F-F-F-F-F-F-Sh-Sh-Sh-Sh-Sh-Sh-Sh-Sh-F-F-F-F-F-F-F,148,2,False,True
617,Sp-B-B-B-B-B-B-B-B-B-B-B-B-B-B-B-B-B-B-Sp-Sp-Sp-Sp,146,2,False,True
618,Wa-A-A-A-A-A-A-A-A-A-A-A-A-A-A-A-A-A-A-A-A-A-A,146,1,False,False
619,G-G-G-G-G-G-F-F-F-F-F-F-F-F-F-F-F-F-F-F-F-F-F,144,1,False,False
620,F-F-F-F-F-F-F-F-F-F-F-F-G-G-G-G-G-G-G-G-G-G-G,144,1,False,True
621,Sh-Sh-Sh-Sh-Sh-Sh-Sh-Sh-Sh-Sh-Sh-Sh-Sh-Sh-Sh-Sh-Sh-Sh-Sh-Sh-G-G-G,143,1,False,False
622,Sp-Sp-Sp-Sp-Sp-Sp-Sp-Sp-Sp-Sp-Sp-Sp-Sp-Sp-Sp-Sp-Sp-U-U-U-U-U-U,143,1,False,True
623,F-F-F-F-F-F-Sh-Sh-Sh-Sh-Sh-Sh-Sh-Sh-Sh-Sh-F-F-F-F-F-F-F,143,2,False,True
624,A-A-A-A-A-A-A-A-A-A-G-G-G-G-G-G-G-G-G-G-G-G-G,142,1,False,False
625,F-F-F-F-F-F-F-F-F-F-F-F-F-F-F-F-F-F-F-F-F-F-U,142,1,False,True
626,F-F-F-F-F-F-F-Sh-Sh-Sh-Sh-Sh-Sh-Sh-Sh-Sh-Sh-F-F-F-F-F-F,142,2,False,True
627,F-F-F-F-Sh-Sh-Sh-Sh-Sh-Sh-Sh-Sh-Sh-Sh-Sh-Sh-Sh-Sh-Sh-Sh-Sh-Sh-F,141,2,False,True
628,Sp-Wa-Wa-Wa-Wa-Wa-Wa-Wa-Wa-Wa-Wa-Wa-Wa-Wa-Wa-Wa-Wa-Wa-Wa-Wa-Wa-Wa-Wa,141,1,False,False
629,Sh-Sh-Sh-Sh-Sh-Sh-Sh-Sh-Sh-Sh-Sh-Sh-Sh-Sh-Wa-Wa-Wa-Wa-Wa-Wa-Wa-Wa-Wa,140,1,False,True
630,Wa-Wa-Wa-Wa-Wa-B-B-B-B-B-B-B-B-B-B-B-B-B-B-B-B-B-B,139,1,False,False
631,F-F-F-F-F-F-F-F-Wt-Wt-Wt-Wt-Wt-Wt-Wt-Wt-Wt-Wt-Wt-F-F-F-F,139,2,False,True
632,G-G-G-G-G-F-F-F-F-F-F-F-F-F-F-F-F-F-F-F-F-F-F,138,1,False,False
633,G-G-G-G-G-G-G-G-Wa-Wa-Wa-Wa-Wa-Wa-Wa-Wa-Wa-Wa-Wa-Wa-Wa-Wa-Wa,137,1,False,False
634,Sp-Sp-B-B-B-B-B-B-B-B-B-B-B-B-B-B-B-B-Sp-Sp-Sp-Sp-Sp,136,2,False,True
635,G-G-Wa-Wa-Wa-Wa-Wa-Wa-Wa-Wa-Wa-Wa-Wa-Wa-Wa-Wa-Wa-Wa-Wa-Wa-Wa-Wa-Wa,136,1,False,True
636,G-G-G-G-G-G-G-G-G-G-G-G-G-G-B-B-B-B-B-B-B-B-B,135,1,False,True
637,F-F-F-F-F-F-F-Sh-Sh-Sh-Sh-Sh-Sh-Sh-Sh-Sh-Sh-Sh-A-A-A-A-A,134,2,False,True
638,F-F-F-F-F-F-F-F-F-F-F-F-U-U-U-U-U-U-U-U-U-U-U,134,1,False,True
639,F-F-F-F-F-F-Sh-Sh-Sh-Sh-Sh-Sh-Sh-Sh-Sh-Sh-Sh-Sh-Sh-F-F-F-F,133,2,False,True
640,Wt-Wt-Wt-Wt-Wt-Wt-Wt-Wt-Wt-Wt-Wt-Wt-Wt-Wt-Wt-Wt-Wt-Wt-Wt-Wt-Wt-F-F,133,1,False,True
641,Wa-Wa-Wa-Wa-Wa-Wa-Wa-Wa-Wa-Wa-Wa-Wa-Wa-Wa-Wa-Wa-Wa-Wa-G-G-G-G-G,131,1,False,False
642,F-F-F-F-F-Sh-Sh-Sh-Sh-Sh-Sh-Sh-Sh-Sh-Sh-Sh-Sh-F-F-F-F-F-F,131,2,False,True
643,F-F-F-F-F-F-F-Wa-Wa-Wa-Wa-Wa-Wa-Wa-Wa-Wa-Wa-Wa-Wa-Wa-Wa-Wa-Wa,130,1,False,True
644,G-G-G-F-F-F-F-F-F-F-F-F-F-F-F-F-F-F-F-F-F-F-F,130,1,False,True
645,G-G-G-G-G-G-G-G-G-G-G-G-G-G-G-G-G-G-G-Sh-Sh-Sh-Sh,129,1,False,True
646,G-G-G-G-G-G-Sh-Sh-Sh-Sh-Sh-Sh-Sh-Sh-Sh-Sh-Sh-Sh-Sh-Sh-Sh-Sh-Sh,129,1,False,False
647,F-A-A-A-A-A-A-A-A-A-A-A-A-A-A-A-A-A-A-F-F-F-F,128,2,False,True
648,F-F-F-Sh-Sh-Sh-Sh-Sh-Sh-Sh-Sh-Sh-Sh-Sh-Sh-Sh-Wt-Wt-Wt-Wt-Wt-Wt-Wt,128,2,False,False
649,Wa-Wa-Wt-Wt-Wt-Wt-Wt-Wt-Wt-Wt-Wt-Wt-Wt-Wt-Wt-Wt-Wa-Wa-Wa-Wa-Wa-Wa-Wa,127,2,False,True
650,Sp-Sp-B-B-B-B-B-B-B-B-B-B-B-B-B-B-B-B-B-G-G-G-G,127,2,False,True
651,F-F-F-F-Sh-Sh-Sh-Sh-Sh-Sh-Sh-Sh-Sh-Sh-Sh-Sh-Sh-Sh-F-F-F-F-F,127,2,False,True
652,F-Sh-Sh-Sh-Sh-Sh-Sh-Sh-A-A-A-A-A-A-A-A-A-A-A-A-A-A-A,125,2,False,True
653,F-F-F-F-F-F-Sp-Sp-Sp-Sp-Sp-Sp-Sp-Sp-Sp-Sp-Sp-Sp-Sp-Sp-Sp-Sp-Sp,125,1,False,False
654,Wa-F-F-F-F-F-F-F-F-F-F-F-F-F-F-F-F-F-F-F-F-F-F,125,1,False,True
655,G-G-G-G-G-G-G-G-G-G-G-G-G-F-F-F-F-F-F-F-F-F-F,124,1,False,True
656,B-B-B-B-B-B-B-B-B-B-B-B-B-G-G-G-G-G-G-G-G-G-G,123,1,False,False
657,F-F-F-F-F-F-F-F-F-F-F-U-U-U-U-U-U-U-U-U-U-U-U,123,1,False,True
658,Sh-Sh-Sh-Sh-Sh-Sh-A-A-A-A-A-A-A-A-A-A-F-F-F-F-F-F-F,122,2,False,False
659,G-G-G-G-G-G-G-G-G-G-G-G-G-A-A-A-A-A-A-A-A-A-A,120,1,False,False
660,F-F-F-F-F-F-F-F-F-F-F-F-F-F-Wt-Wt-Wt-Wt-Wt-Wt-Wt-Wt-Wt,119,1,False,True
661,Sp-B-B-B-B-B-B-B-B-B-B-B-B-B-B-B-B-B-Sp-Sp-Sp-Sp-Sp,119,2,False,True
662,F-F-F-F-Sp-Sp-Sp-Sp-Sp-Sp-Sp-Sp-Sp-Sp-Sp-Sp-Sp-Sp-Sp-Sp-Sp-Sp-Sp,119,1,False,True
663,Wa-Wa-G-G-G-G-G-G-G-G-G-G-G-G-G-G-G-G-G-G-G-G-G,119,1,False,False
664,F-F-Wa-Wa-Wa-Wa-Wa-Wa-Wa-Wa-Wa-Wa-Wa-Wa-Wa-Wa-Sh-Sh-Sh-Sh-Sh-Sh-Sh,119,2,False,False
665,Sp-Sp-Sp-Sp-Sp-Sp-Sp-Sp-Sp-B-B-B-B-B-B-B-B-B-B-Sp-Sp-Sp-Sp,118,2,False,True
666,Sp-Sp-Sp-Sp-Sp-Sp-Sp-Sp-A-A-A-A-A-A-A-A-A-A-A-A-A-A-A,118,1,False,False
667,F-F-F-Wt-Wt-Wt-Wt-Wt-Wt-Wt-F-F-F-F-F-F-F-F-F-F-F-F-F,118,2,False,True
668,F-F-F-F-F-F-Sh-Sh-Sh-Sh-Sh-Sh-Sh-Sh-Sh-Sh-Sh-Sh-F-F-F-F-F,117,2,False,False
669,Wa-Wa-Wa-Wa-Wa-Wa-Wa-Wa-Wa-Wa-Wa-Wa-Wa-Wa-Wa-Wa-Sh-Sh-Sh-Sh-Sh-Sh-Sh,117,1,False,False
670,F-F-F-F-Sh-Sh-Sh-Sh-Sh-Sh-Sh-Sh-Sh-Sh-Sh-Sh-Sh-Sh-A-A-A-A-A,116,2,False,True
671,F-F-F-F-F-F-F-F-F-F-F-F-F-F-F-F-F-F-F-A-Sh-Sh-Sh,116,2,False,True
672,Sp-Sp-Sp-Sp-Sp-Sp-Sp-Sp-Sp-Sp-Sp-Sp-Sp-Sp-Sp-Sp-B-B-Sp-Sp-Sp-Sp-Sp,116,2,False,True
673,Wt-Wt-Wt-Wt-Wt-Wt-Wt-Wt-Sh-Sh-Sh-Sh-Sh-Sh-Sh-Sh-Sh-Sh-Sh-Sh-Sh-Sh-Sh,115,1,False,True
674,G-G-G-G-G-G-G-G-G-G-G-A-A-A-A-A-A-A-A-A-A-A-A,115,1,False,False
675,F-Sh-Sh-Sh-Sh-Sh-Sh-Sh-Sh-Sh-Sh-F-F-F-F-F-F-F-F-F-F-F-F,114,2,False,True
676,A-A-A-A-A-A-A-A-A-A-A-A-A-A-A-A-A-A-A-G-G-G-G,113,1,False,False
677,Wa-Wa-Sp-Sp-Sp-Sp-Sp-Sp-Sp-Sp-Sp-Sp-Sp-Sp-Sp-Sp-Sp-Sp-Sp-Sp-Sp-Sp-Sp,113,1,False,True
678,F-A-A-A-A-A-A-A-A-A-A-A-A-A-F-F-F-F-F-F-F-F-F,112,2,False,True
679,F-F-F-F-A-A-A-A-A-A-A-A-A-A-A-A-A-A-A-F-F-F-F,112,2,False,True
680,B-B-B-B-B-B-B-B-B-B-B-B-B-Wa-Wa-Wa-Wa-Wa-Wa-Wa-Wa-Wa-Wa,111,1,False,False
681,Sp-Sp-Sp-Sp-Sp-Sp-Sp-Sp-Sp-Sp-Sp-Sp-F-F-F-F-F-F-F-F-F-F-F,110,1,False,False
682,B-B-B-B-B-B-B-B-B-B-A-A-A-A-A-A-A-A-A-A-A-A-A,109,1,False,False
683,G-G-G-G-G-G-G-G-G-G-G-F-F-F-F-F-F-F-F-F-F-F-F,109,1,False,True
684,Sp-Sp-Sp-Sp-Sp-Sp-Sp-Sp-Sp-Sp-Sp-Sp-Sp-B-B-B-B-B-B-Sp-Sp-Sp-Sp,109,2,False,True
685,B-B-B-B-B-B-B-B-B-B-B-B-B-B-B-B-B-B-B-A-A-A-A,109,1,False,False
686,F-F-Sh-Sh-Sh-Sh-Sh-Sh-Sh-Sh-Sh-Sh-Sh-Sh-Sh-Sh-Sh-Sh-Sh-F-F-F-F,108,2,False,True
687,Sp-Sp-Sp-B-B-B-B-B-B-B-B-B-B-B-B-B-B-B-B-Sp-Sp-Sp-Sp,108,2,False,True
688,F-F-Sh-Sh-Sh-Sh-Sh-Sh-Sh-Sh-Sh-Sh-Sh-Sh-F-F-F-F-F-F-F-F-F,107,2,False,True
689,B-B-B-B-B-B-B-B-B-B-B-B-B-B-B-B-B-A-A-A-A-A-A,106,1,False,False
690,G-G-G-G-G-G-G-G-G-G-G-G-G-G-G-G-G-G-B-B-B-B-B,106,1,False,True
691,F-F-F-Sh-Sh-Sh-Sh-Sh-Sh-Sh-A-A-A-A-A-A-A-A-A-A-A-A-A,106,2,False,True
692,Sp-Sp-F-F-F-F-F-F-F-F-F-F-F-F-F-F-F-F-F-F-F-F-F,106,1,False,True
693,Sp-Sp-Sp-Sp-Sp-G-G-G-G-G-G-G-G-G-G-G-Sp-Sp-Sp-Sp-Sp-Sp-Sp,105,2,False,False
694,B-B-B-B-B-B-B-B-B-B-G-G-G-G-G-G-G-G-G-G-G-G-G,105,1,False,True
695,Wt-Wt-Wt-Wt-Wt-Wt-Wt-Wt-Wt-Wt-Wt-Wt-Wt-Wt-Wt-Wt-Wt-Wt-Wt-Wt-A-A-A,104,1,False,True
696,Sp-Sp-Sp-Sp-Sp-Sp-Sp-Sp-Sp-Sp-F-F-F-F-F-F-F-F-F-F-F-F-F,104,1,False,True
697,Sp-Sp-Sp-Sp-Sp-Sp-Sp-Sp-Sp-Sp-Sp-Sp-Sp-Sp-Sp-Sp-Sp-Sp-Sp-Sp-Sp-Sp-F,103,1,False,True
698,F-F-F-F-F-F-U-U-U-U-U-U-U-U-U-U-U-U-U-U-U-U-U,102,1,False,True
699,Sp-Sp-Sp-Sp-Sp-Sp-Sp-Sp-Sp-Sp-Sp-Sp-Sp-Sp-Sp-Sp-Sp-Sp-Sp-A-A-A-A,102,1,False,False
700,Wt-Wt-Wt-Wt-Wt-Wt-Wt-Wa-Wa-Wa-Wa-Wa-Wa-Wa-Wa-Wa-Wa-Wa-Wa-Wa-Wa-Wa-Wa,102,1,False,True
701,F-F-F-Sh-Sh-Sh-Sh-Sh-Sh-Sh-Sh-Sh-Sh-Sh-Sh-Sh-Sh-Sh-A-A-A-A-A,101,2,False,True
702,Sp-Sp-Sp-Sp-Sp-Sp-Sp-Sp-Sp-Sp-Sp-Sp-Sp-G-G-G-G-G-G-G-G-G-G,101,1,False,True
703,F-F-F-F-A-A-A-A-A-A-A-A-A-A-A-A-A-Wt-Wt-Wt-Wt-Wt-Wt,101,2,False,False
704,Sp-Sp-Sp-Sp-Sp-Sp-Sp-Sp-Sp-Sp-Sp-Sp-Sp-Sp-Sp-Sp-Sp-Sp-Sp-Sp-Sp-Sp-U,101,1,False,True
705,F-F-F-F-F-Wa-Wa-Wa-Wa-Wa-Wa-Wa-Wa-Wa-Wa-Wa-Wa-Wa-Wa-Wa-Wa-Wa-Wa,100,1,False,True
706,F-F-F-F-F-F-F-F-F-F-F-F-F-F-F-F-Sp-Sp-Sp-Sp-Sp-Sp-Sp,100,1,False,False
707,Sp-Sp-Sp-Sp-Sp-Sp-Sp-Sp-Sp-Sp-Sp-Sp-Sp-Sp-Sp-Sp-Sp-F-F-F-F-F-F,99,1,False,True
708,F-Wt-Wt-Wt-Wt-A-A-A-A-A-A-A-A-A-A-A-A-A-A-A-A-A-A,99,2,False,False
709,A-Wa-Wa-Wa-Wa-Wa-Wa-Wa-Wa-Wa-Wa-Wa-Wa-Wa-Wa-Wa-Wa-Wa-Wa-Wa-Wa-Wa-Wa,99,1,False,True
710,F-Sh-Sh-Sh-Sh-Sh-Sh-A-A-A-A-A-A-A-A-A-A-A-A-A-A-A-A,98,2,False,True
711,Sh-Sh-Sh-Sh-Sh-Sh-Sh-Sh-Sh-Sh-Sh-Sh-Sh-Sh-Sh-Sh-Sh-Wa-Wa-Wa-Wa-Wa-Wa,98,1,False,True
712,Sp-Sp-Sp-F-F-F-F-F-F-F-F-F-F-F-F-F-F-F-F-F-F-F-F,98,1,False,True
713,Wa-Wa-Wa-Wa-Wa-Wa-Wa-Wa-G-G-G-G-G-G-G-G-G-G-G-G-G-G-G,97,1,False,False
714,Wa-Wa-Wa-Wa-Wa-Wa-Wa-Wa-Wa-Wa-Wa-Wa-Wa-Wa-Wa-Wa-Wa-Wa-B-B-B-B-B,97,1,False,False
715,Wa-Wa-Wa-Wa-Wa-Wa-Wa-Wa-Wa-Wa-Wa-Wa-Wa-Wa-Wa-Wa-Wa-Wa-Wa-Wa-G-G-G,97,1,False,False
716,Sp-Sp-Sp-Sp-Sp-Sp-Sp-Sp-Sp-Sp-Sp-Sp-Sp-Sp-Sp-Sp-Sp-Sp-Sp-Sp-Sp-F-F,96,1,False,False
717,F-F-Sh-Sh-Sh-Sh-Sh-Sh-Sh-A-A-A-A-A-A-A-A-A-A-A-A-A-A,96,2,False,True
718,F-F-A-A-A-A-A-A-A-A-A-A-A-A-A-A-F-F-F-F-F-F-F,96,2,False,True
719,Sh-F-F-F-F-F-F-F-F-F-F-F-F-F-F-F-F-F-F-Sh-Sh-Sh-Sh,95,2,False,False
720,F-F-F-Sh-Sh-Sh-Sh-Sh-Sh-Sh-Sh-Sh-Sh-Sh-Sh-Sh-Sh-Sh-Sh-Sh-Sh-Sh-F,95,2,False,True
721,B-G-G-G-G-G-G-G-G-G-G-G-G-G-G-G-G-G-G-G-G-G-G,95,1,False,True
722,F-F-F-F-F-F-F-F-F-U-U-U-U-U-U-U-U-U-U-U-U-U-U,95,1,False,True
723,F-F-F-F-F-F-F-F-F-Sp-Sp-Sp-Sp-Sp-Sp-Sp-Sp-Sp-Sp-Sp-Sp-Sp-Sp,95,1,False,True
724,F-F-F-A-A-A-A-A-A-A-A-A-A-A-A-A-A-A-A-F-F-F-F,95,2,False,True
725,F-F-F-A-A-A-A-A-A-A-A-A-A-A-A-A-Wt-Wt-Wt-Wt-Wt-Wt-Wt,95,2,False,False
726,F-F-F-A-A-A-A-A-A-A-A-A-A-A-F-F-F-F-F-F-F-F-F,95,2,False,True
727,Sh-Sh-Sh-Sh-Sh-Sh-Sh-Sh-Sh-Sh-Sh-Sh-Sh-Sh-Sh-Sh-Sh-Sp-Sp-Sp-Sp-Sp-Sp,94,1,False,False
728,Sp-Sp-Sp-Sp-Sp-Sp-Sp-Sp-Sp-Sp-Sp-Sp-Sp-Sp-Sp-Sp-Sp-Sp-Sp-Sp-Sp-G-G,94,1,False,False
729,Sp-Sp-Sp-B-B-B-B-B-B-B-B-B-B-B-B-B-Sp-Sp-Sp-Sp-Sp-Sp-Sp,94,2,False,True
730,F-F-F-F-F-F-F-F-F-F-F-F-F-F-F-F-F-F-F-F-F-U-U,93,1,False,True
731,F-Sh-Sh-Sh-Sh-Sh-Sh-Sh-Sh-Sh-Sh-Sh-Sh-Sh-Sh-Sh-Sh-Sh-Sh-Sh-Sh-Sh-F,93,2,False,True
732,F-F-F-F-F-F-F-Sh-Sh-Sh-Sh-Sh-Sh-Sh-Sh-Sh-Sh-Sh-Sh-A-A-A-A,93,2,False,True
733,G-G-G-G-G-G-G-G-G-A-A-A-A-A-A-A-A-A-A-A-A-A-A,93,1,False,False
734,Wt-Wt-Wt-Wa-Wa-Wa-Wa-Wa-Wa-Wa-Wa-Wa-Wa-Wa-Wa-Wa-Wa-Wa-Wa-Wa-Wa-Wa-Wa,93,1,False,True
735,F-F-F-F-F-F-F-F-Sh-Sh-Sh-Sh-Sh-Sh-Sh-Sh-Sh-Sh-Sh-Sh-Sh-Sh-F,93,2,False,True
736,F-F-Wt-Wt-Wt-Wt-Wt-Wt-Wt-Wt-F-F-F-F-F-F-F-F-F-F-F-F-F,92,2,False,False
737,F-F-F-Sh-A-A-A-A-A-A-A-A-A-A-A-A-A-A-A-A-A-A-A,92,2,False,False
738,Wt-Wt-Wt-Wt-Wt-Wt-Wt-Wt-Wt-Wt-Wt-Wt-Wt-Wa-Wa-Wa-Wa-Wa-Wa-Wa-Wa-Wa-Wa,92,1,False,False
739,F-Wt-Wt-Wt-Wt-Wt-Wt-Wt-Wt-Wt-Wt-Wt-Wt-Wt-F-F-F-F-F-F-F-F-F,92,2,False,True
740,Sp-Sp-Sp-Sp-Sp-Sp-Sp-Sp-Sp-Sp-Sp-Sp-Sp-Sp-Sp-Sp-B-B-B-B-Sp-Sp-Sp,92,2,False,True
741,Wa-Wa-Wa-Wa-Wa-Wa-Wa-Wa-Wa-Wa-Wa-Wa-A-A-A-A-A-A-A-A-A-A-A,92,1,False,False
742,F-F-F-F-Sh-Sh-Sh-Sh-Sh-Sh-A-A-A-A-A-A-A-A-A-A-A-A-A,92,2,False,True
743,F-Wt-Wt-Wt-Wt-Wt-Wt-Wt-Wt-Wt-Wt-Wt-Wt-Wt-Wt-Wt-Wa-Wa-Wa-Wa-Wa-Wa-Wa,92,2,False,False
744,F-F-F-F-F-F-F-F-F-F-F-Sp-Sp-Sp-Sp-Sp-Sp-Sp-Sp-Sp-Sp-Sp-Sp,91,1,False,False
745,B-B-B-B-B-B-B-B-B-B-B-B-B-B-B-B-B-B-B-B-A-A-A,91,1,False,False
746,F-F-F-F-F-F-F-B-B-B-B-B-B-B-B-B-B-B-B-B-B-B-B,91,1,False,True
747,F-F-F-F-F-F-F-F-F-F-F-F-F-F-F-F-F-F-F-F-F-G-G,91,1,False,False
748,Wa-Wa-Wa-Wa-Wa-Wa-Wa-Wa-Wa-Wa-Wa-A-A-A-A-A-A-A-A-A-A-A-A,91,1,False,False
749,B-B-B-B-B-B-B-B-B-B-B-B-B-B-A-A-A-A-A-A-A-A-A,90,1,False,False
750,Wt-Wt-Wt-Wt-A-A-A-A-A-A-F-F-F-F-F-F-F-F-F-F-F-F-F,90,2,False,False
751,Sh-F-F-F-F-F-F-F-F-F-F-F-F-F-F-F-A-A-A-A-A-A-A,90,2,False,False
752,F-F-F-F-F-F-F-F-B-B-B-B-B-B-B-B-B-B-B-B-B-B-B,89,1,False,True
753,G-G-G-G-G-G-G-G-G-G-G-G-G-G-G-G-G-G-G-G-G-G-A,89,1,False,False
754,G-G-G-G-G-G-G-G-G-G-G-G-G-G-G-G-G-G-G-G-G-G-U,89,1,False,True
755,F-A-A-A-A-A-A-A-A-A-A-A-A-A-A-A-A-A-F-F-F-F-F,88,2,False,True
756,B-B-B-B-B-B-B-B-B-B-B-Wa-Wa-Wa-Wa-Wa-Wa-Wa-Wa-Wa-Wa-Wa-Wa,88,1,False,True
757,Sh-Sh-Sh-Sh-F-F-F-F-F-F-F-F-F-F-F-F-F-F-Sh-Sh-Sh-Sh-Sh,88,2,False,True
758,B-B-B-B-B-B-B-B-B-B-B-B-B-B-Wa-Wa-Wa-Wa-Wa-Wa-Wa-Wa-Wa,88,1,False,True
759,Sp-B-B-B-B-B-B-B-B-B-B-B-B-B-B-B-B-B-B-B-Sp-Sp-Sp,88,2,False,True
760,Wt-Wt-Wt-Wt-Wt-Wt-Wt-Wt-Wt-Wt-Wt-Wt-Wt-Wt-Wt-Wt-Wt-Wt-Wt-Wt-Wt-G-G,87,1,False,True
761,Sh-Sh-Sh-Sh-Sh-Sh-Sh-Sh-Sh-Sh-Sh-Sh-Sh-Sh-Sh-Sh-G-G-G-G-G-G-G,87,1,False,False
762,Wt-Wt-Wt-Wt-Wt-Wt-Wt-Wt-Wt-Wt-Wt-Wt-Wa-Wa-Wa-Wa-Wa-Wa-Wa-Wa-Wa-Wa-Wa,87,1,False,True
763,F-F-Sh-Sh-Sh-Sh-Sh-Sh-Sh-Sh-A-A-A-A-A-A-A-A-A-A-A-A-A,87,2,False,True
764,G-G-G-A-A-A-A-A-A-A-A-A-A-A-A-A-A-A-A-A-A-A-A,87,1,False,False
765,Sp-B-B-B-B-B-B-B-Sp-Sp-Sp-Sp-Sp-Sp-Sp-Sp-Sp-Sp-Sp-Sp-Sp-Sp-Sp,87,2,False,False
766,Wa-Wa-Wa-Wa-Wa-Wa-Wa-Wa-Wa-Wa-Wa-Wa-Wa-Wa-Wa-Wa-Wa-Wa-Wa-Wa-Sh-Sh-Sh,87,1,False,False
767,F-Wt-Wt-Wt-Wt-Wt-Wt-F-F-F-F-F-F-F-F-F-F-F-F-F-F-F-F,86,2,False,False
768,Sh-Sh-Sh-Sh-Sh-Sh-Sh-Sh-Sh-Sh-Sp-Sp-Sp-Sp-Sp-Sp-Sp-Sp-Sp-Sp-Sp-Sp-Sp,86,1,False,True
769,Sh-Sh-Sh-Wa-Wa-Wa-Wa-Wa-Wa-Wa-Wa-Wa-Wa-Wa-Wa-Wa-Wa-Wa-Wa-Wa-Wa-Wa-Wa,86,1,False,True
770,F-F-F-F-F-F-F-F-F-F-U-U-U-U-U-U-U-U-U-U-U-U-U,86,1,False,True
771,F-F-F-F-F-Sh-Sh-Sh-Sh-Sh-Sh-Sh-Sh-Sh-Sh-Sh-Sh-Sh-Sh-Sh-Sh-Sh-F,86,2,False,True
772,Wt-Wt-Wt-Wt-Wt-Wa-Wa-Wa-Wa-Wa-Wa-Wa-Wa-Wa-Wa-Wa-Wa-Wa-Wa-Wa-Wa-Wa-Wa,85,1,False,True
773,Sh-Sh-Sh-Sh-Sh-Sh-Sh-Sh-Sh-Sh-Sh-Sh-Sh-Sh-Sh-Sh-Sh-Sh-Sh-Wt-Wt-Wt-Wt,85,1,False,True
774,F-F-Wt-Wt-Wt-A-A-A-A-A-A-A-A-A-A-A-A-A-A-A-A-A-A,85,2,False,True
775,Sp-Sp-Sp-Sp-B-B-B-B-B-B-B-B-B-B-B-B-B-B-B-Sp-Sp-Sp-Sp,85,2,False,False
776,F-F-F-F-F-A-A-A-A-A-A-A-A-A-A-A-A-A-A-F-F-F-F,85,2,False,True
777,F-F-F-Sh-Sh-Sh-Sh-Sh-Sh-Sh-Sh-Sh-Sh-A-A-A-A-A-A-A-A-A-A,84,2,False,True
778,Sp-Sp-B-B-B-B-B-B-B-B-B-B-B-B-B-B-B-B-B-B-B-Sp-Sp,84,2,False,False
779,G-G-G-G-G-G-G-G-G-G-G-G-G-G-G-G-G-G-A-A-A-A-A,83,1,False,False
780,Sh-Sh-Sh-Sh-Sh-Sh-Sh-Sh-Sh-Sh-Sh-Sh-Sh-Sh-Sh-Sh-Sh-Wt-Wt-Wt-Wt-Wt-Wt,83,1,False,True
781,F-F-F-Sh-Sh-Sh-Sh-Sh-Sh-A-A-A-A-A-A-A-A-A-A-A-A-A-A,82,2,False,True
782,F-F-F-F-F-F-F-F-F-F-F-F-F-F-F-F-F-F-F-Sp-Sp-Sp-Sp,81,1,False,False
783,B-B-B-B-B-B-B-B-B-B-B-B-A-A-A-A-A-A-A-A-A-A-A,81,1,False,False
784,Wt-Wt-Wt-Sh-Sh-Sh-Sh-Sh-Sh-Sh-Sh-Sh-Sh-Sh-Sh-Sh-Sh-Sh-Sh-Sh-Sh-Sh-Sh,81,1,False,True
785,Sh-Sh-Sh-Sh-F-F-F-F-F-F-F-F-F-F-F-F-A-A-A-A-A-A-A,81,2,False,False
786,Wa-Wa-Wa-Wa-Wa-Wa-Wa-Wa-Wa-Wa-Wa-Wa-Wa-Wa-Wa-Wa-B-B-B-B-B-B-B,81,1,False,False
787,Wt-Wt-Wt-Wt-Wt-Sh-Sh-Sh-Sh-Sh-Sh-Sh-Sh-Sh-Sh-Sh-Sh-Sh-Sh-Sh-Sh-Sh-Sh,81,1,False,True
788,F-F-F-Sh-Sh-Sh-Sh-Sh-Sh-Sh-Sh-Sh-Sh-Sh-Sh-Sh-Sh-Sh-Sh-Sh-F-F-F,81,2,False,True
789,F-F-F-F-F-F-F-F-F-F-F-F-Sp-Sp-Sp-Sp-Sp-Sp-Sp-Sp-Sp-Sp-Sp,81,1,False,True
790,F-F-F-F-Sh-Sh-Sh-Sh-Sh-Sh-Sh-Sh-Sh-Sh-Sh-Sh-A-A-A-A-A-A-A,81,2,False,True
791,Sh-Wa-Wa-Wa-Wa-Wa-Wa-Wa-Wa-Wa-Wa-Wa-Wa-Wa-Wa-Wa-Wa-Wa-Wa-Wa-Wa-Wa-Wa,80,1,False,False
792,F-F-F-F-F-F-F-F-F-Sh-Sh-Sh-Sh-Sh-Sh-Sh-F-F-F-F-F-F-F,80,2,False,True
793,F-F-F-F-F-F-F-F-F-F-F-F-Wa-Wa-Wa-Wa-Wa-Wa-Wa-Wa-Wa-Wa-Wa,80,1,False,True
794,Wa-Wa-Wa-Wa-B-B-B-B-B-B-B-B-B-B-B-B-B-B-B-B-B-B-B,80,1,False,True
795,G-G-G-Sh-Sh-Sh-Sh-Sh-Sh-Sh-Sh-Sh-Sh-Sh-Sh-Sh-Sh-Sh-Sh-Sh-Sh-Sh-Sh,79,1,False,False
796,Sh-Sh-Sh-Sh-F-F-F-F-F-F-F-F-F-F-F-F-Sh-Sh-Sh-Sh-Sh-Sh-Sh,79,2,False,False
797,F-F-F-F-F-F-F-A-A-A-A-A-A-A-A-A-A-A-F-F-F-F-F,79,2,False,True
798,Sp-Sp-Sp-Sp-Sp-Sp-Sp-Sp-Sp-Sp-Sp-Sp-Sp-Sp-Sp-Sp-Sp-Sp-Sp-Sp-B-B-B,78,1,False,False
799,F-Wt-Wt-Wt-Wt-Wt-Wt-Wt-Wt-Wt-Wt-Wt-Wt-Wt-Wt-Wt-F-F-F-F-F-F-F,78,2,False,True
800,Wa-Wa-Wa-Wt-Wt-Wt-Wt-Wt-Wt-Wt-Wt-Wt-Wt-Wt-Wt-Wt-Wa-Wa-Wa-Wa-Wa-Wa-Wa,78,2,False,False
801,G-G-G-G-G-G-G-G-G-G-G-G-G-G-G-G-Wt-Wt-Wt-Wt-Wt-Wt-Wt,77,1,False,False
802,F-F-F-F-F-F-F-F-F-F-F-F-F-F-F-F-F-G-G-G-G-G-G,77,1,False,True
803,Wa-Wa-Wa-Wa-Wa-Wa-Wa-Wa-Wa-Wa-Wa-Wa-Wa-Wa-Wa-Wa-Wa-Wa-Wa-Sp-Sp-Sp-Sp,77,1,False,True
804,Sp-Sp-Sp-Sp-Sp-Sp-Sp-Sp-Sp-Sp-Sp-Sp-Sp-Sp-Sp-Sp-Sp-Sp-Sp-Wa-Wa-Wa-Wa,77,1,False,False
805,Sp-G-G-G-G-G-G-G-G-G-G-G-G-G-G-G-G-G-G-Sp-Sp-Sp-Sp,76,2,False,False
806,Sp-Sp-Sp-Sp-Sp-Sp-Sp-Sp-Sp-Sp-Sp-Sp-Sp-Sp-Wa-Wa-Wa-Wa-Wa-Wa-Wa-Wa-Wa,76,1,False,True
807,Sh-Sh-Sh-Sh-Sh-Sp-Sp-Sp-Sp-Sp-Sp-Sp-Sp-Sp-Sp-Sp-Sp-Sp-Sp-Sp-Sp-Sp-Sp,76,1,False,False
808,G-G-G-G-G-G-G-G-G-G-G-G-G-G-G-G-G-A-A-A-A-A-A,75,1,False,False
809,Sh-Sh-Sh-Sh-F-F-F-F-F-F-F-F-F-F-F-F-F-F-F-F-F-F-Wt,75,2,False,False
810,F-F-Sh-Sh-Sh-Sh-Sh-Sh-A-A-A-A-A-A-A-A-A-A-A-A-A-A-A,74,2,False,True
811,G-G-G-G-G-G-G-G-G-G-G-G-G-G-A-A-A-A-A-A-A-A-A,74,1,False,False
812,G-G-G-G-G-G-G-G-G-G-G-G-G-Wt-Wt-Wt-Wt-Wt-Wt-Wt-Wt-Wt-Wt,74,1,False,False
813,F-F-F-F-F-F-F-F-A-A-A-A-A-A-A-A-A-A-A-F-F-F-F,74,2,False,True
814,F-F-F-F-F-Sh-Sh-Sh-Sh-Sh-Sh-Sh-Sh-Sh-Sh-Sh-Sh-Sh-F-F-F-F-F,74,2,False,True
815,F-Sh-Sh-Sh-Sh-Sh-Sh-Sh-Sh-Sh-Sh-Sh-Sh-F-F-F-F-F-F-F-F-F-F,73,2,False,True
816,A-A-A-A-A-A-A-A-A-A-A-A-A-A-Wa-Wa-Wa-Wa-Wa-Wa-Wa-Wa-Wa,73,1,False,True
817,F-F-F-F-F-F-F-F-Sh-Sh-Sh-Sh-Sh-Sh-Sh-Sh-Sh-Sh-A-A-A-A-A,73,2,False,True
818,Sp-B-B-B-B-B-Sp-Sp-Sp-Sp-Sp-Sp-Sp-Sp-Sp-Sp-Sp-Sp-Sp-Sp-Sp-Sp-Sp,73,2,False,False
819,G-G-G-Wa-Wa-Wa-Wa-Wa-Wa-Wa-Wa-Wa-Wa-Wa-Wa-Wa-Wa-Wa-Wa-Wa-Wa-Wa-Wa,73,1,False,True
820,Sh-Sh-Sh-Sh-Sh-Sh-Sh-Sh-Sh-Sh-Sh-Sh-Sh-G-G-G-G-G-G-G-G-G-G,73,1,False,True
821,F-F-F-Sh-Sh-Sh-Sh-Sh-Sh-Sh-Sh-Sh-Sh-Sh-Sh-Sh-Sh-Sh-Sh-A-A-A-A,72,2,False,True
822,F-F-F-F-F-F-F-F-F-F-F-F-F-F-F-U-U-U-U-U-U-U-U,72,1,False,True
823,F-F-Wa-Wa-Wa-Wa-Wa-Wa-Wa-Wa-Wa-Wa-Wa-Wa-Wa-Wa-B-B-B-B-B-B-B,72,2,False,False
824,F-F-F-F-F-F-F-F-F-F-F-F-F-G-G-G-G-G-G-G-G-G-G,72,1,False,True
825,Sp-G-G-G-G-G-G-G-G-G-G-Sp-Sp-Sp-Sp-Sp-Sp-Sp-Sp-Sp-Sp-Sp-Sp,72,2,False,False
826,F-F-F-F-F-F-F-F-F-F-Sh-Sh-Sh-Sh-Sh-Sh-F-F-F-F-F-F-F,72,2,False,True
827,B-B-B-B-B-B-B-B-B-B-B-B-B-B-B-B-B-B-B-Sh-Sh-Sh-Sh,72,1,False,True
828,Sh-Sh-Sh-Sh-Sh-Sh-Sh-Sh-Sh-Sh-Sh-Sh-Sh-Sh-Sh-Sh-F-F-Sh-Sh-Sh-Sh-Sh,71,2,False,True
829,F-F-F-F-F-F-F-F-U-U-U-U-U-U-U-U-U-U-U-U-U-U-U,71,1,False,True
830,G-G-G-G-G-A-A-A-A-A-A-A-A-A-A-A-A-A-A-A-A-A-A,71,1,False,False
831,Wa-Wa-Wa-Wa-Wa-Wa-Wa-Wa-Wa-Wa-Wa-Wa-Wa-Wa-Wa-Wa-Wa-Wa-F-F-F-F-F,70,1,False,False
832,F-F-A-A-A-A-A-A-A-A-A-A-A-A-F-F-F-F-F-F-F-F-F,70,2,False,True
833,Sp-B-B-B-B-B-B-B-B-B-B-B-B-B-B-B-B-B-B-B-B-B-Sp,70,2,False,False
834,F-F-F-F-F-F-F-F-F-F-Sh-Sh-Sh-Sh-Sh-Sh-Sh-Sh-Sh-Sh-Sh-Sh-F,70,2,False,True
835,B-B-B-B-B-B-G-G-G-G-G-G-G-G-G-G-G-G-G-G-G-G-G,69,1,False,True
836,F-F-F-F-F-F-F-F-F-Wa-Wa-Wa-Wa-Wa-Wa-Wa-Wa-Wa-Wa-Wa-Wa-Wa-Wa,69,1,False,True
837,A-A-A-A-A-A-A-A-A-A-Sp-Sp-Sp-Sp-Sp-Sp-Sp-Sp-Sp-Sp-Sp-Sp-Sp,69,1,False,False
838,A-A-A-A-A-A-A-A-A-A-A-A-A-A-A-A-A-Wa-Wa-Wa-Wa-Wa-Wa,69,1,False,False
839,Sp-Sp-Sp-Sp-Sp-Sp-Sp-Sp-F-F-F-F-F-F-F-F-F-F-F-F-F-F-F,69,1,False,False
840,Sp-Sp-Sp-Sp-Sp-Sp-Sp-Sp-Sp-Sp-Sp-Sp-Sp-F-F-F-F-F-F-F-F-F-F,68,1,False,False
841,Wt-Wt-Wt-Wt-Wt-Wt-Wt-Wt-Wt-Wa-Wa-Wa-Wa-Wa-Wa-Wa-Wa-Wa-Wa-Wa-Wa-Wa-Wa,68,1,False,True
842,Wt-Wt-Wt-Wt-Wa-Wa-Wa-Wa-Wa-Wa-Wa-Wa-Wa-Wa-Wa-Wa-Wa-Wa-Wa-Wa-Wa-Wa-Wa,68,1,False,True
843,B-B-B-B-B-G-G-G-G-G-G-G-G-G-G-G-G-G-G-G-G-G-G,67,1,False,False
844,F-F-F-F-F-F-F-F-Sh-Sh-Sh-Sh-Sh-Sh-Sh-Sh-Sh-Sh-Sh-Sh-F-F-F,67,2,False,True
845,Sh-Sh-Wa-Wa-Wa-Wa-Wa-Wa-Wa-Wa-Wa-Wa-Wa-Wa-Wa-Wa-Wa-Wa-Wa-Wa-Wa-Wa-Wa,67,1,False,False
846,Sp-Sp-B-B-B-B-B-B-B-B-B-B-B-B-B-B-G-G-G-G-G-G-G,67,2,False,False
847,F-F-F-F-F-A-A-A-A-A-A-A-A-A-A-A-A-F-F-F-F-F-F,66,2,False,True
848,F-F-F-F-F-Sh-Sh-Sh-Sh-Sh-Sh-Sh-Sh-Sh-Sh-Sh-Sh-Sh-A-A-A-A-A,66,2,False,True
849,G-G-G-G-Wa-Wa-Wa-Wa-Wa-Wa-Wa-Wa-Wa-Wa-Wa-Wa-Wa-Wa-Wa-Wa-Wa-Wa-Wa,66,1,False,False
850,F-F-F-F-F-Sh-Sh-Sh-Sh-Sh-Sh-Sh-Sh-Sh-Sh-Sh-Sh-Sh-Sh-Sh-F-F-F,66,2,False,True
851,F-F-F-F-F-F-F-F-F-F-F-F-F-F-F-F-F-Sp-Sp-Sp-Sp-Sp-Sp,66,1,False,False
852,F-F-F-F-Sh-Sh-Sh-Sh-Sh-Sh-Sh-Sh-Sh-Sh-Sh-Sh-Sh-A-A-A-A-A-A,65,2,False,True
853,Sp-Sp-Sp-Sp-Sp-Sp-Sp-Sp-Sp-Sp-Sp-Sp-Sp-U-U-U-U-U-U-U-U-U-U,64,1,False,True
854,Sp-Sp-Sp-Sp-Sp-Sp-Sp-Sp-Sp-Sp-Sp-Sp-Sp-Sp-Sp-Sp-Sp-B-B-Sp-Sp-Sp-Sp,64,2,False,True
855,F-F-F-F-F-B-B-B-B-B-B-B-B-B-B-B-B-B-B-B-B-B-B,64,1,False,True
856,Sh-Sh-Sh-U-U-U-U-U-U-U-U-U-U-U-U-U-U-U-U-U-U-U-U,64,1,False,True
857,Sp-Sp-Sp-Sp-Sp-Sp-Sp-Sp-Sp-Sp-Sp-Sp-Sp-Sp-Sp-Sp-B-B-B-B-B-B-Sp,64,2,False,True
858,F-Wt-Wt-Wt-A-A-A-A-A-A-A-A-A-A-A-A-A-A-A-A-A-A-A,63,2,False,True
859,F-Sh-Sh-Sh-Sh-Sh-Sh-Sh-Sh-Sh-Sh-A-A-A-A-A-A-A-A-A-A-A-A,63,2,False,True
860,F-F-Sh-Sh-Sh-Sh-Sh-Sh-Sh-Sh-Sh-Sh-Sh-Sh-Sh-Sh-Sh-Sh-Sh-Sh-Sh-Sh-F,63,2,False,True
861,Sp-Sp-Sp-Sp-Sp-Sp-U-U-U-U-U-U-U-U-U-U-U-U-U-U-U-U-U,63,1,False,True
862,F-A-A-A-A-A-A-A-A-A-F-F-F-F-F-F-F-F-F-F-F-F-F,63,2,False,True
863,Wa-Wa-Wa-Wa-Wa-Wa-Wa-Wa-Wa-Wa-Wa-Wa-Wa-Wa-Wa-Wa-Wa-Wa-Wa-Wt-Wt-Wt-Wt,63,1,False,True
864,Sp-Sp-Sp-Sp-Sp-Sp-Sp-Sp-Sp-Sp-Sp-Sp-Sp-Sp-Sp-Sp-Sp-Sp-U-U-U-U-U,62,1,False,False
865,G-G-G-G-G-G-G-G-G-G-G-G-G-G-G-G-G-G-G-G-A-A-A,62,1,False,False
866,F-F-F-F-F-F-F-F-F-F-F-F-F-F-F-F-F-F-F-F-G-G-G,62,1,False,True
867,G-G-G-G-G-G-G-G-G-G-G-Sh-Sh-Sh-Sh-Sh-Sh-Sh-Sh-Sh-Sh-Sh-Sh,62,1,False,True
868,Sh-Sh-Sh-Sh-U-U-U-U-U-U-U-U-U-U-U-U-U-U-U-U-U-U-U,62,1,False,True
869,F-F-F-F-F-F-F-F-F-F-Wt-Wt-Wt-Wt-Wt-Wt-Wt-Wt-Wt-F-F-F-F,61,2,False,False
870,Sh-F-F-F-F-F-F-F-F-F-F-F-F-F-F-F-F-F-F-F-Sh-Sh-Sh,61,2,False,False
871,A-A-A-A-A-A-A-A-Sh-Sh-Sh-Sh-Sh-Sh-F-F-F-F-F-F-F-F-F,60,2,False,False
872,Sh-Sh-Sh-Sh-Sh-Sh-Sh-Sh-Sh-Sh-Sh-G-G-G-G-G-G-G-G-G-G-G-G,60,1,False,True
873,F-F-F-F-F-F-Sh-Sh-Sh-Sh-Sh-Sh-Sh-Sh-Sh-Sh-Sh-Sh-Sh-Sh-F-F-F,60,2,False,True
874,Sp-B-B-B-B-B-B-Sp-Sp-Sp-Sp-Sp-Sp-Sp-Sp-Sp-Sp-Sp-Sp-Sp-Sp-Sp-Sp,60,2,False,False
875,F-F-Wt-Wt-Sh-Sh-Sh-Sh-Sh-Sh-Sh-Sh-Sh-Sh-Sh-Sh-Sh-Sh-Sh-Sh-Sh-Sh-Sh,59,2,False,True
876,F-A-A-A-A-A-A-A-A-A-A-A-A-F-F-F-F-F-F-F-F-F-F,59,2,False,True
877,F-F-F-F-F-F-F-U-U-U-U-U-U-U-U-U-U-U-U-U-U-U-U,59,1,False,True
878,Sh-Sh-F-F-F-F-F-F-F-F-F-F-F-F-F-F-A-A-A-A-A-A-A,58,2,False,False
879,F-F-Wa-Wa-Wa-Wa-Wa-Wa-Wa-Wa-Wa-Wa-Wa-Wa-Wa-Wa-Sp-Sp-Sp-Sp-Sp-Sp-Sp,58,2,False,False
880,Sp-Sp-Sp-Sp-Sp-Sp-F-F-F-F-F-F-F-F-F-F-F-F-F-F-F-F-F,58,1,False,True
881,B-B-B-B-B-B-B-B-B-B-B-B-B-B-B-B-B-B-B-B-F-F-F,58,1,False,True
882,Wt-Wt-Wa-Wa-Wa-Wa-Wa-Wa-Wa-Wa-Wa-Wa-Wa-Wa-Wa-Wa-Wa-Wa-Wa-Wa-Wa-Wa-Wa,58,1,False,True
883,Sp-Sp-B-B-B-B-B-B-B-B-B-B-B-B-B-B-Sp-Sp-Sp-Sp-Sp-Sp-Sp,57,2,False,False
884,Sp-Sp-Sp-Sp-Sp-Sp-Sp-Sp-Sp-Sp-B-B-B-B-B-B-B-B-B-B-B-B-Sp,57,2,False,False
885,F-F-F-F-F-F-F-Sh-Sh-Sh-Sh-Sh-Sh-Sh-Sh-Sh-Sh-Sh-Sh-Sh-Sh-Sh-F,57,2,False,True
886,Sh-Sh-Sp-Sp-Sp-Sp-Sp-Sp-Sp-Sp-Sp-Sp-Sp-Sp-Sp-Sp-Sp-Sp-Sp-Sp-Sp-Sp-Sp,57,1,False,False
887,Wa-Wa-Wa-Wa-Wa-Wa-Wa-Wa-Wa-Wa-Wa-Wa-Wa-Wa-B-B-B-B-B-B-B-B-B,56,1,False,False
888,Sp-Sp-Sp-Sp-Sp-G-G-G-G-G-G-G-G-G-G-G-G-G-G-Sp-Sp-Sp-Sp,56,2,False,True
889,F-F-F-F-F-U-U-U-U-U-U-U-U-U-U-U-U-U-U-U-U-U-U,56,1,False,True
890,G-G-G-G-G-G-G-G-G-G-G-G-G-G-G-G-A-A-A-A-A-A-A,56,1,False,False
891,F-Sh-Sh-Sh-Sh-Sh-Sh-Sh-Sh-Sh-Sh-Sh-A-A-A-A-A-A-A-A-A-A-A,55,2,False,True
892,G-G-G-G-G-G-G-G-G-G-G-G-G-G-Wa-Wa-Wa-Wa-Wa-Wa-Wa-Wa-Wa,55,1,False,False
893,F-F-F-F-Sh-Sh-Sh-Sh-Sh-Sh-Sh-Sh-Sh-A-A-A-A-A-A-A-A-A-A,55,2,False,True
894,Sh-Sh-Sh-Sh-Sh-Sh-Sh-Wa-Wa-Wa-Wa-Wa-Wa-Wa-Wa-Wa-Wa-Wa-Wa-Wa-Wa-Wa-Wa,55,1,False,True
895,Sp-Sp-Sp-Sp-Sp-B-B-B-B-B-B-B-B-B-B-B-B-B-B-Sp-Sp-Sp-Sp,55,2,False,True
896,Sh-Sh-Sh-Sh-F-F-F-F-F-F-F-F-F-F-F-F-F-F-F-F-F-F-Sh,54,2,False,False
897,Wa-Wa-Wa-Wa-Wa-Wa-Wa-Wa-Wa-Wa-Wa-Wa-Wa-Wa-Wa-Wa-Wa-Wa-Wa-Wa-B-B-B,54,1,False,True
898,Sp-Sp-Sp-Sp-Sp-Sp-Sp-Sp-Sp-Sp-Sp-Sp-Sp-Sp-Sp-Sp-Sp-Wa-Wa-Wa-Wa-Wa-Wa,54,1,False,True
899,Sh-Sh-Sh-Wt-Wt-Wt-Wt-Wt-Wt-Wt-Wt-Wt-Wt-Wt-Wt-Wt-Wt-Wt-Wt-Wt-Wt-Wt-Wt,54,1,False,True
900,Sh-Sh-Sh-Sh-Sh-Sh-Sh-Sh-Sh-A-A-A-A-A-A-A-F-F-F-F-F-F-F,54,2,False,True
901,Sh-Sh-Sh-Sh-Sh-Sh-Sh-A-A-A-A-A-A-A-A-A-F-F-F-F-F-F-F,54,2,False,True
902,B-B-B-B-B-B-B-B-B-Wa-Wa-Wa-Wa-Wa-Wa-Wa-Wa-Wa-Wa-Wa-Wa-Wa-Wa,54,1,False,False
903,B-B-B-B-A-A-A-A-A-A-A-A-A-A-A-A-A-A-A-A-A-A-A,53,1,False,False
904,F-U-U-U-U-U-U-U-U-U-U-U-U-U-U-U-U-U-U-U-U-U-U,53,1,False,True
905,G-G-G-G-G-G-G-G-G-G-G-G-Sh-Sh-Sh-Sh-Sh-Sh-Sh-Sh-Sh-Sh-Sh,53,1,False,False
906,F-F-F-F-F-Sp-Sp-Sp-Sp-Sp-Sp-Sp-Sp-Sp-Sp-Sp-Sp-Sp-Sp-Sp-Sp-Sp-Sp,53,1,False,True
907,F-F-Wa-Wa-Wa-Wa-Wa-Wa-Wa-Wa-Wa-Wa-Wa-Wa-Sp-Sp-Sp-Sp-Sp-Sp-Sp-Sp-Sp,53,2,False,False
908,A-A-A-A-A-A-A-Sh-Sh-Sh-Sh-Sh-Sh-Sh-Sh-Sh-F-F-F-F-F-F-F,53,2,False,True
909,Wt-Wt-Wt-Wt-Wt-Wt-Wt-Wt-Wt-Wt-F-F-F-F-F-F-F-F-F-F-F-F-Wt,53,2,False,False
910,Sh-Sh-Sh-Sh-Sh-Sh-Sh-Sh-Sp-Sp-Sp-Sp-Sp-Sp-Sp-Sp-Sp-Sp-Sp-Sp-Sp-Sp-Sp,53,1,False,False
911,F-F-F-F-F-F-Sh-Sh-Sh-Sh-Sh-Sh-Sh-Sh-Sh-Sh-Sh-Sh-Sh-Sh-Sh-Sh-F,53,2,False,True
912,G-G-G-G-G-G-G-G-G-G-G-G-G-U-U-U-U-U-U-U-U-U-U,53,1,False,True
913,F-F-F-F-F-Sh-Sh-Sh-Sh-Sh-Sh-Sh-Sh-Sh-Sh-Sh-Sh-Sh-Sh-A-A-A-A,53,2,False,True
914,Sp-Sp-Sp-B-B-B-B-B-B-B-B-B-B-B-B-B-B-B-Sp-Sp-Sp-Sp-Sp,53,2,False,True
915,Wt-Wt-Wt-Wt-Sp-Sp-Sp-Sp-Sp-Sp-Sp-Sp-Sp-Sp-Sp-Sp-Sp-Sp-Sp-Sp-Sp-Sp-Sp,53,1,False,False
916,Sp-Sp-Sp-Sp-Sp-Sp-Sp-Sp-Sp-Sp-Sp-F-F-F-F-F-F-F-F-F-F-F-F,53,1,False,False
917,Sp-Sp-Sp-Sp-Sp-Sp-Sp-Sp-B-B-B-B-B-B-B-B-B-B-B-Sp-Sp-Sp-Sp,53,2,False,True
918,F-F-F-F-F-F-F-F-F-F-F-Sh-Sh-Sh-Sh-Sh-F-F-F-F-F-F-F,53,2,False,True
919,F-F-Sh-Sh-Sh-Sh-A-A-A-A-A-A-A-A-A-A-A-A-A-A-A-A-A,52,2,False,True
920,G-G-G-G-G-G-G-G-G-G-Sh-Sh-Sh-Sh-Sh-Sh-Sh-Sh-Sh-Sh-Sh-Sh-Sh,52,1,False,False
921,Sh-Sh-Sh-Sh-Sh-Sh-Sh-F-F-F-F-F-F-F-F-F-F-F-F-A-A-A-A,52,2,False,False
922,G-G-G-G-G-G-G-G-G-G-G-G-G-G-G-G-G-B-B-B-B-B-B,52,1,False,True
923,F-F-F-F-F-F-F-F-F-F-F-F-F-F-F-F-F-Wa-Wa-Wa-Wa-Wa-Wa,52,1,False,True
924,Sp-Sp-Sp-Sp-Sp-Sp-Sp-Sp-Sp-Sp-Sp-Sp-Sp-Sp-Sp-Sp-Sp-Sp-Wa-Wa-Wa-Wa-Wa,51,1,False,False
925,Sp-Sp-Sp-Sp-Sp-Sp-Sp-Sp-Sp-Sp-Sp-Sp-Sp-Sp-Sp-Sp-Sp-Sp-Sp-Sp-Sp-U-U,51,1,False,True
926,F-F-F-F-F-F-F-A-A-A-A-A-A-A-A-A-A-A-A-F-F-F-F,51,2,False,True
927,Wt-Wt-Wt-Wt-Wt-Wt-A-A-A-A-F-F-F-F-F-F-F-F-F-F-F-F-F,51,2,False,False
928,F-F-Wt-Wt-Wt-Wt-Wt-Wt-Wt-Wt-Wt-Wt-Wt-Wt-F-F-F-F-F-F-F-F-F,51,2,False,True
929,Sp-Sp-Sp-Sp-Sp-Sp-Sp-Sp-Sp-Sp-A-A-A-A-A-A-A-A-A-A-A-A-A,51,1,False,False
930,Sh-Sh-Sh-Sh-Sh-Sh-F-F-F-F-F-F-F-F-F-F-F-F-Sh-Sh-Sh-Sh-Sh,51,2,False,True
931,G-G-G-G-G-G-G-G-G-G-G-G-G-G-G-G-G-Sh-Sh-Sh-Sh-Sh-Sh,51,1,False,False
932,Sh-Sh-Wt-Wt-Wt-Wt-Wt-Wt-Wt-Wt-Wt-Wt-Wt-Wt-Wt-Wt-Wt-Wt-Wt-Wt-Wt-Wt-Wt,51,1,False,True
933,F-F-F-F-F-F-F-F-F-F-F-F-F-F-F-F-F-U-U-U-U-U-U,51,1,False,True
934,Sh-Sh-Sh-Sh-F-F-F-F-F-F-F-F-F-F-F-F-F-F-F-Sh-Sh-Sh-Sh,51,2,False,False
935,F-F-F-F-F-Sh-Sh-Sh-Sh-Sh-Sh-Sh-Sh-Sh-Sh-Sh-A-A-A-A-A-A-A,51,2,False,True
936,F-F-F-Sh-Sh-Sh-Sh-Sh-Sh-Sh-F-F-F-F-F-F-F-F-F-F-F-F-F,51,2,False,True
937,Sp-Sp-Sp-Wa-Wa-Wa-Wa-Wa-Wa-Wa-Wa-Wa-Wa-Wa-Wa-Wa-Wa-Wa-Wa-Wa-Wa-Wa-Wa,51,1,False,False
938,F-Sh-Sh-Sh-Sh-Sh-Sh-Sh-Sh-Sh-Sh-Sh-Sh-Sh-Sh-Sh-Sh-Sh-Sh-Sh-F-F-F,51,2,False,True
939,Sp-Sp-B-B-B-B-B-B-B-B-B-B-B-B-B-B-B-B-B-B-B-B-Sp,51,2,False,False
940,A-A-A-A-A-A-A-A-A-A-Sh-Sh-Sh-Sh-F-F-F-F-F-F-F-F-F,51,2,False,False
941,Sh-Sh-Sh-Sh-Sh-Sh-Sh-F-F-F-F-F-F-F-F-F-F-F-F-Sh-Sh-Sh-Sh,50,2,False,False
942,G-G-Sh-Sh-Sh-Sh-Sh-Sh-Sh-Sh-Sh-Sh-Sh-Sh-Sh-Sh-Sh-Sh-Sh-Sh-Sh-Sh-Sh,50,1,False,False
943,F-F-F-Sh-Sh-Sh-Sh-Sh-Sh-Sh-Sh-Sh-Sh-Sh-Sh-Sh-Sh-A-A-A-A-A-A,50,2,False,True
944,F-F-F-F-F-F-F-Wt-Wt-Wt-Wt-Wt-Wt-Wt-Wt-Wt-Wt-Wt-Wt-Wt-Wt-A-A,50,2,False,True
945,G-G-G-G-G-G-G-G-G-Sh-Sh-Sh-Sh-Sh-Sh-Sh-Sh-Sh-Sh-Sh-Sh-Sh-Sh,50,1,False,True
946,Wt-Wt-Wt-Wt-Wt-Wt-Wt-F-F-F-F-F-F-F-F-F-F-F-F-F-F-F-Wt,50,2,False,False
947,F-Sh-Sh-Sh-Sh-Sh-Sh-Sh-Sh-Sh-Sh-Sh-Sh-Sh-Sh-Sh-Sh-A-A-A-A-A-A,49,2,False,True
948,F-F-F-Sh-Sh-Sh-Sh-Sh-Sh-Sh-Sh-Sh-A-A-A-A-A-A-A-A-A-A-A,49,2,False,True
949,Sp-G-G-G-G-G-G-G-G-G-G-G-G-G-G-G-G-G-G-G-Sp-Sp-Sp,49,2,False,False
950,G-G-G-G-G-G-G-G-G-G-G-G-G-G-G-G-G-G-G-G-G-U-U,49,1,False,True
951,B-B-B-B-B-B-B-B-B-B-B-B-B-B-B-B-F-F-F-F-F-F-F,49,1,False,True
952,Sh-Sh-Sh-Sh-Sh-Sh-Sp-Sp-Sp-Sp-Sp-Sp-Sp-Sp-Sp-Sp-Sp-Sp-Sp-Sp-Sp-Sp-Sp,49,1,False,False
953,Sp-Sp-Sp-Sp-Sp-Sp-Sp-Sp-Sp-Sp-Sp-Sp-Sp-Sp-Sp-Sp-B-B-B-B-B-Sp-Sp,49,2,False,True
954,F-F-F-F-F-F-F-F-F-F-F-F-F-F-F-F-F-F-F-F-F-Sp-Sp,48,1,False,True
955,A-A-A-A-A-A-A-A-A-A-A-A-A-A-A-A-A-A-A-Wt-Wt-Wt-Wt,48,1,False,True
956,B-B-B-B-B-B-Sp-Sp-Sp-Sp-Sp-Sp-Sp-Sp-Sp-Sp-Sp-Sp-B-B-B-B-B,48,2,False,False
957,Sh-Sh-Sh-F-F-F-F-F-F-F-F-F-F-F-F-F-F-F-F-Sh-Sh-Sh-Sh,48,2,False,False
958,F-F-F-F-F-F-Sh-Sh-Sh-Sh-Sh-Sh-Sh-Sh-Sh-Sh-Sh-Sh-A-A-A-A-A,48,2,False,True
959,Sp-Sp-B-B-B-B-B-B-B-B-B-B-B-B-G-G-G-G-G-G-G-G-G,48,2,False,False
960,Sh-Sh-Sh-Sh-Sh-Sh-Sh-Sh-Sh-Sp-Sp-Sp-Sp-Sp-Sp-Sp-Sp-Sp-Sp-Sp-Sp-Sp-Sp,48,1,False,False
961,Sh-Sh-Sh-Sh-Sh-Sh-Sh-F-F-F-F-F-F-F-F-F-F-F-Sh-Sh-Sh-Sh-Sh,47,2,False,False
962,G-G-G-G-G-G-G-G-G-G-G-G-G-G-G-G-G-G-G-Wa-Wa-Wa-Wa,47,1,False,False
963,G-G-G-G-G-G-G-G-G-G-G-G-G-G-G-G-G-G-G-G-G-B-B,47,1,False,True
964,F-Sh-Sh-Sh-Sh-Sh-Sh-Sh-Sh-F-F-F-F-F-F-F-F-F-F-F-F-F-F,47,2,False,True
965,Sp-Sp-B-B-B-B-B-B-B-B-B-B-B-B-Sp-Sp-Sp-Sp-Sp-Sp-Sp-Sp-Sp,47,2,False,False
966,G-G-G-G-G-Wa-Wa-Wa-Wa-Wa-Wa-Wa-Wa-Wa-Wa-Wa-Wa-Wa-Wa-Wa-Wa-Wa-Wa,47,1,False,False
967,Wt-Wt-Wt-F-F-F-F-F-F-F-F-F-F-F-F-F-F-F-F-Wt-Wt-Wt-Wt,46,2,False,False
968,Sp-Sp-Sp-Sp-Sp-Sp-Sp-Sp-Sp-Sp-Sp-Sp-Sp-Wa-Wa-Wa-Wa-Wa-Wa-Wa-Wa-Wa-Wa,46,1,False,False
969,F-F-Wt-Wt-Wt-Wt-Wt-F-F-F-F-F-F-F-F-F-F-F-F-F-F-F-F,46,2,False,False
970,B-B-B-A-A-A-A-A-A-A-A-A-A-A-A-A-A-A-A-A-A-A-A,46,1,False,False
971,Sp-G-G-G-G-G-G-G-G-G-G-G-G-G-G-G-G-G-G-G-G-Sp-Sp,46,2,False,False
972,A-A-A-Wt-Wt-Wt-Wt-Wt-Wt-Wt-Wt-Wt-Wt-Wt-Wt-Wt-Wt-Wt-Wt-Wt-Wt-Wt-Wt,46,1,False,True
973,A-Sh-Sh-Sh-Sh-Sh-Sh-Sh-A-A-A-A-A-A-A-A-A-A-A-A-A-A-A,46,2,False,True
974,G-G-G-G-G-G-G-G-G-G-G-G-G-G-G-G-G-G-G-G-G-A-A,45,1,False,False
975,F-F-F-F-A-A-A-A-A-A-A-A-A-A-A-A-A-A-Wt-Wt-Wt-Wt-Wt,45,2,False,False
976,F-F-F-F-F-A-A-A-A-A-A-A-A-A-A-A-A-A-Wt-Wt-Wt-Wt-Wt,45,2,False,True
977,F-F-F-F-F-F-F-Sh-Sh-Sh-Sh-Sh-Sh-Sh-Sh-Sh-Sh-Sh-Sh-Sh-F-F-F,45,2,False,True
978,F-F-F-F-F-F-F-F-F-F-F-F-F-F-F-F-F-F-Wa-Wa-Wa-Wa-Wa,45,1,False,False
979,F-F-F-F-A-A-A-A-A-A-A-A-A-A-A-A-A-A-A-A-A-A-F,45,2,False,True
980,A-A-A-A-A-A-A-Sh-Sh-Sh-Sh-Sh-Sh-Sh-Sh-Sh-Sh-Sh-Sh-A-A-A-A,44,2,False,False
981,Wa-Wa-Wa-Wa-Wa-Wa-Wa-Wa-Wa-Wa-Wa-Wa-Wa-Wa-Wa-Wa-Wa-Wa-Sp-Sp-Sp-Sp-Sp,44,1,False,False
982,Sh-Sh-Sh-Sh-Sh-Sh-Sh-Sh-Sh-Sh-Sh-Sh-Sp-Sp-Sp-Sp-Sp-Sp-Sp-Sp-Sp-Sp-Sp,44,1,False,False
983,F-F-A-A-A-A-A-A-A-A-A-A-A-A-A-A-A-A-A-F-F-F-F,44,2,False,True
984,F-F-F-F-F-F-Sh-Sh-Sh-Sh-Sh-Sh-Sh-Sh-Sh-Sh-Sh-Sh-Sh-A-A-A-A,44,2,False,True
985,F-F-F-F-F-F-F-F-F-F-F-F-F-Wa-Wa-Wa-Wa-Wa-Wa-Wa-Wa-Wa-Wa,44,1,False,False
986,F-A-A-A-A-A-A-A-A-A-A-A-A-A-A-A-A-F-F-F-F-F-F,44,2,False,True
987,A-A-A-G-G-G-G-G-G-G-G-G-G-G-G-G-G-G-G-G-G-G-G,43,1,False,False
988,F-F-F-F-F-F-F-F-F-F-F-F-F-F-Sp-Sp-Sp-Sp-Sp-Sp-Sp-Sp-Sp,43,1,False,False
989,Sh-Sh-Sh-Sh-Sh-Sh-Sh-Sh-Sh-Sh-Sh-Sp-Sp-Sp-Sp-Sp-Sp-Sp-Sp-Sp-Sp-Sp-Sp,43,1,False,False
990,F-F-F-F-Sh-Sh-Sh-Sh-Sh-Sh-Sh-Sh-Sh-Sh-Sh-Sh-Sh-Sh-Sh-Sh-F-F-F,43,2,False,True
991,Sh-Sh-Sh-Sh-Sh-Sh-Sh-Sh-Sh-Sh-Sh-Sh-Sh-Sh-Sh-Sh-F-F-F-Sh-Sh-Sh-Sh,43,2,False,True
992,Sp-Sp-Sp-Sp-Sp-Sp-Sp-Sp-Sp-Sp-Sp-Sp-B-B-B-B-B-B-B-Sp-Sp-Sp-Sp,43,2,False,True
993,G-G-G-G-G-G-G-Sp-Sp-Sp-Sp-Sp-Sp-Sp-Sp-Sp-Sp-Sp-Sp-Sh-Sh-Sh-Sh,43,2,False,True
994,Sp-Sp-Sp-Sp-Sp-Sp-Sp-Sp-Sp-Sp-Sp-Sp-Sp-Sp-Sp-Sp-Sp-Sp-Sp-B-B-B-Sp,43,2,False,True
995,Sp-G-G-G-G-G-G-G-G-G-G-G-G-G-G-G-G-G-Sp-Sp-Sp-Sp-Sp,43,2,False,True
996,A-A-A-A-F-F-F-F-F-F-F-F-F-F-F-F-A-A-A-A-A-A-A,42,2,False,False
997,Sp-Sp-Sp-Sp-Sp-Sp-Sp-B-B-B-B-B-B-B-B-B-B-B-B-Sp-Sp-Sp-Sp,42,2,False,True
998,Sp-Sp-Sp-Sp-Sp-Sp-Sp-Sp-Sp-Sp-B-B-B-B-B-B-B-B-Sp-Sp-Sp-Sp-Sp,42,2,False,True
999,B-B-B-G-G-G-G-G-G-G-G-G-G-G-G-G-G-G-G-G-G-G-G,42,1,False,True
1000,Sp-Sp-Sp-Sp-Sp-Sp-B-B-B-B-B-B-B-B-B-B-G-G-G-G-G-G-G,41,2,False,False
1001,Sh-A-A-A-A-A-A-A-A-A-A-A-A-A-A-A-F-F-F-F-F-F-F,41,2,False,True
1002,B-B-B-B-B-A-A-A-A-A-A-A-A-A-A-A-A-A-A-A-A-A-A,41,1,False,False
1003,Wa-Wa-Wa-Wa-Wa-Wa-Wa-B-B-B-B-B-B-B-B-B-B-B-B-B-B-B-B,41,1,False,True
1004,B-B-B-B-B-B-B-B-B-B-B-B-B-B-B-B-B-B-B-F-F-F-F,40,1,False,False
1005,F-F-F-F-F-A-A-A-A-A-A-A-A-A-A-A-A-A-A-A-F-F-F,40,2,False,True
1006,Wt-Wt-Wt-Wt-Sh-Sh-Sh-Sh-Sh-Sh-Sh-Sh-Sh-Sh-Sh-Sh-F-F-F-F-F-F-F,40,2,False,False
1007,F-Wt-Wt-Wt-Wt-Wt-Wt-Wt-Wt-Wt-Wt-Wt-Wt-Wt-Wt-Wt-Wt-Wt-Wt-F-F-F-F,40,2,False,True
1008,F-F-Wa-Wa-Wa-Wa-Wa-Wa-Wa-Wa-Wa-Wa-Wa-Sp-Sp-Sp-Sp-Sp-Sp-Sp-Sp-Sp-Sp,40,2,False,False
1009,Sp-Sp-Sp-Sp-Sp-Sp-B-B-B-B-B-B-B-B-B-B-Sp-Sp-Sp-Sp-Sp-Sp-Sp,40,2,False,False
1010,F-F-F-F-F-F-F-F-F-F-F-F-F-F-F-F-F-F-F-U-U-U-U,39,1,False,True
1011,A-A-A-A-A-A-A-Sh-Sh-Sh-Sh-Sh-Sh-Sh-F-F-F-F-F-F-F-F-F,39,2,False,False
1012,A-A-A-A-A-A-A-A-A-A-A-A-A-A-A-A-Sh-Sh-Sh-Sh-F-F-F,39,2,False,False
1013,Sp-Sp-Sp-Sp-Sp-Sp-Sp-Sp-Sp-Sp-Sp-Sp-Sp-Sp-Sp-Sp-Wt-Wt-Wt-Wt-Wt-Wt-Wt,39,1,False,False
1014,Wa-Wa-Wa-Wa-Wa-Wa-Wa-Wa-Wa-Wa-Wa-Wa-Wa-F-F-F-F-F-F-F-F-F-F,39,1,False,False
1015,G-G-G-G-G-Sp-Sp-Sp-Sp-Sp-Sp-Sp-Sp-Sp-Sp-Sp-Sp-Sp-Sp-Sh-Sh-Sh-Sh,39,2,False,True
1016,F-Sh-Sh-Sh-Sh-Sh-A-A-A-A-A-A-A-A-A-A-A-A-A-A-A-A-A,39,2,False,True
1017,A-A-A-Sp-Sp-Sp-Sp-Sp-Sp-Sp-Sp-Sp-Sp-Sp-Sp-Sp-Sp-Sp-Sp-Sp-Sp-Sp-Sp,39,1,False,False
1018,B-B-B-B-B-B-B-B-B-B-B-B-B-B-B-B-B-B-B-G-Sp-Sp-Sp,39,2,False,True
1019,Sh-Sh-Sh-Sh-Sp-Sp-Sp-Sp-Sp-Sp-Sp-Sp-Sp-Sp-Sp-Sp-Sp-Sp-Sp-Sp-Sp-Sp-Sp,39,1,False,False
1020,Sp-Sp-B-B-B-B-B-B-Sp-Sp-Sp-Sp-Sp-Sp-Sp-Sp-Sp-Sp-Sp-Sp-Sp-Sp-Sp,38,2,False,False
1021,F-F-F-F-Sh-Sh-Sh-Sh-Sh-Sh-Sh-Sh-Sh-Sh-Sh-Sh-Sh-Sh-Sh-Sh-A-A-A,38,2,False,False
1022,Wt-Wt-Wt-Wt-Wt-Wt-Wt-Wt-Wt-Wt-Wt-Wt-Wt-U-U-U-U-U-U-U-U-U-U,38,1,False,False
1023,F-F-F-A-A-A-A-A-A-A-A-A-A-A-A-A-A-A-A-A-A-A-F,38,2,False,True
1024,F-F-F-F-F-F-F-F-F-F-F-F-F-F-F-F-F-F-F-F-Wa-Wa-Wa,38,1,False,True
1025,F-F-F-F-F-F-F-F-F-F-B-B-B-B-B-B-B-B-B-B-B-B-B,38,1,False,True
1026,F-F-F-A-A-A-A-A-A-A-A-A-A-A-A-A-A-A-A-A-F-F-F,38,2,False,True
1027,B-B-B-B-B-B-A-A-A-A-A-A-A-A-A-A-A-A-A-A-A-A-A,38,1,False,False
1028,Sp-Sp-Sp-Sp-Sp-Sp-Sp-Sp-Sp-Sp-Sp-B-B-B-B-B-B-B-B-Sp-Sp-Sp-Sp,38,2,False,True
1029,A-A-A-A-A-A-A-A-A-A-Sh-Sh-Sh-Sh-Sh-Sh-F-F-F-F-F-F-F,38,2,False,False
1030,Sh-Sh-Sh-Sh-Sh-F-F-F-F-F-F-F-F-F-F-F-F-F-F-F-F-F-G,38,2,False,False
1031,A-A-A-A-A-A-A-A-Wa-Wa-Wa-Wa-Wa-Wa-Wa-Wa-Wa-Wa-Wa-Wa-Wa-Wa-Wa,37,1,False,False
1032,F-F-F-F-Sh-Sh-Sh-Sh-Sh-Sh-Sh-Sh-Sh-Sh-Sh-Sh-Sh-Sh-Sh-A-A-A-A,37,2,False,True
1033,Sp-Sp-Sp-Sp-Sp-Sp-Sp-Sp-Sp-Sp-Sp-Sp-Sp-Sp-Sp-Sp-Sp-A-A-A-A-A-A,37,1,False,False
1034,F-F-F-Sh-Sh-Sh-Sh-Sh-Sh-Sh-Sh-Sh-Sh-Sh-Sh-Sh-A-A-A-A-A-A-A,37,2,False,True
1035,Sh-Sh-Sh-Sh-Sh-Sh-Sh-F-F-F-F-F-F-F-F-F-F-A-A-A-A-A-A,37,2,False,False
1036,Sp-Sp-Sp-Sp-Sp-Sp-Sp-Sp-B-B-B-B-B-B-B-B-B-B-Sp-Sp-Sp-Sp-Sp,37,2,False,True
1037,Sp-Sp-Sp-Sp-B-B-B-B-B-B-B-B-B-B-B-B-G-G-G-G-G-G-G,37,2,False,False
1038,Sh-Sh-Sh-Sh-Sh-F-F-F-F-F-F-F-F-F-F-F-F-F-F-F-F-F-Wt,37,2,False,False
1039,Sp-Sp-Sp-Sp-Sp-Sp-Sp-Sp-Sp-Sp-Sp-Sp-U-U-U-U-U-U-U-U-U-U-U,37,1,False,True
1040,F-F-F-F-F-F-F-F-A-A-A-A-A-A-A-A-F-F-F-F-F-F-F,37,2,False,True
1041,F-F-F-F-F-F-A-A-A-A-A-A-A-A-A-A-A-A-A-F-F-F-F,37,2,False,True
1042,Sp-Sp-Sp-Sp-Sp-Sp-B-B-B-B-B-B-B-B-B-B-B-B-B-Sp-Sp-Sp-Sp,37,2,False,False
1043,G-G-G-G-G-G-G-G-G-G-G-G-G-G-G-G-G-U-U-U-U-U-U,37,1,False,False
1044,A-A-A-A-A-A-A-A-A-A-A-A-A-A-A-A-A-A-A-Wa-Wa-Wa-Wa,36,1,False,False
1045,Wt-Wt-Wt-Wt-Sh-Sh-Sh-Sh-Sh-Sh-F-F-F-F-F-F-F-F-F-F-F-F-F,36,2,False,False
1046,B-B-B-B-B-B-B-B-B-B-B-B-B-B-B-B-B-B-B-B-B-G-G,36,1,False,False
1047,Sp-B-B-B-B-B-B-B-B-B-B-B-B-B-B-B-B-B-B-B-B-Sp-Sp,36,2,False,True
1048,Sp-Sp-Sp-Sp-Sp-Sp-Sp-Sp-Sp-Sp-B-B-B-B-B-B-Sp-Sp-Sp-Sp-Sp-Sp-Sp,36,2,False,False
1049,Sh-Sh-Sh-Sh-Sh-Sh-Sh-Sp-Sp-Sp-Sp-Sp-Sp-Sp-Sp-Sp-Sp-Sp-Sp-Sp-Sp-Sp-Sp,36,1,False,False
1050,F-Sh-Sh-Sh-Sh-Sh-Sh-Sh-Sh-Sh-F-F-F-F-F-F-F-F-F-F-F-F-F,36,2,False,True
1051,G-G-G-G-G-G-G-G-G-G-A-A-A-A-A-A-A-A-A-A-A-A-A,36,1,False,False
1052,F-F-F-Sh-Sh-Sh-Sh-Sh-Sh-Sh-Sh-F-F-F-F-F-F-F-F-F-F-F-F,36,2,False,True
1053,Wt-Wt-Wt-Wt-Wt-Wt-Wt-Wt-Wt-Wt-Wt-Wt-Wt-Wt-Wt-Wt-Wt-Wt-Wt-Wt-Wt-Wt-A,36,1,False,True
1054,Wa-Wa-Wa-Wa-Wa-Wa-Wa-Wa-Wa-Wa-Wa-Wa-Wa-Wa-Sp-Sp-Sp-Sp-Sp-Sp-Sp-Sp-Sp,36,1,False,False
1055,A-A-G-G-G-G-G-G-G-G-G-G-G-G-G-G-G-G-G-G-G-G-G,36,1,False,False
1056,Sp-Sp-Sp-Sp-Sp-Sp-Sp-G-G-G-G-G-G-G-G-G-Sp-Sp-Sp-Sp-Sp-Sp-Sp,36,2,False,False
1057,A-A-A-A-A-A-A-A-G-G-G-G-G-G-G-G-G-G-G-G-G-G-G,35,1,False,False
1058,Wt-Wt-Wt-Wt-Wt-Wt-Wt-Sp-Sp-Sp-Sp-Sp-Sp-Sp-Sp-Sp-Sp-Sp-Sp-Sp-Sp-Sp-Sp,35,1,False,False
1059,Sp-Sp-Sp-Sp-Sp-Sp-Sp-Sp-Sp-Sp-Sp-Sp-Sp-Sp-U-U-U-U-U-U-U-U-U,35,1,False,False
1060,Sh-Sh-Sh-Sh-Sh-Sh-Sh-Sh-Sh-A-A-A-A-A-A-A-A-A-A-F-F-F-F,35,2,False,False
1061,Sh-F-F-F-F-F-F-F-Sh-Sh-Sh-Sh-Sh-Sh-Sh-Sh-Sh-Sh-Sh-Sh-Sh-Sh-Sh,35,2,False,False
1062,Sh-F-F-F-F-F-F-F-F-F-F-F-Sh-Sh-Sh-Sh-Sh-Sh-Sh-Sh-Sh-Sh-Sh,35,2,False,False
1063,Sh-Sh-Sh-Sh-Sh-Sh-Sh-Sh-Sh-Sh-Sh-Sh-Sh-Sh-Sh-Sh-F-F-F-F-F-F-Sh,35,2,False,True
1064,G-G-G-G-G-G-G-G-G-G-G-Wa-Wa-Wa-Wa-Wa-Wa-Wa-Wa-Wa-Wa-Wa-Wa,35,1,False,False
1065,Sh-Sh-Sh-Sh-F-F-F-F-F-F-F-F-F-F-F-F-F-Sh-Sh-Sh-Sh-Sh-Sh,35,2,False,False
1066,Sh-Sh-Sh-Sh-Sh-Sh-Sh-Sh-A-A-A-A-A-A-A-A-F-F-F-F-F-F-F,35,2,False,True
1067,Wa-Wa-Wt-Wt-Sh-Sh-Sh-Sh-Sh-Sh-Sh-Sh-Sh-Sh-Sh-Sh-Sh-Sh-Sh-Sh-Sh-Sh-Sh,35,2,False,False
1068,Sp-Sp-Sp-Sp-Sp-Sp-Sp-Sp-Sp-Sp-Sp-Sp-Sp-Sp-Sp-Sp-Sp-Sp-B-B-B-Sp-Sp,35,2,False,False
1069,Sh-Sh-Sh-Sh-Sh-Sh-Sh-Sh-Sh-Sh-Sh-Sh-G-G-G-G-G-G-G-G-G-G-G,35,1,False,True
1070,G-G-G-G-G-G-G-G-G-G-G-G-G-Sh-Sh-Sh-Sh-Sh-Sh-Sh-Sh-Sh-Sh,35,1,False,True
1071,Sh-Sh-Sh-Sh-Sh-F-F-F-F-F-F-F-F-F-F-F-F-F-F-F-F-Wt-Wt,35,2,False,False
1072,Sh-Wt-Wt-Wt-Wt-Wt-Wt-Wt-Wt-Wt-Wt-Wt-Wt-Wt-Wt-Wt-Wt-Wt-Wt-Wt-Wt-Wt-Wt,35,1,False,False
1073,A-A-A-A-A-A-A-A-A-A-A-A-A-A-A-A-Wt-Wt-Wt-F-F-F-F,35,2,False,False
1074,F-F-F-F-F-F-A-A-A-A-A-A-A-A-A-A-A-A-A-A-A-A-F,35,2,False,True
1075,Sp-Sp-Sp-Sp-Sp-Sp-Sp-Sp-B-B-B-B-B-B-B-B-B-B-B-B-B-Sp-Sp,34,2,False,False
1076,Sh-Sh-Sh-Sh-Sh-Sh-Sh-Sh-Sh-Sh-Sh-Sh-Sh-Wa-Wa-Wa-Wa-Wa-Wa-Wa-Wa-Wa-Wa,34,1,False,False
1077,F-A-A-A-A-A-A-A-A-A-A-A-A-A-A-A-A-A-A-A-F-F-F,34,2,False,True
1078,F-F-F-Sh-Sh-Sh-Sh-Sh-Sh-Sh-Sh-A-A-A-A-A-A-A-A-A-A-A-A,34,2,False,True
1079,F-F-F-F-F-F-F-F-F-Sh-Sh-Sh-Sh-Sh-Sh-Sh-Sh-Sh-Sh-Sh-F-F-F,34,2,False,False
1080,Sh-F-F-F-F-F-A-A-A-A-A-A-A-A-A-A-A-A-A-A-A-A-A,34,2,False,False
1081,F-F-Sh-Sh-Sh-Sh-Sh-Sh-Sh-Sh-Sh-Sh-Sh-Sh-Sh-Sh-Sh-Sh-Sh-Sh-Sh-F-F,34,2,False,False
1082,F-F-F-A-A-A-A-A-A-A-F-F-F-F-F-F-F-F-F-F-F-F-F,34,2,False,True
1083,Wt-Wt-Wt-Wt-Wt-Wt-Wt-Wt-Wt-Wt-Wt-Wt-Wt-Wt-U-U-U-U-U-U-U-U-U,34,1,False,True
1084,Sh-Sh-Sh-Sh-Sh-F-F-F-F-F-F-F-F-F-F-F-F-F-F-F-Sh-Sh-Sh,34,2,False,True
1085,Sh-Sh-Sh-F-F-F-F-F-F-F-F-F-F-F-F-F-Sh-Sh-Sh-Sh-Sh-Sh-Sh,34,2,False,False
1086,Sp-Sp-Sp-B-B-B-B-B-B-B-B-B-B-B-B-B-B-B-B-B-Sp-Sp-Sp,34,2,False,True
1087,Sp-Sp-Sp-Sp-B-B-B-B-B-B-B-B-B-B-B-B-B-B-Sp-Sp-Sp-Sp-Sp,34,2,False,False
1088,Sh-Sh-Sh-Sh-Wa-Wa-Wa-Wa-Wa-Wa-Wa-Wa-Wa-Wa-Wa-Wa-Wa-Wa-Wa-Wa-Wa-Wa-Wa,34,1,False,True
1089,Sp-Sp-Sp-Sp-G-G-G-G-G-G-G-G-G-G-G-G-Sp-Sp-Sp-Sp-Sp-Sp-Sp,34,2,False,False
1090,Sp-Sp-Sp-Sp-G-G-G-G-G-G-G-G-G-G-G-G-G-G-Sp-Sp-Sp-Sp-Sp,34,2,False,False
1091,Sh-Sh-Sh-F-F-F-F-F-F-F-F-F-F-F-F-F-F-F-Sh-Sh-Sh-Sh-Sh,33,2,False,True
1092,A-Wt-Wt-Wt-Wt-Wt-Wt-Wt-Wt-Wt-Wt-Wt-Wt-Wt-Wt-Wt-Wt-Wt-Wt-Wt-Wt-Wt-Wt,33,1,False,False
1093,Sp-Sp-Sp-Sp-Sp-F-F-F-F-F-F-F-F-F-F-F-F-F-F-F-F-F-F,33,1,False,False
1094,F-F-F-Sh-Sh-Sh-Sh-Sh-Sh-Sh-Sh-Sh-Sh-Sh-Sh-Sh-Sh-Sh-Sh-Sh-Sh-Sh-A,33,2,False,False
1095,Sp-Sp-Sp-Sp-Sp-Sp-Sp-Sp-Sp-U-U-U-U-U-U-U-U-U-U-U-U-U-U,33,1,False,True
1096,F-F-Sh-Sh-Sh-Sh-Sh-Sh-Sh-Sh-Sh-Sh-Sh-Sh-Sh-Sh-Sh-Sh-Sh-Sh-F-F-F,33,2,False,True
1097,Wa-Wa-Wa-Wa-Wa-Wa-Wa-Wa-Wa-Wa-A-A-A-A-A-A-A-A-A-A-A-A-A,33,1,False,False
1098,Sh-F-F-F-F-F-F-F-F-F-F-F-F-F-F-F-Sh-Sh-Sh-Sh-Sh-Sh-Sh,33,2,False,False
1099,Sp-Sp-Sp-Sp-Sp-B-B-B-B-B-B-B-B-B-B-B-B-B-Sp-Sp-Sp-Sp-Sp,33,2,False,True
1100,G-G-G-G-G-G-G-G-G-G-G-G-G-G-G-G-G-G-G-G-B-B-B,33,1,False,True
1101,Sh-Sh-F-F-F-F-Sh-Sh-Sh-Sh-Sh-Sh-Sh-Sh-Sh-Sh-Sh-Sh-Sh-Sh-Sh-Sh-Sh,33,2,False,False
1102,A-A-A-A-A-A-A-F-F-F-F-F-F-F-F-F-F-A-A-A-A-A-A,33,2,False,False
1103,G-G-G-G-G-G-G-G-G-G-Wa-Wa-Wa-Wa-Wa-Wa-Wa-Wa-Wa-Wa-Wa-Wa-Wa,32,1,False,False
1104,Wt-Wt-Wt-F-F-F-F-F-F-F-F-F-F-F-F-F-Wt-Wt-Wt-Wt-Wt-Wt-Wt,32,2,False,False
1105,F-F-F-F-F-F-F-F-Sh-Sh-Sh-Sh-Sh-Sh-Sh-Sh-Sh-F-F-F-F-F-F,32,2,False,True
1106,Wt-Wt-Wt-Wt-A-A-A-A-A-A-A-A-A-A-A-A-Wt-Wt-Wt-Wt-Wt-Wt-Wt,32,2,False,False
1107,Sp-Sp-B-B-B-B-B-B-B-B-B-B-B-B-B-B-B-Sp-Sp-Sp-Sp-Sp-Sp,32,2,False,False
1108,B-B-B-B-B-B-B-B-B-B-B-B-B-B-Sp-Sp-G-G-G-G-G-G-G,32,2,False,False
1109,A-A-A-A-A-A-A-A-A-A-A-A-A-A-A-A-F-F-F-F-F-F-A,32,2,False,True
1110,A-F-F-F-F-F-F-F-F-F-F-F-F-F-F-F-A-A-A-A-A-A-A,32,2,False,False
1111,B-B-G-G-G-G-G-G-G-G-G-G-G-G-G-G-G-G-G-G-G-G-G,32,1,False,False
1112,Sh-F-F-F-F-F-F-F-F-F-F-F-F-F-F-F-F-F-Sh-Sh-Sh-Sh-Sh,32,2,False,True
1113,Sp-Sp-Sp-Sp-Sp-Sp-Sp-Sp-Sp-B-B-B-B-B-B-B-B-B-Sp-Sp-Sp-Sp-Sp,32,2,False,True
1114,Sp-Sp-Sp-Sp-Sp-Sp-Sp-Sp-U-U-U-U-U-U-U-U-U-U-U-U-U-U-U,32,1,False,True
1115,Sh-Sh-Sh-F-F-F-F-F-F-F-F-F-F-F-F-F-Wt-Wt-Wt-Wt-Wt-Wt-Wt,32,2,False,False
1116,F-Sh-Sh-Sh-Sh-Sh-Sh-Sh-Sh-Sh-Sh-Sh-Sh-A-A-A-A-A-A-A-A-A-A,32,2,False,True
1117,F-F-F-F-F-F-F-F-F-Sh-Sh-Sh-Sh-Sh-Sh-Sh-Sh-F-F-F-F-F-F,32,2,False,False
1118,Sp-G-G-G-G-G-Sp-Sp-Sp-Sp-Sp-Sp-Sp-Sp-Sp-Sp-Sp-Sp-Sp-Sp-Sp-Sp-Sp,32,2,False,False
1119,Wt-Wt-Wt-Wt-Wt-Wt-Wt-G-G-G-G-G-G-G-G-G-G-G-G-G-G-G-G,32,1,False,True
1120,Sh-Sh-Sh-Sh-Sh-Sh-Sh-Sh-Sh-Sh-Sh-Sh-Sh-Sh-Sh-Sh-Sh-Sh-B-B-B-B-B,32,1,False,False
1121,Sh-Sh-Sh-Sh-Sh-Sh-Sh-Sh-Sh-Wa-Wa-Wa-Wa-Wa-Wa-Wa-Wa-Wa-Wa-Wa-Wa-Wa-Wa,32,1,False,True
1122,Wt-Wt-Wt-F-F-F-F-F-F-F-F-F-F-F-F-F-F-F-Wt-Wt-Wt-Wt-Wt,31,2,False,False
1123,B-B-B-B-B-B-B-B-B-B-B-B-B-B-Sp-Sp-Sp-Sp-G-G-G-G-G,31,2,False,False
1124,F-F-F-F-Sh-Sh-Sh-Sh-Sh-Sh-Sh-Sh-Sh-Sh-Sh-Sh-Sh-Sh-Sh-Sh-Sh-F-F,31,2,False,True
1125,Sh-F-F-F-F-F-F-F-F-F-F-F-F-F-F-F-F-Sh-Sh-Sh-Sh-Sh-Sh,31,2,False,False
1126,Sp-Sp-Sp-Sp-Sp-Sp-Sp-U-U-U-U-U-U-U-U-U-U-U-U-U-U-U-U,31,1,False,True
1127,A-Sh-Sh-Sh-Sh-Sh-Sh-Sh-Sh-A-A-A-A-A-A-A-A-A-A-A-A-A-A,31,2,False,False
1128,F-F-F-F-Wt-Wt-Wt-Wt-Wt-Wt-Wt-Wt-Wt-Wt-Wt-Wt-F-F-F-F-F-F-F,31,2,False,True
1129,Sp-Sp-Sp-Sp-Sp-Sp-Sp-Sp-G-G-G-G-G-G-G-G-Sp-Sp-Sp-Sp-Sp-Sp-Sp,31,2,False,True
1130,F-F-F-F-F-F-B-B-B-B-B-B-B-B-B-B-B-B-B-B-B-B-B,31,1,False,False
1131,F-F-F-Sh-Sh-Sh-Sh-Sh-Sh-Sh-Sh-Sh-Sh-F-F-F-F-F-F-F-F-F-F,31,2,False,True
1132,A-Wa-Wa-Wa-Wa-Wa-Wt-Wt-Wt-Wt-Wt-Wt-Wt-Wt-Wt-Wt-Wt-Wt-Wt-Wt-Wt-Wt-Wt,31,2,False,False
1133,F-F-F-Sh-Sh-Sh-Sh-Sh-Sh-Sh-Sh-Sh-Sh-Sh-Sh-Sh-Sh-Sh-Sh-Sh-Sh-F-F,31,2,False,True
1134,G-G-G-G-G-G-G-G-G-G-G-G-G-G-U-U-U-U-U-U-U-U-U,30,1,False,True
1135,F-Sh-Sh-Sh-Sh-Sh-Sh-Sh-Sh-Sh-Sh-Sh-Sh-Sh-A-A-A-A-A-A-A-A-A,30,2,False,True
1136,F-F-F-Wt-Wt-Wt-Wt-Wt-Wt-Wt-Wt-Wt-Wt-F-F-F-F-F-F-F-F-F-F,30,2,False,False
1137,Wt-Wt-Wt-Wt-Wt-Wt-Wt-Wt-Wt-Wt-Wt-Wt-Wt-Wt-Wt-Wt-Wt-Wt-Wt-A-A-A-A,30,1,False,False
1138,Wa-Wa-Wa-Wa-Wa-Wa-Sp-Sp-Sp-Sp-Sp-Sp-Sp-Sp-Sp-Sp-Sp-Sp-Sp-Sp-Wa-Wa-Wa,30,2,False,False
1139,F-F-F-F-F-F-F-F-F-Sh-Sh-Sh-Sh-Sh-Sh-Sh-Sh-Sh-Sh-F-F-F-F,30,2,False,False
1140,A-A-A-A-A-A-A-A-A-F-F-F-F-F-F-F-F-F-A-A-A-A-A,30,2,False,False
1141,A-A-A-A-A-A-A-A-A-A-A-A-A-A-A-A-A-A-Wa-Wa-Wa-Wa-Wa,30,1,False,False
1142,F-F-A-A-A-A-A-A-A-A-A-A-A-A-A-A-A-A-A-A-F-F-F,30,2,False,False
1143,Sh-Sh-Sh-Sh-Sh-Sh-Sh-Sh-Sh-Sh-Sh-Sh-Sh-Sh-G-G-G-G-G-G-G-G-G,30,1,False,False
1144,F-F-F-F-Wt-Wt-Wt-Wt-Wt-Wt-Wt-Wt-Wt-Wt-Wt-Wt-Wt-Wt-Wt-F-F-F-F,30,2,False,True
1145,Wa-Wa-Wa-Wa-Sh-Sh-Sh-Sh-Sh-Sh-Sh-Sh-Sh-Sh-Sh-Sh-Wt-Wt-Wt-Wt-Wt-Wt-Wt,29,2,False,False
1146,F-Sh-Sh-Sh-Sh-Sh-Sh-Sh-Sh-Sh-Sh-Sh-Sh-Sh-Sh-Sh-Sh-Sh-Sh-Sh-Sh-F-F,29,2,False,True
1147,A-A-A-A-A-Sh-Sh-Sh-Sh-Sh-Sh-Sh-Sh-Sh-Sh-Sh-F-F-F-F-F-F-F,29,2,False,False
1148,A-A-A-A-A-A-A-A-A-A-A-A-G-G-G-G-G-G-G-G-G-G-G,29,1,False,False
1149,Sp-G-G-G-G-G-G-Sp-Sp-Sp-Sp-Sp-Sp-Sp-Sp-Sp-Sp-Sp-Sp-Sp-Sp-Sp-Sp,29,2,False,False
1150,A-A-A-A-F-F-F-F-F-F-F-F-F-F-F-F-F-A-A-A-A-A-A,29,2,False,False
1151,Sh-Sh-Sh-Sh-Sh-F-F-F-F-F-F-F-F-F-F-F-Sh-Sh-Sh-Sh-Sh-Sh-Sh,29,2,False,False
1152,F-F-Sh-Sh-Sh-Sh-Sh-A-A-A-A-A-A-A-A-A-A-A-A-A-A-A-A,29,2,False,True
1153,A-A-A-A-A-A-F-F-F-F-F-F-F-F-F-F-F-F-A-A-A-A-A,29,2,False,False
1154,G-G-G-Wa-Wa-Wa-Wa-Wa-Wa-Wa-Wa-Wa-Sp-Sp-Sp-Sp-Sp-Sp-Sp-Sp-Sp-Sp-Sp,29,2,False,False
1155,F-Wt-Wt-Wt-Wt-Wt-Wt-Wt-Wt-Wt-Wt-F-F-F-F-F-F-F-F-F-F-F-F,29,2,False,True
1156,Sh-Sh-Sh-Sh-Sh-Sh-Wa-Wa-Wa-Wa-Wa-Wa-Wa-Wa-Wa-Wa-Wa-Wa-Wa-Wa-Wa-Wa-Wa,29,1,False,True
1157,Wa-Wa-Wa-Wa-Wa-Wa-Wa-Wa-Wa-Wa-Wa-Wa-Wa-A-A-A-A-A-A-A-A-A-A,29,1,False,False
1158,B-B-B-B-B-Sp-Sp-Sp-Sp-Sp-Sp-Sp-Sp-Sp-Sp-Sp-G-G-G-G-G-G-G,29,2,False,False
1159,F-F-F-F-F-Wt-Wt-Wt-Wt-Wt-Wt-Wt-Wt-Wt-Wt-Wt-Wt-Wt-Wt-F-F-F-F,29,2,False,False
1160,F-F-F-F-A-A-A-A-A-A-A-A-A-A-A-A-A-A-A-A-F-F-F,29,2,False,True
1161,A-A-A-A-A-A-A-A-A-A-A-A-A-A-A-A-A-Sh-Sh-F-F-F-F,28,2,False,False
1162,Sp-Sp-Sp-Sp-Sp-Sp-Sp-Sp-Sp-Sp-Sp-U-U-U-U-U-U-U-U-U-U-U-U,28,1,False,True
1163,F-F-F-F-F-F-F-F-F-F-F-F-F-F-F-F-F-F-F-F-Sp-Sp-Sp,28,1,False,False
1164,Sh-Sh-Sh-Sh-F-F-F-F-F-F-F-F-F-F-F-F-F-F-F-F-Sh-Sh-Sh,28,2,False,False
1165,Wt-Wt-Wt-Wt-Wt-Wt-Wt-Sh-Sh-Sh-F-F-F-F-F-F-F-F-F-F-F-F-F,28,2,False,False
1166,F-F-F-F-F-Sh-Sh-Sh-Sh-Sh-Sh-Sh-Sh-Sh-Sh-Sh-Sh-Sh-Sh-Sh-Sh-F-F,28,2,False,True
1167,F-F-F-F-Sh-Sh-Sh-Sh-Sh-Sh-Sh-Sh-A-A-A-A-A-A-A-A-A-A-A,28,2,False,True
1168,Sh-Sh-Sh-Sh-Sh-Sh-F-F-F-F-F-F-F-F-F-F-F-Sh-Sh-Sh-Sh-Sh-Sh,28,2,False,False
1169,F-Sh-Sh-Sh-Sh-Sh-Sh-F-F-F-F-F-F-F-F-F-F-F-F-F-F-F-F,28,2,False,False
1170,F-F-F-Sh-Sh-Sh-Sh-Sh-Sh-Sh-Sh-Sh-Sh-Sh-Sh-Sh-Sh-Sh-Wt-Wt-Wt-Wt-Wt,28,2,False,False
1171,Sp-Sp-Wa-Wa-Wa-Wa-Wa-Wa-Wa-Wa-Wa-Wa-Wa-Wa-Wa-Wa-Wt-Wt-Wt-Wt-Wt-Wt-Wt,28,2,False,False
1172,Sp-Sp-B-B-B-B-B-B-B-B-B-B-B-B-B-B-B-B-B-B-G-G-G,28,2,False,False
1173,A-A-A-A-A-A-A-A-Sh-Sh-Sh-Sh-Sh-Sh-Sh-Sh-Sh-Sh-Sh-Sh-F-F-F,28,2,False,False
1174,F-F-F-F-F-F-A-A-A-A-A-A-A-A-A-A-A-F-F-F-F-F-F,28,2,False,False
1175,Sh-F-F-F-F-F-F-F-F-F-F-A-A-A-A-A-A-A-A-A-A-A-A,28,2,False,False
1176,F-F-Sh-Sh-Sh-Sh-Sh-Sh-Sh-Sh-Sh-Sh-Sh-A-A-A-A-A-A-A-A-A-A,28,2,False,True
1177,F-F-Sh-Sh-Sh-Sh-Sh-Sh-Sh-Sh-Sh-Sh-Sh-Sh-Sh-Sh-Sh-Sh-A-A-A-A-A,28,2,False,True
1178,Wt-Wt-Wt-Wt-Wt-Wt-Wa-Wa-Wa-Wa-Wa-Wa-Wa-Wa-Wa-Wa-Wa-Wa-Wa-Wa-Wa-Wa-Wa,27,1,False,False
1179,F-F-F-F-F-F-Wt-Wt-Wt-Wt-Wt-Wt-Wt-Wt-Wt-Wt-Wt-Wt-Wt-F-F-F-F,27,2,False,True
1180,F-F-F-A-A-A-A-A-A-A-A-A-A-F-F-F-F-F-F-F-F-F-F,27,2,False,True
1181,Sh-Sh-Sh-Sh-Sh-Sh-Sh-Sh-Sh-Sh-Sh-Sh-Sh-Sh-Sh-Sh-Sh-Sh-Sh-Sh-Sh-G-G,27,1,False,False
1182,Sp-Sp-Sp-B-B-B-B-B-B-B-B-B-B-B-B-B-B-B-B-G-G-G-G,27,2,False,True
1183,G-G-G-G-G-G-G-G-G-G-G-G-G-G-G-G-G-G-G-U-U-U-U,27,1,False,False
1184,G-G-G-G-F-F-F-F-F-F-F-F-F-F-F-F-A-A-A-A-A-A-A,27,2,False,False
1185,F-F-F-F-F-F-F-F-F-F-F-F-F-Sp-Sp-Sp-Sp-Sp-Sp-Sp-Sp-Sp-Sp,27,1,False,False
1186,F-F-F-F-F-F-F-F-F-F-F-F-B-B-B-B-B-B-B-B-B-B-B,27,1,False,True
1187,F-F-A-A-A-A-A-A-A-A-A-A-A-F-F-F-F-F-F-F-F-F-F,27,2,False,True
1188,Wt-Wt-Wt-Wt-A-A-A-A-A-A-A-A-A-A-A-A-A-A-A-F-F-F-F,27,2,False,True
1189,F-F-F-F-F-F-A-A-A-A-A-A-A-A-A-A-F-F-F-F-F-F-F,27,2,False,True
1190,G-G-G-G-G-G-G-G-G-G-G-G-G-G-G-G-G-G-Wa-Wa-Wa-Wa-Wa,27,1,False,False
1191,A-Sh-Sh-Sh-Sh-Sh-Sh-A-A-A-A-A-A-A-A-A-A-A-A-A-A-A-A,27,2,False,False
1192,F-Wt-Wt-Wt-Wt-Wt-Wt-Wt-Wt-Wt-Wt-Wt-F-F-F-F-F-F-F-F-F-F-F,26,2,False,False
1193,Sh-Sh-Sh-Sh-Sh-Sh-Sh-Sh-Sh-Sh-Sh-Sh-Sh-Sh-Sh-Sh-Sh-Sh-Wa-Wa-Wa-Wa-Wa,26,1,False,False
1194,Sh-F-F-F-F-F-F-F-F-F-F-F-A-A-A-A-A-A-A-A-A-A-A,26,2,False,False
1195,F-F-F-F-F-F-F-F-F-F-F-F-F-F-F-F-F-F-U-U-U-U-U,26,1,False,False
1196,Sh-Sh-Sh-Sh-Sh-Sh-Sh-Sh-Sh-Sh-Sh-Sh-Wa-Wa-Wa-Wa-Wa-Wa-Wa-Wa-Wa-Wa-Wa,26,1,False,True
1197,G-G-G-G-G-G-G-G-G-G-G-G-U-U-U-U-U-U-U-U-U-U-U,26,1,False,True
1198,Sh-F-F-Sh-Sh-Sh-Sh-Sh-Sh-Sh-Sh-Sh-Sh-Sh-Sh-Sh-Sh-Sh-Sh-Sh-Sh-Sh-Sh,26,2,False,False
1199,F-F-F-F-F-F-F-Wt-Wt-Wt-Wt-Wt-Wt-Wt-Wt-Wt-Wt-Wa-Wa-Wa-Wa-Wa-Wa,26,2,False,True
1200,G-G-G-G-G-G-G-B-B-B-B-B-B-B-B-B-B-B-Sp-Sp-Sp-Sp-Sp,26,2,False,False
1201,F-Sh-A-A-A-A-A-A-A-A-A-A-A-A-A-A-A-A-A-A-A-A-A,26,2,False,False
1202,F-Wt-Wt-Wt-Wt-Wt-Wt-Wt-Wt-Wt-Wt-Wt-Wt-F-F-F-F-F-F-F-F-F-F,26,2,False,True
1203,A-A-A-A-A-A-A-A-A-A-A-Sh-Sh-Sh-F-F-F-F-F-F-F-F-F,26,2,False,False
1204,F-Sh-Sh-Sh-Sh-Sh-Sh-Sh-Sh-Sh-Sh-Sh-Sh-Sh-Sh-Sh-A-A-A-A-A-A-A,26,2,False,True
1205,Wa-Wa-Wa-Wa-Wa-Wa-Wa-G-G-G-G-G-G-G-G-G-G-G-G-G-G-G-G,26,1,False,False
1206,A-A-A-A-G-G-G-G-G-G-G-G-G-G-G-G-G-G-Sh-Sh-Sh-Sh-Sh,26,2,False,False
1207,F-F-F-F-A-A-A-A-A-A-A-A-A-A-A-A-A-A-F-F-F-F-F,26,2,False,True
1208,F-F-F-F-F-F-F-F-F-G-G-G-G-G-G-G-G-G-G-G-F-F-F,26,2,False,False
1209,Wa-Wa-Wa-Wa-Wt-Wt-Wt-Wt-Wt-Wt-Wt-Wt-Wt-Wt-Wt-Wt-Wa-Wa-Wa-Wa-Wa-Wa-Wa,26,2,False,False
1210,F-F-Sh-Sh-Sh-Sh-Sh-Sh-Sh-Sh-Sh-Sh-A-A-A-A-A-A-A-A-A-A-A,25,2,False,True
1211,G-G-G-G-G-G-G-G-G-Wa-Wa-Wa-Wa-Wa-Wa-Wa-Wa-Wa-Wa-Wa-Wa-Wa-Wa,25,1,False,False
1212,F-F-F-Wt-Wt-Wt-Wt-Wt-Wt-Wt-Wt-Wt-Wt-Wt-Wt-Wt-Wt-Wt-Wt-F-F-F-F,25,2,False,True
1213,G-G-G-G-G-G-G-G-G-G-G-Sp-Sp-Sp-Sp-Sp-Sp-Sp-Sp-Sh-Sh-Sh-Sh,25,2,False,True
1214,G-G-G-G-G-G-G-Wa-Wa-Wa-Wa-Wa-Wa-Wa-Wa-Wa-Wa-Wa-Wa-Wa-Wa-Wa-Wa,25,1,False,False
1215,G-G-G-G-G-G-G-G-G-G-G-G-G-G-G-G-G-G-G-G-G-G-B,25,1,False,True
1216,B-B-B-B-B-B-B-B-B-B-B-B-Sp-Sp-Sp-Sp-Sp-Sp-Sp-G-G-G-G,25,2,False,True
1217,F-F-F-F-F-A-A-A-A-A-A-A-A-A-A-A-A-A-A-A-A-A-F,25,2,False,True
1218,Sp-Sp-Sp-Sp-Wa-Wa-Wa-Wa-Wa-Wa-Wa-Wa-Wa-Wa-Wa-Wa-Wa-Wa-Wa-Wa-Wa-Wa-Wa,25,1,False,False
1219,Sp-Sp-Sp-Sp-Sp-Sp-Sp-Sp-Sp-Sp-Sp-Sp-Sp-Sp-Sp-Sp-Sp-Sp-Sp-Sp-Sp-Sp-A,25,1,False,False
1220,Sp-Sp-Sp-Sp-Sp-Sp-Sp-Sp-Sp-Sp-Sp-Sp-Sp-B-B-B-B-B-B-B-B-Sp-Sp,25,2,False,True
1221,F-F-F-F-F-F-F-F-F-F-A-A-A-A-A-A-A-A-A-A-A-A-F,25,2,False,True
1222,A-A-Wt-Wt-Wt-Wt-Wt-Wt-Wt-Wt-Wt-Wt-Wt-Wt-Wt-Wt-Wt-Wt-Wt-Wt-Wt-Wt-Wt,24,1,False,False
1223,B-B-B-B-B-B-B-A-A-A-A-A-A-A-A-A-A-A-A-A-A-A-A,24,1,False,False
1224,Wt-Wt-Wt-Wt-Wt-Wt-Wt-Wt-Wt-Wt-Wt-Wt-Wt-Wt-Wt-Wt-Wt-Wt-Wt-Wt-Wt-Wt-U,24,1,False,False
1225,F-F-F-F-F-F-A-A-A-A-A-A-A-A-A-A-A-A-F-F-F-F-F,24,2,False,False
1226,Wt-Wt-Wt-Wt-A-A-A-A-A-A-A-A-A-A-F-F-F-F-F-F-F-F-F,24,2,False,False
1227,F-F-F-F-Sh-Sh-Sh-Sh-Sh-Sh-Sh-Sh-Sh-Sh-A-A-A-A-A-A-A-A-A,24,2,False,False
1228,F-F-F-F-Sh-Sh-Sh-Sh-Sh-Sh-Sh-Sh-Sh-Sh-Sh-Sh-Sh-Sh-Wt-Wt-Wt-Wt-Wt,24,2,False,True
1229,F-F-F-A-A-A-A-A-A-A-A-A-A-A-A-A-A-A-Wt-Wt-Wt-Wt-Wt,24,2,False,True
1230,F-F-F-F-F-Sh-Sh-Sh-Sh-Sh-Sh-Sh-Sh-Sh-Sh-Sh-Sh-Sh-Wt-Wt-Wt-Wt-Wt,24,2,False,True
1231,F-A-A-A-A-A-A-F-F-F-F-F-F-F-F-F-F-F-F-F-F-F-F,24,2,False,False
1232,Sh-Sh-Sh-F-F-F-F-F-F-F-F-F-F-F-F-F-F-F-F-Wt-Wt-Wt-Wt,24,2,False,False
1233,Wa-Wa-Wa-Wa-Wa-Wa-Sh-Sh-Sh-Sh-Sh-Sh-Sh-Sh-Sh-Sh-Sh-Sh-Wa-Wa-Wa-Wa-Wa,24,2,False,False
1234,Wt-Wt-Wt-Wt-Wt-Wt-Wt-F-F-F-F-F-F-F-F-F-F-F-F-F-F-Wt-Wt,24,2,False,False
1235,Sp-Sp-Sp-Sp-Sp-Sp-Sp-F-F-F-F-F-F-F-F-F-F-F-F-F-F-F-F,24,1,False,False
1236,B-B-B-B-Sp-Sp-Sp-Sp-Sp-Sp-Sp-Sp-Sp-Sp-Sp-Sp-Sp-Sp-Sp-G-G-G-G,24,2,False,False
1237,Wa-Wa-Wa-Wa-Wa-Wa-Wa-Wa-Wa-Wa-Wa-Wa-Wa-Wa-Sh-Sh-Sh-Sh-Sh-Sh-Sh-Sh-Sh,24,1,False,False
1238,F-F-F-F-F-F-F-F-A-A-A-A-A-A-A-A-A-A-A-A-F-F-F,24,2,False,True
1239,Wt-Wt-Wt-Wt-Wt-Wt-Sp-Sp-Sp-Sp-Sp-Sp-Sp-Sp-Sp-Sp-Sp-Sp-Sp-Sp-Sp-Sp-Sp,24,1,False,False
1240,Sh-Sh-Sh-Sh-F-F-F-F-F-F-F-F-F-F-F-F-F-F-F-F-F-Wt-Wt,24,2,False,False
1241,F-Sh-Sh-Sh-Sh-Sh-Sh-Sh-Sh-Sh-Sh-Sh-Sh-Sh-Sh-Sh-Sh-Sh-Sh-Sh-Sh-Sh-A,24,2,False,True
1242,Wa-Wa-Wa-Wa-Sh-Sh-Sh-Sh-Sh-Sh-Sh-Sh-Sh-Sh-Sh-Sh-Sh-Sh-Sh-F-F-F-F,23,2,False,False
1243,G-G-G-G-G-G-G-Sp-Sp-Sp-Sp-Sp-Sp-Sp-Sp-Sp-Sp-Sp-G-G-G-G-G,23,2,False,False
1244,Wt-Wt-Wt-Wt-Wt-Wt-Wt-A-A-A-A-A-A-A-F-F-F-F-F-F-F-F-F,23,2,False,False
1245,Wt-Wt-Wt-Wt-Wt-Wt-Wt-A-A-A-F-F-F-F-F-F-F-F-F-F-F-F-F,23,2,False,False
1246,Wt-Wt-Wt-Wt-Wt-Wt-Wt-Wt-Wt-Wt-Wt-Wt-Wt-Wt-Wt-Wt-Wt-Wt-Wt-Wt-Sh-Sh-Sh,23,1,False,False
1247,G-G-B-B-B-B-B-B-B-B-B-B-B-B-B-B-B-B-B-Sp-Sp-Sp-Sp,23,2,False,True
1248,F-F-F-F-F-A-A-A-A-A-A-A-A-A-A-A-A-A-F-F-F-F-F,23,2,False,True
1249,F-F-F-F-A-A-A-A-A-A-A-A-A-A-A-A-A-F-F-F-F-F-F,23,2,False,True
1250,F-F-F-F-F-F-Wa-Wa-Wa-Wa-Wa-Wa-Wa-Wa-Wa-Wa-Wa-Wa-Wa-Wa-Wa-Wa-Wa,23,1,False,False
1251,F-A-A-A-A-A-A-A-A-A-A-A-A-A-A-A-A-A-A-A-A-A-F,23,2,False,True
1252,F-F-F-F-F-F-F-F-A-A-A-A-A-A-A-A-A-A-A-A-A-A-F,23,2,False,True
1253,F-F-F-F-F-F-F-F-Sh-Sh-Sh-Sh-Sh-Sh-Sh-Sh-Sh-Sh-F-F-F-F-F,23,2,False,True
1254,Sp-Sp-Sp-G-G-G-G-G-G-G-G-G-G-G-G-G-Sp-Sp-Sp-Sp-Sp-Sp-Sp,23,2,False,False
1255,Sh-Sh-Sh-Sh-A-A-A-A-A-A-A-A-A-A-A-A-F-F-F-F-F-F-F,23,2,False,True
1256,Wa-Wt-Wt-Wt-Wt-Wt-Wt-Wt-Wt-Wt-Wt-Wt-Wt-Wt-Wt-Wt-Wt-Wa-Wa-Wa-Wa-Wa-Wa,23,2,False,True
1257,A-A-A-A-A-A-A-A-A-A-A-A-Sh-Sh-Sh-Sh-F-F-F-F-F-F-F,23,2,False,False
1258,Sh-Sh-Sh-Sh-Sh-Sh-Sh-Sh-Sh-Sh-A-A-A-A-A-A-A-A-A-A-F-F-F,23,2,False,False
1259,A-A-A-A-A-A-A-A-A-A-A-A-Wa-Wa-Wa-Wa-Wa-Wa-Wa-Wa-Wa-Wa-Wa,23,1,False,False
1260,Wt-Wt-Wt-Wt-A-A-A-A-A-A-A-A-A-A-A-A-F-F-F-F-F-F-F,23,2,False,True
1261,Sp-Sp-Sp-B-B-B-B-B-B-B-B-B-B-B-B-B-B-B-B-B-B-Sp-Sp,23,2,False,False
1262,F-F-F-F-F-F-F-F-F-F-Sh-Sh-Sh-Sh-Sh-Sh-Sh-Sh-Sh-F-F-F-F,23,2,False,True
1263,Sp-Sp-Sp-Sp-Sp-Sp-Sp-Sp-Sp-Sp-U-U-U-U-U-U-U-U-U-U-U-U-U,22,1,False,True
1264,F-F-F-F-F-F-F-A-A-A-A-A-A-A-A-A-A-A-A-A-A-A-F,22,2,False,True
1265,F-F-F-F-F-F-F-F-F-F-F-B-B-B-B-B-B-B-B-B-B-B-B,22,1,False,False
1266,Sp-B-B-B-B-B-B-B-B-B-B-B-B-B-B-B-B-Sp-Sp-Sp-Sp-Sp-Sp,22,2,False,False
1267,F-F-F-F-F-F-F-F-F-G-G-G-G-G-G-G-G-F-F-F-F-F-F,22,2,False,False
1268,F-F-A-A-A-A-A-A-A-A-A-A-A-A-A-A-A-A-A-A-A-A-F,22,2,False,True
1269,F-F-Wt-Wt-Wt-Sh-Sh-Sh-Sh-Sh-Sh-Sh-Sh-Sh-Sh-Sh-Sh-Sh-Sh-Sh-Sh-Sh-Sh,22,2,False,False
1270,Sp-Sp-Sp-Sp-Sp-U-U-U-U-U-U-U-U-U-U-U-U-U-U-U-U-U-U,22,1,False,True
1271,Sh-Sh-Sh-Sh-Sh-Wa-Wa-Wa-Wa-Wa-Wa-Wa-Wa-Wa-Wa-Wa-Wa-Wa-Wa-Wa-Wa-Wa-Wa,22,1,False,False
1272,Wt-Wt-Wt-Wt-Wt-Wt-Wt-Wt-Wt-Wt-Wt-Wt-Wt-Wt-Wt-Wt-Wt-Wt-Wt-Wt-Wt-U-U,22,1,False,False
1273,A-A-A-A-A-A-A-A-A-A-A-A-A-A-A-A-Sh-Sh-Sh-F-F-F-F,22,2,False,False
1274,G-G-G-G-G-G-G-G-G-G-G-G-G-G-G-G-G-Wa-Wa-Wa-Wa-Wa-Wa,22,1,False,False
1275,G-G-Wa-Wa-Wa-Wa-Wa-Wa-Wa-Wa-Wa-Wa-Wa-Wa-Wa-Wa-Wt-Wt-Wt-Wt-Wt-Wt-Wt,22,2,False,False
1276,B-B-B-B-B-B-B-B-B-B-B-B-B-B-Sp-Sp-Sp-Sp-Sp-G-G-G-G,22,2,False,True
1277,F-F-F-F-F-F-F-F-Sh-Sh-Sh-Sh-Sh-Sh-Sh-Sh-Sh-Sh-Sh-Sh-Sh-F-F,22,2,False,True
1278,Sp-Sp-G-G-G-G-G-G-G-G-G-G-G-G-G-G-Sp-Sp-Sp-Sp-Sp-Sp-Sp,22,2,False,False
1279,Wt-Wt-Wt-Wt-Wt-Wt-Wt-Wt-Wt-Wt-Wt-Wt-Wt-Wt-Wt-Wt-Wt-U-U-U-U-U-U,22,1,False,False
1280,Sp-Sp-Sp-Sp-Sp-Sp-Sp-Sp-Sp-Sp-Sp-Sp-Wa-Wa-Wa-Wa-Wa-Wa-Wa-Wa-Wa-Wa-Wa,22,1,False,True
1281,B-B-Wa-Wa-Wa-Wa-Wa-Wa-Wa-Wa-Wa-Wa-Wa-Wa-Wa-Wa-Wa-Wa-Wa-Wa-Wa-Wa-Wa,22,1,False,False
1282,Sh-A-A-A-A-A-A-A-A-A-A-A-A-A-A-A-A-A-A-A-A-F-F,22,2,False,False
1283,Sp-Sp-B-B-B-B-B-Sp-Sp-Sp-Sp-Sp-Sp-Sp-Sp-Sp-Sp-Sp-Sp-Sp-Sp-Sp-Sp,22,2,False,False
1284,Wt-Wt-Wt-G-G-G-G-G-G-G-G-G-G-G-G-G-G-G-G-G-G-G-G,22,1,False,True
1285,Wa-Wa-Wa-Wa-Wa-Wa-Wa-Wa-Wa-Wa-Wa-Wa-Wa-Wa-Wa-Wa-Wa-Wa-Wa-Sh-Sh-Sh-Sh,21,1,False,False
1286,F-F-F-F-Wt-Wt-Wt-Wt-Wt-Wt-Wt-Wt-Wt-Wt-Wt-Wt-Wt-F-F-F-F-F-F,21,2,False,True
1287,Sp-Sp-Sp-B-B-B-B-B-B-B-B-B-B-B-B-B-B-B-B-B-B-B-Sp,21,2,False,False
1288,A-Wa-Wa-Wa-Wa-Wa-Sh-Sh-Sh-Sh-Sh-Sh-Sh-Sh-Sh-Sh-Sh-Sh-Sh-Sh-Sh-Sh-Sh,21,2,False,False
1289,Wt-Wt-Wt-Wt-Wt-Wt-F-F-F-F-F-F-F-F-F-F-F-F-F-F-F-Wt-Wt,21,2,False,False
1290,Sh-Sh-Sh-Sh-Sh-Sh-Sh-Sh-Sh-Sh-Sh-Sh-Sh-Sh-F-F-F-F-Sh-Sh-Sh-Sh-Sh,21,2,False,True
1291,B-B-B-B-B-B-B-B-B-B-B-B-B-B-B-B-Sp-Sp-Sp-G-G-G-G,21,2,False,True
1292,F-F-F-F-Sh-Sh-Sh-Sh-Sh-Sh-Sh-A-A-A-A-A-A-A-A-A-A-A-A,21,2,False,True
1293,Sp-Sp-Sp-Sp-Sp-Sp-G-G-G-G-G-G-G-G-G-G-Sp-Sp-Sp-Sp-Sp-Sp-Sp,21,2,False,False
1294,Sp-Sp-Sp-Sp-Sp-Sp-Sp-Sp-Sp-Sp-Sp-Sp-B-B-B-B-B-B-Sp-Sp-Sp-Sp-Sp,21,2,False,False
1295,Sh-Sh-Sh-Sh-Sh-Sh-Sh-Sh-Sh-A-A-A-A-A-A-A-A-A-A-A-F-F-F,21,2,False,True
1296,Sp-Sp-Sp-Sp-Sp-Sp-B-B-B-B-B-B-B-B-B-B-B-B-Sp-Sp-Sp-Sp-Sp,21,2,False,False
1297,Sp-Sp-Sp-Sp-Sp-Sp-Sp-Sp-Sp-Sp-Sp-Sp-Sp-Sp-A-A-A-A-A-A-A-A-A,21,1,False,False
1298,F-F-F-F-F-F-F-Wt-Wt-Wt-Wt-Wt-Wt-Wt-Wt-Wt-Wt-Wt-Wt-F-F-F-F,21,2,False,True
1299,F-F-F-F-F-F-F-A-A-A-A-A-A-A-A-A-F-F-F-F-F-F-F,21,2,False,True
1300,Sp-Sp-Sp-Sp-Sp-Sp-Sp-Sp-Wa-Wa-Wa-Wa-Wa-Wa-Wa-Wa-Wa-Wa-Wa-Wa-Wa-Wa-Wa,21,1,False,True
1301,Wt-Wt-Wt-Wt-Wt-Wt-Sh-Sh-Sh-Sh-F-F-F-F-F-F-F-F-F-F-F-F-F,21,2,False,False
1302,B-B-B-B-B-B-B-B-B-Sp-Sp-Sp-Sp-Sp-Sp-Sp-G-G-G-G-G-G-G,21,2,False,False
1303,B-B-B-B-B-B-B-B-B-B-F-F-F-F-F-F-F-F-F-F-F-F-F,21,1,False,False
1304,A-A-Sh-Sh-Sh-Sh-A-A-A-A-A-A-A-A-A-A-A-A-A-A-A-A-A,21,2,False,False
1305,Sp-G-G-G-G-G-G-G-Sp-Sp-Sp-Sp-Sp-Sp-Sp-Sp-Sp-Sp-Sp-Sp-Sp-Sp-Sp,21,2,False,False
1306,A-F-F-F-F-F-F-F-F-F-Sh-Sh-Sh-Sh-Sh-Sh-Sh-Sh-Sh-Sh-Sh-Sh-Sh,20,2,False,False
1307,F-F-F-F-F-F-F-A-A-A-A-A-A-A-A-A-A-A-A-A-F-F-F,20,2,False,True
1308,F-F-F-Sh-Sh-Sh-Sh-Sh-Sh-Sh-Sh-Sh-Sh-Sh-Sh-Sh-Sh-Sh-Sh-Sh-Sh-A-A,20,2,False,False
1309,F-F-Wt-Wt-G-G-G-G-G-G-G-G-G-G-G-G-G-G-G-G-G-G-G,20,2,False,False
1310,Sp-Sp-Sp-Sp-Sp-Sp-Sp-Sp-Sp-A-A-A-A-A-A-A-A-A-A-A-A-A-A,20,1,False,False
1311,F-F-Wt-Wt-Wt-Wt-Wt-Wt-Wt-Wt-Wt-Wt-Wt-F-F-F-F-F-F-F-F-F-F,20,2,False,True
1312,Sh-Sh-Sh-F-F-F-F-F-F-F-F-F-F-F-F-F-F-F-F-F-F-F-Sh,20,2,False,False
1313,Sh-Sh-Sh-Sh-Sh-F-F-F-F-F-F-F-F-F-F-F-F-F-F-Sh-Sh-Sh-Sh,20,2,False,False
1314,Wa-Sp-Sp-Sp-Sp-Sp-Sp-Sp-Sp-Sp-Sp-Sp-Sp-Sp-Sp-Sp-Wa-Wa-Wa-Wa-Wa-Wa-Wa,20,2,False,False
1315,F-F-F-F-F-F-F-F-Wt-Wt-Wt-Wt-Wt-Wt-Wt-Wt-F-F-F-F-F-F-F,20,2,False,True
1316,Sh-Sh-Sh-Sh-Sh-A-A-A-A-A-A-A-A-A-A-A-A-A-A-A-A-A-F,20,2,False,True
1317,Wa-Wa-Wa-Wa-Wa-Wa-Wa-Wa-Wa-Wa-Wa-Wa-Wa-Wa-Wa-Wa-Wa-Wa-Wt-Wt-Wt-Wt-Wt,20,1,False,False
1318,F-F-F-F-F-F-Sh-Sh-Sh-Sh-Sh-Sh-Sh-Sh-Sh-Sh-A-A-A-A-A-A-A,20,2,False,True
1319,Sh-Sh-Sh-Sh-Sh-Sh-F-F-F-F-F-F-F-F-F-F-F-F-F-F-F-F-Sh,20,2,False,False
1320,B-B-B-B-B-B-B-B-B-B-B-B-B-B-B-B-B-B-B-B-B-U-U,20,1,False,True
1321,Sh-Sh-Sh-Sh-Sh-A-A-A-A-A-A-A-A-A-A-A-F-F-F-F-F-F-F,20,2,False,True
1322,B-B-B-B-B-B-B-Sp-Sp-Sp-Sp-Sp-Sp-Sp-Sp-Sp-Sp-Sp-B-B-B-B-B,20,2,False,False
1323,Sh-Sh-Sh-Sh-Sh-Sh-A-A-A-A-A-A-A-A-A-A-A-F-F-F-F-F-F,20,2,False,False
1324,B-B-B-B-B-B-B-B-B-B-B-B-B-U-U-U-U-U-U-U-U-U-U,20,1,False,False
1325,G-G-G-G-G-G-G-B-B-B-B-B-B-B-B-B-B-B-B-G-G-G-G,20,2,False,False
1326,F-F-F-F-F-F-F-F-F-F-F-F-F-F-F-F-F-F-B-B-B-B-B,20,1,False,False
1327,Wt-Wt-Wt-Wt-Wt-Wt-Wt-Wt-Wt-Wt-Wt-Wt-Wt-Wt-Wt-Wt-Wt-Wt-Wt-Wt-Wt-Wt-G,20,1,False,True
1328,F-F-F-Wt-Wt-Wt-Wt-Wt-Wt-Wt-Wt-Wt-Wt-Wt-Wt-Wt-Wa-Wa-Wa-Wa-Wa-Wa-Wa,20,2,False,False
1329,B-B-B-B-Sp-Sp-Sp-Sp-Sp-Sp-Sp-Sp-Sp-Sp-Sp-Sp-B-B-B-B-B-B-B,20,2,False,False
1330,Sh-Sh-Sh-Sh-Sh-Sh-Sh-Sh-Sh-Sh-Sh-Sh-Sh-Sh-Sp-Sp-Sp-Sp-Sp-Sp-Sp-Sp-Sp,20,1,False,False
1331,Wa-Wa-Wa-Wa-Wa-Wa-Wa-Sp-Sp-Sp-Sp-Sp-Sp-Sp-Sp-Sp-Sp-Sp-Sp-Sp-Wa-Wa-Wa,19,2,False,False
1332,Sh-Sh-Sh-Sh-Sh-Sh-Sh-Sh-F-F-F-F-F-F-F-F-F-F-F-F-Sh-Sh-Sh,19,2,False,False
1333,A-A-A-Wa-Wa-Wa-Wa-Wa-Wa-Wa-Wa-Wa-Wa-Wa-Wa-Wa-Wa-Wa-Wa-Wa-Wa-Wa-Wa,19,1,False,False
1334,Sp-Sp-Sp-B-B-B-B-B-B-B-B-B-B-B-B-B-G-G-G-G-G-G-G,19,2,False,False
1335,Sp-G-G-G-G-G-G-G-G-G-G-G-G-Sp-Sp-Sp-Sp-Sp-Sp-Sp-Sp-Sp-Sp,19,2,False,False
1336,A-A-Wa-Wa-Wa-Wa-Wa-Wa-Wa-Wa-Wa-Wa-Wa-Wa-Wa-Wa-Wa-Wa-Wa-Wa-Wa-Wa-Wa,19,1,False,False
1337,Sp-Sp-Sp-Sp-Sh-Sh-Sh-Sh-Sh-Sh-Sh-Sh-Sh-Sh-Sh-Sh-Sh-Sh-Sh-Sp-Sp-Sp-Sp,19,2,False,False
1338,F-A-A-A-A-A-A-A-A-F-F-F-F-F-F-F-F-F-F-F-F-F-F,19,2,False,True
1339,Sh-Sh-Sh-Sh-Sh-Sh-F-F-F-F-F-F-F-F-F-F-Sh-Sh-Sh-Sh-Sh-Sh-Sh,19,2,False,False
1340,A-A-A-A-A-A-A-A-Sh-Sh-Sh-Sh-Sh-Sh-Sh-Sh-Sh-Sh-Sh-F-F-F-F,19,2,False,False
1341,Wa-Wa-Wa-Wa-Wa-Wa-Wa-Wa-Wa-Wa-Wa-Wa-Wa-G-G-G-G-G-G-G-G-G-G,19,1,False,False
1342,Sh-Sh-Sh-Sh-Sh-Sh-Sh-Sh-Sh-Sh-Sh-Sh-Sh-Sh-Sh-Sh-Sh-Sh-Sh-Sh-Sp-Sp-Sp,19,1,False,False
1343,Wa-Wa-Wt-Wt-Wt-Wt-Wt-Wt-Wt-Wt-Wt-Wt-Wt-Wt-Wt-Wt-Wt-Wt-Wa-Wa-Wa-Wa-Wa,19,2,False,False
1344,F-F-F-F-F-F-F-F-F-Wt-Wt-Wt-Wt-Wt-Wt-Wt-Wt-Wt-Wt-F-F-F-F,19,2,False,False
1345,Wt-Wt-Wt-Wt-Wt-Wt-Wt-Wt-Wt-Wt-Wt-Wt-U-U-U-U-U-U-U-U-U-U-U,19,1,False,True
1346,A-A-A-A-A-A-A-A-A-A-Sh-Sh-Sh-Sh-Sh-Sh-Sh-Sh-Sh-Sh-F-F-F,19,2,False,False
1347,F-F-Sh-Sh-Sh-Sh-Sh-Sh-Sh-Sh-Sh-Sh-Sh-Sh-Sh-Sh-A-A-A-A-A-A-A,19,2,False,True
1348,Sh-Sh-Sh-Sh-A-A-A-A-A-A-A-A-A-A-F-F-F-F-F-F-F-F-F,19,2,False,True
1349,A-A-A-A-B-B-B-B-B-B-B-B-B-B-B-B-B-B-B-B-B-B-B,19,1,False,False
1350,F-F-F-F-F-F-F-F-F-F-F-F-F-B-B-B-B-B-B-B-B-B-B,19,1,False,True
1351,Sh-Sh-Sh-Sh-Sh-Sh-Sh-F-F-F-F-F-F-F-F-F-F-F-F-F-F-A-A,19,2,False,False
1352,F-F-F-F-F-F-F-F-F-F-F-F-F-F-Sh-Sh-F-F-F-F-F-F-F,19,2,False,False
1353,Sh-Sh-Sh-Sh-Sh-Sh-A-A-A-A-A-A-A-A-A-A-A-Sh-Sh-Sh-Sh-Sh-Sh,18,2,False,False
1354,Sp-Sp-Sp-Sp-Sp-Sp-Sp-Sp-G-G-G-G-G-G-G-G-G-G-Sp-Sp-Sp-Sp-Sp,18,2,False,False
1355,A-A-A-A-A-A-A-A-A-A-A-Wa-Wa-Wa-Wa-Wa-Wa-Wa-Wa-Wa-Wa-Wa-Wa,18,1,False,False
1356,Wt-Wt-Wt-Wt-Wt-Wt-Wt-Wt-Sh-Sh-Sh-Sh-Sh-Sh-F-F-F-F-F-F-F-F-F,18,2,False,False
1357,Sh-Sh-Sh-Sh-Sh-Sh-Sh-Sh-Sh-Sh-Sh-F-F-F-F-F-F-F-F-F-F-F-Sh,18,2,False,False
1358,F-F-F-F-F-F-F-Sh-Sh-Sh-Sh-Sh-Sh-Sh-Sh-Sh-Sh-Sh-Sh-Sh-A-A-A,18,2,False,True
1359,Sh-F-F-F-F-F-F-F-F-A-A-A-A-A-A-A-A-A-A-A-A-A-A,18,2,False,False
1360,G-G-Wa-Wa-Wa-Wa-Wa-Wa-Wa-Wa-Wa-Wa-Wa-Wa-Sp-Sp-Sp-Sp-Sp-Sp-Sp-Sp-Sp,18,2,False,False
1361,Sh-Sh-Sh-Sh-F-F-F-F-F-F-F-F-F-F-F-F-F-F-F-F-F-F-A,18,2,False,False
1362,B-B-B-B-B-B-B-B-B-B-B-B-B-B-U-U-U-U-U-U-U-U-U,18,1,False,True
1363,Wt-A-A-A-A-A-A-A-A-A-A-A-A-A-A-A-A-A-A-F-F-F-F,18,2,False,True
1364,Wa-Wa-Wa-Wa-A-A-A-A-A-A-A-A-A-A-A-A-Wt-Wt-Wt-Wt-Wt-Wt-Wt,18,2,False,False
1365,Sp-Sp-Sp-Sp-Sp-Sp-Sp-Sp-Sp-Sp-Sp-Sp-Sp-Sp-B-B-B-B-B-Sp-Sp-Sp-Sp,18,2,False,True
1366,Sh-Sh-Sh-Sh-F-F-F-F-F-F-F-F-F-F-F-F-F-A-A-A-A-A-A,18,2,False,False
1367,Wt-Wt-Wt-Wt-Wt-Wt-F-F-F-F-F-F-F-F-F-F-Wt-Wt-Wt-Wt-Wt-Wt-Wt,18,2,False,False
1368,B-B-B-B-Sp-Sp-Sp-Sp-Sp-Sp-Sp-Sp-Sp-Sp-Sp-Sp-Sp-Sp-G-G-G-G-G,18,2,False,True
1369,F-F-A-A-A-A-A-A-A-A-A-A-A-A-A-A-A-F-F-F-F-F-F,18,2,False,False
1370,Sh-Sh-A-A-A-A-A-A-A-A-A-A-A-A-A-A-Sh-Sh-Sh-Sh-Sh-Sh-Sh,18,2,False,True
1371,Sh-Sh-Sh-A-A-A-A-A-A-A-A-A-A-A-A-A-A-A-A-F-F-F-F,18,2,False,True
1372,Sp-Sp-Sp-Sp-Sp-Wa-Wa-Wa-Wa-Wa-Wa-Wa-Wa-Wa-Wa-Wa-Wa-Wa-Wa-Wa-Wa-Wa-Wa,18,1,False,False
1373,Sp-Sp-Sp-Sp-Sp-Sp-Sp-B-B-B-B-B-B-B-B-B-B-B-Sp-Sp-Sp-Sp-Sp,18,2,False,False
1374,Sh-Sh-Sh-Sh-Sh-Sh-Sh-Sh-Sh-Sh-A-A-A-A-A-A-A-A-A-F-F-F-F,18,2,False,False
1375,F-F-A-A-A-A-A-A-A-A-A-A-A-A-A-A-A-A-F-F-F-F-F,18,2,False,False
1376,G-G-G-Wt-Wt-Wt-Wt-Wt-Wt-Wt-Wt-Wt-Wt-Wt-Wt-Wt-Wt-Wt-Wt-Wt-Wt-Wt-Wt,18,1,False,False
1377,F-F-F-F-F-F-Wt-Wt-Wt-Wt-Wt-Wt-Wt-Wt-Wt-Wt-Wt-Wa-Wa-Wa-Wa-Wa-Wa,17,2,False,False
1378,Sh-Sh-Sh-F-F-F-F-F-F-F-F-F-F-F-F-F-F-F-F-F-F-Wt-Wt,17,2,False,False
1379,Sh-F-F-F-F-F-Sh-Sh-Sh-Sh-Sh-Sh-Sh-Sh-Sh-Sh-Sh-Sh-Sh-Sh-Sh-Sh-Sh,17,2,False,False
1380,F-F-F-Wa-Wa-Wa-Wa-Wa-Wa-Wa-Wa-Wa-Wa-Sp-Sp-Sp-Sp-Sp-Sp-Sp-Sp-Sp-Sp,17,2,False,False
1381,G-G-G-G-G-G-G-G-G-G-G-G-G-G-G-G-B-B-B-Sp-Sp-Sp-Sp,17,2,False,False
1382,Wa-Wa-Wa-Wa-Wa-Wa-Wt-Wt-Wt-Wt-Wt-Wt-Wt-Wt-Wt-Wt-Wt-Wt-Wa-Wa-Wa-Wa-Wa,17,2,False,False
1383,A-F-F-F-F-F-F-F-F-F-F-F-F-F-F-F-F-F-F-F-F-F-A,17,2,False,False
1384,Wa-Wa-Wa-Wa-Wa-Wa-Wa-Wa-Wa-Wa-Wa-Wa-Wa-Wa-F-F-F-F-F-F-F-F-F,17,1,False,False
1385,Sp-Sp-Sp-Sp-Sp-Sp-Sp-Sp-Sp-Sp-Sp-Sp-Sp-B-B-B-B-B-Sp-Sp-Sp-Sp-Sp,17,2,False,True
1386,F-F-F-F-F-F-F-F-F-Sh-Sh-Sh-Sh-Sh-Sh-Sh-Sh-Sh-Sh-Sh-Sh-Sh-F,17,2,False,True
1387,Sh-Sh-Sh-F-F-F-F-F-F-F-F-F-F-F-F-F-F-F-F-F-F-A-A,17,2,False,False
1388,F-F-F-F-F-F-F-F-F-F-F-F-F-Sh-Sh-Sh-F-F-F-F-F-F-F,17,2,False,False
1389,A-A-A-A-F-F-F-F-F-F-F-F-F-F-F-F-Sh-Sh-Sh-Sh-Sh-Sh-Sh,17,2,False,False
1390,Sh-F-F-F-F-F-F-F-F-F-F-F-F-F-F-F-F-F-F-A-A-A-A,17,2,False,True
1391,Sh-F-F-F-F-F-F-F-F-F-F-F-F-F-F-F-F-F-F-F-F-F-Sh,17,2,False,False
1392,Sh-Sh-Sh-A-A-A-A-A-A-A-A-A-A-A-A-A-Sh-Sh-Sh-Sh-Sh-Sh-Sh,17,2,False,True
1393,F-F-A-A-A-A-A-A-A-A-A-A-A-A-A-A-Wt-Wt-Wt-Wt-Wt-Wt-Wt,17,2,False,False
1394,F-F-F-F-F-F-F-F-F-F-F-F-Sh-Sh-Sh-Sh-Sh-F-F-F-F-F-F,17,2,False,False
1395,Sh-Sh-Sh-Sh-Sh-Sh-Sh-A-A-A-A-A-A-A-A-A-A-A-A-A-A-F-F,17,2,False,True
1396,F-Wt-Wt-Wt-Sh-Sh-Sh-Sh-Sh-Sh-Sh-Sh-Sh-Sh-Sh-Sh-Sh-Sh-Sh-Sh-Sh-Sh-Sh,17,2,False,True
1397,F-Wt-Wt-Sh-Sh-Sh-Sh-Sh-Sh-Sh-Sh-Sh-Sh-Sh-Sh-Sh-Sh-Sh-Sh-Sh-Sh-Sh-Sh,17,2,False,False
1398,Sh-Sh-Sh-Sh-Sh-Sh-A-A-A-A-A-A-A-A-A-A-A-A-A-A-A-F-F,17,2,False,False
1399,A-Sh-Sh-Sh-Sh-Sh-A-A-A-A-A-A-A-A-A-A-A-A-A-A-A-A-A,17,2,False,False
1400,Sh-Sh-Sh-Sh-Sh-Sh-Sh-Sh-Sh-Sh-Sh-Sh-Sh-Sh-Sh-Sh-F-F-F-F-F-Sh-Sh,17,2,False,True
1401,Sp-Sp-B-B-B-B-B-B-B-B-B-B-B-B-B-B-B-B-G-G-G-G-G,17,2,False,False
1402,Sp-Sp-Sp-B-B-B-B-B-B-B-B-B-B-B-B-B-B-Sp-Sp-Sp-Sp-Sp-Sp,17,2,False,True
1403,Sh-Sh-Sh-Sh-Sh-Sh-Sh-Sh-A-A-A-A-A-A-A-A-A-A-A-F-F-F-F,17,2,False,True
1404,G-G-Wa-Wa-Wa-Wa-Wa-Wa-Wa-Wa-Wa-Wa-Wa-Wa-Wa-Wa-Sp-Sp-Sp-Sp-Sp-Sp-Sp,17,2,False,False
1405,Sp-Sp-Sp-Sp-Sp-Sp-Sp-Sp-Sp-Sp-Sp-Sp-Sp-Sp-Sp-Sp-Sp-Sp-Sp-B-B-Sp-Sp,17,2,False,False
1406,F-F-F-F-F-F-F-F-F-F-F-Sh-Sh-Sh-Sh-Sh-Sh-F-F-F-F-F-F,17,2,False,False
1407,Sp-Sp-Sp-Sp-Sp-Sp-Sp-Sp-Sp-Sp-Sp-Sp-Sp-Sp-Sp-Sp-Wa-Wa-Wa-Wa-F-F-F,17,2,False,False
1408,Sh-Sh-Sh-Sh-Sh-Sh-Sh-Sh-A-A-A-A-A-A-A-A-A-A-A-A-A-A-F,17,2,False,True
1409,G-B-B-B-B-B-B-B-B-B-B-B-B-B-B-B-B-B-G-G-G-G-G,17,2,False,False
1410,F-F-Wa-Wa-Wa-Wa-Wa-Wa-Wa-Wa-Wa-Wa-Wa-Wa-Wa-Wa-G-G-G-G-G-G-G,17,2,False,False
1411,Sh-F-F-F-F-F-F-F-A-A-A-A-A-A-A-A-A-A-A-A-A-A-A,17,2,False,False
1412,Sp-Sp-Sp-Sp-Sp-Sp-Sp-B-B-B-B-B-B-B-B-B-B-A-A-A-A-A-A,17,2,False,False
1413,Wt-Wt-Wt-Wt-Wt-G-G-G-G-G-G-G-G-G-G-G-G-G-G-G-G-G-G,17,1,False,False
1414,Sh-F-F-F-F-F-F-F-F-F-F-F-F-F-F-F-F-F-A-A-A-A-A,17,2,False,False
1415,F-Wt-Wt-Wt-Wt-Wt-Wt-Wt-Wt-Wt-Wt-Wt-Wt-Wt-Wt-Wt-Wt-Wt-Wt-Wt-Wt-Wt-F,17,2,False,False
1416,Sh-Sh-Wa-Wa-Wa-Wa-Wa-Wa-Sh-Sh-Sh-Sh-Sh-Sh-Sh-Sh-Sh-Sh-Sh-Sh-Sh-Sh-Sh,16,2,False,False
1417,B-B-B-B-B-B-B-B-Sp-Sp-Sp-Sp-Sp-Sp-Sp-Sp-Sp-Sp-Sp-G-G-G-G,16,2,False,False
1418,F-F-F-A-A-A-A-A-A-A-A-F-F-F-F-F-F-F-F-F-F-F-F,16,2,False,True
1419,Wt-Wt-Wt-Wt-Wt-Wt-Wt-F-F-F-F-F-F-F-F-F-F-F-F-A-A-A-A,16,2,False,False
1420,Wt-Wt-Wt-Wt-Sh-Sh-Sh-Sh-Sh-Sh-Sh-Sh-Sh-Sh-F-F-F-F-F-F-F-F-F,16,2,False,False
1421,B-B-B-B-B-Sh-Sh-Sh-Sh-Sh-Sh-Sh-Sh-Sh-Sh-Sh-Sh-Sh-Sh-Sh-Sh-Sh-Sh,16,1,False,False
1422,Sp-Sp-Sp-Sp-Sp-Sp-Sp-Sp-Sp-Sp-Sp-Sp-Sp-Sp-Sp-Sp-Sp-Sp-Sp-Sp-Wa-Wa-Wa,16,1,False,False
1423,Sh-A-A-A-A-A-A-A-A-A-A-A-A-A-A-A-A-A-A-F-F-F-F,16,2,False,True
1424,F-F-F-F-F-F-F-F-F-F-F-F-F-F-F-F-F-F-F-Sh-F-F-F,16,2,False,True
1425,Sh-Sh-Sh-Sh-F-F-F-F-F-F-F-F-F-F-F-F-F-F-A-A-A-A-A,16,2,False,False
1426,G-G-G-G-G-G-G-G-G-G-G-G-Wa-Wa-Wa-Wa-Wa-Wa-Wa-Wa-Wa-Wa-Wa,16,1,False,False
1427,F-Sh-Sh-Sh-Sh-Sh-Sh-Sh-Sh-Sh-Sh-Sh-Sh-Sh-Sh-Sh-Sh-Sh-Sh-A-A-A-A,16,2,False,True
1428,B-A-A-A-A-A-A-A-A-A-A-A-A-A-A-A-A-A-A-A-A-A-A,16,1,False,False
1429,A-A-A-Sh-Sh-Sh-Sh-Sh-F-F-F-F-F-F-F-F-F-F-F-F-F-F-F,16,2,False,False
1430,Sh-Sh-Sh-F-F-F-F-F-F-F-F-F-F-F-F-F-A-A-A-A-A-A-A,16,2,False,False
1431,Sp-U-U-U-U-U-U-U-U-U-U-U-U-U-U-U-U-U-U-U-U-U-U,16,1,False,True
1432,Sh-Sh-Sh-Sh-Sh-A-A-A-A-A-A-A-A-A-A-A-Sh-Sh-Sh-Sh-Sh-Sh-Sh,16,2,False,False
1433,F-F-F-F-F-F-F-Sh-Sh-Sh-Sh-Sh-Sh-Sh-Sh-Sh-A-A-A-A-A-A-A,16,2,False,True
1434,A-A-A-A-F-F-F-F-F-F-F-F-F-F-F-F-F-F-F-F-F-A-A,16,2,False,False
1435,A-F-F-F-F-F-F-F-F-F-F-F-F-F-F-F-F-F-F-Sh-Sh-Sh-Sh,16,2,False,True
1436,F-F-F-A-A-A-A-A-A-A-A-A-A-A-A-A-A-F-F-F-F-F-F,16,2,False,True
1437,Sp-G-G-G-G-G-G-G-G-G-G-G-G-G-G-G-G-Sp-Sp-Sp-Sp-Sp-Sp,16,2,False,False
1438,A-A-B-B-B-B-B-B-B-B-B-B-B-B-B-B-B-B-B-B-B-B-B,16,1,False,False
1439,F-F-F-F-F-F-F-F-F-G-G-G-G-G-G-G-F-F-F-F-F-F-F,16,2,False,False
1440,F-F-F-F-F-F-F-F-F-Sh-Sh-Sh-Sh-Sh-Sh-Sh-Sh-Sh-Sh-Sh-Sh-F-F,16,2,False,True
1441,F-F-Wt-Wt-Wt-Wt-Sh-Sh-Sh-Sh-Sh-Sh-Sh-Sh-Sh-Sh-Sh-Sh-Sh-Sh-Sh-Sh-Sh,16,2,False,False
1442,F-F-Sh-Sh-Sh-Sh-Sh-Sh-Sh-Sh-Sh-F-F-F-F-F-F-F-F-F-F-F-F,16,2,False,True
1443,F-Wt-Wt-Wt-Wt-Wt-Wt-Wt-Wt-F-F-F-F-F-F-F-F-F-F-F-F-F-F,16,2,False,False
1444,F-F-F-F-F-F-F-Wt-Wt-Wt-Wt-Wt-Wt-Wt-Wt-Wt-F-F-F-F-F-F-F,16,2,False,True
1445,F-F-Wt-Wt-Wt-Wt-Wt-F-F-F-F-F-F-F-F-F-F-F-F-F-F-Wt-Wt,16,3,False,False
1446,G-G-G-G-G-G-G-G-G-G-G-G-G-G-Sp-Sp-Sp-Sp-Sp-Sh-Sh-Sh-Sh,16,2,False,False
1447,Sp-Sp-Sp-Sp-Sp-Sp-Sp-Sp-Sp-G-G-G-G-G-G-G-Sp-Sp-Sp-Sp-Sp-Sp-Sp,16,2,False,False
1448,Sp-Sp-Sp-Sp-B-B-B-B-B-B-B-B-B-B-B-B-Sp-Sp-Sp-Sp-Sp-Sp-Sp,16,2,False,False
1449,A-A-Wa-Wa-Wa-Wa-Sh-Sh-Sh-Sh-Sh-Sh-Sh-Sh-Sh-Sh-Sh-Sh-Sh-Sh-Sh-Sh-Sh,16,2,False,False
1450,A-A-A-A-A-A-Sh-Sh-Sh-Sh-Sh-Sh-Sh-Sh-F-F-F-F-F-F-F-F-F,16,2,False,True
1451,B-B-B-B-B-B-B-B-B-B-B-B-B-Sp-Sp-Sp-G-G-G-G-G-G-G,16,2,False,False
1452,F-A-A-A-A-A-A-A-A-A-A-A-A-A-A-A-A-A-A-A-A-F-F,16,2,False,True
1453,Wt-Wt-F-F-F-F-F-F-F-F-F-F-F-F-F-F-F-F-F-Wt-Wt-Wt-Wt,15,2,False,False
1454,Wt-Wt-Wt-Wt-Wt-Wt-G-G-G-G-G-G-G-G-G-G-G-G-G-G-G-G-G,15,1,False,False
1455,Sh-F-F-F-F-F-F-F-F-F-F-F-F-A-A-A-A-A-A-A-A-A-A,15,2,False,False
1456,F-F-F-F-F-F-F-F-F-F-F-F-F-F-F-F-F-F-F-B-B-B-B,15,1,False,False
1457,Wa-Wa-Wa-Wa-Sh-Sh-Sh-Sh-Sh-Sh-Sh-Sh-Sh-Sh-Sh-Sh-Wa-Wa-Wa-Wa-Wa-Wa-Wa,15,2,False,False
1458,A-A-A-A-A-A-A-A-A-A-A-G-G-G-G-G-G-G-G-G-G-G-G,15,1,False,False
1459,F-F-F-Wt-Wt-Wt-Wt-Wt-Wt-Wt-Wt-Wt-Wt-Wt-Wt-Wt-F-F-F-F-F-F-F,15,2,False,True
1460,Sh-A-A-A-A-A-A-A-A-A-A-A-A-A-A-A-A-A-A-A-F-F-F,15,2,False,False
1461,Wa-Wa-Wa-Wa-Wa-Wa-Wa-Wt-Wt-Wt-Wt-Wt-Wt-Wt-Wt-Wt-Wt-Wt-Wt-Wt-Wa-Wa-Wa,15,2,False,False
1462,Sp-Sp-Sp-Sp-Sp-Sp-Sp-A-A-A-A-A-A-A-A-A-A-A-A-A-A-A-A,15,1,False,False
1463,A-A-A-A-A-A-A-A-A-A-A-A-A-A-A-A-A-A-A-Sh-Sh-Sh-F,15,2,False,False
1464,F-F-F-F-F-Sh-Sh-Sh-Sh-Sh-Sh-Sh-Sh-Sh-Sh-Sh-Sh-A-A-A-A-A-A,15,2,False,True
1465,F-F-F-F-F-F-F-F-F-F-F-F-F-F-F-F-B-B-B-B-B-B-B,15,1,False,False
1466,Sp-Sp-Sp-Sp-Sp-Sp-Sp-Sp-Sp-Sp-Sp-Sp-Sp-Sp-Sp-Sp-G-G-G-G-G-Sp-Sp,15,2,False,False
1467,B-B-B-B-B-B-G-G-G-G-G-G-G-G-G-G-G-G-B-B-B-B-B,15,2,False,False
1468,B-B-B-B-B-A-A-A-A-A-A-A-A-A-A-A-F-F-F-F-F-F-F,15,2,False,False
1469,A-A-A-A-A-A-A-A-A-Sh-Sh-Sh-Sh-Sh-F-F-F-F-F-F-F-F-F,15,2,False,False
1470,Sp-B-B-B-B-B-B-B-B-Sp-Sp-Sp-Sp-Sp-Sp-Sp-Sp-Sp-Sp-Sp-Sp-Sp-Sp,15,2,False,False
1471,F-F-F-F-F-F-F-F-F-F-F-Sh-Sh-Sh-Sh-Sh-Sh-Sh-Sh-Sh-Sh-Sh-F,15,2,False,True
1472,F-Wt-Wt-Wt-Wt-Wt-Wt-Wt-Wt-Wt-Wt-Wt-Wt-Wt-Wt-Wt-Wt-Wt-Wa-Wa-Wa-Wa-Wa,15,2,False,False
1473,B-B-Wa-Wa-Wa-Wa-Wa-Wa-Wa-Wa-Wa-Wa-Wa-Wa-Wa-Wa-Sh-Sh-Sh-Sh-Sh-Sh-Sh,15,2,False,False
1474,F-Wt-Wt-Wt-Wt-Wt-Wt-Wt-Wt-Wt-Wt-Wt-Wt-Wt-Wt-Wt-Wt-Wt-Wt-Wa-Wa-Wa-Wa,15,2,False,False
1475,Sp-Sp-Sp-Sp-Sp-Sp-Sp-Sp-B-B-B-B-B-B-B-B-B-B-B-B-Sp-Sp-Sp,15,2,False,True
1476,Sh-Sh-F-F-F-F-F-F-F-F-F-F-F-F-F-F-Sh-Sh-Sh-Sh-Sh-Sh-Sh,15,2,False,False
1477,Sh-F-F-F-F-F-F-F-F-F-F-F-F-F-F-F-F-F-Wt-Wt-Wt-Wt-Wt,15,2,False,True
1478,G-G-G-G-G-G-G-G-G-G-G-G-G-G-G-U-U-U-U-U-U-U-U,15,1,False,False
1479,A-A-A-A-A-A-A-A-A-A-Wa-Wa-Wa-Wa-Wa-Wa-Wa-Wa-Wa-Wa-Wa-Wa-Wa,15,1,False,False
1480,Sh-Sh-Sh-Sh-Sh-Sh-F-F-F-F-F-F-F-F-F-F-F-F-F-F-F-Sh-Sh,15,2,False,False
1481,A-A-A-A-A-A-F-F-F-F-F-F-F-F-F-F-A-A-A-A-A-A-A,15,2,False,False
1482,G-G-G-G-G-G-G-F-F-F-F-F-F-F-F-F-A-A-A-A-A-A-A,15,2,False,False
1483,Sh-Sh-Sh-Sh-Sh-F-F-F-F-F-F-F-F-F-F-F-F-F-F-F-F-F-Sh,15,2,False,False
1484,Sp-Sp-Sp-Sp-Sp-Sp-Sp-Sp-Sp-Sp-Wa-Wa-Wa-Wa-Wa-Wa-Wa-Wa-Wa-Wa-Wa-Wa-Wa,15,1,False,False
1485,Sp-Sp-Sp-Sp-Sp-Sp-B-B-B-B-B-B-B-B-B-B-B-B-B-B-B-Sp-Sp,15,2,False,False
1486,Wa-Wa-Sh-Sh-Sh-Sh-Sh-Sh-Sh-Sh-Sh-Sh-Sh-Sh-Sh-Sh-Wa-Wa-Wa-Wa-Wa-Wa-Wa,15,2,False,False
1487,Sh-Sh-Sh-Sh-Sh-Sh-Sh-Sh-Sh-Sh-A-A-A-A-A-A-F-F-F-F-F-F-F,15,2,False,True
1488,Sh-F-F-F-F-F-F-F-F-F-Sh-Sh-Sh-Sh-Sh-Sh-Sh-Sh-Sh-Sh-Sh-Sh-Sh,15,2,False,False
1489,F-F-Sh-Sh-Sh-Sh-Sh-Sh-G-G-G-G-G-G-G-G-G-G-G-G-G-G-G,15,2,False,True
1490,A-A-A-A-A-A-A-A-A-A-Sh-Sh-Sh-Sh-Sh-Sh-Sh-Sh-Sh-F-F-F-F,15,2,False,False
1491,Wt-F-F-F-F-F-F-F-F-F-F-F-F-F-F-F-Wt-Wt-Wt-Wt-Wt-Wt-Wt,15,2,False,False
1492,F-F-F-F-F-F-F-F-F-F-F-F-F-F-F-F-F-F-F-F-F-F-Sp,15,1,False,True
1493,G-G-G-G-Sp-Sp-Sp-Sp-Sp-Sp-Sp-Sp-Sp-Sp-Sp-Sp-Sp-Sp-G-G-G-G-G,15,2,False,False
1494,Wt-Wt-Wt-F-F-F-F-F-F-F-F-F-F-F-F-F-F-Wt-Wt-Wt-Wt-Wt-Wt,15,2,False,False
1495,Wa-Wa-Wa-Wa-Wa-Wa-Wa-Wa-Wa-Wa-Wa-Wa-Wa-Wa-Wa-Wa-Wa-Wa-Wa-B-B-B-B,15,1,False,True
1496,Wa-Wt-Wt-Wt-Wt-Wt-Wt-Wt-Wt-Wt-Wt-Wt-Wt-Wt-Wt-Wt-Wa-Wa-Wa-Wa-Wa-Wa-Wa,14,2,False,False
1497,G-F-F-F-F-F-F-F-F-F-F-F-F-F-F-F-A-A-A-A-A-A-A,14,2,False,False
1498,Sh-Sh-Sh-Sh-F-F-F-F-F-F-F-F-F-F-F-F-F-F-G-G-G-G-G,14,2,False,False
1499,Sh-Sh-Sh-Sh-F-F-F-F-F-F-F-F-F-F-F-F-F-F-F-F-F-F-G,14,2,False,False
1500,Sh-F-F-F-F-F-F-F-F-F-Wt-Wt-Wt-Wt-Wt-Wt-Wt-Wt-Wt-Wt-Wt-Wt-Wt,14,2,False,False
1501,B-F-F-F-F-F-F-F-F-F-F-F-F-F-F-F-F-F-F-F-F-F-F,14,1,False,False
1502,Sh-Sh-Sh-Sh-Sh-Sh-Sh-Sh-Sh-Sh-F-F-F-F-F-F-F-F-F-F-Sh-Sh-Sh,14,2,False,False
1503,F-F-U-U-U-U-U-U-U-U-U-U-U-U-U-U-U-U-U-U-U-U-U,14,1,False,True
1504,Sh-Sh-Sh-Sh-Sh-Sh-F-F-F-F-F-F-F-F-F-F-F-F-F-Sh-Sh-Sh-Sh,14,2,False,True
1505,A-A-A-A-Sp-Sp-Sp-Sp-Sp-Sp-Sp-Sp-Sp-Sp-Sp-Sp-Sp-Sp-Sp-Sp-Sp-Sp-Sp,14,1,False,False
1506,Sp-Sp-Sp-Sp-Sp-G-G-G-G-G-G-G-G-G-G-G-G-Sp-Sp-Sp-Sp-Sp-Sp,14,2,False,False
1507,Wa-Wa-Wa-Sh-Sh-Sh-Sh-Sh-Sh-Sh-Sh-Sh-Sh-Sh-Sh-Sh-Wa-Wa-Wa-Wa-Wa-Wa-Wa,14,2,False,False
1508,A-A-A-A-A-A-A-F-F-F-F-F-F-F-F-F-F-F-F-A-A-A-A,14,2,False,False
1509,A-A-A-A-A-A-F-F-F-F-F-F-F-F-F-F-F-F-F-F-A-A-A,14,2,False,False
1510,F-F-F-Sh-Sh-Sh-Sh-Sh-A-A-A-A-A-A-A-A-A-A-A-A-A-A-A,14,2,False,True
1511,A-A-A-Sh-Sh-Sh-Sh-Sh-Sh-F-F-F-F-F-F-F-F-F-F-F-F-F-F,14,2,False,False
1512,Wt-Wt-Wt-Wt-F-F-F-F-F-F-F-F-F-F-F-F-Wt-Wt-Wt-Wt-Wt-Wt-Wt,14,2,False,False
1513,F-F-F-Wt-Wt-Wt-Wt-Wt-Wt-Wt-Wt-Wt-Wt-Wt-Wt-Wt-Wt-Wt-F-F-F-F-F,14,2,False,True
1514,Sp-Sp-Sp-Sp-B-B-B-B-B-B-B-B-B-B-B-B-B-B-B-B-B-Sp-Sp,14,2,False,False
1515,Sp-Sp-Sp-Sp-Sp-Sp-Sp-Sp-Sp-Sp-Sp-Sp-Sp-Sp-Sp-U-U-U-U-U-U-U-U,14,1,False,False
1516,Wt-Wt-Wt-Wt-Wt-Wt-Wt-A-A-A-A-A-A-A-A-A-A-A-A-A-A-F-F,14,2,False,True
1517,F-Wt-Wt-Wt-Wt-Sh-Sh-Sh-Sh-Sh-Sh-Sh-Sh-Sh-Sh-Sh-Sh-Sh-Sh-Sh-Sh-Sh-Sh,14,2,False,False
1518,F-F-F-Sh-Sh-Sh-Sh-Sh-Sh-Sh-Sh-Sh-Sh-Sh-Sh-Sh-Sh-Sh-Sh-Sh-A-A-A,14,2,False,False
1519,A-A-A-Sh-Sh-Sh-Sh-Sh-Sh-Sh-Sh-Sh-Sh-Sh-Sh-Sh-Sh-Sh-Sh-Sh-F-F-F,14,2,False,False
1520,Sp-Sp-Sp-Sp-Sp-Sp-Sp-Sp-Sp-Sp-Sp-B-B-B-B-B-B-B-B-B-B-Sp-Sp,14,2,False,False
1521,A-A-A-A-A-A-A-Sp-Sp-Sp-Sp-Sp-Sp-Sp-Sp-Sp-Sp-Sp-Sp-Sp-Sp-Sp-Sp,14,1,False,False
1522,B-B-B-B-B-B-B-B-B-B-B-B-B-B-F-F-F-F-F-F-F-F-F,14,1,False,True
1523,A-A-A-A-A-A-A-Sh-Sh-Sh-Sh-Sh-Sh-Sh-Sh-Sh-Sh-Sh-Sh-Sh-Sh-Sh-F,14,2,False,False
1524,Sh-Sh-Sh-Sh-Sh-Sh-Sh-Sh-Sh-Sh-Sh-A-A-A-F-F-F-F-F-F-F-F-F,14,2,False,False
1525,Sp-B-B-B-B-B-B-B-B-B-B-B-B-B-G-G-G-G-G-G-G-G-G,14,2,False,False
1526,Sp-Sp-Sp-Sp-Sp-Sp-Sp-Sp-Sp-Wa-Wa-Wa-Wa-Wa-Wa-Wa-Wa-Wa-Wa-Wa-Wa-Wa-Wa,14,1,False,True
1527,F-F-F-F-F-A-A-A-A-A-A-A-A-A-A-A-A-A-A-A-A-F-F,14,2,False,True
1528,Sp-Sp-Sp-Sp-Sp-Sp-Sp-Sp-Sp-G-G-G-G-G-G-G-G-G-G-Sp-Sp-Sp-Sp,14,2,False,True
1529,Wt-Wt-Wt-A-A-A-A-A-A-A-A-A-A-A-A-A-Wa-Wa-Wa-Wa-Wa-Wa-Wa,14,2,False,False
1530,A-A-A-A-A-A-A-A-A-F-F-F-F-F-F-F-A-A-A-A-A-A-A,14,2,False,False
1531,G-G-G-G-B-B-B-B-B-B-B-B-B-B-B-B-B-B-G-G-G-G-G,14,2,False,False
1532,G-G-G-G-G-G-Wa-Wa-Wa-Wa-Wa-Wa-Wa-Wa-Wa-Wa-Wa-Wa-Wa-Wa-Wa-Wa-Wa,14,1,False,False
1533,Wt-Wt-Wt-Wt-Wt-Wt-Wt-Wt-Wt-Wt-Wt-U-U-U-U-U-U-U-U-U-U-U-U,14,1,False,True
1534,Sp-G-G-G-G-G-G-G-G-G-Sp-Sp-Sp-Sp-Sp-Sp-Sp-Sp-Sp-Sp-Sp-Sp-Sp,14,2,False,False
1535,Sp-Sp-G-G-G-G-G-G-G-G-G-G-G-Sp-Sp-Sp-Sp-Sp-Sp-Sp-Sp-Sp-Sp,14,2,False,False
1536,G-G-G-G-G-G-Sp-Sp-Sp-Sp-Sp-Sp-Sp-Sp-Sp-Sp-Sp-Sp-G-G-G-G-G,14,2,False,False
1537,A-A-A-A-A-Sh-Sh-Sh-Sh-Sh-Sh-Sh-Sh-Sh-Sh-Sh-Sh-Sh-Sh-Sh-F-F-F,14,2,False,False
1538,Sp-Sp-Sp-Sp-Sp-Sp-Sp-Sp-Sp-Sp-Sp-Sp-Sp-G-G-G-G-G-Sp-Sp-Sp-Sp-Sp,14,2,False,False
1539,F-F-F-A-A-A-A-A-A-A-A-A-A-A-A-A-A-A-A-A-A-F-F,14,2,False,False
1540,B-B-B-B-B-B-Sh-Sh-Sh-Sh-Sh-Sh-Sh-Sh-Sh-Sh-Sh-Sh-Sh-Sh-Sh-Sh-Sh,14,1,False,False
1541,Wt-Wt-Wt-Wt-Wt-Wt-Wt-Wt-Wt-Wt-U-U-U-U-U-U-U-U-U-U-U-U-U,14,1,False,True
1542,F-F-F-A-A-A-A-A-A-A-A-A-A-A-A-A-A-Wt-Wt-Wt-Wt-Wt-Wt,14,2,False,False
1543,F-F-F-A-A-A-A-A-A-A-A-A-A-A-A-A-A-A-F-F-F-F-F,14,2,False,True
1544,B-B-B-B-B-B-B-B-B-B-B-B-B-B-B-B-B-B-B-B-B-B-U,14,1,False,True
1545,A-A-A-A-A-A-A-G-G-G-G-G-G-G-G-G-G-G-G-G-G-G-G,13,1,False,False
1546,F-F-Sh-Sh-Sh-Sh-Sh-Sh-Sh-Sh-Sh-Sh-Sh-Sh-Sh-Sh-Sh-Sh-Sh-A-A-A-A,13,2,False,True
1547,F-F-F-F-F-F-F-F-F-F-F-F-F-F-F-F-F-F-F-Wt-Sh-Sh-Sh,13,2,False,False
1548,G-G-G-G-G-G-G-G-G-G-G-G-G-G-G-G-G-G-U-U-U-U-U,13,1,False,False
1549,F-F-F-F-F-F-F-F-F-F-F-F-Sh-Sh-Sh-Sh-F-F-F-F-F-F-F,13,2,False,True
1550,B-B-B-B-B-B-B-Sp-Sp-Sp-Sp-Sp-Sp-Sp-Sp-Sp-G-G-G-G-G-G-G,13,2,False,False
1551,Sp-Sp-G-G-G-G-G-G-G-G-G-G-G-G-G-G-G-G-Sp-Sp-Sp-Sp-Sp,13,2,False,True
1552,F-F-F-F-F-F-F-F-Wt-Wt-Wt-Wt-Wt-Wt-Wt-Wt-Wt-Wa-Wa-Wa-Wa-Wa-Wa,13,2,False,True
1553,A-A-A-A-F-F-F-F-F-F-F-F-F-F-F-F-F-F-F-A-A-A-A,13,2,False,False
1554,Wa-Wa-Wa-Wa-Wa-Wa-A-A-A-A-A-A-A-A-A-A-A-A-Wa-Wa-Wa-Wa-Wa,13,2,False,False
1555,Sp-Sp-Sp-Sp-Sp-B-B-B-B-B-B-B-B-B-B-B-G-G-G-G-G-G-G,13,2,False,False
1556,Sh-F-F-F-F-F-F-F-F-F-F-Sh-Sh-Sh-Sh-Sh-Sh-Sh-Sh-Sh-Sh-Sh-Sh,13,2,False,False
1557,F-F-Sh-Sh-Sh-Sh-Sh-Sh-Sh-Sh-Sh-A-A-A-A-A-A-A-A-A-A-A-A,13,2,False,True
1558,Wa-Wa-Wa-Wa-Wt-Wt-Wt-Wt-Wt-Wt-Wt-Wt-Wt-Wt-Wt-Wt-Wt-Wt-Wt-Wt-F-F-F,13,2,False,False
1559,A-A-A-A-A-A-A-A-Sh-Sh-Sh-Sh-Sh-Sh-Sh-Sh-Sh-Sh-Sh-A-A-A-A,13,2,False,False
1560,A-A-A-A-A-A-A-A-A-A-A-A-A-A-A-A-A-Sh-Sh-Sh-Sh-Sh-F,13,2,False,False
1561,F-F-F-F-A-A-A-A-A-A-A-A-A-A-A-A-Wt-Wt-Wt-Wt-Wt-Wt-Wt,13,2,False,False
1562,Wa-Wa-Wa-Wa-Wa-Sh-Sh-Sh-Sh-Sh-Sh-Sh-Sh-Sh-Sh-Sh-Sh-Wa-Wa-Wa-Wa-Wa-Wa,13,2,False,False
1563,Sh-Sh-Sh-Sh-Sh-F-F-F-F-F-F-F-F-F-F-F-A-A-A-A-A-A-A,13,2,False,False
1564,A-A-A-A-A-A-A-A-A-A-A-A-A-A-A-A-A-Sh-Sh-Sh-F-F-F,13,2,False,False
1565,B-B-B-A-A-A-A-A-A-A-A-A-A-A-A-A-G-G-G-G-G-G-G,13,2,False,False
1566,Sh-Sh-Sh-Sh-Sh-F-F-F-F-F-F-F-F-F-F-F-F-F-F-A-A-A-A,13,2,False,False
1567,Sp-Sp-Sp-B-B-B-B-B-B-B-B-B-B-B-B-B-B-B-B-B-G-G-G,13,2,False,True
1568,Sp-Sp-Sp-Wa-Wa-Wa-Wa-Wa-Wa-Wa-Wa-Sh-Sh-Sh-Sh-Sh-Sh-Sh-Sh-Sh-Sh-Sh-Sh,13,2,False,False
1569,Sh-Sh-Sh-Sh-Sh-Sh-Sh-Sh-Sh-Sh-Sh-Sh-Sh-Sh-Sh-Sh-F-F-F-F-A-A-A,13,2,False,True
1570,G-G-G-G-G-G-G-G-G-G-Sp-Sp-Sp-Sp-Sp-Sp-Sp-Sp-Sp-Sh-Sh-Sh-Sh,13,2,False,False
1571,F-A-A-A-A-A-F-F-F-F-F-F-F-F-F-F-F-F-F-F-F-F-F,13,2,False,False
1572,F-F-A-A-A-A-A-F-F-F-F-F-F-F-F-F-F-F-F-F-F-F-F,13,2,False,False
1573,Sp-Sp-Sp-Sp-Sp-Sp-Sp-B-B-B-B-B-B-B-B-B-B-B-B-A-A-A-A,13,2,False,False
1574,Sh-Sh-Sh-Sh-Sh-Sh-Sh-Sh-Sh-Sh-Sh-Sh-Sh-Sh-Sh-Sh-Wt-Wt-Wt-F-F-F-F,13,2,False,False
1575,Sh-Sh-Sh-Sh-Sh-Sh-A-A-A-A-A-A-A-A-A-A-A-A-A-A-F-F-F,13,2,False,False
1576,Sh-F-F-F-F-F-F-F-F-F-F-F-F-F-F-F-F-A-A-A-A-A-A,13,2,False,False
1577,A-Wa-Wa-Wa-Wa-Wa-Sp-Sp-Sp-Sp-Sp-Sp-Sp-Sp-Sp-Sp-Sp-Sp-Sp-Sp-Sp-Sp-Sp,13,2,False,False
1578,F-A-A-A-A-A-A-A-A-A-A-A-F-F-F-F-F-F-F-F-F-F-F,13,2,False,True
1579,Sh-Sh-Wt-Wt-Wt-Wt-A-A-A-A-A-A-A-A-A-A-A-A-A-A-A-A-A,13,2,False,False
1580,Wt-Wt-Wt-Sh-Sh-Sh-Sh-Sh-Sh-Sh-Sh-Sh-Sh-Sh-Sh-Sh-F-F-F-F-F-F-F,13,2,False,True
1581,G-Wt-Wt-Wt-Wt-Wt-Wt-Wt-Wt-Wt-Wt-Wt-Wt-Wt-Wt-Wt-Wt-Wt-Wt-Wt-Wt-Wt-Wt,13,1,False,False
1582,Sp-Sp-B-B-B-B-B-B-B-B-B-B-B-B-Sp-Sp-G-G-G-G-G-G-G,13,3,False,False
1583,A-A-A-A-A-A-A-Sh-Sh-Sh-Sh-Sh-Sh-Sh-Sh-Sh-Sh-Sh-A-A-A-A-A,13,2,False,False
1584,B-B-B-B-B-B-B-B-B-B-Sp-Sp-Sp-Sp-Sp-Sp-G-G-G-G-G-G-G,13,2,False,False
1585,Sh-Sh-Sh-Sh-Sh-Sh-Sh-Sh-Sh-Sh-Sh-Sh-Sh-Sh-Sh-Sh-F-F-F-F-Sh-Sh-Sh,13,2,False,True
1586,F-F-F-Sh-Sh-Sh-Sh-Sh-Sh-Sh-Sh-Sh-Sh-Sh-A-A-A-A-A-A-A-A-A,13,2,False,True
1587,Sp-Sp-Sp-Sp-Sp-Sp-Sp-Sp-Sp-Sp-Sp-Sp-Sp-Sp-Sp-Sp-Sp-Sp-G-Sp-Sp-Sp-Sp,13,2,False,False
1588,F-Wt-Wt-Wt-Wt-Wt-Wt-Wt-Wt-Wt-Wt-Wt-Wt-Wt-Wt-Wt-Wt-Wt-Wt-Wt-Wt-Sh-Sh,13,2,False,False
1589,F-F-Wt-Wt-Wt-Wt-Wt-Wt-Wt-Wt-Wt-Wt-Wt-Wt-Wt-Wt-F-F-F-F-F-F-F,13,2,False,False
1590,Sp-G-G-G-G-G-G-G-G-G-G-G-G-G-Sp-Sp-Sp-Sp-Sp-Sp-Sp-Sp-Sp,13,2,False,False
1591,Sp-A-A-A-A-A-A-A-A-A-A-A-A-A-A-A-A-A-A-A-A-A-A,13,1,False,False
1592,B-B-G-G-G-G-G-G-Wa-Wa-Wa-Wa-Wa-Wa-Wa-Wa-Wa-Wa-Wa-Wa-Wa-Wa-Wa,12,2,False,False
1593,F-F-Sh-Sh-Sh-Sh-Sh-F-F-F-F-F-F-F-F-F-F-F-F-F-F-F-F,12,2,False,False
1594,Sh-Sh-Sh-Sh-Sh-Sh-Sh-Sh-F-F-F-F-F-F-F-F-F-F-Sh-Sh-Sh-Sh-Sh,12,2,False,False
1595,F-F-Sh-Sh-Sh-Sh-Sh-Sh-Sh-Sh-Sh-Sh-Sh-Sh-Sh-Sh-Wt-Wt-Wt-Wt-Wt-Wt-Wt,12,2,False,False
1596,B-B-B-B-B-B-B-B-B-B-B-B-U-U-U-U-U-U-U-U-U-U-U,12,1,False,True
1597,A-F-F-F-F-F-F-F-F-F-F-F-F-F-F-F-F-F-F-F-Sh-Sh-Sh,12,2,False,False
1598,G-Sp-Sp-B-B-B-B-B-B-B-B-B-B-B-B-B-B-B-B-B-B-B-B,12,2,False,False
1599,Wa-Wa-Wa-Wa-Wa-Wa-Wa-Wa-Wa-Wa-Wa-Wa-Wa-Wa-U-U-U-U-U-U-U-U-U,12,1,False,True
1600,Wt-F-F-F-F-F-F-F-F-F-F-F-F-F-F-F-F-F-F-Sh-Sh-Sh-Sh,12,2,False,True
1601,A-A-A-A-A-A-Sh-Sh-Sh-Sh-Sh-Sh-Sh-Sh-Sh-Sh-F-F-F-F-F-F-F,12,2,False,False
1602,Sh-Sh-Sh-Sh-Sh-Sh-Sh-Sh-F-F-F-F-F-F-F-F-F-F-F-Sh-Sh-Sh-Sh,12,2,False,False
1603,Sh-Sh-Sh-Sh-Sh-Sh-Sh-F-F-F-F-F-F-F-F-F-F-F-F-F-F-F-Sh,12,2,False,True
1604,F-F-Sh-Sh-Sh-Sh-Sh-Sh-Sh-Sh-Sh-Sh-Sh-Sh-A-A-A-A-A-A-A-A-A,12,2,False,True
1605,Wa-F-F-F-F-F-F-F-F-F-F-F-F-F-Wa-Wa-Wa-Wa-Wa-Wa-Wa-Wa-Wa,12,2,False,False
1606,A-A-A-A-A-A-A-A-A-G-G-G-G-G-G-G-G-G-G-G-G-G-G,12,1,False,False
1607,Wt-Wt-Wt-Wt-Wt-Wt-F-F-F-F-F-F-F-F-F-F-Sh-Sh-Sh-Sh-Sh-Sh-Sh,12,2,False,False
1608,F-F-G-G-G-G-G-G-G-G-G-G-G-G-G-G-G-G-G-G-F-F-F,12,2,False,False
1609,F-F-G-G-G-G-G-G-G-G-G-G-G-G-G-G-F-F-F-F-F-F-F,12,2,False,False
1610,G-G-G-G-G-G-G-G-G-G-G-G-G-G-G-G-B-B-B-B-B-B-Sp,12,2,False,False
1611,A-F-F-F-F-F-F-F-F-Sh-Sh-Sh-Sh-Sh-Sh-Sh-Sh-Sh-Sh-Sh-Sh-Sh-Sh,12,2,False,False
1612,Wt-Wt-Wt-Wt-Wt-Wt-A-A-A-A-A-A-A-A-A-A-A-A-A-F-F-F-F,12,2,False,True
1613,Sh-Sh-A-A-A-A-A-Sh-Sh-Sh-Sh-Sh-Sh-Sh-Sh-Sh-Sh-Sh-Sh-Sh-Sh-Sh-Sh,12,2,False,False
1614,Sh-Sh-F-F-F-F-F-F-F-F-F-F-F-F-F-F-F-F-F-Sh-Sh-Sh-Sh,12,2,False,True
1615,F-F-F-Sh-Sh-Sh-Sh-Sh-Sh-F-F-F-F-F-F-F-F-F-F-F-F-F-F,12,2,False,False
1616,Sh-A-A-A-A-A-A-Sh-Sh-Sh-Sh-Sh-Sh-Sh-Sh-Sh-Sh-Sh-Sh-Sh-Sh-Sh-Sh,12,2,False,False
1617,Wt-Sh-Sh-A-A-A-A-A-A-A-A-A-A-A-A-A-A-A-A-A-A-A-A,12,2,False,True
1618,B-B-B-B-B-B-B-B-B-B-B-B-B-B-B-U-U-U-U-U-U-U-U,12,1,False,False
1619,Sp-Sp-Sp-B-B-B-B-B-B-B-B-B-B-B-B-B-B-G-G-G-G-G-G,12,2,False,True
1620,F-F-F-F-F-F-F-F-F-A-A-A-A-A-A-A-A-A-A-F-F-F-F,12,2,False,True
1621,A-A-A-A-A-A-A-A-A-Sp-Sp-Sp-Sp-Sp-Sp-Sp-Sp-Sp-Sp-Sp-Sp-Sp-Sp,12,1,False,False
1622,Sp-Sp-Sp-Sp-B-B-B-B-B-B-B-B-B-B-B-B-B-B-B-G-G-G-G,12,2,False,True
1623,B-B-B-B-F-F-F-F-F-F-F-F-F-F-F-F-F-F-F-F-F-F-F,12,1,False,True
1624,Sp-Sp-Sp-Sp-Sp-Sp-Sp-Sp-Sp-Sp-Sp-Sp-Sp-Sp-Sp-Sp-Sp-Sp-A-A-A-A-A,12,1,False,False
1625,F-F-F-F-F-A-A-A-A-A-A-A-A-A-A-A-A-Wt-Wt-Wt-Wt-Wt-Wt,12,2,False,False
1626,F-A-A-A-A-A-A-A-A-A-A-A-A-A-A-A-A-A-Wt-Wt-Wt-Wt-Wt,12,2,False,False
1627,F-F-F-F-F-Wt-Wt-Wt-Wt-Wt-Wt-Wt-Wt-Wt-Wt-Wt-Wt-Wt-Wt-Wt-F-F-F,12,2,False,False
1628,B-B-B-B-B-B-B-B-B-B-B-B-B-B-B-B-B-F-F-F-F-F-F,12,1,False,False
1629,Sh-Sh-Sh-Sh-Sh-Sh-Sh-Sh-Sh-Sh-Sh-Sh-Sh-Sh-Sh-Sh-Sh-Sh-Sh-Sh-Wa-Wa-Wa,12,1,False,False
1630,A-Wa-Wa-Wa-Wa-Wa-Wa-Wa-Wa-Sp-Sp-Sp-Sp-Sp-Sp-Sp-Sp-Sp-Sp-Sp-Sp-Sp-Sp,12,2,False,False
1631,Wa-Wa-Sh-Sh-Sh-Sh-Sh-Sh-Sh-Sh-Sh-Sh-Sh-Sh-Sh-Sh-Wt-Wt-Wt-Wt-Wt-Wt-Wt,12,2,False,False
1632,Wt-Wt-Sh-Sh-Sh-A-A-A-A-A-A-A-A-A-A-A-A-A-A-A-A-A-A,12,2,False,False
1633,F-F-F-F-F-F-Wt-Wt-Wt-Wt-Wt-Wt-Wt-Wt-Wt-Wt-Wt-Wt-Wt-Wt-F-F-F,12,2,False,True
1634,Wt-Wt-Wt-Wt-Wt-Wt-Wt-Sh-Sh-Sh-Sh-Sh-Sh-Sh-F-F-F-F-F-F-F-F-F,12,2,False,False
1635,F-F-A-A-A-A-A-A-A-A-A-A-A-A-A-A-A-A-Wt-Wt-Wt-Wt-Wt,12,2,False,True
1636,Sh-Sh-Sh-A-A-A-A-A-A-A-A-A-F-F-F-F-F-F-F-F-F-F-F,12,2,False,False
1637,Sh-Sh-Sh-Sh-Sh-F-F-F-F-F-F-F-F-F-F-F-F-F-Sh-Sh-Sh-Sh-Sh,12,2,False,True
1638,Sp-Sp-G-G-G-G-G-G-G-G-G-G-Sp-Sp-Sp-Sp-Sp-Sp-Sp-Sp-Sp-Sp-Sp,12,2,False,False
1639,Sh-Sh-Sh-Sh-Sh-F-F-F-F-F-F-F-F-F-F-F-F-F-F-F-F-F-A,12,2,False,False
1640,B-B-B-B-B-B-B-B-B-B-B-B-B-B-B-B-B-B-U-U-U-U-U,12,1,False,False
1641,Wt-Wt-Wt-Wt-Wt-Wt-Sh-F-F-F-F-F-F-F-F-F-F-F-F-F-F-F-F,12,2,False,False
1642,Wa-Wa-Wa-Wa-Wa-Wa-A-A-A-A-A-A-A-A-A-A-A-A-A-Wa-Wa-Wa-Wa,12,2,False,False
1643,Sp-Sp-Sp-Sp-G-G-G-G-G-G-G-G-G-G-G-G-G-G-G-G-Sp-Sp-Sp,12,2,False,False
1644,Sp-Sp-Sp-Sp-Sp-Sp-Sp-Sp-Sp-Sp-Sp-Sp-A-A-A-A-A-A-A-A-A-A-A,12,1,False,False
1645,F-F-F-F-F-F-A-A-A-A-A-A-A-A-A-A-A-A-A-A-A-F-F,12,2,False,True
1646,Sp-Sp-Sp-Sp-Sp-Sp-Sp-Sp-G-G-G-G-G-G-G-G-G-G-G-Sp-Sp-Sp-Sp,12,2,False,True
1647,A-A-Sh-Sh-Sh-Sh-Sh-Sh-Sh-A-A-A-A-A-A-A-A-A-A-A-A-A-A,12,2,False,False
1648,Sh-Sh-Sh-Sh-Sh-A-A-A-A-A-A-A-A-A-A-A-A-A-A-F-F-F-F,12,2,False,True
1649,G-G-G-G-G-Sh-Sh-Sh-Sh-Sh-Sh-Sh-Sh-Sh-Sh-Sh-Sh-Sh-A-A-A-A-A,12,2,False,False
1650,G-G-G-Sp-Sp-Sp-Sp-Sp-Sp-Sp-Sp-Sp-Sp-Sp-Sp-Sp-Sp-Sp-G-G-G-G-G,12,2,False,False
1651,F-F-F-F-F-F-F-F-F-F-F-Sh-Sh-Sh-Sh-Sh-Sh-Sh-Sh-F-F-F-F,12,2,False,False
1652,Wt-Wt-Wt-Wt-Wt-Wt-Wt-Wt-Wt-Wt-Wt-Wt-Wt-Wt-Wt-Wt-Wt-Wt-Wt-G-G-G-G,12,1,False,False
1653,Wt-F-F-F-F-F-F-F-F-F-F-F-F-F-F-F-F-F-F-F-F-Wt-Wt,12,2,False,False
1654,A-A-A-A-A-A-A-A-A-A-A-A-A-A-A-A-A-A-F-F-F-F-A,11,2,False,True
1655,Sp-Sp-Sp-Sp-G-G-G-G-G-G-G-G-G-G-G-G-G-G-G-Sp-Sp-Sp-Sp,11,2,False,False
1656,A-A-A-A-A-A-A-A-A-A-A-A-A-Sp-Sp-Sp-Sp-Sp-Sp-Sp-Sp-Sp-Sp,11,1,False,False
1657,B-B-B-B-Sp-Sp-Sp-Sp-Sp-Sp-Sp-Sp-Sp-Sp-Sp-Sp-Sp-B-Sp-Sp-Sp-Sp-Sp,11,3,False,False
1658,Sh-Sh-Sh-A-A-A-A-A-A-A-A-A-A-A-A-A-A-A-F-F-F-F-F,11,2,False,True
1659,Wa-Wa-F-F-F-F-F-F-F-F-F-F-F-F-Wa-Wa-Wa-Wa-Wa-Wa-Wa-Wa-Wa,11,2,False,True
1660,Wt-Wt-Wt-Wt-Wt-Wt-A-A-A-A-A-A-A-A-A-A-A-A-A-F-F-F-A,11,3,False,True
1661,G-G-B-B-B-B-B-B-B-B-B-B-B-B-B-B-B-B-G-G-G-G-G,11,2,False,False
1662,Sh-Sh-Sh-Sh-Sh-Sh-A-A-A-A-A-A-A-A-A-A-A-A-A-F-F-F-F,11,2,False,True
1663,Sh-Sh-Sh-F-F-F-F-F-F-F-F-F-F-F-F-F-F-F-F-F-F-F-Wt,11,2,False,False
1664,B-B-B-B-Sp-Sp-Sp-Sp-Sp-Sp-Sp-Sp-Sp-Sp-Sp-Sp-Sp-B-B-B-B-B-B,11,2,False,False
1665,Sh-Sh-Sh-Sh-Sh-A-A-A-A-A-A-A-A-A-A-A-A-A-A-A-A-F-F,11,2,False,True
1666,F-Sh-Sh-Sh-Sh-Sh-Sh-Sh-Sh-Sh-Sh-Sh-F-F-F-F-F-F-F-F-F-F-F,11,2,False,True
1667,F-Sp-Sp-Sp-Sp-B-B-B-B-B-B-B-B-B-B-B-B-B-B-B-B-B-B,11,2,False,False
1668,A-A-A-A-A-Sh-Sh-Sh-Sh-Sh-Sh-Sh-Sh-Sh-Sh-Sh-Sh-Sh-Sh-A-A-A-A,11,2,False,False
1669,Wt-Wt-Wt-Wt-Wt-Wt-Wt-Wt-Wt-Wt-Wt-Wt-Wt-Wt-Wt-U-U-U-U-U-U-U-U,11,1,False,True
1670,F-F-F-F-F-F-F-F-Sh-Sh-Sh-Sh-Sh-Sh-Sh-Sh-A-A-A-A-A-A-A,11,2,False,True
1671,B-B-B-B-B-B-B-B-B-B-B-Sp-Sp-Sp-Sp-Sp-G-G-G-G-G-G-G,11,2,False,False
1672,F-F-Wa-Wa-Wa-Wa-Wa-Wa-Wa-Wa-Wa-Wa-Wa-Wa-Wt-Wt-Wt-Wt-Wt-Wt-Wt-Wt-Wt,11,2,False,False
1673,B-B-B-B-B-B-B-B-B-B-B-B-Sp-Sp-Sp-Sp-G-G-G-G-G-G-G,11,2,False,False
1674,Sh-Sh-Wa-Wa-Wa-Wa-Wa-Wa-Sp-Sp-Sp-Sp-Sp-Sp-Sp-Sp-Sp-Sp-Sp-Sp-Sp-Sp-Sp,11,2,False,False
1675,Sp-Sp-Sp-Sp-Sp-Sp-Sp-Sp-Sp-B-B-B-B-B-B-B-B-B-B-B-B-Sp-Sp,11,2,False,True
1676,Sp-Sp-Sp-Sp-Sp-Sp-Sp-Sp-G-G-G-G-G-G-G-G-G-G-G-G-Sp-Sp-Sp,11,2,False,False
1677,B-B-B-B-B-B-B-B-B-B-B-B-B-B-B-B-B-B-F-F-F-F-F,11,1,False,True
1678,A-A-A-Sh-Sh-Sh-Sh-Sh-Sh-Sh-Sh-Sh-Sh-Sh-Sh-Sh-Sh-Sh-Sh-Sh-Sh-F-F,11,2,False,True
1679,F-Wt-Wt-Wt-Wt-Wt-F-F-F-F-F-F-F-F-F-F-F-F-F-F-F-F-F,11,2,False,True
1680,B-B-B-B-B-B-B-B-Sp-Sp-Sp-Sp-Sp-Sp-Sp-Sp-Sp-B-B-B-B-B-B,11,2,False,True
1681,B-B-B-B-B-B-B-B-Sp-Sp-Sp-Sp-Sp-Sp-Sp-Sp-Sp-Sp-Sp-Sp-A-A-A,11,2,False,False
1682,B-B-B-B-B-B-B-B-Sp-Sp-Sp-Sp-Sp-Sp-Sp-Sp-Sp-B-B-B-Sp-Sp-Sp,11,3,False,False
1683,Sp-Sp-Sp-Sp-B-B-B-B-B-B-B-B-B-B-B-B-B-B-B-B-Sp-Sp-Sp,11,2,False,False
1684,Sp-Sp-Sp-Sp-Sp-Sp-Sp-Sp-Sp-Sp-Sp-Sp-Sp-B-B-B-B-B-B-B-Sp-Sp-Sp,11,2,False,True
1685,Wa-Wt-Wt-Wt-Wt-Sh-Sh-Sh-Sh-Sh-Sh-Sh-Sh-Sh-Sh-Sh-Sh-Sh-Sh-Sh-Sh-Sh-Sh,11,2,False,False
1686,A-A-A-A-A-F-F-F-F-F-F-F-F-F-F-F-F-F-F-Sh-Sh-Sh-Sh,11,2,False,False
1687,Wt-Wt-Wt-Wt-Sh-Sh-Sh-Sh-Sh-Sh-Sh-Sh-Sh-Sh-Sh-Sh-Wt-Wt-Wt-Wt-Wt-Wt-Wt,11,2,False,False
1688,F-F-F-G-G-G-G-G-G-G-G-G-G-G-G-G-Wt-Wt-Wt-Wt-Wt-Wt-Wt,11,2,False,False
1689,A-A-A-A-A-A-A-A-A-A-F-F-F-F-F-F-F-F-A-A-A-A-A,11,2,False,False
1690,B-B-B-B-B-B-B-B-B-B-B-B-B-B-B-B-A-A-A-A-A-A-A,11,1,False,False
1691,Sh-F-F-F-F-F-F-F-F-F-F-F-F-F-F-F-F-F-F-F-A-A-A,11,2,False,False
1692,Wt-Wt-Wt-Wt-Sh-Sh-Sh-Sh-Sh-Sh-Sh-Sh-Sh-Sh-Sh-Sh-Sh-Sh-Sh-F-F-F-F,11,2,False,True
1693,A-A-A-A-A-A-A-F-F-F-F-F-F-F-F-F-F-F-A-A-A-A-A,11,2,False,False
1694,Wt-Wt-Wt-Wt-Wt-Wt-Wt-Wt-Wt-Wt-Wt-A-A-A-A-A-A-A-A-A-A-A-A,11,1,False,False
1695,G-G-G-G-G-G-G-G-G-G-G-G-G-G-G-G-G-Sp-Sp-Sp-G-G-G,11,2,False,True
1696,Sh-Sh-Sh-Sh-Sh-Sh-Sh-F-F-F-F-F-F-F-F-F-F-F-F-F-F-Sh-Sh,11,2,False,False
1697,F-F-Sh-Sh-Sh-Sh-Sh-Sh-Sh-Sh-Sh-Sh-Sh-F-F-F-F-F-F-F-F-F-F,11,2,False,True
1698,Sh-Sh-Sh-Sh-Sh-Sh-Sh-F-F-F-F-F-F-F-F-F-A-A-A-A-A-A-A,11,2,False,False
1699,F-F-F-F-F-F-Wt-Wt-Wt-Wt-Wt-Wt-Wt-Wt-Wt-Wt-Wt-F-F-F-F-F-F,11,2,False,True
1700,F-F-F-F-F-Wt-Wt-Wt-Wt-Wt-Wt-Wt-Wt-Wt-Wt-Wt-F-F-F-F-F-F-F,11,2,False,False
1701,A-A-A-A-Wa-Wa-Wa-Wa-Wa-Wa-Wa-Wa-Wa-Wa-Wa-Wa-Wa-Wa-Wa-Wa-Wa-Wa-Wa,11,1,False,False
1702,G-G-Sp-Sp-Sp-Sp-Sp-Sp-Sp-Sp-Sp-Sp-Sp-Sp-Sp-Sp-G-G-G-G-G-G-G,11,2,False,False
1703,F-F-F-F-F-F-F-F-F-F-A-A-A-A-A-A-F-F-F-F-F-F-F,11,2,False,False
1704,Wt-Wt-F-F-F-F-F-F-F-F-F-F-F-F-F-F-F-F-Wt-Wt-Wt-Wt-Wt,11,2,False,False
1705,Wt-Wt-Wt-Wt-F-F-F-F-F-F-F-F-F-F-F-F-F-F-F-Wt-Wt-Wt-Wt,11,2,False,False
1706,G-Sp-B-B-B-B-B-B-B-B-B-B-B-B-B-B-B-B-B-B-B-B-B,11,2,False,True
1707,A-Sh-Sh-Sh-Sh-Sh-Sh-Sh-Sh-Sh-A-A-A-A-A-A-A-A-A-A-A-A-A,11,2,False,False
1708,A-B-B-B-B-B-B-B-B-B-B-B-B-B-B-B-B-B-B-B-B-B-B,11,1,False,False
1709,Sh-A-A-A-A-A-A-A-A-A-A-A-A-A-A-A-A-A-A-Sh-Sh-Sh-Sh,11,2,False,False
1710,Sh-A-A-A-A-A-A-A-A-A-A-A-A-A-A-A-A-A-Sh-Sh-Sh-Sh-Sh,11,2,False,False
1711,G-Sp-Sp-Sp-Sp-Sp-Sp-Sp-Sp-Sp-Sp-Sp-Sp-Sp-Sp-Sp-Sp-Sp-Sp-Sp-G-G-G,11,2,False,False
1712,A-A-A-A-A-A-A-A-F-F-F-F-F-F-F-F-F-F-F-F-A-A-A,10,2,False,False
1713,Sp-Sp-Sp-Sp-Sp-Sp-Sp-Sp-B-B-B-B-B-B-B-B-Sp-Sp-Sp-Sp-Sp-Sp-Sp,10,2,False,False
1714,F-F-F-F-F-F-Sh-Sh-Sh-Sh-Sh-Sh-Sh-Sh-Sh-Sh-Sh-A-A-A-A-A-A,10,2,False,True
1715,Wa-Wa-Wa-Wa-Sh-Sh-Sh-Sh-Sh-Sh-Sh-Sh-Sh-Sh-Sh-Sh-Sh-Sh-Sh-Sh-F-F-F,10,2,False,False
1716,Sh-Sh-Sh-Sh-Sh-Sh-Sh-Sh-Sh-F-F-F-F-F-F-F-F-F-F-F-Sh-Sh-Sh,10,2,False,False
1717,B-B-B-B-B-B-B-B-B-B-B-B-B-B-Sp-Sp-Sp-G-G-G-G-G-G,10,2,False,False
1718,F-F-F-Wt-Wt-Wt-Wt-Wt-Wt-Wt-Wt-Wt-Wt-Wt-F-F-F-F-F-F-F-F-F,10,2,False,True
1719,Sh-A-A-A-A-A-A-A-Wa-Wa-Wa-Wa-Wa-Wa-Wa-Wa-Wa-Wa-Wa-Wa-Wa-Wa-Wa,10,2,False,False
1720,A-A-A-A-A-F-F-F-F-F-F-F-F-F-F-F-F-F-F-F-F-Sh-Sh,10,2,False,False
1721,Sh-Sh-Sh-Sh-F-F-F-F-F-F-F-F-F-F-F-F-F-F-F-F-F-A-A,10,2,False,False
1722,Sh-Sh-Sh-Sh-Sh-Sh-Sh-Sh-Sh-Sh-Sh-Sh-Sh-Sh-F-F-F-F-F-F-F-A-A,10,2,False,False
1723,F-F-F-F-F-F-F-F-F-F-F-F-Sh-Sh-Sh-Sh-Sh-Sh-Sh-F-F-F-F,10,2,False,True
1724,G-B-B-B-B-B-B-B-B-B-B-B-B-B-B-B-B-B-B-Sp-Sp-Sp-Sp,10,2,False,False
1725,G-G-Wa-Wa-Wa-Wa-Wa-Wa-Wa-Wa-Wa-Wa-Wa-Wa-Wt-Wt-Wt-Wt-Wt-Wt-Wt-Wt-Wt,10,2,False,False
1726,Sh-Sh-Sh-Sh-A-A-A-A-A-A-A-A-A-A-A-A-A-A-A-A-A-A-F,10,2,False,True
1727,G-G-G-G-G-G-G-G-G-U-U-U-U-U-U-U-U-U-U-U-U-U-U,10,1,False,False
1728,A-Sh-Sh-Sh-Sh-Sh-Sh-Sh-Sh-Sh-Sh-Sh-Sh-Sh-Sh-Sh-Sh-Sh-Sh-A-A-A-A,10,2,False,False
1729,F-F-F-F-F-F-A-A-A-A-A-A-A-A-A-A-A-A-A-A-F-F-F,10,2,False,True
1730,Sp-B-B-B-B-B-B-B-B-B-B-Sp-Sp-Sp-Sp-Sp-Sp-Sp-Sp-Sp-Sp-Sp-Sp,10,2,False,False
1731,Sh-F-F-F-F-F-F-Sh-Sh-Sh-Sh-Sh-Sh-Sh-Sh-Sh-Sh-Sh-Sh-Sh-Sh-Sh-Sh,10,2,False,False
1732,Wa-Wa-Wa-Wa-Wa-Wt-Wt-Wt-Wt-Wt-Wt-Wt-Wt-Wt-Wt-Wt-Wt-Wa-Wa-Wa-Wa-Wa-Wa,10,2,False,False
1733,Sp-Sp-B-B-B-B-B-B-B-B-B-B-B-B-B-B-B-G-G-G-G-G-G,10,2,False,False
1734,G-G-G-Wa-Wa-Wa-Wa-Wa-Wa-Wa-Wa-Sp-Sp-Sp-Sp-Sp-Sp-Sp-Sp-Sp-Sp-Sp-Sp,10,2,False,False
1735,G-G-G-G-G-G-G-G-Sp-Sp-Sp-Sp-Sp-Sp-Sp-Sp-Sp-Sp-G-G-G-G-G,10,2,False,False
1736,Wa-Wa-Wa-Wt-Wt-Wt-Wt-Wt-Wt-Wt-Wt-Wt-Wt-Wt-Wt-Wt-Wt-Wa-Wa-Wa-Wa-Wa-Wa,10,2,False,False
1737,A-A-A-A-A-A-A-Sh-Sh-Sh-Sh-Sh-Sh-F-F-F-F-F-F-F-F-F-F,10,2,False,False
1738,F-F-Sh-Sh-Sh-Sh-Sh-Sh-Sh-F-F-F-F-F-F-F-F-F-F-F-F-F-F,10,2,False,True
1739,Wt-Wt-Wt-Wt-Wt-Wt-F-F-F-F-F-F-F-F-F-F-F-F-F-F-Wt-Wt-Wt,10,2,False,False
1740,F-F-F-F-F-F-F-Wt-Wt-Wt-Wt-Wt-Wt-Wt-Wt-Wt-Wt-Wt-F-F-F-F-F,10,2,False,True
1741,Wt-Wt-Wt-Wt-Wt-Wt-Wt-Wt-Wt-Wt-Wt-Wt-Wt-Wt-Sh-Sh-Sh-Sh-Sh-Sh-Sh-Sh-Sh,10,1,False,False
1742,Sh-Sh-Sh-Sh-Sh-F-F-F-F-F-F-F-F-F-F-F-F-F-F-F-F-Sh-Sh,10,2,False,False
1743,Wt-Wt-Wt-Wt-Wt-Wt-Wt-Wt-Wt-Wt-Wt-Wt-Wt-Wt-Wt-Wt-Wt-Wt-U-U-U-U-U,10,1,False,False
1744,Sh-Sh-F-F-F-F-F-F-F-F-F-F-F-F-F-F-F-F-Sh-Sh-Sh-Sh-Sh,10,2,False,False
1745,Sh-Sh-F-F-F-F-F-F-A-A-A-A-A-A-A-A-A-A-A-A-A-A-A,10,2,False,False
1746,A-F-F-F-F-F-F-F-Wt-Wt-Wt-Wt-Wt-Wt-Wt-Wt-Wt-Wt-Wt-Wt-Wt-Wt-Wt,10,2,False,False
1747,Sh-Sh-Sh-Sh-Sh-Sh-Sh-Sh-Sh-Sh-Sh-A-A-A-A-A-F-F-F-F-F-F-F,10,2,False,True
1748,Sh-Sh-F-F-F-F-F-F-F-F-F-F-F-F-F-F-F-F-F-A-A-A-A,10,2,False,True
1749,Sh-Sh-F-F-F-F-F-F-F-F-F-F-F-F-F-F-F-F-A-A-A-A-A,10,2,False,False
1750,B-B-B-B-B-B-B-B-B-B-B-Sp-Sp-Sp-Sp-Sp-Sp-Sp-Sp-Sp-G-G-G,10,2,False,True
1751,F-F-F-F-F-F-F-F-F-F-F-F-F-F-F-F-F-F-F-A-F-F-F,10,2,False,False
1752,B-B-B-B-A-A-A-A-A-A-A-A-A-A-A-A-F-F-F-F-F-F-F,10,2,False,False
1753,Sp-Sp-Sp-Sp-Sp-Sp-Sp-B-B-B-B-B-B-B-B-B-B-Sp-Sp-Sp-Sp-Sp-Sp,10,2,False,True
1754,G-G-G-G-G-Sp-Sp-Sp-Sp-Sp-Sp-Sp-Sp-Sp-Sp-Sp-Sp-Sp-G-G-G-G-G,10,2,False,False
1755,F-Sh-Sh-A-A-A-A-A-A-A-A-A-A-A-A-A-A-A-F-F-F-F-F,10,3,False,False
1756,Sh-Sh-Wt-Wt-Wt-Wt-Wt-Wt-Wt-Wt-F-F-F-F-F-F-F-F-F-F-F-F-F,10,2,False,False
1757,F-Sh-Sh-Sh-G-G-G-G-G-G-G-G-G-G-G-G-G-G-G-G-G-G-G,10,2,False,False
1758,A-A-A-Sh-Sh-Sh-Sh-Sh-Sh-Sh-Sh-F-F-F-F-F-F-F-F-F-F-F-F,10,2,False,False
1759,F-Wt-Wt-Wt-Wt-Wt-Wt-Wt-Wt-Wt-Wt-Wt-Wt-Wt-Wt-Wt-Wt-Wt-Wt-Wt-F-F-F,10,2,False,True
1760,Sp-Sp-G-G-G-G-G-G-G-G-G-G-G-G-G-G-G-G-G-Sp-Sp-Sp-Sp,10,2,False,False
1761,A-A-A-A-F-F-F-F-F-F-F-F-F-F-F-F-F-F-A-A-A-A-A,10,2,False,False
1762,F-G-G-G-G-G-G-G-G-G-G-G-G-G-G-G-G-G-F-F-F-F-F,10,2,False,False
1763,B-B-B-B-B-B-B-B-B-B-B-B-G-G-G-G-G-G-B-B-B-B-B,10,2,False,False
1764,F-F-F-F-A-A-A-A-A-A-A-A-A-A-A-A-A-A-A-A-A-F-F,10,2,False,True
1765,Sp-Sp-Sp-Sp-G-G-G-G-G-G-G-G-G-G-G-G-G-Sp-Sp-Sp-Sp-Sp-Sp,10,2,False,False
1766,Sh-Sh-Sh-Sh-F-F-F-F-F-F-F-F-F-F-F-F-F-F-F-G-G-G-G,10,2,False,False
1767,Wa-B-B-B-B-B-B-B-B-B-B-B-B-B-B-B-B-B-B-B-B-B-B,10,1,False,False
1768,F-F-F-U-U-U-U-U-U-U-U-U-U-U-U-U-U-U-U-U-U-U-U,10,1,False,False
1769,F-F-F-Wt-Wt-Wt-Wt-Wt-Wt-Wt-Wt-Wt-F-F-F-F-F-F-F-F-F-F-F,10,2,False,False
1770,A-A-A-A-Sh-Sh-Sh-Sh-Sh-Sh-Sh-Sh-Sh-Sh-F-F-F-F-F-F-F-F-F,10,2,False,False
1771,A-A-A-A-A-A-F-F-F-F-F-F-F-F-F-F-F-F-F-F-F-Sh-Sh,10,2,False,False
1772,A-A-A-A-A-A-A-Sh-Sh-Sh-Sh-Sh-Sh-Sh-Sh-Sh-Sh-Sh-F-F-F-F-F,10,2,False,True
1773,A-A-A-A-A-A-A-A-A-A-A-A-Sh-Sh-Sh-Sh-Sh-Sh-Sh-F-F-F-F,10,2,False,False
1774,Wt-Wt-Wt-Wt-Wt-Wt-Wt-F-F-F-F-F-F-F-F-F-Wa-Wa-Wa-Wa-Wa-Wa-Wa,10,2,False,False
1775,Sh-Sh-Sh-Sh-Sh-Sh-Sh-Sh-Sh-Sh-Sh-F-F-F-F-F-F-F-F-Sh-Sh-Sh-Sh,10,2,False,False
1776,Sh-Sh-Sh-Sh-Sh-Sh-Sh-Sh-Sh-Sh-A-A-A-A-A-A-A-A-A-A-A-A-F,10,2,False,False
1777,Sh-Sh-Sh-Sh-Sh-Sh-Sh-Sh-A-A-A-A-A-A-A-A-A-F-F-F-F-F-F,10,2,False,True
1778,Sh-Sh-Sh-Sh-Sh-Sh-Sh-F-F-F-F-F-F-F-F-F-F-F-A-A-A-A-A,10,2,False,False
1779,Sh-Sh-Sh-Sh-Sh-Sh-Sh-F-F-F-F-F-F-F-F-F-F-F-F-F-F-F-A,10,2,False,False
1780,Wt-Wt-Wt-Wt-Wt-Wt-Wt-Wt-Wt-U-U-U-U-U-U-U-U-U-U-U-U-U-U,10,1,False,False
1781,Wt-Wt-Wt-Wt-Wt-Wt-A-A-A-A-A-A-A-A-A-A-F-F-F-F-F-F-F,10,2,False,True
1782,A-A-A-A-A-Wa-Wa-Wa-Wa-Wa-Wa-Wa-Wa-Wa-Wa-Wa-Wa-Wa-Wa-Wa-Wa-Wa-Wa,10,1,False,False
1783,Sp-Sp-Sp-Sp-Sp-Sp-Wa-Wa-Wa-Wa-Wa-Wa-Wa-Wa-Wa-Wa-Wa-Wa-Wa-Wa-Wa-Wa-Wa,9,1,False,False
1784,Sp-Sp-Sp-Sp-Sp-Sp-B-B-B-B-B-B-B-B-B-B-B-B-B-B-Sp-Sp-Sp,9,2,False,False
1785,G-G-G-G-G-G-Sp-Sp-Sp-Sp-Sp-Sp-Sp-Sp-Sp-Sp-Sp-Sp-Sp-G-G-G-G,9,2,False,False
1786,Sp-Sp-Sp-Sp-Sp-B-B-B-B-B-B-B-B-B-B-B-B-Sp-Sp-Sp-Sp-Sp-Sp,9,2,False,False
1787,Sh-Sh-Sh-A-A-A-A-A-A-A-A-A-A-A-A-A-A-Sh-Sh-Sh-Sh-Sh-Sh,9,2,False,False
1788,A-F-F-F-F-F-F-F-F-F-F-F-F-F-F-F-F-F-F-F-F-A-A,9,2,False,False
1789,B-B-Sh-Sh-Sh-Sh-Sh-Sh-Sh-Sh-Sh-Sh-Sh-Sh-Sh-Sh-Sh-Sh-Sh-Sh-Sh-Sh-Sh,9,1,False,False
1790,F-Wt-Wt-Wt-Wt-Wt-Wt-Wt-Wt-Wt-Wt-Wt-Wt-Wt-Wt-Wt-Wt-Wt-Wt-Wt-Wt-F-F,9,2,False,True
1791,A-A-A-F-F-F-F-F-F-F-F-F-F-F-F-F-F-F-F-Sh-Sh-Sh-Sh,9,2,False,False
1792,Sh-Sh-Sh-Sh-Sh-Sh-F-F-F-F-F-F-F-F-F-F-F-F-F-F-Sh-Sh-Sh,9,2,False,False
1793,Sh-Sh-A-A-A-A-A-A-A-A-A-A-A-A-A-A-F-F-F-F-F-F-F,9,2,False,True
1794,Sh-Sh-Sh-Sh-Sh-Sh-F-F-F-F-F-F-F-F-F-F-F-F-F-F-F-F-A,9,2,False,False
1795,B-B-B-B-B-B-B-B-Sp-Sp-Sp-Sp-Sp-Sp-Sp-Sp-Sp-Sp-G-G-G-G-G,9,2,False,False
1796,A-A-A-B-B-B-B-B-B-B-B-B-B-B-B-B-B-B-B-B-B-B-B,9,1,False,False
1797,Sh-Sh-F-F-F-F-F-F-F-F-F-F-F-F-F-F-Wt-Wt-Wt-Wt-Wt-Wt-Wt,9,2,False,False
1798,Sh-Sh-F-F-F-F-A-A-A-A-A-A-A-A-A-A-A-A-A-A-A-A-A,9,2,False,False
1799,Sh-Sh-G-G-G-G-F-F-F-F-F-F-F-F-F-F-F-F-F-F-F-F-F,9,2,False,False
1800,F-Sh-Sh-Sh-Sh-Sh-Sh-Sh-Sh-Sh-Sh-Sh-Sh-Sh-Sh-Sh-Sh-Sh-Wt-Wt-Wt-Wt-Wt,9,2,False,False
1801,Sh-Sh-Sh-F-F-F-F-F-F-F-F-F-F-F-F-F-F-F-A-A-A-A-A,9,2,False,True
1802,F-F-F-F-F-F-F-F-Sh-Sh-Sh-Sh-Sh-Sh-Sh-Sh-Sh-Sh-Sh-A-A-A-A,9,2,False,True
1803,G-G-G-G-G-F-F-F-F-F-F-F-F-F-F-F-F-A-A-A-A-A-A,9,2,False,False
1804,Sh-Sh-Sh-A-A-A-A-A-A-A-A-Sh-Sh-Sh-Sh-Sh-Sh-Sh-Sh-Sh-Sh-Sh-Sh,9,2,False,False
1805,Sp-Sp-G-G-G-G-G-G-G-G-G-G-G-G-G-G-G-G-G-G-Sp-Sp-Sp,9,2,False,False
1806,Sp-Sp-Sp-Sp-Sp-Sp-Sp-B-B-B-B-B-B-B-B-B-Sp-Sp-Sp-Sp-Sp-Sp-Sp,9,2,False,False
1807,F-Sh-Sh-Sh-Sh-Sp-Sp-Sp-Sp-Sp-Sp-Sp-Sp-Sp-Sp-Sp-Sp-Sp-Sp-Sp-Sp-Sp-Sp,9,2,False,False
1808,Wa-Wa-Wa-Wa-Wa-Wa-Wa-Wa-Wa-Wa-Wa-Wa-Wa-Wa-Wa-Wa-Wa-Wa-Wa-Wa-Wa-Wt-Wt,9,1,False,False
1809,F-F-F-F-F-F-F-F-F-Sh-Sh-Sh-Sh-Sh-Sh-Sh-Sh-Sh-F-F-F-F-F,9,2,False,False
1810,Wa-Wa-Wa-Wa-Wa-Wa-Wa-Wa-Wa-Wa-Wa-Wa-Wa-Wa-Wa-Wa-Wa-Wa-Wa-Wa-Wa-Wa-Wt,9,1,False,False
1811,A-A-A-A-A-A-A-A-A-A-A-A-A-A-A-A-A-A-Sh-F-F-F-F,9,2,False,False
1812,Wt-Wt-A-A-A-A-A-A-A-A-A-A-A-A-A-A-Wt-Wt-Wt-Wt-Wt-Wt-Wt,9,2,False,False
1813,Wt-Wt-A-A-A-A-A-A-A-A-A-A-A-A-A-A-A-A-A-F-F-F-F,9,2,False,True
1814,Wt-Wt-Wt-Wt-Wt-Wt-Wt-Wt-Wt-Wt-Wt-Wt-Wt-Wt-Wt-Wt-Wt-Wt-Wt-Wt-Wt-Sp-Sp,9,1,False,False
1815,Sh-Sh-Sh-Sh-Sh-F-F-F-F-F-F-F-F-F-F-F-F-F-A-A-A-A-A,9,2,False,False
1816,Wa-Wa-Wa-Wa-Wa-Wa-Wa-Wa-Wa-Wa-U-U-U-U-U-U-U-U-U-U-U-U-U,9,1,False,True
1817,B-B-B-B-Sp-Sp-Sp-Sp-Sp-Sp-Sp-Sp-Sp-Sp-Sp-Sp-G-G-G-G-G-G-G,9,2,False,False
1818,G-G-G-G-G-G-G-F-F-F-F-F-F-F-F-F-F-F-F-A-A-A-A,9,2,False,False
1819,Sh-Sh-Sh-Sh-Sh-F-F-F-F-F-F-F-F-F-F-F-F-Sh-Sh-Sh-Sh-Sh-Sh,9,2,False,False
1820,F-F-F-F-F-F-F-F-F-A-A-A-A-A-A-A-F-F-F-F-F-F-F,9,2,False,False
1821,Sp-Sp-G-G-G-G-G-G-G-Sp-Sp-Sp-Sp-Sp-Sp-Sp-Sp-Sp-Sp-Sp-Sp-Sp-Sp,9,2,False,False
1822,Sp-Sp-Sp-G-G-G-G-G-G-G-G-G-G-G-G-G-G-G-Sp-Sp-Sp-Sp-Sp,9,2,False,False
1823,Sh-Sh-Sh-Sh-Sh-Sh-F-F-F-F-F-F-F-F-F-F-F-F-F-A-A-A-A,9,2,False,False
1824,B-B-B-B-B-B-B-B-B-Sp-Sp-Sp-Sp-Sp-Sp-Sp-B-B-B-B-B-B-Sp,9,3,False,False
1825,B-B-B-B-B-B-B-B-B-Sp-Sp-Sp-Sp-Sp-Sp-Sp-Sp-Sp-Sp-G-G-G-G,9,2,False,True
1826,Wa-Wa-Wa-Wa-Wa-Wa-Wa-Wa-Wa-Wa-Sh-Sh-Sh-Sh-Sh-Sh-Sh-Sh-Sh-Sh-F-F-F,9,2,False,False
1827,Sp-Sp-Sp-Sp-Sp-Sp-Sp-Sp-Sp-Sp-B-B-B-B-B-B-B-Sp-Sp-Sp-Sp-Sp-Sp,9,2,False,False
1828,Wt-Wt-Wt-Wt-Wt-Wt-A-A-A-A-A-A-A-A-A-A-A-A-A-A-A-F-F,9,2,False,True
1829,A-A-A-A-A-A-A-Sh-Sh-Sh-Sh-Sh-Sh-Sh-Sh-Sh-Sh-A-A-A-A-A-A,9,2,False,False
1830,Wa-Wa-G-G-G-G-G-G-G-G-G-G-G-G-G-G-Wa-Wa-Wa-Wa-Wa-Wa-Wa,9,2,False,False
1831,Wt-Wt-Wt-Wt-Wt-Wt-Sh-Sh-Sh-Sh-Sh-Sh-Sh-Sh-Sh-Sh-Sh-Sh-Wt-Wt-Wt-Wt-Wt,9,2,False,False
1832,Sp-Sp-Sp-Sp-Sp-Sp-Sp-Sp-G-G-G-G-G-G-G-G-G-Sp-Sp-Sp-Sp-Sp-Sp,9,2,False,False
1833,A-A-A-A-F-F-F-F-F-F-F-F-F-F-F-F-F-F-F-F-F-F-A,9,2,False,False
1834,Sh-Sh-Sh-Sh-Sh-Sh-Sh-A-A-A-A-A-A-A-A-A-A-A-A-A-A-A-F,9,2,False,True
1835,Sh-Sh-A-A-A-A-A-A-Wa-Wa-Wa-Wa-Wa-Wa-Wa-Wa-Wa-Wa-Wa-Wa-Wa-Wa-Wa,9,2,False,False
1836,F-F-G-G-G-G-G-G-G-G-G-G-G-F-F-F-F-F-F-F-F-F-F,9,2,False,True
1837,F-F-G-G-G-G-G-G-G-G-G-G-G-G-F-F-F-F-F-F-F-F-F,9,2,False,True
1838,F-F-Wt-Wt-Wt-Wt-F-F-F-F-F-F-F-F-F-F-F-F-F-F-F-Wt-Wt,9,3,False,False
1839,Wa-Wa-Wa-Wa-Wa-Sh-Sh-Sh-Sh-Sh-Sh-Sh-Sh-Sh-Sh-Sh-Sh-Sh-Sh-F-F-F-F,9,2,False,False
1840,G-G-G-G-G-G-G-G-G-G-G-G-G-G-G-G-Sp-Sp-Sp-G-G-G-G,9,2,False,True
1841,G-G-G-G-G-G-G-G-G-G-G-G-G-G-G-G-G-G-Sp-Sp-G-G-G,9,2,False,True
1842,Sh-F-F-F-F-F-F-F-Wt-Wt-Wt-Wt-Wt-Wt-Wt-Wt-Wt-Wt-Wt-Wt-Wt-Wt-Wt,9,2,False,False
1843,Sh-Sh-Sh-Sh-Sh-Sh-Sh-Sh-Sh-Sh-F-F-F-F-F-F-F-F-F-Sh-Sh-Sh-Sh,9,2,False,True
1844,F-F-F-F-F-F-F-F-A-A-A-A-A-A-A-A-A-A-A-A-A-F-F,9,2,False,False
1845,F-F-F-F-F-F-F-F-F-F-F-F-F-F-B-B-B-B-B-B-B-B-B,9,1,False,False
1846,Sh-Sh-Sh-Sh-Sh-Sh-Sh-Sh-Sh-A-A-A-A-A-A-A-A-F-F-F-F-F-F,9,2,False,False
1847,F-F-Sh-Sh-Sh-Sh-F-F-F-F-F-F-F-F-F-F-F-F-F-F-F-F-F,9,2,False,False
1848,G-G-G-G-G-G-G-G-Sp-Sp-Sp-Sp-Sp-Sp-Sp-Sp-Sp-G-G-G-G-G-G,9,2,False,False
1849,F-F-F-F-F-Sh-Sh-Sh-Sh-Sh-Sh-Sh-Sh-Sh-Sh-Sh-Sh-Sh-Sh-Sh-Sh-A-A,9,2,False,True
1850,G-G-Wa-Wa-Wa-Wa-Wa-Wa-Wa-Wa-Wa-Wa-Wa-Sp-Sp-Sp-Sp-Sp-Sp-Sp-Sp-Sp-Sp,9,2,False,False
1851,A-A-A-A-A-A-A-A-A-A-A-A-A-A-A-A-Sh-Sh-Sh-Sh-Sh-Sh-F,9,2,False,False
1852,A-A-A-A-A-A-A-A-A-A-A-A-A-A-A-A-Sh-Sh-Sh-Sh-Sh-F-F,9,2,False,False
1853,Wt-Wt-Wt-Wt-Wt-Wt-U-U-U-U-U-U-U-U-U-U-U-U-U-U-U-U-U,9,1,False,False
1854,Wt-Wt-Wt-Wt-Wt-Wt-Wt-U-U-U-U-U-U-U-U-U-U-U-U-U-U-U-U,9,1,False,False
1855,B-B-A-A-A-A-A-A-A-A-A-A-A-A-A-A-A-A-A-A-A-A-A,9,1,False,False
1856,Wa-Wa-Sp-Sp-Sp-Sp-Sp-Sp-Sp-Sp-Sp-Sp-Sp-Sp-Sp-Sp-Sp-Sp-Wa-Wa-Wa-Wa-Wa,9,2,False,False
1857,F-F-B-B-B-B-B-B-B-B-B-B-B-B-B-B-B-B-G-G-G-G-G,9,2,False,False
1858,A-F-F-F-F-F-F-F-F-F-F-F-F-F-F-F-Sh-Sh-Sh-Sh-Sh-Sh-Sh,9,2,False,False
1859,Wt-Wt-Wt-Wt-Wt-Wt-Wt-Wt-Wt-Wt-F-F-F-F-F-F-F-F-F-F-F-Wt-Wt,9,2,False,False
1860,Sp-Sp-Sp-Sp-Sp-Sp-Sp-Sp-Sp-Sp-Sp-A-A-A-A-A-A-A-A-A-A-A-A,9,1,False,False
1861,A-A-A-A-A-A-A-A-A-F-F-F-F-F-F-F-F-F-F-F-F-F-Sh,9,2,False,True
1862,Sp-B-B-B-B-B-B-B-B-B-B-B-B-B-B-B-B-B-B-G-G-G-G,9,2,False,False
1863,F-F-F-F-U-U-U-U-U-U-U-U-U-U-U-U-U-U-U-U-U-U-U,9,1,False,True
1864,A-F-F-F-F-F-Wt-Wt-Wt-Wt-Wt-Wt-Wt-Wt-Wt-Wt-Wt-Wt-Wt-Wt-Wt-Wt-Wt,9,2,False,False
1865,Sp-Sp-Wa-Wa-Wa-Wa-Wa-Wa-Wa-Wa-Wa-Wa-Wa-Wa-Wa-Wa-Sp-Sp-Sp-Sp-Sp-Sp-Sp,9,2,False,False
1866,Sp-Sp-Wa-Wa-Wa-Wa-Wa-Wa-Wa-Wa-Wa-Wa-Wa-Wa-Wa-Wa-F-F-F-F-F-F-F,9,2,False,False
1867,Sp-B-B-B-B-B-B-B-B-B-B-B-B-B-B-B-B-B-G-G-G-G-G,9,2,False,False
1868,Wt-Wt-Sh-Sh-A-A-A-A-A-A-A-A-A-A-A-A-A-A-A-A-A-A-A,9,2,False,False
1869,Sh-A-A-A-A-A-A-A-A-A-A-A-A-A-A-A-A-F-F-F-F-F-F,9,2,False,True
1870,Sp-B-B-B-B-B-B-B-B-B-B-B-Sp-Sp-Sp-Sp-Sp-Sp-Sp-Sp-Sp-Sp-Sp,9,2,False,False
1871,Sh-A-A-A-A-A-A-A-A-A-A-A-G-G-G-G-G-G-G-G-G-G-G,9,2,False,False
1872,F-F-F-F-Sh-Sh-Sh-Sh-Sh-Sh-Sh-Sh-Sh-Sh-Sh-Sh-F-F-F-F-F-A-A,9,3,False,True
1873,F-F-F-Wt-Wt-Wt-Wt-Wt-F-F-F-F-F-F-F-F-F-F-F-F-F-F-F,9,2,False,False
1874,F-F-F-F-Sh-Sh-Sh-Sh-Sh-Sh-Sh-Sh-Sh-Sh-Sh-Sh-Sh-Sh-Sh-Sh-Sh-Sh-A,9,2,False,False
1875,Sp-Sp-B-B-B-B-B-B-B-B-B-Sp-Sp-Sp-Sp-Sp-Sp-Sp-Sp-Sp-Sp-Sp-Sp,9,2,False,False
1876,F-F-F-Wt-Wt-Wt-Wt-Wt-Wt-Wt-Wa-Wa-Wa-Wa-Wa-Wa-Wa-Wa-Wa-Wa-Wa-Wa-Wa,9,2,False,False
1877,A-Sh-Sh-Sh-Sh-Sh-Sh-Sh-Sh-Sh-Sh-Sh-Sh-Sh-Sh-Sh-A-A-A-A-A-A-A,9,2,False,False
1878,Sh-A-A-A-A-A-A-A-A-A-A-A-A-A-A-A-A-Sh-Sh-Sh-Sh-Sh-Sh,9,2,False,False
1879,Sh-Sh-Sh-F-F-F-F-F-F-F-F-F-F-F-Sh-Sh-Sh-Sh-Sh-Sh-Sh-Sh-Sh,9,2,False,False
1880,Sh-Sh-Sh-Sh-A-A-A-A-A-A-A-A-A-A-A-A-A-F-F-F-F-F-F,9,2,False,True
1881,Sh-Sh-Sh-Sh-F-F-F-F-F-F-F-F-F-F-F-F-F-F-F-A-A-A-A,9,2,False,False
1882,G-G-G-G-Wa-Wa-Wa-Wa-Wa-Wa-Wa-Wa-Wa-Wa-Wa-Wa-Wa-Wa-Wa-Wa-Wt-Wt-Wt,9,2,False,False
1883,B-B-Wa-Wa-Wa-Wa-Wa-Wa-B-B-B-B-B-B-B-B-B-B-B-B-B-B-B,9,2,False,False
1884,Wa-Wa-Wa-Sp-Sp-Sp-Sp-Sp-Sp-Sp-Sp-Sp-Sp-Sp-Sp-Sp-Wa-Wa-Wa-Wa-Wa-Wa-Wa,9,2,False,False
1885,B-B-B-Wa-Wa-Wa-Wa-Wa-Wa-Wa-Wa-Wa-Wa-Sp-Sp-Sp-Sp-Sp-Sp-Sp-Sp-Sp-Sp,9,2,False,False
1886,Sp-Sp-Sp-Sp-Sp-Sp-Sp-Sp-Sp-Sp-Sp-Sp-Sp-Sp-Sp-Sp-Sp-B-B-B-Sp-Sp-Sp,9,2,False,True
1887,Sp-Sp-Sp-Sp-Sp-Sp-Sp-Sp-Sp-Sp-Sp-B-B-B-B-B-G-G-G-G-G-G-G,9,2,False,False
1888,F-F-F-F-F-F-F-F-A-A-A-A-A-A-A-A-A-A-F-F-F-F-F,9,2,False,True
1889,Wa-Wa-Wa-Wa-Sh-Sh-Sh-Sh-Sh-Sh-Sh-Sh-Sh-Sh-Sh-Sh-Sh-Sh-Wt-Wt-Wt-Wt-Wt,9,2,False,True
1890,F-F-F-F-F-F-F-F-F-F-F-F-F-F-F-F-F-F-A-A-A-A-F,9,2,False,False
1891,Sp-Sp-Sp-Sp-Sp-Sp-Sp-Sp-Sp-Sp-Sp-Sp-Sp-Sp-Sp-Sp-Sp-B-Sp-Sp-Sp-Sp-Sp,9,2,False,True
1892,Sp-Sp-Sp-Sp-Sp-Sp-Sp-Sp-Sp-Sp-Sp-Sp-Sp-Sp-Sp-Sp-Sp-Sp-B-Sp-Sp-Sp-Sp,9,2,False,True
1893,Wt-Wt-Wt-Wt-Wt-A-A-A-A-A-A-A-A-A-A-A-A-A-A-F-F-F-F,9,2,False,True
1894,A-A-A-A-A-A-A-A-A-A-A-A-A-A-A-A-A-A-A-F-F-A-A,9,2,False,True
1895,Wa-Wa-Wa-Wa-Wa-Wa-Wa-Wa-Wa-Wa-Wa-Wa-Wa-Wa-Wa-Wa-Wa-F-F-F-F-F-F,8,1,False,False
1896,G-Sp-Sp-Sp-Sp-Sp-Sp-Sp-Sp-Sp-Sp-Sp-Sp-Sp-Sp-Sp-Sp-Sp-Sp-G-G-G-G,8,2,False,False
1897,Wt-Wt-Wt-Wt-Wt-A-A-A-A-A-A-A-A-A-A-A-A-A-A-A-A-A-F,8,2,False,False
1898,F-F-F-F-F-F-F-F-F-A-A-A-A-A-A-A-A-A-A-A-F-F-F,8,2,False,False
1899,F-F-F-F-F-F-F-F-F-F-F-F-F-F-F-F-F-F-F-Wt-A-A-A,8,2,False,False
1900,Wt-A-Sh-Sh-Sh-Sh-Sh-Sh-Sh-Sh-Sh-Sh-Sh-Sh-Sh-Sh-Sh-Sh-Sh-Sh-Sh-Sh-Sh,8,2,False,False
1901,Sp-Sp-Sp-Sp-Sp-Sp-Sp-Sp-Sp-Sp-Sp-Sp-Sp-Sp-B-B-B-B-B-B-B-B-Sp,8,2,False,False
1902,F-Wa-Wa-Wa-Wa-Wa-Wt-Wt-Wt-Wt-Wt-Wt-Wt-Wt-Wt-Wt-Wt-Wt-Wt-Wt-Wt-Wt-Wt,8,2,False,False
1903,F-Wa-Wa-Wa-Wa-Wa-Sh-Sh-Sh-Sh-Sh-Sh-Sh-Sh-Sh-Sh-Sh-Sh-Sh-Sh-Sh-Sh-Sh,8,2,False,False
1904,G-G-G-G-G-G-G-G-G-G-G-U-U-U-U-U-U-U-U-U-U-U-U,8,1,False,True
1905,F-F-F-Sh-Sh-Sh-Sh-Sh-Sh-G-G-G-G-G-G-G-G-G-G-G-G-G-G,8,2,False,True
1906,Wt-Wt-Wt-Wt-Wt-Wt-Wt-Wt-A-A-F-F-F-F-F-F-F-F-F-F-F-F-F,8,2,False,True
1907,B-B-Wa-Wa-Wa-Wa-Wa-Wa-Wa-Wa-Wa-Wa-Wa-Sp-Sp-Sp-Sp-Sp-Sp-Sp-Sp-Sp-Sp,8,2,False,False
1908,B-Wa-Wa-Wa-Wa-Wa-B-B-B-B-B-B-B-B-B-B-B-B-B-B-B-B-B,8,2,False,False
1909,F-F-F-F-F-F-A-A-A-A-A-A-A-A-A-A-A-A-Wt-Wt-Wt-Wt-Wt,8,2,False,True
1910,Sp-Sp-Wa-Wa-Wa-Wa-Wa-Wa-Wa-Wa-Wa-Wa-Wa-Wa-Wa-Wa-B-B-B-B-B-B-B,8,2,False,False
1911,G-G-G-G-G-G-G-G-G-G-G-Sp-Sp-Sp-Sp-Sp-Sp-Sp-F-F-F-F-F,8,2,False,False
1912,G-G-G-G-G-G-G-G-G-G-G-G-Sp-Sp-Sp-Sp-Sp-Sp-Sp-B-B-B-B,8,2,False,False
1913,Wt-Wa-Wa-Wa-Wa-Wa-F-F-F-F-F-F-F-F-F-F-F-F-F-F-F-F-F,8,2,False,False
1914,A-A-A-A-A-A-A-A-A-A-A-F-F-F-F-F-F-F-Sh-Sh-Sh-Sh-Sh,8,2,False,True
1915,Wa-Wa-Sh-Sh-Sh-Sh-Sh-Sh-Sh-Sh-Sh-Sh-Sh-Sh-Sh-Sh-Sh-Wt-Wt-Wt-Wt-Wt-Wt,8,2,False,False
1916,A-Wa-Wa-Wa-Wa-Wa-Wa-Sp-Sp-Sp-Sp-Sp-Sp-Sp-Sp-Sp-Sp-Sp-Sp-Sp-Sp-Sp-Sp,8,2,False,False
1917,A-Wa-Wa-Wa-Wa-Wa-Wa-Wa-Wa-Wa-Wt-Wt-Wt-Wt-Wt-Wt-Wt-Wt-Wt-Wt-Wt-Wt-Wt,8,2,False,False
1918,F-F-F-G-G-G-G-G-G-G-G-G-G-G-G-G-G-G-G-G-F-F-F,8,2,False,False
1919,Sh-Sh-Sh-Sh-Sh-Sh-Sh-Sh-Sh-Sh-Sh-Sh-Sh-Sh-Sh-Sh-Sh-Sh-F-F-Sh-Sh-Sh,8,2,False,False
1920,Wt-Wt-Wt-Wt-Sh-Sh-Sh-Sh-Sh-Sh-Sh-Sh-A-A-A-A-A-A-A-A-A-A-A,8,2,False,False
1921,Wt-Wt-Wt-Wt-Sh-Sh-Sh-Sh-Sh-Sh-Sh-Sh-Sh-Sh-Sh-Sh-Sh-Sh-Sh-Sh-F-F-F,8,2,False,False
1922,Wt-Wt-Wt-Wt-Wa-Wa-Wa-Wa-Wa-Wa-Wa-Wa-Wa-Wa-Wa-Wa-Wa-Wa-Wa-Wa-Wt-Wt-Wt,8,2,False,False
1923,F-F-F-F-Wt-Wt-Wt-Wt-Wt-Wt-Wt-Wt-Wt-Wt-Wt-Wt-Wt-Wt-F-F-F-F-F,8,2,False,True
1924,Sh-Sh-Sh-Sh-Sh-Sh-Sh-Sh-Sh-Sh-Sh-Sh-Sh-Sh-Sh-Sh-Sh-Sh-Sh-Sh-Sh-Sh-Sp,8,1,False,False
1925,A-A-A-A-A-A-A-Sh-Sh-Sh-Sh-Sh-Sh-Sh-Sh-Sh-Sh-Sh-Sh-Sh-A-A-A,8,2,False,False
1926,Wa-Wa-Wt-Wt-Wt-Wt-Wt-Wt-Wt-Wt-Wt-Wt-Wt-Wt-Wt-Wt-Wt-Wt-Wt-Wa-Wa-Wa-Wa,8,2,False,False
1927,F-F-Sh-A-A-A-A-A-A-A-A-A-A-A-A-A-A-A-A-A-A-A-A,8,2,False,False
1928,F-F-Wt-Wt-Wt-Wt-F-F-F-F-F-F-F-F-F-F-F-F-F-F-F-F-F,8,2,False,False
1929,F-F-Wt-Wt-Wt-Wt-Wt-Wt-F-F-F-F-F-F-F-F-F-F-F-F-F-F-F,8,2,False,False
1930,Sh-Sh-Sh-Sh-Sh-Sh-Sh-Sh-Sh-Sh-Sh-Sh-Sh-Sh-F-F-F-F-F-Sh-Sh-Sh-Sh,8,2,False,False
1931,A-A-A-A-A-A-A-A-A-A-A-F-F-F-F-F-F-F-F-F-F-F-Sh,8,2,False,False
1932,Sh-F-F-F-F-F-F-A-A-A-A-A-A-A-A-A-A-A-A-A-A-A-A,8,2,False,False
1933,Sp-Sp-Wa-Wa-Wa-Wa-Wa-Wa-G-G-G-G-G-G-G-G-G-G-G-G-G-G-G,8,2,False,False
1934,F-F-Sh-Sh-Sh-Sh-Sh-Sh-Sh-G-G-G-G-G-G-G-G-G-G-G-G-G-G,8,2,False,True
1935,Sh-Sh-Sh-Sh-Sh-Sh-Sh-Sh-Sh-F-F-F-F-F-F-F-F-F-A-A-A-A-A,8,2,False,False
1936,Wt-Wt-Wt-Wt-Wt-Wt-Wt-A-A-A-A-A-A-A-A-A-A-A-A-A-A-A-F,8,2,False,False
1937,F-F-F-F-F-F-F-F-F-F-F-F-F-F-F-F-Wa-Wa-Wa-Wa-Wa-F-F,8,2,False,False
1938,A-A-A-A-A-A-A-A-Sh-Sh-Sh-Sh-Sh-Sh-Sh-Sh-Sh-Sh-Sh-Sh-Sh-F-F,8,2,False,False
1939,F-F-F-F-F-F-F-F-F-F-F-F-Wt-Wt-Wt-Wt-Wt-Wt-Wt-F-F-F-F,8,2,False,False
1940,Sp-Sp-Sp-Sp-Sp-Sp-Sp-Sp-Sp-Sp-Sp-Sp-Sp-Sp-G-G-G-G-Sp-Sp-Sp-Sp-Sp,8,2,False,False
1941,Sp-Sp-Sp-B-B-B-B-B-B-B-B-B-B-B-B-B-B-B-G-G-G-G-G,8,2,False,True
1942,Wa-Wa-Wa-Wa-Wa-Wa-Sh-Sh-Sh-Sh-Sh-Sh-Sh-Sh-Sh-Sh-Sh-Sh-Sh-Wa-Wa-Wa-Wa,8,2,False,False
1943,G-G-G-Sh-Sh-Sh-Sh-Sh-Sh-Sh-Sh-Sh-Sh-Sh-Sh-Sh-Sh-Sh-Sh-Sh-Sh-F-F,8,2,False,False
1944,Wt-Wt-Wt-Wt-Wt-Wt-Wt-Wt-Wt-Wt-Wt-F-F-F-F-F-F-F-F-F-F-F-Wt,8,2,False,False
1945,Wt-Wt-Wt-Wt-Wt-Wt-Wt-Wt-Wt-Wt-Wt-Wt-Wt-Wt-Wt-Wt-F-F-F-Wt-Wt-Wt-Wt,8,2,False,True
1946,G-G-G-G-G-Sp-Sp-Sp-Sp-Sp-Sp-Sp-Sp-Sp-Sp-Sp-Sp-Sp-Sp-Sp-Sp-B-B,8,2,False,False
1947,F-F-F-F-F-F-F-F-F-F-F-Sh-Sh-Sh-Sh-Sh-Sh-Sh-F-F-F-F-F,8,2,False,False
1948,G-G-G-G-G-G-G-G-G-G-G-G-G-G-G-G-Sp-Sp-Sp-Sp-G-G-G,8,2,False,False
1949,Wa-Wa-Sh-Sh-Sh-Sh-Sh-Sh-Sh-Sh-Sh-Sh-Sh-Sh-Sh-Sh-Sh-Sh-Sh-Sh-A-A-A,8,2,False,False
1950,A-A-A-A-A-A-A-F-F-F-F-F-F-F-F-F-F-F-F-Sh-Sh-Sh-Sh,8,2,False,False
1951,F-F-Wt-Wt-Wt-Wt-Wt-Wt-Wt-Wt-Wt-Wt-Wt-Wt-Wt-Wt-Wt-Wt-Wt-F-F-F-F,8,2,False,False
1952,Sh-F-F-F-F-F-F-F-F-F-F-F-F-F-F-F-F-F-F-Wt-Wt-Wt-Wt,8,2,False,False
1953,Sh-Wt-Wt-Wt-Wt-Wt-Wt-Wt-Wt-Wt-F-F-F-F-F-F-F-F-F-F-F-F-F,8,2,False,False
1954,F-F-Sh-Sh-Sh-Sh-Sh-Sh-Sh-Sh-Sh-Sh-Sh-Sh-Sh-Sh-Sh-Sh-Wt-Wt-Wt-Wt-Wt,8,2,False,True
1955,Sh-Sh-Sh-Sh-Sh-Sh-Sh-A-A-A-A-A-A-A-A-A-A-A-A-A-F-F-F,8,2,False,False
1956,Sh-Sh-Sh-Sh-Sh-Sh-Sh-A-A-A-A-A-A-A-A-A-A-F-F-F-F-F-F,8,2,False,False
1957,F-F-Sh-Sh-Sh-G-G-G-G-G-G-G-G-G-G-G-G-G-G-G-G-G-G,8,2,False,False
1958,A-A-A-A-F-F-F-F-F-F-F-F-F-F-F-F-F-F-F-F-F-F-Sh,8,2,False,False
1959,A-A-A-A-F-F-F-F-F-F-F-F-F-F-F-F-F-F-F-Wt-Wt-Wt-Wt,8,2,False,False
1960,F-A-A-A-A-A-A-A-A-A-A-F-F-F-F-F-F-F-F-F-F-F-F,8,2,False,True
1961,F-F-F-F-F-Sh-Sh-Sh-Sh-Sh-Sh-Sh-Sh-Sh-Sh-Sh-Sh-Sh-Sh-Sh-A-A-A,8,2,False,False
1962,Sh-Sh-Sh-Sh-Sh-Sh-Sh-Sh-Sh-Sh-Sh-Sh-Sh-Sp-Sp-Sp-Sp-Sp-Sp-Sp-Sp-Sp-Sp,8,1,False,False
1963,G-G-G-G-G-G-G-Sh-Sh-Sh-Sh-Sh-Sh-Sh-Sh-Sh-Sh-Sh-Sh-A-A-A-A,8,2,False,False
1964,Wt-Wt-Wt-Wt-Wt-Wt-Wt-Sh-Sh-Sh-Sh-Sh-Sh-Sh-Sh-Sh-F-F-F-F-F-F-F,8,2,False,False
1965,Sh-Sh-Sh-Sh-Sh-Sh-F-F-F-F-F-F-F-F-F-F-F-F-F-F-F-Wt-Wt,8,2,False,False
1966,Sp-Sp-Sp-Sp-Sp-Sp-Sp-Sp-Sp-Sp-B-B-B-B-B-B-B-B-B-B-Sp-Sp-Sp,8,2,False,False
1967,Wa-Wa-Wa-Wa-Wa-A-A-A-A-A-A-A-A-A-A-A-A-Wa-Wa-Wa-Wa-Wa-Wa,8,2,False,False
1968,G-G-B-B-B-B-B-B-B-B-B-B-B-B-B-B-B-B-B-B-B-Sp-Sp,8,2,False,False
1969,G-G-Sp-Sp-Sp-Sp-Sp-Sp-Sp-Sp-Sp-Sp-Sp-Sp-Sp-Sp-Sp-Sp-Sp-G-G-G-G,8,2,False,True
1970,G-G-Sp-Sp-Sp-Sp-Sp-Sp-Sp-Sp-Sp-Sp-Sp-Sp-Sp-Sp-Sp-Sp-Sp-Sp-Sp-Sp-G,8,2,False,False
1971,Wa-Wa-Wa-Wa-Sh-Sh-Sh-Sh-Sh-Sh-Sh-Sh-Sh-Sh-Sh-Sh-Sh-Wa-Wa-Wa-Wa-Wa-Wa,8,2,False,False
1972,Sh-Sh-Wa-Wa-Wa-Wa-Wa-Wa-Wa-Sh-Sh-Sh-Sh-Sh-Sh-Sh-Sh-Sh-Sh-Sh-Sh-Sh-Sh,8,2,False,False
1973,A-A-A-A-A-A-A-A-A-A-A-A-A-A-A-A-F-F-F-F-F-F-Sh,8,2,False,False
1974,A-A-A-A-A-A-A-A-A-A-A-A-A-A-A-A-F-F-Sh-Sh-Sh-Sh-Sh,8,2,False,True
1975,A-A-A-A-A-A-A-A-A-A-A-A-A-A-A-A-A-Sh-Sh-Sh-Sh-F-F,8,2,False,False
1976,Wa-Wa-Wa-Wa-Wa-Wa-Wa-Wa-Wa-Wa-Wa-Wa-Wa-B-B-B-B-B-B-B-B-B-B,8,1,False,False
1977,Sh-Sh-Sh-Sh-Sh-Sh-A-A-A-A-F-F-F-F-F-F-F-F-F-F-F-F-F,8,2,False,False
1978,Sh-Sh-Sh-Sh-Sh-Sh-F-F-F-F-F-F-F-F-F-F-A-A-A-A-A-A-A,8,2,False,False
1979,A-F-F-F-F-F-F-F-F-F-F-F-F-F-F-F-F-F-F-F-F-F-Sh,8,2,False,False
1980,B-B-B-B-B-B-B-B-B-B-B-Sp-Sp-Sp-Sp-Sp-Sp-Sp-Sp-G-G-G-G,8,2,False,False
1981,B-B-B-B-B-B-B-B-B-B-B-B-F-F-F-F-F-F-F-F-F-F-F,8,1,False,False
1982,B-B-B-B-B-B-B-B-B-B-B-B-Sp-Sp-Sp-Sp-Sp-Sp-B-B-B-B-B,8,2,False,False
1983,Sh-Sh-F-F-F-F-F-F-F-F-F-F-F-F-F-F-F-F-F-F-F-F-A,8,2,False,False
1984,Sh-Sh-F-F-F-F-F-F-F-F-F-F-F-F-F-F-F-F-F-Wt-Wt-Wt-Wt,8,2,False,False
1985,F-Wt-Wt-Wt-Wt-Wt-Wt-Wt-Wt-Wt-Wa-Wa-Wa-Wa-Wa-Wa-Wa-Wa-Wa-Wa-Wa-Wa-Wa,8,2,False,False
1986,F-Wt-Wt-Wt-Wt-Wt-Wt-Wt-Sh-Sh-Sh-Sh-Sh-Sh-Sh-Sh-Sh-Sh-Sh-Sh-Sh-Sh-Sh,8,2,False,False
1987,Sh-Sh-A-A-A-A-A-A-A-A-A-A-A-A-F-F-F-F-F-F-F-F-F,8,2,False,True
1988,Sh-Sh-A-A-A-A-A-A-A-A-F-F-F-F-F-F-F-F-F-F-F-F-F,8,2,False,False
1989,B-B-B-B-B-B-B-B-B-F-F-F-F-F-F-F-F-F-F-F-F-F-F,8,1,False,False
1990,F-Sh-Sh-Sh-Sh-Sh-F-F-F-F-F-F-F-F-F-F-F-F-F-F-F-F-F,8,2,False,False
1991,F-F-F-F-F-F-F-Sh-Sh-Sh-Sh-Sh-Sh-Sh-Sh-Sh-Sh-A-A-A-A-A-A,8,2,False,True
1992,Sp-Sp-G-G-G-G-G-G-G-G-G-G-G-G-G-G-G-Sp-Sp-Sp-Sp-Sp-Sp,8,2,False,False
1993,Sp-Sp-A-A-A-A-A-A-A-A-A-A-A-A-A-A-A-A-A-A-A-A-A,8,1,False,False
1994,F-F-F-F-F-F-F-F-F-F-A-A-A-A-A-A-A-A-A-A-A-F-F,8,2,False,True
1995,Wa-Wa-Wt-Wt-A-A-A-A-A-A-A-A-A-A-A-A-A-A-A-A-A-A-A,8,2,False,False
1996,G-G-B-B-B-B-B-B-B-B-B-B-B-B-B-B-B-B-B-G-G-G-G,8,2,False,False
1997,Sp-Sp-Sp-Sp-Sp-Sp-Sp-Sp-Sp-Sp-B-B-B-B-B-B-B-B-B-Sp-G-G-G,8,3,False,True
1998,Sh-Sh-Sh-Sh-Sh-Sh-A-A-A-A-A-A-A-A-A-A-A-A-A-A-A-A-F,8,2,False,True
1999,A-A-A-A-A-A-A-A-A-A-A-A-A-Wa-Wa-Wa-Wa-Wa-Wa-Wa-Wa-Wa-Wa,8,1,False,False
2000,B-B-B-Sh-Sh-Sh-Sh-Sh-Sh-Sh-Sh-Sh-Sh-Sh-Sh-Sh-Sh-Sh-Sh-Sh-Sh-Sh-Sh,8,1,False,False
2001,A-A-Sp-Sp-Sp-Sp-Sp-Sp-Sp-Sp-Sp-Sp-Sp-Sp-Sp-Sp-Sp-Sp-Sp-Sp-Sp-Sp-Sp,8,1,False,False
2002,A-A-A-Sh-Sh-Sh-Sh-Sh-Sh-Sh-Sh-Sh-Sh-Sh-Sh-Sh-Sh-Sh-Sh-F-F-F-F,8,2,False,False
2003,Sh-Sh-Sh-A-A-A-A-A-A-A-A-A-A-A-A-A-A-A-A-Sh-Sh-Sh-Sh,8,2,False,False
2004,B-B-B-B-B-B-B-Sp-Sp-Sp-Sp-Sp-Sp-Sp-Sp-Sp-Sp-Sp-G-G-G-G-G,8,2,False,True
2005,B-B-B-B-B-B-B-B-G-G-G-G-G-G-G-G-Sp-Sp-Sp-Sp-Sp-Sp-Sp,8,2,False,False
2006,F-Sh-Sh-Sh-Sh-Sh-Sh-Sh-Sh-Sh-Sh-Sh-Sh-Sh-Sh-Sh-Wt-Wt-Wt-Wt-Wt-Wt-Wt,8,2,False,False
2007,Sh-Sh-Sh-Sh-F-F-F-F-F-F-F-F-F-F-Sh-Sh-Sh-Sh-Sh-Sh-Sh-Sh-Sh,8,2,False,False
2008,G-G-G-G-G-Sh-Sh-Sh-Sh-Sh-Sh-Sh-Sh-Sh-Sh-Sh-Sh-Sh-Sh-A-A-A-A,8,2,False,False
2009,G-G-G-G-G-Sp-Sp-Sp-Sp-Sp-Sp-Sp-Sp-Sp-Sp-Sp-Sp-Sp-Sh-Sh-Sh-Sh-Sh,8,2,False,True
2010,G-G-G-G-G-Sp-Sp-Sp-Sp-Sp-Sp-Sp-Sp-Sp-Sp-Sp-Sp-Sp-Sp-G-G-G-G,8,2,False,False
2011,Sp-Sp-Sp-Sp-Sp-Sp-A-A-A-A-A-A-A-A-A-A-A-A-A-A-A-A-A,8,1,False,False
2012,Sp-Sp-Sp-Sp-Sp-Sp-B-B-B-B-B-B-B-B-B-B-B-Sp-Sp-Sp-Sp-Sp-Sp,8,2,False,False
2013,Sh-Sh-Sh-Sh-F-F-F-F-F-F-F-F-F-F-F-F-F-F-F-Wt-Wt-Wt-Wt,8,2,False,False
2014,Wa-Wa-Wa-Wa-Wa-Wa-Wa-Wa-Wa-Wa-Wa-Wa-Wa-Wa-Wa-U-U-U-U-U-U-U-U,8,1,False,True
2015,Wa-Wa-Wa-Wa-Wa-Wa-Wa-Wa-Wa-Wa-Wa-Wa-Wa-Wa-Wa-Wa-Wa-Wa-Wa-F-F-F-F,8,1,False,False
2016,Wa-Wa-Wa-Wa-Wa-Wa-Wa-Wa-Wa-Wa-Wa-Wa-Wa-Wa-Wa-Wa-Wa-Wa-Wa-Wa-Wa-Wa-F,8,1,False,True
2017,Sh-Sh-Sh-Sh-F-F-F-F-F-F-F-F-F-F-F-F-F-F-F-F-F-Sh-Sh,7,2,False,False
2018,F-Wa-Wa-Wa-Wa-Wa-Wa-Wa-Wa-Wa-Wa-Wa-Wa-Wa-Wa-Wa-Wa-Wa-Wa-Wa-Wa-F-F,7,2,False,False
2019,Sh-Sh-Sh-Sh-A-A-A-A-A-A-F-F-F-F-F-F-F-F-F-F-F-F-F,7,2,False,False
2020,Sh-Sh-Sh-Sh-A-A-A-A-A-A-A-A-A-A-A-A-A-A-F-F-F-F-F,7,2,False,False
2021,Sp-Sp-Sp-Sp-Sp-Sp-Sp-Sp-Sp-Sp-Sp-Sp-Sp-Sp-Sp-Sp-Wa-Wa-Wa-Wa-Sp-Sp-Sp,7,2,False,False
2022,Wt-F-F-F-F-F-F-F-F-F-F-F-F-F-F-F-F-F-F-A-A-A-A,7,2,False,True
2023,Wt-A-A-A-A-A-A-A-A-A-A-A-A-A-F-F-F-F-F-F-F-F-F,7,2,False,False
2024,Wa-Wa-Wa-Wa-Sh-Sh-Sh-Sh-Sh-Sh-Sh-Sh-Sh-Sh-Sh-Sh-Sh-Sh-F-F-F-F-F,7,2,False,False
2025,Wt-Wt-Wt-F-F-F-F-F-F-F-F-F-F-F-F-F-F-F-F-F-F-Wt-Wt,7,2,False,False
2026,Wt-Wt-Wt-A-A-A-A-A-A-A-A-A-A-A-A-A-F-F-F-F-F-F-F,7,2,False,True
2027,Wt-A-A-A-A-A-A-A-A-A-A-A-A-A-A-A-F-F-F-F-F-F-F,7,2,False,True
2028,F-F-A-A-A-A-A-A-A-A-A-F-F-F-F-F-F-F-F-F-F-F-F,7,2,False,True
2029,Sp-Sp-Sp-Sp-Sp-G-G-G-G-G-G-G-G-G-G-G-G-G-G-G-G-G-Sp,7,2,False,False
2030,B-B-B-B-B-B-B-B-B-B-B-B-B-B-B-B-Wa-Wa-Wa-Wa-Wa-Wa-Wa,7,1,False,False
2031,Sp-Sp-Sp-G-G-G-G-G-G-G-G-G-G-G-G-G-G-G-G-G-Sp-Sp-Sp,7,2,False,False
2032,Sp-Sp-Sp-G-G-G-G-G-G-G-G-G-G-G-G-G-G-G-G-G-G-Sp-Sp,7,2,False,False
2033,Sp-Sp-Sp-G-G-G-G-G-G-G-G-G-G-G-G-G-G-G-G-G-G-G-Sp,7,2,False,False
2034,G-G-G-G-G-G-U-U-U-U-U-U-U-U-U-U-U-U-U-U-U-U-U,7,1,False,True
2035,Wt-Wt-Wt-Wt-Wt-Wt-Wt-Wt-Wt-Wt-Wt-Wt-Wt-Wt-Wt-Wt-Wt-Sh-Sh-Sh-Sh-Sh-Sh,7,1,False,False
2036,Sp-Sp-Sp-Sp-Sp-B-B-B-B-B-B-B-B-B-B-B-B-B-B-B-B-B-Sp,7,2,False,False
2037,Sp-Sp-Sp-Sp-Sp-B-B-B-B-B-B-B-B-B-B-B-B-B-G-G-G-G-G,7,2,False,False
2038,F-F-F-F-F-F-F-Wt-Wt-Wt-Wt-Wt-Wt-Wt-Wt-Wt-Wt-Wt-Wt-Wt-Wt-Wt-A,7,2,False,True
2039,Wa-Wa-Wa-Wa-Wa-Wa-Sh-Sh-Sh-Sh-Sh-Sh-Sh-Sh-Sh-Sh-Sh-Sh-Sh-F-F-F-F,7,2,False,False
2040,A-A-A-A-F-F-F-F-F-F-F-F-F-F-F-F-F-F-F-F-F-F-Wt,7,2,False,False
2041,F-F-F-F-F-F-F-F-F-F-Sh-Sh-Sh-Sh-Sh-Sh-A-A-A-A-A-A-A,7,2,False,True
2042,Sp-Sp-Sp-Sp-Sp-Sp-Sp-G-G-G-G-G-G-G-G-G-G-G-G-Sp-Sp-Sp-Sp,7,2,False,False
2043,F-F-F-F-F-F-F-F-F-F-Sh-Sh-Sh-Sh-Sh-Sh-Sh-Sh-Sh-Sh-Sh-F-F,7,2,False,True
2044,Sp-Sp-Sp-Sp-Sp-Sp-Sp-Sp-Sp-Sp-G-G-G-G-G-G-G-G-G-G-G-G-Sp,7,2,False,False
2045,F-F-F-F-F-F-F-F-F-F-Sh-Sh-Sh-Sh-Sh-Sh-Sh-Sh-F-F-F-F-F,7,2,False,True
2046,F-F-F-F-A-A-A-A-A-A-A-A-A-A-A-A-A-Wa-Wa-Wa-Wa-Wa-Wa,7,2,False,False
2047,G-G-G-G-Sh-Sh-Sh-Sh-Sh-Sh-Sh-Sh-Sh-Sh-Sh-Sh-Sh-Sh-A-A-A-A-A,7,2,False,False
2048,Wa-Wa-Wa-Wa-Wa-Sh-Sh-Sh-Sh-Sh-Sh-Sh-Sh-Sh-Sh-Sh-Sh-Sh-Sh-Sh-F-F-F,7,2,False,False
2049,F-F-F-F-F-F-B-B-B-B-B-B-B-B-B-B-F-F-F-F-F-F-F,7,2,False,False
2050,Sh-Sh-Wa-Wa-Wa-Wa-Wa-Wa-Wt-Wt-Wt-Wt-Wt-Wt-Wt-Wt-Wt-Wt-Wt-Wt-Wt-Wt-Wt,7,2,False,False
2051,Wt-Wt-Wt-Wt-Wt-Wt-Wt-Wt-Sh-Sh-F-F-F-F-F-F-F-F-F-F-F-F-F,7,2,False,True
2052,Wt-Wt-Wt-Wt-Wt-Wt-Wt-Wt-U-U-U-U-U-U-U-U-U-U-U-U-U-U-U,7,1,False,True
2053,F-F-F-F-F-F-Wt-Wt-Wt-Wt-Wt-Wt-Wt-Wt-Wt-Wt-Wt-Wt-F-F-F-F-F,7,2,False,True
2054,F-F-F-F-F-F-Wt-Wt-Wt-Wt-Wt-Wt-Wt-Wt-Wt-Wt-F-F-F-F-F-F-F,7,2,False,True
2055,F-F-F-F-F-Sh-Sh-Sh-Sh-Sh-Sh-Sh-Sh-Sh-Sh-Sh-Sh-Sh-Sh-G-G-G-G,7,2,False,False
2056,A-A-A-A-A-Sp-Sp-Sp-Sp-Sp-Sp-Sp-Sp-Sp-Sp-Sp-Sp-Sp-Sp-Sp-Sp-Sp-Sp,7,1,False,False
2057,A-A-A-A-A-Sh-Sh-Sh-Sh-Sh-Sh-Sh-Sh-Sh-Sh-Sh-Sh-Sh-Sh-Sh-Sh-Sh-A,7,2,False,False
2058,A-A-A-A-F-F-F-F-F-F-F-F-F-F-F-F-F-F-F-Sh-Sh-Sh-Sh,7,2,False,False
2059,B-B-B-B-B-B-B-B-B-B-B-B-B-B-B-B-Sh-Sh-Sh-Sh-Sh-Sh-Sh,7,1,False,False
2060,G-G-G-G-G-B-B-B-B-B-B-B-B-B-B-B-B-B-G-G-G-G-G,7,2,False,False
2061,G-G-G-G-B-B-B-B-B-B-B-B-B-B-B-B-B-B-B-Sp-Sp-Sp-Sp,7,2,False,False
2062,Wt-Wt-Wt-Wt-Wt-Wt-Wt-Wt-Wt-Wt-F-F-F-F-F-F-F-F-Wt-Wt-Wt-Wt-Wt,7,2,False,True
2063,G-G-G-Sp-Sp-Sp-Sp-Sp-Sp-Sp-Sp-Sp-Sp-Sp-Sp-Sp-Sp-Sp-Sp-G-G-G-G,7,2,False,False
2064,G-G-G-Sh-Sh-Sh-Sh-Sh-Sh-Sh-Sh-Sh-Sh-Sh-Sh-Sh-Sh-Sh-F-F-F-F-F,7,2,False,False
2065,A-Wa-Wa-Wa-Wa-Wa-B-B-B-B-B-B-B-B-B-B-B-B-B-B-B-B-B,7,2,False,False
2066,F-F-F-F-G-G-G-G-G-G-G-G-G-G-G-G-G-G-G-G-G-G-F,7,2,False,True
2067,F-F-F-F-Sh-Sh-Sh-Sh-A-A-A-A-A-A-A-A-A-A-A-A-A-A-A,7,2,False,False
2068,Wa-Wa-Wa-Wa-Wa-Wa-Wa-Wa-Wa-Wa-Wa-Wa-Wa-U-U-U-U-U-U-U-U-U-U,7,1,False,True
2069,F-F-F-F-B-B-B-B-B-B-B-B-B-B-B-B-B-B-B-Sp-Sp-Sp-Sp,7,2,False,True
2070,Sh-Sh-Sh-Sh-Sh-Sh-Sh-Sh-Sh-Sh-Sh-Sh-Sh-Sh-Sh-Sh-Sh-F-F-Sh-Sh-Sh-Sh,7,2,False,False
2071,Sp-Sp-Sp-Wa-Wa-Wa-Wa-Wa-Wa-Wa-Wa-Wa-Sh-Sh-Sh-Sh-Sh-Sh-Sh-Sh-Sh-Sh-Sh,7,2,False,False
2072,A-A-A-A-A-A-A-A-A-A-A-Sh-Sh-Sh-Sh-Sh-F-F-F-F-F-F-F,7,2,False,False
2073,Sh-Sh-Sh-Sh-Sh-Sh-Sh-Sh-Sh-Sh-Sh-Sh-Sh-Sh-Sh-Sh-F-F-F-A-A-A-A,7,2,False,False
2074,Wa-Wa-Wa-Wa-Wa-Wa-Wa-Wa-Sh-Sh-Sh-Sh-Sh-Sh-Sh-Sh-Sh-Sh-Sh-Sh-F-F-F,7,2,False,False
2075,Wa-Wa-Wa-Wa-Wa-Wa-Wa-Wa-Sh-Sh-Sh-Sh-Sh-Sh-Sh-Sh-Wt-Wt-Wt-Wt-Wt-Wt-Wt,7,2,False,False
2076,Wt-Wa-Wa-Wa-Wa-Wa-Sp-Sp-Sp-Sp-Sp-Sp-Sp-Sp-Sp-Sp-Sp-Sp-Sp-Sp-Sp-Sp-Sp,7,2,False,False
2077,Wt-Sh-Sh-Sh-Sh-Sh-Sh-Sh-Sh-Sh-Sh-Sh-Sh-Sh-Sh-Sh-F-F-F-F-F-F-F,7,2,False,True
2078,A-A-A-A-A-A-A-F-F-F-F-F-F-F-F-F-F-F-F-F-A-A-A,7,2,False,False
2079,Sp-Sp-Sp-Sp-Sp-Sp-Sp-Sp-Sp-Sp-Sp-Sp-Sp-Sp-G-G-Sp-Sp-Sp-Sp-Sp-Sp-Sp,7,2,False,False
2080,G-G-G-G-G-G-G-G-G-G-G-G-Sp-Sp-Sp-Sp-B-B-B-B-B-B-B,7,2,False,True
2081,Sh-A-A-A-A-A-A-A-A-A-F-F-F-F-F-F-F-F-F-F-F-F-F,7,2,False,False
2082,Sh-A-A-A-A-A-A-A-A-A-A-A-A-Sh-Sh-Sh-Sh-Sh-Sh-Sh-Sh-Sh-Sh,7,2,False,False
2083,A-Sh-Sh-Sh-Sh-Sh-Sh-Sh-Sh-Sh-Sh-A-A-A-A-A-A-A-A-A-A-A-A,7,2,False,False
2084,F-F-F-Sh-Sh-Sh-Sh-Sh-Sh-Sh-Sh-Sh-Sh-Sh-Sh-Sh-Sh-Sh-Sh-U-U-U-U,7,2,False,False
2085,Sh-Sh-Sh-Sh-Sh-Sh-Sh-Sh-Sh-Sh-Sh-Sh-F-F-F-F-F-F-F-F-F-F-Sh,7,2,False,False
2086,Sh-Sh-Sh-Sh-Sh-Sh-Sh-Sh-Sh-Sh-Sh-Sh-F-F-F-F-F-F-F-F-F-A-A,7,2,False,False
2087,Sp-Sp-Wa-Wa-Wa-Wa-Wa-Wa-Sh-Sh-Sh-Sh-Sh-Sh-Sh-Sh-Sh-Sh-Sh-Sh-Sh-Sh-Sh,7,2,False,False
2088,F-F-Wt-Wt-Wt-Wt-Wt-Wt-Wt-Wt-Wt-Wt-F-F-F-F-F-F-F-F-F-F-F,7,2,False,False
2089,Sh-F-F-F-F-F-F-F-F-F-F-F-F-F-F-F-F-F-F-F-F-F-A,7,2,False,False
2090,Sh-F-F-F-F-F-F-F-F-F-F-F-F-F-F-F-F-F-F-F-F-A-A,7,2,False,False
2091,F-F-F-F-F-F-F-F-F-F-F-F-F-F-F-F-Sh-Sh-Sh-Sh-G-G-G,7,2,False,False
2092,F-F-F-F-F-F-F-F-F-F-F-F-F-F-F-F-F-B-B-B-B-B-B,7,1,False,False
2093,Sp-Sp-Sp-Sp-Sp-Sp-Sp-Sp-Sp-Sp-Sp-Sp-Sp-Sp-Sp-Sp-Sp-G-G-G-G-G-Sp,7,2,False,False
2094,G-G-G-B-B-B-B-B-B-B-B-B-B-B-B-B-B-B-B-G-G-G-G,7,2,False,False
2095,Wt-Wt-Wt-Wt-Wt-Wt-Wt-F-F-F-F-F-F-F-F-F-F-F-F-Sh-Sh-Sh-Sh,7,2,False,False
2096,Wt-Wt-Wt-Wt-Wt-Wt-Wt-A-A-A-A-A-A-A-A-A-A-A-A-F-F-F-F,7,2,False,False
2097,Sh-Sh-Sh-Sh-Sh-Sh-Sh-Sh-Sh-A-A-A-A-A-A-A-A-A-A-Sh-Sh-Sh-Sh,7,2,False,False
2098,Sh-Sh-Sh-Sh-Sh-Sh-Sh-Sh-Sh-Sh-A-A-A-A-A-A-A-F-F-F-F-F-F,7,2,False,True
2099,A-A-A-A-A-A-A-A-A-A-A-A-Sh-Sh-Sh-Sh-Sh-Sh-F-F-F-F-F,7,2,False,False
2100,Sh-F-F-F-F-F-F-F-F-F-F-F-F-F-Sh-Sh-Sh-Sh-Sh-Sh-Sh-Sh-Sh,7,2,False,False
2101,Sh-F-F-F-F-F-F-F-F-F-F-F-F-F-F-F-Wt-Wt-Wt-Wt-Wt-Wt-Wt,7,2,False,False
2102,G-G-G-G-G-G-G-G-G-G-G-G-G-G-Sp-Sp-Sp-Sp-Sp-Sp-B-B-B,7,2,False,False
2103,Sh-Sh-Sh-Sh-Sh-Sh-Sh-Sh-Sh-Sh-Sh-A-A-A-A-A-A-A-A-F-F-F-F,7,2,False,True
2104,A-A-A-A-A-A-A-Sh-Sh-Sh-Sh-Sh-F-F-F-F-F-F-F-F-F-F-F,7,2,False,False
2105,A-A-A-A-A-A-A-F-F-F-F-F-F-F-F-F-F-F-F-F-F-F-Sh,7,2,False,True
2106,B-Sp-Sp-Sp-Sp-Sp-Sp-Sp-Sp-Sp-Sp-Sp-Sp-Sp-Sp-Sp-Sp-Sp-Sp-Sp-G-G-G,7,2,False,False
2107,Sh-Sh-Sh-Sh-Sh-Sh-Sh-F-F-F-F-F-F-F-F-F-F-Sh-Sh-Sh-Sh-Sh-Sh,7,2,False,False
2108,Sh-Sh-A-A-A-A-A-A-A-A-A-A-A-A-A-A-A-A-A-A-A-F-F,7,2,False,False
2109,A-A-A-A-A-A-A-A-A-Wa-Wa-Wa-Wa-Wa-Wa-Wa-Wa-Wa-Wa-Wa-Wa-Wa-Wa,7,1,False,True
2110,A-A-A-A-A-A-A-A-A-Sh-Sh-Sh-Sh-Sh-Sh-Sh-Sh-Sh-F-F-F-F-F,7,2,False,False
2111,G-G-Sp-Sp-Sp-Sp-Sp-Sp-Sp-Sp-Sp-Sp-Sp-Sp-Sp-Sp-Sp-Sp-G-G-G-G-G,7,2,False,False
2112,Wt-Wt-Wt-Wt-Wt-Wt-A-A-A-A-A-A-A-A-A-A-A-Wt-Wt-Wt-Wt-Wt-Wt,7,2,False,False
2113,F-Wt-Wt-Wt-Wt-Wt-Wt-Wt-F-F-F-F-F-F-F-F-F-F-F-F-F-F-F,7,2,False,False
2114,F-G-G-G-G-G-G-G-G-G-F-F-F-F-F-F-F-F-F-F-F-F-F,7,2,False,True
2115,F-G-G-G-G-G-G-F-F-F-F-F-F-F-F-F-F-F-F-F-F-F-F,7,2,False,False
2116,Sh-Sh-F-F-F-F-F-F-F-F-F-F-F-F-F-F-F-F-F-F-F-F-Sh,7,2,False,False
2117,Sh-Sh-F-F-F-F-F-F-F-F-F-F-F-F-F-F-F-F-F-F-F-F-Wt,7,2,False,False
2118,Sh-Sh-Sh-Sh-Sh-Sh-F-F-F-F-F-F-F-F-F-F-F-F-F-F-F-F-Wt,7,2,False,False
2119,Sh-Sh-Sh-Sh-Sh-Sh-F-F-F-F-F-F-F-F-F-F-F-F-F-F-F-A-A,7,2,False,False
2120,A-A-F-F-F-F-F-F-F-F-F-F-F-F-F-F-F-F-A-A-A-A-A,7,2,False,False
2121,A-A-F-F-F-F-F-F-F-F-F-F-F-F-F-F-A-A-A-A-A-A-A,7,2,False,False
2122,B-B-B-B-B-B-B-B-Sp-Sp-Sp-Sp-Sp-Sp-Sp-Sp-G-G-G-G-G-G-G,7,2,False,False
2123,Sp-Sp-Sp-Sp-Sp-Sp-Sp-Sp-Sp-Sp-Sp-B-B-B-B-B-B-B-B-B-Sp-Sp-Sp,7,2,False,True
2124,Wt-Wt-Wt-Wt-Wt-F-F-F-F-F-F-F-F-F-F-F-F-F-F-Wt-Wt-Wt-Wt,7,2,False,False
2125,A-A-A-A-A-A-G-G-G-G-G-G-G-G-G-G-G-G-G-G-G-G-G,7,1,False,False
2126,B-Wa-Wa-Wa-Wa-Wa-Wa-Wa-Wa-Wa-B-B-B-B-B-B-B-B-B-B-B-B-B,7,2,False,False
2127,Sh-Sh-Sh-Sh-Sh-F-F-F-F-F-F-F-F-F-F-F-F-F-F-G-G-G-G,7,2,False,False
2128,Sh-Sh-Sh-A-A-A-A-A-A-A-A-A-A-A-A-A-F-F-F-F-F-F-F,7,2,False,True
2129,G-G-G-G-G-G-G-F-F-F-F-F-F-F-F-F-F-F-F-Sh-Sh-Sh-Sh,7,2,False,False
2130,A-A-Sh-Sh-Sh-Sh-Sh-Sh-Sh-Sh-Sh-Sh-Sh-Sh-Sh-Sh-Sh-Sh-Sh-Sh-Sh-F-F,7,2,False,False
2131,Sh-Sh-Sh-Sh-Sh-F-F-F-F-F-F-F-F-F-F-F-F-A-A-A-A-A-A,7,2,False,False
2132,Sh-Sh-Sh-F-F-F-F-F-F-F-F-F-F-F-F-F-F-F-F-F-Sh-Sh-Sh,7,2,False,False
2133,G-G-G-F-F-F-F-F-F-F-F-F-F-F-F-F-G-G-G-G-G-G-G,7,2,False,False
2134,Sh-Sh-Sh-F-F-F-F-F-F-F-F-F-F-F-F-F-F-A-A-A-A-A-A,7,2,False,False
2135,F-Sh-Sh-G-G-G-G-G-G-G-G-G-G-G-G-G-G-G-G-G-G-G-G,7,2,False,True
2136,B-B-B-B-B-B-B-Sp-Sp-Sp-Sp-Sp-Sp-Sp-Sp-Sp-Sp-B-B-B-B-B-B,7,2,False,True
2137,B-B-B-B-B-B-B-Sp-Sp-Sp-Sp-Sp-Sp-Sp-Sp-Sp-Sp-Sp-Sp-Sp-Sp-B-B,7,2,False,False
2138,A-A-F-F-F-F-F-F-F-F-F-F-F-F-F-F-F-F-F-Sh-Sh-Sh-Sh,7,2,False,False
2139,B-B-B-B-B-B-B-Sh-Sh-Sh-Sh-Sh-Sh-Sh-Sh-Sh-Sh-Sh-Sh-Sh-Sh-Sh-Sh,7,1,False,False
2140,B-B-B-B-B-B-B-F-F-F-F-F-F-F-F-F-F-F-F-F-F-F-F,7,1,False,False
2141,Sh-Sh-Sh-F-F-F-F-F-F-F-F-F-F-F-F-F-F-Sh-Sh-Sh-Sh-Sh-Sh,7,2,False,False
2142,Sp-Sp-Sp-Sp-Sp-Sp-Sp-Sp-Sp-Sp-Sp-Sp-Sp-Sp-Sp-Sp-Sp-Sp-Sp-Sp-Sp-Sp-Wa,7,1,False,False
2143,F-F-F-F-F-F-F-F-F-A-A-A-A-A-A-A-A-A-A-A-A-F-F,7,2,False,False
2144,Sp-Sp-Sp-Sp-Sp-Sp-Sp-Sp-Sp-Sp-Sp-B-B-B-B-B-B-B-Sp-Sp-Sp-Sp-Sp,7,2,False,True
2145,Wa-Sh-Sh-Sh-Sh-Sh-Sh-Sh-Sh-Sh-Sh-Sh-Sh-Sh-Sh-Sh-Wa-Wa-Wa-Wa-Wa-Wa-Wa,7,2,False,False
2146,G-B-B-B-B-B-B-B-B-B-B-B-B-B-B-B-B-B-B-B-B-B-Sp,7,2,False,False
2147,F-F-F-F-F-F-F-F-F-F-F-F-F-F-F-F-Sh-Sh-Sh-Sh-F-F-F,6,2,False,False
2148,F-F-F-F-F-F-F-F-F-F-F-Wt-Wt-Wt-Wt-Wt-Wt-Wt-Wt-F-F-F-F,6,2,False,False
2149,Wa-Wa-G-G-G-G-G-G-G-G-G-G-G-G-Wa-Wa-Wa-Wa-Wa-Wa-Wa-Wa-Wa,6,2,False,False
2150,Wa-Wa-Wt-Wt-Wt-Wt-Wt-Wt-Wt-Wt-Wt-Wt-Wt-Wt-Wt-Wt-F-F-F-F-F-F-F,6,2,False,False
2151,A-A-A-A-A-A-A-Sh-Sh-Sh-Sh-Sh-Sh-Sh-Sh-Sh-Sh-F-F-F-F-F-F,6,2,False,False
2152,F-F-F-F-F-F-F-F-F-F-F-F-F-F-F-F-F-F-A-F-F-F-F,6,2,False,True
2153,F-F-F-F-F-F-F-F-F-F-Sh-Sh-Sh-Sh-Sh-Sh-Sh-F-F-F-F-F-F,6,2,False,True
2154,Sp-Sp-Sp-Sp-Sp-Sp-G-G-G-G-G-G-G-G-G-G-G-G-G-Sp-Sp-Sp-Sp,6,2,False,True
2155,Sp-Sp-Sp-Sp-Sp-Sp-Sp-Sp-G-G-G-G-G-G-G-G-G-G-G-G-A-A-A,6,2,False,False
2156,Wa-Wa-Wa-Wa-Wa-Wa-Wa-Wa-Wa-Wa-Wa-Wa-U-U-U-U-U-U-U-U-U-U-U,6,1,False,True
2157,Sh-A-A-A-A-A-A-Sh-Sh-Sh-Sh-Sh-Sh-Sh-Sh-Sh-Sh-Sh-Sh-F-F-F-F,6,3,False,False
2158,A-A-A-A-A-A-F-F-F-F-F-F-F-F-F-F-F-F-F-A-A-A-A,6,2,False,False
2159,A-A-A-A-A-A-F-F-F-F-F-F-F-F-F-F-F-F-F-F-F-F-Sh,6,2,False,False
2160,G-G-G-G-G-G-G-G-B-B-B-B-B-B-B-B-B-B-B-B-B-B-Sp,6,2,False,False
2161,A-A-A-A-A-A-Sh-Sh-Sh-Sh-Sh-Sh-Sh-Sh-Sh-Sh-Sh-F-F-F-F-F-F,6,2,False,False
2162,Sp-Sp-Sp-Sp-Sp-Sp-Sp-Sp-Sp-Sp-Sp-Sp-Sp-Sp-Sp-Sp-Sp-B-B-B-B-B-Sp,6,2,False,True
2163,Sp-Sp-Sp-Sp-F-F-F-F-F-F-F-F-F-F-F-F-F-F-F-Wa-Wa-Wa-Wa,6,2,False,False
2164,A-A-A-A-A-A-A-A-A-A-A-A-A-A-A-A-A-F-F-F-F-F-A,6,2,False,True
2165,A-A-A-A-A-A-A-A-A-A-A-A-A-A-A-A-A-A-Wt-Wt-Wt-Wt-F,6,2,False,True
2166,Wa-Wa-Wa-Wa-Wa-Wa-Wa-Wa-Wa-Wa-Wa-Wa-Wa-Wa-Wa-Wa-Wa-Wa-Sh-Sh-Sh-Sh-Sh,6,1,False,False
2167,Wa-Wa-Wa-Wa-Wa-Wa-Wa-Wa-Wa-Wa-Wa-Wa-Wa-Wa-Wa-Wa-Wa-Wa-Wa-Sp-Sh-Sh-Sh,6,2,False,False
2168,Wt-F-F-F-F-F-F-F-F-F-F-F-F-F-F-F-F-F-A-A-A-A-A,6,2,False,False
2169,Wt-F-F-F-F-F-F-F-F-F-F-F-F-F-F-F-F-F-F-F-F-F-Sh,6,2,False,False
2170,Sp-Sp-Sp-Sp-Sp-Sp-Sp-Sp-Sp-B-B-B-B-B-B-B-B-A-A-A-A-A-A,6,2,False,False
2171,Sp-Sp-Sp-Sp-Sp-Sp-Sp-Sp-Sp-B-B-B-B-B-B-B-B-B-B-B-Sp-Sp-Sp,6,2,False,False
2172,Sp-Sp-Sp-Sp-Sp-Sp-Sp-Sp-Sp-Sp-Sp-Sp-B-B-B-B-B-B-B-B-Sp-Sp-Sp,6,2,False,False
2173,Sp-G-G-G-G-G-G-G-G-Sp-Sp-Sp-Sp-Sp-Sp-Sp-Sp-Sp-Sp-Sp-Sp-Sp-Sp,6,2,False,False
2174,A-A-A-A-A-A-A-A-A-A-A-F-F-F-F-F-F-F-F-F-F-F-G,6,2,False,False
2175,G-G-G-G-G-G-G-G-G-G-G-G-G-G-G-G-Wa-Wa-Wa-Wa-F-F-F,6,2,False,False
2176,Sh-F-F-F-F-F-F-F-Sh-Sh-Sh-Sh-Sh-Sh-Sh-Sh-F-F-F-F-F-F-F,6,3,False,False
2177,G-G-G-G-G-G-G-G-G-G-G-G-G-G-G-G-B-B-B-B-B-Sp-Sp,6,2,False,False
2178,Wa-Wa-Wa-Wa-A-A-A-A-A-A-A-A-A-A-A-A-A-Wa-Wa-Wa-Wa-Wa-Wa,6,2,False,False
2179,B-B-B-B-B-B-Wa-Wa-Wa-Wa-Wa-Wa-Wa-Wa-Wa-Wa-Wa-Wa-Wa-Wa-Wa-Wa-Wa,6,1,False,False
2180,A-A-A-A-A-Sh-Sh-Sh-Sh-Sh-Sh-Sh-Sh-Sh-Sh-Sh-Sh-Sh-Sh-F-F-F-F,6,2,False,True
2181,B-B-B-B-B-B-B-B-B-B-B-B-B-B-B-B-B-Wa-Wa-Wa-Wa-Wa-Wa,6,1,False,True
2182,Sh-Sh-F-F-F-F-F-F-F-F-F-A-A-A-A-A-A-A-A-A-A-A-A,6,2,False,False
2183,Sh-Sh-F-F-F-F-F-F-F-F-Wt-Wt-Wt-Wt-Wt-Wt-Wt-Wt-Wt-Wt-Wt-Wt-Wt,6,2,False,False
2184,Wt-Wt-Wt-Wt-Wt-Wt-Wt-Wt-Wt-Wt-Wt-Sh-Sh-Sh-Sh-Sh-Sh-Sh-Sh-Sh-Sh-Sh-Sh,6,1,False,False
2185,Wt-Wt-Wt-Wt-Wt-Wt-Wt-Sh-Sh-Sh-Sh-Sh-Sh-Sh-Sh-Sh-Sh-Sh-Wt-Wt-Wt-Wt-Wt,6,2,False,False
2186,Sp-Sp-Sp-Sp-Sp-Sp-B-B-B-B-B-B-B-B-B-B-B-A-A-A-A-A-A,6,2,False,False
2187,F-F-F-A-A-A-A-A-A-A-A-A-A-A-A-A-A-Sh-Sh-Sh-Sh-Sh-Sh,6,2,False,False
2188,Sp-G-G-G-G-G-G-G-G-G-G-G-G-G-G-G-G-G-G-G-G-G-Sp,6,2,False,True
2189,F-F-F-A-A-A-A-A-A-A-A-A-F-F-F-F-F-F-F-F-F-F-F,6,2,False,False
2190,G-Sp-Sp-Sp-Sp-Sp-Sp-Sp-Sp-Sp-Sp-Sp-Sp-Sp-Sp-Sp-Sp-Sp-G-G-G-G-G,6,2,False,True
2191,A-A-A-A-A-A-A-A-A-A-A-Sh-Sh-Sh-Sh-Sh-Sh-Sh-Sh-Sh-Sh-Sh-F,6,2,False,False
2192,Wa-Wa-Wa-Wa-Wa-Wa-Wa-Wa-Sh-Sh-Sh-Sh-Sh-Sh-Sh-Sh-Sh-Sh-Sh-F-F-F-F,6,2,False,False
2193,Sh-Wa-Wa-Wa-Wa-Wa-Wa-Wa-Sh-Sh-Sh-Sh-Sh-Sh-Sh-Sh-Sh-Sh-Sh-Sh-Sh-Sh-Sh,6,2,False,False
2194,B-B-B-B-B-B-B-B-B-B-B-B-B-B-B-B-B-Sp-Sp-G-G-G-G,6,2,False,False
2195,G-G-F-F-F-F-F-F-F-F-F-F-F-F-F-F-F-F-F-A-A-A-A,6,2,False,False
2196,A-A-A-A-G-G-G-G-G-G-G-G-B-B-B-B-B-B-B-B-B-B-B,6,2,False,False
2197,A-A-A-A-Sh-Sh-F-F-F-F-F-F-F-F-F-F-F-F-F-F-F-F-F,6,2,False,False
2198,G-G-G-G-F-F-F-F-F-F-F-F-F-F-F-F-F-A-A-A-A-A-A,6,2,False,False
2199,Sh-Sh-Sh-A-A-A-A-A-A-A-Sh-Sh-Sh-Sh-Sh-Sh-Sh-Sh-Sh-Sh-Sh-Sh-Sh,6,2,False,False
2200,Sh-Sh-Sh-F-F-F-F-F-F-F-F-F-F-F-F-F-F-F-F-A-A-A-A,6,2,False,False
2201,B-B-B-B-B-B-B-B-B-B-B-B-B-F-F-F-F-F-F-F-F-F-F,6,1,False,False
2202,G-G-G-F-F-F-F-F-F-F-F-F-F-F-F-F-A-A-A-A-A-A-A,6,2,False,False
2203,Wa-Wa-Wa-Wa-Sh-Sh-Sh-Sh-Sh-Sh-Sh-Sh-Sh-Sh-Sh-Sh-Sh-Sh-Sh-Wa-Wa-Wa-Wa,6,2,False,False
2204,F-F-F-F-Wt-Wt-Wt-Wt-Wt-Wt-Wt-Wt-Wt-Wt-Wt-Wt-Wt-Wt-Wt-Wt-F-F-F,6,2,False,False
2205,F-F-A-A-A-A-A-A-A-A-A-A-A-A-A-A-A-A-A-A-A-F-F,6,2,False,False
2206,Wa-Wa-Wa-Wa-Wa-Wa-Wa-U-U-U-U-U-U-U-U-U-U-U-U-U-U-U-U,6,1,False,True
2207,A-A-A-F-F-F-F-F-F-F-F-F-F-F-F-F-F-A-A-A-A-A-A,6,2,False,False
2208,Sh-Sh-Sh-Sh-A-A-A-A-A-A-A-A-A-A-A-A-A-A-A-F-F-F-F,6,2,False,True
2209,B-B-B-B-B-B-B-B-B-B-B-B-Sp-Sp-Sp-Sp-Sp-Sp-Sp-Sp-G-G-G,6,2,False,True
2210,B-B-B-B-B-B-B-B-B-B-B-Sp-Sp-Sp-Sp-Sp-B-B-B-Sp-Sp-Sp-Sp,6,3,False,False
2211,B-B-B-B-B-B-B-B-B-B-B-Sp-Sp-Sp-Sp-Sp-B-B-B-B-B-B-B,6,2,False,False
2212,B-B-B-B-B-B-B-B-B-B-B-B-Sh-Sh-Sh-Sh-Sh-Sh-Sh-Sh-Sh-Sh-Sh,6,1,False,False
2213,A-A-A-A-A-A-A-A-A-F-F-F-F-F-F-F-F-F-F-F-F-F-A,6,2,False,False
2214,A-A-A-A-A-A-A-A-A-F-F-F-F-F-F-F-F-A-A-A-A-A-A,6,2,False,False
2215,F-Sh-Sh-Sh-Sh-Sh-Sh-Sh-Sh-Sh-Sh-Sh-Sh-Sh-Sh-Sh-Sh-Wa-Wa-Wa-Wa-Wa-Wa,6,2,False,False
2216,F-Sp-Sp-Sp-Sp-Sp-Sp-Sp-Sp-Sp-Sp-Sp-Sp-Sp-Sp-Sp-Sp-Sp-Sp-Sh-Sh-Sh-Sh,6,2,False,True
2217,F-Sh-Sh-Sh-Sh-Sh-Sh-Sh-Sh-Sh-Sh-Sh-Sh-Sh-Sh-Sh-Sh-Sh-Sh-Sh-A-A-A,6,2,False,False
2218,G-G-G-G-B-B-B-B-B-B-B-B-B-B-B-B-B-B-Sp-Sp-Sp-Sp-Sp,6,2,False,False
2219,Sh-Sh-Sh-Sh-G-G-G-G-G-G-G-G-G-G-G-G-G-F-F-F-F-F-F,6,2,False,False
2220,A-Sh-Sh-Sh-Sh-Sh-Sh-Sh-Sh-Sh-Sh-Sh-Sh-Sh-Sh-Sh-Sh-Sh-Sh-Sh-F-F-F,6,2,False,False
2221,F-F-F-G-G-G-G-G-G-G-G-G-G-G-G-G-F-F-F-F-F-F-F,6,2,False,True
2222,Wt-Wt-Wt-Wt-Wt-F-F-F-F-F-F-F-F-F-F-F-Wt-Wt-Wt-Wt-Wt-Wt-Wt,6,2,False,True
2223,Sp-Sp-B-B-B-B-B-B-G-G-G-G-G-G-G-G-G-G-G-G-G-G-G,6,2,False,False
2224,B-B-B-B-B-B-B-B-B-U-U-U-U-U-U-U-U-U-U-U-U-U-U,6,1,False,True
2225,Sh-Sh-Sh-Sh-Sh-F-F-F-F-F-F-F-F-F-F-F-F-F-F-F-F-A-A,6,2,False,False
2226,A-A-A-Sh-Sh-Sh-Sh-Sh-Sh-Sh-Sh-Sh-Sh-Sh-Sh-Sh-A-A-A-A-A-A-A,6,2,False,False
2227,Sh-Sh-Sh-Sh-Sh-F-F-F-F-F-F-F-F-F-F-F-F-F-F-F-Wt-Wt-Wt,6,2,False,False
2228,Sh-Sh-Sh-Sh-Sh-Sh-A-A-A-A-A-A-A-A-A-A-A-A-Sh-Sh-Sh-Sh-Sh,6,2,False,False
2229,F-Wt-Wt-Wt-Wt-Wt-Wt-Wt-Wt-Wt-Wt-Wt-Wt-Wt-Wt-Wt-Wt-Wt-F-F-F-F-F,6,2,False,True
2230,F-Wt-Wt-Wt-Wt-Wt-Wt-Wt-Wt-Wt-Wt-Wt-Wt-Wt-Wt-Wt-Wt-Wt-Wt-Wt-Wt-A-A,6,2,False,False
2231,Wt-Wt-Wt-Wt-Wt-Wt-Wt-Wt-Wt-Wt-F-F-F-F-F-F-F-F-F-Wt-Wt-Wt-Wt,6,2,False,False
2232,Wa-Wa-Wa-Wa-Wa-Sh-Sh-Sh-Sh-Sh-Sh-Sh-Sh-Sh-Sh-Sh-Sh-Sh-A-A-A-A-A,6,2,False,False
2233,Sh-Sh-Sh-Sh-Sh-Sh-A-A-A-A-A-A-A-A-A-A-Wt-Wt-Wt-Wt-Wt-Wt-Wt,6,2,False,False
2234,Sh-Sh-Sh-Sh-Sh-Sh-Sh-Sh-Sh-Sh-Sh-Sh-Wt-Wt-Wt-Wt-Wt-Wt-Wt-Wt-Wt-Wt-Wt,6,1,False,False
2235,F-F-F-Sh-Sh-Sh-Sh-Sh-Sh-Sh-Sh-Sh-Sh-Sh-Sh-Sh-Sh-Sh-Sh-Wt-Wt-Wt-Wt,6,2,False,False
2236,A-F-F-Wt-Wt-Wt-Wt-Wt-Wt-Wt-Wt-Wt-Wt-Wt-Wt-Wt-Wt-Wt-Wt-Wt-Wt-Wt-Wt,6,2,False,False
2237,A-Sh-Sh-Sh-Sh-Sh-Sh-Sh-Sh-Sh-Sh-Sh-F-F-F-F-F-F-F-F-F-F-F,6,2,False,False
2238,G-G-B-B-B-B-B-B-B-B-B-B-B-B-B-B-B-B-Sp-Sp-Sp-Sp-Sp,6,2,False,False
2239,A-A-A-A-A-A-A-A-A-A-F-F-F-F-F-F-F-F-F-Sh-Sh-Sh-Sh,6,2,False,True
2240,Sh-Sh-Sh-Sh-Sh-Sh-F-F-F-F-F-F-F-F-F-F-F-F-F-F-F-F-G,6,2,False,False
2241,Sh-Sh-Sh-Sh-Sh-Sh-Sh-A-A-A-A-A-A-A-F-F-F-F-F-F-F-F-F,6,2,False,False
2242,B-B-B-B-B-B-B-B-F-F-F-F-F-F-F-F-F-F-F-F-F-F-F,6,1,False,False
2243,B-B-B-B-B-B-B-Sp-Sp-Sp-Sp-Sp-Sp-Sp-Sp-Sp-Sp-Sp-Sp-G-G-G-G,6,2,False,True
2244,B-B-B-B-B-B-Sp-Sp-Sp-Sp-Sp-Sp-Sp-Sp-Sp-Sp-Sp-Sp-Sp-Sp-G-G-G,6,2,False,True
2245,Wt-Wt-Wt-Wt-Wt-Wt-Wt-Wt-Wt-F-F-F-F-F-F-F-F-Wt-Wt-Wt-Wt-Wt-Wt,6,2,False,False
2246,F-F-Sp-B-B-B-B-B-B-B-B-B-B-B-B-B-B-B-B-B-B-B-B,6,2,False,False
2247,F-F-B-B-B-B-B-B-B-B-B-B-B-B-G-G-G-G-G-G-G-G-G,6,2,False,False
2248,F-F-Sh-Sh-Sh-Sh-Sh-Sh-Sh-Sh-Sh-Sh-Sh-Sh-Sh-Sh-Sh-A-A-A-A-A-A,6,2,False,True
2249,Wa-Wa-Wa-Wa-Wa-Wa-U-U-U-U-U-U-U-U-U-U-U-U-U-U-U-U-U,6,1,False,False
2250,G-G-G-B-B-B-B-B-B-B-B-B-B-B-B-B-B-B-Sp-Sp-Sp-Sp-Sp,6,2,False,False
2251,Wa-Wa-Wa-Wa-Wa-Sh-Sh-Sh-Sh-Sh-Sh-Sh-Sh-Sh-Sh-Sh-Wa-Wa-Wa-Wa-Wa-Wa-Wa,6,2,False,True
2252,F-F-Wt-Wt-Wt-Wt-Wt-Wt-Wt-Wt-Wt-Wt-Wt-Wt-Wt-Wt-Wt-Wt-Wt-Wt-Wt-Wt-F,6,2,False,False
2253,Sh-Sh-Sh-Sh-Sh-Sh-Sh-Sh-Sh-Sh-F-F-F-F-F-F-F-F-F-F-F-F-A,6,2,False,False
2254,Sh-Sh-Sh-Sh-Sh-Sh-Sh-Sh-Sh-Sh-F-F-F-F-F-F-F-F-F-F-F-F-Sh,6,2,False,False
2255,A-F-F-F-F-F-F-F-F-F-F-F-F-F-F-F-F-F-Sh-Sh-Sh-Sh-Sh,6,2,False,False
2256,A-F-F-F-F-F-F-F-F-F-F-F-F-F-F-F-Sp-Sp-Sp-Sp-Sp-Sp-Sp,6,2,False,False
2257,Wt-Wt-Wt-Wt-Wt-Wt-A-A-A-A-A-A-A-A-A-A-A-A-Wt-Wt-Wt-Wt-Wt,6,2,False,False
2258,G-G-G-Wa-Wa-Wa-Wa-Wa-Wa-Wa-Wa-Wa-B-B-B-B-B-B-B-B-B-B-B,6,2,False,False
2259,F-F-Sh-Sh-G-G-G-G-G-G-G-G-G-G-G-G-G-G-G-G-G-G-G,6,2,False,True
2260,A-A-Wa-Wa-Wa-Wa-Wa-Wt-Wt-Wt-Wt-Wt-Wt-Wt-Wt-Wt-Wt-Wt-Wt-Wt-Wt-Wt-Wt,6,2,False,False
2261,Sh-Sh-Sh-Sh-Sh-Sh-Sh-Sh-Sh-F-F-F-F-F-F-F-F-F-F-F-F-F-Wt,6,2,False,False
2262,Sh-Sh-Sh-Sh-Sh-Sh-Sh-Sh-Sh-F-F-F-F-F-F-F-F-F-F-F-F-F-Sh,6,2,False,True
2263,Sh-Sh-Sh-Sh-Sh-Sh-Sh-Sh-Sh-F-F-F-F-F-F-F-F-F-F-Sh-Sh-Sh-Sh,6,2,False,False
2264,G-G-Sp-Sp-Sp-Sp-Sp-Sp-Sp-Sp-Sp-Sp-Sp-Sp-Sp-Sp-Sp-Sp-B-B-B-B-B,6,2,False,False
2265,G-G-G-Sp-Sp-Sp-Sp-Sp-Sp-Sp-Sp-Sp-Sp-Sp-Sp-Sp-G-G-G-G-G-G-G,6,2,False,False
2266,F-F-Wt-Wt-Wt-Wt-Wt-Wt-Wt-Wt-Wt-Wt-Wt-Wt-Wt-Wt-Wt-Wt-Wt-Wt-F-F-F,6,2,False,True
2267,G-G-G-G-G-G-G-G-G-G-G-G-Sp-Sp-Sp-Sp-Sp-Sp-Sp-G-G-G-G,6,2,False,False
2268,Sh-A-A-A-A-A-A-A-A-A-A-A-A-A-A-A-A-A-A-A-A-A-F,6,2,False,True
2269,A-A-A-A-A-A-F-F-F-F-F-F-F-F-F-F-Sh-Sh-Sh-Sh-Sh-Sh-Sh,6,2,False,False
2270,Sh-A-A-A-A-A-A-A-A-A-A-A-A-A-A-A-Sh-Sh-Sh-Sh-Sh-Sh-Sh,6,2,False,True
2271,F-F-F-F-F-F-F-F-F-F-F-F-Sh-Sh-Sh-Sh-Sh-Sh-Sh-Sh-Sh-Sh-F,6,2,False,True
2272,G-B-B-B-B-B-B-B-B-B-B-B-B-B-B-B-B-B-Sp-Sp-Sp-Sp-Sp,6,2,False,False
2273,G-B-B-B-B-B-B-B-B-B-B-B-B-B-B-B-B-B-B-B-Sp-Sp-Sp,6,2,False,False
2274,G-G-G-G-G-G-G-G-G-G-B-B-B-B-B-B-B-B-G-G-G-G-G,6,2,False,False
2275,A-A-A-A-A-A-A-A-A-A-A-A-A-A-A-A-Wt-Wt-Wt-Wt-F-F-F,6,2,False,False
2276,A-A-A-A-A-A-A-A-A-A-A-A-A-A-A-A-Wt-Wt-Wt-Wt-Wt-F-F,6,2,False,False
2277,Wa-Wa-Sh-Sh-Sh-Sh-Sh-Sh-Sh-Sh-Sh-Sh-Sh-Sh-Sh-Sh-F-F-F-F-F-F-F,5,2,False,False
2278,Sp-Sp-Sp-Sp-Sp-Sp-Sp-Sp-Sp-Sp-Sp-Sp-Sp-Sp-Sp-Sp-F-F-F-Wa-Wa-Wa-Wa,5,2,False,False
2279,A-A-A-A-A-A-A-A-A-A-A-A-A-A-A-A-A-A-A-Sh-Sh-F-F,5,2,False,False
2280,A-A-A-A-A-A-A-A-A-A-A-A-A-A-A-A-Wt-Wt-Wt-Wt-Wa-Wa-Wa,5,2,False,False
2281,Sp-Sp-Sp-Sp-Sp-Sp-Sp-Sp-Sp-Sp-Sp-G-G-G-G-G-G-Sp-Sp-Sp-Sp-Sp-Sp,5,2,False,False
2282,Sp-Sp-Sp-Sp-Sp-Sp-Sp-Sp-Sp-Sp-G-G-G-G-G-G-G-Sp-Sp-Sp-Sp-Sp-Sp,5,2,False,False
2283,F-F-F-F-F-F-F-F-F-F-F-F-F-Sh-Sh-Sh-Sh-F-F-F-F-F-F,5,2,False,False
2284,G-G-G-G-G-G-G-G-Sh-Sh-Sh-Sh-Sh-Sh-Sh-Sh-Sh-Sh-Sh-A-A-A-A,5,2,False,False
2285,G-G-G-G-G-G-G-G-U-U-U-U-U-U-U-U-U-U-U-U-U-U-U,5,1,False,True
2286,Wt-Wt-Wt-Wt-Wt-Sh-Sh-Sh-Sh-Sh-Sh-Sh-Sh-Sh-Sh-Sh-Sh-Sh-Wt-Wt-Wt-Wt-Wt,5,2,False,False
2287,Wt-F-F-F-F-F-F-F-F-F-F-F-F-F-F-F-F-F-F-Wt-Wt-Wt-Wt,5,2,False,False
2288,Wt-F-F-F-F-F-F-F-F-F-F-F-F-F-F-F-F-F-F-F-Sh-Sh-Sh,5,2,False,False
2289,A-A-A-A-A-A-A-A-A-A-A-A-A-A-A-A-A-A-G-G-G-G-G,5,1,False,False
2290,F-F-F-F-F-F-F-F-F-F-Sh-Sh-Sh-Sh-Sh-Sh-Sh-Sh-Sh-Sh-F-F-F,5,2,False,False
2291,G-B-B-B-B-B-B-B-B-B-B-B-B-B-B-B-Sp-Sp-Sp-Sp-Sp-Sp-Sp,5,2,False,False
2292,F-F-F-F-F-F-F-F-F-F-Sh-Sh-Sh-Sh-Sh-Sh-Sh-Sh-Sh-A-A-A-A,5,2,False,False
2293,Sp-Sp-Sp-Sp-Sp-Sp-Sp-G-G-G-G-G-G-G-G-G-G-G-Sp-Sp-Sp-Sp-Sp,5,2,False,False
2294,Sp-Sp-Sp-Sp-Sp-A-A-A-A-A-A-A-A-A-A-A-A-A-A-A-A-A-A,5,1,False,False
2295,F-F-F-F-F-F-F-F-F-F-F-F-F-F-Sh-Sh-F-F-F-F-F-F-Sh,5,3,False,False
2296,Sh-F-F-F-F-F-F-F-F-F-F-F-F-F-A-A-A-A-A-A-A-A-A,5,2,False,False
2297,Wt-Wa-Wa-Wa-Wa-Wa-B-B-B-B-B-B-B-B-B-B-B-B-B-B-B-B-B,5,2,False,False
2298,Wt-Sp-Sp-Sp-Sp-Sp-Sp-Sp-Sp-Sp-Sp-Sp-Sp-Sp-Sp-Sp-Sp-Sp-Sp-Sp-Sp-Sp-Sp,5,1,False,False
2299,Wa-Wa-Wa-Wa-Wa-Wa-Wt-Wt-Wt-Wt-Wt-Wt-Wt-Wt-Wt-Wt-Wt-Wt-Wt-Wt-Wt-Wt-F,5,2,False,False
2300,Wa-Wa-Wa-Wa-Wa-Wa-G-G-G-G-G-G-G-G-G-G-G-G-G-Wa-Wa-Wa-Wa,5,2,False,False
2301,G-G-B-B-B-B-G-G-G-G-G-G-G-G-G-G-G-G-B-B-B-B-B,5,3,False,False
2302,G-G-Sp-Sp-Sp-Sp-Sp-Sp-Sp-Sp-Sp-Sp-Sp-Wa-Wa-Wa-Wa-Wa-Wa-Wa-Wa-Wa-Wa,5,2,False,False
2303,A-A-Wa-Wa-Wa-Wa-Wt-Wt-Wt-Wt-Wt-Wt-Wt-Wt-Wt-Wt-Wt-Wt-Wt-Wt-Wt-Wt-Wt,5,2,False,False
2304,F-F-Wt-Wt-Sh-Sh-Sh-Sh-Sh-Sh-Sh-Sh-Sh-Sh-Sh-Sh-Sh-Sh-Sh-F-F-F-F,5,3,False,False
2305,A-A-Wa-Wa-Wa-Wa-Wa-Wa-Wt-Wt-Wt-Wt-Wt-Wt-Wt-Wt-Wt-Wt-Wt-Wt-Wt-Wt-Wt,5,2,False,False
2306,Sh-Sh-Sh-Sh-Sh-Sh-Sh-Sh-Sh-A-F-F-F-F-F-F-F-F-F-F-F-F-F,5,2,False,False
2307,Sh-Sh-Sh-Sh-Sh-Sh-Sh-Sh-Sh-Sh-Sh-Sh-F-F-F-F-F-F-F-Sh-Sh-Sh-Sh,5,2,False,False
2308,Sh-Sh-Sh-Sh-Sh-Sh-Sh-Sh-Sh-Sh-Sh-Sh-F-F-F-F-F-F-F-F-F-F-Wt,5,2,False,False
2309,Wt-Wt-Wt-Wt-Wt-Wt-F-F-F-F-F-F-F-F-F-F-F-F-F-F-A-A-A,5,2,False,False
2310,A-F-F-F-F-F-F-F-F-F-F-F-F-F-F-F-B-B-B-B-B-B-B,5,2,False,False
2311,A-F-F-F-F-F-F-F-F-F-F-F-F-F-F-F-F-F-F-G-G-G-G,5,2,False,False
2312,B-Sp-Sp-Sp-Sp-Sp-Sp-Sp-Sp-Sp-Sp-Sp-Sp-Sp-Sp-Sp-Sp-Sp-Sp-G-G-G-G,5,2,False,False
2313,A-F-F-A-A-A-A-A-A-A-A-A-A-A-A-A-A-A-A-A-A-A-A,5,2,False,False
2314,B-B-F-F-F-F-F-F-F-F-F-F-F-F-F-F-F-F-F-F-F-F-F,5,1,False,False
2315,B-Sp-Sp-Sp-Sp-Sp-Sp-Sp-Sp-Sp-Sp-Sp-Sp-Sp-Sp-Sp-B-B-B-B-B-B-B,5,2,False,True
2316,A-A-A-A-A-A-A-A-A-A-Sh-Sh-Sh-Sh-Sh-Sh-Sh-F-F-F-F-F-F,5,2,False,True
2317,A-A-A-A-A-A-A-A-A-A-Sh-Sh-Sh-F-F-F-F-F-F-F-F-F-F,5,2,False,False
2318,Wa-Wa-Wa-Wa-Wa-Sp-Sp-Sp-Sp-Sp-Sp-Sp-Sp-Sp-Sp-Sp-Wa-Wa-Wa-Wa-Wa-Wa-Wa,5,2,False,False
2319,G-G-G-B-B-B-B-B-B-B-B-B-B-B-B-B-B-B-B-Sp-Sp-Sp-Sp,5,2,False,False
2320,F-F-Sh-Sh-Sh-Sh-Sh-Sh-Sh-Sh-Sh-Sh-F-F-F-F-F-F-F-F-F-F-F,5,2,False,False
2321,Sh-Sh-Sh-Sh-Sh-Sh-Sh-Sh-F-F-F-F-F-F-F-F-F-F-F-F-F-Sh-Sh,5,2,False,False
2322,F-F-Sh-Sh-Sh-Sh-Sh-Sh-Sh-Sh-Sh-Sh-Sh-Sh-Sh-Sh-F-F-F-F-F-F-Sh,5,3,False,True
2323,A-A-Sh-Sh-Sh-Sh-Sh-Sh-Sh-Sh-Sh-Sh-Sh-Sh-F-F-F-F-F-F-F-F-F,5,2,False,False
2324,Sh-Sh-Sh-Sh-Sh-Sh-Sh-F-F-F-F-F-F-F-F-F-F-Wt-Wt-Wt-Wt-Wt-Wt,5,2,False,False
2325,Sh-Sh-Sh-Sh-Sh-Sh-Sh-Sh-A-A-F-F-F-F-F-F-F-F-F-F-F-F-F,5,2,False,True
2326,Sh-Sh-Sh-Sh-Sh-Sh-Sh-Sh-A-A-A-A-A-A-A-A-A-A-A-A-F-F-F,5,2,False,True
2327,G-G-G-G-B-B-B-B-B-B-B-B-B-B-B-B-B-G-G-G-G-G-G,5,2,False,True
2328,Wt-Wt-Wt-Wt-Wt-Wt-Wt-Wt-A-A-A-A-A-A-A-A-A-A-A-F-F-F-F,5,2,False,True
2329,F-G-G-G-G-G-G-G-G-G-G-G-G-G-G-G-G-G-G-F-F-F-F,5,2,False,False
2330,Sh-Sh-Sh-Sh-Sh-Sh-G-G-G-G-G-G-G-G-G-G-F-F-F-F-F-F-F,5,2,False,False
2331,Sh-Sh-Sh-Sh-Sh-Sh-F-F-F-F-F-F-F-F-F-F-F-F-F-F-F-F-Sp,5,2,False,False
2332,F-F-Wa-Wa-Wa-Wa-Wa-Wa-Wa-Wt-Wt-Wt-Wt-Wt-Wt-Wt-Wt-Wt-Wt-Wt-Wt-Wt-Wt,5,2,False,False
2333,Sh-Sh-Sh-Sh-Sh-Sh-F-F-F-F-F-F-F-F-F-F-F-F-F-F-A-A-A,5,2,False,False
2334,Sh-Sh-Sh-Sh-Sh-Sh-A-A-A-A-A-A-U-U-U-U-U-U-U-U-U-U-U,5,2,False,False
2335,Sh-Sh-Sh-Sh-Sh-Sh-A-A-A-A-A-A-A-U-U-U-U-U-U-U-U-U-U,5,2,False,False
2336,F-F-F-Wt-Wt-Wt-Wt-Wt-Wt-Wt-Wt-Wt-Wt-Wt-Wt-Wt-Wt-Wt-Wt-Wa-Wa-Wa-Wa,5,2,False,False
2337,F-F-F-Wt-Wt-Wt-Wt-Wt-Wt-Wt-Wt-Wt-Wt-Wt-Wt-Wt-Wt-Wt-Wt-Wt-Wt-Wt-Sh,5,2,False,False
2338,Sh-Sh-Sh-Sh-Sh-Sh-Sh-Sh-Sh-Sh-Sh-Sh-Sh-Sh-Sh-Sh-A-A-A-A-A-F-F,5,2,False,True
2339,Sh-Sh-Sh-Sh-Sh-Sh-Sh-Sh-Sh-Sh-Sh-Sh-Sh-Sh-F-F-F-F-F-F-F-Sh-Sh,5,2,False,False
2340,Sh-Sh-Sh-Sh-Sh-Sh-Sh-Sh-Sh-Sh-Sh-Sh-Sh-F-F-F-F-F-F-Sh-Sh-Sh-Sh,5,2,False,False
2341,Sp-B-B-B-B-B-B-B-B-B-B-B-B-B-B-B-G-G-G-G-G-G-G,5,2,False,False
2342,Sp-B-B-B-B-B-B-B-B-B-B-B-B-B-Sp-Sp-Sp-Sp-Sp-Sp-Sp-Sp-Sp,5,2,False,False
2343,F-F-F-Sh-Sh-Sh-Sh-Sh-Sh-Sh-Sh-Sh-Sh-Sh-Sh-Sh-F-F-F-Sh-Sh-Sh-Sh,5,3,False,False
2344,Sh-Sh-Sh-Sh-Sh-Sh-Sh-Sh-Sh-Sh-Sh-Sh-Sh-A-A-A-A-A-A-A-F-F-F,5,2,False,False
2345,F-F-F-B-B-B-B-B-B-B-B-B-B-B-B-B-B-B-B-Sp-Sp-Sp-Sp,5,2,False,True
2346,Wa-Wa-Wa-Wa-Wa-U-U-U-U-U-U-U-U-U-U-U-U-U-U-U-U-U-U,5,1,False,False
2347,Wt-Wt-Wt-Wt-Wt-Wt-Wt-Wt-Wt-Wt-Wt-Wt-Wt-F-F-F-F-F-F-F-F-F-A,5,2,False,True
2348,Sh-Sh-Sh-Sh-Sh-Sh-A-A-A-A-A-A-A-A-A-A-A-A-F-F-F-F-F,5,2,False,True
2349,F-Sh-Sh-Sh-Sh-G-G-G-G-G-G-G-G-G-G-G-G-G-G-G-G-G-G,5,2,False,False
2350,Sh-Sh-Sh-Sh-Sh-F-F-F-F-F-F-F-F-F-F-F-Wt-Wt-Wt-Wt-Wt-Wt-Wt,5,2,False,False
2351,A-A-A-Sh-Sh-Sh-Sh-Sh-Sh-Sh-Sh-Sh-Sh-Sh-Sh-Sh-Sh-Sh-Sh-Sh-Sh-Sh-F,5,2,False,False
2352,F-F-F-F-Sh-Sh-Sh-Sh-Sh-Sh-Sh-Sh-Sh-Sh-Sh-Sh-Sh-Sh-Sh-Sh-Sh-A-A,5,2,False,True
2353,Sp-Sp-B-B-B-B-Sp-Sp-Sp-Sp-Sp-Sp-Sp-Sp-Sp-Sp-Sp-Sp-Sp-Sp-Sp-Sp-Sp,5,2,False,False
2354,Wt-Wt-Wt-Wt-Wt-F-F-F-F-F-F-F-F-F-F-F-F-F-F-F-F-F-Wt,5,2,False,False
2355,Wt-Wt-Wt-Wt-G-G-G-G-G-G-F-F-F-F-F-F-F-F-F-F-F-F-F,5,2,False,False
2356,A-A-A-A-A-A-A-A-A-A-A-Sh-Sh-Sh-Sh-Sh-Sh-Sh-F-F-F-F-F,5,2,False,False
2357,Sp-Sp-Sp-Wa-Wa-Wa-Wa-Wa-Wa-Wa-Sh-Sh-Sh-Sh-Sh-Sh-Sh-Sh-Sh-Sh-Sh-Sh-Sh,5,2,False,False
2358,A-Wa-Wa-Wa-Wa-Wa-Wa-Wa-Wa-Wa-Sh-Sh-Sh-Sh-Sh-Sh-Sh-Sh-Sh-Sh-Sh-Sh-Sh,5,2,False,False
2359,Sp-Sp-B-B-B-B-B-B-B-B-B-B-Sp-Sp-Sp-Sp-Sp-Sp-Sp-Sp-Sp-Sp-Sp,5,2,False,False
2360,F-F-F-F-Sh-Sh-Sh-Sh-Sh-Sh-Sh-Sh-Sh-Sh-Sh-Sh-Sh-Sh-Sh-G-G-G-G,5,2,False,False
2361,Sh-Sh-Sh-Sh-Sh-Sh-Sh-Sh-Sh-Sh-Sh-Sh-Sh-Sh-Sh-Sh-Sh-Sh-Sh-Sh-F-A-A,5,2,False,False
2362,A-Wa-Wa-Wa-Wa-Wa-A-A-A-A-A-A-A-A-A-A-A-A-A-A-A-A-A,5,2,False,False
2363,A-Sh-Sh-Sh-Sh-Sh-Sh-Sh-Sh-Sh-Sh-Sh-Sh-Sh-Sh-Sh-Sh-Sh-A-A-A-A-A,5,2,False,False
2364,G-G-G-G-B-B-B-B-B-B-B-B-B-B-B-B-B-B-B-G-G-G-G,5,2,False,True
2365,G-G-G-G-G-G-Sp-Sp-Sp-Sp-Sp-Sp-Sp-Sp-Sp-Sp-Sp-Sp-Sp-Sp-A-A-A,5,2,False,False
2366,G-G-G-G-G-G-Sp-Sp-Sp-Sp-Sp-Sp-Sp-Sp-Sp-Sp-G-G-G-G-G-G-G,5,2,False,False
2367,G-G-G-G-Sp-Sp-Sp-Sp-Sp-Sp-Sp-Sp-Sp-Sp-Sp-Sp-B-B-B-B-B-B-B,5,2,False,False
2368,F-Sh-Sh-Sh-Sh-Sh-Sh-Sh-Sh-Sh-A-A-A-A-A-A-F-F-F-F-F-F-F,5,3,False,False
2369,F-Sp-Sp-Sp-Sp-Sp-Sp-Sp-Sp-Sp-Sp-Sp-Sp-Sp-Sp-Sp-Sp-Sp-B-B-B-B-B,5,2,False,True
2370,Sh-Sh-Sh-Sh-F-F-F-F-F-F-F-F-F-F-G-G-G-G-G-G-G-G-G,5,2,False,False
2371,Sh-Sh-Sh-Sh-F-F-F-F-F-F-F-F-F-F-F-F-F-F-F-U-U-U-U,5,2,False,False
2372,A-A-A-F-F-F-F-F-F-F-F-F-F-F-F-F-F-F-Wt-Wt-Wt-Wt-Wt,5,2,False,False
2373,A-A-A-F-F-F-F-F-F-F-F-F-F-F-F-F-F-F-F-F-F-A-A,5,2,False,False
2374,F-Wa-Wa-Wa-Wa-Wa-Wa-Wt-Wt-Wt-Wt-Wt-Wt-Wt-Wt-Wt-Wt-Wt-Wt-Wt-Wt-Wt-Wt,5,2,False,False
2375,Sh-Sh-Sh-Sh-F-F-F-F-F-F-F-F-A-A-A-A-A-A-A-A-A-A-A,5,2,False,False
2376,Sh-Sh-Sh-Sh-A-A-A-A-F-F-F-F-F-F-F-F-F-F-F-F-F-F-F,5,2,False,False
2377,Wt-Wt-Wt-Wt-Wt-Wt-Wt-Wt-Wt-Wt-Wt-Wt-Wt-Wt-Wt-Wt-Wt-Wt-Wt-F-F-F-A,5,2,False,True
2378,G-F-F-F-F-F-F-F-F-F-F-F-F-F-F-F-F-F-F-F-A-A-A,5,2,False,False
2379,G-F-F-F-F-F-F-F-F-F-F-F-F-A-A-A-A-A-A-A-A-A-A,5,2,False,False
2380,F-Wa-Wa-Wa-Wa-Wa-Wa-Wa-Wa-Wt-Wt-Wt-Wt-Wt-Wt-Wt-Wt-Wt-Wt-Wt-Wt-Wt-Wt,5,2,False,False
2381,B-B-B-B-B-B-B-B-B-B-B-B-B-G-G-G-Sp-Sp-Sp-Sp-Sp-Sp-Sp,5,2,False,False
2382,Sh-Sh-Sh-F-F-F-F-F-F-F-F-F-F-Sh-Sh-Sh-Sh-Sh-Sh-Sh-Sh-Sh-Sh,5,2,False,False
2383,Sp-Sp-Sp-Sp-Sp-B-B-B-B-B-B-B-B-B-B-B-B-B-B-B-Sp-Sp-Sp,5,2,False,True
2384,F-F-F-F-F-F-Sh-Sh-Sh-Sh-Sh-Sh-Sh-Sh-Sh-Sh-Sh-Sh-Sh-Sh-A-A-A,5,2,False,True
2385,F-F-F-F-F-Wt-Wt-Wt-Wt-Wt-Wt-Wt-Wt-Wt-Wt-Wt-Wt-Wa-Wa-Wa-Wa-Wa-Wa,5,2,False,False
2386,A-A-A-A-A-A-A-A-A-A-A-Sh-Sh-Sh-Sh-Sh-Sh-F-F-F-F-F-F,5,2,False,False
2387,A-A-A-A-A-A-A-A-A-A-A-F-F-F-F-F-F-F-F-Sh-Sh-Sh-Sh,5,2,False,False
2388,Wt-Wt-Wt-Wt-F-F-F-F-F-F-F-F-F-F-F-F-F-F-Wt-Wt-Wt-Wt-Wt,5,2,False,False
2389,Wt-Wt-Wt-Wt-F-F-F-F-F-F-F-F-F-F-F-F-F-F-F-F-F-F-Wt,5,2,False,False
2390,F-A-Sh-Sh-Sh-Sh-Sh-Sh-Sh-Sh-Sh-Sh-Sh-Sh-Sh-Sh-Sh-Sh-Sh-Sh-Sh-Sh-Sh,5,2,False,False
2391,Sh-Sh-Sh-Sh-Sh-Sh-Sh-Sh-Sh-Sh-Sh-Sh-Sh-Sh-Sh-Sh-B-B-B-B-B-B-B,5,1,False,False
2392,F-A-A-A-A-A-A-A-A-A-Sh-Sh-Sh-Sh-Sh-Sh-Sh-Sh-Sh-Sh-Sh-Sh-Sh,5,2,False,False
2393,F-F-F-F-Wt-Wt-Wt-Wt-Wt-Wt-Wt-Wt-Wt-Wt-Wt-Wt-Wt-Wa-Wa-Wa-Wa-Wa-Wa,5,2,False,False
2394,A-Wa-Wa-Wa-Wa-Wa-Wa-Wa-Wt-Wt-Wt-Wt-Wt-Wt-Wt-Wt-Wt-Wt-Wt-Wt-Wt-Wt-Wt,5,2,False,False
2395,Sh-Sh-Sh-Sh-Sh-Sh-Sh-Sh-Sh-Sh-Sh-Sh-Sh-Sh-Sh-Sh-Sh-Sh-Sh-F-F-F-Sh,5,2,False,False
2396,Wa-Wa-Wa-Wa-Sh-Sh-Sh-Sh-Sh-Sh-Sh-Sh-Sh-Sh-Sh-Sh-Sh-Sh-Wa-Wa-Wa-Wa-Wa,5,2,False,False
2397,Wa-Wa-Wa-Wa-Sh-Sh-Sh-Sh-Sh-Sh-Sh-Sh-Sh-Sh-Sh-Sh-Sh-Wt-Wt-Wt-Wt-Wt-Wt,5,2,False,False
2398,Wt-Wt-Wt-Wt-Wt-Wt-Wt-Wt-Wt-Wt-Wt-Wt-Wt-Wt-Wt-Wt-Wt-Wt-Wt-U-U-U-U,5,1,False,False
2399,B-B-B-B-B-B-B-B-B-B-B-B-B-B-G-G-G-G-G-A-A-A-A,5,2,False,False
2400,B-B-B-B-B-B-B-B-B-B-B-B-B-B-B-B-Sp-Sp-G-G-G-G-G,5,2,False,False
2401,Sh-Sh-Sh-A-A-A-A-A-A-A-A-A-A-A-A-A-A-A-A-A-A-A-F,5,2,False,True
2402,A-A-A-A-A-A-A-A-A-A-A-A-Sh-Sh-Sh-Sh-Sh-Sh-Sh-Sh-F-F-F,5,2,False,False
2403,Wa-Wa-Wa-Wa-Wa-Wa-Wa-Wa-U-U-U-U-U-U-U-U-U-U-U-U-U-U-U,5,1,False,True
2404,Wt-Wt-Wt-Wt-A-A-A-A-A-A-A-A-A-A-A-A-A-A-F-F-F-F-F,5,2,False,False
2405,F-F-F-F-A-A-A-A-A-A-A-A-A-A-A-A-A-A-A-Sh-Sh-Sh-Sh,5,2,False,False
2406,F-F-F-A-A-A-A-A-A-A-A-A-A-A-A-A-A-A-A-Sh-Sh-Sh-Sh,5,2,False,False
2407,Sh-Sh-Sh-Wa-Wa-Wa-Wa-Wa-Wa-Wa-Sp-Sp-Sp-Sp-Sp-Sp-Sp-Sp-Sp-Sp-Sp-Sp-Sp,5,2,False,False
2408,F-F-F-F-F-G-G-G-G-G-G-G-G-G-G-G-G-G-G-G-G-G-F,5,2,False,True
2409,Sh-Sh-Wa-Wa-Wa-Wa-Wa-Wa-Wa-Sp-Sp-Sp-Sp-Sp-Sp-Sp-Sp-Sp-Sp-Sp-Sp-Sp-Sp,5,2,False,False
2410,A-A-A-A-A-A-A-A-Sh-Sh-Sh-Sh-Sh-Sh-Sh-Sh-Sh-F-F-F-F-F-F,5,2,False,False
2411,G-G-G-G-G-G-G-Sp-Sp-Sp-Sp-Sp-Sp-Sp-Sp-Sp-Wa-Wa-Wa-Wa-Wa-Wa-Wa,5,2,False,False
2412,G-G-G-G-G-G-A-A-A-A-A-A-A-A-A-A-A-A-A-A-A-A-A,5,1,False,False
2413,Sh-Sh-F-F-F-F-F-F-F-F-Sh-Sh-Sh-Sh-Sh-Sh-Sh-Sh-Sh-Sh-Sh-Sh-Sh,5,2,False,False
2414,Sh-Sh-F-F-F-F-F-F-F-F-F-F-Wa-Wa-Wa-Wa-Wa-Wa-Wa-Wa-Wa-Wa-Wa,5,2,False,False
2415,A-A-A-A-F-F-F-F-F-F-F-F-F-F-F-F-F-F-F-F-F-Wt-Wt,5,2,False,False
2416,Sh-Sh-F-F-F-F-F-F-F-F-F-F-F-F-F-F-F-F-F-F-F-Sh-Sh,5,2,False,False
2417,B-B-B-B-B-B-B-B-B-B-B-B-B-B-B-B-B-B-Sp-G-G-G-G,5,2,False,True
2418,A-A-A-A-A-Sh-Sh-Sh-Sh-Sh-Sh-Sh-Sh-Sh-Sh-Sh-Sh-Sh-F-F-F-F-F,5,2,False,False
2419,G-G-G-G-G-G-G-G-G-G-G-G-G-G-G-G-G-G-Wt-Wt-Wt-Wt-Wt,5,1,False,False
2420,G-G-G-G-G-G-G-G-G-G-G-G-G-G-G-G-G-G-G-G-Wa-Wa-Wa,5,1,False,False
2421,Wa-Wa-Wa-Wa-A-A-A-A-A-A-A-A-A-A-A-A-Wa-Wa-Wa-Wa-Wa-Wa-Wa,5,2,False,False
2422,G-G-G-G-G-G-G-G-G-G-G-G-G-G-F-F-F-A-A-A-A-A-A,5,2,False,False
2423,Wa-F-F-F-F-F-F-F-F-F-F-F-F-F-F-F-Wa-Wa-Wa-Wa-Wa-Wa-Wa,5,2,False,False
2424,B-Wa-Wa-Wa-Wa-Wa-Wa-Wa-Wa-Wa-Wa-Wa-Wa-Wa-Wa-Wa-Wa-Wa-Wa-Wa-Wa-Wa-Wa,5,1,False,False
2425,B-B-Wa-Wa-Wa-Wa-Wa-Wa-Wa-Wa-Wa-Wa-Wa-Wa-Wa-Wa-Wt-Wt-Wt-Wt-Wt-Wt-Wt,5,2,False,False
2426,A-A-A-A-A-F-F-F-F-F-F-F-F-F-F-F-F-F-F-F-A-A-A,5,2,False,False
2427,Wa-G-G-G-G-G-G-G-G-G-G-G-G-G-Wa-Wa-Wa-Wa-Wa-Wa-Wa-Wa-Wa,5,2,False,False
2428,Sh-F-F-F-F-F-F-F-F-F-F-F-G-G-G-G-G-G-G-G-G-G-G,5,2,False,False
2429,G-G-G-G-G-G-G-G-G-G-G-G-G-Wa-Wa-Wa-Wa-Wa-Wa-Wa-Wa-Wa-Wa,5,1,False,False
2430,A-A-A-A-A-A-Sh-Sh-Sh-Sh-Sh-Sh-Sh-Sh-Sh-Sh-Sh-Sh-Sh-Sh-Sh-Sh-F,5,2,False,False
2431,Wt-Wt-Wt-F-F-F-F-F-F-F-F-F-F-F-F-F-F-F-F-Sh-Sh-Sh-Sh,5,2,False,False
2432,Wt-Wt-Wt-A-A-A-A-A-A-A-A-Sh-Sh-Sh-Sh-Sh-Sh-Sh-Sh-Sh-Sh-Sh-Sh,5,2,False,False
2433,F-F-F-F-F-F-F-F-Sh-Sh-Sh-Sh-Sh-Sh-Sh-Sh-Sh-Sh-Sh-U-U-U-U,5,2,False,False
2434,F-F-F-F-F-F-F-F-Wt-Wt-Wt-Wt-Wt-Wt-Wt-Wt-Wt-Wt-Wt-Wa-Wa-Wa-Wa,5,2,False,True
2435,F-F-F-F-F-F-F-F-F-F-A-A-A-A-A-A-A-A-A-F-F-F-F,5,2,False,True
2436,Sp-Sp-Sp-Sp-Sp-Sp-Sp-Sp-Sp-Sp-Sp-Sp-Sp-Sp-B-B-B-B-B-B-B-Sp-Sp,5,2,False,True
2437,F-F-F-F-F-F-F-F-F-F-F-F-F-F-A-A-A-A-A-F-F-F-F,5,2,False,False
2438,Sp-Sp-U-U-U-U-U-U-U-U-U-U-U-U-U-U-U-U-U-U-U-U-U,5,1,False,False
2439,Sp-Sp-G-G-G-G-G-G-G-G-G-G-G-G-G-G-B-B-B-B-B-B-B,5,2,False,False
2440,Sp-Sp-Sp-Sp-Sp-Sp-Sp-Sp-Sp-Sp-Sp-Wa-Wa-Wa-Wa-Wa-Wa-Wa-Wa-Wa-Wa-Wa-Wa,5,1,False,False
2441,Sp-G-G-G-G-G-G-G-G-G-G-G-Sp-Sp-Sp-Sp-Sp-Sp-Sp-Sp-Sp-Sp-Sp,5,2,False,False
2442,A-A-A-A-A-A-A-A-A-A-A-A-A-A-A-A-A-A-F-Sh-Sh-Sh-Sh,5,2,False,True
2443,F-F-F-F-F-F-F-F-F-F-F-F-F-Wt-Wt-Wt-Wt-Wt-Wt-Wt-Wt-A-A,5,2,False,True
2444,Sp-Sp-Sp-Sp-Sp-Sp-Sp-Sp-Sp-Sp-Sp-Sp-Sp-Sp-Sp-Sp-Sp-Sp-Sp-B-Sp-Sp-Sp,5,2,False,False
2445,Sp-Sp-Sp-Sp-Sp-Sp-Sp-Sp-Sp-Sp-Sp-Sp-Sp-Sp-Sp-Sp-B-B-B-G-G-G-G,5,2,False,False
2446,Sp-Sp-Sp-Sp-Sp-Sp-Sp-Sp-Sp-Sp-Sp-Sp-Sp-Sp-Sp-Sp-Sp-Sp-B-B-G-G-G,5,2,False,False
2447,F-F-F-F-F-F-F-F-F-F-F-F-F-F-F-F-F-F-A-A-F-F-F,5,2,False,False
2448,F-F-F-F-F-F-F-F-F-F-F-F-F-F-F-F-A-A-A-F-F-F-F,5,2,False,False
2449,Sp-Sp-Sp-A-A-A-A-A-A-A-A-A-A-A-A-A-A-F-F-F-F-F-F,5,2,False,False
2450,Sh-A-A-A-A-A-F-F-F-F-F-F-F-F-F-F-F-F-F-F-F-F-F,5,2,False,False
2451,A-A-A-A-A-A-A-A-F-F-F-F-F-F-F-F-F-F-G-G-G-G-G,5,2,False,False
2452,Wa-Wa-A-A-A-A-A-A-A-A-A-A-A-A-A-A-A-Wt-Wt-Wt-Wt-Wt-Wt,5,2,False,False
2453,F-F-F-F-F-F-F-F-F-F-F-Wa-Wa-Wa-Wa-Wa-Wa-F-F-F-F-F-F,5,2,False,False
2454,Sp-Sp-Sp-Sp-Sp-Sp-Sp-Sp-Sp-Sp-Sp-Sp-Sp-Sp-Sp-Sp-Sp-Sp-Sp-Sp-Sp-A-A,5,1,False,False
2455,F-F-F-F-F-F-F-F-F-F-Wt-Wt-Wt-Wt-Wt-Wt-Wt-Wa-Wa-Wa-Wa-Wa-Wa,5,2,False,True
2456,Wt-Wt-Wt-Wt-Wt-Wt-Sh-Sh-Sh-Sh-Sh-Sh-Sh-Sh-Sh-Sh-Sh-F-F-F-F-F-F,5,2,False,False
2457,A-A-A-A-A-A-A-F-F-F-F-F-F-F-F-F-Sh-Sh-Sh-Sh-Sh-Sh-Sh,5,2,False,False
2458,Sp-Sp-Sp-Sp-Sh-Sh-Sh-Sh-Sh-Sh-Sh-Sh-Sh-Sh-Sh-Sh-Sh-Sp-Sp-Sp-Sp-Sp-Sp,5,2,False,False
2459,Sh-A-A-A-A-A-A-A-A-A-A-A-A-A-F-F-F-F-F-F-F-F-F,5,2,False,False
2460,G-G-G-G-G-G-G-G-G-G-Sp-Sp-Sp-Sp-Sp-Sp-Sp-Sp-Sp-G-G-G-G,5,2,False,True
2461,A-A-A-A-A-A-A-F-F-F-F-F-F-F-F-F-F-F-Sh-Sh-Sh-Sh-Sh,5,2,False,False
2462,A-A-A-A-A-A-A-F-F-F-F-F-F-F-F-F-F-F-F-G-G-G-G,5,2,False,False
2463,Sp-Sp-Sp-Sp-Sp-Sp-Sp-Sp-Sp-Sp-Sp-Sp-Sp-Sp-Sp-Sp-G-G-G-B-B-B-B,5,2,False,False
2464,Wa-Wa-Wa-Wa-Wa-Wa-Wt-Wt-Wt-Wt-Wt-Wt-Wt-Wt-Wt-Wt-Wt-Wt-Wt-Wa-Wa-Wa-Wa,4,2,False,False
2465,Sh-Sh-Sh-Sh-Sh-Sh-Sh-Sh-Sh-A-A-A-A-A-F-F-F-F-F-F-F-F-F,4,2,False,True
2466,Wt-A-A-A-A-A-A-A-A-A-A-A-A-F-F-F-F-F-F-F-F-F-F,4,2,False,False
2467,A-A-A-A-A-A-A-A-A-A-A-A-A-A-A-A-A-A-A-F-F-F-A,4,2,False,True
2468,Sp-Sp-Sp-Sp-Sp-Sp-Sp-Sp-Sp-Sp-Sp-Sp-Sp-A-A-A-A-A-A-A-A-A-A,4,1,False,False
2469,Wa-Wa-Wa-Wa-Wa-Wa-Wa-Wa-Wa-Wa-Wa-Wa-Wa-Wa-Wa-Wa-Wa-Wa-Wa-Wa-Wa-F-F,4,1,False,False
2470,Sh-Sh-Sh-Sh-Sh-Sh-Sh-Sh-Sh-Sh-A-A-A-A-U-U-U-U-U-U-U-U-U,4,2,False,False
2471,F-F-Wt-Wt-Wt-Wt-Wt-Wt-Wt-Wt-Wt-Wt-Wt-Wt-Wt-Wt-Wt-Wt-Wa-Wa-Wa-Wa-Wa,4,2,False,False
2472,B-B-B-B-Sh-Sh-Sh-Sh-Sh-Sh-Sh-Sh-Sh-Sh-Sh-Sh-Sh-Sh-Sh-Sh-Sh-Sh-Sh,4,1,False,False
2473,Sh-Sh-Sh-Sh-Sh-Sh-Sh-Sh-Sh-F-F-F-F-F-F-F-F-F-F-F-F-Sh-Sh,4,2,False,False
2474,Sp-Sp-Sp-Sp-Sp-Sp-Sp-Sp-Sp-Sp-Sp-Sp-Sp-Sp-G-G-G-G-G-Sp-Sp-Sp-Sp,4,2,False,False
2475,Sh-Sh-Sh-Sh-Sh-Sh-Sh-Sh-Sh-A-A-A-A-A-A-A-A-A-A-A-A-F-F,4,2,False,False
2476,F-F-F-F-F-F-F-F-F-F-F-F-F-F-Sh-Sh-Sh-F-F-F-F-F-F,4,2,False,True
2477,F-F-F-F-F-F-F-F-F-F-F-F-F-F-Sh-Sh-Sh-Sh-Sh-Sh-Sh-Sh-F,4,2,False,False
2478,Sp-Sp-Sp-Sp-Sp-Sp-Sp-Sp-Sp-Sp-Sp-Sp-Sp-Sp-Sp-Sp-Sp-G-G-G-G-Sp-Sp,4,2,False,False
2479,Sp-Sp-Sp-Sp-Sp-Sp-Sp-Sp-Sp-Sp-Sp-Sp-Sp-Sp-Sp-Sp-A-A-A-A-A-A-A,4,1,False,False
2480,G-G-G-G-G-G-G-G-G-B-B-B-B-B-B-B-B-B-B-Sp-Sp-Sp-Sp,4,2,False,False
2481,A-A-A-A-A-A-A-F-F-F-F-F-F-F-F-F-F-Sh-Sh-Sh-Sh-Sh-Sh,4,2,False,False
2482,Sh-Sh-Sh-Sh-Sh-Sh-Sh-Sh-Sh-Sh-F-F-F-F-F-F-F-F-A-A-A-A-A,4,2,False,False
2483,F-F-Wt-Wt-Wt-G-G-G-G-G-G-G-G-G-G-G-G-G-G-G-G-G-G,4,2,False,False
2484,A-A-A-A-A-A-A-A-A-A-F-F-F-F-F-F-F-F-F-F-F-F-A,4,2,False,False
2485,F-F-G-G-G-G-G-G-G-G-G-G-G-G-G-G-G-G-G-G-G-F-F,4,2,False,False
2486,A-F-F-F-F-F-F-F-F-F-F-F-F-F-F-F-F-Sp-Sp-Sp-Sp-Sp-Sp,4,2,False,False
2487,Sh-Sh-Sh-Sh-Sh-Sh-Sh-Sh-Sh-Sh-Sh-Sh-A-A-A-A-A-A-A-A-A-A-F,4,2,False,True
2488,F-F-F-F-F-F-F-F-F-F-F-F-Sh-Sh-Sh-Sh-Sh-Sh-Sh-Sh-F-F-F,4,2,False,True
2489,Sp-Sp-Sp-Sp-Sp-Sp-Sp-Sp-Sp-G-G-G-G-G-G-G-G-Sp-Sp-Sp-Sp-Sp-Sp,4,2,False,False
2490,F-F-F-F-F-F-F-F-F-F-F-F-F-F-F-Sp-F-F-F-F-F-F-F,4,2,False,False
2491,Sp-Sp-Sp-Sp-Sp-Sp-Sp-Sp-Sp-Sp-Sp-Sp-Sp-Sp-Sp-Sp-G-G-G-G-Sp-Sp-Sp,4,2,False,False
2492,F-F-F-F-F-F-F-F-F-F-F-F-F-F-F-F-F-F-F-A-A-A-F,4,2,False,False
2493,A-A-A-A-A-A-A-F-F-F-F-F-F-F-F-F-F-F-F-F-F-A-A,4,2,False,False
2494,A-A-A-A-A-A-A-F-F-F-F-F-F-F-F-F-F-F-F-F-F-F-A,4,2,False,True
2495,A-F-F-F-F-F-F-F-A-A-A-A-A-A-A-A-A-A-A-A-A-A-A,4,2,False,False
2496,A-F-F-F-F-F-F-F-F-F-F-F-F-F-F-F-F-F-A-A-A-A-A,4,2,False,False
2497,A-F-F-F-F-F-F-F-F-F-F-F-F-F-F-F-F-F-F-A-A-A-A,4,2,False,True
2498,Sh-Sh-Sh-Sh-Sh-Sh-Sh-Sh-Sh-Sh-Sh-A-A-A-A-A-A-A-A-A-F-F-F,4,2,False,False
2499,A-A-Sh-Sh-Sh-Sh-Sh-Sh-Sh-Sh-Sh-Sh-Sh-Sh-Sh-Sh-Sh-Sh-Sh-A-A-A-A,4,2,False,False
2500,Wt-Wt-Wt-Wt-Wt-Wt-Wt-Wt-A-A-A-A-A-A-F-F-F-F-F-F-F-F-F,4,2,False,False
2501,G-G-G-Wa-Wa-Wa-Wa-Wa-Wa-Wa-Wa-Wa-Wa-Sp-Sp-Sp-Sp-Sp-Sp-Sp-Sp-Sp-Sp,4,2,False,False
2502,Wa-Wa-Wa-Wa-Wa-Wa-Sp-Sp-Sp-Sp-Sp-Sp-Sp-Sp-Sp-Sp-Sp-Sp-Sp-F-F-F-F,4,2,False,False
2503,Sh-Sh-Sh-Sh-Sh-Sh-Sh-Sh-Sh-Sh-Sh-Sh-F-F-F-F-F-F-F-G-G-G-G,4,2,False,False
2504,F-F-F-Wa-Wa-Wa-Wa-Wa-Wa-Wa-Wa-Wa-Sh-Sh-Sh-Sh-Sh-Sh-Sh-Sh-Sh-Sh-Sh,4,2,False,False
2505,Sh-Sh-Sh-Sh-Sh-Sh-Sh-Sh-Sh-Sh-Sh-F-F-F-F-F-F-F-F-F-F-Sh-Sh,4,2,False,False
2506,Sh-Sh-Sh-Sh-Sh-Sh-Sh-Sh-Sh-Sh-Sh-F-F-F-F-F-F-F-F-F-Sh-Sh-Sh,4,2,False,False
2507,Wt-Wt-Wt-Wt-Wt-Wt-A-A-A-A-A-A-A-A-A-A-Wt-Wt-Wt-Wt-Wt-Wt-Wt,4,2,False,False
2508,Wt-Wt-Wt-Wt-Wt-Wt-F-F-F-F-F-F-F-F-F-F-F-F-F-A-A-A-A,4,2,False,False
2509,Wt-Wt-Wt-Wt-Wt-Wt-F-F-F-F-F-F-F-F-F-F-F-F-F-F-F-F-Wt,4,2,False,False
2510,G-G-G-B-B-B-B-B-B-B-B-B-B-B-B-B-B-B-G-G-G-G-G,4,2,False,False
2511,Wt-Wt-Wt-Wt-Wt-Wt-Wt-Wt-Wt-Wt-F-F-F-F-F-F-F-F-F-F-F-Sh-Sh,4,2,False,False
2512,Wa-Wa-B-B-B-B-B-B-B-B-B-B-B-B-B-B-B-B-B-B-B-B-B,4,1,False,False
2513,F-F-F-F-F-F-F-F-F-F-F-F-F-F-F-F-F-F-F-Wt-F-F-F,4,2,False,False
2514,G-B-B-B-B-B-B-B-B-B-B-B-B-B-B-B-B-B-B-G-G-G-G,4,2,False,False
2515,G-G-G-G-G-G-G-G-Sp-Sp-Sp-Sp-Sp-Sp-Sp-Sp-Sp-Sp-Sp-Wa-Wa-Wa-Wa,4,2,False,False
2516,Wt-Sh-Sh-Sh-Sh-Sh-Sh-Sh-Sh-Sh-Sh-Sh-Sh-Sh-Sh-Sh-Sh-Sh-Sh-F-F-F-F,4,2,False,True
2517,Wt-Wa-Wa-Wa-Wa-Wa-Sh-Sh-Sh-Sh-Sh-Sh-Sh-Sh-Sh-Sh-Sh-Sh-Sh-Sh-Sh-Sh-Sh,4,2,False,False
2518,Wt-Wt-Wt-Sh-Sh-Sh-Sh-Sh-Sh-Sh-Sh-Sh-Sh-Sh-Sh-Sh-Wa-Wa-Wa-Wa-Wa-Wa-Wa,4,2,False,False
2519,A-A-A-A-A-A-A-A-A-A-A-A-A-A-F-F-F-F-F-Sh-Sh-Sh-Sh,4,2,False,False
2520,F-F-F-F-F-F-F-F-F-F-Sh-Sh-Sh-Sh-Sh-Sh-Sh-Sh-Sh-Sh-Sh-Sh-A,4,2,False,False
2521,F-F-F-F-F-F-F-F-F-F-F-F-F-F-F-F-F-F-F-F-F-B-B,4,1,False,False
2522,F-F-F-F-F-F-F-F-F-G-G-G-G-G-G-G-G-G-F-F-F-F-F,4,2,False,False
2523,A-A-Wt-Wt-Wt-Wt-A-A-A-A-A-A-A-A-A-A-A-A-A-A-A-A-A,4,2,False,True
2524,A-A-Wt-Wt-Wt-Wt-A-A-A-A-A-A-A-A-A-A-A-A-A-F-F-F-F,4,3,False,True
2525,Sh-Sh-Sh-Sh-Sh-Sh-Wt-Wt-Wt-Wt-Wt-Wt-Wt-Wt-Wt-Wt-Wt-Wt-Wt-Wt-Wt-Wt-Wt,4,1,False,False
2526,F-F-F-Sh-Sh-Sh-Sh-Sh-Sh-Sh-Sh-Sh-Sh-G-G-G-G-G-G-G-G-G-G,4,2,False,True
2527,A-A-Sh-Sh-Sh-Sh-Sh-Sh-Sh-Sh-Sh-Sh-Sh-Sh-Sh-Sh-Sh-Sh-Sh-Sh-F-F-F,4,2,False,False
2528,B-B-B-B-B-Sp-Sp-Sp-Sp-Sp-Sp-Sp-Sp-Sp-Sp-Sp-B-B-B-B-B-B-B,4,2,False,False
2529,B-B-B-B-B-B-Sp-Sp-Sp-Sp-Sp-Sp-Sp-Sp-Sp-Sp-Sp-Sp-Sp-B-B-B-B,4,2,False,True
2530,A-A-A-A-A-A-A-A-A-A-Sh-Sh-Sh-Sh-Sh-Sh-Sh-Sh-Sh-Sh-Sh-Sh-F,4,2,False,True
2531,F-F-Wa-Wa-Wa-Wa-Wa-Wa-Wa-Wa-Wa-Wa-Wa-Wa-Wa-Wa-Wa-Wa-Wa-Wa-Sp-Sp-Sp,4,2,False,False
2532,F-G-G-G-G-G-G-G-G-G-G-G-G-G-F-F-F-F-F-F-F-F-F,4,2,False,True
2533,Sp-Sp-Wa-Wa-Wa-Wa-Wa-Wa-Wa-Wa-Wa-Wa-Wa-Wa-Wa-Wa-Sh-Sh-Sh-Sh-Sh-Sh-Sh,4,2,False,False
2534,Sp-B-B-B-B-B-B-B-B-B-B-B-B-Sp-Sp-Sp-Sp-Sp-Sp-Sp-Sp-Sp-Sp,4,2,False,False
2535,A-A-Wt-Wt-Wt-Wt-Wt-F-F-F-F-F-F-F-F-F-F-F-F-F-F-F-F,4,2,False,True
2536,A-A-Wt-Wt-Wt-Wt-Wt-Wt-Wt-Wt-Wt-Wt-Wt-Wt-Wt-Wt-Wt-Wt-Wt-F-F-F-F,4,2,False,False
2537,Sh-Sh-Sh-Sh-Sh-Sh-Sh-F-F-F-F-F-F-F-F-F-F-F-F-F-Sh-Sh-Sh,4,2,False,False
2538,Sh-A-A-A-A-A-A-A-A-A-A-F-F-F-F-F-F-F-F-F-F-F-F,4,2,False,False
2539,Sp-Sp-Sp-Sp-Sp-G-G-G-G-G-G-G-G-G-G-G-G-G-G-G-A-A-A,4,2,False,False
2540,A-A-A-A-A-A-F-F-F-F-F-F-F-F-F-F-F-F-F-F-F-A-A,4,2,False,False
2541,Sh-A-A-A-A-A-A-A-A-A-A-A-A-A-A-A-A-A-A-A-A-A-U,4,2,False,False
2542,A-A-A-A-A-A-A-A-A-A-A-A-F-F-F-F-F-F-F-F-F-F-U,4,2,False,False
2543,Wa-Wa-Wa-Wa-Wa-Wa-Wa-Wa-Wa-Wa-Wa-Sp-Sp-Sp-Sp-Sp-Sp-Sp-U-U-U-U-U,4,2,False,False
2544,A-A-F-F-F-F-F-Wt-Wt-Wt-Wt-Wt-Wt-Wt-Wt-Wt-Wt-Wt-Wt-Wt-Wt-Wt-Wt,4,2,False,False
2545,F-F-F-Wt-Wt-Wt-Wt-Wt-Wt-Wt-F-F-F-F-F-F-F-F-F-F-F-F-Wt,4,3,False,False
2546,F-F-F-Wt-Wt-Wt-Wt-Wt-Wt-Wt-Wt-Wt-Wt-Wt-Wt-Wt-Wt-Wt-Wt-Wt-F-F-F,4,2,False,True
2547,F-Wt-Wt-Wt-Wt-Wt-Wt-Wt-Wt-Wt-Wt-Wt-Wt-Wt-Wa-Wa-Wa-Wa-Wa-Wa-Wa-Wa-Wa,4,2,False,False
2548,F-Wt-Wt-Wt-Wt-Wt-Wt-Wt-Wt-Wt-Wt-Wt-Wt-Wa-Wa-Wa-Wa-Wa-Wa-Wa-Wa-Wa-Wa,4,2,False,False
2549,A-F-F-F-F-F-F-F-F-F-Sp-Sp-Sp-Sp-Sp-Sp-Sp-Sp-Sp-Sp-Sp-Sp-Sp,4,2,False,False
2550,A-A-F-F-F-F-F-F-F-F-F-F-F-F-F-F-F-F-F-F-F-F-Sh,4,2,False,False
2551,A-A-F-F-F-F-F-F-F-F-F-F-F-F-F-F-F-F-F-F-F-Sh-Sh,4,2,False,False
2552,B-B-B-B-B-B-B-B-Sp-Sp-Sp-Sp-Sp-Sp-Sp-Sp-Sp-Sp-Sp-Sp-Sp-G-G,4,2,False,False
2553,B-B-B-B-B-B-B-B-Sh-Sh-Sh-Sh-Sh-Sh-Sh-Sh-Sh-Sh-Sh-Sh-Sh-Sh-Sh,4,1,False,False
2554,A-A-F-F-F-F-F-F-F-F-F-F-F-F-F-F-F-F-F-A-A-A-A,4,2,False,True
2555,Wa-Wa-Wa-F-F-F-F-F-F-F-F-F-F-F-F-F-Wa-Wa-Wa-Wa-Wa-Wa-Wa,4,2,False,False
2556,Sp-Sp-Sp-Sp-A-A-A-A-A-A-A-A-A-A-A-A-A-A-A-A-A-A-A,4,1,False,False
2557,Sp-Sp-Sp-Sp-Sp-Sp-Sp-Sp-Sp-Sp-Sp-Sp-Sp-Sp-Sp-Sp-Wa-Wa-Wa-Wa-G-G-G,4,2,False,False
2558,Wa-Wa-Wa-Sh-Sh-Sh-Sh-Sh-Sh-Sh-Sh-Sh-Sh-Sh-Sh-Sh-Wt-Wt-Wt-Wt-Wt-Wt-Wt,4,2,False,False
2559,G-G-G-G-G-G-G-G-G-G-G-G-B-B-B-B-B-B-B-A-A-A-A,4,2,False,False
2560,G-G-G-G-G-G-G-G-G-G-G-G-G-B-B-B-B-B-B-B-B-Sp-Sp,4,2,False,False
2561,B-B-B-B-B-B-B-B-Sp-Sp-Sp-Sp-Sp-Sp-Sp-Sp-B-B-B-B-B-Sp-Sp,4,3,False,True
2562,B-B-B-B-B-B-B-B-Sp-Sp-Sp-Sp-Sp-Sp-Sp-Sp-B-B-B-B-B-B-B,4,2,False,False
2563,F-F-F-Sh-G-G-G-G-G-G-G-G-G-G-G-G-G-G-G-G-G-G-G,4,2,False,False
2564,F-F-F-Sh-Sh-Sh-Sh-Sh-F-F-F-F-F-F-F-F-F-F-F-F-F-F-F,4,2,False,True
2565,Sh-Sh-Sh-Sh-Sh-Sh-Sh-Sh-Sh-Sh-Sh-Sh-Sh-Sh-Sh-Sh-F-F-F-Wa-Wa-Wa-Wa,4,2,False,False
2566,A-A-A-Sh-Sh-Sh-Sh-Sh-Sh-Sh-Sh-Sh-Sh-Sh-Sh-Sh-F-F-F-F-F-F-F,4,2,False,False
2567,A-A-A-A-A-A-A-A-A-A-A-A-A-Sh-Sh-Sh-Sh-Sh-Sh-Sh-Sh-F-F,4,2,False,False
2568,A-A-A-A-A-A-Sh-Sh-Sh-Sh-Sh-Sh-Sh-Sh-Sh-Sh-Sh-Sh-F-F-F-F-F,4,2,False,False
2569,Sh-F-F-F-F-F-F-F-F-F-F-F-F-F-F-F-F-F-F-F-F-F-G,4,2,False,False
2570,Sh-F-F-F-F-F-F-F-F-F-F-F-F-F-F-F-F-F-F-F-Wt-Wt-Wt,4,2,False,False
2571,A-Sh-Sh-Sh-Sh-Sh-Sh-Sh-Sh-Sh-Sh-Sh-Sh-Sh-Sh-Sh-Sh-Sh-Sh-Sh-Sh-F-F,4,2,False,True
2572,A-B-B-B-B-B-B-B-B-B-B-B-B-B-B-B-B-B-B-B-A-A-A,4,2,False,False
2573,Sh-Sh-Sh-Sh-Sh-Sh-Sh-Sh-Sh-Sh-Sh-Sh-Sh-Sh-Sh-Sh-Wt-Wt-Wt-Wt-Wt-Wt-F,4,2,False,False
2574,Sh-Sh-Sh-Sh-Sh-Sh-Sh-Sh-Sh-Sh-Sh-Sh-Sh-Sh-Sh-Sh-Sh-F-F-F-Sh-Sh-Sh,4,2,False,False
2575,F-F-F-F-Wa-Wa-Wa-Wa-Wa-Wa-Wa-Wa-Wa-Wa-Wa-Wa-Wa-Wa-Wa-Wa-Wt-Wt-Wt,4,2,False,False
2576,F-F-F-F-Sh-Sh-Sh-Sh-Sh-Sh-Sh-Sh-Sh-Sh-Sh-Sh-Wt-Wt-Wt-Wt-Wt-Wt-Wt,4,2,False,False
2577,G-G-B-B-B-B-B-B-B-B-B-B-B-B-B-B-B-B-B-B-Sp-Sp-Sp,4,2,False,True
2578,B-B-B-B-B-B-B-B-B-Sp-Sp-Sp-Sp-Sp-Sp-Sp-Sp-Sp-G-G-G-G-G,4,2,False,False
2579,B-B-B-B-B-B-B-B-B-Sp-Sp-Sp-Sp-Sp-Sp-Sp-Sp-Sp-Sp-Sp-Sp-Sp-G,4,2,False,False
2580,F-Sh-Sh-Sh-Sh-Sh-Sh-Sh-Sh-Sh-Sh-Sh-Sh-Sh-Sh-Sh-G-G-G-G-G-G-G,4,2,False,False
2581,Sh-Sh-Sh-Sh-Sh-A-A-A-A-A-F-F-F-F-F-F-F-F-F-F-F-F-F,4,2,False,False
2582,Sh-Sh-Sh-Sh-Sh-F-F-F-F-F-F-F-F-F-F-F-F-F-F-F-A-A-A,4,2,False,True
2583,Wt-Wt-Wt-Wt-Wt-Wt-Wt-Wt-Wt-Wt-Wt-Wt-Wt-Wt-F-F-F-F-F-F-Wt-Wt-Wt,4,2,False,False
2584,F-G-G-G-G-G-G-G-B-B-B-B-B-B-B-B-B-B-B-B-B-B-B,4,2,False,True
2585,G-G-G-G-G-G-Sp-Sp-Sp-Sp-Sp-Sp-Sp-Sp-Sp-Sp-Sp-Sp-Sp-Sp-G-G-G,4,2,False,False
2586,Sh-F-F-F-F-F-G-G-G-G-G-G-G-G-G-G-G-G-G-G-G-G-G,4,2,False,False
2587,G-G-G-G-G-G-G-G-G-G-G-G-G-G-G-G-G-Sh-Sh-Sh-Sh-F-F,4,2,False,False
2588,F-F-F-F-F-F-F-F-F-F-F-F-F-F-F-A-F-F-F-F-F-F-F,4,2,False,False
2589,Wt-Wt-Wt-F-F-F-F-F-F-F-F-F-F-F-F-F-F-F-F-F-F-F-Wt,4,2,False,False
2590,Wt-Wt-Wt-F-F-F-F-F-F-F-F-F-F-F-F-F-F-F-F-F-Wt-Wt-Wt,4,2,False,False
2591,G-G-G-G-G-G-G-G-G-G-G-G-G-G-G-G-B-B-B-B-Sp-Sp-Sp,4,2,False,False
2592,A-A-A-A-A-A-A-A-A-A-A-Sh-Sh-Sh-Sh-Sh-Sh-Sh-Sh-Sh-Sh-F-F,4,2,False,False
2593,Wt-Wt-Wt-Wt-Wt-F-F-F-F-F-F-F-F-F-F-F-F-F-F-F-F-F-Sh,4,2,False,False
2594,Wt-Wt-Wt-Wt-Wt-F-F-F-F-F-F-F-F-F-F-F-F-F-F-F-Wt-Wt-Wt,4,2,False,False
2595,Wt-Wt-Wt-Wt-Wt-F-F-F-F-F-F-F-F-F-F-F-F-F-F-Sh-Sh-Sh-Sh,4,2,False,False
2596,F-F-F-F-Sh-Sh-Sh-Sh-Sh-Sh-Sh-Sh-Sh-Sh-Sh-Sh-Sh-Wt-Wt-Wt-Wt-Wt-Wt,4,2,False,False
2597,F-F-F-G-G-G-G-G-G-G-G-F-F-F-F-F-F-F-F-F-F-F-F,4,2,False,False
2598,B-B-B-B-B-B-B-B-B-B-U-U-U-U-U-U-U-U-U-U-U-U-U,4,1,False,False
2599,B-B-Wa-Wa-Wa-Wa-Wa-Wa-Wa-Wa-Wa-Wa-Wa-Wa-Wa-Wa-B-B-B-B-B-B-B,4,2,False,False
2600,F-F-F-F-F-F-F-F-F-F-F-A-A-A-A-A-A-A-A-A-A-A-F,4,2,False,True
2601,F-F-F-F-F-F-F-F-F-F-F-F-A-A-A-A-A-A-A-A-F-F-F,4,2,False,False
2602,F-F-F-F-F-F-F-F-Wt-Wt-Wt-Wt-Wt-Wt-Wt-Wt-Wa-Wa-Wa-Wa-Wa-Wa-Wa,4,2,False,True
2603,F-Sh-Sh-Sh-Sh-Sh-Sh-Sh-Sh-Sh-Sh-Sh-Sh-Sh-Sh-Sh-Sh-G-G-G-G-G-G,4,2,False,False
2604,F-Sh-Sh-Sh-Sh-Sh-Sh-Sh-Sh-Sh-Sh-Sh-Sh-Sh-Sh-Sh-Sh-Sh-Sh-Sh-Sh-A-A,4,2,False,False
2605,Wt-Wt-Wt-Wt-Wt-Wt-Wt-Wt-Wt-Wt-Wt-Wt-Wt-Wt-Wt-Wt-F-F-F-F-F-F-A,4,2,False,False
2606,A-A-A-F-F-F-F-F-F-F-F-F-F-F-F-F-F-F-F-F-F-F-A,4,2,False,False
2607,Sh-Sh-Sh-Sh-F-F-F-F-F-F-F-F-F-F-F-F-F-F-F-F-A-A-A,4,2,False,False
2608,Sh-Sh-Sh-Sh-F-F-F-F-F-F-F-F-F-F-F-F-G-G-G-G-G-G-G,4,2,False,False
2609,G-G-G-G-G-U-U-U-U-U-U-U-U-U-U-U-U-U-U-U-U-U-U,4,1,False,True
2610,Sh-Sh-Sh-Sh-Sh-Sh-Sh-Sh-Sh-Sh-Sh-Sh-Sh-Sh-Sh-Sh-Sh-Sh-Sh-Sh-Sh-Sh-Wa,4,1,False,False
2611,Sh-Sh-Sh-Sh-Sh-Sh-Sh-Sh-Sh-Sh-Sh-Sh-Sh-Sh-Sh-Sh-Sh-Sh-Sh-Sh-Sh-Sp-Sp,4,1,False,False
2612,F-F-A-A-A-A-A-A-A-A-A-A-A-A-A-A-Sh-Sh-Sh-Sh-Sh-Sh-Sh,4,2,False,True
2613,F-F-F-F-F-Sh-Sh-Sh-Sh-Sh-Sh-Sh-Sh-Sh-Sh-Sh-Sh-Sh-Sh-Wt-Wt-Wt-Wt,4,2,False,False
2614,Wa-Wa-Wa-Wa-Sp-Sp-Sp-Sp-Sp-Sp-Sp-Sp-Sp-Sp-Sp-Sp-Sp-Sp-Sp-F-F-F-F,4,2,False,False
2615,Sh-Sh-A-A-A-A-A-A-F-F-F-F-F-F-F-F-F-F-F-F-F-F-F,4,2,False,False
2616,G-G-G-G-G-G-G-F-F-F-F-F-F-F-F-F-F-A-A-A-A-A-A,4,2,False,False
2617,G-G-G-G-G-G-G-B-B-B-B-B-B-B-B-B-B-B-B-Sp-Sp-Sp-Sp,4,2,False,False
2618,G-G-G-G-G-G-G-G-Sp-Sp-Sp-Sp-Sp-Sp-Sp-Sp-Wa-Wa-Wa-Wa-Wa-Wa-Wa,4,2,False,False
2619,Sp-Sp-Sp-Sp-Sp-Sp-Sp-Sp-Sp-Sp-Sp-B-B-B-B-B-B-G-G-G-G-G-G,4,2,False,False
2620,Sp-G-G-G-G-G-G-G-B-B-B-B-B-B-B-B-B-B-B-B-B-B-B,4,2,False,False
2621,Sh-Sh-A-A-A-A-A-A-A-A-A-A-A-A-A-A-A-A-A-F-F-F-F,4,2,False,False
2622,A-A-A-A-A-F-F-F-F-F-F-F-F-F-F-F-F-F-F-Wt-Wt-Wt-Wt,4,2,False,False
2623,Sh-Sh-Sh-Sh-A-A-F-F-F-F-F-F-F-F-F-F-F-F-F-F-F-F-F,4,2,False,False
2624,F-Wa-Wa-Wa-Wa-Wa-A-A-A-A-A-A-A-A-A-A-A-A-A-A-A-A-A,4,2,False,False
2625,Sh-Sh-Sh-F-F-F-F-F-F-F-F-Sh-Sh-Sh-Sh-Sh-Sh-Sh-Sh-Sh-Sh-Sh-Sh,4,2,False,False
2626,F-F-F-F-F-Wt-Wt-Wt-Wt-Wt-Wt-Wt-Wt-Wt-Wt-Wt-Wt-F-F-F-F-F-F,4,2,False,False
2627,G-G-G-G-Sp-Sp-Sp-Sp-Sp-Sp-Sp-Sp-Sp-Sp-Sp-Sp-G-G-G-G-G-G-G,4,2,False,False
2628,G-G-G-G-G-Sh-Sh-Sh-Sh-Sh-Sh-Sh-Sh-Sh-Sh-Sh-Sh-Sh-Sh-Sh-Sh-F-F,4,2,False,False
2629,A-A-A-A-G-G-G-G-G-G-G-G-G-G-G-G-G-G-A-A-A-A-A,4,2,False,False
2630,F-F-F-F-F-G-G-G-G-G-G-G-G-G-G-G-F-F-F-F-F-F-F,4,2,False,False
2631,F-F-F-F-F-Wt-Wt-Wt-Wt-Wt-Wt-Wt-Wt-Wt-Wt-Wt-Wt-Wt-Wt-Wt-Wt-Sh-Sh,4,2,False,False
2632,Wt-Wt-Wt-Wt-F-F-F-F-F-F-F-F-F-F-F-F-A-A-A-A-A-A-A,4,2,False,False
2633,Sh-Wa-Wa-Wa-Wa-Wa-Sp-Sp-Sp-Sp-Sp-Sp-Sp-Sp-Sp-Sp-Sp-Sp-Sp-Sp-Sp-Sp-Sp,4,2,False,False
2634,Sh-Sh-Sh-F-F-F-F-F-F-F-F-F-F-A-A-A-A-A-A-A-A-A-A,4,2,False,False
2635,B-B-B-B-B-B-B-B-B-B-B-B-B-A-A-A-A-A-A-A-A-A-A,4,1,False,False
2636,G-G-G-G-G-G-G-G-G-A-A-A-A-A-A-A-A-A-F-F-F-F-F,4,2,False,False
2637,A-A-A-A-F-F-F-F-F-F-F-F-F-F-F-F-F-F-F-F-Sh-Sh-Sh,4,2,False,False
2638,A-A-A-A-F-F-F-F-F-F-F-F-F-F-F-F-F-F-F-Sp-Sp-Sp-Sp,4,2,False,False
2639,A-A-A-A-A-Sh-Sh-Sh-Sh-Sh-Sh-Sh-Sh-Sh-F-F-F-F-F-F-F-F-F,4,2,False,False
2640,G-G-G-G-G-G-G-F-F-F-F-F-F-F-F-F-F-F-F-F-A-A-A,4,2,False,False
2641,Sp-Sp-Sp-Sp-Sp-Sp-Sp-Sp-Sp-Sp-Sp-Sp-B-B-B-B-B-B-B-G-G-G-G,4,2,False,False
2642,Sp-Sp-Sp-Sp-Sp-Sp-Sp-Sp-Sp-Sp-Sp-B-B-B-B-B-G-G-G-A-A-A-A,4,3,False,False
2643,B-B-B-B-B-B-B-B-B-B-Wa-Wa-Wa-Wa-Wa-Wa-Wa-Wa-Wa-Wa-Wa-Wa-Wa,4,1,False,False
2644,Sh-Sh-A-A-A-A-A-A-A-A-A-A-A-A-A-A-A-A-F-F-F-F-F,4,2,False,False
2645,Sh-Sh-A-A-A-A-A-A-A-A-A-A-A-A-A-A-A-A-Sh-Sh-Sh-Sh-Sh,4,2,False,False
2646,Sh-Sh-A-A-A-A-A-A-A-A-A-A-A-Sh-Sh-Sh-Sh-Sh-Sh-Sh-Sh-Sh-Sh,4,2,False,False
2647,Sp-Sp-G-G-G-G-G-G-G-G-Sp-Sp-Sp-Sp-Sp-Sp-Sp-Sp-Sp-Sp-Sp-Sp-Sp,4,2,False,False
2648,Sp-Sp-Sp-Sp-Sp-Sp-Sp-B-B-B-B-B-B-B-B-B-B-B-B-B-Sp-Sp-Sp,4,2,False,False
2649,F-F-F-F-F-F-F-F-F-A-A-A-A-A-A-A-A-F-F-F-F-F-F,4,2,False,False
2650,F-F-F-F-F-F-F-F-F-F-A-A-A-A-A-A-A-A-A-A-F-F-F,4,2,False,False
2651,F-F-F-F-F-F-F-F-Sh-Sh-Sh-Sh-Sh-Sh-Sh-Sh-Sh-Sh-Sh-Sh-Sh-Sh-U,4,2,False,True
2652,A-A-A-A-Sh-Sh-Sh-Sh-Sh-Sh-Sh-Sh-Sh-Sh-Sh-Sh-Sh-Sh-A-A-A-A-A,4,2,False,False
2653,A-A-A-F-F-F-F-F-F-A-A-A-A-A-A-A-A-A-A-A-A-A-A,4,2,False,False
2654,B-B-B-B-B-B-B-B-B-B-B-B-B-B-Sp-Sp-Sp-B-B-Sp-Sp-Sp-Sp,4,3,False,True
2655,B-B-B-B-B-B-B-B-B-B-B-B-B-B-Sp-Sp-Sp-B-B-B-B-B-B,4,2,False,True
2656,Sp-Sp-Sp-Sp-Sp-Sp-B-B-B-B-B-B-B-B-B-B-B-G-G-G-G-G-G,4,2,False,False
2657,Sh-Sh-Sh-A-A-A-A-A-A-A-A-A-A-A-A-A-A-F-F-F-F-F-F,4,2,False,True
2658,B-B-B-B-B-B-B-B-B-B-B-B-B-Sp-Sp-Sp-Sp-Sp-Sp-G-G-G-G,4,2,False,False
2659,A-A-A-A-F-F-F-F-F-F-F-F-F-F-F-F-Wt-Wt-Wt-Wt-Wt-Wt-Wt,4,2,False,False
2660,G-G-G-G-G-G-B-B-B-B-B-B-B-B-B-B-B-B-B-G-G-G-G,4,2,False,False
2661,Wt-Wt-Wt-Wt-Wt-Wt-Wt-Wt-Wt-Wt-Wt-Wt-Wt-Wt-Wt-Wt-Wa-Wa-Wa-Wa-Wt-Wt-Wt,4,2,False,False
2662,G-G-G-G-G-G-G-Sp-Sp-F-F-F-F-F-F-F-F-F-F-F-F-F-F,4,2,False,False
2663,F-F-F-A-A-A-A-A-A-A-A-A-A-A-A-A-Sh-Sh-Sh-Sh-Sh-Sh-Sh,4,2,False,True
2664,Sh-Sh-Wa-Wa-Wa-Wa-Wa-Sp-Sp-Sp-Sp-Sp-Sp-Sp-Sp-Sp-Sp-Sp-Sp-Sp-Sp-Sp-Sp,4,2,False,False
2665,Sh-Sh-Wa-Wa-Wa-Wa-Wa-Wa-Wa-A-A-A-A-A-A-A-A-A-A-A-A-A-A,4,2,False,False
2666,Wt-Wt-Wt-Wt-Wt-Wt-Wt-Sh-Sh-Sh-Sh-Sh-Sh-Sh-Sh-Sh-Sh-F-F-F-F-F-F,4,2,False,False
2667,Wt-Wt-Wt-Wt-Wt-Wt-Wt-Sh-Sh-Sh-Sh-Sh-Sh-Sh-Sh-Sh-Sh-Sh-Sh-Sh-Sh-Sh-F,4,2,False,False
2668,Wt-Wt-Wt-Wt-Wt-Wt-Sh-Sh-Sh-Sh-Sh-Sh-Sh-Sh-F-F-F-F-F-F-F-F-F,4,2,False,False
2669,A-A-A-A-A-A-A-A-Sh-Sh-Sh-Sh-Sh-F-F-F-F-F-F-F-F-F-F,4,2,False,False
2670,Sh-Sh-Wt-Wt-Wt-Wt-Wt-F-F-F-F-F-F-F-F-F-F-F-F-F-F-F-F,4,2,False,False
2671,B-B-B-B-B-B-B-B-B-B-B-B-B-B-B-B-B-G-G-G-G-G-Sp,4,2,False,False
2672,Sh-Wa-Wa-Wa-Wa-Wa-Wa-Wa-Wa-A-A-A-A-A-A-A-A-A-A-A-A-A-A,4,2,False,False
2673,F-F-F-F-F-F-G-G-G-G-G-G-G-G-G-G-G-G-G-G-G-G-F,4,2,False,True
2674,Sp-Sp-Sp-Sp-Sp-Sp-Sp-B-B-B-B-B-B-B-B-B-B-B-B-B-B-Sp-Sp,4,2,False,False
2675,F-F-F-F-F-F-F-A-A-A-A-A-A-A-A-A-A-F-F-F-F-F-F,4,2,False,False
2676,Wt-Wt-Wt-Wt-Sh-Sh-Sh-Sh-Sh-Sh-Sh-Sh-Sh-Sh-Sh-Sh-Sh-F-F-F-F-F-F,4,2,False,True
2677,G-G-G-G-G-G-G-G-G-G-B-B-B-B-B-B-B-Sp-Sp-Sp-Sp-Sp-Sp,4,2,False,False
2678,A-A-A-A-A-A-A-A-A-A-A-A-A-A-A-A-A-A-Sh-Sh-Sh-F-F,4,2,False,False
2679,G-G-Sp-Sp-B-B-B-B-B-B-B-B-B-B-B-B-B-B-B-B-B-B-B,4,2,False,False
2680,Sh-Sh-Sh-Sh-Sh-Sh-Sh-Sh-Sh-A-A-A-A-F-F-F-F-F-F-F-F-F-F,4,2,False,False
2681,F-F-Sh-Sh-Sh-Sh-Sh-F-F-F-F-F-F-F-F-F-F-F-F-F-F-Sh-Sh,4,3,False,False
2682,B-B-B-B-Sp-Sp-Sp-Sp-Sp-Sp-Sp-G-G-G-G-G-G-G-G-G-G-G-G,4,2,False,False
2683,Wa-Wa-Sh-Sh-Sh-Sh-Sh-Sh-Sh-Sh-Sh-Sh-Sh-Sh-Wa-Wa-Wa-Wa-Wa-Wa-Wa-Wa-Wa,4,2,False,False
2684,Wt-F-F-F-F-F-F-F-F-F-F-F-F-Sh-Sh-Sh-Sh-Sh-Sh-Sh-Sh-Sh-Sh,4,2,False,False
2685,A-A-A-A-A-A-A-Sh-Sh-Sh-Sh-Sh-Sh-Sh-Sh-Sh-Sh-Sh-Sh-F-F-F-F,4,2,False,False
2686,Wa-Wa-Wa-Wa-Wa-Wa-Wa-Wa-Wa-Wa-Wa-Wa-Wa-Wa-Wa-Wa-Wa-G-G-G-G-G-G,4,1,False,False
2687,Wa-Wa-Wa-Wa-Wa-Wa-Wa-Wa-Wa-Wa-Wa-Wa-Wa-Wa-Wa-Wa-Wa-Wa-Wa-Wa-Wa-Sp-Sp,4,1,False,False
2688,Sp-Sp-Sp-Sp-Sp-Sp-Sp-Sp-Sp-Sp-Sp-G-G-G-G-G-Sp-Sp-Sp-Sp-Sp-Sp-Sp,3,2,False,False
2689,A-A-A-A-A-A-A-A-A-A-A-A-A-A-A-A-A-A-F-F-F-A-A,3,2,False,False
2690,Wa-Wa-Wa-Wa-Wa-Wa-Wa-Wa-Wa-Wa-Wa-Wa-Wa-Wa-Wa-Wa-Wa-Wa-Wa-Wa-Wa-Sh-Sh,3,1,False,False
2691,Wa-Wa-Wa-Wa-Wa-Wa-Wa-Wa-Wa-Wa-Wa-Wa-Wa-Wa-Wa-Wa-Wa-Wa-Wa-Wa-Wa-Wa-A,3,1,False,False
2692,A-A-A-A-A-A-A-A-A-A-A-A-A-A-A-A-F-F-A-A-A-A-A,3,2,False,True
2693,A-A-A-A-A-A-A-A-A-A-A-A-A-A-F-F-F-F-F-A-A-A-A,3,2,False,False
2694,Wa-Wa-Wt-Wt-Wt-Wt-Wt-Wt-Wt-Wt-Wt-Wt-Wt-Wt-Wt-Wt-Wt-Wt-Wt-Wt-Wt-F-F,3,2,False,False
2695,Wt-F-F-F-F-F-F-F-F-F-F-F-F-F-F-F-F-F-Wt-Wt-Wt-Wt-Wt,3,2,False,False
2696,Wt-F-F-F-F-F-F-F-F-F-F-F-F-F-F-F-F-F-F-F-A-A-A,3,2,False,False
2697,Wa-Wa-Sh-Sh-Sh-Sh-Sh-Sh-Sh-Sh-Sh-Sh-Sh-Sh-Sh-Sh-Sh-Sh-Sh-F-F-F-F,3,2,False,False
2698,A-A-A-A-A-A-A-Sh-Sh-Sh-Sh-Sh-Sh-Sh-Sh-Sh-Sh-Sh-Sh-Sh-F-F-F,3,2,False,True
2699,Wt-Wa-Wa-Wa-Wa-Wa-Wa-Wa-Wa-Wa-Wa-Wt-Wt-Wt-Wt-Wt-Wt-Wt-Wt-Wt-Wt-Wt-Wt,3,2,False,False
2700,Sh-Sh-Sh-Sh-Sh-Sh-Sh-Sh-F-F-F-F-F-F-F-F-F-F-F-F-F-F-Sh,3,2,False,False
2701,B-B-B-B-B-Sp-Sp-Sp-Sp-Sp-Sp-Sp-Sp-Sp-Sp-Sp-Sp-Sp-Sp-G-G-G-G,3,2,False,False
2702,F-F-F-F-F-F-F-F-F-F-F-F-F-Sh-Sh-Sh-Sh-Sh-Sh-F-F-F-F,3,2,False,False
2703,Sp-Sp-Sp-Sp-Sp-Sp-Sp-Sp-Sp-Sp-Sp-Sp-Sp-Sp-G-G-G-G-G-G-Sp-Sp-Sp,3,2,False,False
2704,Sp-Sp-Sp-Sp-Sp-Sp-Sp-Sp-Sp-Sp-Sp-Sp-Sp-Sp-Sp-Sp-G-G-G-Sp-Sp-Sp-Sp,3,2,False,False
2705,Sp-Sp-Sp-Sp-Sp-Sp-Sp-Sp-G-G-G-G-G-G-G-G-G-G-G-G-G-Sp-Sp,3,2,False,False
2706,Wa-Wa-Wa-A-A-A-A-A-A-A-A-A-A-A-A-A-A-A-Wt-Wt-Wt-Wt-Wt,3,2,False,False
2707,Wa-Wa-Wa-A-A-A-A-A-A-A-A-A-A-A-A-A-Wt-Wt-Wt-Wt-Wt-Wt-Wt,3,2,False,False
2708,Wt-F-F-F-F-F-F-F-F-F-F-F-F-F-F-F-F-A-A-A-A-A-A,3,2,False,False
2709,Sp-Sp-Sp-Sp-Sp-Sp-Sp-Sp-Sp-Sp-G-G-G-G-G-G-G-G-G-G-Sp-Sp-Sp,3,2,False,False
2710,Sp-Sp-Sp-Sp-Sp-Sp-Sp-Sp-Sp-Sp-G-G-G-G-G-G-G-G-Sp-Sp-Sp-Sp-Sp,3,2,False,True
2711,F-F-F-F-F-F-F-F-F-F-F-Wt-Wt-Wt-Wt-Wt-F-F-F-F-F-F-F,3,2,False,False
2712,A-A-Sh-Sh-Sh-Sh-Sh-Sh-A-A-A-A-A-A-A-A-A-A-A-A-A-A-A,3,2,False,False
2713,A-A-Sh-Sh-Sh-Sh-Sh-Sh-F-F-F-F-F-F-F-F-F-F-F-F-F-F-F,3,2,False,False
2714,Sh-Sh-Sh-Sh-Sh-Sh-Sh-Sh-Sh-Sh-F-F-F-F-F-F-F-F-F-F-F-A-A,3,2,False,False
2715,Sh-Sh-Sh-Sh-Sh-Sh-Sh-Sh-Sh-Sh-F-F-F-F-F-F-F-F-F-F-F-F-Wt,3,2,False,False
2716,Sh-Sh-Sh-Sh-Sh-Sh-Sh-Sh-Sh-Sh-F-F-F-F-F-F-F-G-G-G-G-G-G,3,2,False,False
2717,Sh-Sh-F-F-F-F-F-F-F-F-F-F-F-F-A-A-A-A-A-A-A-A-A,3,2,False,False
2718,A-A-A-A-A-A-A-A-A-F-F-F-F-F-F-F-F-F-F-A-A-A-A,3,2,False,False
2719,A-A-A-A-A-A-A-A-A-F-F-F-F-F-F-F-F-F-F-F-A-A-A,3,2,False,False
2720,B-B-B-B-B-B-B-B-B-B-B-B-B-B-B-B-Wt-Wt-Wt-Wt-Wt-Wt-Wt,3,1,False,False
2721,G-G-G-G-G-G-G-G-B-B-B-B-B-B-B-B-B-G-G-G-G-G-G,3,2,False,False
2722,G-G-G-G-G-G-G-G-B-B-B-B-B-B-B-B-B-B-B-Sh-Sh-Sh-Sh,3,2,False,False
2723,G-G-G-G-G-F-F-F-F-F-F-F-F-F-F-F-A-A-A-A-A-A-A,3,2,False,False
2724,B-B-B-B-B-B-B-B-B-B-B-B-B-Sp-Sp-Sp-B-B-B-B-B-B-B,3,2,False,False
2725,F-F-F-F-F-F-Sh-Sh-Sh-Sh-Sh-Sh-Sh-Sh-Sh-Sh-Sh-Sh-Wt-Wt-Wt-Wt-Wt,3,2,False,False
2726,F-F-F-F-F-F-F-Sh-Sh-Sh-Sh-Sh-Sh-Sh-Sh-Sh-Sh-Sh-Wt-Wt-Wt-Wt-Wt,3,2,False,False
2727,F-F-F-A-A-A-A-A-F-F-F-F-F-F-F-F-F-F-F-F-F-F-F,3,2,False,True
2728,Sp-Sp-Sp-Sp-Sp-Sp-Sp-Sp-B-B-B-B-B-B-B-B-B-Sp-Sp-Sp-Sp-Sp-Sp,3,2,False,False
2729,Sh-Sh-Sh-A-A-A-A-A-A-A-A-A-A-A-A-A-A-A-A-A-A-F-F,3,2,False,False
2730,G-G-F-F-F-F-F-F-F-F-F-F-F-F-F-F-A-A-A-A-A-A-A,3,2,False,False
2731,G-Sp-Sp-Sp-Sp-G-G-G-G-G-G-G-G-G-G-G-G-G-G-G-G-G-G,3,2,False,False
2732,Wa-Wa-Wa-Wa-Wa-Wa-Wa-Wa-Wt-Wt-Wt-Wt-Wt-Wt-Wt-Wt-Wt-Wt-Wt-Wt-F-F-F,3,2,False,False
2733,Sh-Sh-Sh-F-F-F-F-F-F-F-F-F-F-F-F-F-F-F-F-F-A-A-A,3,2,False,False
2734,Sh-Sh-F-F-F-F-F-F-F-F-F-F-F-F-F-F-F-A-A-A-A-A-A,3,2,False,False
2735,G-G-G-G-G-G-G-G-G-F-F-F-F-F-F-F-F-F-F-A-A-A-A,3,2,False,False
2736,G-G-G-G-G-G-G-G-G-G-F-F-F-F-F-F-F-A-A-A-A-A-A,3,2,False,False
2737,G-G-G-G-G-F-F-F-F-F-F-F-F-F-F-F-F-F-F-F-G-G-G,3,2,False,False
2738,G-G-G-G-G-G-G-G-G-G-G-G-G-G-G-G-G-G-G-G-G-G-Wa,3,1,False,False
2739,F-F-F-F-F-F-F-Wt-Wt-Wt-Wt-Wt-Wt-Wt-Wt-Wt-Wt-Wt-Wt-Wt-F-F-F,3,2,False,False
2740,Sp-Sp-Sp-Sp-Sp-Sp-Sp-Sp-Sp-B-B-B-B-B-B-B-G-G-G-G-G-G-G,3,2,False,False
2741,Sp-G-G-G-G-G-G-G-G-G-G-G-G-G-G-G-G-G-G-G-G-G-F,3,2,False,False
2742,A-A-A-A-A-A-A-A-A-A-A-A-A-B-B-B-B-B-B-B-B-B-B,3,1,False,False
2743,A-A-A-A-A-A-A-A-A-A-A-A-F-F-F-F-F-F-F-A-A-A-A,3,2,False,False
2744,Wt-Wt-Wt-Wt-A-A-A-A-A-A-A-A-A-A-A-A-A-A-A-Wa-Wa-Wa-Wa,3,2,False,False
2745,Wt-Wt-Wt-Wt-A-A-A-A-A-A-A-A-A-A-A-A-A-F-F-F-F-F-F,3,2,False,False
2746,F-F-F-F-F-F-F-F-F-F-A-A-A-A-A-A-A-F-F-F-F-F-F,3,2,False,False
2747,F-F-F-F-F-F-F-G-G-G-G-G-G-G-G-G-G-G-F-F-F-F-F,3,2,False,False
2748,F-F-F-F-F-F-F-F-A-A-A-A-A-A-Wa-Wa-Wa-Wa-Wa-Wa-Wa-Wa-Wa,3,2,False,False
2749,Wa-Wa-Wa-Wa-Wa-Wa-Wa-Sp-Sp-Sp-Sp-Sp-Sp-Sp-Sp-Sp-Wa-Wa-Wa-Wa-Wa-Wa-Wa,3,2,False,False
2750,Sh-Sh-Sh-F-F-F-F-F-F-F-F-F-F-F-F-F-F-F-F-F-Wt-Wt-Wt,3,2,False,False
2751,Sh-Sh-Sh-F-F-F-F-F-F-F-F-F-F-F-F-F-F-F-G-G-G-G-G,3,2,False,False
2752,Sh-Sh-Sh-F-F-F-F-F-F-F-F-F-F-F-F-F-Sh-Sh-Sh-Sh-Sh-Sh-U,3,3,False,False
2753,A-A-A-F-F-F-F-F-F-F-F-F-F-F-F-F-F-F-F-A-A-A-A,3,2,False,False
2754,F-Wa-Wa-Wa-Wa-Wa-Wa-Wa-Wt-Wt-Wt-Wt-Wt-Wt-Wt-Wt-Wt-Wt-Wt-Wt-Wt-Wt-Wt,3,2,False,False
2755,Sh-Sh-Sh-A-A-A-A-A-F-F-F-F-F-F-F-F-F-F-F-F-F-F-F,3,2,False,True
2756,Sh-Wa-Wa-Wa-Wa-Wa-Wa-Sh-Sh-Sh-Sh-Sh-Sh-Sh-Sh-Sh-Sh-Sh-Sh-Sh-Sh-Sh-Sh,3,2,False,False
2757,Sh-Sh-Sh-Sh-Sh-Sp-Sp-Sp-Sp-Sp-Sp-Sp-Sp-Sp-Sp-Sp-Sh-Sh-Sh-Sh-Sh-Sh-Sh,3,2,False,False
2758,Sh-Sh-Sh-Sp-Sp-Sp-Sp-Sp-Sp-Sp-Sp-Sp-Sp-Sp-Sp-Sp-Sp-Sp-Sp-Sh-Sh-Sh-Sh,3,2,False,False
2759,Sh-Sh-Sh-Wa-Wa-Wa-Wa-Wa-Wa-Wa-Wa-Sp-Sp-Sp-Sp-Sp-Sp-Sp-Sp-Sp-Sp-Sp-Sp,3,2,False,False
2760,F-F-A-A-A-A-A-A-A-F-F-F-F-F-F-F-F-F-F-F-F-F-F,3,2,False,False
2761,G-F-F-F-F-F-F-Sh-Sh-Sh-Sh-Sh-Sh-Sh-Sh-Sh-Sh-Sh-Sh-Sh-Sh-Sh-Sh,3,2,False,False
2762,Sp-Sp-Sp-Sp-Sp-Sp-Sp-Sp-B-B-B-B-B-B-B-B-B-B-B-B-B-B-Sp,3,2,False,False
2763,Sh-Wa-Wa-Wa-Wa-Wa-Wt-Wt-Wt-Wt-Wt-Wt-Wt-Wt-Wt-Wt-Wt-Wt-Wt-Wt-Wt-Wt-Wt,3,2,False,False
2764,Sh-Wa-Wa-Wa-Wa-Wa-B-B-B-B-B-B-B-B-B-B-B-B-B-B-B-B-B,3,2,False,False
2765,Sh-Sh-Sh-Sh-Sh-Sh-Sh-Sh-Sh-Sh-Sh-Sh-Sh-Sh-Sh-Sh-Sh-B-B-B-B-B-B,3,1,False,False
2766,Sp-Sp-Sp-Sp-Sp-B-B-B-B-B-B-B-B-B-B-B-B-B-B-G-G-G-G,3,2,False,False
2767,F-F-A-A-A-A-A-A-A-A-A-A-A-A-A-A-A-A-A-Sh-Sh-Sh-Sh,3,2,False,False
2768,B-B-B-B-B-B-B-B-B-B-B-B-Sp-Sp-Sp-Sp-Sp-B-B-B-B-B-B,3,2,False,False
2769,A-A-A-F-F-F-F-F-F-Sh-Sh-Sh-Sh-Sh-Sh-Sh-Sh-Sh-Sh-Sh-Sh-Sh-Sh,3,2,False,False
2770,B-B-B-B-B-B-B-B-B-B-B-Sp-Sp-Sp-Sp-Sp-Sp-Sp-G-G-G-G-G,3,2,False,False
2771,B-B-B-B-B-B-B-B-B-B-B-Sp-Sp-Sp-Sp-Sp-Sp-B-B-B-B-B-B,3,2,False,False
2772,Sh-Sh-Sh-Sh-A-A-A-A-A-A-A-A-A-A-A-A-A-A-Wt-Wt-Wt-Wt-Wt,3,2,False,True
2773,G-G-G-G-G-Sp-Sp-Sp-Sp-Sp-Sp-Sp-Sp-Sp-Sp-Sp-G-G-G-G-G-G-G,3,2,False,False
2774,Wt-Wt-Wt-Wt-F-F-F-F-F-F-F-F-F-F-F-F-F-Wt-Wt-Wt-Wt-Wt-Wt,3,2,False,False
2775,G-G-Wa-Wa-Wa-Wa-Wa-Wa-Wa-Wa-Wa-Wa-Wa-Wa-Wa-Wa-G-G-G-G-G-G-G,3,2,False,False
2776,G-G-Wa-Wa-Wa-Wa-Wa-Wa-Wa-Wa-Wa-Wa-Wa-Wa-Wa-Wa-Sh-Sh-Sh-Sh-Sh-Sh-Sh,3,2,False,False
2777,Wa-Wa-Wa-Wa-Wa-Wa-Wa-G-G-G-G-G-G-G-G-G-Wa-Wa-Wa-Wa-Wa-Wa-Wa,3,2,False,False
2778,Wa-Wa-Wa-Wa-Wa-Wa-Wa-Wt-Wt-Wt-Wt-Wt-Wt-Wt-Wt-Wt-F-F-F-F-F-F-F,3,2,False,False
2779,Wa-Wa-Wa-Wa-Wa-Wa-Wa-Wt-Wt-Wt-Wt-Wt-Wt-Wt-Wt-Wt-Wt-Wa-Wa-Wa-Wa-Wa-Wa,3,2,False,False
2780,Wa-Wa-Wa-Wa-Wa-Wa-Wa-Sp-Sp-Sp-Sp-Sp-Sp-Sp-Sp-Sp-Sp-Sp-Sp-Sp-F-F-F,3,2,False,False
2781,F-F-F-F-F-Sh-Sh-Sh-Sh-Sh-Sh-Sh-Sh-Sh-Sh-Sh-Sh-Wa-Wa-Wa-Wa-Wa-Wa,3,2,False,False
2782,Sp-Sp-Sp-Wa-Wa-Wa-Wa-Wa-Wa-Wa-Wa-Wa-Wt-Wt-Wt-Wt-Wt-Wt-Wt-Wt-Wt-Wt-Wt,3,2,False,False
2783,F-A-A-A-A-A-A-A-F-F-F-F-F-F-F-F-F-F-F-F-F-F-F,3,2,False,False
2784,F-F-F-F-F-Sh-Sh-Sh-Sh-Sh-Sh-Sh-Sh-Sh-Sh-Sh-Sh-Wt-Wt-Wt-Wt-Wt-Wt,3,2,False,False
2785,Wa-Wa-Wa-Wa-Sp-Sp-Sp-Sp-Sp-Sp-Sp-Sp-Sp-Sp-Sp-Sp-Sp-Sp-Sp-Sp-Sp-Sp-Wa,3,2,False,False
2786,Wa-Wa-Wa-Wa-Sp-Sp-Sp-Sp-Sp-Sp-Sp-Sp-Sp-Sp-Sp-Sp-Wa-Wa-Wa-Wa-Wa-Wa-Wa,3,2,False,False
2787,Sh-Sh-F-F-F-F-F-F-F-Wt-Wt-Wt-Wt-Wt-Wt-Wt-Wt-Wt-Wt-Wt-Wt-Wt-Wt,3,2,False,False
2788,F-F-F-F-F-F-F-F-A-A-A-A-A-A-A-A-A-A-Wt-Wt-Wt-Wt-Wt,3,2,False,False
2789,F-F-F-F-F-F-F-F-Wt-Wt-Wt-Wt-Wt-Wt-Wt-Wt-Wt-Wt-F-F-F-F-F,3,2,False,True
2790,Wa-Wa-Wa-Wa-A-A-A-A-A-A-A-A-A-A-A-A-A-A-A-Wa-Wa-Wa-Wa,3,2,False,False
2791,Wa-Wa-Wa-Wa-A-A-A-A-A-A-A-A-A-A-A-A-A-A-Wa-Wa-Wa-Wa-Wa,3,2,False,False
2792,G-G-G-G-G-G-G-G-G-G-G-G-G-G-G-G-G-G-G-Sh-F-F-F,3,2,False,False
2793,G-G-G-G-G-G-G-G-G-G-G-G-G-G-G-G-G-G-G-Sp-G-G-G,3,2,False,True
2794,B-B-Wa-Wa-Wa-Wa-Wa-Wa-Sh-Sh-Sh-Sh-Sh-Sh-Sh-Sh-Sh-Sh-Sh-Sh-Sh-Sh-Sh,3,2,False,False
2795,G-F-F-F-F-F-F-F-F-F-F-F-F-F-F-F-F-A-A-A-A-A-A,3,2,False,False
2796,F-F-F-F-F-Sh-Sh-Sh-Sh-Sh-Sh-Sh-Sh-Sh-Sh-Sh-Sh-Sh-Sh-Sh-G-G-G,3,2,False,False
2797,Sp-Sp-G-G-G-G-G-G-G-G-G-G-G-G-G-G-G-G-G-G-G-B-B,3,2,False,False
2798,Sh-F-F-F-F-F-F-F-F-F-F-G-G-G-G-G-G-G-G-G-G-G-G,3,2,False,False
2799,F-Sh-Sh-Sh-Sh-Sh-Sh-Sh-Sh-G-G-G-G-G-G-G-F-F-F-F-F-F-F,3,3,False,False
2800,F-Sh-Sh-Sh-Sh-Sh-Sh-Sh-Sh-Sh-A-A-A-A-A-A-A-A-A-A-F-F-F,3,3,False,False
2801,F-Sh-Sh-Sh-Sh-Sh-Sh-Sh-Sh-Sh-Sh-Sh-Sh-Sh-Sh-Sh-Sh-Sh-Sh-U-U-U-U,3,2,False,False
2802,B-B-B-B-B-B-B-B-B-B-B-F-F-F-F-F-F-F-F-F-F-F-F,3,1,False,False
2803,B-B-B-B-B-B-B-B-B-B-B-U-U-U-U-U-U-U-U-U-U-U-U,3,1,False,False
2804,Wt-Wt-Wt-Wt-Wt-Wt-Wt-Wt-Wt-Wt-Wt-Wt-Wt-Wt-Wt-Wt-Wt-Wt-Wt-Sh-Sh-Sh-Sh,3,1,False,False
2805,A-Wa-Wa-Wa-Wa-Wa-Wa-Wt-Wt-Wt-Wt-Wt-Wt-Wt-Wt-Wt-Wt-Wt-Wt-Wt-Wt-Wt-Wt,3,2,False,False
2806,F-Wa-Wa-Wa-Wa-Wa-Wa-Wa-Wa-Wa-Wt-Wt-Wt-Wt-Wt-Wt-Wt-Wt-Wt-Wt-Wt-Wt-Wt,3,2,False,False
2807,Sh-Sh-Sh-Sh-F-F-F-F-F-F-F-F-F-F-F-F-Sh-Sh-Sh-Sh-Sh-Sh-G,3,3,False,False
2808,G-G-G-G-Sp-Sp-Sp-Sp-Sp-Sp-Sp-Sp-Sp-Sp-Sp-Sp-Sp-Sp-Sp-G-G-G-G,3,2,False,False
2809,A-A-A-A-A-A-A-A-A-F-F-F-F-F-F-F-F-F-F-F-F-F-Wt,3,2,False,False
2810,A-A-A-A-A-A-A-A-A-F-F-F-F-F-F-F-F-F-F-F-F-Sh-Sh,3,2,False,False
2811,A-Wa-Wa-Wa-Wa-Wa-Wa-Wa-Wa-Wt-Wt-Wt-Wt-Wt-Wt-Wt-Wt-Wt-Wt-Wt-Wt-Wt-Wt,3,2,False,False
2812,A-Wa-Wa-Wa-Wa-Wa-Wa-Wa-Wa-Sh-Sh-Sh-Sh-Sh-Sh-Sh-Sh-Sh-Sh-Sh-Sh-Sh-Sh,3,2,False,False
2813,Wt-Wt-Wt-Wt-Wt-A-A-A-A-A-A-A-A-A-A-A-A-A-F-F-F-F-F,3,2,False,False
2814,Wt-Wt-Wt-Wt-Wt-A-A-A-A-A-A-A-A-A-A-A-A-A-Wt-Wt-Wt-Wt-Wt,3,2,False,False
2815,Wt-Wt-Wt-Wt-Wt-F-F-F-F-F-F-F-F-F-F-F-F-F-A-A-A-A-A,3,2,False,False
2816,B-B-B-B-B-B-B-B-B-B-Sp-Sp-Sp-Sp-Sp-Sp-Sp-Sp-G-G-G-G-G,3,2,False,False
2817,B-B-B-B-B-B-B-B-B-B-Sp-Sp-Sp-Sp-Sp-Sp-Sp-Sp-Sp-Sp-G-G-G,3,2,False,False
2818,F-Sh-Sh-Sh-Sh-Sh-Sh-Sh-Sh-A-A-A-A-A-A-A-F-F-F-F-F-F-F,3,3,False,False
2819,B-B-Wa-Wa-Wa-Wa-Wa-Wa-Wa-Wa-Wa-Wa-Wa-Wa-Wa-Wa-F-F-F-F-F-F-F,3,2,False,False
2820,F-F-F-F-F-F-F-F-F-F-F-A-A-A-A-A-A-A-A-A-A-F-F,3,2,False,False
2821,F-F-F-F-F-F-F-F-F-F-F-F-A-A-A-A-A-A-A-F-F-F-F,3,2,False,True
2822,F-F-F-F-F-F-F-F-F-F-F-F-A-A-A-A-F-F-F-F-F-F-F,3,2,False,False
2823,Wt-Wt-Wt-A-A-A-A-A-A-A-A-A-A-A-A-A-Wt-Wt-Wt-Wt-Wt-Wt-Wt,3,2,False,False
2824,Wt-Wt-Wt-F-F-F-F-F-F-F-F-F-F-F-F-F-F-A-A-A-A-A-A,3,2,False,False
2825,F-F-F-F-F-F-F-F-G-G-G-G-G-G-G-G-G-G-G-F-F-F-F,3,2,False,False
2826,F-F-F-F-F-F-F-F-G-G-G-G-G-G-G-G-G-G-G-G-G-F-F,3,2,False,False
2827,F-F-F-F-F-F-F-F-Wt-Wt-Wt-Wt-Wt-Wt-Wa-Wa-Wa-Wa-Wa-Wa-Wa-Wa-Wa,3,2,False,False
2828,F-F-F-F-F-F-F-F-Sh-Sh-Sh-Sh-Sh-Sh-Sh-Sh-Sh-A-A-A-A-A-A,3,2,False,True
2829,Sh-Sh-Sh-Sh-F-F-F-F-F-F-F-Sh-Sh-Sh-Sh-Sh-Sh-Sh-Sh-Sh-Sh-Sh-Sh,3,2,False,False
2830,Sh-Sh-Sh-Sh-Sh-A-A-A-A-A-A-A-A-A-A-A-A-A-A-A-A-A-U,3,2,False,True
2831,F-Sp-Sp-B-B-B-B-B-B-B-B-B-B-B-B-B-B-B-B-B-B-B-B,3,2,False,False
2832,Sh-Sh-A-A-A-A-Sh-Sh-Sh-Sh-Sh-Sh-Sh-Sh-Sh-Sh-Sh-Sh-Sh-Sh-Sh-Sh-Sh,3,2,False,False
2833,Sh-F-F-Sh-Sh-Sh-Sh-Sh-Sh-Sh-Sh-Sh-Sh-Sh-Sh-Sh-Sh-F-F-F-F-F-F,3,3,False,False
2834,Wa-Wa-Wa-Wa-Wt-Wt-Wt-Wt-Wt-Wt-Wt-Wt-Wt-Wt-Wt-Wt-Wt-Wt-F-F-F-F-F,3,2,False,False
2835,Sh-F-F-F-F-F-F-F-F-F-F-F-F-F-F-F-F-F-G-G-G-G-G,3,2,False,False
2836,G-G-G-G-G-G-G-G-Sp-Sp-Sp-Sp-Sp-Sp-Sp-Sp-Sp-Sp-Sp-Sp-G-G-G,3,2,False,False
2837,G-G-G-G-G-G-G-G-Sp-Sp-Sp-Sp-Sp-Sp-Sp-Sp-Sp-Sp-Sp-Sp-Sp-Sp-B,3,2,False,False
2838,Wa-Wa-Wa-Sh-Sh-Sh-Sh-Sh-Sh-Sh-Sh-Sh-Sh-Sh-Sh-Sh-Sh-Sh-F-F-F-F-F,3,2,False,False
2839,Wt-Wt-Wt-F-F-F-F-F-F-F-F-F-F-F-F-F-F-F-F-F-F-F-Sh,3,2,False,False
2840,G-G-G-G-G-G-G-G-G-G-G-G-G-G-G-G-Sp-Sp-G-G-G-G-G,3,2,False,False
2841,Wa-G-G-G-G-G-G-G-G-G-G-G-G-G-G-G-Wa-Wa-Wa-Wa-Wa-Wa-Wa,3,2,False,False
2842,F-B-B-B-Sp-Sp-Sp-Sp-Sp-Sp-Sp-Sp-Sp-Sp-Sp-Sp-Sp-Sp-Sp-Sp-Sp-Sp-Sp,3,2,False,False
2843,Wt-Wt-Wt-Wt-Wt-F-F-F-F-F-F-F-F-F-F-F-F-F-Wt-Wt-Wt-Wt-Wt,3,2,False,True
2844,Sp-Sp-B-B-B-B-B-B-B-B-Sp-Sp-Sp-Sp-Sp-Sp-Sp-Sp-Sp-Sp-Sp-Sp-Sp,3,2,False,False
2845,G-G-G-G-G-G-G-G-G-G-G-G-G-G-G-G-Wa-Wa-Wa-Wa-Sp-Sp-Sp,3,2,False,False
2846,G-G-G-G-G-G-G-G-B-B-B-B-B-B-B-B-B-B-B-Sp-Sp-Sp-Sp,3,2,False,False
2847,Sp-Sp-Sp-Wa-Wa-Wa-Wa-Wa-Wa-Wa-Wa-F-F-F-F-F-F-F-F-F-F-F-F,3,2,False,False
2848,F-F-F-F-Wa-Wa-Wa-Wa-Wa-Wa-Wa-Wa-Wa-Wa-Wa-Wa-Wa-Wa-Wa-Wa-Sp-Sp-Sp,3,2,False,False
2849,F-F-F-G-G-G-G-G-G-G-G-G-G-G-G-G-G-G-G-F-F-F-F,3,2,False,False
2850,Sh-Sh-Sh-Sh-Sh-Sh-Sh-Sh-Sh-Sh-Sh-Sh-Sh-Sh-Sh-Sh-Sh-Sh-Wt-Wt-Wt-Wt-F,3,2,False,True
2851,Sh-Sh-Sh-Sh-Sh-Sh-Sh-Sh-Sh-Sh-Sh-Sh-Sh-Sh-Sh-Sh-Sh-Sh-Sh-A-A-A-F,3,2,False,False
2852,F-Sh-Sh-Sh-Sh-Sh-Sh-Sh-Sh-Sh-Sh-Sh-Sh-Sh-Sh-Sh-F-F-F-Sh-Sh-Sh-Sh,3,3,False,False
2853,Sh-Sh-Sh-Sh-Sh-A-A-A-A-A-A-A-A-A-A-A-A-Sh-Sh-Sh-Sh-Sh-Sh,3,2,False,False
2854,F-Sh-Sh-Sh-Sh-Sh-Sh-Sh-F-F-F-F-F-F-F-F-F-F-F-F-F-F-F,3,2,False,False
2855,B-B-B-B-B-B-B-B-Sp-Sp-Sp-Sp-Sp-Sp-Sp-Sp-Sp-Sp-Sp-Sp-Sp-Sp-G,3,2,False,False
2856,Sh-Sh-Sh-Sh-Sh-F-F-F-F-F-F-F-F-F-F-F-F-F-Wt-Wt-Wt-Wt-Wt,3,2,False,False
2857,F-Sh-Sh-Sh-Sh-A-A-A-A-A-A-A-A-U-U-U-U-U-U-U-U-U-U,3,3,False,False
2858,G-G-G-G-G-G-Sh-Sh-Sh-Sh-Sh-F-F-F-F-F-F-F-F-F-F-F-F,3,2,False,False
2859,G-G-G-G-Wa-Wa-Wa-Wa-Wa-Wa-Wa-Wa-Wa-Wa-Wa-Wa-Wa-Wa-Wa-Wa-A-A-A,3,2,False,False
2860,Sh-Sh-Sh-Sh-F-F-F-F-F-F-F-F-G-G-G-G-G-G-G-G-G-G-G,3,2,False,False
2861,Sh-Sh-Sh-Sh-F-F-F-F-F-F-F-F-F-F-F-F-Wt-Wt-Wt-Wt-Wt-Wt-Wt,3,2,False,False
2862,A-A-A-Sh-Sh-Sh-Sh-Sh-Sh-Sh-Sh-Sh-Sh-Sh-Sh-Sh-Wt-Wt-Wt-Wt-Wt-Wt-Wt,3,2,False,False
2863,Sh-Sh-Sh-Sh-Sh-Sh-Sh-Sh-Sh-Sh-Sh-Sh-Sh-Sh-Sh-Sh-Sh-Sh-Sh-F-F-A-A,3,2,False,False
2864,Sp-Sp-B-B-B-B-B-B-B-B-B-B-B-B-B-B-G-G-G-G-G-G-A,3,3,False,False
2865,Sp-Sp-B-B-B-B-B-B-B-B-B-B-B-B-B-B-B-A-A-A-A-A-A,3,2,False,False
2866,A-Sh-Sh-Sh-Sh-Sh-Sh-Sh-Sh-Sh-Sh-Sh-Sh-Sh-Sh-Sh-F-F-F-F-F-F-F,3,2,False,False
2867,Wa-Wt-Wt-Wt-Wt-Wt-Wt-Wt-Wt-Wt-Wt-Wt-Wt-Wt-Wt-Wt-Wt-Wt-Wt-Wt-Wa-Wa-Wa,3,2,False,False
2868,A-A-A-A-A-F-F-F-F-F-F-F-F-F-F-F-F-F-A-A-A-A-A,3,2,False,False
2869,A-A-A-A-A-F-F-F-F-F-F-F-F-F-F-F-F-F-F-A-A-A-A,3,2,False,False
2870,Sh-F-F-A-A-A-A-A-A-A-A-A-A-A-A-A-A-A-A-A-A-A-A,3,2,False,False
2871,A-A-A-A-A-A-F-F-F-U-U-U-U-U-U-U-U-U-U-U-U-U-U,3,2,False,False
2872,A-A-A-A-A-A-A-A-A-A-A-F-F-F-F-F-F-F-F-F-F-F-A,3,2,False,False
2873,Wa-Wa-Wa-Wa-Wa-Wa-Wa-Wa-Wa-U-U-U-U-U-U-U-U-U-U-U-U-U-U,3,1,False,False
2874,F-F-F-F-F-F-F-F-G-G-G-G-G-G-G-G-G-G-F-F-F-F-F,3,2,False,False
2875,F-F-F-F-F-F-F-F-Wt-Wt-Wt-Wt-Wt-Wt-Wt-Wt-Wt-Wt-Wt-Wt-Wt-F-F,3,2,False,False
2876,G-G-G-G-G-G-G-G-G-G-G-G-G-G-G-G-Wa-Wa-Wa-Wa-G-G-G,3,2,False,False
2877,Wt-Wt-Wt-Wt-Wt-Wt-Wt-A-A-A-A-A-A-A-A-A-Wt-Wt-Wt-Wt-Wt-Wt-Wt,3,2,False,False
2878,B-B-B-B-B-B-B-B-Sp-Sp-Sp-Sp-Sp-Sp-Sp-Sp-Sp-Sp-Sp-Sp-G-G-G,3,2,False,False
2879,G-G-G-G-G-G-G-U-U-U-U-U-U-U-U-U-U-U-U-U-U-U-U,3,1,False,True
2880,Wt-Wt-Wt-Wt-Wt-Wt-Wt-Sh-Sh-F-F-F-F-F-F-F-F-F-F-F-F-F-F,3,2,False,False
2881,Sp-Sp-Sp-G-G-G-G-G-G-G-G-G-G-G-Sp-Sp-Sp-Sp-Sp-Sp-Sp-Sp-Sp,3,2,False,False
2882,F-F-F-F-F-F-F-F-F-Sh-Sh-Sh-Sh-U-U-U-U-U-U-U-U-U-U,3,2,False,False
2883,F-F-F-F-F-F-F-F-F-F-F-F-F-F-F-F-F-F-F-A-Sp-Sp-Sp,3,2,False,False
2884,F-F-F-F-F-F-F-F-F-F-F-F-F-F-F-F-F-F-F-F-F-A-F,3,2,False,True
2885,Wa-Wa-Wa-Wt-Wt-Wt-Wt-Wt-Wt-Wt-Wt-Wt-Wt-Wt-Wt-Wt-Wt-Wt-Wt-Wt-Wt-Sh-Sh,3,2,False,False
2886,Wa-Wa-Wa-Wt-Wt-Wt-Wt-Wt-Wt-Wt-Wt-Wt-Wt-Wt-Wt-Wt-Wt-Wt-Wt-Wa-Wa-Wa-Wa,3,2,False,False
2887,A-A-A-A-A-A-F-F-F-F-F-F-F-F-F-F-F-F-F-F-Sh-Sh-Sh,3,2,False,False
2888,Sh-A-A-A-A-A-A-A-A-A-A-A-A-U-U-U-U-U-U-U-U-U-U,3,2,False,True
2889,A-A-F-F-F-F-F-F-F-F-F-F-F-F-F-F-F-F-F-F-A-A-A,3,2,False,False
2890,A-A-A-Sh-Sh-Sh-Sh-Sh-Sh-Sh-Sh-Sh-Sh-F-F-F-F-F-F-F-F-F-F,3,2,False,False
2891,Wt-Wt-Wt-Wt-Wt-Wt-Wt-F-F-F-F-F-F-F-F-F-F-F-Wt-Wt-Wt-Wt-Wt,3,2,False,False
2892,Sh-Sh-Sh-Sh-Sh-Sh-Sh-Sh-Sh-Sh-Sh-Sh-Sh-Sh-Sh-Sh-F-F-F-F-F-F-A,3,2,False,False
2893,Sh-Sh-Sh-Sh-Sh-Sh-Sh-Sh-Sh-Sh-Sh-Sh-Sh-F-F-F-F-F-Wt-Wt-Wt-Wt-Wt,3,2,False,True
2894,Sh-Sh-Sh-Sh-Sh-Sh-Sh-Sh-Sh-Sh-Sh-Sh-Sh-Sh-F-F-F-F-F-F-F-F-A,3,2,False,False
2895,F-F-F-Wt-Wt-Wt-Wt-Wt-Wt-Wt-Wt-Wt-Wt-Wt-Wt-Wt-Wt-Wt-Wt-Wt-Wt-Sh-Sh,3,2,False,False
2896,A-F-F-F-F-F-F-F-F-Wt-Wt-Wt-Wt-Wt-Wt-Wt-Wt-Wt-Wt-Wt-Wt-Wt-Wt,3,2,False,False
2897,A-G-G-G-G-G-G-G-G-G-G-G-G-G-G-G-G-G-G-G-A-A-A,3,2,False,False
2898,Wa-Wa-Wa-Wa-Wa-Wt-Wt-Wt-Wt-Wt-Wt-Wt-Wt-Wt-Wt-Wt-Wt-Wt-Wt-F-F-F-F,3,2,False,False
2899,Wa-Wa-Wa-Wa-Wa-Wt-Wt-Wt-Wt-Wt-Wt-Wt-Wt-Wt-Wt-Wt-Wt-Wt-Wt-Wa-Wa-Wa-Wa,3,2,False,False
2900,Wa-Wa-Wa-Wa-Wa-Wt-Wt-Wt-Wt-Wt-Wt-Wt-Wt-Wt-Wt-Wt-Wa-Wa-Wa-Wa-Wa-Wa-Wa,3,2,False,True
2901,Sh-Sh-Sh-Sh-Sh-Sh-A-A-A-A-A-A-A-A-F-F-F-F-F-F-F-F-F,3,2,False,False
2902,F-F-Wa-Wa-Wa-Wa-Wa-Wa-Wa-Wa-Wa-Wa-Wa-Wt-Wt-Wt-Wt-Wt-Wt-Wt-Wt-Wt-Wt,3,2,False,False
2903,F-Wt-Wt-Wt-Wt-Wt-Wt-Wa-Wa-Wa-Wa-Wa-Wa-Wa-Wa-Wa-Wa-Wa-Wa-Wa-Wa-Wa-Wa,3,2,False,False
2904,F-Wt-Wt-Wt-Wt-Wt-Wt-Wt-Wt-Wt-Wt-Wt-Wt-Wt-Wt-Wt-Wt-F-F-F-F-F-F,3,2,False,True
2905,A-Sh-Sh-Sh-Sh-Sh-Sh-Sh-Sh-Sh-Sh-Sh-Sh-Sh-A-A-A-A-A-A-A-A-A,3,2,False,False
2906,Sp-Sp-B-B-B-B-B-B-B-B-B-B-B-B-B-B-B-B-A-A-A-A-A,3,2,False,False
2907,F-F-F-Wt-Wt-Wt-Wt-Wt-Wt-Wt-Wt-Wt-Sh-Sh-Sh-Sh-Sh-Sh-Sh-Sh-Sh-Sh-Sh,3,2,False,True
2908,G-G-B-B-B-B-B-B-B-B-B-B-B-B-G-G-G-G-G-G-G-G-G,3,2,False,False
2909,G-G-B-B-B-B-B-B-B-B-B-B-B-B-B-B-G-G-G-G-G-G-G,3,2,False,False
2910,G-G-B-B-B-B-B-B-B-B-B-B-B-B-B-B-Sp-Sp-Sp-Sp-Sp-Sp-Sp,3,2,False,False
2911,B-B-B-B-B-B-B-B-U-U-U-U-U-U-U-U-U-U-U-U-U-U-U,3,1,False,False
2912,Sh-A-A-A-A-A-A-A-A-A-Wa-Wa-Wa-Wa-Wa-Wa-Wa-Wa-Wa-Wa-Wa-Wa-Wa,3,2,False,False
2913,F-F-F-F-F-F-F-F-F-Wt-Wt-Wt-Wt-Wt-Wt-Wt-Wt-Wt-Wt-Wt-F-F-F,3,2,False,False
2914,F-F-F-F-F-F-F-F-F-Wt-Wt-Wt-Wt-Wt-Wt-Wt-Wt-Wt-Wt-Wt-Wt-Sh-Sh,3,2,False,False
2915,F-F-F-F-F-F-F-F-F-Wt-Wt-Wt-Wt-Wt-Wt-Wt-Wt-Wa-Wa-Wa-Wa-Wa-Wa,3,2,False,False
2916,A-A-A-A-A-A-A-A-A-A-A-A-A-A-A-A-G-G-G-G-G-G-G,3,1,False,False
2917,Wt-Wt-F-F-F-F-F-F-F-F-F-F-F-F-F-F-F-Wt-Wt-Wt-Wt-Wt-Wt,3,2,False,False
2918,F-F-F-F-F-F-F-F-Wt-Wt-Wt-Wt-Wt-Wt-Wt-Wt-Wt-F-F-F-F-F-F,3,2,False,True
2919,Wa-Sh-Sh-Sh-Sh-Sh-Sh-Sh-Sh-Sh-Sh-Sh-Sh-Sh-Wa-Wa-Wa-Wa-Wa-Wa-Wa-Wa-Wa,3,2,False,False
2920,Wa-Wa-Wa-Wa-Wa-Wa-Wa-Wa-Wa-Wa-Wa-U-U-U-U-U-U-U-U-U-U-U-U,3,1,False,True
2921,A-A-A-A-A-A-A-A-A-A-A-A-A-A-F-F-F-F-F-F-F-Sh-Sh,3,2,False,False
2922,B-B-B-B-B-B-B-U-U-U-U-U-U-U-U-U-U-U-U-U-U-U-U,3,1,False,False
2923,A-A-F-F-F-F-F-F-Wt-Wt-Wt-Wt-Wt-Wt-Wt-Wt-Wt-Wt-Wt-Wt-Wt-Wt-Wt,3,2,False,False
2924,Wt-Wt-Wt-Wt-Wt-Wt-Wt-Wt-Wt-Wt-Wt-Wt-F-F-F-F-F-F-F-F-F-F-Wt,3,2,False,False
2925,G-G-G-G-G-G-G-G-G-G-G-G-G-B-B-B-B-B-B-Sp-Sp-Sp-Sp,3,2,False,False
2926,G-G-G-G-G-G-G-G-Sp-Sp-Sp-Sp-Sp-Sp-Sp-Sp-F-F-F-F-F-F-F,3,2,False,False
2927,F-F-Wa-Wa-Wa-Wa-Wa-Wa-Wa-Wa-Wa-Wa-Wa-Wa-Wa-Wa-F-F-F-F-F-F-F,3,2,False,False
2928,F-F-Wa-Wa-Wa-Wa-Wa-Wa-Wa-Wa-Wa-Wa-Wa-Wa-Wa-Wa-Wa-Wa-Wa-Wa-Wt-Wt-Wt,3,2,False,False
2929,F-G-G-G-G-G-G-G-G-G-G-G-G-G-G-G-F-F-F-F-F-F-F,3,2,False,True
2930,Sh-Sh-Sh-Sh-Sh-Sh-Sh-F-F-F-F-F-F-F-F-F-Wt-Wt-Wt-Wt-Wt-Wt-Wt,3,2,False,False
2931,Sh-Sh-Sh-Sh-Sh-Sh-Sh-F-F-F-F-F-F-F-F-F-Sh-Sh-Sh-Sh-Sh-Sh-Sh,3,2,False,False
2932,Sh-Sh-Sh-Sh-Sh-Sh-Sh-G-G-G-G-G-G-G-G-G-G-F-F-F-F-F-F,3,2,False,False
2933,F-F-F-Wt-Wt-Wt-Wt-Wt-Wt-Wt-Wt-Wt-Wt-Wt-Wt-Wt-Wt-Wt-Wa-Wa-Wa-Wa-Wa,3,2,False,False
2934,F-F-F-Sh-Sh-Sh-Sh-Sh-Sh-Sh-G-G-G-G-G-G-G-G-G-G-G-G-G,3,2,False,True
2935,Sh-Sh-Sh-Sh-Sh-Sh-Sh-A-A-A-A-A-A-A-A-A-A-A-A-F-F-F-F,3,2,False,False
2936,F-G-G-G-G-G-G-G-G-F-F-F-F-F-F-F-F-F-F-F-F-F-F,3,2,False,False
2937,Sh-Sh-Sh-Sh-Sh-Sh-Sh-Sh-Sh-Sh-Sh-Sh-Sh-F-F-F-F-A-A-A-A-A-A,3,2,False,False
2938,F-F-F-Sh-Sh-Sh-Sh-Sh-Sh-Sh-Sh-Sh-Sh-Sh-G-G-G-G-G-G-G-G-G,3,2,False,True
2939,Sp-Sp-Wa-Wa-Wa-Wa-Wa-Wa-Wa-Wa-Wa-Wa-Wt-Wt-Wt-Wt-Wt-Wt-Wt-Wt-Wt-Wt-Wt,3,2,False,False
2940,Sp-Sp-Wa-Wa-Wa-Wa-Wa-Wa-Wa-Wa-Wa-Wa-Sh-Sh-Sh-Sh-Sh-Sh-Sh-Sh-Sh-Sh-Sh,3,2,False,False
2941,F-F-F-F-F-F-F-F-F-F-F-F-F-F-F-F-F-Sh-Sh-Sh-Sh-Sh-F,3,2,False,False
2942,G-G-G-G-G-G-G-G-G-G-G-G-Sp-Sp-Sp-Sp-Sp-Sp-G-G-G-G-G,3,2,False,False
2943,G-G-G-G-G-G-G-G-G-G-G-G-G-G-Sp-Sp-F-F-F-F-F-F-F,3,2,False,False
2944,Wt-Sh-Sh-Sh-Sh-Sh-Sh-Sh-Sh-Sh-A-A-A-A-A-A-A-A-A-A-A-A-A,3,2,False,False
2945,Wt-Wa-Wa-Wa-Wa-Wa-Wa-Wa-Wa-Sh-Sh-Sh-Sh-Sh-Sh-Sh-Sh-Sh-Sh-Sh-Sh-Sh-Sh,3,2,False,False
2946,F-F-F-F-F-F-F-F-F-F-F-F-Wt-Wt-Wt-Wt-Wt-Wt-Wt-Wt-Wt-A-A,3,2,False,True
2947,A-A-A-A-A-A-A-A-A-A-A-A-A-F-F-F-F-F-F-F-F-A-A,3,2,False,False
2948,F-F-F-F-F-F-F-F-F-F-F-F-F-F-F-F-F-F-F-F-F-F-Wa,3,1,False,False
2949,F-F-F-F-F-F-F-F-F-Sh-Sh-Sh-Sh-Sh-Sh-Sh-Sh-Sh-Sh-A-A-A-A,3,2,False,False
2950,F-F-F-F-F-F-F-F-F-B-B-B-B-B-B-B-B-B-B-Sp-Sp-Sp-Sp,3,2,False,True
2951,Sp-Sp-Sp-Sp-G-G-G-G-G-G-G-G-G-G-Sp-Sp-Sp-Sp-Sp-Sp-Sp-Sp-Sp,3,2,False,False
2952,F-F-F-F-F-F-F-F-F-F-F-F-F-F-F-F-F-F-Wa-Wa-Wa-F-F,3,2,False,False
2953,G-G-G-G-G-G-G-G-G-G-G-Sp-Sp-Sp-Sp-Sp-Sp-Sp-Sp-Sp-G-G-G,3,2,False,False
2954,Wa-Wa-A-A-A-A-A-A-A-A-A-A-A-A-A-A-Wa-Wa-Wa-Wa-Wa-Wa-Wa,3,2,False,False
2955,Sh-F-F-F-F-F-F-F-F-F-A-A-A-A-A-A-A-A-A-A-A-A-A,3,2,False,False
2956,G-G-G-G-G-G-G-G-G-G-G-G-G-G-B-B-B-B-B-B-G-G-G,3,2,False,False
2957,F-F-Wt-Wt-Wt-Wt-Wt-Wt-Wt-Wt-Wt-Wt-Wt-Wt-Wt-Wt-Wt-Wt-F-F-F-F-F,3,2,False,False
2958,Sp-Wa-Wa-Wa-Wa-Wa-Wa-Wa-Wa-Wa-Wa-Wa-F-F-F-F-F-F-F-F-F-F-F,3,2,False,False
2959,F-F-Wt-Wt-Wt-Wt-Wt-Wt-Wt-Wt-Wt-Wt-Wt-Wt-Wt-Wt-Wt-Wa-Wa-Wa-Wa-Wa-Wa,3,2,False,False
2960,A-A-Sh-Sh-Sh-Sh-Sh-Sh-Sh-Sh-Sh-Sh-Sh-Sh-Sh-Sh-Sh-Sh-Sh-F-F-F-F,3,2,False,False
2961,B-B-B-B-B-Sp-Sp-Sp-Sp-Sp-Sp-Sp-Sp-Sp-Sp-Sp-Sp-Sp-G-G-G-G-G,3,2,False,False
2962,Wt-Wt-Wt-Wt-Wt-Wt-Wt-Wt-Wt-F-F-F-F-F-F-F-F-F-F-F-F-F-Wt,3,2,False,False
2963,G-G-G-Wa-Wa-Wa-Wa-Wa-Wa-Wa-Wa-Wa-Wa-Wa-Wt-Wt-Wt-Wt-Wt-Wt-Wt-Wt-Wt,3,2,False,False
2964,A-A-A-A-A-A-A-A-A-A-F-F-F-F-F-F-F-F-F-F-A-A-A,3,2,False,False
2965,A-A-Sh-Sh-Sh-Sh-Sh-Sh-Sh-Sh-Sh-A-A-A-A-A-A-A-A-A-A-A-A,3,2,False,False
2966,Sh-Sh-Sh-Sh-Sh-Sh-Sh-Sh-A-A-A-A-A-A-A-A-A-A-A-A-A-A-U,3,2,False,False
2967,B-B-B-B-Sp-Sp-Sp-Sp-Sp-Sp-Sp-Sp-Sp-Sp-Sp-Sp-Sp-B-B-Sp-Sp-Sp-Sp,3,3,False,False
2968,Wt-Wt-Wt-Wt-Wt-Wt-A-F-F-F-F-F-F-F-F-F-F-F-F-F-F-F-F,3,2,False,False
2969,B-B-B-B-B-B-Sp-Sp-Sp-Sp-Sp-Sp-Sp-Sp-Sp-Sp-B-B-B-B-B-B-B,3,2,False,False
2970,Wa-Wa-Sp-Sp-Sp-Sp-Sp-Sp-Sp-Sp-Sp-Sp-Sp-Sp-Sp-Sp-Wa-Wa-Wa-Wa-Wa-Wa-Wa,3,2,False,False
2971,Wa-Wa-Sp-Sp-Sp-Sp-Sp-Sp-Sp-Sp-Sp-Sp-Sp-Sp-Wa-Wa-Wa-Wa-Wa-Wa-Wa-Wa-Wa,3,2,False,True
2972,F-F-F-F-F-F-F-F-F-F-F-F-F-F-F-F-F-F-F-G-G-G-F,3,2,False,False
2973,A-A-A-A-A-A-A-A-A-A-F-F-F-F-F-F-F-F-F-F-F-F-Wt,3,2,False,False
2974,F-F-Wa-Wa-Wa-Wa-Wa-Wa-Wa-Wa-Wa-Wa-Wa-Wa-Wa-Wa-Wa-Wa-Wa-Wa-Sh-Sh-Sh,3,2,False,False
2975,Sh-Sh-Sh-Sh-Sh-Sh-Sh-Sh-Sh-Sh-Sh-F-F-F-F-F-F-F-Sh-Sh-Sh-Sh-Sh,3,2,False,False
2976,Sh-Sh-Sh-Sh-Sh-Sh-Sh-Sh-Sh-Sh-Sh-F-F-F-F-F-F-U-U-U-U-U-U,3,2,False,False
2977,Sh-Sh-Sh-Sh-Sh-Sh-Sh-Sh-Sh-Sh-Sh-G-G-G-F-F-F-F-F-F-F-F-F,3,2,False,False
2978,F-F-F-F-F-F-F-F-F-F-F-F-Wt-Wt-Wt-Wt-Wt-Wt-Wa-Wa-Wa-Wa-Wa,3,2,False,False
2979,F-F-F-F-F-F-F-F-F-F-Wt-Wt-Wt-Wt-Wt-Wt-Wt-Wt-Wt-Wt-F-F-F,3,2,False,False
2980,F-F-F-F-F-F-F-F-F-F-Wt-Wt-Wt-Wt-Wt-Wt-Wt-Wt-Wt-Wt-Sh-Sh-Sh,3,2,False,False
2981,F-F-F-F-F-F-F-F-F-F-Wt-Wt-Wt-Wt-Wa-Wa-Wa-Wa-Wa-Wa-Wa-Wa-Wa,3,2,False,False
2982,G-G-G-G-G-G-G-G-G-G-B-B-B-B-B-B-B-B-B-B-F-F-F,3,2,False,False
2983,G-G-G-G-G-G-G-G-Sh-Sh-Sh-Sh-Sh-Sh-Sh-Sh-Sh-Sh-Sh-F-F-F-F,3,2,False,False
2984,Wt-Wt-Wt-Wt-Wa-Wa-Wa-Wa-Wa-Wa-Wa-Wa-Wa-Wa-Wa-Wa-Wa-Wa-Wa-Wa-F-F-F,3,2,False,False
2985,G-G-G-G-G-G-G-G-G-Sp-Sp-Sp-Sp-Sp-Sp-Sp-Sp-Sp-Sp-Sp-G-G-G,3,2,False,False
2986,F-F-F-F-F-F-F-F-F-F-F-Sh-Sh-Sh-Sh-Sh-Sh-Sh-A-A-A-A-A,3,2,False,False
2987,A-F-F-F-F-F-F-F-F-F-F-A-A-A-A-A-A-A-A-A-A-A-A,3,2,False,False
2988,A-F-F-F-F-F-F-F-F-F-F-F-F-A-A-A-A-A-A-A-A-A-A,3,2,False,False
2989,B-B-B-B-Sp-Sp-Sp-Sp-Sp-Sp-B-B-B-B-B-B-B-B-B-B-B-B-B,3,2,False,False
2990,Wa-Wa-Wa-Wa-Wa-Wa-Wt-Wt-Wt-Wt-Wt-Wt-Wt-Wt-Wt-Wt-Wa-Wa-Wa-Wa-Wa-Wa-Wa,3,2,False,False
2991,A-A-A-A-A-A-A-A-A-A-A-A-A-A-A-A-A-A-Sh-Sh-F-F-F,3,2,False,False
2992,Wt-Wt-F-F-F-F-F-F-F-F-F-F-F-F-F-F-A-A-A-A-A-A-A,3,2,False,False
2993,A-A-A-A-A-A-A-A-A-A-A-A-A-A-A-A-Wt-F-F-F-F-F-F,3,2,False,False
2994,A-A-A-A-A-A-A-A-A-A-A-A-A-A-A-A-A-F-F-F-F-A-A,3,2,False,True
2995,A-A-A-A-A-A-A-A-A-A-A-A-A-A-A-A-A-A-Wt-F-F-F-F,3,2,False,False
2996,Sh-Sh-Sh-Sh-Sh-Sh-Sh-Sh-F-F-F-F-F-F-F-F-Sh-Sh-Sh-Sh-Sh-Sh-Sh,3,2,False,False
2997,Wa-Wa-Wa-Wa-Wa-Wa-Wt-Wt-Wt-Wt-Wt-Wt-Wt-Wt-Wt-Wt-Wt-Wt-Wt-Wt-Wt-Wt-Sh,3,2,False,False
2998,A-A-Wa-Wa-Wa-Wa-Wa-A-A-A-A-A-A-A-A-A-A-A-A-A-A-A-A,3,2,False,False
2999,B-B-B-G-G-G-G-G-G-G-G-G-G-G-G-G-Sp-Sp-Sp-Sp-Sp-Sp-Sp,3,2,False,False
3000,Sh-Sh-Sh-Sh-Sh-Sh-Sh-Sh-Sh-Sh-Sh-F-F-F-F-F-F-F-F-A-A-A-A,3,2,False,True
3001,Sh-Sh-Sh-Sh-Sh-Sh-Sh-Sh-G-G-G-G-G-G-G-G-F-F-F-F-F-F-F,3,2,False,False
3002,F-F-Sh-Sh-Sh-Sh-Sh-Sh-Sh-Sh-F-F-F-F-F-F-F-F-F-F-F-F-F,3,2,False,False
3003,Sh-Sh-Sh-Sh-Sh-Sh-Sh-Sh-Sh-F-F-F-F-F-F-F-Sh-Sh-Sh-Sh-Sh-Sh-Sh,3,2,False,False
3004,Sh-Sh-Sh-Sh-Sh-Sh-Sh-Sh-Sh-A-A-A-A-A-A-A-A-A-F-F-F-F-F,3,2,False,False
3005,A-A-A-A-A-A-A-A-A-A-A-A-Wt-Wt-Wt-Wt-Wt-Wt-Wt-Wt-Wt-Wt-Wt,3,1,False,False
3006,Sh-Wa-Wa-Wa-Wa-Wa-Wa-Wa-F-F-F-F-F-F-F-F-F-F-F-F-F-F-F,3,2,False,False
3007,Sh-Wa-Wa-Wa-Wa-Wa-Wa-Wa-Wa-Sp-Sp-Sp-Sp-Sp-Sp-Sp-Sp-Sp-Sp-Sp-Sp-Sp-Sp,3,2,False,False
3008,Sh-Sh-F-F-F-F-F-F-Wt-Wt-Wt-Wt-Wt-Wt-Wt-Wt-Wt-Wt-Wt-Wt-Wt-Wt-Wt,3,2,False,False
3009,G-G-G-G-G-G-B-B-B-B-B-B-B-B-B-B-B-B-G-G-G-G-G,3,2,False,False
3010,B-B-B-B-B-B-B-B-B-B-B-B-B-B-B-B-B-B-Sp-Sp-G-G-G,3,2,False,False
3011,F-F-F-F-F-F-F-Sh-Sh-Sh-Sh-Sh-Sh-Sh-Sh-Sh-Sh-Sh-Sh-Sh-Sh-F-F,3,2,False,True
3012,Sp-G-G-G-G-G-G-G-G-G-G-G-G-G-G-G-G-G-G-B-B-B-B,3,2,False,False
3013,Sp-Sp-G-G-G-G-G-G-G-G-G-G-G-G-Sp-Sp-Sp-Sp-Sp-Sp-Sp-Sp-Sp,3,2,False,False
3014,Wt-G-G-G-G-G-G-G-G-G-G-G-G-G-G-G-G-G-G-G-G-G-G,3,1,False,True
3015,Wt-Wt-Wt-Wt-Wt-Sh-Sh-Sh-Sh-Sh-Sh-Sh-Sh-Sh-Sh-Sh-Sh-Sh-F-F-F-F-F,3,2,False,False
3016,Wt-Wt-Wt-Wt-Wt-Sh-Sh-Sh-Sh-Sh-Sh-Sh-Sh-Sh-Sh-Sh-Sh-Sh-Sh-Sh-Sh-Sh-F,3,2,False,False
3017,Wt-Wt-Wt-Wt-Sh-Sh-Sh-Sh-Sh-Sh-Sh-Sh-Sh-Sh-Sh-Sh-Sh-Sh-Sh-Wa-Wa-Wa-Wa,3,2,False,False
3018,A-A-A-A-A-A-A-A-A-A-A-A-A-A-A-A-A-A-Sh-Sh-Sh-Sh-F,3,2,False,False
3019,F-F-F-F-F-F-F-F-F-F-F-F-F-F-F-F-Sh-Sh-Sh-F-F-F-F,3,2,False,False
3020,A-A-A-A-A-A-A-A-A-A-Sh-Sh-Sh-Sh-Sh-Sh-Sh-Sh-Sh-Sh-Sh-F-F,3,2,False,True
3021,Sp-Sp-Sp-Sp-Sp-Sp-Sp-Sp-Sp-Sp-Sp-Sh-Sh-Sh-Sh-Sh-Sh-Sh-Sh-F-F-F-F,2,2,False,False
3022,Wa-Wa-Sh-Sh-Sh-Sh-Sh-Sh-Sh-Sh-Sh-Sh-Sh-Sh-F-F-F-F-F-F-F-F-F,2,2,False,True
3023,Wt-F-F-F-F-F-F-F-F-F-F-F-F-F-F-F-F-F-Sh-Sh-Sh-Sh-Sh,2,2,False,True
3024,Wt-F-F-F-F-F-F-F-F-G-G-G-G-G-G-G-G-G-G-G-G-G-G,2,2,False,True
3025,G-G-G-G-G-G-G-G-G-G-Sp-Sp-Sp-Sp-Sp-Sp-Sp-Sp-G-G-G-G-G,2,2,False,False
3026,Wa-Wa-Wt-Wt-G-G-G-G-G-G-G-G-G-G-G-G-G-G-G-G-G-G-G,2,2,False,False
3027,Wt-U-U-U-U-U-U-U-U-U-U-U-U-U-U-U-U-U-U-U-U-U-U,2,1,False,True
3028,Wt-Wt-Wt-Wt-Wt-U-U-U-U-U-U-U-U-U-U-U-U-U-U-U-U-U-U,2,1,False,False
3029,G-G-G-G-G-G-G-G-Sh-Sh-Sh-Sh-Sh-Sh-Sh-Sh-Sh-Sh-Sh-Sh-Sh-Sh-F,2,2,False,True
3030,G-G-G-G-G-G-G-G-G-Sp-Sp-Sp-Sp-Sp-Sp-Sp-Sp-Sp-G-G-G-G-G,2,2,False,False
3031,G-G-G-G-G-G-G-G-G-Sp-Sp-Sp-Sp-Sp-Sp-Sp-Sp-Sp-Sp-F-F-F-F,2,2,False,False
3032,G-G-G-G-G-G-G-G-G-Sp-Sp-Sp-Sp-Sp-Sp-Sp-Sp-Sp-Sp-Sp-Sp-Sp-B,2,2,False,False
3033,F-F-F-F-F-F-F-F-F-F-F-F-F-F-F-F-Wa-Wa-Wa-Wa-F-F-F,2,2,False,False
3034,F-F-F-F-F-F-F-F-F-F-F-F-F-F-G-G-G-G-G-F-F-F-F,2,2,False,False
3035,Sp-Sp-Sp-Sp-Sp-Sp-Sp-Sp-Sp-Sp-Sp-Sp-Sp-Sp-A-A-A-A-A-A-A-F-F,2,2,False,False
3036,Sp-Sp-Sp-Sp-Sp-Sp-Sp-Sp-Sp-Sp-Sp-Sp-G-G-G-G-G-G-B-B-B-B-B,2,2,False,False
3037,Sp-Sp-Sp-Sp-Sp-Sp-Sp-Sp-Sp-Sp-Sp-Sp-G-G-G-G-G-Sp-Sp-Sp-Sp-Sp-Sp,2,2,False,True
3038,Sh-Sh-Sh-Sh-Sh-Sh-Sh-Sh-Sh-Sh-A-U-U-U-U-U-U-U-U-U-U-U-U,2,2,False,False
3039,F-F-Wt-Wt-Wt-Wt-Wt-Wt-Wt-Wt-Wa-Wa-Wa-Wa-Wa-Wa-Wa-Wa-Wa-Wa-Wa-Wa-Wa,2,2,False,False
3040,B-B-B-B-G-G-G-G-G-G-G-G-G-G-G-G-G-G-G-G-G-G-A,2,2,False,False
3041,A-A-Wa-Wa-Wa-Wa-Sp-Sp-Sp-Sp-Sp-Sp-Sp-Sp-Sp-Sp-Sp-Sp-Sp-Sp-Sp-Sp-Sp,2,2,False,False
3042,A-A-Wa-Wa-Wa-Wa-Wa-Sp-Sp-Sp-Sp-Sp-Sp-Sp-Sp-Sp-Sp-Sp-Sp-Sp-Sp-Sp-Sp,2,2,False,False
3043,F-F-Sh-Sh-Sh-Sh-Sh-Sh-A-A-A-A-A-A-A-A-A-A-F-F-F-F-F,2,3,False,True
3044,Sh-Sh-Sh-Sh-Sh-Sh-Sh-Sh-Sh-F-F-F-F-F-F-F-F-F-F-A-A-A-A,2,2,False,False
3045,B-B-Sp-Sp-Sp-Sp-Sp-Sp-Sp-Sp-Sp-Sp-Sp-Sp-Sp-Sp-Sp-Sp-Sp-G-G-G-G,2,2,False,False
3046,B-B-Sp-Sp-Sp-Sp-Sp-Sp-Sp-Sp-Sp-Sp-Sp-Sp-Sp-Sp-B-B-B-B-B-B-B,2,2,False,True
3047,B-B-B-F-F-F-F-F-F-F-F-F-F-F-F-F-F-F-F-F-F-F-F,2,1,False,False
3048,B-B-B-G-G-G-G-G-G-G-G-G-G-G-G-G-G-G-G-G-F-F-F,2,2,False,True
3049,B-B-B-Sp-Sp-Sp-Sp-Sp-Sp-Sp-Sp-Sp-Sp-Sp-Sp-Sp-Sp-Sp-G-G-G-G-G,2,2,False,False
3050,B-B-B-Sp-Sp-Sp-Sp-Sp-Sp-Sp-Sp-Sp-Sp-Sp-Sp-Sp-B-B-B-B-B-B-B,2,2,False,False
3051,Wa-Wa-Wa-Wa-Wa-Wa-Wt-Wt-Wt-Wt-Wt-Wt-Wt-Wt-Wt-Wt-Wt-Wt-Wt-Wt-Wa-Wa-Wa,2,2,False,False
3052,Wt-Wt-Wt-Wt-Wt-Wt-Wt-F-F-F-F-F-F-F-F-F-Wt-Wt-Wt-Wt-Wt-Wt-Wt,2,2,False,False
3053,A-A-A-A-A-A-A-A-A-A-A-A-A-A-A-A-A-F-F-Sh-Sh-Sh-Sh,2,2,False,False
3054,Wt-Wt-Wt-Wt-Wt-Wt-Wt-F-F-F-F-F-F-F-Wa-Wa-Wa-Wa-Wa-Wa-Wa-Wa-Wa,2,2,False,False
3055,Wa-Wa-Wa-Wa-Wa-Sp-Sp-Sp-Sp-Sp-Sp-Sp-Sp-Sp-Sp-Sp-Sp-Wa-Wa-Wa-Wa-Wa-Wa,2,2,False,False
3056,A-A-A-A-A-A-A-A-A-A-F-F-F-F-F-F-F-Wt-Wt-Wt-Wt-Wt-Wt,2,2,False,False
3057,A-A-A-A-A-A-A-A-A-A-G-G-G-G-G-G-Sh-Sh-Sh-Sh-Sh-Sh-Sh,2,2,False,False
3058,F-F-Sh-Sh-A-A-A-A-A-A-A-A-A-A-A-A-A-A-A-A-A-A-F,2,3,False,True
3059,F-F-Sh-Sh-Sh-Sh-Sh-F-F-F-F-F-F-F-F-F-F-F-F-F-F-Wt-Wt,2,3,False,False
3060,F-F-Wt-Wt-Wt-Wt-Wt-Wt-Wt-Wt-Wt-Wt-Wt-Wt-Wt-Wt-Wa-Wa-Wa-Wa-Wa-Wa-Wa,2,2,False,False
3061,B-B-B-B-Sp-Sp-Sp-Sp-Sp-Sp-Sp-Sp-Sp-Sp-Sp-Sp-B-B-B-B-Sp-Sp-Sp,2,3,False,False
3062,B-B-B-B-Sp-Sp-Sp-Sp-Sp-Sp-Sp-Sp-Sp-Sp-Sp-Sp-B-B-B-B-B-Sp-Sp,2,3,False,False
3063,Wt-Wt-Wt-Wt-Wt-Wt-G-F-F-F-F-F-F-F-F-F-F-F-F-F-F-F-F,2,2,False,False
3064,Wt-Wt-Wt-Wt-Wt-Wt-Wt-Wt-Wt-Wt-F-F-F-F-F-F-F-F-F-F-A-A-A,2,2,False,False
3065,Wt-Wt-Wt-Wt-Wt-Wt-Wt-Wt-Wt-Wt-F-F-F-F-F-F-F-F-F-F-F-F-A,2,2,False,False
3066,G-G-G-Sh-Sh-Sh-Sh-Sh-Sh-Sh-Sh-Sh-Sh-Sh-Sh-Sh-Wt-Wt-Wt-Wt-Wt-Wt-Wt,2,2,False,False
3067,G-G-G-Sp-Sp-Sp-Sp-Sp-Sp-Sp-Sp-Sp-Sp-Sp-Sp-Sp-Sp-Sp-Sp-Sp-G-G-G,2,2,False,False
3068,Sh-Sh-Sh-Sh-Sh-Sh-Sh-Sh-Sh-Sh-A-A-A-A-A-A-A-A-A-A-A-A-U,2,2,False,False
3069,Sh-Sh-Sh-Sh-Sh-Sh-Sh-Sh-Sh-Sh-A-A-A-U-U-U-U-U-U-U-U-U-U,2,2,False,False
3070,F-F-Sh-Sh-Sh-Sh-Sh-Sh-Sh-A-A-A-A-A-A-A-F-F-F-F-F-F-F,2,3,False,False
3071,F-F-Sh-Sh-Sh-Sh-Sh-Sh-Sh-Sh-Sh-G-G-G-G-G-G-G-G-G-G-G-G,2,2,False,True
3072,Sh-Sh-Sh-Sh-Sh-Sh-Sh-Sh-Sh-F-F-F-F-F-F-F-F-F-Sh-Sh-Sh-Sh-Sh,2,2,False,False
3073,Sh-Sh-Sh-Sh-Sh-Sh-Sh-Sh-Sh-Wt-F-F-F-F-F-F-F-F-F-F-F-F-F,2,2,False,False
3074,F-F-Sh-Sh-Sh-Sh-Sh-Sh-Sh-Sh-Sh-Sh-G-G-G-G-G-G-G-G-G-G-G,2,2,False,True
3075,Sh-Sh-Sh-Sh-Sh-Sh-Sh-Sh-Sh-A-A-A-A-A-A-A-A-A-A-A-A-A-F,2,2,False,True
3076,A-A-Sh-Sh-Sh-Sh-U-U-U-U-U-U-U-U-U-U-U-U-U-U-U-U-U,2,2,False,False
3077,A-A-Sh-Sh-Sh-Sh-Sh-U-U-U-U-U-U-U-U-U-U-U-U-U-U-U-U,2,2,False,False
3078,Sh-Sh-Sh-Sh-Sh-Sh-Sh-Sh-Sh-Sh-Sh-F-F-F-F-F-F-F-F-F-F-F-G,2,2,False,False
3079,Sh-Sh-Sh-Sh-Sh-Sh-Sh-Sh-Sh-Sh-F-F-F-F-F-F-F-F-F-F-F-Sh-Sh,2,2,False,False
3080,Sh-Sh-Sh-Sh-Sh-Sh-Sh-Sh-Sh-Sh-F-F-F-F-F-F-F-F-F-Wt-Wt-Wt-Wt,2,2,False,True
3081,Sh-Sh-Sh-Sh-Sh-Sh-Sh-Sh-Sh-Sh-F-F-F-F-F-F-F-F-Sh-Sh-Sh-Sh-Sh,2,2,False,False
3082,F-F-Wt-Wt-Wt-Wt-A-A-A-A-A-A-A-A-A-A-A-A-A-A-A-A-A,2,2,False,False
3083,F-F-G-G-G-G-G-G-G-G-G-G-G-G-G-G-Wa-Wa-Wa-Wa-Wa-Wa-Wa,2,2,False,False
3084,B-B-B-B-A-A-A-A-A-A-A-A-A-A-A-A-G-G-G-G-G-G-G,2,2,False,False
3085,G-G-Sp-Sp-Sp-Sp-Sp-Sp-Sp-Sp-Sp-Sp-Sp-Sp-Sp-Sp-B-B-Sp-Sp-Sp-Sp-Sp,2,3,False,False
3086,F-F-F-Wa-Wa-Wa-Wa-Wa-Wa-Wa-Wa-Wa-Wa-Wa-Wa-Wa-Wa-F-F-F-F-F-F,2,2,False,False
3087,F-F-F-Wa-Wa-Wa-Wa-Wa-Wa-Wa-Wa-Wa-Wa-Wa-Wa-Wa-Wa-Wa-Wa-Wa-Wt-Wt-Wt,2,2,False,False
3088,A-F-F-F-F-F-F-F-F-F-F-F-F-F-F-F-G-G-G-G-G-G-G,2,2,False,False
3089,Sh-Sh-Sh-Sh-Sh-Sh-Sh-Sh-Sh-Sh-Sh-Sh-A-A-A-A-A-A-A-F-F-F-F,2,2,False,False
3090,Wt-Wt-Wt-Wt-Wt-Wt-A-A-A-A-A-A-A-A-A-A-A-F-F-F-F-F-F,2,2,False,False
3091,B-Sp-Sp-Sp-Sp-Sp-Sp-Sp-Sp-Sp-Sp-Sp-Sp-Sp-Sp-Sp-B-B-B-Sp-Sp-Sp-Sp,2,3,False,False
3092,B-B-G-G-G-G-G-G-G-G-G-G-G-G-G-G-G-G-G-G-G-Sp-Sp,2,2,False,True
3093,A-F-F-F-F-F-F-F-F-A-A-A-A-A-A-A-A-A-A-A-A-A-A,2,2,False,False
3094,F-F-Wt-Wt-Wt-Wt-Wt-Wt-Wt-Wt-Wt-Wt-Wt-Wt-Wt-Wt-Wt-F-F-F-F-F-F,2,2,False,False
3095,Sh-Sh-Sh-Sh-Sh-Sh-Sh-Sh-Sh-Sh-F-F-F-F-F-F-F-Wt-Wt-Wt-Wt-Wt-Wt,2,2,False,False
3096,Sh-Sh-Sh-Sh-Sh-Sh-Sh-Sh-Sh-Sh-Sh-A-A-A-A-A-A-A-A-A-A-A-F,2,2,False,False
3097,Sp-Wa-Wa-Wa-Wa-Wa-Wa-Wa-Wa-Wa-Wa-Wt-Wt-Wt-Wt-Wt-Wt-Wt-Wt-Wt-Wt-Wt-Wt,2,2,False,False
3098,Sp-Wa-Wa-Wa-Wa-Wa-Wa-Wa-Wa-Wa-Wa-Sh-Sh-Sh-Sh-Sh-Sh-Sh-Sh-Sh-Sh-Sh-Sh,2,2,False,False
3099,Sp-Wa-Wa-Wa-Wa-Wa-Wa-Wa-Wa-Wa-Wa-Wa-Wt-Wt-Wt-Wt-Wt-Wt-Wt-Wt-Wt-Wt-Wt,2,2,False,False
3100,Sh-Sh-Sh-Sh-Sh-Sh-Sh-Sh-Sh-Sh-Sh-A-A-A-A-A-A-A-A-A-A-U-U,2,2,False,False
3101,Sh-Sh-Sh-Sh-Sh-Sh-Sh-Sh-Sh-Sh-Sh-A-A-A-A-A-A-A-F-F-F-F-F,2,2,False,False
3102,Sh-Sh-Sh-Sh-Sh-Sh-Sh-Sh-Sh-Sh-Sh-Sh-F-F-F-F-F-F-F-F-F-F-U,2,2,False,False
3103,Sp-Wa-Wa-Wa-Wa-Wa-Wa-Wa-Wa-Wa-Wa-Wa-Wa-Wa-Wa-Wa-Wa-Wa-Wa-Wa-Wa-F-F,2,2,False,False
3104,B-F-F-F-F-F-F-F-F-F-F-F-F-F-F-F-F-F-F-F-F-F-A,2,2,False,False
3105,Sh-Sh-Sh-Sh-Sh-Sh-Sh-Sh-Sh-Sh-Sh-F-F-F-F-F-F-F-F-F-F-Wt-Wt,2,2,False,False
3106,A-A-Sh-Sh-Sh-Sh-Sh-Sh-Sh-F-F-F-F-F-F-F-F-F-F-F-F-F-F,2,2,False,False
3107,A-A-Sh-Sh-Sh-Sh-Sh-Sh-Sh-Sh-Sh-Sh-Sh-A-A-A-A-A-A-A-A-A-A,2,2,False,False
3108,A-A-Sh-Sh-Sh-Sh-Sh-Sh-Sh-Sh-Sh-Sh-Sh-Sh-Sh-Sh-A-A-A-A-A-A-A,2,2,False,False
3109,F-F-Sh-Sh-Sh-Sh-Sh-Sh-Sh-Sh-Sh-Sh-Sh-U-U-U-U-U-U-U-U-U-U,2,2,False,False
3110,B-B-B-B-Sp-Sp-Sp-Sp-Sp-Sp-Sp-Sp-Sp-G-G-G-G-G-G-A-A-A-A,2,3,False,False
3111,B-B-B-B-Sp-Sp-Sp-Sp-Sp-Sp-Sp-Sp-Sp-Sp-Sp-Sp-Sp-Sp-Sp-Sp-G-G-G,2,2,False,False
3112,B-B-B-B-Sp-Sp-Sp-Sp-Sp-Sp-Sp-Sp-Sp-Sp-Sp-Sp-Sp-Sp-Sp-B-B-B-B,2,2,False,True
3113,B-B-B-B-Sp-Sp-Sp-Sp-Sp-Sp-Sp-Sp-Sp-Sp-Sp-Sp-Sp-B-B-B-Sp-Sp-Sp,2,3,False,False
3114,Sh-Sh-Sh-Sh-Sh-Sh-Sh-A-A-A-A-A-A-U-U-U-U-U-U-U-U-U-U,2,2,False,False
3115,Sh-Sh-Sh-Sh-Sh-Sh-Sh-F-F-F-F-F-F-F-F-F-F-F-F-F-F-F-G,2,2,False,False
3116,Sh-Sh-Sh-Sh-Sh-Sh-Sh-Sh-A-A-A-A-A-A-A-A-A-A-A-A-A-U-U,2,2,False,False
3117,Sh-Sh-Sh-Sh-Sh-Sh-Sh-Sh-A-A-A-A-A-A-U-U-U-U-U-U-U-U-U,2,2,False,True
3118,Wt-Wt-Wt-Wt-Wt-Wt-Wt-Wt-Wt-Wt-F-F-F-F-F-F-F-F-F-F-Wa-Wa-Wa,2,2,False,False
3119,F-F-Wa-Wa-Wa-Wa-Wa-Wa-Wa-Wa-Wa-Wa-Wa-Wa-Sh-Sh-Sh-Sh-Sh-Sh-Sh-Sh-Sh,2,2,False,False
3120,F-F-Wa-Wa-Wa-Wa-Wa-Wa-Wa-Wa-Wa-Wa-Wa-Wa-B-B-B-B-B-B-B-B-B,2,2,False,False
3121,F-G-G-G-G-G-G-G-G-G-G-G-G-G-G-G-G-F-F-F-F-F-F,2,2,False,True
3122,Sh-Sh-Sh-Sh-Sh-Sh-Sh-Sh-F-F-F-F-F-F-F-F-F-F-F-F-F-A-A,2,2,False,False
3123,Sh-Sh-Sh-Sh-Sh-Sh-Sh-G-G-G-G-G-G-G-G-G-G-G-G-G-F-F-F,2,2,False,False
3124,F-F-Sh-Sh-Sh-Sh-Sh-Sh-Sh-Sh-Sh-Sh-Sh-Sh-Sh-Sh-Sh-Sh-Sh-G-G-G-G,2,2,False,True
3125,F-F-Sh-Sh-Sh-Sh-Sh-Sh-Sh-Sh-Sh-Sh-Sh-Sh-Sh-Sh-Sh-Sh-Sh-Sh-A-A-A,2,2,False,False
3126,B-B-B-B-B-G-G-G-G-G-G-G-G-G-G-G-G-Sp-Sp-Sp-Sp-Sp-Sp,2,2,False,False
3127,Wt-Wt-Wt-Wt-Wt-Wt-Wt-Wt-F-F-F-F-F-F-F-F-F-F-F-Wt-Wt-Wt-Wt,2,2,False,False
3128,Wt-Wt-Wt-Wt-Wt-Wt-Wt-Wt-Wt-F-F-F-F-F-F-F-Wt-Wt-Wt-Wt-Wt-Wt-Wt,2,2,False,False
3129,G-G-G-G-B-B-B-B-B-B-B-B-B-B-F-F-F-F-F-F-F-F-F,2,2,False,False
3130,Wa-Wa-Wa-Wa-Wa-Wa-Sp-Sp-Sp-Sp-Sp-Sp-Sp-Sp-Sp-Sp-Sp-Sp-Sp-Wa-Wa-Wa-Wa,2,2,False,False
3131,A-A-A-A-A-A-A-A-A-A-A-Wa-Wa-U-U-U-U-U-U-U-U-U-U,2,2,False,False
3132,A-A-A-A-A-A-A-A-A-A-F-F-F-F-F-F-A-A-A-A-A-A-A,2,2,False,False
3133,Sh-Sh-Sh-Sh-Sh-Sh-Sh-Sh-Sh-Sh-Sh-Sh-A-A-A-A-A-A-F-F-F-F-F,2,2,False,False
3134,B-B-B-B-B-B-F-F-F-F-F-F-F-F-F-F-F-F-F-F-F-F-F,2,1,False,False
3135,B-B-B-B-B-B-G-G-G-G-G-G-G-G-G-G-G-Sp-Sp-Sp-Sp-Sp-Sp,2,2,False,False
3136,B-B-B-B-B-B-U-U-U-U-U-U-U-U-U-U-U-U-U-U-U-U-U,2,1,False,False
3137,Wt-Wt-Wt-Wt-Wt-Wt-Wt-Wt-A-A-A-A-A-A-A-A-F-F-F-F-F-F-F,2,2,False,True
3138,F-Wt-Wt-Wt-Wt-G-G-G-G-G-G-G-G-G-G-G-G-G-G-G-G-G-G,2,2,False,False
3139,Sh-Sh-Sh-Sh-Sh-Sh-G-G-G-G-G-G-G-G-G-G-G-F-F-F-F-F-F,2,2,False,False
3140,Sh-Sh-Sh-Sh-Sh-Sh-Sh-Sh-Sh-Sh-Sh-Sh-Sh-A-A-A-A-A-A-A-A-F-F,2,2,False,False
3141,Sh-Sh-Sh-Sh-Sh-Sh-Sh-Sh-Sh-Sh-Sh-Sh-Sh-F-F-F-F-F-F-A-A-A-A,2,2,False,False
3142,F-F-F-Sh-Sh-Sh-Sh-Sh-Sh-Sh-Sh-Sh-Sh-Sh-Sh-Sh-F-F-Sh-Sh-Sh-Sh-Sh,2,3,False,False
3143,Sp-B-B-B-B-B-B-B-B-B-B-B-B-B-B-B-B-B-B-Sp-G-G-G,2,3,False,True
3144,Sp-B-B-B-B-B-B-B-B-B-B-B-B-B-B-B-B-B-B-B-G-G-G,2,2,False,False
3145,Sp-Sp-Wa-Wa-Wa-Wa-Wa-Wa-Wa-Wa-Wa-Wa-Wa-Wa-Wa-Wa-G-G-G-G-G-G-G,2,2,False,False
3146,G-G-Sp-Sp-Sp-Sp-Sp-Sp-Sp-Sp-Sp-Sp-Sp-Sp-Sp-Sp-Sp-Sp-Sp-Sp-G-G-G,2,2,False,False
3147,G-G-G-B-B-B-B-B-B-B-B-B-B-B-B-B-G-G-G-G-G-G-G,2,2,False,True
3148,Wt-Wt-Wt-Wt-Wt-Wt-Wt-Wt-Wt-Wt-F-F-F-F-F-F-F-F-F-F-Wt-Wt-Wt,2,2,False,False
3149,Wt-Wt-Wt-Wt-Wt-Wt-Wt-Wt-Wt-Wt-F-F-F-F-F-F-F-F-F-F-Sh-Sh-Sh,2,2,False,False
3150,B-B-B-B-B-B-B-G-G-G-G-G-G-G-G-G-Wa-Wa-Wa-Wa-Wa-Wa-Wa,2,2,False,False
3151,A-A-F-F-F-F-Wt-Wt-Wt-Wt-Wt-Wt-Wt-Wt-Wt-Wt-Wt-Wt-Wt-Wt-Wt-Wt-Wt,2,2,False,False
3152,Wt-Wt-Wt-Wt-Wt-Wt-Wt-Wt-Wt-Wt-F-F-F-F-F-F-F-Wt-Wt-Wt-Wt-Wt-Wt,2,2,False,False
3153,Wt-Wt-Wt-Wt-Wt-Wt-Wt-Wt-Wt-Wt-Wt-F-F-F-F-F-F-F-F-F-F-A-A,2,2,False,False
3154,Wt-Wt-Wt-Wt-Wt-Wt-Wt-Wt-Wt-Wt-Wt-Wt-F-F-F-F-F-F-F-F-F-Wt-Wt,2,2,False,False
3155,Wt-Wt-Wt-Wt-Wt-Wt-Wt-Wt-Wt-Wt-Wt-Wt-F-F-F-F-F-F-F-Wt-Wt-Wt-Wt,2,2,False,False
3156,Sh-Sh-Sh-Sh-Sh-Sh-Sh-Sh-Sh-Sh-Sh-Sh-Sh-F-F-F-F-Sh-Sh-Sh-Sh-Sh-Sh,2,2,False,False
3157,Sh-Sh-Sh-Sh-Sh-Sh-Sh-Sh-Sh-Sh-Sh-Sh-Sh-Sh-A-A-A-A-A-A-F-F-F,2,2,False,False
3158,Sh-Sh-Sh-Sh-Sh-Sh-Sh-Sh-Sh-Sh-Sh-Sh-Sh-Sh-F-F-F-F-A-A-A-A-A,2,2,False,False
3159,Sh-Sh-Sh-Sh-Sh-Sh-Sh-Sh-Sh-Sh-Sh-Sh-Sh-Sh-Sh-Sh-A-A-A-A-A-A-U,2,2,False,False
3160,F-F-F-Wt-Wt-Wt-Wt-Wt-Wt-Wt-Wt-Wt-Wt-Wt-Wt-Wt-Wt-Wa-Wa-Wa-Wa-Wa-Wa,2,2,False,False
3161,F-F-F-Wa-Wa-Wa-Wa-Wa-Wa-Wa-Wa-Wa-Sp-Sp-Sp-Sp-Sp-Sp-Sp-Sp-Sp-Sp-Sp,2,2,False,False
3162,Sh-Sh-Sh-Sh-Sh-Sh-Sh-Sh-Sh-Sh-Sh-Sh-F-F-F-F-F-F-Sh-Sh-Sh-Sh-Sh,2,2,False,True
3163,Sh-Sh-Sh-Sh-Sh-Sh-Sh-Sh-Sh-Sh-Sh-Sh-F-F-F-F-Sh-Sh-Sh-Sh-Sh-Sh-Sh,2,2,False,False
3164,Sh-Sh-Sh-Sh-Sh-Sh-Sh-A-A-A-A-A-A-A-A-A-A-Sh-Sh-Sh-Sh-Sh-Sh,2,2,False,False
3165,B-B-B-B-B-Sp-Sp-Sp-Sp-Sp-Sp-Sp-Sp-Sp-Sp-Sp-Sp-Sp-Sp-Sp-A-A-A,2,2,False,False
3166,Wa-Wa-Wa-Wa-Wa-G-G-G-G-G-G-G-G-G-G-G-Wa-Wa-Wa-Wa-Wa-Wa-Wa,2,2,False,False
3167,Wa-Wa-Wa-Wa-Wa-Sh-Sh-Sh-Sh-Sh-Sh-Sh-Sh-Sh-Sh-Sh-Wt-Wt-Wt-Wt-Wt-Wt-Wt,2,2,False,False
3168,Sh-Sh-Sh-Sh-Sh-Sh-A-A-A-A-A-A-A-F-F-F-F-F-F-F-F-F-F,2,2,False,False
3169,Sh-Sh-Sh-Sh-Sh-Sh-F-F-F-F-F-F-F-F-F-F-F-F-A-A-A-A-A,2,2,False,False
3170,F-F-Wa-Wa-Wa-Wa-Wa-Wa-Wa-Sh-Sh-Sh-Sh-Sh-Sh-Sh-Sh-Sh-Sh-Sh-Sh-Sh-Sh,2,2,False,False
3171,F-Wt-Wt-Sp-Sp-Sp-Sp-Sp-Sp-Sp-Sp-Sp-Sp-Sp-Sp-Sp-Sp-Sp-Sp-Sp-Sp-Sp-Sp,2,2,False,False
3172,A-Sh-Sh-Sh-Sh-Sh-Sh-Sh-Sh-U-U-U-U-U-U-U-U-U-U-U-U-U-U,2,2,False,True
3173,A-Sh-Sh-Sh-Sh-Sh-Sh-Sh-Sh-Sh-Sh-U-U-U-U-U-U-U-U-U-U-U-U,2,2,False,True
3174,Sp-Sp-Wa-Wa-Wa-Wa-Wa-Wa-B-B-B-B-B-B-B-B-B-B-B-B-B-B-B,2,2,False,False
3175,G-G-B-B-B-B-B-B-B-B-B-B-B-B-Sp-Sp-Sp-Sp-Sp-Sp-Sp-Sp-Sp,2,2,False,False
3176,Sp-B-B-B-B-B-B-B-B-B-B-B-G-G-G-G-G-G-G-G-G-G-G,2,2,False,False
3177,F-F-F-Sh-Sh-Sh-Sh-Sh-Sh-Sh-Sh-Sh-Sh-Sh-Sh-Sh-Sh-U-U-U-U-U-U,2,2,False,False
3178,Sh-Sh-Sh-Sh-Sh-Sh-Sh-Sh-Sh-Sh-Sh-Sh-Sh-F-F-F-F-F-F-F-F-F-Sh,2,2,False,False
3179,Sh-Sh-Sh-Sh-Sh-Sh-Sh-Sh-Sh-Sh-Sh-Sh-Sh-F-F-F-F-F-F-F-Sh-Sh-Sh,2,2,False,False
3180,B-B-B-B-B-B-B-Sp-Sp-Sp-Sp-Sp-Sp-Sp-Sp-Sp-Wa-Wa-Wa-Wa-Wa-Wa-Wa,2,2,False,False
3181,Sh-Sh-Sh-Sh-Sh-Sh-Sh-F-F-F-F-F-F-F-F-F-F-F-F-F-F-Wt-Wt,2,2,False,False
3182,A-A-F-F-F-F-F-F-F-F-F-F-F-F-F-F-F-A-A-A-A-A-A,2,2,False,False
3183,A-A-F-F-F-F-F-F-F-F-F-F-F-F-F-F-F-F-F-F-F-A-A,2,2,False,False
3184,A-A-F-F-F-F-F-F-F-F-F-F-F-F-F-F-F-F-F-F-F-F-A,2,2,False,False
3185,Wt-Wt-Wt-Wt-Wt-Wt-Wt-Wt-Wt-Wt-F-F-F-F-F-F-F-F-F-Sh-Sh-Sh-Sh,2,2,False,True
3186,B-B-B-B-B-B-B-B-Sp-Sp-Sp-Sp-Sp-Sp-Sp-Sp-Sp-Sp-Sp-Sp-B-B-B,2,2,False,False
3187,A-A-A-Sh-Sh-Sh-Sh-Sh-Sh-F-F-F-F-F-F-F-F-F-F-F-Sh-Sh-Sh,2,3,False,False
3188,Wt-Wt-Wt-Wt-Wt-Wt-Wt-F-F-F-F-F-F-F-F-F-F-F-F-F-F-F-Sh,2,2,False,False
3189,G-G-B-B-B-B-B-B-B-B-B-B-B-B-B-B-B-B-B-B-B-B-Sp,2,2,False,False
3190,G-G-Wa-Wa-Wa-Wa-G-G-G-G-G-G-G-G-G-G-G-G-G-G-G-G-G,2,2,False,True
3191,G-G-Wa-Wa-Wa-Wa-Sp-Sp-Sp-Sp-Sp-Sp-Sp-Sp-Sp-Sp-Sp-Sp-Sp-Sp-Sp-Sp-Sp,2,2,False,True
3192,Sh-Sh-Sh-Sh-Sh-Sh-Sh-Sh-Sh-Sh-Sh-Sh-Sh-Sh-Sh-Sh-F-F-F-F-F-A-A,2,2,False,False
3193,Sh-Sh-Sh-Sh-Sh-Sh-Sh-Sh-Sh-Sh-Sh-Sh-Sh-Sh-Sh-Sh-F-F-F-F-F-G-G,2,2,False,False
3194,A-F-F-F-F-F-F-F-Sh-Sh-Sh-Sh-Sh-Sh-Sh-Sh-Sh-Sh-Sh-Sh-Sh-Sh-Sh,2,2,False,False
3195,A-F-F-F-F-F-F-Sh-Sh-Sh-Sh-Sh-Sh-Sh-Sh-Sh-Sh-Sh-Sh-Sh-Sh-Sh-Sh,2,2,False,False
3196,A-F-F-F-F-F-Sh-Sh-Sh-Sh-Sh-Sh-Sh-Sh-Sh-Sh-Sh-Sh-Sh-Sh-Sh-Sh-Sh,2,2,False,False
3197,Wa-Wa-Wa-Wa-Wa-G-G-G-G-G-G-G-G-G-G-G-G-Wa-Wa-Wa-Wa-Wa-Wa,2,2,False,False
3198,A-Wa-Wa-Wa-Wa-Wa-Wa-Wa-Wa-Wa-A-A-A-A-A-A-A-A-A-A-A-A-A,2,2,False,False
3199,A-Wa-Wa-Wa-Wa-Wa-Wa-Wa-Wa-Wa-Wa-F-F-F-F-F-F-F-F-F-F-F-F,2,2,False,False
3200,Sp-Sp-Sp-Wa-Wa-Wa-Wa-Wa-Wa-Wa-Wa-A-A-A-A-A-A-A-A-A-A-A-A,2,2,False,False
3201,Sp-Sp-Sp-Wa-Wa-Wa-Wa-Wa-Wa-Wa-Wa-G-G-G-G-G-G-G-G-G-G-G-G,2,2,False,False
3202,Sh-Sh-Sh-Sh-Sh-Sh-Sh-Sh-Sh-Sh-Sh-Sh-Sh-Sh-Sh-Sh-Wt-Wt-Wt-Wt-F-F-F,2,2,False,False
3203,F-F-F-Wt-Wt-Wt-Wt-Wt-Wt-F-F-F-F-F-F-F-F-F-F-F-F-F-F,2,2,False,False
3204,A-Sh-Sh-Sh-Sh-Sh-Sh-Sh-Sh-Sh-Sh-Sh-Sh-Sh-Sh-Sh-G-G-G-G-G-G-G,2,2,False,False
3205,A-Sh-Sh-Sh-Sh-Sh-Sh-Sh-Sh-Sh-Sh-Sh-Sh-Sh-Sh-Sh-Sh-Sh-Sh-G-G-G-G,2,2,False,False
3206,A-Sh-Sh-Sh-Sh-Sh-Sh-Sh-Sh-Sh-Sh-Sh-Sh-Sh-Sh-Sh-Sh-Sh-Sh-Sh-A-A-A,2,2,False,False
3207,Sh-Sh-Sh-Sh-Sh-Sh-Sh-Sh-Sh-Sh-Sh-Sh-Sh-Sh-Sh-Sh-Sh-A-A-A-A-A-F,2,2,False,False
3208,Sh-Sh-Sh-Sh-Sh-Sh-Sh-Sh-Sh-Sh-Sh-Sh-Sh-Sh-Sh-Sh-Sh-F-F-F-F-F-A,2,2,False,False
3209,F-F-F-F-B-B-B-B-B-B-B-B-B-B-B-B-B-B-B-Sh-Sh-Sh-Sh,2,2,False,True
3210,A-Wt-Wt-Wt-Wt-Wt-Sp-Sp-Sp-Sp-Sp-Sp-Sp-Sp-Sp-Sp-Sp-Sp-Sp-Sp-Sp-Sp-Sp,2,2,False,False
3211,A-A-A-A-A-A-A-A-A-A-F-F-F-F-F-F-F-F-F-F-F-F-Sh,2,2,False,False
3212,Wt-Wt-Wt-Wt-Wt-Wt-G-G-G-G-F-F-F-F-F-F-F-F-F-F-F-F-F,2,2,False,False
3213,Wt-Wt-Wt-Wt-Wt-Wt-Wt-F-F-F-F-F-F-F-F-F-F-A-A-A-A-A-A,2,2,False,False
3214,Wa-Wa-Wa-Wa-Wa-Sh-Sh-Sh-Sh-Sh-Sh-Sh-Sh-Sh-Sh-Sh-Sh-Sh-Sh-Sh-Sh-Sp-Sp,2,2,False,False
3215,Wt-Wt-Wt-Wt-Wt-Wt-Wt-Wt-Wt-Wt-Wt-Wt-Wt-F-F-F-F-F-Wt-Wt-Wt-Wt-Wt,2,2,False,True
3216,Wt-Wt-Wt-Wt-Wt-Wt-Wt-Wt-Wt-Wt-Wt-Wt-Wt-F-F-F-Wt-Wt-Wt-Wt-Wt-Wt-Wt,2,2,False,False
3217,Wt-Wt-Wt-Wt-Wt-Wt-Wt-Wt-Wt-Wt-Wt-Wt-Wt-Wt-F-F-F-F-F-F-F-Wt-Wt,2,2,False,False
3218,F-Sh-Sh-Sh-Sh-Sh-Sh-Sh-Sh-Sh-Sh-F-F-F-F-F-F-F-F-F-F-Sh-Sh,2,3,False,False
3219,Sh-Sh-Sh-Sh-Sh-F-F-F-F-F-F-F-F-F-F-F-F-F-F-Wt-Wt-Wt-Wt,2,2,False,False
3220,Sh-Sh-Sh-Sh-Sh-G-G-G-G-G-G-G-G-G-G-G-G-G-G-G-G-F-F,2,2,False,False
3221,F-Sh-Sh-A-A-A-A-A-A-A-A-A-A-A-A-A-A-A-A-F-F-F-F,2,3,False,False
3222,F-Sh-Sh-Sh-Sh-A-A-A-A-A-A-A-A-A-A-A-A-A-A-A-F-F-F,2,3,False,False
3223,F-G-G-G-G-G-G-G-G-Sh-Sh-Sh-Sh-Sh-F-F-F-F-F-F-F-F-F,2,3,False,False
3224,F-G-G-G-G-G-G-G-Sp-Sp-Sp-Sp-Sp-Sp-Sp-Sp-Sp-Sp-Sp-Sp-Sp-Sp-Sp,2,2,False,False
3225,F-Wt-Wt-Wt-Wt-Wt-Wt-Wt-Wt-Wt-Wt-Wt-Wt-Wt-Wt-Wt-Wt-Wa-Wa-Wa-Wa-Wa-Wa,2,2,False,False
3226,Sh-Sh-Sh-Sh-Sh-A-A-A-A-A-A-A-A-A-A-A-A-A-A-A-A-U-U,2,2,False,False
3227,A-A-A-Sh-Sh-Sh-Sh-Sh-Sh-Sh-Sh-Sh-Sh-Sh-Sh-Sh-Sh-A-A-A-A-A-A,2,2,False,False
3228,Sh-Sh-Sh-Sh-Sh-Sh-Sh-Sh-Sh-Sh-Sh-Sh-Sh-Sh-Sh-Sh-Sh-Sh-Sh-F-A-A-A,2,2,False,False
3229,F-F-F-F-Sh-Sh-Sh-Sh-Sh-Sh-Sh-Sh-Sh-Sh-Sh-Sh-Sh-Sh-Sh-F-F-F-Sh,2,3,False,False
3230,F-Wa-Wa-Wa-Wa-Wa-Wa-Sp-Sp-Sp-Sp-Sp-Sp-Sp-Sp-Sp-Sp-Sp-Sp-Sp-Sp-Sp-Sp,2,2,False,False
3231,B-B-B-B-B-B-B-B-B-B-B-Sh-Sh-Sh-Sh-Sh-Sh-Sh-Sh-Sh-Sh-Sh-Sh,2,1,False,False
3232,B-B-B-B-B-B-B-B-B-B-B-Sp-Sp-Sp-Sp-Sp-A-A-A-A-A-A-A,2,2,False,False
3233,Wt-Wt-Wt-Wt-Wt-Wt-Wt-Wt-Wt-Wt-Wt-Wt-Wt-Wt-F-F-F-F-F-Wt-Wt-Wt-Wt,2,2,False,False
3234,Sh-Sh-Sh-Sh-G-G-G-G-G-G-G-G-G-G-F-F-F-F-F-F-F-F-F,2,2,False,False
3235,Sh-Sh-Sh-Sh-G-G-G-G-G-G-G-G-G-G-G-G-F-F-F-F-F-F-F,2,2,False,False
3236,F-Sp-Sp-Sp-Sp-Sp-Sp-Sp-Sp-Sp-Sp-Sp-Sp-Sp-F-F-F-F-F-F-F-F-F,2,2,False,False
3237,F-Sp-Sp-Sp-Sp-Sp-Sp-Sp-Sp-Sp-Sp-Sp-Sp-Sp-Sp-Sp-Sp-Sp-F-F-F-F-F,2,2,False,False
3238,F-B-B-B-B-B-B-B-B-B-B-B-B-B-B-B-B-B-B-Sh-Sh-Sh-Sh,2,2,False,False
3239,A-A-A-A-A-A-A-A-A-A-A-Sh-Sh-Sh-Sh-Sh-Sh-Sh-Sh-F-F-F-F,2,2,False,True
3240,Wt-Wt-Wt-Wt-Wt-F-F-F-F-F-F-F-F-F-F-F-F-F-F-F-F-Wt-Wt,2,2,False,False
3241,Wt-Wt-Wt-Wt-Wt-F-F-F-F-F-F-F-F-F-F-F-F-Wt-Wt-Wt-Wt-Wt-Wt,2,2,False,False
3242,Sp-Sp-B-B-B-B-B-B-B-Sp-Sp-Sp-Sp-Sp-Sp-Sp-Sp-Sp-Sp-Sp-Sp-Sp-Sp,2,2,False,False
3243,F-F-F-F-Sh-Sh-Sh-Sh-Sh-Sh-Sh-Sh-Sh-Sh-Sh-Sh-Sh-Sh-Sh-Sh-Sh-Sh-G,2,2,False,False
3244,B-B-B-B-B-B-B-B-B-Sp-Sp-Sp-Sp-Sp-Sp-Sp-Sp-Sp-Sp-Sp-Sp-Sp-B,2,2,False,False
3245,B-B-B-B-B-B-B-B-B-Sp-Sp-Sp-Sp-Sp-Sp-Sp-B-B-B-B-B-B-B,2,2,False,False
3246,F-Wa-Wa-Wa-Wa-Wa-Wa-Wa-Wa-Wa-Sh-Sh-Sh-Sh-Sh-Sh-Sh-Sh-Sh-Sh-Sh-Sh-Sh,2,2,False,False
3247,F-Wa-Wa-Wa-Wa-Wa-Wa-Wa-Wa-Wa-Wa-Wa-Wa-Wa-Wa-Wa-Wa-Wa-Wa-Wa-F-F-F,2,2,False,False
3248,Sh-Sh-Sh-Sh-F-F-F-F-F-F-F-F-F-F-F-F-F-F-F-F-F-G-G,2,2,False,False
3249,Sh-Sh-Sh-Sh-F-F-F-F-F-F-F-F-F-F-F-F-F-G-G-G-G-G-G,2,2,False,False
3250,Sh-Sh-Sh-Sh-F-F-F-F-F-F-F-F-F-F-F-F-F-U-U-U-U-U-U,2,2,False,False
3251,Sh-Sh-Sh-Sh-F-F-F-F-F-F-F-F-F-F-U-U-U-U-U-U-U-U-U,2,2,False,False
3252,G-G-G-G-Sp-Sp-Sp-Sp-Sp-Sp-Sp-Sp-Sp-Sp-Sp-Sp-Sp-Sp-F-F-F-F-F,2,2,False,True
3253,A-Wa-Wa-Wa-Wa-Wa-Wa-Wa-Sp-Sp-Sp-Sp-Sp-Sp-Sp-Sp-Sp-Sp-Sp-Sp-Sp-Sp-Sp,2,2,False,False
3254,F-F-F-F-Sh-Sh-Sh-Sh-Sh-A-A-A-A-A-A-A-A-A-A-A-A-A-A,2,2,False,True
3255,F-F-F-F-Sh-Sh-Sh-Sh-Sh-A-A-A-A-A-A-A-F-F-F-F-F-F-F,2,3,False,False
3256,F-F-F-F-G-G-G-G-G-G-G-G-G-G-G-G-F-F-F-F-F-F-F,2,2,False,False
3257,Sp-Sp-Sp-Sp-B-B-B-B-B-B-B-B-B-B-B-B-B-B-B-B-B-B-Sp,2,2,False,False
3258,F-A-A-A-A-A-A-A-A-A-A-A-A-A-A-A-Wa-Wa-Wa-Wa-Wa-Wa-Wa,2,2,False,False
3259,Wt-Wt-Wt-Wt-Wt-A-A-A-A-A-A-A-A-A-A-A-F-F-F-F-F-F-F,2,2,False,True
3260,F-B-B-B-B-B-B-B-B-B-B-B-B-B-B-B-B-B-B-B-Sp-Sp-Sp,2,2,False,False
3261,F-B-B-B-B-B-B-B-B-B-B-B-B-Wa-Wa-Wa-Wa-Wa-Wa-Wa-Wa-Wa-Wa,2,2,False,False
3262,A-A-A-A-A-A-A-A-A-F-F-F-F-F-F-F-A-A-A-A-A-A-F,2,3,False,False
3263,Sh-Sh-Sh-Sh-A-A-A-A-A-A-A-A-A-A-A-A-Sh-Sh-Sh-Sh-Sh-Sh-Sh,2,2,False,False
3264,Sh-Sh-Sh-Sh-A-A-A-A-A-F-F-F-F-F-F-F-F-F-F-F-F-F-F,2,2,False,False
3265,Sh-Sh-Sh-G-G-G-G-G-G-G-G-G-G-G-G-G-F-F-F-F-F-F-F,2,2,False,False
3266,Sh-Sh-Sh-Wt-Wt-Wt-Wt-Wt-Wt-F-F-F-F-F-F-F-F-F-F-F-F-F-F,2,2,False,False
3267,Sh-Sh-Sh-Sh-A-A-A-A-A-A-A-A-A-A-A-A-A-A-A-A-F-F-F,2,2,False,False
3268,Sh-Sh-Sh-Sh-Sh-Sh-Sh-Sh-Sh-Sh-Sh-Sh-Sh-Sh-Sh-Sh-Wa-Wa-Wa-Sh-Sh-Sh-Sh,2,2,False,False
3269,Sh-Sh-Sh-Sh-Sh-Sh-Sh-Sh-Sh-Sh-Sh-Sh-Sh-Sh-Sh-Sh-Wa-Wa-Wa-Wa-Wa-F-F,2,2,False,False
3270,A-Wa-Wa-Wa-Wa-Wa-Wa-Wa-Wa-Wa-Wa-Wa-Wa-Wa-Wa-Wa-Wa-Wa-Wa-Wa-Sh-Sh-Sh,2,2,False,False
3271,F-A-A-A-A-A-A-A-A-A-A-A-A-A-A-A-A-A-A-F-F-F-A,2,3,False,True
3272,F-F-F-A-A-A-A-A-A-A-A-A-A-A-A-A-A-A-A-A-A-A-U,2,2,False,True
3273,F-F-F-A-A-A-A-A-A-A-A-A-A-A-A-A-A-A-A-A-A-U-U,2,2,False,True
3274,F-F-F-F-Sh-Sh-Sh-Sh-Sh-Sh-Sh-Sh-Sh-Sh-Sh-Sh-Sh-Wa-Wa-Wa-Wa-Wa-Wa,2,2,False,False
3275,Sp-Sp-Sp-B-B-B-B-B-B-B-B-B-B-B-B-B-Sp-Sp-Sp-G-G-G-G,2,3,False,False
3276,Sp-Sp-Sp-B-B-B-B-B-B-B-B-B-B-B-B-B-B-B-B-U-U-U-U,2,2,False,False
3277,A-Wa-Wa-Wa-Wa-Wa-Wa-A-A-A-A-A-A-A-A-A-A-A-A-A-A-A-A,2,2,False,False
3278,A-A-A-A-A-A-A-A-A-A-A-F-F-F-F-F-F-F-F-A-A-A-A,2,2,False,False
3279,Wt-Wt-Wt-Wt-F-F-F-F-F-F-F-F-F-F-F-F-F-F-F-F-F-F-A,2,2,False,False
3280,G-F-F-F-F-F-F-F-F-F-F-F-F-F-F-F-F-F-F-A-A-A-A,2,2,False,False
3281,B-B-B-B-B-B-B-B-B-B-B-B-Sp-Sp-Sp-Sp-Sp-Sp-G-G-G-G-G,2,2,False,False
3282,B-B-B-B-B-B-B-B-B-B-B-B-Sp-Sp-Sp-Sp-Sp-B-Sp-Sp-Sp-Sp-Sp,2,3,False,False
3283,A-A-A-F-F-F-F-F-F-F-F-F-F-F-F-F-F-F-Sh-Sh-Sh-Sh-Sh,2,2,False,False
3284,G-G-G-G-G-Sh-Sh-Sh-Sh-Sh-Sh-Sh-Sh-Sh-Sh-Sh-Sh-Sh-Sh-Sp-Sp-Sp-Sp,2,2,False,False
3285,G-G-G-G-G-Sp-Sp-Sp-Sp-Sp-Sp-Sp-Sp-Sp-Sp-Sp-Sp-G-G-G-G-G-G,2,2,False,False
3286,G-G-G-G-G-Sp-Sp-Sp-Sp-Sp-Sp-Sp-Sp-Sp-Sp-Sp-Sp-Sp-F-F-F-F-F,2,2,False,True
3287,F-F-F-F-F-F-Sh-Sh-Sh-Sh-Sh-Sh-Sh-Sh-Sh-Sh-Sh-Wa-Wa-Wa-Wa-Wa-Wa,2,2,False,False
3288,Sp-Sp-Sp-Sp-B-B-B-B-B-B-B-B-B-B-Sp-Sp-Sp-Sp-Sp-Sp-Sp-Sp-Sp,2,2,False,False
3289,F-A-A-A-A-A-A-A-A-A-A-A-A-U-U-U-U-U-U-U-U-U-U,2,2,False,False
3290,F-A-A-A-A-A-A-A-A-Sh-Sh-Sh-Sh-Sh-F-F-F-F-F-F-F-F-F,2,3,False,False
3291,Wa-Wa-Wa-Wa-Sp-Sp-Sp-Sp-Sp-Sp-Sp-Sp-Sp-Sp-Sp-Sp-Sp-Wt-Wt-Wt-Wt-Wt-Wt,2,2,False,False
3292,Wa-Wa-Wa-Wa-Sp-Sp-Sp-Sp-Sp-Sp-Sp-Sp-Sp-Sp-Sp-Sp-Sp-Wa-Wa-Wa-Wa-Wa-Wa,2,2,False,False
3293,Wa-Wa-Wa-Wa-Wa-A-A-A-A-A-A-A-A-A-A-A-A-A-A-Wa-Wa-Wa-Wa,2,2,False,False
3294,Sh-Sh-Sh-F-F-F-F-F-F-F-F-F-F-F-F-F-F-F-F-F-F-G-G,2,2,False,False
3295,G-G-F-F-F-F-F-F-F-F-F-F-F-F-F-F-F-F-F-Sh-Sh-Sh-Sh,2,2,False,False
3296,A-A-A-A-G-G-G-G-G-G-B-B-B-B-B-B-B-B-B-B-B-B-B,2,2,False,False
3297,G-G-G-G-G-G-G-G-B-B-B-B-B-B-B-B-B-B-B-A-A-A-A,2,2,False,False
3298,Wa-Wa-Wa-Wa-Sh-Sh-Sh-Sh-Sh-Sh-Sh-Sh-Sh-Sh-Sh-Sh-Sh-Sh-A-A-A-A-A,2,2,False,False
3299,A-A-A-A-A-A-A-A-A-F-F-F-F-F-U-U-U-U-U-U-U-U-U,2,2,False,False
3300,Sh-Sh-Sh-F-F-F-F-F-F-F-F-F-F-F-F-F-F-Wt-Wt-Wt-Wt-Wt-Wt,2,2,False,False
3301,A-A-A-A-F-F-F-F-F-F-F-F-U-U-U-U-U-U-U-U-U-U-U,2,2,False,False
3302,G-G-G-G-G-G-F-F-F-F-F-F-F-F-F-F-F-F-F-F-F-F-Sh,2,2,False,False
3303,Sh-Sh-Sh-A-A-A-A-A-A-A-A-A-A-U-U-U-U-U-U-U-U-U-U,2,2,False,True
3304,F-F-F-F-F-G-G-G-G-G-G-G-G-G-G-G-G-G-G-G-F-F-F,2,2,False,True
3305,Sh-Sh-Sh-B-B-B-B-B-B-B-B-B-B-B-B-B-B-B-B-B-B-B-B,2,1,False,False
3306,F-F-F-F-F-F-Sh-Sh-Sh-Sh-Sh-Sh-Sh-Sh-Sh-Sh-Sh-U-U-U-U-U-U,2,2,False,False
3307,F-F-A-A-A-A-F-F-F-F-F-F-F-F-F-F-F-F-F-F-F-F-F,2,2,False,False
3308,F-F-F-F-F-F-G-G-G-G-G-G-G-G-G-G-F-F-F-F-F-F-F,2,2,False,False
3309,F-F-A-A-A-A-A-A-A-A-A-A-A-A-A-A-A-A-Sh-Sh-Sh-Sh-Sh,2,2,False,False
3310,Sh-Sh-Sh-A-A-A-A-A-A-A-A-A-A-A-A-A-A-A-A-A-F-F-F,2,2,False,False
3311,Sh-Sh-Sh-A-A-A-A-A-A-A-A-A-A-A-A-A-A-A-Wt-Wt-Wt-Wt-Wt,2,2,False,False
3312,Sh-Sh-Sh-A-A-A-A-A-A-A-A-A-A-A-A-A-Sh-Sh-Sh-Sh-Sh-F-F,2,3,False,False
3313,Sh-Sh-Sh-A-A-A-A-A-A-A-A-A-A-A-F-F-F-F-F-F-F-F-F,2,2,False,False
3314,B-B-B-B-B-B-B-B-B-B-B-B-B-Sp-Sp-Sp-Sp-Sp-G-G-G-G-G,2,2,False,False
3315,B-B-B-B-B-B-B-B-B-B-B-B-B-Sp-Sp-Sp-Sp-Sp-Sp-Sp-G-G-G,2,2,False,False
3316,G-G-G-G-G-G-G-Sp-Sp-Sp-Sp-Sp-Sp-Sp-Sp-Sp-B-B-B-B-B-B-B,2,2,False,False
3317,Wt-Wt-Wt-Wt-Wt-Wt-Wt-Sh-Sh-Sh-Sh-Sh-Sh-Sh-Sh-Sh-Wt-Wt-Wt-Wt-Wt-Wt-Wt,2,2,False,False
3318,F-F-F-A-A-A-A-A-A-A-A-A-A-A-A-A-A-A-F-F-F-G-G,2,3,False,False
3319,Sh-Sh-Wa-Wa-Wa-Wa-Wa-Wa-A-A-A-A-A-A-A-A-A-A-A-A-A-A-A,2,2,False,False
3320,Sh-Sh-Wa-Wa-Wa-Wa-Wa-Wa-Wa-G-G-G-G-G-G-G-G-G-G-G-G-G-G,2,2,False,False
3321,Sp-Sp-Sp-Sp-B-B-B-B-B-B-B-B-B-B-B-B-B-G-G-G-G-G-G,2,2,False,False
3322,Sp-Sp-Sp-Sp-B-B-B-B-B-B-B-B-B-B-B-B-B-B-G-G-G-G-G,2,2,False,False
3323,Sh-Sh-Sh-F-F-F-F-F-F-F-F-F-F-F-F-F-F-F-F-F-F-F-A,2,2,False,False
3324,A-A-A-A-Sh-Sh-Sh-Sh-Sh-Sh-Sh-Sh-Sh-Sh-Sh-Sh-Sh-Sh-Sh-Sh-Sh-Sh-F,2,2,False,False
3325,A-A-A-F-F-F-F-F-F-F-F-F-F-F-F-F-A-A-A-A-A-A-A,2,2,False,False
3326,Sp-Sh-Sh-Sh-Sh-Sh-Sh-Sh-Sh-Sh-G-G-G-G-G-G-G-G-G-G-G-G-G,2,2,False,False
3327,A-A-A-A-A-A-A-A-Sh-Sh-F-F-F-F-F-F-F-F-F-F-F-F-F,2,2,False,False
3328,Sh-Sh-F-F-F-F-Sh-Sh-Sh-Sh-Sh-Sh-Sh-Sh-Sh-Sh-Sh-Sh-Sh-F-F-F-F,2,3,False,False
3329,B-B-B-B-B-B-B-B-B-B-B-B-B-B-B-B-B-Sh-Sh-Sh-Sh-Sh-Sh,2,1,False,False
3330,A-A-A-A-F-F-F-F-F-F-F-F-F-F-F-F-F-F-G-G-G-G-G,2,2,False,False
3331,A-A-A-A-F-F-F-F-F-F-F-F-F-F-F-F-F-F-Sh-Sh-Sh-Sh-Sh,2,2,False,False
3332,G-G-G-G-G-G-G-G-G-G-G-F-F-F-F-F-F-F-G-G-G-G-G,2,2,False,False
3333,Sh-Sh-F-F-F-F-F-F-F-F-F-F-F-F-F-F-F-F-F-F-Sh-Sh-Sh,2,2,False,True
3334,Sh-Sh-F-F-F-F-F-F-F-F-F-F-F-F-F-F-F-F-F-Sp-Sp-Sp-Sp,2,2,False,False
3335,G-Sp-Sp-Sp-Sp-Sp-Sp-Sp-Sp-Sp-Sp-Sp-Sp-Sp-Sp-Sp-G-G-G-G-G-G-G,2,2,False,False
3336,Wa-Wa-Wa-Wa-Wa-Wa-Wa-Wa-F-F-F-F-F-F-F-F-Wt-Wt-Wt-Wt-Wt-Wt-Wt,2,2,False,False
3337,Wa-Wa-Wa-Wa-Wa-Wa-Wa-Wa-Sh-Sh-Sh-Sh-Sh-Sh-Sh-Sh-Wa-Wa-Wa-Wa-Wa-Wa-Wa,2,2,False,False
3338,Sh-Wa-Wa-Wa-Wa-Wa-Wa-Wa-Wa-Wt-Wt-Wt-Wt-Wt-Wt-Wt-Wt-Wt-Wt-Wt-Wt-Wt-Wt,2,2,False,False
3339,Sh-Wa-Wa-Wa-Wa-Wa-Wa-Wa-Wa-Sh-Sh-Sh-Sh-Sh-Sh-Sh-Sh-Sh-Sh-Sh-Sh-Sh-Sh,2,2,False,False
3340,Sp-Sp-Sp-Sp-Sp-Sp-B-B-B-B-B-B-B-B-B-B-B-B-G-G-G-G-G,2,2,False,False
3341,F-F-F-A-A-A-A-A-A-A-A-A-A-A-A-A-A-A-A-Wt-Wt-Wt-Wt,2,2,False,False
3342,Sp-Sp-Sp-Sp-Sp-Sp-Sp-Sp-Sp-Sp-Sp-B-B-B-B-B-B-B-B-B-B-B-Sp,2,2,False,False
3343,Sp-Sp-Sp-Sp-Sp-Sp-Sp-Sp-Sp-Sp-B-B-B-B-B-B-G-G-G-G-G-G-G,2,2,False,False
3344,Sp-Sp-Sp-Sp-Sp-Sp-Sp-Sp-Sp-Sp-B-B-B-B-B-B-B-B-B-B-B-Sp-Sp,2,2,False,False
3345,Sp-G-G-G-G-G-G-G-G-G-G-G-G-G-G-G-B-B-B-B-B-B-B,2,2,False,False
3346,Sh-Wa-Wa-Wa-Wa-Wa-Wa-Wa-Wa-Wa-Wa-Wa-Wa-Wa-Wa-Wa-Wa-Wa-Wt-Wt-Wt-Wt-Wt,2,2,False,False
3347,Sh-Wa-Wa-Wa-Wa-Wa-Wa-Wa-Wa-Wa-Wa-Wa-Wa-Wa-Wa-Wa-Wa-Wa-Wa-Wa-Wt-Wt-Wt,2,2,False,False
3348,F-F-F-F-F-F-F-Wt-Wt-Wt-Wt-Wt-Wt-Wt-Wt-Wt-Wt-F-F-F-F-F-F,2,2,False,False
3349,F-F-F-F-F-F-F-Wt-Wt-Wt-Wt-Wt-Wt-Wt-Wt-Wt-Wt-Wt-Wt-Wt-Wt-Wt-Sh,2,2,False,False
3350,F-F-F-F-F-F-F-Wt-Wt-Wt-Wt-Wt-Wt-Wt-Wt-Wt-Wa-Wa-Wa-Wa-Wa-Wa-Wa,2,2,False,False
3351,Sp-Sp-Sp-Sp-Sp-Sp-Sp-Sp-Sp-B-B-B-B-B-B-B-B-B-B-G-G-G-G,2,2,False,False
3352,Sp-Sp-Sp-Sp-Sp-Sp-Sp-Sp-Sp-B-B-B-B-B-B-B-B-B-B-B-B-B-Sp,2,2,False,False
3353,F-F-F-F-A-A-A-A-A-A-A-A-A-U-U-U-U-U-U-U-U-U-U,2,2,False,False
3354,F-F-F-F-F-A-A-A-A-A-A-A-A-A-A-A-A-A-A-Wt-Wt-Wt-Wt,2,2,False,False
3355,F-F-F-F-F-A-A-A-A-A-A-A-A-A-A-A-A-A-A-Sh-Sh-Sh-Sh,2,2,False,True
3356,Sp-F-F-F-F-F-F-F-F-F-F-F-F-F-F-F-Sp-Sp-Sp-Sp-Sp-Sp-Sp,2,2,False,False
3357,Sp-G-G-G-G-G-G-G-G-G-G-G-G-G-G-G-G-G-G-G-F-F-F,2,2,False,False
3358,A-A-A-A-A-F-F-F-F-F-F-F-F-F-U-U-U-U-U-U-U-U-U,2,2,False,True
3359,A-A-A-A-A-F-F-F-F-F-F-F-F-U-U-U-U-U-U-U-U-U-U,2,2,False,True
3360,A-A-A-A-A-G-G-G-G-G-G-G-G-G-G-G-G-G-G-G-G-G-G,2,1,False,False
3361,Sh-Sh-F-F-F-F-F-F-F-F-F-Wt-Wt-Wt-Wt-Wt-Wt-Wt-Wt-Wt-Wt-Wt-Wt,2,2,False,False
3362,Sh-Sh-F-F-F-F-F-F-F-F-F-Sh-Sh-Sh-Sh-Sh-Sh-Sh-Sh-Sh-Sh-Sh-Sh,2,2,False,False
3363,G-G-G-G-G-F-F-F-F-F-F-F-F-F-F-F-F-F-F-F-F-G-G,2,2,False,False
3364,G-G-G-G-G-G-G-F-F-F-F-F-F-F-F-F-F-F-F-F-F-F-A,2,2,False,False
3365,G-G-G-G-G-G-G-F-F-F-F-F-F-F-F-F-F-F-F-G-G-G-G,2,2,False,False
3366,Sh-Sh-F-F-F-F-Wt-Wt-Wt-Wt-Wt-Wt-Wt-Wt-Wt-Wt-Wt-Wt-Wt-Wt-Wt-Wt-Wt,2,2,False,False
3367,A-A-A-A-A-A-A-A-A-Sh-Sh-Sh-Sh-F-F-F-F-F-F-F-F-F-F,2,2,False,False
3368,A-A-A-A-F-F-F-F-F-F-F-F-F-F-F-F-F-G-G-G-G-G-G,2,2,False,False
3369,A-A-A-A-A-Wa-Wa-Wa-Wa-Wa-Wa-Wa-Wa-Wa-Wa-Wa-Wa-Wa-Wa-Wa-Wt-Wt-Wt,2,2,False,False
3370,A-A-A-A-F-F-F-F-F-F-F-F-F-F-F-F-F-F-F-F-A-A-A,2,2,False,False
3371,Sh-Sh-F-F-F-F-F-F-F-A-A-A-A-A-A-A-A-A-A-A-A-A-A,2,2,False,False
3372,F-F-F-F-F-F-F-F-A-A-A-A-A-U-U-U-U-U-U-U-U-U-U,2,2,False,False
3373,F-F-F-F-F-F-F-F-F-A-A-A-A-A-A-A-A-A-F-F-F-F-F,2,2,False,False
3374,B-B-B-B-B-B-B-B-B-B-B-B-B-B-B-B-B-B-B-B-B-F-F,2,1,False,False
3375,B-B-B-B-B-B-B-B-B-B-B-B-B-B-B-B-B-B-B-Wa-Wa-Wa-Wa,2,1,False,False
3376,G-G-G-G-G-G-G-Wa-Wa-Wa-Wa-Wa-Wa-Wa-Wa-Wa-Wa-Wa-Wa-Wa-Sp-Sp-Sp,2,2,False,False
3377,G-G-G-G-G-G-G-G-Sp-Sp-Sp-Sp-Sp-Sp-Sp-Sp-B-B-B-B-B-B-B,2,2,False,False
3378,G-G-G-G-G-G-G-G-Sp-Sp-Sp-Sp-Sp-Sp-Sp-Sp-Sp-Sp-Sp-G-G-G-G,2,2,False,False
3379,Sp-Sp-Sp-Sp-Sp-Sp-Sp-Sp-Sp-Sp-Sp-B-B-B-B-B-B-Sp-Sp-Sp-Sp-Sp-Sp,2,2,False,False
3380,F-F-F-F-F-F-F-F-A-A-A-A-A-A-A-A-A-Wt-Wt-Wt-Wt-Wt-Wt,2,2,False,False
3381,F-F-F-F-F-F-F-F-Wt-Wt-Wt-Wt-Wt-Wt-Wt-Wt-Wt-Wt-Wt-Wt-F-F-F,2,2,False,True
3382,F-F-F-F-F-F-F-F-F-A-A-A-A-A-A-A-F-F-F-F-F-F-A,2,3,False,False
3383,Sp-Sp-G-G-G-G-G-G-G-G-G-G-G-G-G-G-G-G-G-A-A-A-A,2,2,False,False
3384,F-F-F-F-F-F-F-F-Sp-Sp-Sp-Sp-Sp-Sp-Sp-Sp-Sp-Sp-F-F-F-F-F,2,2,False,False
3385,Sh-Sh-F-F-F-F-F-F-F-F-F-F-F-F-F-F-F-F-F-F-F-F-G,2,2,False,False
3386,A-A-A-A-F-F-F-F-F-F-F-F-F-F-F-F-F-F-F-F-F-Sh-Sh,2,2,False,False
3387,A-A-A-A-F-F-F-F-F-F-F-F-F-F-F-F-F-F-F-F-G-G-G,2,2,False,False
3388,A-A-A-A-F-F-F-F-F-F-F-F-F-F-F-F-F-F-F-G-G-G-G,2,2,False,False
3389,B-B-B-B-B-B-B-Wa-Wa-Wa-Wa-Wa-Wa-Wa-Wa-Wa-Wa-Wa-Wa-Wa-Wa-Wa-Wa,2,1,False,True
3390,Sh-Sh-A-A-A-A-A-A-A-A-A-A-A-A-A-A-A-A-A-A-A-A-F,2,2,False,True
3391,Wa-Wa-Wa-Wa-G-G-G-G-G-G-G-G-G-G-G-G-Wt-Wt-Wt-Wt-Wt-Wt-Wt,2,2,False,False
3392,Sh-F-F-F-F-F-F-F-F-F-F-F-F-F-F-F-F-Wt-Wt-Wt-Wt-Wt-Wt,2,2,False,False
3393,Sh-F-F-F-F-F-F-F-F-F-F-F-F-F-F-F-G-G-G-G-G-G-G,2,2,False,False
3394,Wa-Wa-Wa-B-B-B-B-B-B-B-B-B-B-B-B-B-B-B-B-B-B-B-B,2,1,False,False
3395,Wa-Wa-Wa-Wa-A-A-A-A-A-A-A-A-A-A-A-A-A-F-F-F-F-F-F,2,2,False,False
3396,Sh-Sh-A-A-A-A-A-A-A-A-A-A-A-A-A-A-A-A-A-A-F-F-F,2,2,False,False
3397,B-B-Wa-Wa-Wa-Wa-Wa-Wa-Wa-Wa-Wa-Wa-Wa-Wa-Wt-Wt-Wt-Wt-Wt-Wt-Wt-Wt-Wt,2,2,False,False
3398,F-F-F-F-F-F-F-F-F-F-F-A-A-A-A-A-F-F-F-F-F-F-F,2,2,False,True
3399,F-F-F-F-F-F-F-F-F-F-F-F-F-A-A-A-A-A-A-A-F-F-F,2,2,False,False
3400,Sp-Sp-Sh-Sh-Sh-Sh-Sh-Sp-Sp-Sp-Sp-Sp-Sp-Sp-Sp-Sp-Sp-Sp-Sp-Sp-Sp-Sp-Sp,2,2,False,False
3401,Wt-A-A-A-A-A-A-A-A-A-A-A-A-A-A-A-A-A-A-A-F-F-F,2,2,False,False
3402,F-F-F-F-F-F-F-F-F-F-A-A-A-A-A-A-F-F-F-F-F-F-A,2,3,False,False
3403,Sp-Sp-Sp-Sp-Sp-Sp-Sp-Sp-Sp-Sp-Sp-B-B-B-B-B-Sp-Sp-Sp-A-A-A-A,2,3,False,False
3404,Sp-Sp-Sp-Sp-Sp-Sp-Sp-Sp-Sp-Sp-Sp-B-B-B-B-B-Sp-Sp-Sp-Sp-Sp-Sp-Sp,2,2,False,False
3405,B-B-B-B-B-B-B-B-B-B-B-B-B-B-B-B-B-B-B-B-B-A-A,2,1,False,False
3406,A-A-A-A-A-F-F-F-F-F-F-F-F-F-F-F-F-F-F-F-F-Wt-Wt,2,2,False,False
3407,A-A-A-A-A-F-F-F-F-F-F-F-F-F-F-F-F-F-F-F-Sh-Sh-Sh,2,2,False,False
3408,Sh-A-Wt-Wt-Wt-Wt-A-A-A-A-A-A-A-A-A-A-A-A-A-A-A-A-A,2,3,False,True
3409,Sh-F-F-F-F-F-A-A-A-A-A-A-A-A-A-A-A-A-F-F-F-F-F,2,3,False,False
3410,A-A-A-A-A-A-Sh-Sh-Sh-Sh-Sh-Sh-Sh-Sh-Sh-Sh-Sh-A-A-A-A-A-A,2,2,False,False
3411,Wa-Wa-Wa-Wa-Wa-Wa-Wa-Wa-Sp-Sp-Sp-Sp-Sp-Sp-Sp-Sp-Wa-Wa-Wa-Wa-Wa-Wa-Wa,2,2,False,False
3412,Wa-Wa-Wa-Wa-Wa-Wa-Wa-Wa-Wa-Sh-Sh-Sh-Sh-Sh-Sh-Sh-Sh-Sh-Sh-Sh-F-F-F,2,2,False,False
3413,Sp-Sp-Sp-A-A-A-A-A-A-A-A-A-A-A-A-A-A-A-A-A-A-A-A,2,1,False,False
3414,Sp-Sp-Sp-G-G-G-G-G-G-G-G-G-G-G-G-G-G-G-G-G-F-F-F,2,2,False,False
3415,F-F-F-F-F-F-F-F-G-G-G-G-G-G-G-G-F-F-F-F-F-F-F,2,2,False,True
3416,F-F-F-F-F-F-F-F-F-F-A-A-A-A-A-A-A-Wa-Wa-Wa-Wa-Wa-Wa,2,2,False,True
3417,Wa-A-A-A-A-A-A-A-A-A-A-A-A-A-A-A-Wa-Wa-Wa-Wa-Wa-Wa-Wa,2,2,False,False
3418,Sh-Sh-A-A-A-A-A-A-Sh-Sh-Sh-Sh-Sh-Sh-Sh-Sh-Sh-Sh-Sh-Sh-Sh-Sh-Sh,2,2,False,False
3419,Sh-Sh-A-A-A-A-F-F-F-F-F-F-F-F-F-F-F-F-F-F-F-F-F,2,2,False,False
3420,Sh-F-F-F-F-F-Wt-Wt-Wt-Wt-Wt-Wt-Wt-Wt-Wt-Wt-Wt-Wt-Wt-Wt-Wt-Wt-Wt,2,2,False,False
3421,Sh-G-G-G-G-G-G-G-G-G-G-G-G-G-G-G-F-F-F-F-F-F-F,2,2,False,False
3422,A-A-A-A-A-A-Sh-Sh-Sh-Sh-Sh-Sh-Sh-Sh-Sh-Sh-Sh-Sh-Sh-Sh-F-F-F,2,2,False,False
3423,Sh-F-F-F-F-F-F-F-F-F-F-F-F-F-F-F-F-F-F-F-F-F-Wt,2,2,False,False
3424,Sh-F-F-F-F-F-F-F-F-F-F-F-F-F-F-F-F-F-F-F-F-G-G,2,2,False,False
3425,Sh-F-F-F-F-F-F-F-F-F-F-F-F-F-F-F-F-F-F-G-G-G-G,2,2,False,False
3426,G-G-G-G-G-G-G-G-G-G-G-G-G-G-G-G-Wa-Wa-Wa-Wa-Wa-F-F,2,2,False,False
3427,Sh-F-F-F-F-F-F-F-F-G-G-G-G-G-G-G-G-G-G-G-G-G-G,2,2,False,False
3428,G-G-G-G-G-G-G-G-B-B-B-B-B-B-B-B-B-B-B-B-B-Sp-Sp,2,2,False,False
3429,Sp-Sp-Sp-G-G-G-G-G-G-G-G-B-B-B-B-B-B-B-B-B-B-B-B,2,2,False,False
3430,Sp-Sp-Sp-Sp-Sp-Sp-Sp-Sp-Sp-Sp-Sp-Sp-Sp-Sp-B-B-Sp-Sp-Sp-Sp-Sp-Sp-Sp,2,2,False,False
3431,F-F-F-F-F-F-F-F-F-F-F-F-F-F-A-A-F-F-F-F-F-F-F,2,2,False,False
3432,F-F-F-F-F-F-F-F-F-F-F-F-F-F-F-F-A-A-A-A-A-A-F,2,2,False,False
3433,G-Sh-Sh-Sh-Sh-Sh-Sh-Sh-A-A-A-A-A-A-A-A-A-A-A-A-A-A-A,2,2,False,False
3434,A-A-A-A-A-A-A-A-A-A-A-F-F-F-F-F-F-F-F-F-F-A-A,2,2,False,False
3435,Sh-F-F-F-F-F-F-F-F-F-F-F-F-Sh-Sh-Sh-Sh-Sh-Sh-Sh-Sh-Sh-Sh,2,2,False,False
3436,G-G-G-G-G-G-G-G-G-G-G-G-G-G-G-G-Sp-G-G-G-G-G-G,2,2,False,False
3437,G-G-G-G-G-G-G-G-G-G-G-G-G-G-G-G-Sp-Sp-Sp-Sp-Sp-Sp-U,2,2,False,True
3438,F-F-F-F-F-F-F-F-F-G-G-G-G-G-G-G-G-G-G-G-G-F-F,2,2,False,False
3439,Wa-Wa-Wa-G-G-G-G-G-G-G-G-G-G-G-G-G-Wa-Wa-Wa-Wa-Wa-Wa-Wa,2,2,False,False
3440,Wa-Wa-Wa-Sh-Sh-Sh-Sh-Sh-Sh-Sh-Sh-Sh-Sh-Sh-Sh-Sh-F-F-F-F-F-F-F,2,2,False,False
3441,A-A-A-A-A-A-A-A-Sh-Sh-Sh-Sh-Sh-Sh-Sh-Sh-Sh-Sh-Sh-Sh-Sh-Sh-F,2,2,False,True
3442,A-A-A-A-A-A-A-F-F-F-F-F-F-F-F-F-A-A-A-A-A-A-A,2,2,False,False
3443,A-A-A-A-A-A-F-F-F-F-F-F-F-F-F-F-F-F-Wt-Wt-Wt-Wt-Wt,2,2,False,False
3444,A-A-A-A-A-A-F-F-F-F-F-F-F-F-F-F-F-F-Sh-Sh-Sh-Sh-Sh,2,2,False,False
3445,Sh-A-A-A-A-A-A-A-A-Sh-Sh-Sh-Sh-Sh-Sh-Sh-Sh-Sh-Sh-Sh-Sh-Sh-Sh,2,2,False,False
3446,F-F-F-F-F-F-F-F-F-Wt-Wt-Wt-Wt-Wt-Wt-Wt-Wt-Wt-F-F-F-F-F,2,2,False,False
3447,F-F-F-F-F-F-F-F-F-F-F-F-F-F-F-F-A-A-A-A-A-F-F,2,2,False,False
3448,F-F-F-F-F-F-F-F-F-F-F-F-F-F-F-F-A-A-A-A-F-F-F,2,2,False,False
3449,Sp-Sp-Sp-Sp-Sp-Sp-Sp-G-G-G-G-G-G-G-G-G-G-Sp-Sp-Sp-Sp-Sp-Sp,2,2,False,False
3450,Sp-Sp-Sp-Sp-Sp-Sh-Sh-Sh-Sh-Sh-Sh-Sh-Sh-Sh-Sh-Sh-Sh-Sh-Sh-Sp-Sp-Sp-Sp,2,2,False,False
3451,F-F-F-F-F-F-F-F-F-F-F-F-F-F-F-F-F-A-A-A-A-F-F,2,2,False,False
3452,Sp-Sp-Sp-Sp-Sp-Sp-Sp-Sp-Sp-Sp-Sp-Sp-Sp-Sp-Sp-Sp-Sp-B-B-B-B-Sp-Sp,2,2,False,False
3453,Sp-Sp-Sp-G-G-G-G-G-G-G-G-G-G-G-G-G-G-Sp-Sp-Sp-Sp-Sp-Sp,2,2,False,False
3454,G-Wa-Wa-Wa-Wa-Wa-Wa-Wa-Wa-Wa-Wa-Wa-Wa-Wa-Wa-Wa-Wa-Wa-Wa-Wa-Wt-Wt-Wt,2,2,False,False
3455,G-Sp-Sp-Sp-B-B-B-B-B-B-B-B-B-B-B-B-B-B-B-B-B-B-B,2,2,False,True
3456,G-B-B-B-B-Sp-Sp-Sp-Sp-Sp-Sp-Sp-Sp-Sp-Sp-Sp-Sp-Sp-Sp-Sp-Sp-Sp-Sp,2,2,False,False
3457,Sh-A-A-A-A-A-A-A-F-F-F-F-F-F-F-F-F-F-F-F-F-F-F,2,2,False,False
3458,G-G-G-G-G-G-G-G-G-G-G-G-Sp-Sp-Sp-Sp-Sp-G-G-G-G-G-G,2,2,False,False
3459,G-G-G-G-G-G-G-G-G-G-G-G-Sp-Sp-Sp-Sp-Sp-Sp-Sp-F-F-F-F,2,2,False,True
3460,G-G-G-G-G-G-G-G-G-G-G-G-G-G-Sp-Sp-Sp-Sp-Wa-Wa-Wa-Wa-Wa,2,2,False,False
3461,Wa-Wt-Wt-Wt-Wt-Wt-Wt-Wt-Wt-Wt-Wt-Wt-Wt-Wt-Wt-Wt-Wt-Wt-Wt-Wa-Wa-Wa-Wa,2,2,False,False
3462,A-A-A-A-A-A-A-A-F-F-F-F-F-F-F-F-F-F-F-F-F-F-A,2,2,False,False
3463,A-A-A-A-A-A-A-A-F-F-F-F-F-F-F-F-F-F-F-F-G-G-G,2,2,False,False
3464,Wt-Wa-Wa-Wa-Wa-Wa-Wa-Wa-Wa-Wa-Wa-Wa-Wa-Wa-Wa-Wa-Wa-Wa-Wa-Wa-F-F-F,2,2,False,False
3465,Sh-A-A-A-A-A-A-A-A-A-A-A-A-A-A-A-A-A-A-A-A-U-U,2,2,False,False
3466,Sh-A-A-A-A-A-A-A-A-A-A-A-A-A-A-A-A-A-F-F-F-F-F,2,2,False,False
3467,G-G-G-G-G-G-G-G-G-G-G-Sp-Sp-Sp-Sp-Sp-Sp-Sp-Sp-Sp-F-F-F,2,2,False,False
3468,F-F-F-F-F-F-F-F-F-F-F-F-F-F-F-F-F-F-F-F-G-G-F,2,2,False,False
3469,F-F-F-F-F-F-F-F-F-F-F-F-F-F-F-F-F-F-F-F-Sh-Sh-F,2,2,False,False
3470,G-G-G-G-G-G-G-G-G-G-G-Sp-Sp-Sp-Sp-Sp-B-B-B-B-B-B-B,2,2,False,True
3471,G-G-G-G-G-G-G-G-G-G-U-U-U-U-U-U-U-U-U-U-U-U-U,2,1,False,False
3472,Wa-Wa-A-A-A-A-A-A-A-A-A-A-A-A-A-A-A-Wa-Wa-Wa-Wa-Wa-Wa,2,2,False,False
3473,Wa-Wa-A-A-A-A-A-A-A-A-A-A-A-A-A-A-Wt-Wt-Wt-Wt-Wt-Wt-Wt,2,2,False,False
3474,Wa-Wa-A-A-A-A-A-A-A-A-A-A-A-A-Wa-Wa-Wa-Wa-Wa-Wa-Wa-Wa-Wa,2,2,False,False
3475,Wa-Wa-F-F-F-F-F-F-F-F-F-F-F-F-F-F-F-F-F-Wa-Wa-Wa-Wa,2,2,False,False
3476,G-G-G-G-G-G-G-G-Sp-Sp-Sp-Sp-Sp-Sp-Sp-Sp-G-G-G-G-G-G-G,2,2,False,False
3477,Sp-Sp-Sp-Sp-Sp-Sp-Sp-Sp-Sp-Sp-Sp-Sp-Sp-Sp-Sp-Sp-Sp-Sp-Sp-G-G-Sp-Sp,2,2,False,False
3478,Sp-Sp-Sp-Sp-Sp-Sp-Sp-Sp-Sp-Sp-Sp-Sp-Sp-Sp-Sp-Sp-Sp-Sp-Sp-Wt-Wt-Wt-Wt,2,1,False,False
3479,F-F-F-F-F-F-F-F-F-F-F-F-F-F-F-F-F-F-F-G-A-A-A,2,2,False,False
3480,F-F-F-F-F-F-F-F-F-F-F-F-F-F-F-F-F-F-F-Sh-Wt-Wt-Wt,2,2,False,False
3481,Sp-Sp-Sp-Sp-Sp-Sp-G-G-G-G-G-G-G-G-G-G-G-G-B-B-B-B-B,2,2,False,False
3482,Sp-Sp-Sp-Sp-Sp-Sp-Sp-G-G-G-G-G-G-G-G-G-G-G-G-G-G-Sp-Sp,2,2,False,False
3483,F-F-F-F-F-F-F-F-F-F-F-Sp-Sp-Sp-Sp-Sp-Sp-Sp-Sp-Sp-F-F-F,2,2,False,False
3484,F-F-F-F-F-F-F-F-F-F-G-G-G-G-G-G-G-G-G-G-G-F-F,2,2,False,False
3485,Wt-Wt-F-F-F-F-F-F-F-F-F-F-F-F-F-F-Wt-Wt-Wt-Wt-Wt-Wt-Wt,2,2,False,False
3486,F-F-F-F-F-F-F-F-F-F-F-F-Sh-Sh-Sh-Sh-Sh-Sh-F-F-F-F-F,2,2,False,False
3487,Sp-Sp-Sp-Sp-Sp-Sp-Sp-Sp-Sp-G-G-G-G-G-G-G-G-G-Sp-Sp-Sp-Sp-Sp,2,2,False,False
3488,F-F-F-F-F-F-F-F-F-F-F-F-F-F-F-F-Wt-Wt-Wt-F-F-F-F,2,2,False,False
3489,Sp-Sp-Sp-Sp-Sp-Sp-Sp-Sp-Sp-Sp-Sp-Sp-Sp-Sp-Sp-Sp-Sp-Sp-G-G-G-F-F,2,2,False,False
3490,Sp-Sp-Sp-Sp-Sp-Sp-Sp-Sp-Sp-Sp-Sp-Sp-Sp-Sp-Sp-Sp-Sp-Sp-G-G-G-Sp-Sp,2,2,False,False
3491,F-F-F-F-F-F-F-F-F-F-F-F-F-F-F-F-F-F-F-Sh-Sh-Sh-F,2,2,False,False
3492,F-F-F-F-F-F-F-F-F-F-F-F-F-F-F-F-F-F-F-Wa-Wa-F-F,2,2,False,False
3493,Sp-Sp-Sp-Sp-Sp-Sp-Sp-Sh-Sh-Sh-Sh-Sh-Sh-Sh-Sh-Sh-Sh-Sh-U-U-U-U-U,2,2,False,False
3494,Sp-Sp-Sp-Sp-Sp-Sp-Sp-Sp-G-G-G-G-G-G-G-G-G-G-G-G-G-G-Sp,2,2,False,False
3495,F-F-F-F-F-F-F-F-F-F-Wt-Wt-Wt-Wt-Wt-Wt-F-F-F-F-F-F-F,2,2,False,True
3496,F-F-F-F-F-F-F-F-F-F-Wt-Wt-Wt-Wt-Wt-Wt-Wt-Wt-Wt-Wt-Wt-Wt-Sh,2,2,False,False
3497,F-F-F-F-F-F-F-F-F-F-F-F-F-F-F-G-F-F-F-F-F-F-F,2,2,False,False
3498,F-F-F-F-F-F-F-F-F-F-F-F-F-F-F-Sh-F-F-F-F-F-F-F,2,2,False,False
3499,Sp-Sp-Sp-Sp-Sp-Sp-Sp-Sp-Sp-Sp-Sp-Sp-Sp-Sp-Sp-Sp-G-G-G-G-G-B-B,2,2,False,False
3500,F-F-F-F-F-F-F-F-F-F-F-F-F-F-F-F-F-F-Sh-Sh-Sh-Sh-F,2,2,False,True
3501,Sp-Sp-Sp-Sp-Sp-Sp-Sp-Sp-Sp-Sp-Sp-Sp-Sp-Sp-Sp-Sp-Sp-Sp-Sp-G-G-G-Sp,2,2,False,False
3502,Sp-Sp-Sp-Sp-Sp-Sp-Sp-Sp-Sp-Sp-Sp-Sp-G-G-G-G-Sp-Sp-Sp-Sp-Sp-Sp-Sp,2,2,False,False
3503,F-F-F-F-F-F-F-F-F-F-F-F-F-F-F-F-F-Sh-Sh-F-F-F-F,2,2,False,False
3504,Sp-Sp-Sp-Sp-Sp-Sp-Sp-Sp-Sp-G-G-G-G-G-G-G-G-G-G-G-G-G-A,2,2,False,False
3505,Wa-Wa-Wa-A-A-A-A-A-A-A-A-A-A-A-A-A-A-A-A-A-F-F-F,2,2,False,False
3506,Wa-Wa-Wa-A-A-A-A-A-A-A-A-A-A-A-A-A-A-Wa-Wa-Wa-Wa-Wa-Wa,2,2,False,False
3507,Wt-Sh-Sh-Sh-Sh-Sh-Sh-Sh-Sh-Sh-Sh-Sh-Sh-Sh-F-F-F-F-F-F-F-F-F,2,2,False,False
3508,Wt-Wa-Wa-Wa-Wa-Wa-Wt-Wt-Wt-Wt-Wt-Wt-Wt-Wt-Wt-Wt-Wt-Wt-Wt-Wt-Wt-Wt-Wt,2,2,False,False
3509,A-A-A-A-A-A-A-F-F-F-F-F-F-F-F-F-F-F-F-F-G-G-G,2,2,False,False
3510,A-A-A-A-A-A-A-F-F-F-F-F-F-F-F-F-F-F-F-F-Sh-Sh-Sh,2,2,False,False
3511,Wt-Wt-U-U-U-U-U-U-U-U-U-U-U-U-U-U-U-U-U-U-U-U-U,2,1,False,False
3512,Wt-Wt-Sh-Sh-Sh-Sh-Sh-Sh-Sh-Sh-Sh-Sh-Sh-Sh-Sh-Sh-Sh-Sh-Sh-F-F-F-F,2,2,False,False
3513,Sp-Sp-Sp-Sp-Sp-Sp-Sp-Sp-Sp-G-G-G-G-G-G-G-G-G-G-G-G-G-Sp,2,2,False,False
3514,Sp-Sp-Sp-Sp-Sp-Sp-Sp-Sp-Sp-G-G-G-G-G-G-G-G-G-G-G-Sp-Sp-Sp,2,2,False,False
3515,F-F-F-F-F-F-F-F-F-F-F-Sh-Sh-Sh-Sh-Sh-Sh-Sh-Sh-Sh-Sh-F-F,2,2,False,False
3516,F-F-F-F-F-F-F-F-F-F-F-Sp-Sp-Sp-Sp-Sp-F-F-F-F-F-F-F,2,2,False,False
3517,F-F-F-F-F-F-F-F-F-F-F-F-Sh-Sh-Sh-Sh-F-F-Sh-Sh-Sh-Sh-Sh,2,3,False,False
3518,Wa-Wa-Wa-Wa-Wa-Wa-Wa-Wa-Wa-Wa-Wa-Wa-Wa-Wa-Wa-Wa-Wa-Sh-Sh-Sh-Sh-Sh-Sh,2,1,False,False
3519,Wa-Wa-Wa-Wa-Wa-Wa-Wa-Wa-Wa-Wa-Wa-Wa-Wa-Wa-Wa-Wa-Wa-Wa-Wa-Wa-Wa-Wa-Sh,2,1,False,False
3520,Wa-Wa-Wa-Wa-Wa-Wa-Wa-Wa-Wa-Wa-Wa-Wa-Wa-Wa-Wa-Wa-Wa-Wa-Wa-Wa-Wa-U-U,2,1,False,True
3521,A-A-A-A-A-A-A-A-A-A-A-A-A-A-A-A-A-A-A-Wt-F-F-F,2,2,False,False
3522,A-A-A-A-A-A-A-A-A-A-A-A-A-A-A-A-F-F-F-A-A-A-A,2,2,False,True
3523,A-A-A-A-A-A-A-A-A-A-A-A-A-A-F-F-F-F-A-A-A-A-A,2,2,False,False
3524,A-A-A-A-A-A-A-A-A-A-A-A-A-A-A-A-F-F-F-F-F-F-Wt,2,2,False,False
3525,A-A-A-A-A-A-A-A-A-A-A-A-A-A-A-A-F-F-F-F-F-Sh-Sh,2,2,False,True
3526,A-A-A-A-A-A-A-A-A-A-A-A-A-A-A-A-F-F-F-Sh-Sh-Sh-Sh,2,2,False,False
3527,Sp-Sp-Sp-Sp-Sp-Sp-Sp-Sp-Sp-Sp-Sh-Sh-Sh-Sh-Sh-Sh-Sh-Sh-Sh-Sh-Sh-Sh-F,2,2,False,False
3528,Sp-Sp-Sp-Sp-Sp-Sp-Sp-Sp-Sp-Sh-Sh-Sh-Sh-Sh-Sh-Sh-Sh-Sh-U-U-U-U-U,2,2,False,False
3529,Sp-Sp-Sp-Sp-Sp-Sp-Sp-Sp-Sp-Sp-G-G-G-G-G-G-G-G-G-G-F-F-F,2,2,False,False
3530,Wa-Wa-Sh-Sh-Sh-Sh-Sh-Sh-Sh-Sh-Sh-Sh-Sh-Sh-Sh-Sh-Sh-Sh-Sh-Sh-G-G-G,2,2,False,False
3531,Wa-Wa-Sh-Sh-Sh-Sh-Sh-Sh-Sh-Sh-Sh-Sh-Sh-Sh-Sh-Sh-Sh-Wa-Wa-Wa-Wa-Wa-Wa,2,2,False,False
3532,Wa-Wa-Wt-Wt-Wt-Wt-Wt-Wt-Wt-Wt-Wt-Wt-Wt-Wt-Wt-Wt-Wt-Wt-Wt-Wt-Wt-Sh-Sh,2,2,False,False
3533,Wa-Wa-Wt-Wt-Sp-Sp-Sp-Sp-Sp-Sp-Sp-Sp-Sp-Sp-Sp-Sp-Sp-Sp-Sp-Sp-Sp-Sp-Sp,2,2,False,False
3534,Wt-F-F-F-F-F-F-F-F-F-F-F-F-F-F-F-A-A-A-A-A-A-A,2,2,False,False
3535,Wt-Wt-F-F-F-F-F-F-F-F-F-F-F-A-A-A-A-A-A-A-A-A-A,2,2,False,False
3536,Wt-Wt-F-F-F-F-F-F-F-F-F-F-F-F-F-F-F-F-A-A-A-A-A,2,2,False,True
3537,A-A-A-A-A-A-A-A-A-A-A-A-A-A-A-A-A-A-A-A-F-A-A,2,2,False,False
3538,A-A-A-A-A-A-A-A-A-A-A-A-A-A-A-A-Wt-Wt-Wt-Wt-Wt-Wt-F,2,2,False,False
3539,Wt-F-F-F-F-F-F-F-F-F-F-F-F-F-F-F-F-F-F-F-F-F-A,2,2,False,False
3540,Sp-Sp-Sp-Sp-Sp-Sp-Sp-Sp-Sp-Sp-Sp-Sp-Sp-G-G-G-G-G-G-Sp-Sp-Sp-Sp,2,2,False,False
3541,F-F-F-F-F-F-F-F-F-F-F-F-F-Sh-Sh-Sh-F-F-F-Sh-Sh-Sh-Sh,2,3,False,False
3542,A-A-A-A-A-A-A-A-A-A-A-A-A-Sh-Sh-Sh-Sh-Sh-F-F-F-F-F,2,2,False,False
3543,A-A-A-A-A-A-A-A-A-A-A-A-A-A-F-F-A-A-A-A-A-A-A,2,2,False,False
3544,Wt-Wt-A-A-A-A-A-A-A-A-A-A-A-A-A-A-F-F-F-F-F-F-F,2,2,False,True
3545,G-G-G-G-G-G-G-G-Sp-Sp-Sp-Sp-Sp-Sp-Sp-Sp-Sp-Sp-B-B-B-B-B,2,2,False,False
3546,Wt-Wt-Wt-Wt-Wt-Sh-Sh-Sh-Sh-Sh-Sh-Sh-Sh-Sh-Sh-Sh-Sh-Sh-Sh-Sh-F-F-F,2,2,False,False
3547,Wt-Wt-Wt-Wt-Wt-Sp-Sp-Sp-Sp-Sp-Sp-Sp-Sp-Sp-Sp-Sp-Sp-Sp-Sp-Sp-Sp-Sp-Sp,2,1,False,False
3548,G-G-G-G-G-G-G-G-G-G-Sp-Sp-Sp-Sp-Sp-Sp-Sp-Sp-Sp-Sp-Sp-Sp-B,2,2,False,False
3549,Wa-Wa-Wa-Wa-Wa-Wa-Wa-Wa-Wa-Wa-Wa-Wa-Wa-Wa-Wa-Wa-Wa-Wa-Wa-G-G-G-G,2,1,False,False
3550,A-A-A-A-A-A-A-A-A-A-A-A-A-A-A-A-A-A-A-F-F-F-Wt,1,2,False,False
3551,Wa-Wa-Wa-Wa-Wa-Wa-Wa-Wa-Wa-Wa-Wa-Wa-Wa-Wa-Wa-Wa-Wa-Wa-Wa-Wa-Wa-A-A,1,1,False,False
3552,Wt-F-F-F-F-F-F-F-F-A-A-A-A-A-A-A-A-A-A-A-A-A-A,1,2,False,True
3553,Wt-F-F-F-F-F-F-F-F-F-F-F-F-F-F-F-A-A-A-A-A-A-F,1,3,False,False
3554,A-A-A-A-A-A-A-A-A-A-A-A-A-A-A-A-A-A-Wt-Wt-F-F-F,1,2,False,False
3555,Wa-Wa-Wa-Wa-Wa-Wa-Wa-Wa-Wa-Wa-Wa-Wa-Wa-Wa-Wa-Wa-Wa-Wa-A-A-A-A-A,1,1,False,False
3556,Wa-Wa-Wa-Wa-Wa-Wa-Wa-Wa-Wa-Wa-Wa-Wa-Wa-Wa-Wa-Wa-Wa-Wa-Wa-A-F-F-F,1,2,False,False
3557,Wa-Wa-Wa-Wa-Wa-Wa-Wa-Wa-Wa-Wa-Wa-Wa-Wa-Wa-Wa-Wa-Wa-Wa-Wa-Sp-G-G-G,1,2,False,False
3558,A-A-A-A-A-A-A-A-A-A-A-A-A-A-A-A-A-A-A-A-F-F-A,1,2,False,False
3559,F-F-F-F-F-F-F-F-F-F-F-F-Sp-Sp-Sp-Sp-Sp-Sp-Sp-Sp-F-F-F,1,2,False,False
3560,Sp-Sp-Sp-Sp-Sp-Sp-Sp-Sp-Sp-Sp-Sp-Sp-Sh-Sh-Sh-Sh-Sh-Sh-Sh-Sh-F-F-F,1,2,False,False
3561,Sp-Sp-Sp-Sp-Sp-Sp-Sp-Sp-Sp-Sp-Sp-Sp-Sp-G-G-G-Sp-Sp-Sp-G-G-G-G,1,3,False,False
3562,Wt-Wt-G-G-G-G-G-G-G-G-G-G-G-G-G-G-G-G-G-G-G-G-G,1,1,False,False
3563,Wt-Wt-F-F-F-F-F-F-F-F-Wa-Wa-Wa-Wa-Wa-Wa-Wa-Wa-Wa-Wa-Wa-Wa-Wa,1,2,False,False
3564,Wt-Wt-F-F-F-F-F-F-F-F-F-F-F-F-Wa-Wa-Wa-Wa-Wa-Wa-Wa-Wa-Wa,1,2,False,False
3565,Wt-Wt-F-F-F-F-F-F-F-F-F-F-F-F-F-F-Sh-Sh-Sh-Sh-Sh-Sh-Sh,1,2,False,False
3566,Wt-Wt-F-F-F-F-F-F-F-F-F-F-F-F-F-F-F-F-F-F-F-Wt-Wt,1,2,False,False
3567,A-A-A-A-A-A-A-A-A-A-A-A-A-A-A-A-F-F-F-F-Sh-Sh-Sh,1,2,False,True
3568,A-A-A-A-A-A-A-A-A-A-A-A-A-A-F-F-F-F-F-F-F-F-Sh,1,2,False,False
3569,A-A-A-A-A-A-A-A-A-A-A-A-A-A-F-F-F-F-F-F-F-F-A,1,2,False,False
3570,A-A-A-A-A-A-A-A-A-A-A-A-A-A-A-A-B-B-B-B-B-B-B,1,1,False,False
3571,A-A-A-A-A-A-A-A-A-A-A-A-A-A-A-A-Sh-Sh-A-A-A-A-A,1,2,False,False
3572,A-A-A-A-A-A-A-A-A-A-A-A-A-A-A-A-Wt-Wt-Wt-Wa-Wa-Wa-Wa,1,2,False,False
3573,A-A-A-A-A-A-A-A-A-A-A-A-A-F-F-F-F-Sh-Sh-Sh-Sh-Sh-Sh,1,2,False,False
3574,Wt-Wt-Wt-G-G-G-G-G-G-G-G-G-G-G-G-G-Wa-Wa-Wa-Wa-Wa-Wa-Wa,1,2,False,False
3575,Wt-Wt-Wt-G-G-G-G-G-G-G-G-G-G-G-G-G-G-F-F-F-F-F-F,1,2,False,False
3576,Wt-Wt-Wt-F-F-F-F-F-F-F-F-F-F-F-F-F-F-F-Sh-Sh-Sh-Sh-Sh,1,2,False,True
3577,Wt-Wt-Wt-F-F-F-F-F-F-F-F-F-F-F-F-F-F-F-F-F-Sh-Sh-Sh,1,2,False,True
3578,F-F-F-F-F-F-F-F-F-F-F-Wa-Wa-Wa-Wa-Wa-Wa-Wa-F-F-F-F-F,1,2,False,False
3579,F-F-F-F-F-F-F-F-F-F-F-B-B-B-B-B-F-F-F-F-F-F-F,1,2,False,False
3580,F-F-F-F-F-F-F-F-F-F-F-Sh-Sh-Sh-Sh-Sh-Sh-Sh-Sh-Sh-F-F-F,1,2,False,False
3581,Sp-Sp-Sp-Sp-Sp-Sp-Sp-Sp-Sp-F-F-F-F-F-F-F-F-F-A-A-A-A-A,1,2,False,False
3582,Sp-Sp-Sp-Sp-Sp-Sp-Sp-Sp-G-G-G-G-G-G-G-G-G-G-G-U-U-U-U,1,2,False,False
3583,F-F-F-F-F-F-F-F-F-F-Sh-Sh-Sh-Sh-Sh-Sh-Sh-Sh-A-A-A-A-A,1,2,False,False
3584,Sp-Sp-Sp-Sp-Sp-Sp-Sp-Sp-Sp-Sp-Sp-Sp-Sp-Sp-Sp-Sp-G-G-Sp-Sp-Sp-Sp-Sp,1,2,False,False
3585,Sp-Sp-Sp-Sp-Sp-Sp-Sp-Sp-Sp-Sp-Sp-Sp-Sp-Sp-Sp-Sp-G-G-G-G-G-G-F,1,2,False,False
3586,F-F-F-F-F-F-F-F-F-F-F-F-F-F-F-B-F-F-F-F-F-F-F,1,2,False,False
3587,F-F-F-F-F-F-F-F-F-F-F-F-F-F-F-F-Sh-Sh-Sh-Sh-Sh-Sh-F,1,2,False,False
3588,F-F-F-F-F-F-F-F-F-F-F-Wt-Wt-Wt-Wt-Wt-Wt-Wa-Wa-Wa-Wa-Wa-Wa,1,2,False,True
3589,F-F-F-F-F-F-F-F-F-F-F-Wt-Wt-Wt-Wt-Wt-Wt-Wt-Wt-Wt-Wt-A-A,1,2,False,False
3590,F-F-F-F-F-F-F-F-F-F-F-G-G-G-G-G-G-G-G-G-F-F-F,1,2,False,False
3591,F-F-F-F-F-F-F-F-F-F-F-F-Sp-Sp-Sp-Sp-Wa-Wa-Wa-Wa-Wa-Wa-Wa,1,2,False,False
3592,Sp-Sp-Sp-Sp-Sp-Sp-Sp-Sp-Sp-Sp-G-G-G-G-G-G-G-G-G-G-G-G-B,1,2,False,False
3593,Sp-Sp-Sp-Sp-Sp-Sp-Sp-Sp-Sp-Sp-F-F-F-F-F-F-F-F-G-G-G-G-G,1,2,False,False
3594,F-F-F-F-F-F-F-F-F-F-Sh-Sh-Sh-Sh-Sh-Sh-F-F-F-F-Sh-Sh-Sh,1,3,False,False
3595,Sp-Sp-Sp-Sp-Sp-Sp-Sp-Sp-G-G-G-G-G-G-G-G-G-G-G-G-G-G-A,1,2,False,False
3596,Sp-Sp-Sp-Sp-Sp-Sp-Sp-Sp-G-G-G-G-G-G-G-G-G-G-G-A-A-A-A,1,2,False,False
3597,Sp-Sp-Sp-Sp-Sp-Sp-Sp-Sp-A-A-A-A-A-A-A-A-A-U-U-U-U-U-U,1,2,False,False
3598,Sp-Sp-Sp-Sp-Sp-Sp-Sp-Sh-Sh-Sh-Sh-Sh-Sh-Sh-Sh-Sh-Sh-Sh-Sh-Sh-Sh-Sh-U,1,2,False,False
3599,F-F-F-F-F-F-F-F-F-F-F-F-F-F-F-F-F-F-G-G-G-F-F,1,2,False,False
3600,F-F-F-F-F-F-F-F-F-F-F-F-F-F-F-F-F-F-F-Sp-Sh-Sh-Sh,1,2,False,False
3601,Sp-Sp-Sp-Sp-Sp-Sp-Sp-Sp-Sp-Sp-Sp-Sp-Sp-Sp-Sp-Sp-Sp-Sp-Sh-Sh-Sh-Sh-F,1,2,False,False
3602,Sp-Sp-Sp-Sp-Sp-Sp-Sp-Sp-Sp-Sp-Sp-Sp-Sp-Sp-Sp-Sp-Sp-Sp-Wt-Wt-Wt-Wt-Wt,1,1,False,True
3603,Sp-Sp-Sp-Sp-Sp-Sp-Sp-Sp-Sp-Sp-Sp-Sp-Sp-Sp-Sp-Sp-Sp-Sp-G-G-G-G-A,1,2,False,False
3604,Sp-Sp-Sp-Sp-Sp-Sp-Sp-Sp-Sp-Sp-Sp-Sp-Sp-Sp-Sp-Sp-Sp-Sp-G-A-A-A-A,1,2,False,False
3605,Sp-Sp-Sp-Sp-Sp-Sp-Sp-Sp-Sp-Sp-Sp-Sp-Sp-Sp-Sp-Sp-Sp-Wt-Wt-Wt-Wt-Wt-Wt,1,1,False,False
3606,F-F-F-F-F-F-F-F-F-F-F-F-F-F-F-F-Wt-Wa-Wa-Wa-Wa-Wa-Wa,1,2,False,False
3607,F-F-F-F-F-F-F-F-F-F-F-F-F-F-F-F-Wt-Wt-Wa-Wa-Wa-Wa-Wa,1,2,False,False
3608,F-F-F-F-F-F-F-F-F-F-F-F-F-F-F-F-Wt-Wt-F-F-F-F-F,1,2,False,False
3609,F-F-F-F-F-F-F-F-F-F-F-Wa-Wa-Wa-Wa-Wa-Wa-Wa-Wt-Wt-Wt-Wt-Wt,1,2,False,False
3610,Sp-Sp-Sp-Sp-Sp-Sp-Sh-Sh-Sh-Sh-Sh-Sh-Sh-Sh-F-F-F-F-F-F-F-F-F,1,2,False,False
3611,Sp-Sp-Sp-Sp-Sp-Sp-G-G-G-G-G-G-G-G-G-G-Sp-Sp-Sp-Sp-G-G-G,1,3,False,False
3612,Sp-Sp-Sp-Sp-Sp-Sp-G-G-G-G-G-G-G-G-G-G-G-Sp-Sp-Sp-Sp-Sp-Sp,1,2,False,False
3613,Sp-Sp-Sp-Sp-Sp-Sp-G-G-G-G-G-G-G-G-G-G-G-G-G-G-Sp-Sp-Sp,1,2,False,False
3614,Sp-Sp-Sp-Sp-Sp-Sp-G-G-G-G-G-G-G-G-G-G-G-G-G-G-G-G-Sp,1,2,False,False
3615,F-F-F-F-F-F-F-F-F-F-Wa-Wa-Wa-Wa-Wa-Wa-Wa-Wa-Wa-Wa-Wa-Wa-A,1,2,False,False
3616,F-F-F-F-F-F-F-F-F-F-Sp-Sp-Sp-Sp-Wa-Wa-Wa-Wa-Wa-Wa-Wa-Wa-Wa,1,2,False,False
3617,F-F-F-F-F-F-F-F-F-F-Sp-Sp-Sp-Sp-Sp-Sp-Sp-Wa-Wa-Wa-Wa-Wa-Wa,1,2,False,False
3618,F-F-F-F-F-F-F-F-F-F-Sh-Sh-Sh-Sh-Sh-Sh-Sh-Wa-Wa-Wa-Wa-Wa-Wa,1,2,False,False
3619,F-F-F-F-F-F-F-F-F-F-F-F-F-F-F-F-F-F-F-Sh-G-G-G,1,2,False,True
3620,F-F-F-F-F-F-F-F-F-F-F-F-F-F-F-F-F-F-F-Sh-F-F-A,1,3,False,False
3621,F-F-F-F-F-F-F-F-F-F-F-F-F-F-F-F-F-F-F-G-G-F-F,1,2,False,False
3622,Sp-Sp-Sp-Sp-Sp-Sp-Sp-Sp-Sp-Sp-Sp-Sp-Sp-Sp-Sp-Sp-Sp-Sp-Sp-Sp-G-Sp-Sp,1,2,False,True
3623,Sp-Sp-Sp-Sp-Sp-Sp-Sp-Sp-Sp-Sp-Sp-Sp-Sp-Sp-Sp-Sp-Sp-Sp-Sp-G-Sp-Sp-Sp,1,2,False,False
3624,Sp-Sp-Sp-Sp-Sp-Sp-Sp-Sp-Sp-Sp-Sp-Sp-Sp-Sp-Sp-Sp-Sp-Sp-Sp-G-G-A-A,1,2,False,False
3625,F-F-F-F-F-F-F-F-F-F-Sh-Sh-Sh-Sh-Sh-Sh-Sh-A-A-A-A-A-A,1,2,False,False
3626,F-F-F-F-F-F-F-F-F-B-B-B-B-B-B-B-F-F-F-F-F-F-F,1,2,False,False
3627,F-F-F-F-F-F-F-F-F-Sh-Sh-Sh-Sh-Sh-Sh-Sh-Sh-Sh-F-F-F-A-A,1,3,False,False
3628,F-F-F-F-F-F-F-F-F-F-F-F-F-F-A-U-U-U-U-U-U-U-U,1,2,False,False
3629,F-F-F-F-F-F-F-F-F-F-F-F-F-F-F-F-F-F-F-F-A-F-F,1,2,False,True
3630,F-F-F-F-F-F-F-F-F-F-F-F-F-F-F-F-F-F-F-A-A-F-F,1,2,False,False
3631,F-F-F-F-F-F-F-F-F-F-F-F-F-F-F-F-F-F-F-F-F-Sh-F,1,2,False,True
3632,F-F-F-F-F-F-F-F-F-F-Sh-Sh-Sh-Sh-Sh-Sh-Sh-Sh-Sh-Sh-Sh-Sh-U,1,2,False,False
3633,F-F-F-F-F-F-F-F-F-F-Sh-Sh-Sh-Sh-Sh-Sh-Sh-Sh-Sh-Sh-A-A-A,1,2,False,False
3634,Sp-Sp-Sp-Sp-Sp-Sp-G-G-G-G-G-G-G-G-G-G-G-G-G-G-F-F-F,1,2,False,False
3635,Sp-Sp-Sp-Sp-Sp-G-G-G-G-G-G-G-G-G-G-G-G-B-B-B-B-B-B,1,2,False,False
3636,Sp-Sp-Sp-Sp-Sp-G-G-G-G-G-G-G-G-G-G-G-G-G-G-B-B-B-B,1,2,False,False
3637,Sp-Sp-Sp-Sp-Sp-G-G-G-G-G-G-G-G-G-G-G-G-G-G-G-Sp-Sp-Sp,1,2,False,False
3638,F-F-F-F-F-F-F-F-F-Wt-Wt-Wt-Wt-Wt-Wt-Wt-Wt-Wt-Wt-Wt-Wt-Wt-F,1,2,False,False
3639,F-F-F-F-F-F-F-F-F-Wt-Wt-Wt-Wt-Wt-Wt-Wt-Wt-Wt-Wt-Wt-Wt-A-A,1,2,False,False
3640,Sp-Sp-Sp-Sp-Sp-Sp-Sp-G-G-G-G-G-G-G-G-G-B-B-B-B-B-B-B,1,2,False,False
3641,Sp-Sp-Sp-Sp-Sp-Sp-Sp-G-G-G-G-G-G-G-G-G-G-G-B-B-B-B-B,1,2,False,False
3642,Sp-Sp-Sp-G-G-G-G-G-G-G-G-Sp-Sp-Sp-Sp-Sp-Sp-Sp-Sp-Sp-Sp-Sp-Sp,1,2,False,False
3643,F-F-F-F-F-F-F-F-Wt-Wt-Wt-Wt-Wt-Wt-Wt-Wt-Wt-Wt-Wt-Wt-Wt-Wt-Sh,1,2,False,False
3644,F-F-F-F-F-F-F-F-Wt-Wt-Wt-Wt-Wt-Wt-Wt-Wt-Wt-Wt-Wt-Wt-Wt-Wt-G,1,2,False,False
3645,Sp-Sp-Sp-Sp-Sp-Sp-Sp-Sp-Sp-Sp-Sp-Sp-Sp-Sp-Sp-Sp-B-B-B-B-G-G-G,1,2,False,False
3646,Sp-Sp-Sp-Sp-Sp-Sp-Sp-Sp-Sp-Sp-Sp-Sp-Sp-Sp-Sp-Sp-B-B-B-Sp-G-G-G,1,3,False,False
3647,Sp-Sp-Sp-Sp-Sp-Sp-Sp-Sp-Sp-Sp-Sp-Sp-Sp-Sp-Sp-Sp-Sp-Sp-B-B-B-B-Sp,1,2,False,False
3648,Sp-Sp-Sp-Sp-Sp-Sp-Sp-Sp-Sp-Sp-Sp-Sp-Sp-Sp-Sp-Sp-Sp-Sp-B-B-Sp-Sp-Sp,1,2,False,False
3649,F-F-F-F-F-F-F-F-F-F-F-F-F-F-F-F-F-F-A-A-A-U-U,1,2,False,False
3650,F-F-F-F-F-F-F-F-F-F-F-F-F-F-F-F-F-A-A-A-A-A-F,1,2,False,False
3651,F-F-F-F-F-F-F-F-F-F-F-F-F-F-F-F-A-A-A-A-A-A-U,1,2,False,False
3652,F-F-F-F-F-F-F-F-F-Wt-Wt-Wt-Wt-Wt-Wt-Wt-F-F-F-F-F-F-F,1,2,False,False
3653,Sp-Sp-Sp-Sp-Sp-G-G-G-G-G-G-G-G-G-G-G-G-G-G-A-A-A-A,1,2,False,False
3654,Sp-Sp-Sp-Sp-G-G-B-B-B-B-B-B-B-B-B-B-B-B-B-B-B-B-B,1,2,False,False
3655,Sp-Sp-Sp-Sp-G-G-G-G-G-G-G-G-G-G-G-G-B-B-B-B-B-B-B,1,2,False,False
3656,Sp-Sp-Sp-Sp-G-G-G-G-G-G-G-G-G-G-G-G-Sp-Sp-Sp-G-G-G-G,1,3,False,False
3657,Sp-Sp-Sp-Sp-G-G-G-G-G-G-G-G-G-G-G-G-G-G-G-G-G-G-Sp,1,2,False,False
3658,Sp-Sp-Sp-F-F-F-F-F-F-F-F-F-F-F-F-F-Sh-Sh-Sh-Sh-Sh-Sh-Sh,1,2,False,False
3659,Sp-Sp-Sp-A-A-A-A-A-A-A-A-A-A-A-A-A-A-A-A-F-F-F-F,1,2,False,False
3660,Sp-Sp-Sh-Sh-Sh-Sh-Sh-Sh-Sh-Sh-Sh-Sh-Sh-Sh-Sh-Sh-Sh-Sh-Sh-Sh-Sh-F-F,1,2,False,False
3661,F-F-F-F-F-F-F-F-F-F-F-F-F-A-A-A-F-F-F-F-F-F-F,1,2,False,False
3662,F-F-F-F-F-F-F-F-F-F-F-F-A-U-U-U-U-U-U-U-U-U-U,1,2,False,False
3663,F-F-F-F-F-F-F-F-F-F-F-F-A-A-A-U-U-U-U-U-U-U-U,1,2,False,False
3664,F-F-F-F-F-F-F-F-F-F-F-F-A-A-A-A-A-F-F-F-F-F-F,1,2,False,False
3665,Sp-Sp-Sp-Sp-Sp-Sp-Sp-Sp-Sp-Sp-Sp-Sp-Sp-Sp-B-B-B-B-Sp-Sp-Sp-Sp-Sp,1,2,False,False
3666,Sp-Sp-Sp-Sp-Sp-Sp-Sp-Sp-Sp-Sp-Sp-Sp-Sp-Sp-B-B-B-B-G-G-G-G-G,1,2,False,False
3667,Sp-Sp-Sp-Sp-Sp-Sp-Sp-Sp-Sp-Sp-Sp-Sp-Sp-Sp-Sp-Sp-Wa-Wa-Wa-Wa-Wa-Wa-G,1,2,False,False
3668,F-F-F-F-F-F-F-F-F-Sh-Sh-U-U-U-U-U-U-U-U-U-U-U-U,1,2,False,False
3669,Sp-Sp-Sp-Sp-F-F-F-F-F-F-F-F-F-F-F-F-F-A-A-A-A-A-A,1,2,False,False
3670,Sp-Sp-Sp-Sh-Sh-Sh-Sh-Sh-Sh-Sp-Sp-Sp-Sp-Sp-Sp-Sp-Sp-Sp-Sp-Sp-Sp-Sp-Sp,1,2,False,False
3671,Sp-Sp-Sp-Sh-Sh-Sh-Sh-Sh-Sh-Sh-Sh-Sh-Sp-Sp-Sp-Sp-Sp-Sp-Sp-Sp-Sp-Sp-Sp,1,2,False,False
3672,Sp-Sp-Sp-Sh-Sh-Sh-Sh-Sh-Sh-Sh-Sh-Sh-Sh-Sh-Sh-Sh-Sh-Sh-Sh-F-F-F-F,1,2,False,False
3673,Sp-Sp-Sp-Sh-Sh-Sh-Sh-Sh-Sh-Sh-Sh-Sh-Sh-Sh-Sh-Sh-A-A-A-A-A-A-A,1,2,False,False
3674,Sp-Sp-G-G-G-G-G-G-G-G-G-G-G-G-G-G-G-G-Sh-Sh-Sh-Sh-Sh,1,2,False,False
3675,Sp-Sp-G-G-G-G-G-G-G-G-G-G-G-G-G-G-G-G-G-B-B-B-B,1,2,False,False
3676,Sp-Sp-G-G-G-G-G-G-G-G-G-G-G-G-G-G-G-G-G-G-G-Sp-Sp,1,2,False,True
3677,Sp-Sp-G-G-G-G-G-G-G-G-G-G-G-G-G-G-G-G-G-G-G-G-Sp,1,2,False,False
3678,F-F-F-F-F-F-F-F-Sh-Sh-Sh-Sh-Sh-Sh-Sh-Sh-Sh-U-U-U-U-U-U,1,2,False,False
3679,F-F-F-F-F-F-F-G-G-G-G-G-G-G-G-G-G-G-G-G-G-F-F,1,2,False,False
3680,F-F-F-F-F-F-F-F-F-F-A-A-A-A-A-A-A-A-F-F-F-F-F,1,2,False,True
3681,F-F-F-F-F-F-F-F-F-F-A-A-A-A-A-A-A-A-A-A-A-U-U,1,2,False,False
3682,F-F-F-F-F-F-F-F-F-A-A-A-A-A-A-A-A-Wt-Wt-Wt-Wt-Wt-Wt,1,2,False,False
3683,Sp-Sp-Sp-Sp-Sp-Sp-Sp-Sp-Sp-Sp-Sp-Sp-Sp-B-B-B-B-B-B-B-B-B-Sp,1,2,False,False
3684,Sp-Sp-Sp-Sp-Sp-Sp-Sp-Sp-Sp-Sp-Sp-Sp-Sp-B-B-B-B-B-B-G-G-G-G,1,2,False,False
3685,Sp-Sp-Sp-Sp-Sp-Sp-Sp-Sp-Sp-Sp-Sp-Sp-Sp-B-B-B-B-B-G-G-G-G-G,1,2,False,False
3686,Sp-Sp-Sp-Sp-Sp-Sp-Sp-Sp-Sp-Sp-Sp-Sp-Sp-Sp-B-B-B-B-B-B-Sp-Sp-Sp,1,2,False,False
3687,Sp-Sp-Sp-Sp-Sp-Sp-Sp-Sp-Sp-Sp-Sp-Sp-Sp-Sp-B-B-B-B-B-B-G-G-G,1,2,False,False
3688,F-F-F-F-F-F-F-F-G-G-G-G-G-G-G-G-G-G-G-G-G-G-F,1,2,False,True
3689,Sp-Sp-Sp-G-G-G-G-G-G-G-G-G-G-G-G-G-G-G-G-G-B-B-B,1,2,False,False
3690,F-F-F-F-F-F-F-F-A-A-A-A-A-A-U-U-U-U-U-U-U-U-U,1,2,False,False
3691,F-F-F-F-F-F-F-G-G-G-G-G-G-G-G-G-G-G-G-F-F-F-F,1,2,False,False
3692,F-F-F-F-F-F-F-F-B-B-B-B-B-B-B-B-Wa-Wa-Wa-Wa-Wa-Wa-Wa,1,2,False,True
3693,F-F-F-F-F-F-F-F-B-B-B-B-B-B-B-B-B-B-B-F-F-F-F,1,2,False,False
3694,F-F-F-F-F-F-F-F-Sp-Sp-Sp-Sp-Sp-Sp-Wa-Wa-Wa-Wa-Wa-Wa-Wa-Wa-Wa,1,2,False,False
3695,F-F-F-F-F-F-F-F-Sh-Sh-Sh-Sh-Sh-Sh-Wa-Wa-Wa-Wa-Wa-Wa-Wa-Wa-Wa,1,2,False,False
3696,F-F-F-F-F-F-F-F-Sh-Sh-Sh-Sh-Sh-Sh-Sh-Sh-Sh-Sh-Sh-Sh-Sh-Sh-A,1,2,False,True
3697,Sp-Sh-Sh-Sh-Sh-Sh-Sh-Sh-Sp-Sp-Sp-Sp-Sp-Sp-Sp-Sp-Sp-Sp-Sp-Sp-Sp-Sp-Sp,1,2,False,False
3698,Sp-Sh-Sh-Sh-Sh-Sh-Sh-Sh-Sh-Sh-Sh-Sh-Sh-Sh-Sh-Sh-Sh-Sp-Sp-Sp-Sp-Sp-Sp,1,2,False,False
3699,Sp-G-G-G-G-G-G-G-G-Sh-Sh-Sh-Sh-Sh-Sh-Sh-Sh-Sh-Sh-Sh-Sh-Sh-Sh,1,2,False,False
3700,F-F-F-F-F-F-F-F-A-A-A-A-A-A-A-A-Wa-Wa-Wa-Wa-Wa-Wa-Wa,1,2,False,True
3701,F-F-F-F-F-F-F-F-A-A-A-A-A-A-A-A-A-F-F-F-F-F-F,1,2,False,False
3702,Sp-Sp-Sp-Sp-Sp-Sp-Sp-Sp-Sp-Sp-Sp-B-B-B-B-B-B-B-B-G-G-G-G,1,2,False,False
3703,Sp-Sp-Sp-Sp-Sp-Sp-Sp-Sp-Sp-Sp-Sp-Sp-B-B-B-B-B-B-B-B-B-B-Sp,1,2,False,False
3704,Sp-Sp-Sp-Sp-Sp-Sp-Sp-Sp-Sp-Sp-Sp-Sp-B-B-B-B-B-B-B-B-B-Sp-Sp,1,2,False,True
3705,F-F-F-F-F-F-F-F-F-F-A-A-A-A-A-U-U-U-U-U-U-U-U,1,2,False,False
3706,F-F-F-F-F-F-F-F-A-A-A-A-A-A-A-A-A-A-F-F-F-A-A,1,3,False,False
3707,F-F-F-F-F-F-F-Wt-Wt-Wt-Wt-Wt-Wt-Wt-Wt-Wt-Wt-Wt-Wt-Wt-Wt-G-G,1,2,False,True
3708,F-F-F-F-F-F-F-G-G-G-G-G-G-G-G-G-G-G-G-G-G-U-U,1,2,False,False
3709,Sp-G-G-G-G-G-G-G-G-G-G-G-G-G-U-U-U-U-U-U-U-U-U,1,2,False,False
3710,Sp-G-G-G-G-G-G-G-G-G-G-G-G-G-G-G-G-Sp-Sp-B-B-B-B,1,3,False,False
3711,Sp-G-G-G-G-G-G-G-G-G-G-G-G-G-G-G-G-G-Sh-Sh-Sh-Sh-Sh,1,2,False,False
3712,Sp-G-G-G-G-G-G-G-G-G-G-G-G-G-G-G-G-G-G-Sh-Sh-Sh-Sh,1,2,False,False
3713,Sp-G-G-G-G-G-G-G-G-G-G-G-G-G-G-G-G-G-G-G-G-B-B,1,2,False,False
3714,F-F-F-F-F-F-F-Sh-Sh-Sh-Sh-Sh-Sh-Sh-Sh-Sh-Sh-Sh-Sh-Wt-Wt-Wt-Wt,1,2,False,True
3715,F-F-F-F-F-F-F-F-A-A-A-A-A-A-A-A-A-A-A-Wa-Wa-Wa-Wa,1,2,False,True
3716,F-F-F-F-F-F-F-F-A-A-A-A-A-A-A-A-A-A-A-A-A-U-U,1,2,False,False
3717,F-F-F-F-F-F-F-A-A-A-A-A-A-A-A-A-A-A-A-A-A-F-F,1,2,False,False
3718,F-F-F-F-F-F-F-A-A-A-A-A-A-A-A-A-A-A-A-A-A-A-U,1,2,False,False
3719,Sp-Sp-Sp-Sp-Sp-Sp-Sp-Sp-Sp-Sp-B-B-B-B-B-B-B-G-G-G-G-G-G,1,2,False,False
3720,F-F-F-F-F-F-F-F-F-A-A-A-A-A-A-A-A-A-A-F-F-A-A,1,3,False,False
3721,F-F-F-F-F-F-F-F-F-A-A-A-A-A-A-A-A-A-A-A-A-A-F,1,2,False,False
3722,Sp-G-G-G-F-F-F-F-F-F-F-F-F-F-F-F-F-F-F-F-F-F-F,1,2,False,False
3723,Sp-F-F-F-F-F-F-F-F-F-F-F-F-F-F-F-Sh-Sh-Sh-Sh-Sh-Sh-Sh,1,2,False,False
3724,Sp-F-F-F-F-F-F-F-F-F-F-F-F-F-F-F-F-Sp-Sp-Sp-Sp-Sp-Sp,1,2,False,False
3725,Sp-F-F-F-F-F-F-F-F-F-F-F-F-F-F-F-F-F-F-F-F-F-B,1,2,False,False
3726,Sp-F-F-F-F-F-F-F-F-F-F-F-F-F-F-F-F-F-F-F-F-F-A,1,2,False,False
3727,Sp-F-F-F-F-F-F-F-F-F-F-F-F-F-F-F-F-F-F-F-F-A-A,1,2,False,False
3728,Sp-F-F-F-F-F-F-F-F-F-F-F-F-F-F-F-F-A-A-A-A-A-A,1,2,False,False
3729,Sh-Wa-Wa-Wa-Wa-Wa-Wa-Wa-Wa-Wa-Wa-Wa-Wa-Wa-Wa-Wa-Wa-Wa-Wa-Wa-Wa-Sh-Sh,1,2,False,False
3730,F-F-F-F-F-F-Wt-Wt-Wt-Wt-Wt-Wt-Wt-Wt-Wt-Wt-Wt-Wt-Wt-Wt-Wt-A-A,1,2,False,False
3731,F-F-F-F-A-A-A-A-A-A-A-A-A-A-A-U-U-U-U-U-U-U-U,1,2,False,False
3732,Sp-Sp-Sp-Sp-Sp-Sp-Sp-Sp-Sp-B-B-B-B-B-B-B-B-B-B-B-G-G-G,1,2,False,False
3733,Sp-Sp-Sp-Sp-Sp-Sp-Sp-Sp-Sp-B-B-B-B-B-B-B-B-B-F-F-F-F-F,1,2,False,False
3734,Sp-Sp-Sp-Sp-Sp-Sp-Sp-Sp-Sp-B-B-B-B-B-B-B-B-Sp-Sp-Sp-Sp-Sp-Sp,1,2,False,False
3735,Sp-Sp-Sp-Sp-Sp-Sp-Sp-Sp-Sp-B-B-B-B-B-B-B-Sp-Sp-Sp-Sp-Sp-Sp-Sp,1,2,False,False
3736,F-F-F-F-F-A-A-A-A-A-A-A-U-U-U-U-U-U-U-U-U-U-U,1,2,False,False
3737,F-F-F-F-F-A-A-A-A-A-A-A-A-A-A-A-A-F-F-F-F-A-A,1,3,False,False
3738,F-F-F-F-F-F-G-G-G-G-G-G-G-G-G-G-G-F-F-F-F-F-F,1,2,False,False
3739,F-F-F-F-F-F-F-Sp-Sp-Sp-Sp-Sp-Sp-Sp-Sp-Sp-Sp-Sp-Sp-F-F-A-A,1,3,False,False
3740,Sh-Wa-Wa-Wa-Wa-Wa-Wa-Wa-Wa-G-G-G-G-G-G-G-G-G-G-G-G-G-G,1,2,False,False
3741,Sh-Wa-Wa-Wa-Wa-Wa-Wa-Sp-Sp-Sp-Sp-Sp-Sp-Sp-Sp-Sp-Sp-Sp-Sp-Sp-Sp-Sp-Sp,1,2,False,False
3742,Sp-Sp-Sp-Sp-Sp-Sp-Sp-B-B-B-B-B-B-B-B-B-B-B-B-G-G-G-G,1,2,False,False
3743,Sp-Sp-Sp-Sp-Sp-Sp-Sp-B-B-B-B-B-B-B-B-B-G-G-G-G-G-G-G,1,2,False,False
3744,Sp-Sp-Sp-Sp-Sp-Sp-Sp-Sp-B-B-B-B-B-B-B-B-B-B-B-B-G-G-G,1,2,False,False
3745,Sp-Sp-Sp-Sp-Sp-Sp-Sp-Sp-B-B-B-B-B-B-B-B-B-B-B-Sp-Sp-B-B,1,3,False,False
3746,Sp-Sp-Sp-Sp-Sp-Sp-Sp-Sp-B-B-B-B-B-B-B-B-B-B-Sp-Sp-Sp-Sp-B,1,3,False,False
3747,Sp-Sp-Sp-Sp-Sp-Sp-Sp-Sp-B-B-B-B-B-B-B-B-B-Sp-Sp-Sp-Sp-B-B,1,3,False,False
3748,F-F-F-A-A-A-A-A-A-U-U-U-U-U-U-U-U-U-U-U-U-U-U,1,2,False,False
3749,F-F-F-A-A-A-A-A-A-F-F-F-F-F-F-F-F-F-F-F-F-F-F,1,2,False,False
3750,F-F-F-A-A-A-A-A-A-A-A-A-U-U-U-U-U-U-U-U-U-U-U,1,2,False,False
3751,F-F-F-A-A-A-A-A-A-A-A-A-A-U-U-U-U-U-U-U-U-U-U,1,2,False,True
3752,F-F-F-F-F-F-F-Sh-Sh-Sh-Sh-Sh-Sh-Sh-Sh-Sh-F-F-F-Sh-Sh-Sh-Sh,1,3,False,True
3753,F-F-F-F-F-F-F-Sh-Sh-Sh-Sh-Sh-Sh-Sh-Sh-Sh-F-F-F-F-F-F-Sh,1,3,False,False
3754,F-F-F-F-F-G-G-G-G-G-G-G-G-G-G-G-G-F-F-F-F-F-F,1,2,False,False
3755,Sh-Wa-Wa-Wa-Wa-Wa-Wa-A-A-A-A-A-A-A-A-A-A-A-A-A-A-A-A,1,2,False,False
3756,Sh-Sh-Wa-Wa-Wa-Wa-Wa-Wa-Wa-Wa-Wa-Wa-Wa-Wa-Wa-Wa-F-F-F-F-F-F-F,1,2,False,False
3757,Sh-Sh-Wa-Wa-Wa-Wa-Wa-Wa-Wa-Wt-Wt-Wt-Wt-Wt-Wt-Wt-Wt-Wt-Wt-Wt-Wt-Wt-Wt,1,2,False,False
3758,Sh-Sh-Wa-Wa-Wa-Wa-Wa-Wa-G-G-G-G-G-G-G-G-G-G-G-G-G-G-G,1,2,False,False
3759,Sh-Sh-Wa-Wa-Wa-Wa-Wa-Sh-Sh-Sh-Sh-Sh-Sh-Sh-Sh-Sh-Sh-Sh-Sh-Sh-Sh-Sh-Sh,1,2,False,False
3760,Sh-Sh-Wa-Wa-Wa-Wa-Wa-Wt-Wt-Wt-Wt-Wt-Wt-Wt-Wt-Wt-Wt-Wt-Wt-Wt-Wt-Wt-Wt,1,2,False,False
3761,F-F-F-A-A-A-A-A-A-A-A-A-A-A-A-U-U-U-U-U-U-U-U,1,2,False,False
3762,F-F-F-A-A-A-A-A-A-A-A-A-A-A-A-A-F-F-Sh-Sh-Sh-Sh-Sh,1,3,False,True
3763,F-F-F-A-A-A-A-A-A-A-A-A-A-A-A-A-F-F-F-F-F-F-A,1,3,False,True
3764,F-F-F-A-A-A-A-A-A-A-A-A-A-A-A-A-A-A-A-Sh-F-F-F,1,3,False,False
3765,Sp-Sp-Sp-Sp-Sp-Sp-B-B-B-B-B-B-B-B-B-B-B-B-F-F-F-F-F,1,2,False,False
3766,Sp-Sp-Sp-Sp-Sp-Sp-B-B-B-B-B-B-B-B-B-B-B-U-U-U-U-U-U,1,2,False,False
3767,Sp-Sp-Sp-Sp-Sp-Sp-Sp-B-B-B-B-B-B-B-B-B-B-B-B-B-B-B-Sp,1,2,False,False
3768,F-F-F-F-F-F-G-G-G-G-G-G-G-G-G-G-G-G-G-G-G-F-F,1,2,False,True
3769,F-F-F-F-F-F-G-G-G-G-G-G-G-G-G-G-G-G-G-F-F-F-F,1,2,False,False
3770,F-F-F-F-F-Sh-Sh-Sh-Sh-Sh-Sh-Sh-U-U-U-U-U-U-U-U-U-U-U,1,2,False,False
3771,F-F-F-F-F-Sh-Sh-Sh-Sh-Sh-U-U-U-U-U-U-U-U-U-U-U-U-U,1,2,False,False
3772,F-F-F-F-F-Wt-Wt-Wt-Wt-Wt-Wt-Wt-Wt-Wt-Wt-Wt-Wt-Wt-F-F-F-F-F,1,2,False,False
3773,Sp-Sp-Sp-Sp-Sp-B-B-B-B-B-B-B-B-B-B-B-B-G-G-G-G-G-G,1,2,False,False
3774,Sp-Sp-Sp-Sp-Sp-B-B-B-B-B-B-B-B-B-B-B-Sp-Sp-Sp-Sp-Sp-Sp-Sp,1,2,False,False
3775,Sp-Sp-Sp-Sp-Sp-Sp-B-B-B-B-B-B-B-B-B-B-B-B-B-B-F-F-F,1,2,False,False
3776,Sp-Sp-Sp-Sp-Sp-Sp-B-B-B-B-B-B-B-B-B-B-B-B-B-G-G-G-G,1,2,False,False
3777,F-F-A-A-A-A-A-A-A-A-A-Sh-Sh-Sh-Sh-Sh-Sh-Sh-Sh-Sh-Sh-Sh-Sh,1,2,False,True
3778,F-F-A-A-A-A-A-A-A-A-A-A-A-A-F-F-F-F-Sh-Sh-Sh-Sh-Sh,1,3,False,True
3779,F-F-A-A-A-A-A-A-A-A-A-A-A-A-A-U-U-U-U-U-U-U-U,1,2,False,False
3780,F-F-F-F-F-F-Sh-Sh-Sh-Sh-Sh-Sh-Sh-Sh-Sh-Sh-Sh-F-F-F-F-F-A,1,3,False,False
3781,F-F-F-F-F-F-Sh-Sh-Sh-Sh-Sh-Sh-Sh-Sh-Sh-Sh-Sh-F-F-F-F-A-A,1,3,False,False
3782,F-F-F-F-F-F-Wt-Wt-Wt-Wt-Wt-Wt-Wt-Wt-Wt-Wt-Wt-Wt-Wt-Wt-Wt-Wt-F,1,2,False,False
3783,Sh-Sh-Sh-Wa-Wa-Wa-Wa-Wa-Wa-Wa-G-G-G-G-G-G-G-G-G-G-G-G-G,1,2,False,False
3784,Sh-Sh-Sh-Sh-B-B-B-B-B-B-B-B-B-B-B-B-B-B-B-B-B-B-B,1,1,False,False
3785,F-F-F-F-F-G-G-G-G-G-G-G-G-G-G-G-G-G-G-G-G-F-F,1,2,False,False
3786,F-F-F-F-G-G-G-G-G-G-G-G-G-G-G-G-G-G-G-G-F-F-F,1,2,False,False
3787,F-F-F-F-G-G-G-G-G-G-G-G-G-G-G-G-G-G-G-F-F-F-F,1,2,False,False
3788,F-A-A-A-A-A-A-A-A-A-U-U-U-U-U-U-U-U-U-U-U-U-U,1,2,False,False
3789,F-A-A-A-A-A-A-A-A-A-A-A-A-A-A-A-Wt-Wt-Wt-Wt-Wt-Wt-Wt,1,2,False,False
3790,F-A-A-A-A-A-A-A-A-A-A-A-A-A-A-A-A-Wa-Wa-Wa-Wa-Wa-Wa,1,2,False,False
3791,Sp-Sp-Sp-Sp-Sp-B-B-B-B-B-B-B-B-B-B-B-B-B-B-B-B-Sp-Sp,1,2,False,False
3792,F-F-A-A-A-A-A-A-A-A-A-A-A-A-A-A-Wa-Wa-Wa-Wa-Wa-Wa-Wa,1,2,False,False
3793,F-F-F-F-F-F-Sh-Sh-Sh-Sh-Sh-Sh-Sh-Sh-Sh-Sh-Sh-Sh-Sh-Sh-Sh-F-F,1,2,False,True
3794,F-F-F-F-F-F-Sh-Sh-Sh-Sh-Sh-Sh-Sh-Sh-Sh-Sh-Sh-Sh-Sh-Sh-F-A-A,1,3,False,False
3795,Sh-Sh-Sh-Sh-Sh-Sh-Sh-Wa-Wa-Wa-Wa-Wa-Wa-Wa-Wa-Wa-Wa-Wa-Wa-Wa-F-F-F,1,2,False,False
3796,Sh-Sh-Sh-Sh-Sh-Sh-Sh-B-B-B-B-B-B-B-B-B-B-B-B-B-B-B-B,1,1,False,False
3797,Sh-Sh-Sh-Sh-Sh-Sh-Sh-Sh-Sh-B-B-B-B-B-B-B-B-B-B-B-B-B-B,1,1,False,False
3798,Sh-Sh-Sh-Sh-Sh-Sh-Sh-Sh-Sh-Sp-Sp-Sp-Sp-Sp-Sp-Sp-Sp-Wa-Wa-Wa-Wa-Wa-Wa,1,2,False,False
3799,Sh-Sh-Sh-Sh-Sh-Sh-Sh-Sh-Sh-Sp-Sp-Sp-Sp-Sp-Sp-Sp-Wt-Wt-Wt-Wt-Wt-Wt-Wt,1,2,False,False
3800,F-F-F-F-F-Sh-Sh-Sh-Sh-Sh-Sh-Sh-Sh-Sh-Sh-Sh-F-F-F-F-F-F-Sh,1,3,False,False
3801,F-F-F-F-F-Sh-Sh-Sh-Sh-Sh-Sh-Sh-Sh-U-U-U-U-U-U-U-U-U-U,1,2,False,False
3802,Sh-Sh-Sh-Sh-Sh-Sh-Sh-Sh-Sh-Sh-Sh-Sh-Sh-Sh-Sh-Sh-Sh-Sh-Sh-B-B-B-B,1,1,False,False
3803,F-F-F-F-Wt-Wt-Wt-Wt-Wt-Wt-Wt-Wt-Wt-Wt-Wa-Wa-Wa-Wa-Wa-Wa-Wa-Wa-Wa,1,2,False,False
3804,F-F-F-F-Wt-Wt-Wt-Wt-Wt-Wt-Wt-Wt-Wt-Wt-Wt-Wt-Wt-Wt-Wt-Wt-Wt-Sh-Sh,1,2,False,False
3805,F-F-F-F-Wt-Wt-Wt-Wt-Wt-Wt-Wt-Wt-Wt-Wt-Wt-Wt-F-F-F-F-F-F-Wt,1,3,False,False
3806,Sp-Sp-Sp-B-B-B-B-B-B-B-B-B-B-B-B-B-B-B-B-Sp-G-G-G,1,3,False,False
3807,F-A-A-A-A-A-A-A-A-A-A-A-A-A-A-A-A-Wt-Wt-Wt-Wt-Wt-Wt,1,2,False,False
3808,F-A-A-A-A-A-A-A-A-A-A-A-A-A-A-A-A-A-Sh-Sh-Sh-Sh-Sh,1,2,False,False
3809,F-A-A-A-A-A-A-A-A-A-A-A-A-A-A-A-A-A-A-F-F-A-A,1,3,False,False
3810,F-A-A-A-A-A-A-A-A-A-A-A-A-A-A-A-A-A-A-A-A-A-U,1,2,False,True
3811,A-Wa-Wa-Wa-Wa-Wa-Wa-Wa-Wa-Wa-Wa-Wa-Wa-Wa-Wa-Wa-Wa-Wa-Wa-Wa-Wt-Wt-Wt,1,2,False,False
3812,Sh-Sh-Sh-Sh-Sh-Sh-Sh-Sh-Sh-Sh-Sh-Sh-Sh-Sp-Sp-Sp-Sp-Sp-Sp-Sp-F-F-F,1,2,False,False
3813,Sh-Sh-Sh-Sh-Sh-Sh-Sh-Sh-Sh-Sh-Sh-Sh-Sh-Sh-Sh-Sh-Wa-Wa-Wa-Wa-Wa-Wa-F,1,2,False,False
3814,Sh-Sh-Sh-Sh-Sh-Sh-Sh-Sh-Sh-Sh-Sh-Sh-Sh-Sh-Sh-Sh-Wa-Wa-Wa-Wa-Sp-Sp-Sp,1,2,False,False
3815,Sh-Sh-Sh-Sh-Sh-Sh-Sh-Sh-Sh-Sh-Sh-Sh-Sh-Sh-Sh-Sh-Wa-Wa-Wa-Wa-F-F-F,1,2,False,False
3816,F-F-F-F-F-Sh-Sh-Sh-Sh-Sh-Sh-Sh-Sh-Sh-Sh-Sh-Sh-Sh-Sh-Sh-Sh-U-U,1,2,False,False
3817,F-F-F-F-G-G-G-G-G-G-G-G-G-G-G-G-G-G-G-Wa-Wa-Wa-Wa,1,2,False,False
3818,F-F-F-F-Sh-Sh-Sh-Sh-Sh-Sh-Sh-Sh-Sh-Sh-Sh-Sh-Sh-F-F-F-F-F-Sh,1,3,False,False
3819,F-F-F-F-Sh-Sh-Sh-Sh-Sh-Sh-Sh-Sh-Sh-Sh-Sh-Sh-F-F-Sh-Sh-Sh-Sh-Sh,1,3,False,True
3820,F-F-F-F-Sh-Sh-Sh-Sh-Sh-Sh-Sh-Sh-Sh-Sh-Sh-Sh-F-F-F-F-F-Sh-Sh,1,3,False,True
3821,F-F-F-F-Sh-Sh-Sh-Sh-Sh-Sh-Sh-Sh-Sh-G-G-G-G-G-G-G-G-G-G,1,2,False,False
3822,Sh-Sh-Sh-Sh-Sh-Sh-Sh-Sh-Sh-Sh-Sh-Sh-Sh-Sh-Sh-Sh-Sh-Sh-Sh-Sh-F-Sh-Sh,1,2,False,False
3823,Sh-Sh-Sh-Sh-Sh-Sh-Sh-Sh-Sh-Sh-Sh-Sh-Sh-Sh-Sh-Sh-Sh-Sh-Sh-G-A-A-A,1,2,False,False
3824,Sh-Sh-Sh-Sh-Sh-Sh-Sh-Sh-Sh-Sh-Sh-Sh-Sh-Sh-Sh-Sh-Sh-Sh-Sh-F-Sh-Sh-Sh,1,2,False,False
3825,F-F-F-F-Sh-Sh-Sh-Sh-Sh-Sh-Sh-Sh-Sh-Sh-Sh-Sh-Sh-Sh-Sh-U-U-U-U,1,2,False,False
3826,Sp-Sp-Sp-Wa-Wa-Wa-Wa-Wa-Wa-Wa-Wa-Sp-Sp-Sp-Sp-Sp-Sp-Sp-Sp-Sp-Sp-Sp-Sp,1,2,False,False
3827,Sp-Sp-Sp-Wa-Wa-Wa-Wa-Wa-Wa-Wa-Wa-Wt-Wt-Wt-Wt-Wt-Wt-Wt-Wt-Wt-Wt-Wt-Wt,1,2,False,False
3828,Sp-Sp-Sp-Wa-Wa-Wa-Wa-Wa-Wa-Wa-Sp-Sp-Sp-Sp-Sp-Sp-Sp-Sp-Sp-Sp-Sp-Sp-Sp,1,2,False,False
3829,A-Wa-Wa-Wa-Wa-Wa-Wa-Wa-Wa-Wa-Wa-Wt-Wt-Wt-Wt-Wt-Wt-Wt-Wt-Wt-Wt-Wt-Wt,1,2,False,False
3830,F-F-F-F-G-G-G-G-G-G-G-G-G-G-G-G-G-F-F-F-F-F-F,1,2,False,True
3831,F-F-F-F-F-B-B-B-B-B-B-B-B-B-B-B-F-F-F-F-F-F-F,1,2,False,False
3832,F-F-F-F-F-Sh-Sh-Sh-Sh-Sh-Sh-Sh-Sh-Sh-Sh-Sh-Sh-Sh-Sh-Sh-Sh-Sh-U,1,2,False,False
3833,Sh-Sh-Sh-Sh-Sh-Sh-Sh-Sh-Sh-Sh-Sh-Sh-Sh-Sh-Sh-Sh-Sh-Sh-Wa-Wa-Wa-F-F,1,2,False,False
3834,Sh-Sh-Sh-Sh-Sh-Sh-Sh-Sh-Sh-Sh-Sh-Sh-Sh-Sh-Sh-Sh-Wt-Wt-Wt-Wa-Wa-Wa-Wa,1,2,False,False
3835,Sh-Sh-Sh-Sh-Sh-Sh-Sh-Sh-Sh-Sh-Sh-Sh-Sh-Sh-Sh-Sh-Wt-Wt-Wt-Wt-Wa-Wa-Wa,1,2,False,False
3836,F-F-F-Wt-Wt-Wt-Wt-Wt-Wt-Wt-Wt-Wt-Wt-Wt-Wt-Wt-Wt-Wt-Wt-Wt-Wt-Wt-F,1,2,False,True
3837,F-F-F-Wt-Wt-Wt-Wt-Wt-Wt-Wt-Wt-Wt-Wt-Wt-Wt-Wt-Wt-Wt-Wt-Wt-Wt-F-F,1,2,False,True
3838,A-B-B-B-B-B-B-B-B-B-B-B-B-B-B-B-Sp-Sp-Sp-Sp-Sp-Sp-Sp,1,2,False,False
3839,A-B-B-B-B-B-B-B-B-B-B-B-B-B-B-B-G-G-G-G-G-G-G,1,2,False,False
3840,Sp-Sp-B-B-B-B-B-B-B-B-B-B-B-B-G-G-G-G-G-G-G-A-A,1,3,False,False
3841,Sp-Sp-B-B-B-B-B-B-B-B-B-G-G-G-G-G-G-G-G-G-G-G-G,1,2,False,False
3842,F-F-F-F-Sh-Sh-Sh-Sh-Sh-Sh-Sh-Sh-Sh-Sh-Sh-Sh-Sh-Sh-Sh-Wt-Wt-Wt-Wt,1,2,False,True
3843,Sh-Sh-Sh-Sh-Sh-Sh-Sh-Sh-Sh-Sh-Sh-Sh-Sh-Sh-Sh-Sh-Sh-Sh-Sh-A-A-A-U,1,2,False,False
3844,Sh-Sh-Sh-Sh-Sh-Sh-Sh-Sh-Sh-Sh-Sh-Sh-Sh-Sh-Sh-Sh-Sh-Sh-F-F-F-A-A,1,2,False,False
3845,Sh-Sh-Sh-Sh-Sh-Sh-Sh-Sh-Sh-Sh-Sh-Sh-Sh-Sh-Sh-Sh-Sh-Sh-A-A-A-F-F,1,2,False,False
3846,F-F-F-G-G-G-G-G-G-G-G-G-G-G-G-G-G-G-G-G-G-G-F,1,2,False,False
3847,F-F-F-G-G-G-G-G-G-G-G-G-G-G-G-G-G-G-F-F-F-F-F,1,2,False,False
3848,F-F-F-G-G-G-G-G-G-G-G-G-G-G-F-F-F-F-F-F-F-F-F,1,2,False,False
3849,F-F-F-F-Sh-Sh-Sh-Sh-Sh-Sh-Sh-Sh-Sh-Sh-Sh-Sh-Sh-Sh-G-G-G-G-G,1,2,False,True
3850,Sh-Sh-Sh-Sh-Sh-Sh-Sh-Sh-Sh-Sh-Sh-Sh-Sh-Sh-Sh-Sh-F-F-F-Wt-Wt-Wt-Wt,1,2,False,False
3851,Sh-Sh-Sh-Sh-Sh-Sh-Sh-Sh-Sh-Sh-Sh-Sh-Sh-Sh-Sh-Sh-F-F-F-F-Wt-Wt-Wt,1,2,False,False
3852,F-F-F-Sh-Sh-Sh-Sh-Sh-G-G-G-G-G-G-G-G-G-G-G-G-G-G-G,1,2,False,False
3853,A-F-F-F-F-F-F-F-F-F-F-Sh-Sh-Sh-Sh-Sh-Sh-Sh-Sh-Sh-Sh-Sh-Sh,1,2,False,False
3854,A-F-F-F-F-F-F-F-F-F-F-F-F-Sh-Sh-Sh-Sh-Sh-Sh-Sh-Sh-Sh-Sh,1,2,False,False
3855,Sp-Sp-Wa-Wa-Wa-Wa-Wa-Wa-Wa-Wa-Wa-Sh-Sh-Sh-Sh-Sh-Sh-Sh-Sh-Sh-Sh-Sh-Sh,1,2,False,False
3856,Sp-Sp-Wa-Wa-Wa-Wa-Wa-Wa-Wa-Wa-Wa-Wt-Wt-Wt-Wt-Wt-Wt-Wt-Wt-Wt-Wt-Wt-Wt,1,2,False,False
3857,Sp-Sp-Wa-Wa-Wa-Wa-Wa-Wa-Wa-Wa-Wa-G-G-G-G-G-G-G-G-G-G-G-G,1,2,False,False
3858,A-Sh-Sh-Sh-Sh-Sh-Sh-Sh-Sh-Sh-Sh-Sh-Sh-U-U-U-U-U-U-U-U-U-U,1,2,False,True
3859,A-Sh-Sh-Sh-Sh-Sh-Sh-Sh-Sh-A-A-A-A-A-A-A-A-A-A-A-A-F-F,1,3,False,False
3860,A-Sh-Sh-Sh-Sh-Sh-Sh-Sh-U-U-U-U-U-U-U-U-U-U-U-U-U-U-U,1,2,False,True
3861,F-F-F-F-Wa-Wa-Wa-Wa-Wa-Wa-Wa-Wa-Wa-Wa-Wa-Wa-Wa-Wa-Wa-Wa-A-A-A,1,2,False,False
3862,Sh-Sh-Sh-Sh-Sh-Sh-Sh-Sh-Sh-Sh-Sh-Sh-Sh-Sh-Sh-Sh-Sh-Wt-Wt-Wt-F-F-F,1,2,False,False
3863,Sh-Sh-Sh-Sh-Sh-Sh-Sh-Sh-Sh-Sh-Sh-Sh-Sh-Sh-Sh-Sh-Sh-F-F-F-F-Sp-Sp,1,2,False,False
3864,Sh-Sh-Sh-Sh-Sh-Sh-Sh-Sh-Sh-Sh-Sh-Sh-Sh-Sh-Sh-Sh-Sh-F-F-F-F-Wt-Wt,1,2,False,False
3865,Sh-Sh-Sh-Sh-Sh-Sh-Sh-Sh-Sh-Sh-Sh-Sh-Sh-Sh-Sh-Sh-Sh-A-A-A-F-F-F,1,2,False,False
3866,Sh-Sh-Sh-Sh-Sh-Sh-Sh-Sh-Sh-Sh-Sh-Sh-Sh-F-F-F-F-F-F-F-F-Sh-Sh,1,2,False,False
3867,Sh-Sh-Sh-Sh-Sh-Sh-Sh-Sh-Sh-Sh-Sh-Sh-Sh-F-F-F-F-F-F-F-F-G-G,1,2,False,False
3868,Sp-B-B-B-B-B-G-G-G-G-G-G-G-G-G-G-G-G-G-G-G-G-G,1,2,False,False
3869,A-G-G-G-G-G-G-G-G-G-G-G-G-G-G-G-G-G-G-G-G-G-G,1,1,False,False
3870,A-F-F-G-G-G-G-G-G-G-G-G-G-G-G-G-G-G-G-G-G-G-G,1,2,False,False
3871,A-F-F-F-U-U-U-U-U-U-U-U-U-U-U-U-U-U-U-U-U-U-U,1,2,False,False
3872,F-F-F-Wt-Wt-Wt-Wt-Wt-Wt-Wt-Wt-Wt-Wt-Wt-Wt-Wt-Wt-Wt-Wt-Wt-Wt-Wt-G,1,2,False,False
3873,Sh-Sh-Sh-Sh-Sh-Sh-Sh-Sh-Sh-Sh-Sh-Sh-Sh-Sh-Sh-Sh-F-F-A-A-A-A-A,1,2,False,False
3874,Sh-Sh-Sh-Sh-Sh-Sh-Sh-Sh-Sh-Sh-Sh-Sh-Sh-Sh-Sh-Sh-A-A-A-A-F-F-F,1,2,False,False
3875,Sh-Sh-Sh-Sh-Sh-Sh-Sh-Sh-Sh-Sh-Sh-Sh-Sh-Sh-Sh-Sh-A-A-A-A-A-U-U,1,2,False,False
3876,Sh-Sh-Sh-Sh-Sh-Sh-Sh-Sh-Sh-Sh-Sh-Sh-Sh-Sh-F-F-F-U-U-U-U-U-U,1,2,False,False
3877,Sh-Sh-Sh-Sh-Sh-Sh-Sh-Sh-Sh-Sh-Sh-Sh-Sh-Sh-F-F-F-F-F-Wt-Wt-Wt-Wt,1,2,False,True
3878,Sh-Sh-Sh-Sh-Sh-Sh-Sh-Sh-Sh-Sh-Sh-Sh-Sh-Sh-F-F-F-F-F-F-F-Wt-Wt,1,2,False,False
3879,F-F-F-Sh-Sh-Sh-Sh-Sh-Sh-Sh-Sh-Sh-Sh-Sh-F-F-F-F-F-F-F-A-A,1,3,False,True
3880,F-F-F-Wt-Wt-Wt-Wt-Wt-Wt-Wt-Wt-Wt-Wt-Wt-Wt-Wt-Wt-Wt-F-F-F-A-A,1,3,False,False
3881,F-F-F-Wt-Wt-Wt-Wt-Wt-Wt-Wt-Wt-Wt-Wt-Wt-Wt-Wt-Wt-F-F-F-F-F-F,1,2,False,True
3882,Sh-Sh-Sh-Sh-Sh-Sh-Sh-Sh-Sh-Sh-Sh-Sh-F-F-F-F-F-F-F-F-F-F-A,1,2,False,False
3883,Sh-Sh-Sh-Sh-Sh-Sh-Sh-Sh-Sh-Sh-Sh-Sh-F-F-F-F-F-F-F-F-F-A-Sh,1,3,False,False
3884,A-F-F-F-F-F-F-F-F-F-F-F-F-F-F-F-F-Sh-Sh-Sh-Sh-Sh-Sh,1,2,False,False
3885,A-F-F-F-F-F-F-F-F-F-F-F-F-F-F-F-F-F-F-B-B-B-B,1,2,False,False
3886,A-F-F-F-F-F-F-F-F-F-F-F-F-F-F-F-F-F-F-Sp-Sp-Sp-Sp,1,2,False,False
3887,A-F-F-F-F-F-F-F-F-F-F-F-F-F-F-F-F-F-F-Sh-A-A-A,1,3,False,False
3888,A-F-F-F-F-F-F-F-F-F-F-F-F-F-F-F-F-F-F-F-F-U-U,1,2,False,True
3889,Sp-B-B-B-B-B-B-B-B-B-B-B-B-B-B-B-B-G-G-G-G-G-G,1,2,False,False
3890,F-F-F-Sh-Sh-Sh-Sh-Sh-Sh-Sh-Sh-Sh-Sh-Sh-Sh-Sh-Sh-Wt-Wt-Wt-Wt-Wt-Wt,1,2,False,False
3891,Sh-Sh-Sh-Sh-Sh-Sh-Sh-Sh-Sh-Sh-Sh-Sh-Sh-F-F-F-F-F-F-F-F-F-U,1,2,False,False
3892,Sh-Sh-Sh-Sh-Sh-Sh-Sh-Sh-Sh-Sh-Sh-Sh-Sh-F-F-F-F-F-F-F-F-F-A,1,2,False,False
3893,Sh-Sh-Sh-Sh-Sh-Sh-Sh-Sh-Sh-Sh-Sh-Sh-Sh-F-F-F-F-F-F-F-F-A-A,1,2,False,False
3894,Sh-Sh-Sh-Sh-Sh-Sh-Sh-Sh-Sh-Sh-Sh-Sh-G-G-G-G-G-G-G-G-F-F-F,1,2,False,True
3895,Sh-Sh-Sh-Sh-Sh-Sh-Sh-Sh-Sh-Sh-Sh-Sh-F-F-F-F-F-Sh-Sh-Sh-Sh-Sh-Sh,1,2,False,False
3896,F-F-F-Sh-Sh-Sh-Sh-Sh-Sh-A-A-A-A-A-A-A-A-A-A-A-F-F-F,1,3,False,False
3897,Sh-Sh-Sh-Sh-Sh-Sh-Sh-Sh-Sh-Sh-Sh-Sh-Sh-Sh-F-F-F-F-F-F-A-A-A,1,2,False,False
3898,Sh-Sh-Sh-Sh-Sh-Sh-Sh-Sh-Sh-Sh-Sh-G-G-G-G-G-F-F-F-F-F-F-F,1,2,False,False
3899,Sh-Sh-Sh-Sh-Sh-Sh-Sh-Sh-Sh-Sh-Sh-F-F-F-F-F-F-Sh-Sh-Sh-Sh-Sh-Sh,1,2,False,False
3900,Sh-Sh-Sh-Sh-Sh-Sh-Sh-Sh-Sh-Sh-Sh-F-F-F-F-F-F-F-F-F-F-G-G,1,2,False,False
3901,B-Sp-Sp-Sp-Sp-Sp-Sp-Sp-Sp-Sp-Sp-Sp-Sp-Sp-Sp-Sp-Sp-B-B-B-B-B-B,1,2,False,True
3902,B-Sp-Sp-Sp-Sp-Sp-Sp-Sp-Sp-Sp-Sp-Sp-Sp-Sp-Sp-Sp-Sp-Sp-B-B-B-B-B,1,2,False,True
3903,B-Sp-Sp-Sp-Sp-Sp-Sp-Sp-Sp-Sp-Sp-Sp-Sp-Sp-Sp-Sp-G-G-G-G-G-G-G,1,2,False,False
3904,B-Sp-Sp-Sp-Sp-Sp-Sp-Sp-Sp-Sp-Sp-Sp-Sp-Sp-F-F-F-F-F-F-F-F-F,1,2,False,False
3905,B-G-G-G-G-G-G-G-G-G-G-G-G-G-G-G-G-G-G-U-U-U-U,1,2,False,False
3906,B-G-G-G-G-G-G-G-A-A-A-A-A-A-A-A-A-A-A-A-A-A-A,1,2,False,False
3907,Sp-Wa-Wa-Wa-Wa-Wa-Wa-Wa-Wa-Wa-Wa-Wa-Sh-Sh-Sh-Sh-Sh-Sh-Sh-Sh-Sh-Sh-Sh,1,2,False,False
3908,A-F-F-F-F-F-F-F-F-F-F-F-F-U-U-U-U-U-U-U-U-U-U,1,2,False,True
3909,A-F-F-F-F-F-F-F-F-F-F-F-F-F-G-G-G-G-G-G-G-G-G,1,2,False,False
3910,F-F-F-B-B-B-B-B-B-B-B-B-B-B-B-B-B-B-G-G-G-G-G,1,2,False,False
3911,F-F-F-Sh-Sh-Sh-Sh-Sh-Sh-Sh-Sh-Sh-Sh-Sh-Sh-Sh-Sh-Sh-Wa-Wa-Wa-Wa-Wa,1,2,False,False
3912,Sh-Sh-Sh-Sh-Sh-Sh-Sh-Sh-Sh-Sh-Sh-Sh-F-F-F-F-F-F-G-G-G-G-G,1,2,False,False
3913,Sh-Sh-Sh-Sh-Sh-Sh-Sh-Sh-Sh-Sh-Sh-Sh-F-F-F-F-F-F-F-Sp-Sp-Sp-Sp,1,2,False,False
3914,F-F-Wt-Wt-Sp-Sp-Sp-Sp-Sp-Sp-Sp-Sp-Sp-Sp-Sp-Sp-Sp-Sp-Sp-Sp-Sp-Sp-Sp,1,2,False,False
3915,Sh-Sh-Sh-Sh-Sh-Sh-Sh-Sh-Sh-Sh-Sh-F-F-F-F-F-F-F-F-F-F-F-Wt,1,2,False,False
3916,Sh-Sh-Sh-Sh-Sh-Sh-Sh-Sh-Sh-Sh-Sh-F-F-F-F-F-F-F-F-F-F-A-A,1,2,False,False
3917,Sh-Sh-Sh-Sh-Sh-Sh-Sh-Sh-Sh-Sh-Sh-A-A-A-A-A-A-A-A-U-U-U-U,1,2,False,False
3918,Sh-Sh-Sh-Sh-Sh-Sh-Sh-Sh-Sh-Sh-Sh-A-A-A-A-A-A-A-A-A-A-A-U,1,2,False,False
3919,Sh-Sh-Sh-Sh-Sh-Sh-Sh-Sh-Sh-Sh-G-G-G-G-G-G-F-F-F-F-F-F-F,1,2,False,False
3920,Sh-Sh-Sh-Sh-Sh-Sh-Sh-Sh-Sh-Sh-F-F-F-F-F-F-F-Sh-Sh-Sh-Sh-Sh-Sh,1,2,False,False
3921,F-F-Wt-Wt-Wt-Wt-Wt-Wt-Wt-Wt-F-F-F-F-F-F-F-F-F-F-F-Wt-Wt,1,3,False,False
3922,A-F-F-F-F-F-F-F-F-F-F-F-F-F-F-F-F-F-F-F-F-F-B,1,2,False,False
3923,A-F-F-F-F-F-F-F-F-F-F-F-F-F-F-F-F-F-F-F-A-A-A,1,2,False,False
3924,A-F-F-F-F-F-F-F-F-F-F-F-F-F-F-F-F-A-A-A-A-A-A,1,2,False,False
3925,B-B-U-U-U-U-U-U-U-U-U-U-U-U-U-U-U-U-U-U-U-U-U,1,1,False,False
3926,B-B-G-G-G-G-G-G-G-G-G-G-G-G-G-G-Sp-Sp-Sp-Sp-Sp-Sp-Sp,1,2,False,False
3927,F-F-G-G-G-G-G-G-G-G-G-G-G-G-G-G-G-G-G-G-G-G-Wa,1,2,False,False
3928,F-F-G-G-G-G-G-G-G-G-G-G-G-G-G-G-G-G-G-G-G-G-F,1,2,False,False
3929,F-F-G-G-G-G-G-G-G-G-G-G-G-G-G-G-G-G-F-F-F-F-F,1,2,False,False
3930,Sh-Sh-Sh-Sh-Sh-Sh-Sh-Sh-Sh-Sh-F-F-F-F-F-F-A-A-A-A-A-A-A,1,2,False,False
3931,Sh-Sh-Sh-Sh-Sh-Sh-Sh-Sh-Sh-Sh-A-A-A-A-A-A-A-U-U-U-U-U-U,1,2,False,False
3932,Sh-Sh-Sh-Sh-Sh-Sh-Sh-Sh-Sh-Sh-A-A-A-A-A-A-A-A-A-U-U-U-U,1,2,False,False
3933,Sh-Sh-Sh-Sh-Sh-Sh-Sh-Sh-Sh-Sh-A-A-A-A-A-A-A-A-A-A-A-U-U,1,2,False,False
3934,B-B-B-Sp-Sp-Sp-Sp-Sp-Sp-Sp-Sp-Sp-Sp-Sp-Sp-Sp-B-B-B-Sp-Sp-Sp-Sp,1,3,False,False
3935,B-B-B-Sp-Sp-Sp-Sp-Sp-Sp-Sp-Sp-Sp-Sp-Sp-Sp-Sp-Sp-B-B-B-B-B-B,1,2,False,False
3936,B-B-B-Sp-Sp-Sp-Sp-Sp-Sp-Sp-Sp-Sp-Sp-Sp-Sp-Sp-Sp-G-G-G-G-G-G,1,2,False,False
3937,B-B-B-Sp-Sp-Sp-Sp-Sp-Sp-Sp-Sp-Sp-Sp-Sp-Sp-Sp-G-G-G-G-G-G-G,1,2,False,False
3938,B-B-B-A-A-A-A-A-A-A-A-A-A-A-A-A-B-B-B-B-B-B-B,1,2,False,False
3939,B-B-Sp-Sp-Sp-Sp-Sp-Sp-Sp-Sp-Sp-Sp-Sp-Sp-Sp-Sp-Sp-Sp-G-G-G-G-G,1,2,False,False
3940,B-B-Sp-Sp-Sp-Sp-Sp-Sp-Sp-Sp-Sp-Sp-Sp-Sp-Sp-Sp-Sp-G-G-G-G-G-G,1,2,False,False
3941,A-F-F-F-F-F-F-F-F-F-F-F-F-F-F-F-F-F-F-F-F-Wt-Wt,1,2,False,False
3942,Sh-Sh-Sh-Sh-Sh-Sh-Sh-Sh-Sh-Sh-F-F-F-F-F-F-F-F-F-B-B-B-B,1,2,False,False
3943,Sh-Sh-Sh-Sh-Sh-Sh-Sh-Sh-Sh-Sh-F-F-F-F-F-F-F-F-F-F-F-Wt-Wt,1,2,False,False
3944,Sh-Sh-Sh-Sh-Sh-Sh-Sh-Sh-Sh-Sh-F-F-F-F-F-F-F-F-F-A-A-A-A,1,2,False,False
3945,Sh-Sh-Sh-Sh-Sh-Sh-Sh-Sh-Sh-Sh-F-F-F-F-F-F-F-A-A-A-A-A-A,1,2,False,False
3946,Sh-Sh-Sh-Sh-Sh-Sh-Sh-Sh-Sh-G-G-G-G-G-G-G-G-G-G-F-F-F-F,1,2,False,False
3947,Sh-Sh-Sh-Sh-Sh-Sh-Sh-Sh-Sh-G-F-F-F-F-F-F-F-F-F-F-F-F-F,1,2,False,False
3948,Sh-Sh-Sh-Sh-Sh-Sh-Sh-Sh-Sh-F-F-U-U-U-U-U-U-U-U-U-U-U-U,1,2,False,True
3949,Sh-Sh-Sh-Sh-Sh-Sh-Sh-Sh-Sh-F-F-F-F-F-F-F-F-U-U-U-U-U-U,1,2,False,False
3950,Sh-Sh-Sh-Sh-Sh-Sh-Sh-Sh-Sh-F-F-F-F-F-F-F-F-F-F-F-F-A-A,1,2,False,True
3951,F-F-Sh-Sh-Sh-Sh-Sh-Sh-A-A-A-A-A-A-A-A-A-A-A-F-F-F-F,1,3,False,True
3952,A-A-Wa-Wa-Wa-Wa-Wa-Wa-A-A-A-A-A-A-A-A-A-A-A-A-A-A-A,1,2,False,False
3953,A-A-Wa-Wa-Wa-Wa-A-A-A-A-A-A-A-A-A-A-A-A-A-A-A-A-A,1,2,False,False
3954,A-A-Sh-Sh-Sh-Sh-Sh-Sh-Sh-Sh-Sh-Sh-Sh-Sh-Sh-Sh-Sh-Sh-Sh-Sh-Sh-Sh-U,1,2,False,False
3955,A-A-Sh-Sh-Sh-Sh-Sh-Sh-Sh-Sh-Sh-Sh-Sh-Sh-Sh-Sh-Sh-Sh-Sh-Sh-Sh-U-U,1,2,False,False
3956,B-B-B-B-U-U-U-U-U-U-U-U-U-U-U-U-U-U-U-U-U-U-U,1,1,False,False
3957,B-B-B-B-G-G-G-G-G-G-G-G-G-G-G-G-Sp-Sp-Sp-Sp-Sp-Sp-Sp,1,2,False,False
3958,B-B-B-B-G-G-G-G-G-G-G-G-G-G-G-G-G-G-B-B-B-B-B,1,2,False,False
3959,B-B-B-B-G-G-G-G-G-G-G-G-G-G-G-G-G-G-G-G-G-G-B,1,2,False,False
3960,B-B-B-B-G-G-G-G-G-G-G-G-G-G-G-G-G-G-G-G-G-G-Sp,1,2,False,False
3961,F-F-Wt-Wt-Wt-Wt-Wt-Wt-Wt-Wt-Wt-Wt-Wt-Wt-Wt-Wt-Wt-Wt-Wt-Wt-Wt-Sh-Sh,1,2,False,False
3962,Sh-Sh-Sh-Sh-Sh-Sh-Sh-Sh-G-G-G-G-G-G-G-G-A-A-A-A-A-A-A,1,2,False,False
3963,Sh-Sh-Sh-Sh-Sh-Sh-Sh-Sh-F-F-F-F-F-F-F-F-F-Sh-Sh-Sh-Sh-Sh-Sh,1,2,False,False
3964,Sh-Sh-Sh-Sh-Sh-Sh-Sh-Sh-F-F-F-F-F-F-F-F-F-Sh-Sh-F-F-F-F,1,3,False,False
3965,Sh-Sh-Sh-Sh-Sh-Sh-Sh-Sh-F-F-F-F-F-F-F-F-F-F-G-G-G-G-G,1,2,False,False
3966,B-B-B-B-B-G-G-G-G-G-G-G-G-G-G-G-G-G-A-A-A-A-A,1,2,False,False
3967,B-B-B-B-B-F-F-F-F-F-F-F-F-F-F-F-F-F-F-F-F-F-F,1,1,False,False
3968,B-B-B-B-Sp-Sp-Sp-Sp-Sp-Sp-Sp-Sp-Sp-Sp-Sp-Sp-Sp-Sp-B-B-B-B-B,1,2,False,True
3969,B-B-B-B-Sp-Sp-Sp-Sp-Sp-Sp-Sp-Sp-Sp-Sp-Sp-Sp-Sp-Sp-Sp-Sp-Sp-Sp-A,1,2,False,False
3970,B-B-B-B-Sp-Sp-Sp-Sp-Sp-Sp-Sp-Sp-Sp-Sp-Sp-Sp-Sp-Sp-Sp-U-U-U-U,1,2,False,False
3971,B-B-B-B-Sp-Sp-Sp-Sp-Sp-Sp-Sp-Sp-Sp-Sp-Sp-Sp-Sp-G-G-G-G-G-G,1,2,False,False
3972,F-F-Sh-Sh-Sh-Sh-Sh-F-F-F-F-F-F-F-F-F-F-F-F-F-F-F-Wt,1,3,False,False
3973,F-F-Sh-Sh-Sh-Sh-F-F-F-F-F-F-F-F-F-F-F-F-F-Sh-Sh-Sh-Sh,1,3,False,False
3974,F-F-Sh-Sh-Sh-A-A-A-A-A-A-A-A-A-A-A-F-F-F-F-F-F-F,1,3,False,False
3975,Sh-Sh-Sh-Sh-Sh-Sh-Sh-Sh-Sh-F-F-F-F-F-F-F-A-A-A-A-A-A-A,1,2,False,False
3976,Sh-Sh-Sh-Sh-Sh-Sh-Sh-Sh-Sh-A-A-A-A-A-A-A-Wt-Wt-Wt-Wt-Wt-Wt-Wt,1,2,False,False
3977,Sh-Sh-Sh-Sh-Sh-Sh-Sh-Sh-Sh-G-G-G-G-G-G-G-G-G-G-G-F-F-F,1,2,False,False
3978,Sh-Sh-Sh-Sh-Sh-Sh-Sh-G-G-G-G-G-G-G-G-G-F-F-F-F-F-F-F,1,2,False,False
3979,Sh-Sh-Sh-Sh-Sh-Sh-Sh-Sh-F-F-F-F-F-F-F-F-F-F-F-A-A-A-A,1,2,False,False
3980,Sh-Sh-Sh-Sh-Sh-Sh-Sh-Sh-A-U-U-U-U-U-U-U-U-U-U-U-U-U-U,1,2,False,False
3981,Sh-Sh-Sh-Sh-Sh-Sh-Sh-Sh-A-A-A-U-U-U-U-U-U-U-U-U-U-U-U,1,2,False,False
3982,Sh-Sh-Sh-Sh-Sh-Sh-Sh-Sh-A-A-A-A-A-U-U-U-U-U-U-U-U-U-U,1,2,False,False
3983,Sh-Sh-Sh-Sh-Sh-Sh-Sh-G-G-G-G-G-G-G-G-G-G-U-U-U-U-U-U,1,2,False,False
3984,F-F-Sh-Sh-Sh-Sh-Sh-Sh-Sh-Sh-Sh-Sh-Sh-Sh-Sh-Sh-F-F-F-F-F-F-A,1,3,False,True
3985,F-F-Sh-Sh-Sh-Sh-Sh-Sh-Sh-Sh-Sh-Sh-Sh-G-G-G-G-G-G-G-G-G-G,1,2,False,True
3986,A-A-Sh-Sh-Sh-Sh-Sh-Sh-Sh-Sh-Sh-Sh-U-U-U-U-U-U-U-U-U-U-U,1,2,False,False
3987,A-A-Sh-Sh-Sh-Sh-Sh-A-A-A-A-A-A-A-A-A-A-A-A-A-A-A-A,1,2,False,False
3988,B-B-B-B-B-Sp-Sp-Sp-Sp-Sp-Sp-Sp-Sp-Sp-Sp-Sp-Sp-G-G-G-G-G-G,1,2,False,False
3989,B-B-B-B-B-G-G-G-G-G-G-G-G-G-G-G-Sp-Sp-Sp-Sp-Sp-Sp-Sp,1,2,False,False
3990,F-F-Sh-Sh-Sh-Sh-Sh-Sh-Sh-Sh-Sh-F-F-F-F-F-F-F-F-F-F-A-A,1,3,False,True
3991,F-F-Sh-Sh-Sh-Sh-Sh-Sh-A-A-A-A-A-A-A-A-F-F-F-F-F-F-F,1,3,False,False
3992,Sh-Sh-Sh-Sh-Sh-Sh-Sh-Sh-G-G-G-G-G-G-G-G-G-G-G-F-F-F-F,1,2,False,False
3993,Sh-Sh-Sh-Sh-Sh-Sh-Sh-Sh-G-G-G-G-G-G-G-G-G-F-F-F-F-F-F,1,2,False,True
3994,Sh-Sh-Sh-Sh-Sh-Sh-Sh-F-F-F-F-F-F-F-F-F-F-F-G-G-G-G-G,1,2,False,False
3995,Sh-Sh-Sh-Sh-Sh-Sh-Sh-F-F-F-F-F-F-F-F-F-F-F-F-Sh-A-A-A,1,3,False,False
3996,Sh-Sh-Sh-Sh-Sh-Sh-Sh-F-F-F-F-F-F-F-F-F-F-F-F-F-F-F-Wt,1,2,False,False
3997,Sh-Sh-Sh-Sh-Sh-Sh-Sh-A-A-A-F-F-F-F-F-F-F-F-F-F-F-F-F,1,2,False,False
3998,Sh-Sh-Sh-Sh-Sh-Sh-Sh-A-A-A-A-A-A-A-U-U-U-U-U-U-U-U-U,1,2,False,False
3999,B-B-B-B-B-B-Sp-Sp-Sp-Sp-Sp-Sp-Sp-Sp-Sp-Sp-Sp-Sp-B-B-B-Sp-Sp,1,3,False,False
4000,B-B-B-B-B-B-Sp-Sp-Sp-Sp-Sp-Sp-Sp-Sp-Sp-Sp-Sp-Sp-B-B-Sp-Sp-Sp,1,3,False,False
4001,B-B-B-B-B-Sp-Sp-Sp-Sp-Sp-Sp-Sp-Sp-Sp-Sp-Sp-B-B-B-Sp-Sp-Sp-Sp,1,3,False,False
4002,B-B-B-B-B-Sp-Sp-Sp-Sp-Sp-Sp-Sp-Sp-Sp-Sp-Sp-Sp-Sp-Sp-Sp-G-G-G,1,2,False,False
4003,A-A-Sh-Sh-Sh-Sh-Sh-Sh-Sh-Sh-Sh-Sh-Sh-Sh-Sh-Sh-Sh-Sh-A-A-A-A-A,1,2,False,False
4004,F-F-B-B-B-B-B-B-B-B-B-B-B-B-B-B-B-B-B-B-B-Sp-Sp,1,2,False,False
4005,F-F-B-B-B-B-B-B-B-B-B-B-B-B-B-B-B-B-B-B-Sp-Sp-Sp,1,2,False,False
4006,F-F-B-B-B-B-B-B-B-B-B-B-B-B-B-B-B-B-B-B-F-F-F,1,2,False,False
4007,F-F-Sh-Sh-Sh-Sh-Sh-Sh-Sh-Sh-Sh-Sh-Sh-Sh-Sh-Sh-Sh-Sh-Sh-Sh-Sh-A-A,1,2,False,False
4008,Sh-Sh-Sh-Sh-Sh-Sh-Sh-G-G-G-G-G-G-G-G-G-G-G-G-G-G-F-F,1,2,False,True
4009,Sh-Sh-Sh-Sh-Sh-Sh-Sh-G-G-G-G-G-G-G-G-G-G-G-G-F-F-F-F,1,2,False,False
4010,Sh-Sh-Sh-Sh-Sh-Sh-Sh-A-A-A-A-A-A-A-A-U-U-U-U-U-U-U-U,1,2,False,False
4011,Sh-Sh-Sh-Sh-Sh-Sh-Sh-A-A-A-A-A-A-A-A-A-A-A-A-Sh-Sh-Sh-Sh,1,2,False,False
4012,Sh-Sh-Sh-Sh-Sh-Sh-Sh-A-A-A-A-A-A-A-A-A-A-A-A-A-A-A-U,1,2,False,False
4013,Sh-Sh-Sh-Sh-Sh-Sh-G-G-G-G-G-G-G-G-G-G-Wt-Wt-Wt-Wt-Wt-Wt-Wt,1,2,False,False
4014,F-G-G-G-G-G-G-G-G-G-G-G-G-G-G-G-G-G-G-G-G-G-F,1,2,False,False
4015,F-G-G-G-G-G-G-G-G-G-G-G-G-G-G-G-G-G-G-G-F-F-F,1,2,False,False
4016,A-A-F-F-F-F-F-Sh-Sh-Sh-Sh-Sh-Sh-Sh-Sh-Sh-Sh-Sh-Sh-Sh-Sh-Sh-Sh,1,2,False,False
4017,A-A-F-F-F-F-F-F-F-F-F-U-U-U-U-U-U-U-U-U-U-U-U,1,2,False,False
4018,A-A-F-F-F-F-F-F-F-F-F-F-F-F-F-F-Wt-Wt-Wt-Wt-Wt-Wt-Wt,1,2,False,False
4019,A-A-F-F-F-F-F-F-F-F-F-F-F-F-F-F-F-F-F-G-G-G-G,1,2,False,False
4020,B-B-B-B-B-B-B-Sp-Sp-Sp-Sp-Sp-Sp-Sp-Sp-Sp-Sp-Sp-Sp-Sp-G-G-G,1,2,False,False
4021,B-B-B-B-B-B-B-Sp-Sp-Sp-Sp-Sp-Sp-Sp-Sp-Sp-Sp-G-G-G-G-G-G,1,2,False,False
4022,B-B-B-B-B-B-B-G-G-G-G-G-G-G-G-G-G-G-G-G-G-B-B,1,2,False,False
4023,B-B-B-B-B-B-B-G-G-G-G-G-G-G-A-A-A-A-A-A-A-A-A,1,2,False,False
4024,Sh-Sh-Sh-Sh-Sh-Sh-Sh-F-F-F-F-F-F-F-F-F-F-G-G-G-G-G-G,1,2,False,False
4025,Sh-Sh-Sh-Sh-Sh-Sh-Sh-F-F-F-F-F-F-F-F-F-F-F-Wt-Wt-Wt-Wt-Wt,1,2,False,False
4026,F-G-G-G-G-G-G-G-G-G-G-G-G-G-G-G-Wt-Wt-Wt-Wt-Wt-Wt-Wt,1,2,False,False
4027,Sh-Sh-Sh-Sh-Sh-Sh-A-A-A-A-A-A-A-A-U-U-U-U-U-U-U-U-U,1,2,False,False
4028,A-A-F-F-F-F-F-F-A-A-A-A-A-A-A-A-A-A-A-A-A-A-A,1,2,False,False
4029,A-A-A-Wa-Wa-Wa-Wa-Wa-Wa-Wa-Wa-Sh-Sh-Sh-Sh-Sh-Sh-Sh-Sh-Sh-Sh-Sh-Sh,1,2,False,False
4030,A-A-A-Wa-Wa-Wa-Wa-Wa-Wa-Wa-Wa-G-G-G-G-G-G-G-G-G-G-G-G,1,2,False,False
4031,B-B-B-B-B-B-B-B-G-G-G-G-G-G-G-G-G-G-G-G-A-A-A,1,2,False,False
4032,B-B-B-B-B-B-B-Sp-Sp-Sp-Sp-Sp-Sp-Sp-Sp-Sp-Sp-Sp-Sp-Sp-Sp-Sp-G,1,2,False,False
4033,F-G-G-G-G-G-G-G-G-G-G-G-G-F-F-F-F-F-F-F-F-F-F,1,2,False,False
4034,F-G-G-G-G-G-G-G-G-G-G-F-F-F-F-F-F-F-F-F-F-F-F,1,2,False,True
4035,F-G-G-G-G-G-G-G-A-A-A-A-A-A-A-A-A-A-A-A-A-A-A,1,2,False,False
4036,Sh-Sh-Sh-Sh-Sh-Sh-G-G-G-G-G-G-G-G-G-G-G-G-G-G-F-F-F,1,2,False,False
4037,Sh-Sh-Sh-Sh-Sh-Sh-F-F-F-F-F-F-F-F-F-F-Sp-Sp-Sp-Sp-Sp-Sp-Sp,1,2,False,False
4038,Sh-Sh-Sh-Sh-Sh-Sh-F-F-F-F-F-F-F-F-F-F-G-G-G-G-G-G-G,1,2,False,False
4039,Sh-Sh-Sh-Sh-Sh-Sh-F-F-F-F-F-F-F-F-F-F-F-G-G-G-G-G-G,1,2,False,False
4040,Sh-Sh-Sh-Sh-Sh-Sh-F-F-F-F-F-F-F-F-F-F-F-F-F-F-F-F-B,1,2,False,False
4041,F-Wt-Wt-G-G-G-G-G-G-G-G-G-G-G-G-G-G-G-G-G-G-G-G,1,2,False,False
4042,Sh-Sh-Sh-Sh-Sh-F-F-F-F-F-F-F-F-F-F-F-F-F-F-F-G-G-G,1,2,False,False
4043,Sh-Sh-Sh-Sh-Sh-F-F-F-F-F-F-F-F-F-F-F-F-F-F-F-F-G-G,1,2,False,False
4044,F-Sh-Sh-Sh-Sh-Sh-Sh-Sh-Sh-Sh-G-G-G-G-G-G-G-G-G-G-G-G-G,1,2,False,False
4045,A-A-A-Sh-Sh-Sh-Sh-Sh-Sh-Sh-F-F-F-F-F-F-F-F-F-F-F-F-F,1,2,False,False
4046,B-B-B-B-B-B-B-B-B-G-G-G-G-G-G-G-G-G-G-G-G-A-A,1,2,False,False
4047,B-B-B-B-B-B-B-B-B-G-G-G-G-G-G-G-G-G-G-G-A-A-A,1,2,False,False
4048,B-B-B-B-B-B-B-B-Sp-Sp-Sp-Sp-Sp-Sp-Sp-Sp-B-B-B-Sp-Sp-Sp-Sp,1,3,False,False
4049,B-B-B-B-B-B-B-B-Sp-Sp-Sp-Sp-Sp-Sp-Sp-Sp-Sp-Sp-Sp-B-B-B-B,1,2,False,False
4050,F-Wt-Wt-Wt-Wt-Wt-Wt-Wt-Wt-Wt-Wt-Wt-Wt-Wt-F-F-F-F-F-F-Sh-Sh-Sh,1,3,False,False
4051,Sh-Sh-Sh-Sh-Sh-Sh-A-A-A-A-A-A-A-A-A-A-A-Wa-Wa-Wa-Wa-Wa-Wa,1,2,False,False
4052,Sh-Sh-Sh-Sh-Sh-Sh-A-A-A-A-A-A-A-A-A-A-A-A-A-A-A-U-U,1,2,False,False
4053,Sh-Sh-Sh-Sh-Sh-Sh-A-A-A-A-A-A-A-A-A-A-A-A-A-A-A-A-U,1,2,False,False
4054,Sh-Sh-Sh-Sh-Sh-G-G-G-G-G-G-G-G-G-G-G-Sh-Sh-Sh-Sh-Sh-Sh-Sh,1,2,False,False
4055,F-Wt-Wt-Wt-Wt-Wt-Wt-Wt-Wa-Wa-Wa-Wa-Wa-Wa-Wa-Wa-Wa-Wa-Wa-Wa-Wa-Wa-Wa,1,2,False,False
4056,F-Wt-Wt-Wt-Wt-Wt-Wt-Wt-Wt-Wt-Wt-Wt-Sh-Sh-Sh-Sh-Sh-Sh-Sh-Sh-Sh-Sh-Sh,1,2,False,True
4057,F-G-G-G-G-G-G-G-G-G-Sh-Sh-Sh-Sh-Sh-Sh-Sh-Sh-Sh-Sh-Sh-Sh-Sh,1,2,False,False
4058,Sh-Sh-Sh-Sh-Sh-A-A-A-A-A-A-A-A-A-A-A-A-F-F-F-F-F-F,1,2,False,True
4059,F-Sh-Sh-Sh-Sh-Sh-Sh-Sh-Sh-Sh-Sh-Sh-Sh-Sh-Sh-Sh-F-F-F-F-A-A-A,1,3,False,False
4060,F-Sh-Sh-Sh-Sh-Sh-Sh-Sh-Sh-Sh-Sh-Sh-Sh-Sh-U-U-U-U-U-U-U-U-U,1,2,False,False
4061,F-Sh-Sh-Sh-Sh-Sh-Sh-Sh-Sh-Sh-Sh-Sh-Sh-F-F-F-F-F-F-F-F-F-Wt,1,3,False,False
4062,F-Sh-Sh-Sh-Sh-Sh-Sh-Sh-Sh-Sh-Sh-Sh-Sh-A-A-A-F-F-F-F-F-F-F,1,3,False,True
4063,B-B-B-B-B-B-B-B-B-B-G-G-G-G-G-G-B-B-B-B-B-B-B,1,2,False,False
4064,B-B-B-B-B-B-B-B-B-B-F-F-F-F-F-F-F-F-G-G-G-G-G,1,2,False,False
4065,B-B-B-B-B-B-B-B-B-Sp-Sp-Sp-Sp-Sp-Wa-Wa-Wa-Wa-Wa-Wa-Wa-Wa-Wa,1,2,False,False
4066,B-B-B-B-B-B-B-B-B-Sp-Sp-Sp-Sp-Sp-Sp-Sp-Sp-B-B-B-B-B-B,1,2,False,False
4067,B-B-B-B-B-B-B-B-B-Sp-Sp-Sp-Sp-Sp-Sp-Sp-Sp-Sp-B-B-B-B-B,1,2,False,False
4068,A-A-A-Sh-Sh-Sh-Sh-Sh-Sh-Sh-Sh-Sh-Sh-Sh-Sh-Sh-Sh-Sh-Sp-Sp-Sp-Sp-Sp,1,2,False,False
4069,A-A-A-Sh-Sh-Sh-Sh-Sh-Sh-Sh-Sh-Sh-Sh-Sh-Sh-Sh-Sh-Sh-A-A-A-A-A,1,2,False,False
4070,F-Sh-Sh-Sh-Sh-A-A-A-A-A-A-A-U-U-U-U-U-U-U-U-U-U-U,1,3,False,False
4071,F-Sh-Sh-Sh-Sh-A-A-A-A-A-A-A-A-A-U-U-U-U-U-U-U-U-U,1,3,False,False
4072,F-Sh-Sh-Sh-Sh-A-A-A-A-A-A-A-A-A-A-A-A-U-U-U-U-U-U,1,3,False,False
4073,F-Sh-Sh-A-A-A-A-A-A-A-A-A-A-A-F-F-F-F-F-F-F-F-F,1,3,False,False
4074,Sh-Sh-Sh-Sh-F-F-F-F-F-F-F-F-F-F-F-F-F-F-F-A-Sh-Sh-Sh,1,3,False,False
4075,F-Wa-Wa-Wa-Wa-Wa-Wa-Wa-Wa-Sp-Sp-Sp-Sp-Sp-Sp-Sp-Sp-Sp-Sp-Sp-Sp-Sp-Sp,1,2,False,False
4076,F-Wa-Wa-Wa-Wa-Wa-Wa-Wa-Wa-Sh-Sh-Sh-Sh-Sh-Sh-Sh-Sh-Sh-Sh-Sh-Sh-Sh-Sh,1,2,False,False
4077,A-A-A-F-F-F-F-F-F-F-F-F-F-F-F-F-F-F-G-G-G-G-G,1,2,False,False
4078,A-A-A-F-F-F-F-F-F-F-F-F-F-F-F-F-F-F-F-F-F-Sh-Sh,1,2,False,False
4079,A-A-A-F-F-F-F-F-F-F-F-F-F-F-F-F-F-F-F-F-F-F-Wt,1,2,False,False
4080,B-B-B-B-B-B-B-B-B-B-B-G-G-G-G-G-G-G-B-B-B-B-B,1,2,False,False
4081,B-B-B-B-B-B-B-B-B-B-Sp-Sp-Sp-Sp-Sp-Sp-B-B-B-B-B-B-B,1,2,False,False
4082,B-B-B-B-B-B-B-B-B-B-Sp-Sp-Sp-Sp-Sp-Sp-Sp-Sp-Sp-Sp-Sp-G-G,1,2,False,False
4083,F-Sp-Sp-Sp-Sp-Sp-Sp-Sp-Sp-Sp-Sp-Sp-Sp-Sp-Sp-Sp-Sp-Sp-G-G-G-G-G,1,2,False,False
4084,F-Sh-Sh-Sh-Sh-Sh-Sh-Sh-Sh-Sh-Sh-Sp-Sp-Sp-Sp-Sp-Sp-Sp-Sp-Sp-Sp-Sp-Sp,1,2,False,False
4085,F-Sh-Sh-Sh-Sh-Sh-Sh-Sh-Sh-Sh-Sh-Sh-U-U-U-U-U-U-U-U-U-U-U,1,2,False,False
4086,F-Sh-Sh-Sh-Sh-Sh-Sh-Sh-Sh-Sh-Sh-Sh-A-A-A-A-A-A-A-A-A-A-F,1,3,False,True
4087,Sh-Sh-Sh-Sh-F-F-F-F-U-U-U-U-U-U-U-U-U-U-U-U-U-U-U,1,2,False,False
4088,Sh-Sh-Sh-Sh-F-F-F-F-F-F-F-F-F-U-U-U-U-U-U-U-U-U-U,1,2,False,False
4089,Sh-Sh-Sh-Sh-F-F-F-F-F-F-F-F-F-F-Sh-Sh-Sh-Sh-Sh-F-F-F-F,1,3,False,False
4090,F-Wa-Wa-Wa-Wa-Wa-Sp-Sp-Sp-Sp-Sp-Sp-Sp-Sp-Sp-Sp-Sp-Sp-Sp-Sp-Sp-Sp-Sp,1,2,False,False
4091,Sh-Sh-Sh-Sh-F-F-F-F-F-F-F-F-F-F-A-A-A-A-A-F-F-F-F,1,3,False,False
4092,Sh-Sh-Sh-Sh-A-A-A-A-A-A-A-A-A-A-A-A-A-A-Wa-Wa-Wa-Wa-Wa,1,2,False,False
4093,B-B-B-B-B-B-B-B-B-B-B-B-G-G-G-G-G-B-B-B-B-B-B,1,2,False,True
4094,B-B-B-B-B-B-B-B-B-B-B-B-G-G-G-G-G-G-G-G-G-G-A,1,2,False,False
4095,B-B-B-B-B-B-B-B-B-B-B-B-F-F-F-F-F-F-A-A-A-A-A,1,2,False,False
4096,B-B-B-B-B-B-B-B-B-B-B-Sp-Sp-Sp-Sp-Sp-Sp-B-B-B-B-Sp-Sp,1,3,False,False
4097,B-B-B-B-B-B-B-B-B-B-B-Sp-Sp-Sp-Sp-Sp-Sp-B-B-B-Sp-Sp-Sp,1,3,False,False
4098,B-B-B-B-B-B-B-B-B-B-B-Sp-Sp-Sp-Sp-Sp-Sp-Sp-B-B-B-B-B,1,2,False,False
4099,B-B-B-B-B-B-B-B-B-B-B-Sp-Sp-Sp-Sp-Sp-Sp-Sp-Sp-B-B-B-B,1,2,False,False
4100,A-A-A-Sh-Sh-Sh-Sh-F-F-F-F-F-F-F-F-F-F-F-F-F-F-F-F,1,2,False,False
4101,A-A-A-Wt-Wt-Wt-Wt-Wt-Wt-Wt-Wt-Wt-Wt-Wt-Wt-Wt-Wt-Wt-Wt-F-F-F-F,1,2,False,False
4102,Sh-Sh-Sh-Sh-F-F-F-F-F-F-F-F-F-F-F-F-F-F-Sh-Sh-F-F-F,1,3,False,False
4103,Sh-Sh-Sh-Sh-F-F-F-F-F-F-F-F-F-F-F-F-F-F-F-G-Sh-Sh-Sh,1,3,False,False
4104,Sh-Sh-Sh-Sh-F-F-F-F-F-F-F-F-F-F-F-F-F-F-F-F-Wt-Wt-Wt,1,2,False,False
4105,Sh-Sh-Sh-Sh-F-F-F-F-F-F-F-F-F-F-F-F-F-F-F-F-F-F-U,1,2,False,False
4106,G-G-F-F-F-F-F-F-Sh-Sh-Sh-Sh-Sh-Sh-Sh-Sh-Sh-Sh-Sh-Sh-Sh-Sh-Sh,1,2,False,False
4107,G-G-F-F-F-F-F-F-F-F-F-F-F-F-Sp-Sp-Sp-Sp-Sp-Sp-Sp-Sp-Sp,1,2,False,False
4108,A-A-A-A-B-B-B-B-B-B-B-B-B-B-B-B-B-B-B-G-G-G-G,1,2,False,False
4109,A-A-A-A-Sh-Sh-Sh-Sh-Sh-Sh-Sh-Sh-Sh-Sh-Sh-Sh-Sh-Sh-Sh-Sp-Sp-Sp-Sp,1,2,False,False
4110,A-A-A-A-Sh-Sh-Sh-Sh-Sh-Sh-Sh-Sh-Sh-Sh-Sh-Sh-Sh-Sh-Sh-Sh-F-F-F,1,2,False,False
4111,A-A-A-A-Sh-Sh-Sh-Sh-Sh-Sh-Sh-Sh-Sh-Sh-Sh-Sh-Sh-G-G-G-G-G-G,1,2,False,False
4112,A-A-A-A-Sh-Sh-Sh-Sh-Sh-Sh-Sh-Sh-Sh-Sh-Sh-Sh-Sh-A-A-A-A-A-A,1,2,False,False
4113,B-B-B-B-B-B-B-B-B-B-B-B-Sp-Sp-Sp-Sp-B-B-B-B-B-B-B,1,2,False,False
4114,G-G-A-A-A-A-A-A-A-A-A-A-A-G-G-G-G-G-G-G-G-G-G,1,2,False,False
4115,G-F-F-F-F-F-F-F-F-F-F-F-F-F-F-F-F-F-G-G-G-G-G,1,2,False,False
4116,G-F-F-F-F-F-F-F-F-F-F-F-F-F-F-F-F-F-F-F-F-F-A,1,2,False,False
4117,G-A-A-A-A-A-A-A-A-A-A-A-A-G-G-G-G-G-G-G-G-G-G,1,2,False,False
4118,G-A-A-A-A-A-A-A-A-A-A-A-A-A-A-A-A-A-A-F-F-F-F,1,2,False,False
4119,G-A-A-A-A-A-A-A-A-A-A-A-A-A-A-A-A-A-A-A-A-U-U,1,2,False,False
4120,F-Wa-Wa-Wa-Wa-Wa-Wa-Wa-Wa-A-A-A-A-A-A-A-A-A-A-A-A-A-A,1,2,False,False
4121,F-Wa-Wa-Wa-Wa-Wa-Wa-G-G-G-G-G-G-G-G-G-G-G-G-G-G-G-G,1,2,False,False
4122,G-G-F-F-F-F-F-F-F-F-F-F-F-F-F-F-F-F-F-G-G-G-G,1,2,False,False
4123,G-G-F-F-F-F-F-F-F-F-F-F-F-F-A-A-A-A-A-A-A-A-A,1,2,False,False
4124,G-G-F-F-F-F-F-F-A-A-A-A-A-A-A-A-A-A-A-A-A-A-A,1,2,False,False
4125,Sh-Sh-Sh-F-F-F-F-F-F-F-F-A-A-A-A-A-A-A-A-A-A-A-A,1,2,False,False
4126,A-A-A-A-F-F-F-F-F-F-F-U-U-U-U-U-U-U-U-U-U-U-U,1,2,False,False
4127,B-B-B-B-B-B-B-B-B-B-B-B-B-B-F-F-F-F-G-G-G-G-G,1,2,False,False
4128,B-B-B-B-B-B-B-B-B-B-B-B-B-Sp-Sp-Sp-Sp-B-B-B-B-B-B,1,2,False,False
4129,B-B-B-B-B-B-B-B-B-B-B-B-B-Sp-Sp-Sp-Sp-B-B-Sp-Sp-Sp-Sp,1,3,False,False
4130,A-A-A-F-F-F-F-F-F-F-F-F-F-F-F-F-F-F-A-A-A-A-A,1,2,False,False
4131,Sh-Sh-Sh-F-F-F-F-F-F-F-F-F-Sh-Sh-Sh-Sh-Sh-Sh-Sh-Sh-Sh-Sh-Sh,1,2,False,False
4132,Sh-Sh-Sh-F-F-F-F-F-F-F-F-F-F-F-F-F-Sh-Sh-Sh-Sh-Sh-U-U,1,3,False,False
4133,Sh-Sh-Sh-F-F-F-F-F-F-F-F-F-F-F-F-F-G-G-G-G-G-G-G,1,2,False,False
4134,Sh-Sh-Sh-F-F-F-F-F-F-F-F-F-F-F-F-F-F-F-F-Sp-Sp-Sp-Sp,1,2,False,False
4135,Sh-Sh-Sh-F-F-F-F-F-F-F-F-F-F-F-F-F-F-F-F-G-G-G-G,1,2,False,False
4136,Sh-Sh-Sh-F-F-F-F-F-F-F-F-F-F-F-F-F-F-F-F-F-F-F-U,1,2,False,False
4137,G-G-G-F-F-F-F-F-F-F-F-F-F-F-F-F-F-F-Sh-Sh-Sh-Sh-Sh,1,2,False,False
4138,G-G-G-G-F-F-F-F-F-F-F-F-F-F-F-F-F-F-F-G-G-G-G,1,2,False,False
4139,G-G-G-G-F-F-F-F-F-F-F-F-F-F-F-F-F-F-F-F-F-F-G,1,2,False,False
4140,G-G-G-G-F-F-F-F-F-F-F-F-F-F-F-F-F-F-A-A-A-A-A,1,2,False,False
4141,Sh-Sh-Sh-A-A-A-A-A-A-A-A-A-A-A-A-A-Sh-Sh-Sh-F-F-F-F,1,3,False,False
4142,Sh-Sh-Sh-A-A-A-A-A-A-A-A-A-A-A-A-A-A-A-Wt-Wt-Wt-Wt-F,1,3,False,True
4143,B-B-B-B-B-B-B-B-B-B-B-B-B-B-B-B-G-G-G-G-G-B-B,1,2,False,False
4144,B-B-B-B-B-B-B-B-B-B-B-B-B-B-B-B-G-G-G-G-G-A-A,1,2,False,False
4145,B-B-B-B-B-B-B-B-B-B-B-B-B-B-B-B-F-F-A-A-A-A-A,1,2,False,False
4146,B-B-B-B-B-B-B-B-B-B-B-B-B-B-Sp-Sp-Sp-Sp-Sp-B-B-B-B,1,2,False,False
4147,B-B-B-B-B-B-B-B-B-B-B-B-B-B-Sp-Sp-Sp-Sp-Sp-A-A-A-A,1,2,False,False
4148,B-B-B-B-B-B-B-B-B-B-B-B-B-B-G-G-Sh-Sh-Sh-Sh-Sh-Sh-Sh,1,2,False,False
4149,A-A-A-A-Sh-Sh-Sh-Sh-Sh-Sh-Sh-Sh-Sh-Sh-Sh-Sh-A-A-A-A-A-A-A,1,2,False,False
4150,A-A-A-A-G-G-G-G-G-B-B-B-B-B-B-B-B-B-B-B-B-B-B,1,2,False,False
4151,A-A-A-A-G-G-G-G-G-Sp-Sp-Sp-Sp-Sp-Sp-Sp-Sp-Sp-Sp-Sp-Sp-Sp-Sp,1,2,False,False
4152,A-A-A-A-G-G-G-G-G-G-G-G-G-G-G-G-G-G-G-A-A-A-A,1,2,False,False
4153,G-G-F-F-F-F-F-F-F-F-F-F-F-F-F-F-F-F-F-Sp-Sp-Sp-Sp,1,2,False,False
4154,G-G-G-G-G-G-F-F-F-F-F-F-F-F-F-F-F-F-F-G-G-G-G,1,2,False,False
4155,Sh-Sh-F-F-F-F-F-F-F-F-F-F-F-F-Wt-Wt-Wt-Wt-Wt-Wt-Wt-Wt-Wt,1,2,False,False
4156,Sh-Sh-F-F-F-F-F-F-F-F-F-F-F-F-F-F-F-F-Wt-Wt-Wt-Wt-Wt,1,2,False,False
4157,Sh-Sh-F-F-F-F-F-F-F-F-F-F-F-F-F-F-F-F-F-G-G-G-G,1,2,False,False
4158,A-A-A-A-F-F-F-F-F-F-F-F-F-F-F-F-F-F-Sh-F-F-F-F,1,3,False,False
4159,A-A-A-A-F-F-F-F-F-F-F-F-F-F-F-F-F-F-F-Sh-A-A-A,1,3,False,False
4160,B-B-B-B-B-B-B-B-B-B-B-B-B-B-B-B-B-Sp-G-G-G-G-G,1,2,False,False
4161,B-B-B-B-B-B-B-B-B-B-B-B-B-B-B-B-B-G-G-G-G-A-A,1,2,False,False
4162,Sh-Sh-Sh-A-A-A-A-A-A-A-A-A-A-A-A-A-A-A-A-A-A-A-U,1,2,False,True
4163,Sh-Sh-G-G-G-G-G-G-G-G-G-G-G-G-G-G-Sh-Sh-Sh-Sh-Sh-Sh-Sh,1,2,False,True
4164,Sh-Sh-G-G-G-G-G-G-G-G-F-F-F-F-F-F-F-F-F-F-F-F-F,1,2,False,True
4165,Sh-Sh-F-F-F-F-F-F-Sh-Sh-Sh-Sh-Sh-Sh-Sh-Sh-Sh-Sh-Sh-Sh-Sh-Sh-Sh,1,2,False,False
4166,Sh-Sh-F-F-F-F-F-F-U-U-U-U-U-U-U-U-U-U-U-U-U-U-U,1,2,False,False
4167,G-G-G-G-G-G-G-F-F-F-F-F-F-F-F-F-Sh-Sh-Sh-Sh-Sh-Sh-Sh,1,2,False,False
4168,G-G-G-G-G-G-G-F-F-F-F-F-F-F-F-F-F-Sh-Sh-Sh-Sh-Sh-Sh,1,2,False,False
4169,G-G-G-G-G-F-F-F-F-F-F-F-F-F-F-F-F-F-A-A-A-A-A,1,2,False,False
4170,G-G-G-G-G-G-G-G-G-F-F-F-F-F-F-F-F-F-A-A-A-A-A,1,2,False,False
4171,Sh-Sh-F-F-F-F-F-F-F-F-F-F-F-F-F-F-F-F-F-F-F-A-A,1,2,False,False
4172,G-G-G-G-G-G-G-G-G-G-G-G-G-G-G-G-F-F-F-F-F-F-Sh,1,2,False,True
4173,A-A-A-A-A-F-F-F-F-F-F-F-F-F-F-F-F-Wt-Wt-Wt-Wt-Wt-Wt,1,2,False,True
4174,A-A-A-A-A-F-F-F-F-F-F-F-F-F-F-F-F-F-Sh-Sh-Sh-Sh-Sh,1,2,False,True
4175,B-B-B-B-B-B-B-B-B-B-B-B-B-B-B-B-B-B-B-G-G-A-A,1,2,False,False
4176,B-B-B-B-B-B-B-B-B-B-B-B-B-B-B-B-B-B-Sp-Sp-Sp-B-B,1,2,False,False
4177,B-B-B-B-B-B-B-B-B-B-B-B-B-B-B-B-B-B-Sp-Sp-Sp-Sp-B,1,2,False,False
4178,B-B-B-B-B-B-B-B-B-B-B-B-B-B-B-B-B-B-Sh-Sh-Sh-Sh-Sh,1,1,False,False
4179,B-B-B-B-B-B-B-B-B-B-B-B-B-B-B-B-B-B-G-G-G-B-B,1,2,False,False
4180,A-A-A-A-A-B-B-B-B-B-B-B-B-B-B-B-B-B-B-B-B-B-B,1,1,False,False
4181,A-A-A-A-A-Sh-Sh-Sh-Sh-Sh-Sh-Sh-Sh-Sh-Sh-Sh-Sh-Sh-Sh-Sh-Sh-F-F,1,2,False,False
4182,A-A-A-A-F-F-F-F-F-F-F-F-F-F-F-F-G-G-G-G-G-G-G,1,2,False,False
4183,A-A-A-A-F-F-F-F-F-F-F-F-F-F-F-F-F-F-Sp-Sp-Sp-Sp-Sp,1,2,False,False
4184,G-G-G-G-G-G-G-F-F-F-F-F-F-F-F-F-F-F-A-A-A-A-A,1,2,False,False
4185,G-G-G-G-G-G-F-F-F-F-F-F-F-F-Wa-Wa-Wa-Wa-Wa-Wa-Wa-Wa-Wa,1,2,False,False
4186,G-G-G-G-G-G-G-G-G-G-G-G-G-G-G-G-F-F-F-F-F-A-A,1,2,False,False
4187,G-G-G-G-G-G-G-G-G-G-G-G-G-G-F-F-F-G-G-G-G-G-G,1,2,False,False
4188,G-G-G-G-G-G-G-G-G-G-G-G-F-F-F-F-F-F-F-G-G-G-G,1,2,False,False
4189,Sh-Sh-A-A-A-A-A-A-A-A-A-A-A-U-U-U-U-U-U-U-U-U-U,1,2,False,False
4190,Sh-Sh-A-A-A-A-A-A-A-A-A-A-A-A-A-A-A-Sh-Sh-Sh-Sh-Sh-Sh,1,2,False,False
4191,Sh-Sh-A-A-A-A-A-A-A-A-A-A-A-A-A-A-A-A-A-Sh-Sh-Sh-Sh,1,2,False,False
4192,G-G-G-G-G-G-G-G-G-G-G-G-G-G-G-G-G-G-G-G-F-A-A,1,2,False,False
4193,B-B-B-B-B-B-B-B-B-B-B-B-B-B-B-B-B-B-B-G-G-G-Sp,1,2,False,False
4194,A-A-A-A-A-Sh-Sh-Sh-Sh-Sh-Sh-Sh-Sh-Sh-Sh-Sh-Sh-Sh-A-A-A-A-A,1,2,False,False
4195,A-A-A-A-A-Sh-Sh-Sh-Sh-Sh-Sh-Sh-Sh-Sh-Sh-Sh-Sh-F-F-F-F-F-F,1,2,False,False
4196,A-A-A-A-A-F-F-F-F-F-F-F-F-F-F-F-Sh-Sh-Sh-Sh-Sh-Sh-Sh,1,2,False,False
4197,A-A-A-A-A-F-F-F-F-F-F-F-F-F-F-F-Wt-Wt-Wt-Wt-Wt-Wt-Wt,1,2,False,True
4198,G-G-G-G-G-G-G-G-G-G-G-F-F-F-F-F-F-F-F-F-F-A-A,1,2,False,False
4199,G-G-G-G-G-G-G-G-G-G-F-F-F-F-F-F-F-Sh-Sh-Sh-Sh-Sh-Sh,1,2,False,False
4200,G-G-G-G-G-G-G-G-G-G-F-F-F-F-F-F-F-F-B-B-B-B-B,1,2,False,False
4201,G-G-G-G-G-G-G-G-G-G-F-F-F-F-F-F-F-F-G-G-G-G-G,1,2,False,False
4202,B-B-Wa-Wa-Wa-Wa-Wa-Wa-Wa-Wa-Wa-Wa-Wa-Wa-G-G-G-G-G-G-G-G-G,1,2,False,False
4203,B-B-Wa-Wa-Wa-Wa-Wa-Wa-Wa-Wa-Wa-Wa-Wa-F-F-F-F-F-F-F-F-F-F,1,2,False,False
4204,A-A-A-A-A-F-F-F-F-F-F-F-F-F-F-F-F-F-F-Sp-Sp-Sp-Sp,1,2,False,False
4205,A-A-A-A-A-F-F-F-F-F-F-F-F-F-F-F-F-F-F-G-G-G-G,1,2,False,False
4206,A-A-A-A-A-F-F-F-F-F-F-F-F-F-F-F-F-F-F-F-Wt-Wt-Wt,1,2,False,False
4207,A-A-A-A-A-F-F-F-F-F-F-F-F-F-F-F-F-F-F-F-G-G-G,1,2,False,False
4208,A-A-A-A-A-F-F-F-F-F-F-F-F-F-F-F-F-F-F-F-F-F-G,1,2,False,False
4209,A-A-A-A-A-F-F-F-F-F-F-F-F-F-F-F-F-F-F-F-F-F-A,1,2,False,False
4210,A-A-A-A-A-F-F-F-F-F-F-F-F-F-F-F-F-F-F-F-F-A-A,1,2,False,False
4211,B-B-B-Wa-Wa-Wa-Wa-Wa-Wa-Wa-Wa-Wa-Wa-Wa-Wa-Wa-Wa-Wa-Wa-Wa-Wa-Wa-Wa,1,1,False,False
4212,G-G-G-G-G-G-G-G-G-G-G-G-G-G-G-G-G-G-Sh-Sh-Sh-Sh-F,1,2,False,False
4213,G-G-G-G-G-G-G-G-G-G-G-G-G-G-G-G-G-G-Sh-Sh-Sh-F-F,1,2,False,False
4214,Sh-Sh-A-A-A-A-A-A-A-A-A-A-A-A-A-A-A-A-A-A-A-A-U,1,2,False,False
4215,Sh-Wt-Wt-Wt-Wt-Wt-Wt-F-F-F-F-F-F-F-F-F-F-F-F-F-F-F-F,1,2,False,False
4216,G-G-G-G-G-G-G-G-G-G-G-G-G-G-G-G-G-B-B-B-B-B-Sp,1,2,False,False
4217,G-G-G-G-G-G-G-G-G-G-G-G-G-G-G-G-G-Sp-B-B-B-B-B,1,2,False,False
4218,G-G-G-G-G-G-G-G-G-G-G-G-G-G-G-G-G-Sh-Sh-Sh-Sh-Sh-F,1,2,False,False
4219,G-G-G-G-G-G-G-G-G-G-G-G-G-G-G-G-G-Sh-Sh-Sh-F-F-F,1,2,False,False
4220,G-G-G-G-G-G-G-G-G-G-G-G-G-G-G-G-G-Wt-Wt-Wt-Wt-Wt-Wt,1,1,False,False
4221,G-G-G-G-G-G-G-G-G-G-G-G-G-G-G-G-G-G-Wa-Wa-Wa-F-F,1,2,False,False
4222,Sh-F-F-F-F-F-F-F-G-G-G-G-G-G-G-G-G-G-G-G-G-G-G,1,2,False,False
4223,Sh-F-F-F-F-F-F-F-F-Sh-Sh-Sh-Sh-Sh-Sh-Sh-Sh-Sh-Sh-Sh-Sh-Sh-Sh,1,2,False,False
4224,Sh-F-F-F-F-F-F-F-F-Wt-Wt-Wt-Wt-Wt-Wt-Wt-Wt-Wt-Wt-Wt-Wt-Wt-Wt,1,2,False,False
4225,Sh-F-F-F-F-F-F-F-F-F-G-G-G-G-G-G-G-G-G-G-G-G-G,1,2,False,False
4226,Sh-F-F-F-F-F-F-F-F-F-F-Wa-Wa-Wa-Wa-Wa-Wa-Wa-Wa-Wa-Wa-Wa-Wa,1,2,False,False
4227,Sh-F-F-F-F-F-F-F-F-F-F-Wt-Wt-Wt-Wt-Wt-Wt-Wt-Wt-Wt-Wt-Wt-Wt,1,2,False,False
4228,Wa-F-F-F-F-F-F-F-F-F-F-F-F-F-F-F-Wt-Wt-Wt-Wt-Wt-Wt-Wt,1,2,False,False
4229,B-Wa-Wa-Wa-Wa-Wa-Wa-Wa-Wa-Wa-Wa-Wa-Wa-Wa-Wa-Wa-Wa-Wa-Wa-Wa-Wa-B-B,1,2,False,False
4230,B-Wa-Wa-Wa-Wa-Wa-Wa-Wa-Wa-Wa-Wa-Wa-Wa-Wa-Wa-Wa-Wa-Wa-Wa-Wa-Wa-Sh-Sh,1,2,False,False
4231,B-Wa-Wa-Wa-Wa-Wa-Wa-Wa-Wa-Wa-Wa-Wa-Wa-Wa-Wa-Wa-Wa-Wa-Wa-Wa-Wa-F-F,1,2,False,False
4232,B-B-Wa-Wa-Wa-Wa-Wa-Wa-Wa-Wa-Wa-Wa-Wa-Wa-Wa-Wa-Sp-Sp-Sp-Sp-Sp-Sp-Sp,1,2,False,False
4233,B-B-Wa-Wa-Wa-Wa-Wa-Wa-Wa-Wa-Wa-Wa-Wa-Wa-Sp-Sp-Sp-Sp-Sp-Sp-Sp-Sp-Sp,1,2,False,False
4234,Sh-F-F-F-F-F-F-F-F-F-F-F-F-F-F-F-F-F-F-F-F-Sh-Sh,1,2,False,False
4235,Sh-F-F-F-F-F-F-F-F-F-F-F-F-F-F-F-F-F-F-F-F-Wt-Wt,1,2,False,False
4236,A-A-A-A-A-F-F-F-F-F-F-F-F-F-F-F-F-A-A-A-A-A-A,1,2,False,False
4237,A-A-A-A-A-F-F-F-F-F-F-F-F-F-F-F-A-A-A-A-A-A-A,1,2,False,False
4238,A-A-A-A-A-A-Sh-Sh-Sh-Sh-Sh-Sh-F-F-F-F-F-F-F-F-F-F-F,1,2,False,False
4239,A-A-A-A-A-A-Sh-Sh-Sh-F-F-F-F-F-F-F-F-F-F-F-F-F-F,1,2,False,False
4240,A-A-A-A-A-A-F-F-F-F-F-U-U-U-U-U-U-U-U-U-U-U-U,1,2,False,True
4241,Wa-Wt-Wt-Wt-Wt-Wt-Wt-Wt-Wt-Wt-Wt-Wt-Wt-Wt-Wt-Wt-Wt-Wt-F-F-F-F-F,1,2,False,False
4242,Wa-G-G-G-G-G-G-G-G-G-G-G-G-G-G-G-G-G-G-G-G-G-Wa,1,2,False,False
4243,G-G-G-G-G-G-G-G-G-G-G-G-G-G-G-G-B-B-B-B-G-G-G,1,2,False,False
4244,G-G-G-G-G-G-G-G-G-G-G-G-G-G-G-G-B-B-B-Sh-Sh-Sh-Sh,1,2,False,False
4245,G-G-G-G-G-G-G-G-G-G-G-G-G-G-G-G-B-B-G-G-G-G-G,1,2,False,False
4246,G-G-G-G-G-G-G-G-G-G-G-G-G-G-G-G-Sh-Sh-Sh-Sh-Sh-F-F,1,2,False,False
4247,Sh-F-F-F-F-F-F-F-F-F-F-F-Wt-Wt-Wt-Wt-Wt-Wt-Wt-Wt-Wt-Wt-Wt,1,2,False,False
4248,Sh-F-F-F-F-F-F-F-F-F-F-F-F-F-F-F-F-F-F-B-B-B-B,1,2,False,False
4249,Sh-F-F-F-F-F-F-F-F-F-F-F-F-F-F-F-F-F-F-Sp-Sp-Sp-Sp,1,2,False,False
4250,Sh-A-A-A-A-A-A-A-A-A-A-A-F-F-F-F-F-F-F-F-F-F-F,1,2,False,False
4251,G-G-G-G-G-G-G-G-G-G-G-G-G-Sp-Sp-Sp-Sp-Sp-B-B-B-B-B,1,2,False,False
4252,G-G-G-G-G-G-G-G-G-G-G-G-G-G-Wa-Wa-Wa-Wa-Wa-Wa-Sp-Sp-Sp,1,2,False,False
4253,G-G-G-G-G-G-G-G-G-G-G-G-G-G-Sp-Sp-B-B-B-B-B-B-B,1,2,False,False
4254,G-G-G-G-G-G-G-G-G-G-G-G-B-B-B-B-B-B-B-B-B-B-Sp,1,2,False,False
4255,G-G-G-G-G-G-G-G-G-G-G-G-Sp-Sp-Sp-Sp-Sp-B-B-B-B-B-B,1,2,False,False
4256,G-G-G-G-G-G-G-G-G-G-G-G-Sp-Sp-Sp-Sp-Sp-Sp-Sp-Sp-Sp-B-B,1,2,False,False
4257,A-A-A-A-A-A-F-F-F-F-F-F-F-F-F-F-F-F-F-Sh-Sh-Sh-Sh,1,2,False,False
4258,A-A-A-A-A-A-F-F-F-F-F-F-F-F-F-F-F-F-F-F-G-G-G,1,2,False,False
4259,A-A-A-A-A-A-F-F-F-F-F-F-F-F-F-F-F-F-F-F-F-F-A,1,2,False,False
4260,Wa-B-B-B-B-B-B-B-B-B-B-B-B-B-B-B-B-B-G-G-G-G-G,1,2,False,False
4261,Wa-Sh-Sh-Sh-Sh-Sh-Sh-Sh-Sh-Sh-Sh-Sh-Sh-Sh-Sh-Sh-Sh-Sh-Sh-F-F-F-F,1,2,False,False
4262,Wa-Sh-Sh-Sh-Sh-Sh-Sh-Sh-Sh-Sh-Sh-Sh-Sh-Sh-Sh-Sh-Sh-Sh-U-U-U-U-U,1,2,False,False
4263,Wa-Wt-Wt-Wt-Wt-Wt-Wt-Wt-Wt-Wt-Wt-Wt-Wt-Wt-Wa-Wa-Wa-Wa-Wa-Wa-Wa-Wa-Wa,1,2,False,True
4264,G-G-G-G-G-G-G-G-G-G-G-G-G-G-Sp-Sp-Sp-B-B-B-B-B-B,1,2,False,False
4265,G-G-G-G-G-G-G-G-G-G-G-G-G-G-Sp-Sp-Sp-Sp-Sp-Sp-G-G-G,1,2,False,False
4266,G-G-G-G-G-G-G-G-G-Sh-F-F-F-F-F-F-F-F-F-F-F-F-F,1,2,False,False
4267,G-G-G-G-G-G-G-G-G-G-B-B-B-B-B-B-B-B-B-B-Sp-Sp-Sp,1,2,False,False
4268,Wa-Wa-Wt-Wt-Wt-Wt-Wt-Wt-Wt-Wt-Wt-Wt-Wt-Wt-F-F-F-F-F-F-F-F-F,1,2,False,True
4269,Wa-Wa-F-F-F-F-F-F-F-F-Wt-Wt-Wt-Wt-Wt-Wt-Wt-Wt-Wt-Wt-Wt-Wt-Wt,1,2,False,False
4270,A-A-A-A-A-A-F-F-F-F-F-F-F-U-U-U-U-U-U-U-U-U-U,1,2,False,True
4271,A-A-A-A-A-A-F-F-F-F-F-F-F-F-U-U-U-U-U-U-U-U-U,1,2,False,True
4272,G-G-G-G-G-G-G-G-G-G-Sh-Sh-Sh-Sh-F-F-F-F-F-F-F-F-F,1,2,False,False
4273,G-G-G-G-G-G-G-G-G-G-G-Wa-Wa-Wa-Wa-Wa-Wa-Wa-Wa-Wa-Sp-Sp-Sp,1,2,False,False
4274,G-G-G-G-G-G-G-G-G-G-G-Wa-Wa-Wa-Wa-Wa-Wa-F-F-F-F-F-F,1,2,False,False
4275,G-G-G-G-G-G-G-G-G-G-G-Sp-Sp-Sp-Sp-Sp-Sp-Sp-Sp-B-B-B-B,1,2,False,False
4276,G-G-G-G-G-G-G-G-G-G-G-Sp-Sp-Sp-Sp-Sp-Sp-Sp-Sp-Sp-B-B-B,1,2,False,False
4277,G-G-G-G-G-G-G-G-G-G-G-Sp-Sp-Sp-Sp-Sp-Sp-Sp-Sp-G-G-G-G,1,2,False,False
4278,G-G-G-G-G-G-G-G-G-G-G-Sp-Sp-Sp-Sp-Sp-Sp-G-G-G-G-G-G,1,2,False,False
4279,G-G-G-G-G-G-G-G-G-G-G-G-Sp-Sp-Sp-Sp-Sp-Sp-Sp-Sh-Sh-Sh-Sh,1,2,False,False
4280,Sh-A-A-A-A-A-A-Sh-Sh-Sh-Sh-Sh-Sh-Sh-Sh-Sh-Sh-F-F-F-F-F-F,1,3,False,False
4281,Sh-A-A-A-A-A-A-A-A-A-A-A-Sp-Sp-Sp-Sp-Sp-Sp-Sp-Sp-Sp-Sp-Sp,1,2,False,False
4282,Wt-Wt-Wa-Wa-Wa-Wa-Wa-Wa-Wa-Wa-Wa-Wa-Wa-Wa-Wa-Wa-Wa-Wa-Wa-Wa-Sh-Sh-Sh,1,2,False,False
4283,Wt-Wt-Wa-Wa-Wa-Wa-Sp-Sp-Sp-Sp-Sp-Sp-Sp-Sp-Sp-Sp-Sp-Sp-Sp-Sp-Sp-Sp-Sp,1,2,False,False
4284,Wt-Wt-Sp-Sp-Sp-Sp-Sp-Sp-Sp-Sp-Sp-Sp-Sp-Sp-Sp-Sp-Sp-Sp-Sp-Sp-Sp-Sp-Sp,1,1,False,False
4285,Wt-Wt-Wt-Wa-Wa-Wa-Wa-Wa-Wa-Wa-Wa-Wa-Wa-Wa-Wa-Wa-Wa-Wa-Wa-A-A-A-A,1,2,False,False
4286,Wt-Wt-Wt-Sp-Sp-Sp-Sp-Sp-Sp-Sp-Sp-Sp-Sp-Sp-Sp-Sp-Sp-Sp-Sp-Sp-Sp-Sp-Sp,1,1,False,False
4287,Wt-Wt-Wt-Sh-Sh-Sh-Sh-Sh-Sh-Sh-Sh-Sh-Sh-Sh-Sh-Sh-Sh-Sh-Sh-F-F-F-F,1,2,False,True
4288,Wt-Wt-Wt-Sh-Sh-Sh-Sh-Sh-Sh-Sh-Sh-Sh-Sh-Sh-Sh-Sh-Wt-Wt-Wt-Wt-Wt-Wt-Wt,1,2,False,False
4289,A-A-A-A-A-A-A-F-F-F-F-F-F-F-F-F-F-Wt-Wt-Wt-Wt-Wt-Wt,1,2,False,False
4290,A-A-A-A-A-A-A-F-F-F-F-F-F-F-F-F-F-F-F-F-F-G-G,1,2,False,False
4291,Wa-Wa-Wt-Wt-Wt-Wt-Wt-Wt-Wt-Wt-Wt-Wt-Wt-Wt-Wt-Wt-Wt-Wt-Wt-Wt-Wa-Wa-Wa,1,2,False,False
4292,Wa-Wa-Wt-Wt-Wt-Wt-Wt-Wt-Wt-Wt-Wt-Wt-Wt-Wt-Wt-Wt-Wt-Wt-Wt-Wt-Wt-Wt-Sh,1,2,False,False
4293,A-A-A-A-A-A-F-F-F-F-F-F-F-F-F-F-F-A-A-A-A-A-A,1,2,False,False
4294,A-A-A-A-A-A-A-Wa-Wa-Wa-Wa-Wa-Wa-Wa-Wa-Wa-Wa-Wa-Wa-Wa-Wa-Wa-Wa,1,1,False,False
4295,Wt-Wa-Wa-Wa-Wa-Wa-Wa-Wa-Wa-Wa-Wa-Sh-Sh-Sh-Sh-Sh-Sh-Sh-Sh-Sh-Sh-Sh-Sh,1,2,False,False
4296,Wt-Sh-Sh-Sh-Sh-Sh-Sh-Sh-Sh-Sh-Sh-Sh-Sh-Sh-Sh-Sh-Sh-Sh-Sh-A-A-A-A,1,2,False,False
4297,G-G-G-G-G-G-G-G-G-Sh-Sh-Sh-Sh-Sh-F-F-F-F-F-F-F-F-F,1,2,False,False
4298,Wt-Wt-Wt-Wt-Wt-Sh-Sh-Sh-Sh-Sh-Sh-Sh-Sh-Sh-Sh-Sh-Sh-Sh-Sh-F-F-F-F,1,2,False,False
4299,Wt-Wt-Wt-Wt-Wt-Sh-Sh-Sh-Sh-Sh-Sh-Sh-Sh-Sh-Sh-Sh-Sh-Sh-A-A-A-A-A,1,2,False,False
4300,Wt-Wt-Wt-Wt-Wt-Sh-Sh-Sh-Sh-Sh-Sh-Sh-Sh-Sh-Sh-Sh-Sh-Wt-Wt-Wt-Wt-Wt-Wt,1,2,False,False
4301,Wa-Wa-Wa-A-A-A-A-A-A-A-A-A-A-A-A-A-A-A-F-F-F-F-F,1,2,False,False
4302,Wa-Wa-Sh-Sh-Sh-Sh-Sh-Sh-Sh-Sh-Sh-Sh-Sh-Sh-Sh-Sh-Sh-Sh-Sh-Sh-Sp-Sp-Sp,1,2,False,False
4303,A-A-A-A-A-A-A-F-U-U-U-U-U-U-U-U-U-U-U-U-U-U-U,1,2,False,True
4304,A-A-A-A-A-A-A-F-F-F-F-F-F-F-F-U-U-U-U-U-U-U-U,1,2,False,True
4305,G-G-G-G-G-G-G-G-G-B-B-B-B-B-B-B-B-B-B-B-B-B-Sp,1,2,False,False
4306,G-G-G-G-G-G-G-G-G-B-B-B-B-B-B-B-B-B-B-G-G-G-G,1,2,False,True
4307,G-G-G-G-G-G-G-G-G-B-B-B-B-B-B-B-B-A-A-A-A-A-A,1,2,False,False
4308,G-G-G-G-G-G-G-G-G-Sp-Sp-Sp-Sp-Sp-Sp-Sp-Sp-Sp-F-F-F-F-F,1,2,False,False
4309,G-G-G-G-G-G-G-G-G-Sp-Sp-Sp-Sp-Sp-Sp-Sp-Sp-A-A-A-A-A-A,1,2,False,False
4310,Wt-Wt-Wt-U-U-U-U-U-U-U-U-U-U-U-U-U-U-U-U-U-U-U-U,1,1,False,False
4311,Wt-Wt-Wt-Wt-Wa-Wa-Wa-Wa-Wa-Wa-Wa-Wa-Wa-Wa-Wa-Wa-Wa-Wa-Wa-Wa-Sp-Sp-Sp,1,2,False,False
4312,Wt-Wt-Wt-Wt-Sp-Sp-Sp-Sp-Sp-Sp-Sp-Sp-Sp-Sp-Sp-Sp-Wt-Wt-Wt-Wt-Wt-Wt-Wt,1,2,False,False
4313,G-G-G-G-G-G-G-G-G-G-Sp-Sp-Sp-Sp-Sp-Sp-Sp-Sp-Sp-Sp-F-F-F,1,2,False,False
4314,G-G-G-G-G-G-G-G-Sp-Sp-Sp-Sp-Sp-Sp-Sp-Sp-Sp-Sp-Sp-Sp-Sp-B-B,1,2,False,False
4315,G-G-G-G-G-G-G-G-Sp-Sp-Sp-Sp-Sp-Sp-Sp-Sp-Sp-Sp-Sp-Sh-Sh-Sh-Sh,1,2,False,True
4316,Wt-Wt-Wt-Wt-Wt-Wt-Wa-Wa-Wa-Wa-Wa-Wa-Wa-Wa-U-U-U-U-U-U-U-U-U,1,2,False,False
4317,Wt-Wt-Wt-Wt-Wt-Wt-Wa-Wa-Wa-Wa-Wa-Wa-Wa-U-U-U-U-U-U-U-U-U-U,1,2,False,False
4318,Wt-Wt-Wt-Wt-Wt-Wt-Sh-Sh-Sh-Sh-Sh-Sh-Sh-Sh-Sh-Sh-Wa-Wa-Wa-Wa-Wa-Wa-Wa,1,2,False,False
4319,Wt-Wt-Wt-Wt-Wt-Wt-Sh-Sh-Sh-Sh-Sh-Sh-Sh-Sh-Sh-Sh-F-F-F-F-F-F-F,1,2,False,False
4320,A-A-A-A-A-A-A-A-Wa-Wa-Wa-Wa-Wa-U-U-U-U-U-U-U-U-U-U,1,2,False,False
4321,A-A-A-A-A-A-A-A-Sh-Sh-Sh-Sh-Sh-Sh-Sh-Sh-Sh-Sh-Sh-G-G-G-G,1,2,False,False
4322,Wa-Wa-Wa-Sh-Sh-Sh-Sh-Sh-Sh-Sh-Sh-Sh-Sh-Sh-Sh-Sh-Sh-Wt-Wt-Wt-Wt-Wt-Wt,1,2,False,False
4323,Wa-Wa-Wa-Sh-Sh-Sh-Sh-Sh-Sh-Sh-Sh-Sh-Sh-Sh-A-A-A-A-A-A-A-A-A,1,2,False,False
4324,Wa-Wa-Wa-G-G-G-G-G-G-G-G-G-G-G-G-G-G-Wa-Wa-Wa-Wa-Wa-Wa,1,2,False,False
4325,Wa-Wa-Wa-A-A-A-A-A-A-A-A-A-A-A-A-A-Wa-Wa-Wa-Wa-Wa-Wa-Wa,1,2,False,False
4326,Wt-Wt-Wt-Wt-Sh-Sh-Sh-Sh-Sh-Sh-Sh-Sh-Sh-Sh-Sh-Sh-Sh-Sh-Wt-Wt-Wt-Wt-Wt,1,2,False,False
4327,Wt-Wt-Wt-Wt-Sh-Sh-Sh-Sh-Sh-Sh-Sh-Sh-Sh-Sh-Sh-Sh-Sh-Sh-F-F-F-F-F,1,2,False,False
4328,Wt-Wt-Wt-Wt-Sh-Sh-Sh-Sh-Sh-Sh-A-A-A-A-A-A-A-A-A-A-A-A-A,1,2,False,False
4329,Wt-Wt-Wt-Wt-U-U-U-U-U-U-U-U-U-U-U-U-U-U-U-U-U-U-U,1,1,False,False
4330,A-A-A-A-A-A-A-A-Sh-Sh-Sh-Sh-Sh-Sh-Sh-Sh-Sh-Sh-A-A-A-A-A,1,2,False,False
4331,Wt-Wt-Wt-Wt-Wt-Wt-Wt-Sp-Sp-Sp-Sp-Sp-Sp-Sp-Sp-Sp-F-F-F-F-F-F-F,1,2,False,False
4332,Wt-Wt-Wt-Wt-Wt-Wt-Wt-Sp-Sp-Sp-Sp-Sp-Sp-Sp-F-F-F-F-F-F-F-F-F,1,2,False,False
4333,Wt-Wt-Wt-Wt-Wt-Wt-Wt-Sh-Sh-Sh-Sh-Sh-Sh-Sh-Sh-Sh-Sh-Sh-Sh-Sh-Sh-F-F,1,2,False,False
4334,Wt-Wt-Wt-Wt-Wt-Wt-Wt-Sh-Sh-Sh-Sh-Sh-Sh-Sh-Sh-Sh-Sh-Sh-Sh-F-F-F-F,1,2,False,False
4335,Wt-Wt-Wt-Wt-Wt-Wt-Wt-Wt-Wa-Wa-Wa-Wa-Wa-U-U-U-U-U-U-U-U-U-U,1,2,False,False
4336,G-G-G-G-G-G-G-Sh-Sh-Sh-Sh-Sh-Sh-Sh-Sh-Sh-Sh-Sh-Sh-Sh-F-F-F,1,2,False,False
4337,A-A-A-A-A-A-A-A-F-F-F-F-F-F-F-F-F-Sh-Sh-Sh-Sh-Sh-Sh,1,2,False,False
4338,A-A-A-A-A-A-A-A-F-F-F-F-F-F-F-F-F-F-F-F-F-U-U,1,2,False,True
4339,Wa-Wa-Wa-Wa-A-A-A-A-A-A-A-A-A-A-A-A-A-A-Wt-Wt-Wt-Wt-Wt,1,2,False,True
4340,Wa-Wa-Wa-Sp-Sp-Sp-Sp-Sp-Sp-Sp-Sp-Sp-Sp-Sp-Sp-Sp-Sp-Wa-Wa-Wa-Wa-Wa-Wa,1,2,False,False
4341,Wa-Wa-Wa-Sh-Sh-Sh-Sh-Sh-Sh-Sh-Sh-Sh-Sh-Sh-Sp-Sp-Sp-Sp-Sp-Sp-Sp-Sp-Sp,1,2,False,False
4342,Wa-Wa-Wa-Sh-Sh-Sh-Sh-Sh-Sh-Sh-Sh-Sh-Sh-Sh-Sh-Sh-Sh-Wa-Wa-Wa-Wa-Wa-Wa,1,2,False,False
4343,Wa-Wa-Wa-Sh-Sh-Sh-Sh-Sh-Sh-Sh-Sh-Sh-Sh-Sh-Sh-Sh-Sh-Sh-Sh-Sh-F-F-F,1,2,False,False
4344,Wa-Wa-Wa-Sh-Sh-Sh-Sh-Sh-Sh-Sh-Sh-Sh-Sh-Sh-Sh-Sh-Sh-Sh-Wt-Wt-Wt-Wt-Wt,1,2,False,True
4345,G-G-G-G-G-G-G-G-Sp-Sp-Sp-Sp-Sp-Sp-Sp-Sp-Sp-Sp-Sp-B-B-B-B,1,2,False,False
4346,G-G-G-G-G-G-G-G-B-B-B-B-B-B-B-B-G-G-G-G-G-G-G,1,2,False,False
4347,Wt-Wt-Wt-Wt-Wt-Wt-Wt-Wt-Wa-Wa-Wa-U-U-U-U-U-U-U-U-U-U-U-U,1,2,False,False
4348,Wt-Wt-Wt-Wt-Wt-Wt-Wt-Wt-Wt-Wa-Wa-Wa-U-U-U-U-U-U-U-U-U-U-U,1,2,False,False
4349,Wt-Wt-Wt-Wt-Wt-Wt-Wt-Wt-Wt-Sh-Sh-Sh-Sh-Sh-Sh-Sh-Sh-Sh-Sh-Sh-Sh-Sh-Sh,1,1,False,False
4350,Wt-Wt-Wt-Wt-Wt-Wt-Wt-Wt-Wt-Wt-Wa-Wa-Wa-Wa-Wa-Wa-Wa-Wa-Wa-Wa-Sp-Sp-Sp,1,2,False,False
4351,Wt-Wt-Wt-Wt-Wt-Wt-Wt-Wt-Wt-Wt-Sh-Sh-Sh-Sh-Sh-Sh-Sh-Sh-Sh-Sh-Sh-Sh-Sh,1,1,False,False
4352,Wt-Wt-Wt-Wt-Wt-Wt-Wt-Wt-Wt-Wt-Wt-Wa-Wa-Wa-Wa-Wa-Wa-Wa-Wa-Wa-Sp-Sp-Sp,1,2,False,False
4353,Wt-Wt-Wt-Wt-Wt-Wt-Wt-Wt-Wt-Wt-Wt-Wa-Wa-Wa-Wa-Wa-Wa-Wa-Wt-Wt-Wt-Wt-Wt,1,2,False,False
4354,Wa-Wa-Wa-Wa-Sh-Sh-Sh-Sh-Sh-Sh-Sh-Sh-Sh-Sh-Sh-Sh-A-A-A-A-A-A-A,1,2,False,False
4355,Wa-Wa-Wa-Wa-U-U-U-U-U-U-U-U-U-U-U-U-U-U-U-U-U-U-U,1,1,False,False
4356,Wa-Wa-Wa-Wa-Wt-Wt-Wt-Wt-Wt-Wt-Wt-Wt-Wt-Wt-Wt-Wt-Wt-Wt-Wt-Wt-Wt-Wt-F,1,2,False,False
4357,Wa-Wa-Wa-Wa-Wt-Wt-Wt-Wt-Wt-Wt-Wt-Wt-Wt-Wt-Wt-Wt-Wt-Wt-Wt-Wt-Wt-G-G,1,2,False,False
4358,Wa-Wa-Wa-Wa-Wt-Wt-Wt-Wt-Wt-Wt-Wt-Wt-Wt-Wt-Wt-Wt-Wt-Wt-Wt-Wt-Wt-A-A,1,2,False,False
4359,Wa-Wa-Wa-Wa-Wt-Wt-Wt-Wt-Wt-Wt-Wt-Wt-Wt-Wt-Wt-Wt-Wt-Wt-Wt-F-F-F-F,1,2,False,False
4360,Wa-Wa-Wa-Wa-A-A-A-A-A-A-A-A-A-A-A-A-A-Wt-Wt-Wt-Wt-Wt-Wt,1,2,False,False
4361,A-A-A-A-A-A-A-A-Sh-Sh-Sh-Sh-Sh-Sh-Sh-Sh-Sh-Sh-F-F-F-F-F,1,2,False,False
4362,Wt-Wt-Wt-Wt-Wt-Wt-Wt-Wt-Wt-Wt-Wt-Wt-Sh-Sh-Sh-Sh-Sh-Sh-Sh-Sh-Sh-Sh-Sh,1,1,False,True
4363,Wt-Wt-Wt-Wt-Wt-Wt-Wt-Wt-Wt-Wt-Wt-Wt-Sh-Sh-Sh-Sh-Sh-Sh-Sh-F-F-F-F,1,2,False,False
4364,Wt-Wt-Wt-Wt-Wt-Wt-Wt-Wt-Wt-Wt-Wt-Wt-Wt-Sh-Sh-Sh-Sh-Sh-Sh-Sh-Sh-Sh-Sh,1,1,False,False
4365,G-G-G-G-G-G-B-B-B-B-B-B-B-B-B-B-G-G-G-G-G-G-G,1,2,False,False
4366,G-G-G-G-G-G-Sp-Sp-Sp-Sp-Sp-Sp-Sp-Sp-Sp-Sp-Sp-Sp-Sp-B-B-B-B,1,2,False,False
4367,A-A-A-A-A-A-A-A-F-F-F-F-F-F-F-F-F-F-A-A-A-A-A,1,2,False,False
4368,A-A-A-A-A-A-A-A-A-Sh-Sh-Sh-Sh-Sh-Sh-Sh-Sh-Sh-Sh-F-F-F-F,1,2,False,True
4369,A-A-A-A-A-A-A-A-A-Sh-F-F-F-F-F-F-F-F-F-F-F-F-F,1,2,False,False
4370,A-A-A-A-A-A-A-A-A-F-F-U-U-U-U-U-U-U-U-U-U-U-U,1,2,False,False
4371,A-A-A-A-A-A-A-A-A-F-F-F-F-U-U-U-U-U-U-U-U-U-U,1,2,False,True
4372,A-A-A-A-A-A-A-A-A-F-F-F-F-F-F-F-Sh-Sh-Sh-Sh-Sh-Sh-Sh,1,2,False,False
4373,Wa-Wa-Wa-Wa-Sh-Sh-Sh-Sh-Sh-Sh-Sh-Sh-Sh-Sh-Sh-Sh-Sh-Sh-Sh-U-U-U-U,1,2,False,False
4374,Wa-Wa-Wa-Wa-Sh-Sh-Sh-Sh-Sh-Sh-Sh-Sh-Sh-Sh-Sh-Sh-Sh-Sh-Sh-Wt-Wt-Wt-Wt,1,2,False,False
4375,Wa-Wa-Wa-Wa-Sh-Sh-Sh-Sh-Sh-Sh-Sh-Sh-Sh-Sh-Sh-Sh-Sh-Sh-Sh-A-A-A-A,1,2,False,False
4376,Wa-Wa-Wa-Wa-Sh-Sh-Sh-Sh-Sh-Sh-Sh-Sh-Sh-Sh-Sh-Sh-F-F-F-F-F-F-F,1,2,False,True
4377,G-G-G-G-G-G-G-G-B-B-B-B-B-B-B-B-B-B-B-Sp-G-G-G,1,3,False,False
4378,G-G-G-G-B-B-B-B-B-B-B-B-B-B-B-B-B-B-B-B-G-G-G,1,2,False,True
4379,G-G-G-G-G-G-Sp-Sp-Sp-Sp-Sp-Sp-Sp-Sp-Sp-Sp-Sp-Sp-Sp-Sh-Sh-Sh-Sh,1,2,False,True
4380,G-G-G-G-G-G-Sh-Sh-Sh-Sh-Sh-Sh-Sh-Sh-F-F-F-F-F-F-F-F-F,1,2,False,False
4381,Wt-Wt-Wt-Wt-Wt-Wt-Wt-Wt-Wt-Wt-Wt-Wt-Wt-Wt-Wt-Wt-Wt-Wt-Wt-Wt-Wt-Wt-Sp,1,1,False,False
4382,G-G-G-G-G-Sp-Sp-Sp-Sp-Sp-Sp-Sp-Sp-Sp-Sp-Sp-Sp-F-F-F-F-F-F,1,2,False,False
4383,G-G-G-G-G-Sh-Sh-Sh-Sh-Sh-Sh-Sh-Sh-Sh-Sh-Sh-Sh-Sh-Sh-Sh-Sh-Sh-A,1,2,False,False
4384,A-A-A-A-A-A-A-A-A-A-Wa-Wa-Wa-Wa-Wa-Wa-Wa-Wa-Wa-Wa-Wa-Wa-A,1,2,False,False
4385,A-A-A-A-A-A-A-A-A-A-B-B-B-B-B-B-B-B-B-B-B-B-B,1,1,False,False
4386,Wa-Wa-Wa-Wa-Wa-G-G-G-G-G-G-G-G-G-G-G-G-G-G-F-F-F-F,1,2,False,False
4387,Wa-Wa-Wa-Wa-Wa-A-A-A-A-A-A-A-A-A-A-A-A-A-A-A-A-F-F,1,2,False,False
4388,Wa-Wa-Wa-Wa-B-B-B-B-B-B-B-B-B-B-B-B-B-B-B-B-B-B-Wa,1,2,False,False
4389,Wa-Wa-Wa-Wa-Sp-Sp-Sp-Sp-Sp-Sp-Sp-Sp-Sp-Sp-Sp-Sp-Sp-Sp-Wt-Wt-Wt-Wt-Wt,1,2,False,False
4390,G-G-G-G-G-G-G-B-B-B-B-B-B-B-B-B-B-B-B-F-F-F-F,1,2,False,False
4391,G-G-G-G-G-G-G-B-B-B-B-B-B-B-B-B-B-B-G-G-G-G-G,1,2,False,False
4392,G-G-G-G-G-G-G-Sp-Sp-Sp-Sp-Sp-Sp-Sp-Sp-Sp-Sp-Sp-Sp-G-G-G-G,1,2,False,False
4393,G-G-G-G-G-G-G-Sp-Sp-Sp-Sp-Sp-Sp-Sp-Sp-Sp-Sp-Sp-F-F-F-F-F,1,2,False,True
4394,G-G-G-G-B-B-B-B-B-U-U-U-U-U-U-U-U-U-U-U-U-U-U,1,2,False,False
4395,G-G-G-G-Sp-Sp-Sp-Sp-Sp-Sp-Sp-Sp-Sp-Sp-Sp-Sp-B-B-B-Sp-Sp-Sp-Sp,1,3,False,False
4396,G-G-G-G-Sp-Sp-Sp-Sp-Sp-Sp-Sp-Sp-Sp-Sp-Sp-Sp-Sp-Sp-Sp-U-U-U-U,1,2,False,True
4397,Wt-Wt-Wt-Wt-Wt-Wt-Wt-Wt-Wt-Wt-Wt-Wt-Wt-Wt-Wt-Wt-F-F-F-Sh-Sh-Sh-Sh,1,2,False,False
4398,Wt-Wt-Wt-Wt-Wt-Wt-Wt-Wt-Wt-Wt-Wt-Wt-Wt-Wt-Wt-Wt-F-F-F-F-F-F-Wt,1,2,False,True
4399,Wa-Wa-Wa-Wa-Wa-Sh-Sh-Sh-Sh-Sh-Sh-Sh-Sh-Sh-Sh-Sh-Sh-Wt-Wt-Wt-Wt-Wt-Wt,1,2,False,False
4400,Wa-Wa-Wa-Wa-Wa-Wt-Wt-Wt-Wt-Wt-Wt-Wt-Wt-Wt-Wt-Wt-Wt-Wt-Wa-Wa-Wa-Wa-Wa,1,2,False,False
4401,A-A-A-A-A-A-A-A-A-F-F-F-F-F-F-F-F-F-F-Sh-Sh-Sh-Sh,1,2,False,False
4402,A-A-A-A-A-A-A-A-A-F-F-F-F-F-F-F-F-F-F-F-F-A-A,1,2,False,False
4403,Wt-Wt-Wt-Wt-Wt-Wt-Wt-Wt-Wt-Wt-Wt-Wt-Wt-Wt-Wt-Wt-Wt-Wt-Wt-F-F-F-Wt,1,2,False,False
4404,Wt-Wt-Wt-Wt-Wt-Wt-Wt-Wt-Wt-Wt-Wt-Wt-Wt-Wt-Wt-Wt-Wt-F-F-F-F-F-A,1,2,False,False
4405,G-G-G-G-Sp-Sp-Sp-Sp-Sp-Sp-Sp-Sp-Sp-Sp-Sp-Sp-Sp-G-G-G-G-G-G,1,2,False,False
4406,G-G-G-G-Sh-Sh-Sh-Sh-Sh-Sh-Sh-Sh-Sh-Sh-Sh-Sh-Sh-Sh-Sh-Sh-Sh-F-F,1,2,False,False
4407,G-G-G-G-G-B-B-B-B-B-B-B-B-B-B-B-B-B-B-Sp-Sp-Sp-Sp,1,2,False,True
4408,G-G-G-G-G-B-B-B-B-B-B-B-B-B-B-B-B-B-B-G-G-G-G,1,2,False,False
4409,G-G-G-G-G-B-B-B-B-B-B-B-B-B-B-B-B-B-Sp-Sp-Sp-Sp-Sp,1,2,False,False
4410,A-A-A-A-A-A-A-A-A-A-Sp-Sp-Sp-Sp-Sp-Sp-Sh-Sh-Sh-Sh-Sh-Sh-Sh,1,2,False,False
4411,G-G-G-Sh-Sh-Sh-Sh-Sh-Sh-Sh-Sh-Sh-Sh-Sh-Sh-Sh-Sh-Sh-Sh-Sh-F-F-F,1,2,False,False
4412,G-G-G-Sh-Sh-Sh-Sh-Sh-F-F-F-F-F-F-F-F-F-F-F-F-F-F-F,1,2,False,False
4413,Wt-Wt-Wt-Wt-Wt-Wt-Wt-Wt-Wt-Wt-F-F-F-F-F-F-F-F-F-A-A-A-A,1,2,False,True
4414,Wt-Wt-Wt-Wt-Wt-Wt-Wt-Wt-Wt-F-F-F-F-F-Wa-Wa-Wa-Wa-Wa-Wa-Wa-Wa-Wa,1,2,False,False
4415,A-A-A-A-A-A-A-A-A-A-F-F-F-F-F-F-F-Sh-Sh-Sh-Sh-Sh-Sh,1,2,False,False
4416,Wa-Wa-Wa-Wa-Wa-Sp-Sp-Sp-Sp-Sp-Sp-Sp-Sp-Sp-Sp-Sp-Sp-Sp-Sp-Sp-F-F-F,1,2,False,False
4417,Wa-Wa-Wa-Wa-Wa-Sp-Sp-Sp-Sp-Sp-Sp-Sp-Sp-Sp-Sp-Sp-Sp-Sp-Sp-U-U-U-U,1,2,False,False
4418,Wa-Wa-Wa-Wa-Wa-Sp-Sp-Sp-Sp-Sp-Sp-Sp-Sp-Sp-Sp-Sp-Sp-Sp-Sp-F-F-F-F,1,2,False,False
4419,Wa-Wa-Wa-Wa-Wa-Sp-Sp-Sp-Sp-Sp-Sp-Sp-Sp-Sp-Sp-Sp-Sp-Sp-U-U-U-U-U,1,2,False,False
4420,Wa-Wa-Wa-Wa-Wa-Sp-Sp-Sp-Sp-Sp-Sp-Sp-Sp-Sp-Sp-Sp-Sh-Sh-Sh-Sh-Sh-Sh-Sh,1,2,False,False
4421,Wa-Wa-Wa-Wa-Wa-Sh-Sh-Sh-Sh-Sh-Sh-Sh-Sh-Sh-Sh-Sh-Sh-Sh-Sh-Wa-Wa-Wa-Wa,1,2,False,False
4422,Wt-Wt-Wt-Wt-Wt-Wt-Wt-Wt-Wt-Wt-Wt-Wt-Wt-F-F-F-F-F-F-Sh-Sh-Sh-Sh,1,2,False,True
4423,Wt-Wt-Wt-Wt-Wt-Wt-Wt-Wt-Wt-Wt-F-F-F-F-F-F-F-Wa-Wa-Wa-Wa-Wa-Wa,1,2,False,False
4424,G-G-G-G-B-B-B-B-B-B-B-B-B-B-B-B-B-U-U-U-U-U-U,1,2,False,False
4425,G-G-G-G-B-B-B-B-B-B-U-U-U-U-U-U-U-U-U-U-U-U-U,1,2,False,False
4426,G-G-G-Wa-Wa-Wa-Wa-Wa-Wa-Wa-Wa-Wa-Wa-Wa-Wa-Wa-Wa-Wa-Wa-B-B-B-B,1,2,False,False
4427,G-G-G-Wa-Wa-Wa-Wa-Wa-Wa-Wa-Wa-Wa-Wa-Wa-Wa-Wa-Wa-Wa-Wa-Sp-Sp-Sp-Sp,1,2,False,False
4428,G-G-G-Wa-Wa-Wa-Wa-Wa-Wa-Wa-Wa-Wa-Wt-Wt-Wt-Wt-Wt-Wt-Wt-Wt-Wt-Wt-Wt,1,2,False,False
4429,G-G-G-Wa-Wa-Wa-Wa-Wa-Wa-Wa-Wa-Sh-Sh-Sh-Sh-Sh-Sh-Sh-Sh-Sh-Sh-Sh-F,1,3,False,False
4430,G-G-G-B-B-B-B-B-B-B-B-B-B-B-B-B-B-B-B-Sp-G-G-G,1,3,False,False
4431,Wt-Wt-Wt-Wt-Wt-Wt-Wt-G-G-G-F-F-F-F-F-F-F-F-F-F-F-F-F,1,2,False,False
4432,Wt-Wt-Wt-Wt-Wt-Wt-Wt-F-F-F-F-F-F-F-F-F-F-Wt-Wt-Wt-Wt-Wt-Wt,1,2,False,False
4433,Wt-Wt-Wt-Wt-Wt-Wt-Wt-F-F-F-F-F-F-F-F-F-F-F-Sh-Sh-Sh-Sh-Sh,1,2,False,False
4434,Wa-Wa-Wa-Wa-Wa-Wa-Sh-Sh-Sh-Sh-Sh-Sh-Sh-Sh-U-U-U-U-U-U-U-U-U,1,2,False,False
4435,Wa-Wa-Wa-Wa-Wa-Wa-Sh-Sh-Sh-Sh-Sh-Sh-Sh-U-U-U-U-U-U-U-U-U-U,1,2,False,False
4436,Wa-Wa-Wa-Wa-Wa-Wa-Wt-Wt-Wt-Wt-Wt-Wt-Wt-Wt-Wt-Wt-Wt-Wa-Wa-Wa-Wa-Wa-Wa,1,2,False,False
4437,Wa-Wa-Wa-Wa-Wa-Wa-Wt-Wt-Wt-Wt-Wt-Wt-Wt-Wt-Wt-Wt-Wt-Wt-Wt-Wt-A-A-A,1,2,False,False
4438,Wa-Wa-Wa-Wa-Wa-Wa-Wt-Wt-Wt-Wt-Wt-Wt-Wt-Wt-Wt-Wt-Wt-Wt-Wt-F-F-F-F,1,2,False,False
4439,Wa-Wa-Wa-Wa-Wa-Wa-F-F-F-F-F-F-F-F-F-F-F-F-Wa-Wa-Wa-Wa-Wa,1,2,False,False
4440,Wa-Wa-Wa-Wa-Wa-Wa-A-A-A-A-A-A-U-U-U-U-U-U-U-U-U-U-U,1,2,False,True
4441,Wa-Wa-Wa-Wa-Wa-Wa-A-A-A-A-A-A-A-A-A-U-U-U-U-U-U-U-U,1,2,False,True
4442,Wt-Wt-Wt-Wt-Wt-Wt-A-A-A-A-A-A-A-A-A-A-A-A-F-F-F-F-F,1,2,False,True
4443,Wt-Wt-Wt-Wt-Wt-Wt-Wt-A-A-A-A-A-A-A-A-A-F-F-F-F-F-F-F,1,2,False,False
4444,Wt-Wt-Wt-Wt-Wt-Wt-F-F-Wa-Wa-Wa-Wa-Wa-Wa-Wa-Wa-Wa-Wa-Wa-Wa-Wa-Wa-Wa,1,2,False,False
4445,Wt-Wt-Wt-Wt-Wt-Wt-F-F-F-F-F-F-F-F-F-F-F-F-F-F-F-Sh-Sh,1,2,False,False
4446,G-G-Sp-Sp-Sp-Sp-Sp-Sp-B-B-B-B-B-B-B-B-B-B-B-B-B-B-B,1,2,False,False
4447,G-G-Sp-Sp-Sp-Sp-Sp-Sp-Sp-Wa-Wa-Wa-Wa-Wa-Wa-Wa-Wa-Wa-Wa-Wa-Wa-Wa-Wa,1,2,False,False
4448,A-A-A-A-A-A-A-A-A-A-F-F-F-F-F-F-F-F-F-F-F-F-U,1,2,False,False
4449,A-A-A-A-A-A-A-A-A-A-F-F-F-F-F-F-F-F-F-A-A-A-A,1,2,False,True
4450,A-A-A-A-A-A-A-A-A-A-F-F-F-F-F-F-F-A-A-A-A-A-A,1,2,False,False
4451,A-A-A-A-A-A-A-A-A-A-A-Wa-Wa-Wa-Wa-Wa-Wa-Wa-Wa-Wa-Wa-U-U,1,2,False,False
4452,A-A-A-A-A-A-A-A-A-A-A-Sp-Sp-Sp-Sp-Sp-Sp-Sp-Sp-Sp-Sp-Sp-Sp,1,1,False,False
4453,Wa-Wa-Wa-Wa-Wa-Wa-Sp-Sp-Sp-Sp-Sp-Sp-Sp-Sp-Sp-Sp-Wa-Wa-Wa-Wa-Wa-Wa-Wa,1,2,False,False
4454,Wa-Wa-Wa-Wa-Wa-Wa-Sp-Sp-Sp-Sp-Sp-Sp-Sp-Sp-Sp-Sp-Sp-Sp-Sp-U-U-U-U,1,2,False,False
4455,Wa-Wa-Wa-Wa-Wa-Wa-Sp-Sp-Sp-Sp-Sp-Sp-Sp-Sp-Sp-Sp-Sp-U-U-U-U-U-U,1,2,False,False
4456,Wa-Wa-Wa-Wa-Wa-Wa-Sh-Sh-Sh-Sh-Sh-Sh-Sh-Sh-Sh-Sh-Sh-Sh-U-U-U-U-U,1,2,False,False
4457,G-G-Sh-Sh-Sh-Sh-Sh-Sh-Sh-Sh-Sh-Sh-Sh-Sh-Sh-Sh-Sh-Sh-Sh-F-F-F-F,1,2,False,False
4458,Wt-Wt-Wt-Wt-G-G-G-G-G-G-G-G-G-G-G-G-G-G-Wt-Wt-Wt-Wt-Wt,1,2,False,False
4459,Wt-Wt-Wt-Wt-F-F-F-F-F-F-F-F-F-F-F-F-Sh-Sh-Sh-Sh-Sh-Sh-Sh,1,2,False,False
4460,G-Sh-Sh-Sh-Sh-Sh-Sh-Sh-Sh-Sh-Sh-Sh-Sh-Sh-Sh-Sh-Sh-Sh-Sh-F-F-F-F,1,2,False,False
4461,G-Sh-Sh-Sh-Sh-Sh-Sh-Sh-Sh-Sh-Sh-Sh-Sh-Sh-Sh-Sh-Sh-Sh-A-A-A-A-A,1,2,False,False
4462,G-Sh-Sh-Sh-Sh-Sh-Sh-Sh-Sh-Sh-Sh-Sh-Sh-Sh-Sh-Sh-Sh-F-F-F-F-F-F,1,2,False,False
4463,A-A-A-A-A-A-A-A-A-A-A-F-F-F-F-F-F-F-F-G-G-G-G,1,2,False,False
4464,A-A-A-A-A-A-A-A-A-A-A-F-F-F-F-F-F-F-F-F-Sh-Sh-Sh,1,2,False,False
4465,A-A-A-A-A-A-A-A-A-A-A-F-F-F-F-F-F-F-F-F-F-G-G,1,2,False,False
4466,Wa-Wa-Wa-Wa-Wa-Wa-Wa-Sh-Sh-Sh-Sh-Sh-Sh-Sh-Sh-Sh-Sh-Sh-Sh-Sh-F-F-F,1,2,False,False
4467,A-A-A-A-A-A-A-A-A-A-F-F-F-F-F-F-F-F-G-G-G-G-G,1,2,False,False
4468,G-G-B-B-B-B-B-B-B-B-B-B-B-B-B-B-B-Sp-Sp-Sp-Sp-Sp-Sp,1,2,False,False
4469,Wt-Wt-Wt-Wt-Wt-F-F-F-F-F-F-F-F-F-F-F-F-F-F-F-Sh-Sh-Sh,1,2,False,False
4470,G-G-Sp-Sp-Sp-Sp-Sp-Sp-Sp-Sp-Sp-Sp-Sp-Sp-Sp-Sp-Sh-Sh-Sh-Sh-Sh-Sh-Sh,1,2,False,False
4471,G-G-Sp-Sp-Sp-Sp-Sp-Sp-Sp-Sp-Sp-Sp-Sp-Sp-G-G-G-G-G-G-G-G-G,1,2,False,False
4472,Wt-Wt-Wt-Wt-Wt-Wt-A-A-A-A-A-A-A-A-F-F-F-F-F-F-F-F-F,1,2,False,False
4473,Wt-Wt-Wt-Wt-Wt-Wt-A-A-A-A-A-A-A-A-A-A-Wa-Wa-Wa-Wa-Wa-Wa-Wa,1,2,False,False
4474,Wt-Wt-Wt-Wt-F-F-F-F-F-F-F-F-F-F-F-F-F-F-F-F-F-Wt-Wt,1,2,False,False
4475,Wt-Wt-Wt-Wt-F-F-F-F-F-F-F-F-F-F-F-F-F-F-A-A-A-A-A,1,2,False,False
4476,Wt-Wt-Wt-Wt-F-F-F-F-F-F-F-F-F-F-F-F-F-A-A-A-A-A-A,1,2,False,False
4477,Wt-Wt-Wt-Wt-A-A-A-A-A-A-A-A-A-F-F-F-F-F-F-F-F-F-F,1,2,False,False
4478,G-B-B-B-B-B-B-B-B-B-B-B-B-B-B-B-F-F-F-F-F-F-F,1,2,False,False
4479,A-A-A-A-A-A-A-A-A-A-A-A-Sp-Sp-Sp-Sp-Sp-Sp-Sp-Sp-Sp-Sp-Sp,1,1,False,False
4480,Wa-Wa-Wa-Wa-Wa-Wa-Wa-Wa-Sp-Sp-Sp-Sp-Sp-Sp-Sp-Sp-Sp-U-U-U-U-U-U,1,2,False,False
4481,Wa-Wa-Wa-Wa-Wa-Wa-Wa-Wa-Wt-Wt-Wt-Wt-Wt-Wt-Wt-Wt-Wa-Wa-Wa-Wa-Wa-Wa-Wa,1,2,False,False
4482,Wa-Wa-Wa-Wa-Wa-Wa-Wa-Wa-F-F-F-F-F-F-F-F-Wt-Wt-Wt-Wt-F-F-F,1,3,False,False
4483,Wa-Wa-Wa-Wa-Wa-Wa-Wa-Wa-A-A-A-A-U-U-U-U-U-U-U-U-U-U-U,1,2,False,False
4484,Wt-Wt-Wt-Wt-Wt-F-F-F-F-F-F-F-F-F-F-F-F-F-F-F-F-F-A,1,2,False,False
4485,Wt-Wt-Wt-Wt-Wt-F-F-F-F-F-F-F-F-F-F-F-F-F-F-F-F-A-A,1,2,False,False
4486,Wt-Wt-Wt-Wt-Wt-F-F-F-F-F-F-F-F-F-F-F-F-F-F-F-A-A-A,1,2,False,False
4487,Wt-Wt-Wt-Wt-Wt-F-F-F-F-F-F-F-F-F-F-F-F-F-F-A-A-A-A,1,2,False,False
4488,Wt-Wt-Wt-Wt-Wt-A-A-A-A-A-A-A-A-F-F-F-F-F-F-F-F-F-F,1,2,False,False
4489,Wt-Wt-Wt-Wt-Wt-A-A-A-A-A-A-A-A-A-A-A-A-F-F-F-F-F-F,1,2,False,True
4490,G-Sp-Sp-Sp-Sp-Sp-Sp-Sp-Sp-Sp-Sp-Sp-Sp-Sp-Sp-Sp-Sp-Sp-Sp-B-B-B-B,1,2,False,True
4491,G-Sp-Sp-Sp-Sp-Sp-Sp-Sp-Sp-Sp-Sp-Sp-Sp-Sp-Sp-Sp-Sp-Sp-G-G-Sp-Sp-Sp,1,3,False,False
4492,G-Sp-Sp-Sp-Sp-Sp-Sp-Sp-Sp-Sp-Sp-Sp-Sp-Sp-Sp-Sp-F-F-F-F-F-F-F,1,2,False,False
4493,Wt-Wt-Wt-Wt-A-A-A-A-A-A-A-A-A-A-A-A-A-A-Wa-Wa-Wa-Wa-Wa,1,2,False,False
4494,Wt-Wt-Wt-Wt-A-A-A-A-A-A-A-A-A-A-A-A-A-A-A-Wt-Wt-Wt-Wt,1,2,False,False
4495,Wt-Wt-Wt-Wt-A-A-A-A-A-A-A-A-A-A-A-A-A-A-A-A-F-F-F,1,2,False,False
4496,A-A-A-A-A-A-A-A-A-A-A-A-F-F-F-F-F-F-F-F-F-F-Wt,1,2,False,False
4497,A-A-A-A-A-A-A-A-A-A-A-A-F-F-F-F-F-A-A-A-F-F-F,1,3,False,True
4498,Wa-Wa-Wa-Wa-Wa-Wa-Wa-Wa-Wa-Wt-Wt-Wt-Wt-Wt-Wt-Wt-Wt-Wt-U-U-U-U-U,1,2,False,False
4499,Wa-Wa-Wa-Wa-Wa-Wa-Wa-Wa-Wa-A-A-A-A-A-A-A-A-A-U-U-U-U-U,1,2,False,False
4500,Wa-Wa-Wa-Wa-Wa-Wa-Wa-Wa-Sp-Sp-Sp-Sp-Sp-Sp-Sp-Sp-Sp-Sp-Sp-Sp-F-F-F,1,2,False,False
4501,A-A-A-A-A-A-A-A-A-A-A-F-F-F-F-F-F-F-F-F-F-F-Wt,1,2,False,False
4502,A-A-A-A-A-A-A-A-A-A-A-F-F-F-F-F-F-F-F-F-A-A-A,1,2,False,False
4503,G-Sh-Sh-Sh-Sh-Sh-Sh-Sh-Sh-Sh-F-F-F-F-F-F-F-F-F-F-F-F-F,1,2,False,False
4504,G-G-Wa-Wa-Wa-Wa-Wa-Wa-Wa-Wa-Wa-Wa-Wa-Wa-Wa-Wa-Wa-Wa-Wa-B-B-B-B,1,2,False,False
4505,G-G-Wa-Wa-Wa-Wa-Wa-Wa-Wa-Wa-Wa-Wa-Wa-Wa-G-G-G-G-G-G-G-G-G,1,2,False,False
4506,Wt-Wt-Wt-F-F-F-F-F-F-F-F-F-F-F-F-F-F-F-A-A-A-A-A,1,2,False,False
4507,Wt-Wt-Wt-A-A-A-A-A-A-A-F-F-F-F-F-F-F-F-F-F-F-F-F,1,2,False,False
4508,Wt-Wt-Wt-A-A-A-A-A-A-A-A-Sh-Sh-Sh-Sh-Sh-Sh-Sh-Sh-F-F-F-F,1,3,False,False
4509,Wt-Wt-Wt-A-A-A-A-A-A-A-A-A-A-A-A-A-A-A-A-F-F-F-F,1,2,False,True
4510,A-A-A-A-A-A-A-A-A-A-A-A-A-F-F-F-F-F-F-A-A-A-A,1,2,False,False
4511,A-A-A-A-A-A-A-A-A-A-A-A-A-F-F-F-F-A-A-A-A-A-A,1,2,False,False
4512,A-A-A-A-A-A-A-A-A-A-A-A-A-A-F-F-F-F-Sh-Sh-Sh-Sh-Sh,1,2,False,True
4513,A-A-A-A-A-A-A-A-A-A-A-A-A-A-F-F-F-F-G-G-F-F-F,1,3,False,False
4514,A-A-A-A-A-A-A-A-A-A-A-A-A-A-F-F-F-F-F-F-Sh-Sh-Sh,1,2,False,False
4515,A-A-A-A-A-A-A-A-A-A-A-A-F-F-F-F-F-F-U-U-U-U-U,1,2,False,False
4516,A-A-A-A-A-A-A-A-A-A-A-A-F-F-F-F-F-F-F-Sh-Sh-Sh-Sh,1,2,False,False
4517,A-A-A-A-A-A-A-A-A-A-A-A-F-F-F-F-F-F-F-U-U-U-U,1,2,False,False
4518,A-A-A-A-A-A-A-A-A-A-A-A-F-F-F-F-F-F-F-G-G-G-G,1,2,False,False
4519,A-A-A-A-A-A-A-A-A-A-A-A-F-F-F-F-F-F-F-F-F-Sh-Sh,1,2,False,False
4520,G-B-B-B-B-G-G-G-G-G-G-G-G-G-G-G-G-G-G-G-G-G-G,1,2,False,False
4521,G-Sp-Sp-Sp-Sp-Sp-Sp-Sp-Sp-Sp-Sp-Sp-Sp-Sp-Sp-Sp-B-B-B-B-Sp-Sp-Sp,1,3,False,False
4522,F-F-F-F-F-F-F-F-F-F-F-F-F-Sh-Sh-Sh-Sh-Sh-F-F-F-F-F,1,2,False,False
4523,A-A-A-A-A-A-A-A-A-A-A-A-A-A-A-A-A-A-A-Sp-Sp-Sp-Sp,1,1,False,False
4524,A-A-A-A-A-A-A-A-A-A-A-A-A-A-A-A-A-A-F-F-Sh-Sh-Sh,1,2,False,False
4525,A-A-A-A-A-A-A-A-A-A-A-A-A-A-A-A-A-A-F-F-F-G-G,1,2,False,False
4526,Wa-Wa-Wa-Wa-Wa-Wa-Wa-Wa-Wa-Wa-Wa-Wa-Wa-Wa-Wa-Wa-F-F-F-F-F-F-F,1,1,False,False
4527,A-A-A-A-A-A-A-A-A-A-A-A-A-A-A-A-Wt-Wt-Wt-Wt-Wt-Wt-Sh,1,2,False,False
4528,A-A-A-A-A-A-A-A-A-A-A-A-A-A-A-A-Wt-Wt-Wt-Wt-Wt-Wt-A,1,2,False,False
4529,Wt-Wt-F-F-F-F-F-F-F-F-F-F-F-F-F-F-F-F-F-A-A-A-A,1,2,False,False
4530,Wt-Wt-A-A-A-A-A-A-A-A-A-A-A-A-F-F-F-F-F-F-F-F-F,1,2,False,True
4531,Wt-F-F-F-F-F-F-F-F-F-F-F-F-F-F-F-F-F-F-Sp-Sp-Sp-Sp,1,2,False,False
4532,Wt-F-F-F-F-F-F-F-F-F-F-F-F-F-F-F-F-F-F-G-G-G-G,1,2,False,False
4533,Wt-F-F-F-F-F-F-F-F-F-F-F-F-F-F-F-F-F-F-F-Wt-Wt-Wt,1,2,False,False
4534,G-Wa-Wa-Wa-Wa-Wa-Wa-Wa-Wa-Wa-Wa-Wa-B-B-B-B-B-B-B-B-B-B-B,1,2,False,False
4535,G-B-B-B-B-B-B-B-B-B-B-B-B-B-B-B-B-B-B-B-B-B-U,1,2,False,False
4536,G-B-B-B-B-B-B-B-B-B-B-B-B-B-B-B-B-B-B-B-B-U-U,1,2,False,False
4537,G-B-B-B-B-B-B-B-B-B-B-B-B-B-B-B-B-B-B-B-G-G-G,1,2,False,False
4538,F-F-F-F-F-F-F-F-F-F-G-G-G-G-G-G-G-G-G-G-G-G-F,1,2,False,False
4539,F-F-F-F-F-F-F-F-F-F-F-F-Sh-Sh-Sh-U-U-U-U-U-U-U-U,1,2,False,False
4540,F-F-F-F-F-F-F-F-F-F-F-F-Sh-Sh-U-U-U-U-U-U-U-U-U,1,2,False,False
4541,Sp-Sp-Sp-Sp-Sp-Sp-Sp-Sp-Sp-Sp-Sp-G-G-G-G-G-G-G-Sp-Sp-Sp-Sp-Sp,1,2,False,False
4542,Sp-Sp-Sp-Sp-Sp-Sp-Sp-Sp-Sp-Sp-Sp-G-G-G-G-G-G-G-G-G-Sp-Sp-Sp,1,2,False,False
4543,Sp-Sp-Sp-Sp-Sp-Sp-Sp-Sp-Sp-Sp-Sp-G-G-G-G-G-G-G-G-G-G-Sp-Sp,1,2,False,False
4544,Sp-Sp-Sp-Sp-Sp-Sp-Sp-Sp-Sp-Sp-G-G-G-G-G-G-Sp-Sp-Sp-Sp-Sp-Sp-Sp,1,2,False,False
4545,F-F-F-F-F-F-F-F-F-F-F-F-F-F-F-F-Sh-Sh-F-F-F-F-F,1,2,False,False
4546,Sp-Sp-Sp-Sp-Sp-Sp-Sp-Sp-Sp-Sp-Sp-Sp-Sp-Sp-Sp-Sp-A-A-A-A-A-F-F,1,2,False,False
4547,Sp-Sp-Sp-Sp-Sp-Sp-Sp-Sp-Sp-Sp-Sp-Sp-Sp-Sp-G-G-Sp-Sp-G-G-G-G-G,1,3,False,False
4548,Sp-Sp-Sp-Sp-Sp-Sp-Sp-Sp-Sp-Sp-Sp-Sp-Sp-Sp-G-G-G-G-G-G-G-G-Sp,1,2,False,False
4549,F-F-F-F-F-F-F-F-F-F-F-F-F-F-Sh-Sh-Sh-Sh-Sh-Sh-A-A-A,1,2,False,False
4550,F-F-F-F-F-F-F-F-F-F-F-F-F-F-Sh-Sh-F-F-Sh-Sh-Sh-Sh-Sh,1,3,False,False
4551,F-F-F-F-F-F-F-F-F-F-F-F-F-F-Sh-Sh-F-F-F-Sh-Sh-Sh-Sh,1,3,False,False
4552,F-F-F-F-F-F-F-F-F-F-F-F-G-G-G-G-G-G-G-G-F-F-F,1,2,False,False
4553,F-F-F-F-F-F-F-F-F-F-F-F-F-Sh-Sh-Sh-Sh-Sh-Sh-A-A-A-A,1,2,False,False
