corrida,config,d,seed,paso,paso_inicio,seg,loss,lr,grupos8_f1_tipo_deforestacion_D1,grupos8_f1_sup_deforestacion_D1,grupos8_f1_tipo_deforestacion_D2,grupos8_f1_sup_deforestacion_D2,grupos8_f1_tipo_deforestacion_D3,grupos8_f1_sup_deforestacion_D3,grupos8_f1_tipo_expansion_urbana,grupos8_f1_sup_expansion_urbana,grupos8_f1_tipo_degradacion,grupos8_f1_sup_degradacion,grupos8_f1_tipo_regeneracion,grupos8_f1_sup_regeneracion,grupos8_S,grupos8_S_sup,grupos12_f1_tipo_deforestacion_D1,grupos12_f1_sup_deforestacion_D1,grupos12_f1_tipo_deforestacion_D2,grupos12_f1_sup_deforestacion_D2,grupos12_f1_tipo_deforestacion_D3,grupos12_f1_sup_deforestacion_D3,grupos12_f1_tipo_expansion_urbana,grupos12_f1_sup_expansion_urbana,grupos12_f1_tipo_degradacion,grupos12_f1_sup_degradacion,grupos12_f1_tipo_regeneracion,grupos12_f1_sup_regeneracion,grupos12_S,grupos12_S_sup,grupos16_f1_tipo_deforestacion_D1,grupos16_f1_sup_deforestacion_D1,grupos16_f1_tipo_deforestacion_D2,grupos16_f1_sup_deforestacion_D2,grupos16_f1_tipo_deforestacion_D3,grupos16_f1_sup_deforestacion_D3,grupos16_f1_tipo_expansion_urbana,grupos16_f1_sup_expansion_urbana,grupos16_f1_tipo_degradacion,grupos16_f1_sup_degradacion,grupos16_f1_tipo_regeneracion,grupos16_f1_sup_regeneracion,grupos16_S,grupos16_S_sup,grupos24_f1_tipo_deforestacion_D1,grupos24_f1_sup_deforestacion_D1,grupos24_f1_tipo_deforestacion_D2,grupos24_f1_sup_deforestacion_D2,grupos24_f1_tipo_deforestacion_D3,grupos24_f1_sup_deforestacion_D3,grupos24_f1_tipo_expansion_urbana,grupos24_f1_sup_expansion_urbana,grupos24_f1_tipo_degradacion,grupos24_f1_sup_degradacion,grupos24_f1_tipo_regeneracion,grupos24_f1_sup_regeneracion,grupos24_S,grupos24_S_sup,grupos32_f1_tipo_deforestacion_D1,grupos32_f1_sup_deforestacion_D1,grupos32_f1_tipo_deforestacion_D2,grupos32_f1_sup_deforestacion_D2,grupos32_f1_tipo_deforestacion_D3,grupos32_f1_sup_deforestacion_D3,grupos32_f1_tipo_expansion_urbana,grupos32_f1_sup_expansion_urbana,grupos32_f1_tipo_degradacion,grupos32_f1_sup_degradacion,grupos32_f1_tipo_regeneracion,grupos32_f1_sup_regeneracion,grupos32_S,grupos32_S_sup,grupos48_f1_tipo_deforestacion_D1,grupos48_f1_sup_deforestacion_D1,grupos48_f1_tipo_deforestacion_D2,grupos48_f1_sup_deforestacion_D2,grupos48_f1_tipo_deforestacion_D3,grupos48_f1_sup_deforestacion_D3,grupos48_f1_tipo_expansion_urbana,grupos48_f1_sup_expansion_urbana,grupos48_f1_tipo_degradacion,grupos48_f1_sup_degradacion,grupos48_f1_tipo_regeneracion,grupos48_f1_sup_regeneracion,grupos48_S,grupos48_S_sup,grupos64_f1_tipo_deforestacion_D1,grupos64_f1_sup_deforestacion_D1,grupos64_f1_tipo_deforestacion_D2,grupos64_f1_sup_deforestacion_D2,grupos64_f1_tipo_deforestacion_D3,grupos64_f1_sup_deforestacion_D3,grupos64_f1_tipo_expansion_urbana,grupos64_f1_sup_expansion_urbana,grupos64_f1_tipo_degradacion,grupos64_f1_sup_degradacion,grupos64_f1_tipo_regeneracion,grupos64_f1_sup_regeneracion,grupos64_S,grupos64_S_sup,S,S_sup,f1_tipo_deforestacion_D1,f1_sup_deforestacion_D1,fechado_deforestacion_D1,f1_tipo_deforestacion_D2,f1_sup_deforestacion_D2,fechado_deforestacion_D2,f1_tipo_deforestacion_D3,f1_sup_deforestacion_D3,fechado_deforestacion_D3,f1_tipo_expansion_urbana,f1_sup_expansion_urbana,fechado_expansion_urbana,f1_tipo_degradacion,f1_sup_degradacion,fechado_degradacion,f1_tipo_regeneracion,f1_sup_regeneracion,fechado_regeneracion,S_vecinos,S_vecinos_sup,rec_anio,rec_exacta,rec_anio_entrenamiento,rec_exacta_entrenamiento
c00_d8_s0,c00,8,0,5000,0,495.0780556201935,0.6214904189109802,0.000999577995557936,0.0,0.0,0.0,0.0,0.0,0.0,0.6586826347305389,0.9238441627829925,0.0,0.0,0.5862068965517241,0.5740209240710059,0.31122238282056575,0.3744662717134996,0.0,0.0,0.2857142857142857,0.8041366044061267,0.32038834951456313,0.8080933973122232,0.6248671625929861,0.8927488364943782,0.2485294117647059,0.02847841074698939,0.6664514045850823,0.7319677314952032,0.435470547671431,0.5476512448273385,0.0,0.0,0.2676056338028169,0.8035003984556688,0.30935251798561153,0.8084598787450522,0.6013071895424836,0.8897318901555262,0.21433962264150944,0.032956123112409946,0.6482847066367425,0.7259873582498292,0.414062725687553,0.5464988659795014,0.2040302267002519,0.5769108269961472,0.1761006289308176,0.5278466226900217,0.33640880056777855,0.6359656077491221,0.5589155370177268,0.8975894398123463,0.4048815506101938,0.24448272992582043,0.6445366528354081,0.7550012379424216,0.4617950731324028,0.6193286067064214,0.3974358974358974,0.6451043123812827,0.42044636429085674,0.6882851556526386,0.4423717521652232,0.6944296644305404,0.61328125,0.8848183466964044,0.3947175348495965,0.2526871563458172,0.6749246735855373,0.7929911423858795,0.5257520324331149,0.6516090890623971,0.5493230174081238,0.6435989655075935,0.575796178343949,0.8384832604822317,0.5921521997621879,0.8428372386170784,0.6491596638655462,0.8911922575373533,0.5203452527743526,0.5722161481430129,0.6977869986168741,0.807917678404392,0.6099289284403817,0.7615748097384316,0.5411764705882353,0.6502874551442149,0.5741239892183289,0.5935635371047835,0.6133651551312649,0.696150953449135,0.7180451127819549,0.953306748276782,0.5535714285714286,0.5743788235809963,0.7120308663626798,0.6903125496964164,0.6399673198405016,0.7161663591967264,0.4854570014322786,0.6024707496034737,0.9582348305752562,0.9985194454386949,0.5123355263157895,0.9587467362924282,0.9998029993381935,0.5484749455337691,0.9593647828117702,0.9455926387161226,0.6222005842259006,0.9573612228479486,0.4474127115068633,0.838655462184874,0.9518716577540107,0.9443972331695698,0.6894790602655771,0.9643734643734644,0.9995740297480826,0.4710191082802548,0.9580971153838105,0.8431722505638798,0.955373933169391,0.3114349775784753,0.9551381623083892,0.32625147149503897
c00_d8_s0,c00,8,0,10000,0,961.6852474212646,0.03947758674621582,0.0009848581542776886,0.0,0.0,0.0,0.0,0.35294117647058826,0.788004269292839,0.0,0.0,0.0,0.0,0.4348936170212766,0.4438986372122501,0.1381351689612015,0.17664168174413242,0.0,0.0,0.0,0.0,0.0,0.0,0.5661157024793388,0.701655435846404,0.23880597014925373,0.03210687557269863,0.565356004250797,0.6371778458049947,0.3425694192198474,0.34273503930602434,0.0,0.0,0.29899302865995353,0.8028868066599014,0.3378474697077691,0.8078730306540983,0.5491071428571429,0.8794025769722107,0.38671875,0.05567504149503349,0.5974842767295597,0.7500639584722208,0.4363975839273192,0.5555153806776996,0.3689727463312369,0.6257786381463767,0.4197359277275886,0.6729082791926403,0.4513217279174726,0.6792560882548659,0.5040650406504065,0.888698553716708,0.33406272793581326,0.23528212457201497,0.674865026994601,0.8381968447033182,0.4815840657265633,0.6553729645475006,0.5022502250225023,0.5968484791672504,0.49559748427672956,0.6445726782121911,0.5123384253819037,0.6506002948541483,0.5596153846153846,0.833623449727861,0.3087885985748218,0.22919208974932692,0.6462969113251411,0.7851757750761476,0.5045240681855983,0.619666282991133,0.5639589169000934,0.6025183698451827,0.5733252866626434,0.6492530816815141,0.5980780101752402,0.6552890837746599,0.5485961123110151,0.8567110736667108,0.5186862967157417,0.5387820585105393,0.678676711431379,0.6995457675348183,0.581103297926032,0.6826814362031302,0.4502857142857143,0.02489827918675031,0.5671052631578948,0.8304609053827806,0.5969626168224299,0.861952595479321,0.6029106029106029,0.8995838000590102,0.4993548387096774,0.4711985488278729,0.6968503937007874,0.8006105036520943,0.5843084250191035,0.6859575281388153,0.43837457556652354,0.5312243305154908,0.9453681710213777,0.9424598360946643,0.42797319932998323,0.950836820083682,0.927882207157988,0.444994499449945,0.9535864978902954,0.9250714426624033,0.4960668633235005,0.9364820846905537,0.9969552848878311,0.7530434782608696,0.9388349514563107,0.8910243939304171,0.6349534643226473,0.95897903372835,0.9848596693502649,0.41254752851711024,0.94605664155175,0.9511609608683829,0.9707073629393895,0.508744394618834,0.9726568645356586,0.5282807332249566
c00_d8_s0,c00,8,0,15000,0,1428.5779008865356,0.02205316722393036,0.0009497125223605969,0.0,0.0,0.38154269972451793,0.8058001874792587,0.41687979539641945,0.8107581914184477,0.0,0.0,0.32941176470588235,0.33631484222944685,0.4536532170119956,0.563265169762412,0.26230145335621424,0.35960820123944026,0.0,0.0,0.34553440702781846,0.803575578851255,0.38024357239512857,0.8085527191331672,0.4873096446700508,0.4938410079916431,0.26761565836298934,0.33307185425583163,0.5368837711406981,0.7847706761649518,0.38343376682868013,0.5372649094351418,0.2410196987253766,0.7929859140769645,0.3816060398078243,0.8067937958927689,0.4168260038240918,0.8113014669272913,0.5225225225225225,0.8884412133612395,0.3882424984690753,0.31246782424931907,0.5400683630839347,0.7716140270150658,0.44932932454865754,0.6940541975644915,0.3913470993117011,0.8015204517802902,0.34880239520958084,0.7447125242324597,0.5168044077134987,0.820544361689328,0.4346764346764347,0.7156049668384843,0.30398899587345257,0.23797196743507792,0.6718276674520364,0.8413294730586054,0.4573694330200459,0.6459580466415484,0.49327354260089684,0.639700448690963,0.5424721734036321,0.8322908642652788,0.5629466739967015,0.8366913519558777,0.4805491990846682,0.83673472121165,0.3442622950819672,0.31154854056433023,0.6660206718346253,0.7974842701310859,0.505932407333751,0.6788321050527766,0.528692380056444,0.6413885375168946,0.5491216655823032,0.6366273473516542,0.5880993645291739,0.8696956048796547,0.538135593220339,0.8381768650675037,0.46028767979987495,0.381261580246477,0.6785830354241144,0.7394751364067577,0.5580776946250755,0.6687043529092015,0.5209397344228804,0.6352853339581738,0.5900131406044679,0.7844388443753896,0.6468910439247005,0.8426740596251683,0.5205784204671857,0.8496885559280657,0.5286783042394015,0.6057970959473685,0.6938239159001314,0.6916844807764179,0.5822571533976837,0.7253257196595241,0.4569573190157298,0.6156782189288749,0.9481132075471698,0.981677518197738,0.42205638474295193,0.9520333680917622,0.9853212670212433,0.42278203723986857,0.9532710280373832,0.9785288156794014,0.4725490196078431,0.9260763606823721,0.995640758286165,0.7719298245614035,0.9445525291828794,0.9758037490224866,0.5540679711637487,0.9534529966534834,0.995180601719918,0.36726228462029353,0.9438052719360432,0.987116910665341,0.9762621148560683,0.5668161434977579,0.978644108866221,0.5939794831548854
c00_d8_s0,c00,8,0,20000,0,1902.7603707313538,0.014777014032006264,0.000895637119646979,0.0,0.0,0.0,0.0,0.0,0.0,0.0,0.0,0.0,0.0,0.2611585944919278,0.026141626238196446,0.06528964862298195,0.006535406559549112,0.0,0.0,0.20990764063811923,0.7350030515951194,0.373134328358209,0.808939331302018,0.46464646464646464,0.26838779706778226,0.26859205776173284,0.3698051237138825,0.47592954990215264,0.5247572000502458,0.35087884882728154,0.41939939544940574,0.23121387283236994,0.7917154574909304,0.3714873200822481,0.8090163619247247,0.4086569064290261,0.8135040026958857,0.5098039215686274,0.4880586770799704,0.2389649923896499,0.21937516368654333,0.4894894894894895,0.6317901396193171,0.39384444247391204,0.5359923136057527,0.2155688622754491,0.7919900942536445,0.3291512915129151,0.8064603289958662,0.36400817995910023,0.8109430115316528,0.5267665952890792,0.8601370344595246,0.2082994304312449,0.23037439308668065,0.6337020169160703,0.7136846829787459,0.41791937180472066,0.6518318138630014,0.33116883116883117,0.8440272443143518,0.40285714285714286,0.8531694427965232,0.44047619047619047,0.8576971346320049,0.47737556561085975,0.8084242655260047,0.39738562091503266,0.4048968890178316,0.6386105544422178,0.73231864258317,0.47621811561720795,0.699317767760325,0.44532803180914515,0.5544844130430707,0.5294888597640891,0.7868499157141563,0.5494505494505495,0.7916390535858672,0.4215568862275449,0.7951895630220727,0.3472222222222222,0.40221428179406654,0.656342668863262,0.6642330025623083,0.48330273108023925,0.6431569937065365,0.4720758693361433,0.027608206692602503,0.5296442687747036,0.7061834299012951,0.5804564072557051,0.787138020650022,0.516320474777448,0.6642360205556255,0.43928334439283345,0.40777738353625087,0.6900662251655629,0.753994251351869,0.5432655565311737,0.5832460519645963,0.39010267356535955,0.5056399632727381,0.9465408805031447,0.9831939193014462,0.46677740863787376,0.9473684210526315,0.9853986017718246,0.4081408140814081,0.9468283582089553,0.9298898693837765,0.45369458128078816,0.923202614379085,0.9956171072158932,0.6610619469026549,0.9381995133819951,0.8715470693212949,0.5223029045643154,0.9544902912621359,0.9993186614173111,0.38366179275270185,0.9407012430695316,0.9581609086933788,0.983907131491393,0.6858744394618834,0.9874106931351931,0.7262178373227198
c00_d8_s0,c00,8,0,25000,0,2370.3468215465546,0.010934722609817982,0.0008249337364567146,0.0,0.0,0.0,0.0,0.0,0.0,0.0,0.0,0.0,0.0,0.46429803380476026,0.46260559867020157,0.11607450845119006,0.11565139966755039,0.24412094064949608,0.7752610901404459,0.22937293729372937,0.7208300451411083,0.40956468424279585,0.7948941620590481,0.47984267453294,0.3419910476783273,0.2725306416726748,0.3655300186955948,0.43441358024691357,0.5436967171236837,0.3702849376286339,0.5037198873194517,0.21885913853317812,0.5785820238197026,0.21561969439728354,0.5333958748763883,0.38396897220426635,0.6355829351360994,0.5061867266591676,0.7899635787657614,0.2534351145038168,0.30801662360802773,0.5704560925799864,0.8120314346619723,0.40072346719697005,0.6231329787449562,0.39807692307692305,0.8019905058773377,0.35320088300220753,0.7467723378830528,0.44565217391304346,0.8193512139876923,0.43825665859564167,0.7998262529181314,0.34015525758645027,0.325015058656309,0.6333218351155571,0.7117443653059773,0.45267760282376,0.6564892573657779,0.5004516711833785,0.5213192627540585,0.48333333333333334,0.5650749115662826,0.47368421052631576,0.5619018295782682,0.48306997742663654,0.809158654354395,0.3952513966480447,0.2631449003532006,0.6383412644459552,0.6981502060182501,0.5006214275504114,0.5799714405063455,0.453305351521511,0.541160940510481,0.5505913272010512,0.7997006324705994,0.5747259088286208,0.8179289227762462,0.398046398046398,0.7965845451281068,0.40915208613728127,0.2469593754647383,0.6425675675675676,0.6806282467801908,0.49399339523374364,0.6109422498230362,0.47528916929547843,0.02707255252558362,0.5315315315315315,0.7948103103156099,0.5878300803673938,0.8683708976295927,0.5209397344228804,0.8506246917119804,0.44209133024487096,0.4074789002601322,0.6547116736990155,0.7531193616885792,0.5373232496912254,0.6436602184544051,0.4102426555108477,0.5333667759830748,0.9478672985781991,0.9831467321398467,0.4866666666666667,0.9453978159126365,0.973417094211437,0.4174917491749175,0.9463369108726085,0.9689838571248099,0.4561143984220907,0.9277010560519903,0.8472828918018364,0.7040280210157618,0.9344978165938864,0.8350780473186766,0.49273104880581514,0.9562575941676792,0.9724212888409343,0.40184243964421856,0.9412476188170094,0.9074911972800362,0.9889483581657746,0.7926008968609866,0.9926818550873494,0.8388362576377599
c00_d8_s0,c00,8,0,30000,0,2839.18594288826,0.007921471260488033,0.0007406119548704389,0.0,0.0,0.0,0.0,0.0,0.0,0.0,0.0,0.0,0.0,0.0,0.0,0.0,0.0,0.0,0.0,0.27638572513287774,0.6025982185131132,0.31630510846745974,0.6097133404309467,0.0,0.0,0.0,0.0,0.45616950560864145,0.3702700473351286,0.16343327920218848,0.1935934750791205,0.0,0.0,0.22502099076406382,0.5340119188957233,0.38481338481338484,0.6356638886325555,0.4977973568281938,0.381140430866703,0.258160237388724,0.3758835957815314,0.5519036771884153,0.7046554088189068,0.377784849149454,0.46289284282747517,0.20451843043995244,0.7905713623064944,0.2103448275862069,0.7355507109021895,0.3695797198132088,0.8095947103017291,0.49173553719008267,0.8186269360192564,0.3261802575107296,0.2429419218237172,0.6246803069053708,0.8311741184923189,0.42601927355482644,0.6678288093763576,0.48,0.5955874773113252,0.41412742382271467,0.5491556321236076,0.4645161290322581,0.6233508198196631,0.46964490263459335,0.5554138754475244,0.33260711692084244,0.2517014842974033,0.6242127361791463,0.7473254757489664,0.4698364850048933,0.5359513696446898,0.47896440129449835,0.02734713254608936,0.5003474635163307,0.7324075805444598,0.5477477477477477,0.8135818021585804,0.4837310195227766,0.7990239765387014,0.4594240837696335,0.4158664701512462,0.65165472534971,0.6923238016452414,0.5259574248737447,0.607914938354558,0.5332086061739943,0.5599166393774753,0.5374507227332457,0.7889132552090078,0.5823081429408319,0.8233735144413088,0.4735632183908046,0.8455896082915532,0.43636363636363634,0.40916483191275516,0.6809492419248517,0.6144191355202183,0.5354663134904959,0.6483103446834476,0.35692823218222897,0.44521311142366404,0.9364705882352942,0.9831003355875502,0.4991624790619765,0.9433766233766234,0.9853287179456355,0.4289647577092511,0.9407925407925408,0.9773585580243074,0.46085232903865214,0.9294403892944039,0.9970712826313981,0.6849912739965096,0.9343704423918328,0.7934253920115732,0.514047866805411,0.9546974764366069,0.9977159374673281,0.38949044585987264,0.9396803897310825,0.9425354539906994,0.9904527701432084,0.8226457399103139,0.9940471131572904,0.8661359941700768
c00_d8_s0,c00,8,0,35000,33500,46.65376138687134,0.006179830990731716,0.0006462610419276992,0.0,0.0,0.0,0.0,0.3089542036910458,0.4300236213483237,0.0,0.0,0.0,0.0,0.0,0.0,0.025746183640920486,0.035835301779026975,0.0,0.0,0.22644628099173553,0.5339341799908977,0.22995461422087746,0.5310050601818527,0.0,0.0,0.2742857142857143,0.3704031339412679,0.320596458527493,0.3648117941401048,0.18675395113768622,0.2725486687014057,0.0,0.0,0.218303946263644,0.5337348472545663,0.3761232349165597,0.6348027377499031,0.49035187287173665,0.7801569158945901,0.2607385079125848,0.3074621041030781,0.4634146341463415,0.7118852053446003,0.35316185216434937,0.547254188419273,0.21394230769230768,0.7908597247059572,0.21198957428323198,0.735554296239612,0.3611859838274933,0.8094100971397372,0.4199029126213592,0.6667088977590927,0.35137034434293746,0.23831766986735137,0.6218430034129693,0.7794094601162782,0.41387222057790257,0.6157610167761227,0.382089552238806,0.5196563012479536,0.33081570996978854,0.4785543881306461,0.3964757709251101,0.5627492103786393,0.46924829157175396,0.7990892998496822,0.3094890510948905,0.23854712098835246,0.6334130509053638,0.6953790128121319,0.4454860178208108,0.5633338500589783,0.47132429614181437,0.5595308082273737,0.5462962962962963,0.7465449910894691,0.5659500290528763,0.8257648369085363,0.4884210526315789,0.8165505600748958,0.4277305428384565,0.39960159424560704,0.6390013495276653,0.6988445687529494,0.5207524547070074,0.656402567120478,0.501039501039501,0.5504833215734802,0.5657894736842105,0.7534677844093245,0.5625,0.7495500289806342,0.5310853530031612,0.8387336421070506,0.3744493392070485,0.4689006835700121,0.6786502680542416,0.725200048855808,0.5318236546264221,0.6793336882135043,0.35394233352501414,0.4814956115812556,0.9413604378420641,0.9830944570139584,0.5066445182724253,0.9452479338842975,0.9853309508321683,0.4284153005464481,0.9453197405004634,0.9801856279973366,0.4612745098039216,0.9332247557003257,0.9972281414636516,0.618673647469459,0.9404878048780487,0.8072139639949875,0.4932572614107884,0.9541729893778452,0.9979566441442306,0.3772264631043257,0.9429653968412903,0.946317273721006,0.9895848401562274,0.8071748878923767,0.9933020981575345,0.8502158192723808
c00_d8_s0,c00,8,0,40000,33500,163.63965439796448,0.004057961981743574,0.0005458971677758271,0.0,0.0,0.0,0.0,0.0,0.0,0.0,0.0,0.0,0.0,0.0,0.0,0.0,0.0,0.0,0.0,0.0,0.0,0.27467811158798283,0.22106677222717874,0.0,0.0,0.0,0.0,0.41788617886178864,0.37444733398835606,0.12736138734777908,0.11203406451602058,0.23234624145785876,0.7919118585088613,0.227234753550543,0.7365820461103031,0.3648124191461837,0.8087660565511653,0.4896551724137931,0.8292455770405626,0.24078254326561324,0.37007120944639676,0.44608223429014743,0.7143310596107126,0.3628294386719372,0.6731836249552788,0.2048780487804878,0.5769912845081445,0.38324175824175827,0.6300699482435824,0.41709183673469385,0.6362870452164087,0.4836471754212091,0.7176976618643012,0.27910339840925524,0.232643511817246,0.5444724522866402,0.7273790069354094,0.4105733935090211,0.5730424016515838,0.2123456790123457,0.5023111988157271,0.3127962085308057,0.5097067731887615,0.32365747460087085,0.5134311745782612,0.44930875576036866,0.5608722421651363,0.2857142857142857,0.23601664285613344,0.6177715091678421,0.7334114654653698,0.4089319178392926,0.509695849836889,0.5239923224568138,0.512742257092135,0.47156726768377255,0.4704513615155755,0.5175757575757576,0.5003959382351465,0.454337899543379,0.844475545481955,0.38513513513513514,0.39167789993012486,0.6469344608879493,0.7944079473748342,0.49769648620131113,0.6312728112669665,0.4979508196721312,0.5484196384215332,0.5162162162162162,0.7416409915443192,0.5356500898741762,0.7775356726988768,0.4745762711864407,0.8464224065810396,0.4605516356638871,0.40986484106961246,0.6849757673667205,0.6987055435963655,0.5341773457011391,0.6610478897004818,0.3345099956100686,0.45146809170388863,0.9353312302839116,0.9438897168253572,0.4730185497470489,0.9398340248962656,0.8704063814889265,0.40783664459161145,0.9393656716417911,0.839805351059839,0.43644488579940416,0.934092758340114,0.9972521758151197,0.6315331010452961,0.928919182083739,0.8350811068169336,0.5188679245283019,0.954200788595693,0.9979627265554805,0.3712650985378258,0.9388474261567171,0.9287491230780603,0.9919788803703168,0.8556053811659193,0.9964268212633067,0.911261842031504
c00_d8_s0,c00,8,0,45000,33500,282.07783937454224,0.0028392618987709284,0.00044379245212906274,0.0,0.0,0.0,0.0,0.0,0.0,0.0,0.0,0.0,0.0,0.0,0.0,0.0,0.0,0.0,0.0,0.22001654259718775,0.5337613907723255,0.21650264950794854,0.530797693524026,0.0,0.0,0.26822157434402333,0.37270650227057056,0.2957486136783734,0.3612997779585356,0.17736914634769385,0.2722148270819725,0.0,0.0,0.22861842105263158,0.7217409544824747,0.3573707721761327,0.793793026160925,0.4771689497716895,0.8226626093230888,0.24774774774774774,0.3644132445191597,0.379746835443038,0.7132098850038576,0.3249983160096825,0.6013659330984765,0.4019704433497537,0.5962954798236788,0.4387959866220736,0.6461149592610824,0.4268823895457374,0.6425419458985654,0.4233576642335766,0.7919918508477477,0.21887390959555908,0.38627840613337777,0.6172680412371134,0.7852650378664149,0.420512305393026,0.6479631891271623,0.3880597014925373,0.5206303729971464,0.4244459368703828,0.5037991286146415,0.5008537279453614,0.5915863255302732,0.4767309875141884,0.7399366556038717,0.25039619651347067,0.23509742912081116,0.6096965469131497,0.7818734957061169,0.4436525465942257,0.5738948807028716,0.47639034627492133,0.5409950122577801,0.5674967234600262,0.7374496666064834,0.576878612716763,0.7371926695038882,0.3801242236024845,0.7973408508898358,0.3726346433770015,0.23365651158360265,0.6354883081155434,0.5951519619092055,0.4821256006447332,0.5745071101263403,0.5123339658444023,0.5486630125369107,0.5354330708661418,0.7830094023800362,0.5652428320655354,0.8161225086999067,0.5470588235294118,0.8497981304512815,0.47234873129473,0.47294297497275173,0.6679973386560213,0.8077314010140535,0.5562687124347141,0.7116010369109261,0.34356094677486787,0.4830781395782499,0.9414556962025317,0.983072394290241,0.48823529411764705,0.9453409682457053,0.9394014058759336,0.4157488986784141,0.9438727782974743,0.921931765204322,0.44202180376610506,0.9322448979591836,0.9972237850461356,0.6567425569176882,0.9336561743341404,0.8865524668295969,0.5025933609958506,0.9508793208004851,0.9888709945568623,0.39285714285714285,0.9400842185022616,0.9551956087223568,0.9938449298423261,0.9029147982062781,0.9982061774763159,0.954089354784461
c00_d8_s0,c00,8,0,50000,33500,399.1682798862457,0.0019672417547553778,0.00034429311589923944,0.0,0.0,0.0,0.0,0.0,0.0,0.0,0.0,0.0,0.0,0.0,0.0,0.0,0.0,0.0,0.0,0.22406639004149378,0.5337696642587454,0.2201974183750949,0.5308058962689535,0.0,0.0,0.2716049382716049,0.3728596577749869,0.29935125115848005,0.3619430775867091,0.17976103139223698,0.27241531388439894,0.23648648648648649,0.7920505303242054,0.23032311516155757,0.7367261753261358,0.3556701030927835,0.8090436399578028,0.4704519119351101,0.7904243797702316,0.2483271375464684,0.3606666902008586,0.39045936395759717,0.6656446985757082,0.3458495787548629,0.6490023042707116,0.21428571428571427,0.5777589350298957,0.3217197924388436,0.6279374653497372,0.34360027378507874,0.6340653880147424,0.37673830594184576,0.80417302730923,0.20109976433621368,0.017131318355020214,0.6107016981736623,0.7106158082506302,0.37043542382206684,0.536293520844918,0.19306930693069307,0.49543844164945944,0.3882940756602427,0.7383183301006571,0.4044943820224719,0.7421841235386087,0.46950517836593786,0.7075880327993009,0.3183791606367583,0.25306855312685883,0.6269465132024373,0.6925252565299558,0.43586252676906734,0.5779572018880893,0.48533872598584427,0.5586687237231793,0.5261070720423001,0.826547984217242,0.5601851851851852,0.826886898831008,0.3975609756097561,0.7967180710222304,0.35555555555555557,0.05860844097877826,0.6602585349685117,0.625468778442009,0.4843130151345667,0.5545407898417067,0.5210727969348659,0.5214534785937218,0.5714285714285714,0.703995531549171,0.6049661399548533,0.7654556283559264,0.47442872687704024,0.8253560334420352,0.4463130659767141,0.24938771740960744,0.6458690435378814,0.807414101995965,0.5331083347910999,0.6364481830868035,0.33561855866627155,0.46095104483094695,0.9358669833729216,0.9439832372805255,0.4602368866328257,0.9386694386694386,0.9060816333775078,0.3831672203765227,0.9378214118747078,0.8739503533269543,0.4122632103688933,0.919672131147541,0.9963817880982117,0.6390374331550802,0.9335274138767589,0.8346594007109271,0.4885654885654886,0.9485160508782556,0.9652382718464928,0.3885696040868455,0.9347920518020612,0.9260711338293235,0.9945031100824534,0.915695067264574,0.9988842857892005,0.9698413588205617
c00_d8_s0,c00,8,0,55000,33500,519.0972385406494,0.0011186172487214208,0.00025163447861196694,0.0,0.0,0.0,0.0,0.0,0.0,0.0,0.0,0.0,0.0,0.30782608695652175,0.17593063790961114,0.07695652173913044,0.043982659477402784,0.25905598243688255,0.7757222958048373,0.24552845528455283,0.7229878194646876,0.42291285801340645,0.7961268485444863,0.466864490603363,0.2482499537287915,0.2797704447632712,0.36667454353861983,0.43964519861164675,0.4002491952301725,0.37386147480580706,0.44502983677556357,0.0,0.0,0.20857863751051303,0.5326338330135683,0.3506078055022393,0.6330544457682872,0.49718785151856015,0.6952493057592419,0.24961715160796324,0.3893652641698408,0.4456649666535896,0.7051689828626532,0.34471636269609096,0.544586578096422,0.3745173745173745,0.5932461819125,0.43421905379131565,0.6415763654607002,0.4459214501510574,0.6465156104535467,0.4177997527812114,0.7969520154363403,0.33170048985304407,0.39846013867853447,0.5816539263377345,0.6350359671887285,0.4373433654479764,0.6143902101447963,0.3678861788617886,0.5898167948069615,0.4136460554371002,0.7328584043905474,0.48,0.8037247668364305,0.4384525205158265,0.7966043422817274,0.3195950831525669,0.2533907038916758,0.6253869969040248,0.6223273245555188,0.4509863363346786,0.5952805898517254,0.48927875243664715,0.5370190700846874,0.5599006828057107,0.7863918082925456,0.5455600696459664,0.7827045248763994,0.3652173913043478,0.794542949367739,0.45029624753127057,0.4142830018534931,0.6395589248793935,0.6741407330930642,0.49666309966944666,0.6462512880163769,0.520039100684262,0.5249759446329958,0.5209742895805142,0.6855929159917531,0.5482717520858165,0.7646296409777673,0.4449648711943794,0.79770986396842,0.4567338972023422,0.46885202103024465,0.6843657817109144,0.612478006220502,0.5289565660561251,0.6343598479383347,0.38706910382132215,0.5034115729000888,0.9383886255924171,0.9831024231246439,0.5361952861952862,0.9443577743109725,0.9394247065965772,0.44328193832599116,0.9417249417249417,0.9005350880195288,0.46683168316831686,0.9304987735077678,0.9971536549922616,0.6159929701230229,0.9341723136495643,0.8887893427930673,0.5170984455958549,0.9529875644525326,0.9920488751680886,0.4086569064290261,0.939787274704827,0.9547531530500836,0.9931795168523072,0.887219730941704,0.9976853902920205,0.9374964964403835
c00_d8_s0,c00,8,0,60000,33500,647.888325214386,0.0006242712843231857,0.00016976067648552838,0.0,0.0,0.0,0.0,0.0,0.0,0.0,0.0,0.0,0.0,0.0,0.0,0.0,0.0,0.0,0.0,0.25992217898832687,0.2169281387641612,0.3020758768790265,0.22921053782405115,0.0,0.0,0.0,0.0,0.42404809619238476,0.40576144501159206,0.15284519537037564,0.1386185843019157,0.0,0.0,0.38627187079407804,0.8069516131052215,0.4192740926157697,0.8114556637692324,0.5045454545454545,0.8273594920006332,0.2479584261321455,0.365336300714027,0.4617760617760618,0.46558271742298,0.3706988158975694,0.5494369006072812,0.21215733015494637,0.5784822566869661,0.33853006681514475,0.6298317430462024,0.3591501028101439,0.6349085524644936,0.4177997527812114,0.7982000232536012,0.3192227619708536,0.04916746063318154,0.5690834473324213,0.6745944426931485,0.4023462821694745,0.534092360994788,0.36016096579476864,0.5911106041047264,0.46261089987325726,0.6456522914896009,0.4686390532544379,0.6505314764582927,0.3869346733668342,0.688223584379776,0.37799717912552894,0.0614570278756501,0.6412371134020619,0.7451455564140166,0.4591598180504783,0.5309810731717457,0.45585215605749485,0.5486958496096491,0.4411979547114682,0.7041660442474716,0.5352112676056338,0.7879090220075621,0.4150513112884835,0.8147622321184977,0.3972972972972973,0.05767588163938199,0.6841593780369291,0.6748652643529808,0.4934821115202272,0.5568900875164386,0.5215605749486653,0.5531997612622641,0.5293720459149224,0.7177667842390785,0.5518474374255066,0.798397629291842,0.5490196078431373,0.7130759316318519,0.47586206896551725,0.06339336732524924,0.6895261845386533,0.6119504147334236,0.5621669701942515,0.5195519429887299,0.34867131331462525,0.4042244213686998,0.9374505146476643,0.983175353336345,0.47635135135135137,0.94375,0.9394802547324054,0.3995584988962472,0.9428303655107779,0.9393189003785202,0.4249502982107356,0.9314845024469821,0.9972173235933884,0.6024518388791593,0.9317191283292978,0.8872707905972914,0.5285862785862786,0.9500151469251742,0.9694464845717862,0.39126275510204084,0.9386406011052337,0.9519815253945557,0.9951468248227976,0.9278026905829596,0.9995479277914102,0.9868826727955603
c00_d8_s0,c00,8,0,65000,33500,775.4708378314972,0.0003200961509719491,0.00010215677510851301,0.0,0.0,0.0,0.0,0.0,0.0,0.0,0.0,0.0,0.0,0.3283197249677697,0.17827573413684675,0.08207993124194242,0.04456893353421169,0.0,0.0,0.26749611197511663,0.4221297303510701,0.3090128755364807,0.43149208464555183,0.4598168870803662,0.40687069261330633,0.0,0.0,0.4618556701030928,0.5589582818581706,0.2784605549218312,0.3125923948675877,0.23900789177001128,0.7376272204842677,0.23217247097844113,0.6844677810394535,0.3665594855305466,0.7635721412197661,0.4789053591790194,0.7901318208918038,0.24251497005988024,0.365323611486187,0.4399839421918908,0.6417489730893873,0.3601627218809475,0.6314400299288018,0.2719614921780987,0.03760778854597658,0.4382520582647245,0.6410711456538195,0.4636309875813128,0.6471225329993501,0.47410358565737054,0.8402489312481788,0.3326226012793177,0.25351839659471076,0.572684246112238,0.7098060773221994,0.4426729864309096,0.5613768068912011,0.37139807897545357,0.506096291875082,0.32643312101910826,0.466022634891283,0.4005270092226614,0.5765405042275495,0.441073512252042,0.8148842214913542,0.39861111111111114,0.41859577912357776,0.642051282051282,0.6519884718334932,0.4619638271217107,0.6004220706949325,0.5190243902439025,0.5505537066755477,0.5268817204301075,0.7346477870546262,0.5529411764705883,0.7541165724670502,0.5279503105590062,0.885222568674412,0.45202020202020204,0.2598259381617654,0.6628378378378378,0.6921149394360573,0.5439393615329781,0.6292340337511607,0.4850976361767729,0.5054144573588568,0.5446371226718048,0.6852435742256593,0.5833333333333334,0.7474397608171833,0.5305676855895196,0.8816659907469548,0.5060975609756098,0.2595754287717748,0.6887755102040817,0.7497087544129432,0.5657825302074619,0.6342456928497264,0.3907231304768259,0.4876971375025175,0.939873417721519,0.9831733536533804,0.4663299663299663,0.9428274428274428,0.9035751078527599,0.3958103638368247,0.9416160672582905,0.9037202244448062,0.4211309523809524,0.9279869067103109,0.9971687836151022,0.6022927689594356,0.9341085271317829,0.9140821125892917,0.5057053941908713,0.9500151469251742,0.9694495868047125,0.40369897959183676,0.9383873891757547,0.9527141779148554,0.9952697815709532,0.9307174887892377,0.9997287566748462,0.9919838555972869
c00_d8_s0,c00,8,0,70000,33500,901.0275967121124,0.0001886240061139688,5.170042305988327e-05,0.0,0.0,0.0,0.0,0.3167912984364378,0.22929894331401196,0.0,0.0,0.0,0.0,0.3025064822817632,0.023348850990385996,0.10202589544014394,0.024945458023764164,0.0,0.0,0.2755417956656347,0.4221849972667706,0.3148148148148148,0.43154539587314755,0.47011144883485306,0.4068685067967056,0.0,0.0,0.4636251541307028,0.5585961008131619,0.2826305349480931,0.3125103513307934,0.0,0.0,0.35392088827203333,0.6288899179216593,0.39021249195106245,0.6351012211874962,0.48703494926719276,0.7226584680752656,0.27293064876957496,0.37442249666094096,0.5391304347826087,0.7987737798970937,0.38678512322343545,0.579296281084088,0.21479713603818615,0.5777532687541844,0.33633633633633636,0.6301671312100845,0.35318559556786705,0.631783949841091,0.40099626400996263,0.8190220688650154,0.33286516853932585,0.404919277644323,0.570627409744129,0.6059676441115561,0.40148213290188683,0.610785943472337,0.49019607843137253,0.5247911601252236,0.4302567661346287,0.4834873431966654,0.4848837209302326,0.5911270643334144,0.383248730964467,0.6765028506518279,0.2880354505169867,0.24383655765580306,0.6506777893639207,0.7795380132356329,0.4476018731693631,0.5582531526904245,0.5082125603864734,0.4300938714883276,0.5548926014319809,0.7679601180759644,0.569351230425056,0.7718527307351347,0.3956043956043956,0.7956615556813481,0.4862068965517241,0.243448225865808,0.6554168072899089,0.6930644596622592,0.5203450575484664,0.5972024536606394,0.4933078393881453,0.6269738408309029,0.5156562291805463,0.8322931967896839,0.5570071258907363,0.8622840760601705,0.5352697095435685,0.8862244623862279,0.41524846834581347,0.24361402144179575,0.6897208121827412,0.6965733196175671,0.5405573470563164,0.6500655436681274,0.3830611377553864,0.47615131199002486,0.9430379746835443,0.9831789417716429,0.46308724832214765,0.9458896982310093,0.9395143519464811,0.3949394939493949,0.9452503509592888,0.9393531619747892,0.42227722772277226,0.9287469287469288,0.9971987668739695,0.5925925925925926,0.9355932203389831,0.9294818676566577,0.5238095238095238,0.9497882637628554,0.9694459720013949,0.4054140127388535,0.9397136052016786,0.9625355229407482,0.9952987125705193,0.9331838565022421,0.9998426788714108,0.9952351589214642
c00_d8_s0,c00,8,0,75000,33500,1029.6342310905457,8.789578714640811e-05,2.053936102937605e-05,0.0,0.0,0.0,0.0,0.31815091774303195,0.22930010229128267,0.0,0.0,0.0,0.0,0.29796448679081855,0.023350156623000228,0.10100369817629064,0.024945881013356947,0.0,0.0,0.0,0.0,0.24328147100424327,0.10345515606924739,0.4656964656964657,0.4027787249469518,0.0,0.0,0.44590643274853803,0.7076130678386047,0.2481741805282712,0.28621921120215976,0.0,0.0,0.2172096908939014,0.5339639982169662,0.37046467218332274,0.6347075028238648,0.49035187287173665,0.7043283319792754,0.2503793626707132,0.3800852153130211,0.4610467439073112,0.7301185837593704,0.34941735845220895,0.5510223245163193,0.3697967086156825,0.5927232970986721,0.42282749675745784,0.6441453977760975,0.4316807738814994,0.6490275139817917,0.43658536585365854,0.8046580871492127,0.3142660234321158,0.03965251241305083,0.6247176508551145,0.7862251154316067,0.44591767497310886,0.564791946153181,0.3605514316012725,0.5074726899306872,0.408738548273432,0.5724789871895453,0.41672109732201174,0.5780837637054674,0.4682814302191465,0.8128720551129808,0.3803191489361702,0.24285121940513082,0.6203130688023298,0.6907479820107977,0.4660626684224713,0.5747874342010356,0.47770069375619423,0.05525017201690296,0.49936305732484076,0.7194163421805858,0.5700378583017848,0.7943865172712641,0.4073170731707317,0.7956868715227992,0.2961808261886204,0.22757460304676952,0.6794503036113775,0.6961945526465797,0.47466218485791734,0.5606184260930999,0.5256166982922201,0.5586424674674246,0.5561224489795918,0.7083328867472078,0.6077348066298343,0.7898856199732576,0.49052396878483834,0.84716803294997,0.47715736040609136,0.24966689703769468,0.6619623655913979,0.6951517579560083,0.5482004198540523,0.6194017531682423,0.3762054550377601,0.4545409966210564,0.9407114624505929,0.9690076978214197,0.47058823529411764,0.9443577743109725,0.9283739838188497,0.401431718061674,0.9438727782974743,0.9283105551038736,0.4241823587710605,0.9296235679214403,0.997203650236405,0.6029929577464789,0.9324324324324325,0.8738753680051436,0.522256728778468,0.9512269009391093,0.9694462989035337,0.4143312101910828,0.9390658932448321,0.9456056823482826,0.9953710400694344,0.9356502242152467,0.9999023524029447,0.9970289814451483
c00_d8_s0,c00,8,0,80000,33500,1157.0622036457062,6.588559335796162e-05,1.0000000422909809e-05,0.0,0.0,0.0,0.0,0.32103825136612024,0.4308690987514749,0.0,0.0,0.0,0.0,0.0,0.0,0.026753187613843352,0.035905758229289576,0.0,0.0,0.0,0.0,0.24366197183098592,0.10645941234577443,0.4673684210526316,0.2574900324862648,0.0,0.0,0.44306569343065694,0.5946763046327485,0.24791369294007098,0.2219132019752345,0.0,0.0,0.21775544388609716,0.5340951393184806,0.38259756877799106,0.6352614835062506,0.47555555555555556,0.6986799267714364,0.2581132075471698,0.38780751223839,0.4579365079365079,0.7741838272532188,0.3479307354818157,0.5626142018011555,0.20952380952380953,0.5784663766385476,0.20362381363244175,0.5335513658618045,0.32005494505494503,0.6330739055606653,0.47532729103726085,0.8085582857273178,0.31840796019900497,0.2428242292453544,0.6364193746167995,0.713099381946627,0.418638870480866,0.5865447782349096,0.19530284301606923,0.576577768828968,0.3116465863453815,0.5387591395139962,0.39893617021276595,0.6390822369365827,0.46029919447640966,0.82589373267224,0.3074691805656273,0.24180298377855647,0.6410081743869209,0.6935104022684888,0.4276846039884242,0.5865033751197836,0.4888888888888889,0.558644943465523,0.5295315682281059,0.7445419595787557,0.578177727784027,0.8279119214164974,0.37623762376237624,0.7953354501694591,0.3236196319018405,0.2474124316903969,0.6512252433702584,0.6094610519094025,0.4708204735003706,0.5906438021473793,0.5098855359001041,0.5079069340284705,0.5140939597315436,0.6951000293296603,0.5579450418160096,0.7748210852387883,0.47415730337078654,0.8330768674591547,0.5094224924012158,0.6047925686124641,0.6738562091503268,0.70494965217613,0.5461860460178871,0.7005237761116805,0.35513251571761106,0.4692355562313475,0.9376479873717443,0.9830827177226563,0.4730639730639731,0.9423376623376624,0.9394460463069864,0.40683572216097025,0.9420018709073901,0.9393543942509535,0.42899702085402186,0.92886345053148,0.9971985698444874,0.602112676056338,0.9323671497584541,0.8738830779652504,0.5202072538860104,0.9503331314354937,0.969445134801208,0.41077119184193756,0.9380565596494234,0.9486219588427862,0.9955156950672646,0.9369955156950672,0.9999132021359508,0.9973092662144739
c01_d8_s0,c01,8,0,5000,0,712.8320600986481,0.37710246443748474,0.0029987339866738077,0.0,0.0,0.0,0.0,0.0,0.0,0.0,0.0,0.0,0.0,0.4580498866213152,0.45949927187457207,0.1145124716553288,0.11487481796864302,0.0,0.0,0.0,0.0,0.0,0.0,0.418426103646833,0.09154771009692653,0.0,0.0,0.5188953488372093,0.5523160164505619,0.23433036312101058,0.16096593163687212,0.0,0.0,0.0,0.0,0.0,0.0,0.5600691443388073,0.20726209748027272,0.0,0.0,0.575036075036075,0.6200453772551181,0.2837763048437206,0.2068268686838477,0.2956058588548602,0.02923071397284923,0.34554140127388533,0.47461940574104095,0.3304093567251462,0.4717729034592462,0.5513833992094862,0.7777418885710188,0.2916666666666667,0.04503641563633462,0.6716016150740243,0.7731175819921722,0.45962597164203534,0.48027589014764277,0.40543601359003395,0.5176811239447546,0.4213606437454279,0.5221604376493174,0.4733876017532874,0.7504105294271124,0.6058823529411764,0.8199953914851607,0.42159383033419023,0.2275433346084273,0.6847862114683461,0.7359633477484473,0.5364142869433239,0.5950631927122741,0.38882421420256114,0.5469386760481028,0.5006765899864682,0.6111980709869009,0.5240641711229946,0.7801708835270895,0.5893037336024218,0.48339843652691855,0.45593108018555334,0.4805471968758746,0.7345075016307893,0.6663152110045367,0.5627326601306931,0.5690908469820068,0.549407114624506,0.788223980008876,0.6121965660153937,0.8093047092382983,0.5907828983897835,0.8084569345232788,0.6748582230623819,0.4473854349731713,0.5253333333333333,0.6959887426749926,0.7441099476439791,0.8740496690327748,0.6321075909290639,0.7048547636511058,0.403357092752168,0.4045646159689132,0.9440124416796267,0.9981584267818421,0.48846787479406917,0.9479112944816916,0.9528391527097081,0.5636561479869423,0.9461966604823747,0.9532078263981683,0.6362745098039215,0.946271050521251,0.6208438943296611,1.0059322033898306,0.9388753056234719,0.9033215509830983,0.6203125,0.9638407778790641,0.9969503547282971,0.4265447667087011,0.9487568165595878,0.8722960671677407,0.9651743092723853,0.45358744394618833,0.9673585782509869,0.4790627277313751
c01_d8_s0,c01,8,0,10000,0,1426.4788055419922,0.03519517928361893,0.002954574462833066,0.0,0.0,0.0,0.0,0.0,0.0,0.0,0.0,0.0,0.0,0.4556354916067146,0.2832954865272163,0.11390887290167866,0.07082387163180408,0.0,0.0,0.0,0.0,0.0,0.0,0.3617886178861789,0.148396671202156,0.0,0.0,0.5389916575988393,0.24569227050607015,0.22519506887125454,0.09852223542705654,0.0,0.0,0.0,0.0,0.0,0.0,0.3450789793438639,0.4398427620676843,0.0,0.0,0.5862960568842922,0.6061862190964116,0.23284375905703902,0.261507245291024,0.0,0.0,0.12202097235462345,0.001965503823084225,0.23574144486692014,0.3807457268001522,0.540590405904059,0.3126769375297058,0.19344524380495604,0.0271932027561944,0.6151704940848991,0.533898423977692,0.3671150707169405,0.2503347436178344,0.40135287485907556,0.5558254385096674,0.3954022988505747,0.5061357996903222,0.4461738002594034,0.7549392379654954,0.529045643153527,0.39685628370155573,0.19836065573770492,0.027329793414514435,0.6507772020725389,0.5628236940936672,0.4481232897383638,0.39816081581622476,0.5050709939148073,0.5558914342759304,0.5182809493264914,0.702270324094183,0.5532626882320134,0.7702137411237854,0.6288557213930348,0.4663397490108306,0.39207650273224043,0.24787196709550016,0.6898195437521281,0.6736964769853354,0.5590724945921268,0.5160083398974081,0.5255157437567861,0.5436222847865174,0.5693996126533247,0.7651771796784322,0.5769007544979686,0.761989981712341,0.6371347785108389,0.3292728749491752,0.4645820038289726,0.6132428555334959,0.7326923076923076,0.8349005440909425,0.5979202817503697,0.6169198558248443,0.3634541196611104,0.31603958678659944,0.9270186335403726,0.957697023129673,0.4304857621440536,0.9344933469805528,0.9255614270929479,0.5312157721796276,0.9351127473538886,0.8998310090704433,0.5856299212598425,0.9444891391794047,0.5165537111851554,0.9378194207836457,0.9403647116806308,0.926729843488294,0.5738993710691824,0.9575757575757575,0.9923094358264943,0.4170886075949367,0.9436594627651829,0.8408223692327412,0.9699189932012151,0.5022421524663677,0.9713964872181103,0.5151073490666517
c01_d8_s0,c01,8,0,15000,0,2146.746782064438,0.02860579453408718,0.0028491375670817902,0.0,0.0,0.0,0.0,0.0,0.0,0.0,0.0,0.0,0.0,0.313173933427098,0.02460627299522238,0.0782934833567745,0.006151568248805595,0.0,0.0,0.0,0.0,0.0,0.0,0.0,0.0,0.0,0.0,0.4991624790619765,0.532056873244554,0.12479061976549413,0.1330142183111385,0.0,0.0,0.0,0.0,0.0,0.0,0.4521224086870681,0.4279145467140655,0.0,0.0,0.5191612436731743,0.5443648509582014,0.2428209130900606,0.24306984941806672,0.0,0.0,0.1097445600756859,0.0017441606144517285,0.2599854756717502,0.41797047051959585,0.4593088071348941,0.47249208359267864,0.0,0.0,0.6099485420240137,0.6644286498934044,0.2981251736020133,0.3192064026326914,0.3816091954022989,0.5395045824124889,0.43162393162393164,0.7542118928408444,0.42216358839050133,0.7537926784479233,0.5395833333333333,0.36851750208009665,0.17970049916805325,0.026905193542919006,0.624244578741557,0.5787067305061449,0.4388318290954636,0.41415811934072816,0.3329253365973072,0.4413160085759218,0.38837920489296635,0.5017194892168807,0.44818976279650435,0.4997361273025806,0.6080305927342257,0.6274845749834141,0.3094393186657204,0.0338023346775002,0.6609305289993627,0.540729357165423,0.492057968790392,0.42073503546453295,0.34517766497461927,0.3270227700294487,0.4589928057553957,0.6397717051248333,0.474025974025974,0.641652340597115,0.6384692849949648,0.8707965052898764,0.3694102397926118,0.24676718396450592,0.6709633649932157,0.5592637031134788,0.5262270928415305,0.553244082737915,0.3144495829345327,0.29851132516483975,0.9284603421461898,0.9575206976315244,0.45896147403685095,0.9380440348182284,0.9429927928111711,0.5622270742358079,0.9391143911439115,0.9433470463313335,0.6070726915520629,0.9385113268608414,0.3484677846478244,0.8724137931034482,0.9455615497793036,0.9193186326935158,0.558091286307054,0.9501058361052314,0.9933531477779358,0.3952896244430299,0.9423462421953717,0.8022732693443214,0.9728482569072762,0.5273542600896861,0.9737870450571329,0.523628006054151
c01_d8_s0,c01,8,0,20000,0,2861.165704727173,0.024845026433467865,0.002686911358940937,0.0,0.0,0.0,0.0,0.0,0.0,0.0,0.0,0.0,0.0,0.3989071038251366,0.06511551896207671,0.09972677595628415,0.016278879740519177,0.0,0.0,0.0,0.0,0.0,0.0,0.0,0.0,0.0,0.0,0.4588966021191085,0.5267717325904883,0.11472415052977712,0.13169293314762207,0.0,0.0,0.0,0.0,0.0,0.0,0.352112676056338,0.38361799274406233,0.0,0.0,0.5404509283819628,0.640693260460158,0.2231409011095752,0.25607781330105506,0.0,0.0,0.0,0.0,0.0,0.0,0.2889165628891656,0.3800470347507916,0.0,0.0,0.5702422145328719,0.6451903859495516,0.21478969435550938,0.2563093551750858,0.0,0.0,0.10836501901140684,0.0013975158313242592,0.1013745704467354,0.0013896728005236723,0.49500998003992014,0.5399060759966805,0.13504273504273503,0.015955626812101317,0.569583931133429,0.5438058359234687,0.3173874606755329,0.2751491504023833,0.31446540880503143,0.04544879848373246,0.22621184919210055,0.03936485541475661,0.20717781402936378,0.03899825236738758,0.4826862539349423,0.4215636458105222,0.1099476439790576,0.007044398106789764,0.5744203440538519,0.7263248700589466,0.35408481649417095,0.2990508873495544,0.30512820512820515,0.05239107528956395,0.3695150115473441,0.21022270018758224,0.4486322188449848,0.6206051548048804,0.6150943396226415,0.6806194548545922,0.3127690100430416,0.03931587444624754,0.6444759206798867,0.7537496366558366,0.4866911038797703,0.44202281901267126,0.25864927185723147,0.2395116911612701,0.9186676994577847,0.998457072490701,0.4308600337268128,0.9252669039145908,0.9656334194193874,0.55,0.9246323529411765,0.9652568785789816,0.5740556660039762,0.9202958093672966,0.35150873445031083,0.8026785714285715,0.9293827160493827,0.9584156619447349,0.5292242295430393,0.9517743403093721,0.9919611695115991,0.38591459528362015,0.9310771294576422,0.8195836723507504,0.9734413423983799,0.5219730941704036,0.9747327801175026,0.5361287067660744
c01_d8_s0,c01,8,0,25000,22100,94.62981247901917,0.021583324298262596,0.002474801209370144,0.0,0.0,0.0,0.0,0.0,0.0,0.0,0.0,0.0,0.0,0.3996983408748115,0.06417148803787774,0.09992458521870287,0.016042872009469435,0.0,0.0,0.0,0.0,0.0,0.0,0.3333333333333333,0.38439221151482517,0.0,0.0,0.48907681465821,0.5294291829520312,0.20560253699788583,0.2284553486167141,0.0,0.0,0.0,0.0,0.0,0.0,0.4975704567541302,0.382179777928171,0.0,0.0,0.5127659574468085,0.5375385263672174,0.2525841035502347,0.22992957607384712,0.0,0.0,0.0,0.0,0.0,0.0,0.42954545454545456,0.39103688773075035,0.0,0.0,0.5653516295025729,0.6423497137480508,0.24872427101200686,0.2583466503697003,0.0,0.0,0.0,0.0,0.0,0.0,0.5166130760986066,0.45049242564352016,0.0,0.0,0.5564853556485355,0.676997193495392,0.26827460793678554,0.281872404784728,0.2289655172413793,0.02513456826602903,0.23612334801762114,0.02297577396494375,0.22774659182036888,0.022818895223427813,0.5642701525054467,0.7010874962011028,0.09025270758122744,0.006926281796763299,0.6114519427402862,0.6519997520838504,0.37422998879668756,0.3459141523082958,0.3883720930232558,0.5554352848572361,0.3622409823484267,0.49957723035817364,0.34063604240282686,0.49605190603616,0.5642151481888035,0.6975532340976701,0.3049391553328561,0.030599910166386374,0.6440903054448871,0.6969871938600091,0.46924857872284575,0.48554045296864723,0.27408409603359274,0.2637287795902003,0.919629057187017,0.9628271696398605,0.44537815126050423,0.9238578680203046,0.9315942100742521,0.49945054945054945,0.921028466483012,0.9314069925405353,0.5219341974077767,0.9269893355209188,0.5226902259048559,0.7168141592920354,0.9318854886475815,0.9444759123640301,0.5720338983050848,0.9498792270531401,0.9954299852281068,0.38397965670692946,0.9325647954462712,0.8511347285621356,0.9818964270215536,0.6876681614349776,0.9839659029057394,0.7036268849150737
c01_d8_s0,c01,8,0,30000,22100,244.56942772865295,0.01965109445154667,0.0022218358646113167,0.0,0.0,0.0,0.0,0.0,0.0,0.0,0.0,0.0,0.0,0.2846648301193756,0.02386097149334397,0.0711662075298439,0.005965242873335993,0.0,0.0,0.0,0.0,0.0,0.0,0.0,0.0,0.0,0.0,0.49060616802552287,0.46609015113869773,0.12265154200638072,0.11652253778467443,0.0,0.0,0.0,0.0,0.0,0.0,0.5111326234269119,0.4096252416025803,0.0,0.0,0.4893928310168252,0.5083759743889025,0.25013136361093424,0.2295003039978707,0.0,0.0,0.0,0.0,0.0,0.0,0.5390334572490706,0.47426161940923595,0.0,0.0,0.5226277372262774,0.6318663152968116,0.265415298618837,0.2765319836765119,0.0,0.0,0.0,0.0,0.0,0.0,0.6108637577916296,0.16374925262176798,0.0,0.0,0.5628070175438596,0.36867048623841064,0.2934176938338723,0.13310493471504464,0.19538670284938942,0.03718674818069826,0.20353982300884957,0.03318267583706353,0.2028985507246377,0.032973541687701974,0.5483549351944168,0.19156341171669966,0.07407407407407407,0.0005004962179293437,0.5522609340252038,0.6482046333992798,0.3438245755386634,0.21867904914226585,0.2111111111111111,0.025092908768265716,0.23734729493891799,0.022959855937829666,0.2649310872894334,0.023795645557639005,0.565677966101695,0.28856530291483523,0.131175468483816,0.002258242809863275,0.634833390587427,0.7309659946920627,0.3923708307381897,0.26143475262616817,0.24842535883953162,0.1773912578308388,0.9058641975308642,0.998093154326525,0.5034071550255537,0.9192483494159471,0.9992064607519747,0.48011049723756904,0.9155188246097337,0.9983890786182479,0.49699097291875627,0.9285714285714286,0.5932812047876072,0.6636851520572451,0.9203364670954973,0.9832747648921967,0.5811827956989247,0.9433734939759036,0.961922148357717,0.3566411238825032,0.9264562950404194,0.8842602539841091,0.9775423115868653,0.559865470852018,0.97967664179064,0.5859072817983071
c01_d8_s0,c01,8,0,35000,22100,394.6208372116089,0.01668643206357956,0.0019387831257830976,0.0,0.0,0.0,0.0,0.0,0.0,0.0,0.0,0.0,0.0,0.4972337482710927,0.6334587460983998,0.12430843706777317,0.15836468652459995,0.0,0.0,0.0,0.0,0.0,0.0,0.505971769815418,0.5681256798411786,0.0,0.0,0.5236593059936908,0.6388774057300189,0.25740776895227724,0.3017507713927994,0.0,0.0,0.0,0.0,0.0,0.0,0.5489078822412156,0.5069585777644053,0.0,0.0,0.5345181134654818,0.5085599210531168,0.27085649892667435,0.2538796247043805,0.0,0.0,0.0,0.0,0.0,0.0,0.5133470225872689,0.4160987018540875,0.0,0.0,0.6137112722478576,0.6446445732148306,0.2817645737087816,0.2651858187672295,0.0,0.0,0.0,0.0,0.13949716139497162,0.08958629934670849,0.5941176470588235,0.5518839735151292,0.15575807787903895,0.022136481745774643,0.6741016109045849,0.7876385251130128,0.36761909741019283,0.3478802700390382,0.0,0.0,0.16842105263157894,0.03270733666951629,0.21621621621621623,0.033461172072776164,0.6236766121270453,0.4842059108772084,0.1605351170568562,0.02148244626404658,0.6815286624203821,0.7615711709529286,0.39848820363838716,0.32232892441873695,0.18944519621109607,0.02059642329923716,0.13610586011342155,0.017822619471925337,0.1816707218167072,0.018724165503688602,0.6218144750254841,0.8140100759640896,0.4397590361445783,0.2559969823175879,0.7364713416586616,0.783210726753304,0.4917796947189497,0.46806638028164965,0.31317489634614804,0.30249378230406204,0.9095092024539877,0.9976853217514767,0.4991568296795953,0.9167087329631499,0.9989296072364706,0.5209251101321586,0.9120728929384966,0.9979402538968551,0.5384615384615384,0.9178423236514522,0.9591305997549485,0.6401446654611211,0.9277942631058358,0.9600305612695916,0.55863539445629,0.9563371740448757,0.9843568775810292,0.3769816106531389,0.9286843425635105,0.9754257748917925,0.9703529581947056,0.5132286995515695,0.971439886150135,0.5123605583272605
c01_d8_s0,c01,8,0,40000,22100,550.2146060466766,0.014554215595126152,0.0016376915033274812,0.0,0.0,0.0,0.0,0.0,0.0,0.0,0.0,0.0,0.0,0.29683257918552036,0.02429802013463976,0.07420814479638009,0.00607450503365994,0.0,0.0,0.0,0.0,0.0,0.0,0.39637599093997733,0.38395285279766,0.0,0.0,0.3879625864172428,0.05940967849788781,0.19608464433930503,0.11084063282388695,0.0,0.0,0.0,0.0,0.0,0.0,0.5281220209723546,0.4174968651725611,0.0,0.0,0.5322909585316111,0.4519095767891639,0.26510324487599146,0.21735161049043125,0.0,0.0,0.0,0.0,0.0,0.0,0.4963350785340314,0.3939717269496856,0.0,0.0,0.5491861288039632,0.5408575138312698,0.2613803018344987,0.23370731019523883,0.0,0.0,0.0,0.0,0.0,0.0,0.4271186440677966,0.31269125567152967,0.0,0.0,0.584359400998336,0.5408581223111224,0.2528695112665332,0.21338734449566302,0.0,0.0,0.07065750736015702,0.0010884896900562413,0.07250221043324491,0.0011241299396583207,0.5291214215202369,0.29132254448796024,0.05688073394495413,0.0002585074910418755,0.6273885350318471,0.6601955650010355,0.31527764910704303,0.23812853921415228,0.1958041958041958,0.017838794848496417,0.18081180811808117,0.016070587576462896,0.26229508196721313,0.02050299757127008,0.5433403805496829,0.3025578085374948,0.05714285714285714,0.00025563375295140816,0.6407828282828283,0.6612132547267987,0.3635591069846329,0.245541039253997,0.2469260861720549,0.1807187116438613,0.9046153846153846,0.9977326429829941,0.6130952380952381,0.9123867069486404,0.9989068712532759,0.4613686534216336,0.9064354176175262,0.9968081541542134,0.4788519637462236,0.9191419141914191,0.722288124432655,0.5565529622980251,0.9168316831683169,0.9623166289994723,0.5448164146868251,0.9411764705882353,0.9848126160733223,0.34534438775510207,0.921240642752122,0.9168083147422361,0.985143931722841,0.7352017937219731,0.986483040963167,0.7477437076069287
c01_d8_s0,c01,8,0,45000,22100,707.9447441101074,0.012279502116143703,0.0013313773563871881,0.0,0.0,0.0,0.0,0.0,0.0,0.0,0.0,0.0,0.0,0.48598130841121495,0.6815585418400009,0.12149532710280374,0.17038963546000022,0.0,0.0,0.0,0.0,0.0,0.0,0.38095238095238093,0.39184178817416787,0.0,0.0,0.5060240963855421,0.6358752029523062,0.22174411933448077,0.2569292477816185,0.0,0.0,0.0,0.0,0.0,0.0,0.3776223776223776,0.39232114428337617,0.0,0.0,0.4784724822163984,0.3590422997480985,0.214023714959694,0.18784086100786868,0.0,0.0,0.0,0.0,0.0,0.0,0.48975409836065575,0.4234305131978878,0.0,0.0,0.5660617637695001,0.5538312219502499,0.26395396553253897,0.24431543378703444,0.0,0.0,0.08863198458574181,0.0011243406991662316,0.10086956521739131,0.0012192205609362192,0.5284147557328016,0.15443949145515157,0.0,0.0,0.5910344827586207,0.5456521675641619,0.2956541054397833,0.17521821152650358,0.0,0.0,0.08341416100872939,0.0010828002457544195,0.09273840769903761,0.0011433298969702173,0.5476673427991886,0.44871374136889924,0.0692167577413479,0.00032887328767048816,0.5901072293324109,0.6561946504208221,0.3164272131938841,0.276494827114575,0.18548387096774194,0.028495687754644245,0.13358419567262464,0.024665213090650805,0.1813765182186235,0.02539171621549572,0.5435244161358811,0.33065422752088935,0.15191986644407346,0.003208225187984888,0.6266441821247892,0.6552001874351528,0.3722258315811018,0.25381171145773934,0.257932039592041,0.22357141830504856,0.9051987767584098,0.9812306718076651,0.5777027027027027,0.9154929577464789,0.9845291036612956,0.4576923076923077,0.910665451230629,0.9839194749723434,0.4694694694694695,0.9261083743842364,0.728427074085182,0.5656028368794326,0.9145679012345679,0.9733495974772771,0.5642548596112311,0.9403298350824588,0.9839502215238544,0.3125,0.9228646264866089,0.9172383274750204,0.9828511500072328,0.6910313901345292,0.9838140066436531,0.6917428106956668
c01_d8_s0,c01,8,0,50000,22100,871.6761054992676,0.009615093469619751,0.0010328793476977183,0.0,0.0,0.0,0.0,0.0,0.0,0.0,0.0,0.0,0.0,0.48005409060175797,0.6641934697728987,0.12001352265043949,0.16604836744322468,0.0,0.0,0.0,0.0,0.0,0.0,0.43449048152295633,0.45333026316902203,0.0,0.0,0.501552259399793,0.5870342164111021,0.23401068523068733,0.26009111989503103,0.0,0.0,0.0,0.0,0.0,0.0,0.514018691588785,0.47281813527867084,0.0,0.0,0.5561742548313134,0.4857108396063779,0.2675482366050246,0.23963224372126218,0.0,0.0,0.0,0.0,0.0,0.0,0.4906054279749478,0.32667280942575233,0.0,0.0,0.5448785638859557,0.47108931196908566,0.2588709979652259,0.1994405303487095,0.0,0.0,0.0,0.0,0.0,0.0,0.48024316109422494,0.336199766006096,0.0,0.0,0.54853195164076,0.5320623374190706,0.2571937781837462,0.21706552585629166,0.0,0.0,0.0,0.0,0.07231040564373897,0.0009799160393487996,0.5233644859813084,0.36698846048971145,0.06575342465753424,0.0002994315996185006,0.6473282442748092,0.6589042035934655,0.3151374058653912,0.2566296835906446,0.16557161629434955,0.021218291283359773,0.16460176991150444,0.019018005322947465,0.15458937198067632,0.018871328489183836,0.5518630412890232,0.18903970086786986,0.06244260789715335,0.00028513317360241887,0.6303270564915758,0.6784670785165772,0.35155507293498234,0.2218736135641366,0.2577613856336424,0.22296872634561432,0.8973966309341501,0.9814238420807989,0.7252559726962458,0.9067201604814443,0.9846174932410185,0.5486725663716814,0.8987743985474353,0.9840976542958435,0.5454545454545454,0.9300411522633745,0.7372761290453201,0.48672566371681414,0.9032258064516129,0.9914523219259312,0.55,0.9449292807703882,0.9846919701159488,0.3,0.9197899923682631,0.9242000210732718,0.9867857659482135,0.7573991031390135,0.9887307439842751,0.7705028308761702
c01_d8_s0,c01,8,0,55000,22100,1029.673252105713,0.007562380749732256,0.0007549034358359008,0.0,0.0,0.0,0.0,0.0,0.0,0.0,0.0,0.0,0.0,0.49224544841537426,0.6561341429997897,0.12306136210384357,0.16403353574994742,0.0,0.0,0.0,0.0,0.0,0.0,0.46723044397463004,0.4921325881551851,0.0,0.0,0.5519212448396317,0.4565872164976888,0.25478792220356544,0.2371799511632185,0.0,0.0,0.0,0.0,0.0,0.0,0.5121042830540037,0.4717985002428833,0.0,0.0,0.5545628589661774,0.5415686917605319,0.2666667855050453,0.25334179800085377,0.0,0.0,0.0,0.0,0.0,0.0,0.46794871794871795,0.3316373575327278,0.0,0.0,0.5034642032332564,0.46652801810458283,0.24285323029549358,0.19954134390932765,0.0,0.0,0.0,0.0,0.09035621198957429,0.0011201694802301845,0.5465116279069767,0.15739739386827017,0.06751824817518248,0.000292435277828238,0.5815842924847664,0.6575002000396865,0.3064332264741959,0.20389085475313207,0.14343707713125844,0.0006110219980332619,0.10396975425330812,0.0005436941715950391,0.16116035455278002,0.0015648729039511482,0.4899598393574297,0.1718911951676734,0.06416131989000917,0.00028801152426104995,0.5991930060524546,0.656030593510908,0.32237580681975225,0.20727908247350887,0.16644993498049415,0.02127099707089601,0.16505706760316066,0.019105912616034382,0.18916857360793288,0.020308729635509313,0.5398058252427185,0.17313374836613385,0.05719557195571956,0.00026277043861479754,0.632952691680261,0.6795748909786846,0.3508781535689738,0.21829998905606163,0.26672235528155286,0.2119380793008643,0.9074215761285387,0.9422827254000763,0.6930860033726813,0.9101856497742097,0.950779004499336,0.5352811466372657,0.89949977262392,0.9504471614209116,0.5333670374115268,0.9295081967213115,0.7287746084380912,0.4911816578483245,0.9119840875186475,0.9939501914058813,0.5774263904034896,0.9423135004530353,0.9845564355920798,0.3038461538461538,0.9223770293838043,0.9137793831357067,0.9922898886156517,0.8789237668161435,0.9949838067734883,0.8996019956275576
c01_d8_s0,c01,8,0,60000,22100,1183.8698506355286,0.005626408848911524,0.0005092820294565851,0.0,0.0,0.0,0.0,0.0,0.0,0.0,0.0,0.0,0.0,0.5008392077878483,0.6637164013905494,0.12520980194696207,0.16592910034763736,0.0,0.0,0.0,0.0,0.0,0.0,0.0,0.0,0.0,0.0,0.50580997949419,0.5838692989153302,0.1264524948735475,0.14596732472883256,0.0,0.0,0.0,0.0,0.0,0.0,0.32280701754385965,0.012469874176929678,0.0,0.0,0.5356026398054881,0.4733234901866653,0.21460241433733693,0.12144834109089875,0.0,0.0,0.0,0.0,0.0,0.0,0.496468213925328,0.3399806886765325,0.0,0.0,0.5457758925415341,0.5238145269766834,0.26056102661671554,0.21594880391330398,0.0,0.0,0.0,0.0,0.0,0.0,0.4095022624434389,0.32992916925078114,0.0,0.0,0.573170731707317,0.5321790630102113,0.24566824853768898,0.21552705806524813,0.0,0.0,0.057482656095143705,0.0007138637933643234,0.058876003568242644,0.0007422311669548009,0.5255623721881391,0.2838334605628391,0.06232813932172319,0.0002909198783676867,0.6212656601349181,0.655296724172868,0.31198559788314395,0.23497661740021195,0.14950634696755993,0.000584070102284281,0.1537037037037037,0.0012193964226149255,0.14597315436241612,0.0012429289111138843,0.5916585838991271,0.6933102107823639,0.06066176470588235,0.0002822423735483337,0.6119748594111809,0.6567704171884485,0.35350573575685423,0.3378445838724246,0.23399790285032132,0.20537740420265105,0.9003802281368821,0.9813474832914105,0.7052364864864865,0.9026460309535697,0.9848031774626538,0.5420353982300885,0.8925170068027211,0.9842798294474948,0.5401422764227642,0.9211822660098522,0.7232202604984991,0.4741532976827095,0.9080973671137605,0.9550922432178423,0.5984682713347921,0.9440096327513546,0.9842764901654467,0.29910714285714285,0.9179509219598396,0.9115164559872436,0.9916895703746564,0.8634529147982063,0.9946257655842853,0.8895117439318347
c01_d8_s0,c01,8,0,65000,22100,1358.4630784988403,0.0038915935438126326,0.000306470325325539,0.0,0.0,0.0,0.0,0.0,0.0,0.0,0.0,0.0,0.0,0.4887696949379819,0.6542099838394997,0.12219242373449547,0.16355249595987492,0.0,0.0,0.0,0.0,0.0,0.0,0.0,0.0,0.0,0.0,0.5060742797639708,0.5880581006190074,0.1265185699409927,0.14701452515475186,0.0,0.0,0.0,0.0,0.0,0.0,0.36574074074074076,0.11707564014286549,0.0,0.0,0.546148507980569,0.5640937510185773,0.22797231218032743,0.1702923477903607,0.0,0.0,0.0,0.0,0.0,0.0,0.4906054279749478,0.33073030955923244,0.0,0.0,0.5640854472630173,0.5457639741930959,0.2636727188094913,0.21912357093808207,0.0,0.0,0.0,0.0,0.0,0.0,0.529466791393826,0.15835009297151517,0.06890299184043518,0.00032292331491051604,0.5504067916519279,0.5423714040284007,0.2871941437215473,0.17526110507870657,0.13387978142076504,0.0005747082401483994,0.14350590372388738,0.0012239186508412462,0.13190436933223412,0.0012214768068052365,0.538,0.17156401864847537,0.14082145850796313,0.0014270326817031982,0.6279144043436602,0.6580238502384387,0.36079147025264635,0.20800540070030388,0.17110799438990182,0.003252746407236979,0.16186046511627908,0.0034715233644173164,0.20537124802527645,0.008032238536636383,0.4984358706986444,0.3082764129216651,0.12079378774805867,0.019017353770394235,0.6302066772655008,0.6600167365011133,0.3572207262223391,0.24805733482398404,0.24936605212311994,0.1901866829208663,0.8963414634146342,0.9423550276181593,0.7482993197278912,0.905811623246493,0.9514455557865082,0.5619469026548672,0.8964888280893752,0.9496825432380739,0.5549338758901322,0.9210526315789473,0.728691296397587,0.43392857142857144,0.9021739130434783,0.9709927314168815,0.6232201533406353,0.9422730006013229,0.9846002640050522,0.29802169751116786,0.9162617125351457,0.9080280001751087,0.9922826558657601,0.8650224215246637,0.9951140035695621,0.8892314591625091
c01_d8_s0,c01,8,0,70000,22100,1543.5840032100677,0.0024889677297323942,0.0001551012691796498,0.0,0.0,0.0,0.0,0.0,0.0,0.0,0.0,0.0,0.0,0.48128342245989303,0.6632042443017465,0.12032085561497326,0.16580106107543663,0.0,0.0,0.0,0.0,0.0,0.0,0.48253968253968255,0.47505402783099027,0.0,0.0,0.5524168236032643,0.5734783126074098,0.2587391265357367,0.2621330851096,0.0,0.0,0.0,0.0,0.0,0.0,0.5026929982046678,0.376275309548745,0.0,0.0,0.5633622072505614,0.5907852584888988,0.2665138013638073,0.24176514200941096,0.0,0.0,0.0,0.0,0.0,0.0,0.5076765609007164,0.34276646785321085,0.0,0.0,0.5453252755065766,0.4762385157198882,0.26325045910182326,0.20475124589327476,0.0,0.0,0.0,0.0,0.0,0.0,0.48621041879468846,0.1929625684459189,0.06902815622161672,0.0002966192999840788,0.5449982072427393,0.5459637885086872,0.2750591955647611,0.18480574406364753,0.0,0.0,0.053784860557768925,0.0006684463711115477,0.12582781456953643,0.0017793790223683383,0.5037513397642015,0.2974927501839995,0.12755102040816327,0.01421972839721276,0.6288951841359773,0.6815751149832928,0.330017109004361,0.24852588384058294,0.14884979702300405,0.0006205045199165133,0.15537488708220415,0.0012648099459683733,0.14766201804757997,0.001287888318520148,0.5622032288698955,0.7005694559416407,0.05698529411764706,0.00026273984454070045,0.6200931470392548,0.6515821146757653,0.3474776426860984,0.33836801118085374,0.26591116998165154,0.23516431045325809,0.9104704097116844,0.9817305883104791,0.7041666666666667,0.9116325511732402,0.9851871534387989,0.5481927710843374,0.9010889292196007,0.98449745093442,0.5463242698892246,0.9262295081967213,0.5736559935771343,0.452212389380531,0.9051383399209486,0.9534343040465695,0.6260917030567685,0.9461005721168323,0.9850463495141211,0.31858688733290896,0.921299762567336,0.8739854278414311,0.9939027918414581,0.9105381165919283,0.9971139710203631,0.9353663321935086
c01_d8_s0,c01,8,0,75000,22100,1721.9843039512634,0.0016375667182728648,6.161808308812815e-05,0.0,0.0,0.0,0.0,0.0,0.0,0.0,0.0,0.0,0.0,0.4943371085942705,0.6546123821185775,0.12358427714856762,0.16365309552964438,0.0,0.0,0.0,0.0,0.0,0.0,0.4921135646687697,0.4962571661840535,0.0,0.0,0.55125,0.5703810552414768,0.26084089116719245,0.2666595553563826,0.0,0.0,0.0,0.0,0.0,0.0,0.35986159169550175,0.022402750233176047,0.0,0.0,0.5491009681881052,0.4672828622551192,0.22724063997090171,0.12242140312207382,0.0,0.0,0.0,0.0,0.0,0.0,0.5156723963599595,0.3649724972770803,0.0,0.0,0.5466101694915254,0.4759743131980746,0.26557064146287124,0.21023670261878874,0.0,0.0,0.0,0.0,0.0,0.0,0.5348399246704332,0.32128918093267006,0.0,0.0,0.5711354309165527,0.5430283184036443,0.2764938388967465,0.21607937483407857,0.11700680272108843,0.0005196558870606125,0.1332133213321332,0.0011781793186151882,0.12919051512673754,0.0012039037099576926,0.5711361310133061,0.369951091852904,0.06581352833638025,0.00029084640945636935,0.6273630246715797,0.6594853826540255,0.3476957242703131,0.2576736418053992,0.16085790884718498,0.03703955350953342,0.11830985915492957,0.03216215698053207,0.2035195103289977,0.033640675010753046,0.564729867482161,0.19104786815377917,0.1925808997632202,0.01890784921948783,0.6462882096069869,0.6648214833724946,0.39112368407401804,0.22726449897817527,0.27036424242723006,0.2091411817492204,0.906060606060606,0.9425068366718896,0.7483277591973244,0.9093625498007968,0.95116714430589,0.5673603504928806,0.9003623188405797,0.9509030657034807,0.5583501006036218,0.9269893355209188,0.573662287683838,0.4575221238938053,0.9048562933597621,0.9526146189908365,0.6292442497261774,0.9484162895927601,0.9851714797202002,0.31711195928753183,0.9213809358435255,0.8649101838221571,0.9950094025748589,0.9237668161434978,0.9979530170395057,0.9522955322607769
c01_d8_s0,c01,8,0,80000,22100,1910.903174161911,0.0011998247355222702,3.0000001268729426e-05,0.0,0.0,0.0,0.0,0.0,0.0,0.0,0.0,0.0,0.0,0.48454636091724823,0.6379301462247673,0.12113659022931206,0.15948253655619182,0.0,0.0,0.0,0.0,0.0,0.0,0.49469214437367304,0.49093352442203164,0.0,0.0,0.5546899345590527,0.571005234921576,0.26234551973318143,0.2654846898359019,0.0,0.0,0.0,0.0,0.0,0.0,0.5223613595706619,0.39192384871787894,0.0,0.0,0.5569039029189898,0.5406859059801176,0.26981631562241293,0.23315243867449914,0.0,0.0,0.0,0.0,0.0,0.0,0.5285285285285285,0.34322363470631934,0.0,0.0,0.550641940085592,0.5392035623215178,0.2697926171535301,0.22060679925695928,0.0,0.0,0.0,0.0,0.0,0.0,0.49369747899159666,0.1568626307674863,0.07239819004524888,0.0003305176828503026,0.5692307692307692,0.5528181465127556,0.2838316095669037,0.17750282374077306,0.0,0.0,0.1203281677301732,0.000980848928950336,0.16600790513833993,0.0018706982505481387,0.6081330868761553,0.3202606454053992,0.06575342465753424,0.0002871570330489173,0.5718280321565886,0.6554887355755188,0.335289975328279,0.24424676343511662,0.11586206896551725,0.0005197751807592214,0.0842911877394636,0.00046491890577757153,0.18518518518518517,0.004196218512301676,0.512087912087912,0.7430155387053325,0.13209144792548688,0.0014366068729835839,0.6353522867737948,0.6610102775148052,0.35199444852097894,0.3517973484898502,0.2706010108792283,0.23603905714132742,0.9067475360121304,0.942507828800639,0.7558528428093646,0.9116325511732402,0.9512439818345944,0.5629791894852135,0.9029038112522686,0.9509817150634623,0.5542713567839196,0.9271089271089271,0.5736592077315051,0.46819787985865724,0.9038652130822596,0.9536431298424553,0.6239035087719298,0.9496229260935143,0.9851760079321055,0.32083862770012705,0.9219229247743118,0.8651807135180745,0.9950166353247505,0.9269058295964125,0.9981012967239231,0.9567800885699871
c02_d8_s0,c02,8,0,5000,0,1222.0579178333282,0.472633421421051,0.000999577995557936,0.0,0.0,0.0,0.0,0.0,0.0,0.0,0.0,0.0,0.0,0.4451467268623025,0.1960546592839905,0.11128668171557562,0.04901366482099762,0.3747412008281574,0.012717957906456011,0.3035019455252918,0.012064936366557593,0.4573065902578797,0.5600326396325731,0.4834377797672337,0.7306350811321742,0.0,0.0,0.5843122394846533,0.6799358460258585,0.3615666495305825,0.4013773596149738,0.351931330472103,0.01276017862469612,0.2829736211031175,0.011995081071603552,0.26852531181217903,0.011945243719267097,0.5063829787234042,0.8110368927244621,0.0,0.0,0.6179401993355482,0.6900548181392379,0.35636664979702143,0.37833130300055556,0.2756756756756757,0.1377408330690498,0.19452313503305005,0.12003174272002835,0.3081395348837209,0.5253996416080696,0.5510406342913776,0.7864386997561996,0.14756944444444445,0.020370909492119064,0.6240120436582612,0.5870991213183644,0.3955170593978914,0.4137415340914331,0.25956284153005466,0.0009609331246552276,0.28251507321274766,0.05215627773712734,0.25923016496465046,0.051673027320811436,0.6203301476976543,0.21138959267273172,0.34708392603129445,0.03688108234633236,0.6597479614529281,0.6090719882355702,0.4735661821044236,0.22306818566220807,0.35194174757281554,0.006843807519263402,0.4984266834487099,0.6187463082425445,0.5242290748898678,0.6015477172194358,0.6587807097361238,0.20683961238056636,0.3124042879019908,0.026981476239309132,0.693645722399716,0.6301576148717696,0.5307574721687405,0.31825616195468154,0.35351089588377727,0.006209522480738636,0.5283757338551859,0.703620481568479,0.5627462014631401,0.7282248147569279,0.6272189349112426,0.3052270616217282,0.34340456890198967,0.035127302695454686,0.7311901504787962,0.6936894985055534,0.5458394828398491,0.3783488672728629,0.39641431107915487,0.30887672520253034,0.9519306540583137,0.9985093217691031,0.7259933774834437,0.9550209205020921,0.9998329755072548,0.6029572836801752,0.9500699953336444,0.992535425860741,0.7057956777996071,0.9468599033816425,0.9526745424754364,0.7967687074829932,0.9526598340653978,0.9951476615239255,0.6875,0.9581679389312977,0.8859027575418378,0.5704270235818993,0.9525070499190886,0.9576710506467248,0.9639302762910459,0.47713004484304933,0.9674815418917233,0.5083805146028365
c02_d8_s0,c02,8,0,10000,0,2440.3434982299805,0.02427530288696289,0.0009848581542776886,0.0,0.0,0.0,0.0,0.0,0.0,0.0,0.0,0.0,0.0,0.3968907178783722,0.20427147305450402,0.09922267946959305,0.051067868263626005,0.0,0.0,0.0,0.0,0.0,0.0,0.0,0.0,0.0,0.0,0.5819397993311036,0.5772293722275517,0.1454849498327759,0.14430734305688792,0.0,0.0,0.0,0.0,0.19126506024096385,0.4957642017351036,0.42729970326409494,0.22813770302533834,0.0,0.0,0.5303408146300914,0.20805348804085877,0.2553488844936269,0.15036148124447457,0.2540983606557377,0.0010614191589131973,0.17887725975261656,0.0009181231869437364,0.28012048192771083,0.3729444902777158,0.4670874661857529,0.31958883960354656,0.1546134663341646,0.01894182425447861,0.5739268680445151,0.5215846273242796,0.3583316253357802,0.2462724921808739,0.2351313969571231,0.0008587391420244847,0.16506717850287908,0.0007431448508543454,0.2445141065830721,0.4026138482770327,0.4824742268041237,0.23990099064674533,0.244015444015444,0.015904466137159796,0.6126526082130965,0.23584390969441946,0.3885116265950889,0.1565969859754071,0.3491686460807601,0.007700708718239376,0.3719557195571956,0.283661009524907,0.4137492043284532,0.499221046549118,0.5601469237832875,0.42486330854333343,0.2965722801788376,0.02891218450909607,0.6268882175226587,0.6652354790072263,0.4654746528683967,0.34563464008093603,0.32786885245901637,0.04689884483514205,0.37132616487455194,0.5581080922187274,0.4193954659949622,0.7084354253460211,0.5160621761658031,0.32991080495360575,0.3054928517682468,0.023358036777152584,0.6577181208053692,0.5150490432259422,0.46303416079556564,0.326533001439166,0.3107726541986896,0.20296768746305308,0.9384858044164038,0.8351868321566024,0.6957983193277311,0.940625,0.8549261809768345,0.6096345514950167,0.9368863955119214,0.8507150117845763,0.6771457085828343,0.9412724306688418,0.9526333749000322,0.766897746967071,0.9466929911154985,0.9772783768863333,0.5938477580813347,0.9512048192771084,0.8264581278924283,0.4395186827105763,0.9444589935927226,0.9008281386628663,0.9791986113120208,0.6580717488789237,0.9816965004186189,0.6796905656146645
c02_d8_s0,c02,8,0,15000,12950,108.84812998771667,0.013657981529831886,0.0009497125223605969,0.0,0.0,0.0,0.0,0.0,0.0,0.0,0.0,0.0,0.0,0.5203761755485894,0.23097314136223923,0.13009404388714735,0.05774328534055981,0.0,0.0,0.0,0.0,0.0,0.0,0.0,0.0,0.0,0.0,0.5865595325054784,0.6299178752096973,0.1466398831263696,0.15747946880242433,0.0,0.0,0.0,0.0,0.0,0.0,0.0,0.0,0.0,0.0,0.5301706200582605,0.23760024255999082,0.13254265501456514,0.059400060639997705,0.23868312757201646,0.000990015527737368,0.16793893129770993,0.0008564788591127756,0.15172413793103448,0.0008483039243546609,0.33111111111111113,0.11111700350939147,0.1662425784563189,0.011540607141195935,0.5551485551485551,0.22470855005838275,0.309654410912393,0.08706610670317627,0.246684350132626,0.004415864592435921,0.1733457595526561,0.0038152896868914633,0.1620253164556962,0.011137301153469763,0.44820295983086683,0.2387347735532225,0.2545731707317073,0.021703270297274545,0.5503907856849033,0.2387010802511297,0.36179634790695087,0.1263988189781398,0.20056497175141244,0.0008086806562827469,0.21145374449339208,0.04838612930913707,0.34652114597544337,0.4862523605286056,0.43665158371040724,0.8012380965108866,0.204149377593361,0.021837097813805866,0.6626420454545454,0.6589581990469747,0.38907240687459904,0.41512894588408555,0.37831603229527105,0.007106598523836536,0.3228346456692913,0.09429054766074034,0.4094087730451367,0.5459193568860676,0.5091649694501018,0.33098720278880334,0.4465770953294946,0.1993763181419709,0.6576345660930062,0.4760217062615971,0.4958907786356256,0.3055393487206466,0.2808129323368072,0.17267943358129,0.9397781299524565,0.8763171741528059,0.5910623946037099,0.9420970266040689,0.8917896525458979,0.5548172757475083,0.9394081728511038,0.8905407448177969,0.604,0.940983606557377,0.6391634223532949,0.7665505226480837,0.9390962671905697,0.9729911537196663,0.5664225941422594,0.9543269230769231,0.8959097219749068,0.4168765743073048,0.9437086433235199,0.8485700388050087,0.9868870244466946,0.7838565022421524,0.9894974584500433,0.8026234654408879
c02_d8_s0,c02,8,0,20000,12950,373.99740624427795,0.011829674243927002,0.000895637119646979,0.0,0.0,0.0,0.0,0.0,0.0,0.0,0.0,0.0,0.0,0.5243328100470958,0.20972146041652623,0.13108320251177394,0.05243036510413156,0.0,0.0,0.0,0.0,0.0,0.0,0.0,0.0,0.0,0.0,0.5824175824175825,0.6027272861213211,0.14560439560439561,0.15068182153033027,0.0,0.0,0.0,0.0,0.0,0.0,0.0,0.0,0.0,0.0,0.5305453054530546,0.03386989892601559,0.13263632636326364,0.008467474731503898,0.0,0.0,0.0,0.0,0.0,0.0,0.25093167701863356,0.3034257765303381,0.16610169491525423,0.019155455121039826,0.5175,0.035642712612706934,0.23363334298347194,0.0895559860660212,0.20080321285140562,0.008039512628750748,0.14071294559099437,0.00694810204269686,0.13412563667232597,0.014237153413809184,0.4444444444444444,0.24082616751771913,0.2465331278890601,0.017290172229528597,0.5321782178217822,0.23636303197454753,0.3454257637983822,0.12605524027088688,0.3782559456398641,0.05146913132949907,0.2778702163061564,0.0446193361412322,0.3816300129366106,0.3605329530994861,0.5092783505154639,0.2276630894803676,0.3403361344537815,0.052557438783140106,0.6351304347826087,0.45144236546200917,0.4576659111781828,0.22096750847889732,0.2867383512544803,0.001430040620140647,0.245,0.120771073089957,0.31700680272108844,0.45176278241750933,0.4849137931034483,0.252736084848646,0.3745819397993311,0.05929275385479955,0.6514611546685674,0.4134432177298867,0.44846798472413407,0.22919833878563362,0.27064527530908633,0.12533667642391497,0.9335443037974683,0.8762950038229413,0.576271186440678,0.9376947040498442,0.8917509389740467,0.5503875968992248,0.9343955014058107,0.8899647120515153,0.5937813440320963,0.9365853658536586,0.82018285798101,0.8090277777777778,0.9392156862745098,0.9724563902345517,0.5600208768267223,0.9555822328931572,0.9098647348506969,0.42430904522613067,0.9416486970264251,0.8971268836706066,0.984290467235643,0.7015695067264573,0.9869423463270941,0.7208363697516676
c02_d8_s0,c02,8,0,25000,12950,631.3453869819641,0.010179638862609863,0.0008249337364567146,0.0,0.0,0.0,0.0,0.0,0.0,0.0,0.0,0.0,0.0,0.5067406819984139,0.23207954095611705,0.12668517049960348,0.05801988523902926,0.0,0.0,0.0,0.0,0.0,0.0,0.0,0.0,0.0,0.0,0.5702257941063911,0.21108776051476347,0.14255644852659777,0.05277194012869087,0.0,0.0,0.0,0.0,0.0,0.0,0.0,0.0,0.0,0.0,0.5478015328761597,0.23181835852682653,0.13695038321903993,0.05795458963170663,0.0,0.0,0.0,0.0,0.0,0.0,0.25400739827373614,0.30485504028418126,0.1518987341772152,0.010999854399183717,0.5594830862789814,0.4910401506578005,0.24134730468248317,0.20172376133529135,0.2292817679558011,0.0008731684705447372,0.1610738255033557,0.0007556025202503969,0.14545454545454545,0.0007483900737496957,0.38424821002386633,0.685176605011281,0.24638783269961978,0.03445130875662716,0.5948089401586157,0.5533503410497997,0.3510120906300006,0.31844266045980574,0.24681933842239187,0.001289304603730275,0.1755656108597285,0.0011130724194002698,0.30298818624044477,0.3740538535434934,0.37365269461077844,0.31407175930604636,0.2983751846381093,0.06468116450902864,0.6292051756007394,0.3625058831427086,0.38575602500595385,0.21668605428666457,0.23166023166023167,0.001244636497310821,0.342769701606733,0.5648767605089472,0.3298097251585624,0.5615477172750054,0.44884488448844884,0.6858961020709865,0.44390243902439025,0.057596418271811875,0.669247009148487,0.7175118923529518,0.46585188803412547,0.45922352936404276,0.2643084729425435,0.1949746314921759,0.935126582278481,0.8352848424720778,0.622673434856176,0.9383738995339203,0.8550287076089143,0.5938189845474614,0.9342043863742417,0.8517043030214144,0.6478521478521478,0.9424168694241687,0.9349890175170974,0.8184165232358004,0.9407153356197943,0.9743428599039053,0.5984375,0.9557628648811315,0.923287347707949,0.4074307304785894,0.9436991731634938,0.9199896273741052,0.9819470562707941,0.6547085201793722,0.984770591437029,0.6831100398004373
c02_d8_s0,c02,8,0,30000,12950,884.3883030414581,0.009124357253313065,0.0007406119548704389,0.0,0.0,0.0,0.0,0.0,0.0,0.0,0.0,0.0,0.0,0.4998003992015968,0.23191060451162257,0.1249500998003992,0.05797765112790564,0.0,0.0,0.0,0.0,0.0,0.0,0.0,0.0,0.0,0.0,0.5709935287400076,0.48376704364706286,0.1427483821850019,0.12094176091176571,0.0,0.0,0.0,0.0,0.0,0.0,0.0,0.0,0.0,0.0,0.5447971072719968,0.04468928002797787,0.1361992768179992,0.011172320006994467,0.0,0.0,0.0,0.0,0.0,0.0,0.0,0.0,0.1451476793248945,0.010377559564309902,0.5598731165741475,0.4843561621463058,0.1762551989747605,0.12368343042765392,0.0,0.0,0.0,0.0,0.12860676009892827,0.022766787435205417,0.0,0.0,0.1426086956521739,0.010100328068495678,0.5678820791311094,0.6401587742708327,0.18833992370406485,0.16446200787109921,0.2282051282051282,0.001240538230541975,0.1637852593266606,0.0010728003492928265,0.34120734908136485,0.3435652040454901,0.515274949083503,0.33480816344233844,0.36585365853658536,0.0636670216938914,0.5883694412770809,0.4250942181682258,0.42847432360872184,0.23471556271155766,0.1768901569186876,0.0007514349661230484,0.3356535189481825,0.6359517900018826,0.3202846975088968,0.6319901722262727,0.3383458646616541,0.7725409899210031,0.3384615384615385,0.04204606651082797,0.6560170394036209,0.45980527797755844,0.40260847507968395,0.4243225333685372,0.22851081145294733,0.16246789520364485,0.9314420803782506,0.7839683584652078,0.6201353637901861,0.9353336782203828,0.8084650501439536,0.5857300884955752,0.9319029850746269,0.8065202178617146,0.6211211211211212,0.9445350734094616,0.8192419136541235,0.7461139896373057,0.9337260677466863,0.995293282709209,0.5767613038906414,0.9555555555555556,0.9415005422402389,0.4072910119421747,0.9416774028173642,0.8889217368567991,0.9886156516707653,0.8022421524663678,0.9907976181219473,0.8145075396602949
c02_d8_s0,c02,8,0,35000,12950,1145.5239017009735,0.008104785345494747,0.0006462610419276992,0.0,0.0,0.0,0.0,0.0,0.0,0.0,0.0,0.0,0.0,0.4982373678025852,0.23259537776023298,0.1245593419506463,0.058148844440058245,0.0,0.0,0.0,0.0,0.0,0.0,0.0,0.0,0.0,0.0,0.555301296720061,0.045524243165902076,0.13882532418001525,0.011381060791475519,0.0,0.0,0.0,0.0,0.0,0.0,0.0,0.0,0.0,0.0,0.5366242038216561,0.04605350843742375,0.13415605095541402,0.011513377109355937,0.0,0.0,0.0,0.0,0.0,0.0,0.25252525252525254,0.6577617514328153,0.14995787700084245,0.01069395936543388,0.5338677354709419,0.22398609698802197,0.23408771624925923,0.2231104519465678,0.0,0.0,0.0,0.0,0.0,0.0,0.23741935483870968,0.6192496004465331,0.11888111888111888,0.009462413385512559,0.5699208443271768,0.6362398036598562,0.23155532951175134,0.31623795437297547,0.21419354838709678,0.001210874330255056,0.15173674588665448,0.0010453578313674118,0.2724679029957204,0.3375401654030161,0.3886255924170616,0.6241583559788161,0.28550404709345106,0.05513936545347804,0.5876524390243902,0.5258489787768544,0.3686453694061817,0.32960304151600706,0.17069701280227595,0.01787360136528636,0.23679727427597955,0.28251999582752235,0.25801640566741235,0.5315915219382523,0.3598531211750306,0.38084470554832606,0.30116959064327486,0.03742837714051163,0.6461977865048197,0.45635369445328666,0.3822643489762536,0.28798878754645285,0.2305847830327888,0.17685478824612755,0.9235618597320725,0.8350113300772101,0.5588737201365188,0.9302325581395349,0.8547236978069738,0.5572222222222222,0.9274418604651162,0.8502463204716412,0.6103309929789368,0.9453952730236349,0.8757967149387217,0.746551724137931,0.9259440902403139,0.9737280779630982,0.5471398305084746,0.9529799341120095,0.9263169012476532,0.3997485857950974,0.9378495142053832,0.9056255359003538,0.9911905106321424,0.8477578475336323,0.9941375275990083,0.8756656763271484
c02_d8_s0,c02,8,0,40000,12950,1403.3725576400757,0.007127728313207626,0.0005458971677758271,0.0,0.0,0.0,0.0,0.0,0.0,0.0,0.0,0.0,0.0,0.49645390070921985,0.23042046079377856,0.12411347517730496,0.05760511519844464,0.0,0.0,0.0,0.0,0.0,0.0,0.0,0.0,0.0,0.0,0.5855822550831793,0.49214205566224933,0.14639556377079482,0.12303551391556233,0.0,0.0,0.0,0.0,0.0,0.0,0.0,0.0,0.0,0.0,0.5402160864345739,0.040349349288755436,0.13505402160864347,0.010087337322188859,0.0,0.0,0.0,0.0,0.0,0.0,0.2528445006321112,0.6564211973027545,0.0,0.0,0.534307754770605,0.234527226310426,0.19678806385067904,0.22273710590329512,0.0,0.0,0.0,0.0,0.10942760942760943,0.027894465370832174,0.2222222222222222,0.6189127266343366,0.2330246913580247,0.02991825295734844,0.5565217391304348,0.640515352283368,0.2620611306299712,0.32466112174966594,0.2106631989596879,0.028534190989382164,0.23588039867109634,0.044800607457417506,0.28002842928216065,0.35522658956875514,0.2872200263504611,0.6248188132969795,0.22240128928283642,0.038588895401363836,0.6086330935251798,0.5376099950108856,0.34011127119903145,0.33596787492860347,0.166189111747851,0.0007087219325565254,0.29707792207792205,0.5437206650195744,0.3279380717804363,0.5849005100671931,0.4159090909090909,0.6148051926903118,0.3509979353062629,0.03992787241762026,0.6460554371002132,0.5825449701054443,0.4191743746294092,0.4034303335549544,0.23195684298083347,0.21107491465324493,0.9256329113924051,0.8350885555815806,0.5786324786324787,0.9342309684101502,0.8548018858330335,0.5709534368070953,0.9309701492537313,0.8502106338381513,0.6312625250501002,0.9467649467649467,0.9862107634377016,0.7716262975778547,0.9219512195121952,0.9720483576658846,0.5777777777777777,0.9556088782243551,0.942888740921508,0.3819836785938481,0.9386507635467315,0.9369620551106707,0.989266599161001,0.8134529147982063,0.9921212855486982,0.8319412523123494
c02_d8_s0,c02,8,0,45000,12950,1692.0527803897858,0.005901900120079517,0.00044379245212906274,0.0,0.0,0.0,0.0,0.0,0.0,0.0,0.0,0.0,0.0,0.4953271028037383,0.04317298288594375,0.12383177570093458,0.010793245721485937,0.0,0.0,0.0,0.0,0.0,0.0,0.0,0.0,0.0,0.0,0.5661080074487895,0.4777158217367344,0.14152700186219738,0.1194289554341836,0.0,0.0,0.0,0.0,0.0,0.0,0.0,0.0,0.0,0.0,0.543811394891945,0.04136281723750794,0.13595284872298624,0.010340704309376985,0.0,0.0,0.0,0.0,0.0,0.0,0.24310776942355888,0.509607619370629,0.0,0.0,0.5589723627870767,0.5998600313887422,0.20052003305265892,0.2773669126898428,0.0,0.0,0.0,0.0,0.0,0.0,0.23195876288659795,0.6127108338709579,0.0,0.0,0.5790461885092002,0.7154261153354086,0.20275123784894955,0.33203423730159165,0.23815620998719592,0.001239707598235164,0.25020850708924103,0.27464324349138297,0.2334096109839817,0.27250451740702075,0.2849673202614379,0.6243093736068269,0.24382716049382716,0.022027374512111054,0.6044280442804428,0.4731231689561703,0.34345349193062846,0.32556393497683034,0.17118402282453637,0.0006706811794132543,0.23909249563699825,0.5209662485563885,0.26626323751891073,0.5192781890314205,0.3444857496902107,0.7521348283270038,0.32558139534883723,0.035887189143780106,0.6435536294691224,0.08049359316408414,0.38478350662541305,0.3038718292226522,0.2189742708205383,0.19705711709370913,0.9184952978056427,0.8350031413091376,0.5853242320819113,0.9253731343283582,0.8547252807391581,0.5739710789766407,0.9235048678720446,0.8526453236163212,0.6154618473895582,0.9402129402129402,0.8562915855139689,0.7238675958188153,0.9236009732360098,0.9725336605985155,0.5605900948366702,0.94956729334527,0.9378425322085916,0.387806411062225,0.9339597433657254,0.9035314233856537,0.9913785621293215,0.8538116591928251,0.993878942295695,0.8691070127249285
c02_d8_s0,c02,8,0,50000,12950,1975.882217168808,0.004726358689367771,0.00034429311589923944,0.0,0.0,0.0,0.0,0.0,0.0,0.0,0.0,0.0,0.0,0.5003897116134061,0.23208661785452223,0.12509742790335152,0.058021654463630556,0.0,0.0,0.0,0.0,0.0,0.0,0.0,0.0,0.0,0.0,0.5518546555639667,0.29558766511011975,0.13796366389099168,0.07389691627752994,0.0,0.0,0.0,0.0,0.0,0.0,0.0,0.0,0.0,0.0,0.5475255302435192,0.04671807067281678,0.1368813825608798,0.011679517668204195,0.0,0.0,0.0,0.0,0.0,0.0,0.23470661672908863,0.507542390421443,0.0,0.0,0.5587892898719441,0.5998374557570636,0.1983739766502582,0.2768449615446267,0.0,0.0,0.0,0.0,0.0,0.0,0.22457067371202113,0.6144838153451112,0.12199312714776632,0.007804540580897277,0.5483110761979576,0.3346838360453153,0.22371871926443626,0.23924304799283097,0.1737891737891738,0.0007127419514071274,0.19839142091152814,0.2648799497181148,0.2518740629685157,0.27316096074862195,0.3995510662177329,0.6008156274982935,0.2722433460076046,0.025404609108602497,0.6538591169531514,0.6379709325635854,0.3834179371003903,0.3609439299941324,0.17897727272727273,0.0007407244097941788,0.19237749546279492,0.25855366411896635,0.21818181818181817,0.5136182242820848,0.3420074349442379,0.7333796783816514,0.22464898595943839,0.013401960093556405,0.6510667584308327,0.5818170274415979,0.35355884369795104,0.39655905088010523,0.22271599300975128,0.20245558268872285,0.9156816390858944,0.835071477417222,0.6247848537005164,0.9237899073120495,0.8546398696095363,0.6014492753623188,0.9243619489559165,0.8545936823395307,0.6511044176706827,0.9368334700574241,0.9334773146008588,0.6961471103327496,0.923226433430515,0.974149610739912,0.6005263157894737,0.9516129032258065,0.9629110911292764,0.3741368487131199,0.9332376596245915,0.9296599232313694,0.9916100101258498,0.8556053811659193,0.9948319105114022,0.8813834856213913
c02_d8_s0,c02,8,0,55000,12950,2286.2630381584167,0.0035780046600848436,0.00025163447861196694,0.0,0.0,0.0,0.0,0.0,0.0,0.0,0.0,0.0,0.0,0.49468294604174873,0.2322423844489885,0.12367073651043718,0.05806059611224713,0.0,0.0,0.0,0.0,0.0,0.0,0.0,0.0,0.0,0.0,0.5539870278519649,0.2955930011587816,0.1384967569629912,0.0738982502896954,0.0,0.0,0.0,0.0,0.0,0.0,0.0,0.0,0.0,0.0,0.5473766640563822,0.04683463829171478,0.13684416601409555,0.011708659572928696,0.0,0.0,0.0,0.0,0.0,0.0,0.25307125307125306,0.29515101673934924,0.0,0.0,0.5783582089552238,0.5104190155909023,0.2078573655066192,0.20139250808256287,0.0,0.0,0.0,0.0,0.0,0.0,0.24076607387140903,0.6163385349300025,0.0,0.0,0.5346938775510204,0.03958269613444127,0.19386498785560735,0.16398030776611094,0.20707732634338138,0.019853449978638582,0.1478743068391867,0.01792825676394125,0.21335379892555642,0.033279440276461715,0.23204419889502761,0.6241018847119922,0.25972006220839816,0.038308603628324646,0.5964642582628747,0.5334475296713416,0.3194159158505855,0.30488626675450137,0.17663817663817663,0.0007362514633485755,0.18579234972677597,0.264868522426987,0.2606741573033708,0.5748638287330711,0.2878598247809762,0.6180217173162919,0.355021216407355,0.0438477656641592,0.6261615439599714,0.60145029575416,0.3691860365927693,0.38586899490227,0.21276228075615786,0.17139936906861664,0.9212598425196851,0.8349770444911745,0.5931623931623932,0.9276111685625646,0.8546231941702785,0.5785953177257525,0.9268747088961341,0.8546680701671426,0.6231155778894473,0.9411764705882353,0.9852452938368934,0.7118055555555556,0.9231522271169849,0.8747150417429074,0.6177094379639448,0.9538645895745955,0.9633668432685295,0.3671482412060301,0.9358604651514859,0.9178541537811322,0.9935411543468827,0.9096412556053811,0.9969783493577862,0.9335164527159594
c02_d8_s0,c02,8,0,60000,12950,2596.609453678131,0.0024682926014065742,0.00016976067648552838,0.0,0.0,0.0,0.0,0.0,0.0,0.0,0.0,0.0,0.0,0.48801571709233793,0.23016521950196717,0.12200392927308448,0.05754130487549179,0.0,0.0,0.0,0.0,0.0,0.0,0.0,0.0,0.0,0.0,0.555978674790556,0.30639123723668454,0.138994668697639,0.07659780930917114,0.0,0.0,0.0,0.0,0.0,0.0,0.0,0.0,0.0,0.0,0.5430726478761413,0.045490746846094464,0.13576816196903532,0.011372686711523616,0.0,0.0,0.0,0.0,0.0,0.0,0.23558282208588957,0.29473697142651895,0.0,0.0,0.5562038117464022,0.5101054852414356,0.19794665845807294,0.20121061416698865,0.22306717363751585,0.019766292955838594,0.16425992779783394,0.0178598516195018,0.14918032786885246,0.0177382393898479,0.23076923076923078,0.4744790938688851,0.0,0.0,0.5972818311874106,0.6404049383115439,0.2517217179311772,0.28333470670887295,0.0,0.0,0.09885931558935361,0.2661332824554975,0.17535545023696683,0.2746147349244003,0.2753623188405797,0.6044366881379977,0.31058495821727017,0.025954802061785995,0.6206192582511059,0.575642637346604,0.3244928643127656,0.3465708666682551,0.2282051282051282,0.001227528258507928,0.273015873015873,0.26745987748857375,0.25801749271137026,0.2652706718599373,0.3362175525339926,0.7365454915924624,0.3088023088023088,0.03396937766403278,0.6351687388987567,0.581799928382886,0.3833170245531288,0.38257520587709687,0.2220350035992719,0.19417188490248574,0.919431279620853,0.8349849902932746,0.5713058419243986,0.9261744966442953,0.8545615006041041,0.5696767001114827,0.9265116279069767,0.8546092030719836,0.5978915662650602,0.9378068739770867,0.9747981371874002,0.6980802792321117,0.9259980525803311,0.9742120590580077,0.592534174553102,0.9532654284002396,0.9923695634038256,0.366436203645506,0.9352773724204249,0.9473579144097553,0.9947779545783307,0.9309417040358744,0.9981718199884632,0.9578451706934246
c02_d8_s0,c02,8,0,65000,12950,2912.083268880844,0.0016502306098118424,0.00010215677510851301,0.0,0.0,0.0,0.0,0.0,0.0,0.0,0.0,0.0,0.0,0.4851837218490715,0.2303960639992106,0.12129593046226787,0.05759901599980265,0.0,0.0,0.0,0.0,0.0,0.0,0.0,0.0,0.0,0.0,0.5806451612903226,0.5155104794366204,0.14516129032258066,0.1288776198591551,0.0,0.0,0.0,0.0,0.0,0.0,0.0,0.0,0.0,0.0,0.5508744038155803,0.3412762115270029,0.13771860095389507,0.08531905288175072,0.0,0.0,0.0,0.0,0.0,0.0,0.24081115335868186,0.6577154477965296,0.1593959731543624,0.016676825746415717,0.5480957989791913,0.49040680757416627,0.23707573137305887,0.2911997702792779,0.0,0.0,0.08712121212121213,0.0011762518794495257,0.08047945205479452,0.0011668349853391163,0.22804718217562253,0.6143499914833968,0.0,0.0,0.5737109658678287,0.6786584649247697,0.21440625902553,0.323447371340774,0.19193324061196107,0.017927006924428286,0.18450184501845018,0.4070320218402218,0.28592057761732853,0.5799375700540929,0.34210526315789475,0.3926214389825749,0.2343987823439878,0.02279118792950295,0.631578947368421,0.4507548363404995,0.35721705348822086,0.3002832490480396,0.1813031161473088,0.000736123435359367,0.24170212765957447,0.27146071245894604,0.297029702970297,0.27174436035626987,0.21008403361344538,0.6240559634481966,0.326271186440678,0.04476769281811495,0.6469565217391304,0.476413934348113,0.3558308476797451,0.33163783067448743,0.2241008161864712,0.21690913001189818,0.9177215189873418,0.8349936280339479,0.6,0.9249870667356441,0.8545751797657225,0.593400447427293,0.9263746505125815,0.8546235561091651,0.641851106639839,0.9402129402129402,0.9854428402784197,0.662020905923345,0.9272816007808687,0.9741945497835046,0.5968421052631578,0.9529799341120095,0.9621395512026216,0.36769327467001883,0.9358755551294186,0.9424602656418727,0.9950672645739911,0.9365470852017937,0.9987323895271144,0.9697853018666965
c02_d8_s0,c02,8,0,70000,12950,3223.3013253211975,0.0010201649274677038,5.170042305988327e-05,0.0,0.0,0.0,0.0,0.0,0.0,0.0,0.0,0.0,0.0,0.49590003904724717,0.24234045165231474,0.12397500976181179,0.060585112913078686,0.0,0.0,0.0,0.0,0.0,0.0,0.0,0.0,0.0,0.0,0.5692022263450834,0.5170035265198892,0.14230055658627086,0.1292508816299723,0.0,0.0,0.0,0.0,0.0,0.0,0.0,0.0,0.0,0.0,0.5526729559748428,0.33918622611231464,0.1381682389937107,0.08479655652807866,0.0,0.0,0.0,0.0,0.0,0.0,0.24120603015075376,0.3407790316335969,0.0,0.0,0.5665399239543726,0.520289228212415,0.2019364885262816,0.21526706496150297,0.0,0.0,0.0,0.0,0.0,0.0,0.22572178477690288,0.612944522684023,0.14492753623188406,0.012317277475036352,0.563031709203403,0.638170299710294,0.23342025755304746,0.31585802496733834,0.24681933842239187,0.015920736955456836,0.23235800344234078,0.37654554792130956,0.2894168466522678,0.39102110070480817,0.3103448275862069,0.7433115764361261,0.3249146757679181,0.05985137645965868,0.614054054054054,0.26071803623484724,0.3763779050617948,0.3312608627477892,0.25,0.00963933286432558,0.27732463295269166,0.3691406830379318,0.35317200784826686,0.3426128381242376,0.32418952618453867,0.3112335105477549,0.30104321907600595,0.03449879644037191,0.6412652767792955,0.4310083401684784,0.3899992255767066,0.25430123295802587,0.22945395457994627,0.19875996238654087,0.9171270718232044,0.8350119996030486,0.5688468158347676,0.9225206611570248,0.854690343918074,0.5615901455767077,0.9231485794131346,0.8547362356274455,0.5933400605449042,0.9334428923582581,0.9716923970403432,0.6461267605633803,0.9293027791321307,0.9960380044023658,0.5797481636935992,0.9544091181763648,0.9486080361882582,0.38246385920804526,0.9345217234494687,0.9411211576701225,0.9953348763199769,0.9437219730941704,0.99901267429644,0.9761197376534559
c02_d8_s0,c02,8,0,75000,70150,311.0023469924927,0.0006892354576848447,2.053936102937605e-05,0.0,0.0,0.0,0.0,0.0,0.0,0.0,0.0,0.0,0.0,0.49415432579890883,0.24229723516420118,0.12353858144972721,0.060574308791050295,0.0,0.0,0.0,0.0,0.0,0.0,0.0,0.0,0.0,0.0,0.5687801260659993,0.5162808633482052,0.14219503151649981,0.1290702158370513,0.0,0.0,0.0,0.0,0.0,0.0,0.0,0.0,0.0,0.0,0.5600630169358015,0.5191740253274836,0.14001575423395038,0.1297935063318709,0.0,0.0,0.0,0.0,0.0,0.0,0.24778761061946902,0.6583372432145185,0.0,0.0,0.552366175329713,0.6329901170517674,0.20003844648729552,0.3228318400665715,0.0,0.0,0.08466603951081844,0.0011517900864873314,0.07829787234042553,0.0011426033944241015,0.36604189636163176,0.3020455314757209,0.15932203389830507,0.0229754096404316,0.5890962312477132,0.5839913160747073,0.29219536636451615,0.2274442637544576,0.235595390524968,0.001311789369287087,0.26224066390041495,0.023128114489226557,0.3012729844413013,0.04425162577246001,0.36893203883495146,0.620804238087861,0.34136269786648316,0.04856055839638902,0.6109301483894318,0.6293663452559465,0.3968986411782736,0.3304070795709636,0.24681933842239187,0.02311444539855988,0.36415770609319,0.5476963995061979,0.3880597014925373,0.5043107834239008,0.44170403587443946,0.379271780565926,0.31334332833583206,0.04062796678543509,0.6441973592772758,0.42324662920221656,0.43306424303923013,0.30038006316578264,0.2468494377527847,0.21435732535967827,0.916403785488959,0.8349355555649179,0.5998278829604131,0.9233954451345756,0.8544695602660822,0.5818385650224215,0.9230769230769231,0.854516134221904,0.6181818181818182,0.9384741591468416,0.9749521289081823,0.6346153846153846,0.9299610894941635,0.9744218921524792,0.575836820083682,0.9559748427672956,0.9371352957362076,0.3981829573934837,0.9363422023271133,0.9336207667036259,0.9956458845653118,0.9497757847533632,0.9993743320633118,0.9839677111945737
c02_d8_s0,c02,8,0,80000,70150,625.1919310092926,0.0005454859929159284,1.0000000422909809e-05,0.0,0.0,0.0,0.0,0.0,0.0,0.0,0.0,0.0,0.0,0.4941360437842064,0.24419573941662104,0.1235340109460516,0.06104893485415526,0.0,0.0,0.0,0.0,0.0,0.0,0.0,0.0,0.0,0.0,0.5696249535833643,0.5211662312371694,0.14240623839584107,0.13029155780929236,0.0,0.0,0.0,0.0,0.0,0.0,0.0,0.0,0.0,0.0,0.5532915360501567,0.3490378725938274,0.13832288401253917,0.08725946814845685,0.0,0.0,0.0,0.0,0.0,0.0,0.22879177377892032,0.6600937008909104,0.15973377703826955,0.016888083935104718,0.5513803680981595,0.24699399826184734,0.23497647972883734,0.2309939457719656,0.0,0.0,0.14755555555555555,0.02318838429136111,0.137429264349232,0.023037882608337945,0.2349799732977303,0.6173959756209808,0.24127465857359637,0.02731136033581803,0.5940879596250901,0.5367595937158719,0.2913343828661698,0.29921892132647593,0.2453066332916145,0.029455444270013943,0.17531305903398928,0.025481068206137915,0.35147540983606557,0.06431120670228953,0.3791469194312796,0.6770587104639045,0.29172932330827067,0.043799811482187694,0.5807926829268293,0.06718964781961509,0.37725848993006733,0.2069493523729636,0.22626788036410922,0.001202334408883169,0.2693548387096774,0.2737426774231577,0.3333333333333333,0.24211764050679394,0.4043321299638989,0.7880153670656898,0.34782608695652173,0.04637831877850203,0.6321798073492686,0.44698639938837487,0.41516417710134895,0.36343357566971124,0.24614238042583647,0.19702796513614582,0.9148264984227129,0.8350106727209906,0.5732758620689655,0.922360248447205,0.8545444333553042,0.5448933782267116,0.9235074626865671,0.8557550904027333,0.5944444444444444,0.9393442622950819,0.9749623076552244,0.6335078534031413,0.9307992202729045,0.9744365611753092,0.5780104712041885,0.9551166965888689,0.9242861766013019,0.3931704260651629,0.9363728955855876,0.9305304443978779,0.9956603500650948,0.9495515695067265,0.9994502801943549,0.9858736476259881
c03_d8_s0,c03,8,0,5000,0,389.5258164405823,0.37410691380500793,0.000999577995557936,0.0,0.0,0.0,0.0,0.0,0.0,0.0,0.0,0.0,0.0,0.5926966292134831,0.6811886138103126,0.14817415730337077,0.17029715345257815,0.0,0.0,0.0,0.0,0.0,0.0,0.0,0.0,0.0,0.0,0.6089405139035551,0.6746399607710517,0.15223512847588877,0.16865999019276293,0.0,0.0,0.0,0.0,0.2625090645395214,0.2575325957504107,0.5072625698324023,0.8756795189697665,0.22479338842975208,0.03308505060526801,0.6466064861250418,0.6863360659157749,0.3665413664750925,0.4202362085185699,0.2584541062801932,0.008331508567614951,0.5054021608643458,0.7843540836620773,0.5095613048368954,0.7881908686895782,0.46298472385428907,0.8656086100211492,0.43586550435865506,0.30658716886163007,0.6616334934797529,0.7478751039672044,0.4962390614216271,0.6117574257891017,0.3521739130434783,0.5369116956855652,0.4689922480620155,0.7796950875385503,0.4746987951807229,0.78357036731352,0.5452488687782805,0.8831036231131233,0.49038461538461536,0.07263394359876796,0.6847641669494401,0.7351897026041897,0.5380881591352688,0.5977465798738233,0.38631346578366443,0.476954833677419,0.45641389085754785,0.6673848625959691,0.4438608010505581,0.663727123774992,0.6346346346346347,0.49876414578042605,0.5698509110988405,0.060525183740800126,0.7387830362630609,0.7251538162963488,0.5930328253067816,0.47178302145842543,0.38908659549228947,0.47672705356352124,0.5601996257018091,0.4798073334384692,0.5516034985422741,0.4826489225262415,0.6745098039215687,0.8821865292247716,0.5813148788927336,0.3731894264367172,0.739253216190775,0.7357914789546851,0.6238436180626337,0.6177238011147295,0.41687918802580903,0.436886311485713,0.9370629370629371,0.7983558708953503,0.6417910447761194,0.9478575116159009,0.7752972218908468,0.5468409586056645,0.9474662947466295,0.7769535334543142,0.5574092247301276,0.9334415584415584,0.3768454757023917,0.7391304347826086,0.9479882237487733,0.7746943762495614,0.6873706004140787,0.9612784265519361,0.9513156534372524,0.40569053708439895,0.9467092808043559,0.7215977618673439,0.9934615940980761,0.875560538116592,0.9983164830952118,0.9506138236448232
c03_d8_s0,c03,8,0,10000,0,774.2139048576355,0.008488896302878857,0.0009848581542776886,0.0,0.0,0.0,0.0,0.0,0.0,0.0,0.0,0.0,0.0,0.6013888888888889,0.6812907253141205,0.15034722222222222,0.17032268132853012,0.0,0.0,0.2754777070063694,0.3842407741894651,0.43602983362019504,0.7339116472314597,0.483493077742279,0.8572838612828447,0.0,0.0,0.6211651154774216,0.6763050169736744,0.3354568433571389,0.47657658801587355,0.2600243013365735,0.008282824949392486,0.371994342291372,0.3857204846683753,0.48691938067271756,0.6724601059861273,0.460196292257361,0.8702612773953826,0.20050125313283207,0.027326191566722068,0.653342522398346,0.6899446093478783,0.4217548523055234,0.4857549708778203,0.3669141039236479,0.5380126559319177,0.49143532191376255,0.7780290467642736,0.506371191135734,0.781937542301538,0.4617169373549884,0.8732642565714207,0.32286995515695066,0.039833140423178356,0.6708289975719737,0.7919143914863104,0.47758069060207353,0.6010845508700381,0.35667396061269147,0.5347059647306215,0.46380697050938335,0.4974564524303494,0.5122367672168469,0.7861920365721708,0.5239687848383501,0.8791695169886348,0.41997264021887826,0.04529739434380662,0.7081988379599742,0.7911845305286478,0.5240948739492108,0.5804423982763675,0.3854389721627409,0.3292468865715628,0.4005641748942172,0.375544658246263,0.4443069306930693,0.3805175359780246,0.6360153256704981,0.8798555255801275,0.4936548223350254,0.07002134814365926,0.7186311787072244,0.7808931563448319,0.5646011714906893,0.5231349309168088,0.41408751334044824,0.04749351596679752,0.531459987782529,0.782659807503304,0.5613079019073569,0.7571511127373537,0.6735459662288931,0.9245055329991474,0.5161716171617162,0.24073616652624769,0.745679012345679,0.6896503830212918,0.6094204325199333,0.5959983903206263,0.44046515520668444,0.4904735015151521,0.9353078721745908,0.8085836409986868,0.6441666666666667,0.9450436569080637,0.7697701646363063,0.5668478260869565,0.9410672853828306,0.7714467341934188,0.5744575936883629,0.9273469387755102,0.6617327535311917,0.6663732394366197,0.9456148946594807,0.8321794772902962,0.6689119170984456,0.9613970588235294,0.9610936293192276,0.38209050350541746,0.9437079576034205,0.8095681766875467,0.9961955735570664,0.9439461883408071,0.9999638342233128,0.9989909748304278
c03_d8_s0,c03,8,0,15000,0,1155.117425441742,0.004860301967710257,0.0009497125223605969,0.0,0.0,0.0,0.0,0.0,0.0,0.0,0.0,0.0,0.0,0.6009648518263266,0.6707051175269613,0.15024121295658166,0.16767627938174032,0.0,0.0,0.0,0.0,0.43184421534937,0.7315261171820904,0.4191033138401559,0.7926009068124739,0.0,0.0,0.6191950464396285,0.7113457754934083,0.29556160801572695,0.4369471803416447,0.0,0.0,0.0,0.0,0.2553823311061618,0.44222031130703565,0.42011834319526625,0.8304337870538612,0.0,0.0,0.6344011142061281,0.7326806914706812,0.28491172527586206,0.4276303122400552,0.3668763102725367,0.6163893546752586,0.4818713450292398,0.8224032001972866,0.49396267837541163,0.8259192596428999,0.4433849821215733,0.866286990243436,0.39198855507868385,0.039153888269974464,0.710828025477707,0.7826925373757194,0.49844291847592337,0.6107593385152362,0.3673469387755102,0.5352434761237411,0.4997025580011898,0.45526830352308273,0.5052983825989961,0.4578603489142931,0.4652223489167617,0.8291819751517302,0.4256170780520347,0.04299616579591493,0.7045229448662925,0.7925119243426109,0.5132029162400802,0.5368701937026571,0.387308533916849,0.3316718250765888,0.470976253298153,0.3667735260326015,0.5105413105413106,0.3694176568395501,0.6450381679389313,0.4062959043472276,0.5188387893761581,0.07696994817171986,0.713216957605985,0.7995531212455463,0.5833423202099614,0.40969332743685183,0.37485448195576254,0.0526742438177823,0.4694708276797829,0.8144187779927599,0.5272727272727272,0.8713116619625416,0.6497560975609756,0.8694048125724575,0.5369211514392991,0.05141871361094718,0.7348866498740554,0.803496338970677,0.5946908111276052,0.5759470232696108,0.41719907318596305,0.4522176649839708,0.9227202472952086,0.7671958352586096,0.5912897822445561,0.9387545033453423,0.7647697046017841,0.5411184210526315,0.935933147632312,0.7665256811772969,0.5451388888888888,0.9220672682526662,0.6083999173223773,0.6485765124555161,0.9434333497294638,0.8618659021186454,0.662148070907195,0.9623738146222086,0.9358916006358331,0.39001907183725365,0.9400859330071566,0.7930802901056881,0.9965861420512079,0.9504484304932735,1.0,1.0
c03_d8_s0,c03,8,0,20000,0,1648.4559593200684,0.0012849158374592662,0.000895637119646979,0.0,0.0,0.0,0.0,0.0,0.0,0.0,0.0,0.0,0.0,0.5975017349063151,0.7137988768903804,0.14937543372657877,0.1784497192225951,0.0,0.0,0.0,0.0,0.4343376918703809,0.699403225213237,0.40913604766633566,0.7920934895017413,0.0,0.0,0.6138956100933287,0.7329524847127366,0.29195272209578116,0.43954509565472255,0.0,0.0,0.1935483870967742,0.5928739423118684,0.18604651162790697,0.5892840825711041,0.4253968253968254,0.802411690254225,0.3301680058436815,0.04095642859149298,0.6300211416490487,0.7650683803541194,0.3780294014494457,0.500622293540207,0.2551640340218712,0.008278505619233873,0.29309035687167806,0.01602705154692649,0.2729181245626312,0.015898416761187084,0.49333333333333335,0.8590396272908585,0.30389221556886226,0.036668949629097024,0.6337535014005602,0.7620899363466125,0.42617580553037065,0.4177999594772543,0.3358613217768147,0.018355330300606702,0.4689054726368159,0.1483612617203533,0.44534883720930235,0.14718304210317218,0.522343594836147,0.3433582434943632,0.3953006219765031,0.041760177423257806,0.6989730423620025,0.7781796682271911,0.5083306174289075,0.3169828251298807,0.4279661016949153,0.05984827715295418,0.4674434544208362,0.40269766998382034,0.4714548802946593,0.4037603862748941,0.6042884990253411,0.41307455409837396,0.4755332496863237,0.054213397456999934,0.7446043165467626,0.8482568382620507,0.5700118860154744,0.4010783919053285,0.44861660079051385,0.02815011483794846,0.5165165165165165,0.5564016755430218,0.5634837355718783,0.819680357419599,0.615535889872173,0.8750819089150843,0.47287340924313465,0.2670213462196269,0.7156260109996765,0.38256893459666114,0.5783935652686552,0.49818739308289056,0.4146099187878876,0.3932379540018398,0.9179566563467493,0.8162385223328115,0.6913996627318718,0.930733709594664,0.8061875641470662,0.603638368246968,0.9245719574271171,0.8070396205143747,0.6046046046046046,0.9114754098360656,0.6565086769828394,0.6357913669064749,0.9422222222222222,0.8107621285690163,0.6687631027253669,0.9599755575924228,0.9344299298439493,0.37619350732017826,0.9345234910267217,0.8028806594318056,0.9969333140460003,0.9551569506726457,1.0,1.0
c03_d8_s0,c03,8,0,25000,0,2145.0609934329987,5.803800036119355e-07,0.0008249337364567146,0.0,0.0,0.0,0.0,0.0,0.0,0.0,0.0,0.0,0.0,0.5958333333333333,0.713790048593193,0.14895833333333333,0.17844751214829824,0.0,0.0,0.28484848484848485,0.36061073082969597,0.4291272929405225,0.6895879998529307,0.4315352697095436,0.8079685287193848,0.0,0.0,0.6162911611785096,0.7331730270445711,0.3214545892044306,0.47280194983120793,0.0,0.0,0.0,0.0,0.38049367850692356,0.6327471226229809,0.4320337197049526,0.8114382343589297,0.0,0.0,0.6356968215158925,0.7812284561539714,0.2986404418474549,0.4508955995134737,0.25273390036452004,0.008244140734626414,0.3087557603686636,0.018100363944018216,0.2871287128712871,0.017953331837737806,0.49157581764122893,0.8621916032264626,0.31571109456440805,0.03731654989597057,0.6310854670032456,0.7643235091196589,0.43031129260259326,0.4196494019368882,0.43796992481203006,0.06136144117659284,0.4909963985594238,0.14808765408204755,0.4983127109111361,0.15439561431640328,0.5263157894736842,0.3437601061544032,0.2773044151820294,0.03511226036209386,0.6653569089718402,0.7723164144335644,0.48618419793043754,0.3181175877021023,0.44648318042813456,0.017782814208255955,0.5222772277227723,0.6616812380856608,0.5519445924347363,0.6062457939540822,0.5737874097007224,0.825551135114336,0.5082547169811321,0.21981049428065316,0.7015604681404422,0.8012023916420032,0.5726260654210444,0.5687834924465813,0.43775933609958506,0.010297337262232977,0.4873417721518987,0.7799908826766293,0.513960113960114,0.8132384927614796,0.5702036441586281,0.848906426571523,0.5081645983017635,0.4033755104020811,0.7329580988117573,0.6979250852093662,0.5727533538356704,0.6211789816041045,0.4044183248821378,0.4328392178832366,0.9209302325581395,0.8162444746813772,0.6868686868686869,0.9327860441251924,0.8049889243201923,0.5979097909790979,0.9262865090403338,0.8058429183746219,0.5975975975975976,0.9105824446267432,0.6363756127634453,0.636936936936937,0.9438423645320198,0.8100173923355151,0.6664926931106472,0.9614443084455324,0.9344370333410968,0.3765117759388924,0.9356341782113793,0.7974638693913636,0.9969188485462173,0.9542600896860987,1.0,1.0
c03_d8_s0,c03,8,0,30000,0,2619.8354058265686,3.3477505212431424e-08,0.0007406119548704389,0.0,0.0,0.0,0.0,0.0,0.0,0.0,0.0,0.0,0.0,0.5957594716718805,0.7145747179666734,0.14893986791797012,0.17864367949166834,0.0,0.0,0.2833333333333333,0.36060043173171474,0.4280155642023346,0.6895853499055237,0.43198338525441327,0.8079728736089898,0.0,0.0,0.616504854368932,0.7331661209896191,0.32140113470047527,0.47280023045275543,0.0,0.0,0.0,0.0,0.2653958944281525,0.7988792938430417,0.39953271028037385,0.8507677194122999,0.0,0.0,0.6352201257861635,0.7814225540251436,0.2808045335523137,0.47462084284628103,0.2545454545454545,0.008273867546237408,0.30582891748675245,0.018102976389981797,0.39112177564487105,0.14917494929327718,0.4669603524229075,0.8316701827761522,0.30339622641509434,0.03607881288626252,0.6588478785788203,0.7773850425269242,0.43659245999396207,0.42591282564979277,0.438512869399428,0.055711641640670446,0.42105263157894735,0.05188250356704146,0.46987951807228917,0.14641803901710299,0.525231719876416,0.34156676386372115,0.4060846560846561,0.05030786075519529,0.6930938371012697,0.7712173465560943,0.5168896381864742,0.3119406748124873,0.3501199040767386,0.044116197473209724,0.47253474520185307,0.384315334641905,0.4970896391152503,0.3889114443314033,0.5993945509586277,0.8590657554415378,0.5124688279301746,0.06609751692613922,0.7242748091603053,0.7906837214825564,0.5690132377117637,0.49707366316643486,0.37054631828978624,0.00977943756821801,0.531873792659369,0.752187669099012,0.5357357357357357,0.7562564412589735,0.5963488843813387,0.8887983586712955,0.5154639175257731,0.22808575016567245,0.7384806973848069,0.7384176567511338,0.5824196953800539,0.5903440703908758,0.40800865249185897,0.42161942668718505,0.9187935034802784,0.8162382502097111,0.6919191919191919,0.9312820512820513,0.8049590086791939,0.6002202643171806,0.925,0.8064289364530189,0.6016016016016016,0.9102880658436214,0.8300392051386042,0.635623869801085,0.9426877470355731,0.8101709364294963,0.6514675052410901,0.9599510852950168,0.934023998143146,0.37452229299363055,0.9344880207737469,0.845860717872972,0.9969333140460003,0.9533632286995516,1.0,1.0
c03_d8_s0,c03,8,0,35000,0,3116.622045993805,2.6759889859562236e-09,0.0006462610419276992,0.0,0.0,0.0,0.0,0.0,0.0,0.0,0.0,0.0,0.0,0.5957594716718805,0.7144993574874421,0.14893986791797012,0.17862483937186052,0.0,0.0,0.0,0.0,0.4288888888888889,0.6895976656553092,0.42592592592592593,0.8076027136604575,0.0,0.0,0.6145833333333334,0.7331312430842356,0.29586805555555556,0.4426499613241157,0.0,0.0,0.0,0.0,0.3659268146370726,0.5795074942079519,0.42360379346680715,0.811242307961372,0.2869888475836431,0.30729840422255533,0.6291208791208791,0.7636114186247186,0.3654222812625884,0.5188303238861575,0.25728155339805825,0.008292393594754765,0.31097560975609756,0.016927763684695098,0.3937387116195063,0.1347970451601975,0.4835820895522388,0.8616605572131306,0.38128986534372783,0.039115438743651636,0.6691054206850682,0.7636881386981099,0.46366066679306384,0.42945080053369367,0.4323308270676692,0.050186709132653155,0.41274054412740546,0.04698359582143226,0.38789376158122296,0.04659587350260919,0.5216494845360825,0.3417323933371662,0.4065261726716519,0.046155417276092015,0.6830564784053156,0.7885392398598755,0.5055551283012872,0.3060872774896747,0.4258474576271186,0.01383078165240183,0.5436554132712457,0.4874867114833276,0.5377049180327869,0.4851068317242439,0.6224390243902439,0.6121386264869424,0.44278943805010157,0.04324289788177005,0.7181372549019608,0.7793648890178249,0.5714420784131725,0.4408886304182988,0.3967889908256881,0.015294697612017662,0.4450784593437946,0.778725237728919,0.49507389162561577,0.8091015735547326,0.5692963752665245,0.8945083922510012,0.5276073619631901,0.29101204143051074,0.7397003745318352,0.7335163146772761,0.5705628064233124,0.613352646164336,0.41735012638099284,0.41855492559830526,0.9195046439628483,0.8424809184207341,0.6582491582491582,0.9293756397134084,0.8049537772476497,0.5781938325991189,0.923646459972235,0.8064241398894113,0.5831663326653307,0.9117889530090684,0.8406299130635618,0.6283905967450272,0.9422222222222222,0.8097373632472178,0.6436058700209644,0.961150198837565,0.9673911166492102,0.3711012094207511,0.9348342388212549,0.8589278345364805,0.9969911760451323,0.9538116591928251,1.0,1.0
c03_d8_s0,c03,8,0,40000,36150,364.3244993686676,6.440579181088424e-10,0.0005458971677758271,0.0,0.0,0.0,0.0,0.0,0.0,0.0,0.0,0.0,0.0,0.596040291767975,0.7145009799832168,0.14901007294199375,0.1786252449958042,0.0,0.0,0.0,0.0,0.42730299667036625,0.6895764832816426,0.4306418219461698,0.807854312053952,0.0,0.0,0.6149565217391304,0.7331220940962112,0.2970081689771889,0.4427088084776777,0.0,0.0,0.0,0.0,0.210604929051531,0.35396479001049647,0.42962962962962964,0.810504957857342,0.0,0.0,0.6241610738255033,0.7626120803440944,0.2809980866180775,0.42277632538456716,0.2539298669891173,0.008262616131255831,0.3107806691449814,0.014912907691449718,0.3836104513064133,0.1132440640775095,0.47394296951819076,0.3352371666581778,0.30143180105501133,0.03657632551072731,0.6625386996904025,0.7775762992760824,0.43850511651927715,0.29871574685293145,0.35913978494623655,0.5278326134767997,0.45075757575757575,0.5222592199108875,0.46226415094339623,0.5248394651671455,0.4343786295005807,0.7976402552293335,0.4335483870967742,0.04797803425636309,0.6801963993453355,0.777611357873104,0.49304431328960663,0.5370516867192695,0.41855670103092785,0.05740352305726372,0.5212765957446809,0.6926220750193756,0.5188470066518847,0.6972182638534332,0.5717131474103586,0.3788648445210213,0.4929757343550447,0.4266505989609354,0.7313341493268054,0.676765367798393,0.5705624497253433,0.49117385798092683,0.37777777777777777,0.23245632566591634,0.5311720698254364,0.8580257027792124,0.5355315520181921,0.8537576647698165,0.6390197926484449,0.921018136364935,0.4924346629986245,0.40172464086966464,0.7434899730619575,0.7159590436711901,0.5891095571457072,0.6716954296610261,0.40260539503102777,0.4346781571531718,0.9195046439628483,0.8424496174702208,0.6313131313131313,0.9293756397134084,0.804943054833026,0.5633259911894273,0.9231481481481482,0.8064130314129501,0.5687061183550652,0.9117889530090684,0.8406299130635618,0.6301989150090416,0.9431537320810677,0.8441242828103708,0.6451781970649895,0.9611739529195965,0.9673381841449484,0.3705470737913486,0.9350315288211335,0.8675069036477366,0.9970201070446983,0.954932735426009,1.0,1.0
c03_d8_s0,c03,8,0,45000,36150,819.1073496341705,6.696604382128157e-10,0.00044379245212906274,0.0,0.0,0.0,0.0,0.0,0.0,0.0,0.0,0.0,0.0,0.5931612002791347,0.7016528763007842,0.14829030006978366,0.17541321907519605,0.0,0.0,0.0,0.0,0.271518544436669,0.6050486614507959,0.4329896907216495,0.8526847662530253,0.0,0.0,0.6124869201255668,0.7538003179598995,0.28399569808152647,0.4520419928407975,0.0,0.0,0.0,0.0,0.3761904761904762,0.5789883060405385,0.42481598317560465,0.8083738211414915,0.1546304163126593,0.01385650206755145,0.6262558606831882,0.7626315171362152,0.33277477139206935,0.44446448558969276,0.25334957369062117,0.00824878035224996,0.30513595166163143,0.01793865131420691,0.38369304556354916,0.12075035836915156,0.4681818181818182,0.8525162904003575,0.2971342383107089,0.03671183704709716,0.6539096007918179,0.7743650586166635,0.4333212952307364,0.42814311235233027,0.3588667366211962,0.0396042984181395,0.3487544483985765,0.037024453206062305,0.3903323262839879,0.04738357073581272,0.5215605749486653,0.3413345640969923,0.4029952348536419,0.04598112053663306,0.694954894754427,0.789551903507906,0.49637380208116355,0.30455125723205073,0.4351464435146444,0.6257121907356314,0.5137614678899083,0.6310602604201639,0.503052503052503,0.6328231140979681,0.5298588490770901,0.8420772846446162,0.5127294256956779,0.45836007008574003,0.7267156862745098,0.8494383101888857,0.5633226914665741,0.6949352133342908,0.46107784431137727,0.051210251232803455,0.5500292568753657,0.6900904596087944,0.5535420098846787,0.6947291044188336,0.5967741935483871,0.8760469225473857,0.5070785070785071,0.07021425468116704,0.7315724815724816,0.6956439571282459,0.5892437214724624,0.5301454348609023,0.4067603256849023,0.4328135307550372,0.9166666666666666,0.8162065851745474,0.6144781144781145,0.9289002557544757,0.8049385304299108,0.5512114537444934,0.9235757295044001,0.8058107959390002,0.555667001003009,0.912828947368421,0.8747960647046557,0.627927927927928,0.944142362827484,0.8441698541149147,0.6424083769633507,0.9602932193036041,0.9673447577487749,0.369910941475827,0.9350780200353392,0.8738239951040413,0.9970490380442645,0.9562780269058296,1.0,1.0
c03_d8_s0,c03,8,0,50000,36150,1319.7521269321442,7.013537528521852e-10,0.00034429311589923944,0.0,0.0,0.0,0.0,0.0,0.0,0.0,0.0,0.0,0.0,0.5934987766515204,0.7144747255030266,0.1483746941628801,0.17861868137575665,0.0,0.0,0.0,0.0,0.2929500342231348,0.6026761990620781,0.4374384236453202,0.8213346869945441,0.0,0.0,0.5611090842758117,0.746532451145154,0.2740493798322109,0.44218980112343104,0.0,0.0,0.0,0.0,0.20520446096654274,0.354518020312436,0.41938883034773444,0.810701548293754,0.0,0.0,0.6317638791286015,0.7869778308629781,0.2798885491162959,0.4289630131485527,0.25783132530120484,0.00834594649046145,0.30293896006028637,0.01673609873673099,0.38682634730538923,0.11976380257688887,0.4646017699115044,0.8315331683137508,0.3056179775280899,0.03728923087105191,0.6472382243307353,0.7603338530587265,0.43333087899815576,0.4193595503778891,0.24535315985130113,0.008119826534735936,0.36569808646350105,0.04229372171103339,0.3427445830597505,0.04194566191528051,0.522633744855967,0.3412493795387344,0.40464798359535203,0.04597972423108963,0.7001569858712716,0.7749724908612602,0.48634266436186036,0.2982469995045252,0.4342379958246347,0.012293909875451448,0.5397369925671812,0.35735530835007906,0.539494895217625,0.36133411391861375,0.6007677543186181,0.8422145567312251,0.43762246897452645,0.2565526360719627,0.7157169693174703,0.8002039971542487,0.5646492884534404,0.5356580751680378,0.38171428571428573,0.012411962122260815,0.48835662009314706,0.8175953183369121,0.5187752744078568,0.7480478496357508,0.6559546313799622,0.9249756012260816,0.49967637540453075,0.2406167653573638,0.7449563384522734,0.677585464379492,0.5908840179937991,0.5922990519153113,0.3967884961312347,0.4136193103733577,0.9182098765432098,0.8162073856882599,0.6386554621848739,0.9294478527607362,0.804938325179184,0.5687568756875687,0.9245020842982863,0.8058116920469495,0.5716432865731463,0.912828947368421,0.8747960647046557,0.6324324324324324,0.9422792303897385,0.8441459128658233,0.6429319371727749,0.9590964590964591,0.968829791609452,0.3714194780394653,0.9345644770138406,0.8741893925378489,0.9970490380442645,0.9562780269058296,1.0,1.0
c03_d8_s0,c03,8,0,55000,36150,1822.8866257667542,7.075802166411904e-10,0.00025163447861196694,0.0,0.0,0.0,0.0,0.0,0.0,0.0,0.0,0.0,0.0,0.5925148653375306,0.7453628948781555,0.14812871633438265,0.1863407237195389,0.0,0.0,0.0,0.0,0.28060128847530424,0.802352309700508,0.41427155599603566,0.7918821768344311,0.0,0.0,0.6099686301847334,0.7536990355395269,0.2794434872514676,0.4532579955685318,0.0,0.0,0.0,0.0,0.24626334519572954,0.43970559821647265,0.4200426439232409,0.8112196047830822,0.3311451495258935,0.04153009711342726,0.6296163499462173,0.7764652640467674,0.3657229812818154,0.44394587467052526,0.26034063260340634,0.008953687690658279,0.18755477651183172,0.00773456730841505,0.3006711409395973,0.11845246942722677,0.49555774925962487,0.8620802017397997,0.3036649214659686,0.036751811102542754,0.6554455445544555,0.7715377190135778,0.42604759965791517,0.42885415999950505,0.3497854077253219,0.021704486037470987,0.48438420742486743,0.14832829327382419,0.4897733554449972,0.15460672924056001,0.5294725956566702,0.3452099113995985,0.3932511356262167,0.04431746481284432,0.6568593910366062,0.7864006971733413,0.5052243614628056,0.3210353107257673,0.46774193548387094,0.05078345980595523,0.5482174167153712,0.38942473817654005,0.5474492594624246,0.3930982645251631,0.6037000973709834,0.3749200231249459,0.5032258064516129,0.053773234702978644,0.7203791469194313,0.7894459811167448,0.5871103136573124,0.37397701494513885,0.4294478527607362,0.055474185045342926,0.5198973042362003,0.5157372699435686,0.5149700598802395,0.5129106840994092,0.6080305927342257,0.49497225474084083,0.5481997677119629,0.5867466140225527,0.7324899722307929,0.7963753336320261,0.5942063512423433,0.5598670621895483,0.41512625869829173,0.39532544883122217,0.9175019275250579,0.8162059503698292,0.6361344537815126,0.9289729177312213,0.804938628937474,0.564906490649065,0.9245020842982863,0.8058123050643001,0.5676352705410822,0.913722267871816,0.8750261132268355,0.6276978417266187,0.9422792303897385,0.8441459128658233,0.6418848167539267,0.9582189691979262,0.9688270505524389,0.36887332908975173,0.9344698609944173,0.8742461761922413,0.9970345725444814,0.9562780269058296,1.0,1.0
c03_d8_s0,c03,8,0,60000,57050,310.84655237197876,7.075239283338419e-10,0.00016976067648552838,0.0,0.0,0.0,0.0,0.0,0.0,0.0,0.0,0.0,0.0,0.5918153200419727,0.7585326049947068,0.14795383001049317,0.1896331512486767,0.0,0.0,0.0,0.0,0.2773409578270193,0.5958567634530416,0.4095427435387674,0.7898211138274,0.0,0.0,0.6126564673157163,0.7542458687887448,0.2786615491992059,0.4356714759417897,0.0,0.0,0.0,0.0,0.24626334519572954,0.251314482766302,0.4231578947368421,0.8083762076767808,0.0,0.0,0.6339410939691444,0.7866455313539892,0.2847966926094741,0.419698308321551,0.25970873786407767,0.008953660494414824,0.279969064191802,0.4808074434859425,0.36752136752136755,0.5405916762131724,0.4676503972758229,0.8525490813215614,0.3056179775280899,0.0361790224904369,0.6454237288135594,0.7851515497075819,0.430272956702472,0.5043326450626892,0.3394994559303591,0.020544705432102513,0.4137022397891963,0.051640060432877104,0.3889570552147239,0.051212833361520195,0.526100307062436,0.34135285639276514,0.39863013698630134,0.04248402872316452,0.6994981179422836,0.7746746729356392,0.5012370364089451,0.2999110227817672,0.4214963119072708,0.04967433929476343,0.5162846803377563,0.6803518091811847,0.519774011299435,0.6816588190026008,0.5725971370143149,0.3931333743284649,0.5061124694376528,0.2110603121586993,0.7259720062208398,0.6838136919746307,0.5726333201302404,0.43964225857199446,0.4814462416745956,0.04118075135086769,0.5297845373891001,0.555148737752189,0.5501985252410664,0.5579933589081932,0.6310772163965681,0.876634229723345,0.47066578773895845,0.24386672644470986,0.7255580006287331,0.7175772811561394,0.5869443598831284,0.5557131299986527,0.40035710642056566,0.40637171313244586,0.9175019275250579,0.8162059503698292,0.6378151260504201,0.9289729177312213,0.804938628937474,0.5671067106710671,0.9245020842982863,0.8058123050643001,0.5701402805611222,0.913722267871816,0.8750261132268355,0.6303956834532374,0.9437314906219151,0.8441562969626893,0.6401673640167364,0.9576348674184699,0.9688242568437703,0.36950986632718014,0.9346869006075973,0.8742480737892907,0.9970345725444814,0.9567264573991031,1.0,1.0
c03_d8_s0,c03,8,0,65000,57050,804.9681038856506,7.084812736479762e-10,0.00010215677510851301,0.0,0.0,0.0,0.0,0.0,0.0,0.0,0.0,0.0,0.0,0.5917366946778712,0.7483677753298752,0.1479341736694678,0.1870919438324688,0.0,0.0,0.0,0.0,0.2777380100214746,0.5957664943638784,0.40594059405940597,0.788344168510349,0.0,0.0,0.6112656467315716,0.7539309087465924,0.2774463943662006,0.4352159771778919,0.0,0.0,0.0,0.0,0.0,0.0,0.42015005359056806,0.8133843555516331,0.32653061224489793,0.041014954651767827,0.6445466491458607,0.7628211760552542,0.34780682874533164,0.4043051215646638,0.37613751263902934,0.044947531801516165,0.28440366972477066,0.03893830774332699,0.44084278768233387,0.14699102796324123,0.46799116997792495,0.8318271798456478,0.30503380916604056,0.037269314836100145,0.6475409836065574,0.7697123050890184,0.4469234881914752,0.4289419389016986,0.43779232927970063,0.060398887109754086,0.4205669083717864,0.05566721445686788,0.3953345610804174,0.055205885749539024,0.5370370370370371,0.34117683753036304,0.3186733958183129,0.03870118832182031,0.6675350048844024,0.7759524417322462,0.4852858426625968,0.3032302825057875,0.3492063492063492,0.020603370056167938,0.44459738472126636,0.48709266529958384,0.4383386581469649,0.48995146307730714,0.5563451776649746,0.8267695469616895,0.44375,0.0458642526251287,0.7090967534554805,0.8451549603748719,0.5299765154529955,0.5125844815265108,0.4073275862068966,0.03211652267346523,0.5063938618925832,0.8615542643274011,0.5205797101449275,0.86138816927702,0.6402266288951841,0.9227221301978855,0.5046728971962616,0.06286877634971152,0.7425185185185185,0.7083195869627534,0.5913796076728584,0.5697325364007448,0.40382183582298936,0.4058717545585381,0.9166666666666666,0.8162048648191975,0.6380471380471381,0.9284253578732107,0.8049377029478422,0.566079295154185,0.9240037071362373,0.8058113866227198,0.5697091273821464,0.913722267871816,0.8750261132268355,0.6294964028776978,0.9437314906219151,0.8628585525862682,0.6375523012552301,0.9573430834856794,0.9688238538735953,0.36982813494589434,0.9344571881345289,0.878923292787488,0.9970490380442645,0.95695067264574,1.0,1.0
c03_d8_s0,c03,8,0,70000,57050,1299.622495174408,7.101240151463628e-10,5.170042305988327e-05,0.0,0.0,0.0,0.0,0.0,0.0,0.0,0.0,0.0,0.0,0.5919439579684763,0.7484353736665063,0.14798598949211908,0.18710884341662656,0.0,0.0,0.0,0.0,0.27896995708154504,0.5957681785713377,0.40674603174603174,0.7884315159803902,0.0,0.0,0.6114782608695652,0.7539315332931356,0.2778035695773613,0.4352381105326596,0.0,0.0,0.0,0.0,0.0,0.0,0.4171011470281543,0.8021329703266357,0.0,0.0,0.6317638791286015,0.7860620614994415,0.26221625653918895,0.3970487579565193,0.3790983606557377,0.04694868821592249,0.38063214525891054,0.0488773698663188,0.4362050163576881,0.14650938182738005,0.5034280117531832,0.8601929797766967,0.28766086298258897,0.0366654674880679,0.6722151088348272,0.7772304199750397,0.46548728941534456,0.4387168368024195,0.4344569288389513,0.06036836118746775,0.4158415841584158,0.05541236128645356,0.3909035033804548,0.05495316216245618,0.5322415557830092,0.34235232418897654,0.3480825958702065,0.037377461217830046,0.7029185867895545,0.7743486022876096,0.4992441859755111,0.3027474206433022,0.4624505928853755,0.029452776246236392,0.5087939698492462,0.4912622196065913,0.5023474178403756,0.4941852480417081,0.5787476280834914,0.4720431355693636,0.44662737393582186,0.06936292216685816,0.711068823342848,0.6622691889267425,0.5569102880551234,0.38549383199028575,0.37819025522041766,0.023584639507834678,0.46680080482897385,0.5533583585536554,0.49700598802395207,0.4917377935826405,0.6316793893129771,0.877849202720989,0.48787061994609165,0.23669520394961355,0.7232859789993823,0.7322157458616493,0.5725420844040581,0.5507467707700738,0.3974556662083866,0.38530008173026953,0.9173745173745174,0.8162083543355778,0.6372053872053872,0.9284253578732107,0.8049377029478422,0.5655286343612335,0.9245020842982863,0.806427411804285,0.5696392785571143,0.913722267871816,0.8750261132268355,0.6294964028776978,0.9432659102121361,0.8628552783809882,0.6385983263598326,0.9573430834856794,0.9688238538735953,0.37014640356460854,0.9344413120212425,0.8789741004609969,0.9970345725444814,0.9567264573991031,1.0,1.0
c03_d8_s0,c03,8,0,75000,57050,1788.1464717388153,7.107516797333346e-10,2.053936102937605e-05,0.0,0.0,0.0,0.0,0.0,0.0,0.0,0.0,0.0,0.0,0.592436974789916,0.7489566367416306,0.148109243697479,0.18723915918540765,0.0,0.0,0.0,0.0,0.27896995708154504,0.5957681785713377,0.40594059405940597,0.7883724664809828,0.0,0.0,0.6114782608695652,0.7539315332931356,0.27760221015570485,0.4352233481578077,0.259927797833935,0.008957030519764243,0.18782608695652173,0.0077374712417131435,0.35257214554579674,0.5979490964483297,0.4309623430962343,0.8570001481374405,0.20701168614357263,0.027693956907330987,0.6496772001359157,0.75105885291419,0.3886066432052851,0.4601585393405576,0.36212278876170656,0.024048654197249324,0.2796875,0.02083283434897701,0.3626237623762376,0.1225972949713019,0.4723726977248104,0.33850561954689506,0.41904761904761906,0.04060109277386013,0.6259927797833935,0.7605998714762034,0.4630561117337844,0.29888321124236705,0.42870632672332387,0.04766657460604485,0.4098469727212242,0.044904277417862896,0.38390092879256965,0.044522858634606075,0.5370370370370371,0.34274902959257214,0.3297644539614561,0.04371486388100926,0.6713420465412815,0.771060531568965,0.4864070700713702,0.3008055821488461,0.4719314938154139,0.5527675238710557,0.5051987767584097,0.5328712422010892,0.5048654836863194,0.5352845946269955,0.5690376569037657,0.6071015096859481,0.4929078014184397,0.06034583822250317,0.7146513115802943,0.8037441848051747,0.5676488386639702,0.5028748299033349,0.430062630480167,0.01351461410817719,0.531442663378545,0.7719989449249897,0.5588714053174173,0.8293676995057744,0.6388625592417062,0.9246376367389172,0.4592302674494455,0.07106095809827999,0.7386150966936993,0.7092480514616961,0.5858750391108902,0.5608100997863018,0.41675787951978344,0.39228496710923183,0.9173745173745174,0.8162083543355778,0.6372053872053872,0.9284253578732107,0.8049377029478422,0.5655286343612335,0.9245020842982863,0.806427411804285,0.5696392785571143,0.913722267871816,0.8750261132268355,0.6241007194244604,0.9428007889546351,0.8628541661781332,0.6401673640167364,0.9573430834856794,0.9688238538735953,0.37046467218332274,0.9343250317068672,0.8789738224102831,0.9970345725444814,0.9567264573991031,1.0,1.0
c03_d8_s0,c03,8,0,80000,57050,2279.404443025589,7.120858902531779e-10,1.0000000422909809e-05,0.0,0.0,0.0,0.0,0.0,0.0,0.0,0.0,0.0,0.0,0.5914505956552207,0.7614490478423245,0.14786264891380518,0.19036226196058112,0.0,0.0,0.0,0.0,0.27896995708154504,0.5957681785713377,0.40634291377601583,0.7883794061641909,0.0,0.0,0.6114782608695652,0.7539315332931356,0.2777027900848573,0.43522508307860974,0.259927797833935,0.008957030519764243,0.18782608695652173,0.0077374712417131435,0.35360501567398117,0.5979556029341349,0.4309623430962343,0.8570001481374405,0.20701168614357263,0.027693956907330987,0.6503567787971458,0.7510722169630031,0.38886261038127473,0.46016242255991135,0.36212278876170656,0.024048654197249324,0.2796875,0.02083283434897701,0.36363636363636365,0.12520234648237627,0.47288503253796094,0.3397813316216418,0.4197844007609385,0.04061119228673239,0.626488632262721,0.7606030339119819,0.46357673742357763,0.29942254237413923,0.343042071197411,0.017644754878849176,0.35790980672870437,0.37555442974445746,0.3605036447978794,0.37960651211652535,0.5454545454545454,0.3641311130155018,0.4588744588744589,0.2840066922268675,0.7075173720783323,0.7870331624996367,0.5164162209955003,0.4231932166638208,0.2729528535980149,0.01272146036814588,0.4538914323086985,0.38588314268777285,0.4472882388787325,0.3895450696039611,0.548618219037871,0.8358159807399036,0.49321533923303834,0.05017158776212713,0.7245841035120147,0.6913273848675691,0.5394487925111848,0.46000787773072327,0.36342592592592593,0.01266929379201323,0.4716981132075472,0.5251864947179715,0.47764849969381507,0.5224167954010999,0.6431297709923665,0.8906181295233383,0.5472578763127188,0.1815755230723978,0.7067620286085826,0.8024547597750222,0.5836851305473576,0.5570181517519466,0.4167935615510797,0.4036273651599617,0.9173745173745174,0.8162083543355778,0.6380471380471381,0.9284253578732107,0.8049377029478422,0.5655286343612335,0.9245020842982863,0.806427411804285,0.5696392785571143,0.913722267871816,0.8750261132268355,0.6241007194244604,0.9433218334154756,0.8628548865289328,0.6405433646812957,0.9573430834856794,0.9688238538735953,0.37046467218332274,0.9344552928220773,0.878974002497983,0.9970201070446983,0.9565022421524664,1.0,1.0
c04_d8_s0,c04,8,0,5000,0,76.1983711719513,0.732162594795227,0.000999577995557936,0.4192634560906516,0.04339017012667505,0.3483309143686502,0.04000602909323761,0.5786280914605693,0.5684602564417243,0.734225621414914,0.9391487815846034,0.0,0.0,0.5455909943714822,0.7427819350272034,0.4321393591065883,0.4748040504580881,0.0,0.0,0.505971769815418,0.6064265134884219,0.5414534288638689,0.6113960230004453,0.6382978723404256,0.9087211908274742,0.0,0.0,0.6269101751770406,0.7240978794746732,0.40358744510264044,0.5096899789496091,0.38095238095238093,0.04215225453160303,0.4919210053859964,0.5879248525564673,0.511497476163769,0.5928004914063147,0.5909592061742006,0.9030015564410454,0.0,0.0,0.6222222222222222,0.769132923741467,0.41865959564095123,0.5199400865868269,0.5198889916743756,0.6967865620125814,0.4542857142857143,0.6560326465515741,0.5654952076677316,0.6981963655335072,0.5539160045402951,0.8974187402766595,0.3192227619708536,0.20652469993711736,0.698009608785175,0.7144041757969344,0.5210929199597327,0.6255048685108163,0.5221579961464354,0.5081776516673788,0.5414438502673797,0.4759435324278582,0.5161691542288557,0.47343106884877273,0.5952890792291221,0.9006587820664611,0.5039561777236762,0.5340379460023322,0.7367003367003367,0.6908569117246847,0.590633981800173,0.6528510976937036,0.5895953757225434,0.695445332826296,0.6568569746909947,0.6732991670832238,0.6427388183324131,0.6704284300082685,0.7026022304832714,0.8091420069804552,0.5066489361702128,0.4943068526532231,0.7540983606557377,0.643238763798409,0.6482699792228014,0.656602983351171,0.5971943887775552,0.8579950482759061,0.6595744680851063,0.8144475698744471,0.662883087400681,0.8163751325597769,0.736936936936937,0.9329450608239721,0.5625388923459863,0.481781049923909,0.7924286172601861,0.7830168294661715,0.6829471069910559,0.7568372142793574,0.5281900554034205,0.5994614685470818,0.9489395129615082,0.9265347031438383,0.8468543046357616,0.9608355091383812,0.9384383308583182,0.7592391304347826,0.9625818521983162,0.9388785532102069,0.8649173955296404,0.9587712206952304,0.9992326373628462,0.8440134907251264,0.953590620420127,0.9467341854816647,0.8960040983606558,0.9698630136986301,0.9209756481765345,0.6409290646578782,0.9599192865616808,0.950389916689625,0.9540141761897873,0.3114349775784753,0.9565594773321953,0.3330343629127193
c04_d8_s0,c04,8,0,10000,0,148.0901641845703,0.06036616489291191,0.0009848581542776886,0.0,0.0,0.0,0.0,0.0,0.0,0.0,0.0,0.0,0.0,0.48350877192982455,0.5567499260098256,0.12087719298245614,0.1391874815024564,0.3804780876494024,0.043375476384008564,0.35374149659863946,0.04017885656142824,0.3372822299651568,0.03994566992622954,0.5714285714285714,0.8960464503981632,0.0,0.0,0.6284224250325945,0.7813895682312365,0.3892545669663914,0.42965067156332215,0.3413566739606127,0.03986827078382302,0.4370771312584574,0.32550631001768815,0.544689800210305,0.6134206317896113,0.5605381165919282,0.8885944331447097,0.0,0.0,0.6203966005665722,0.7065765110027362,0.405493979742073,0.4803590037527884,0.4762790697674419,0.5020684661476714,0.5693430656934306,0.727954486674748,0.5589012150026413,0.7276578891948953,0.46265060240963857,0.8614404735948911,0.3694676074406671,0.1799252956644051,0.6541297935103245,0.7216748019161421,0.5052722800454503,0.603900212961969,0.38928939237899074,0.045208622979559465,0.4841463414634146,0.44882126105599063,0.5311510031678986,0.6889131064243512,0.4564498346196251,0.605061096328365,0.32054176072234764,0.023677079997585063,0.6846342317115856,0.7584897189676373,0.48245535151424823,0.44538555636172195,0.5469767441860465,0.4748817097520364,0.5313092979127134,0.4899854958792367,0.5478991596638656,0.6947757961735419,0.5402542372881356,0.8467849302909011,0.47119741100323626,0.2643007657321991,0.6820007301935013,0.7123541371336464,0.558878528101437,0.5941635417729212,0.4948216340621404,0.6443218334604583,0.6033376123234917,0.8341166810703703,0.5856287425149701,0.8295993989913114,0.5813221406086044,0.8803319050681425,0.5694618272841051,0.28363125326690747,0.7143840330350998,0.7595083100553238,0.6066076659736692,0.6732043598911052,0.43840565218938937,0.48083583254375484,0.9498432601880877,0.7972224309871143,0.8003300330033003,0.958832725377801,0.8224175864960936,0.6771739130434783,0.9579439252336449,0.8236632819381365,0.7458536585365854,0.9521492295214923,0.9992081067584998,0.7904599659284497,0.9520078354554359,0.8636307506443562,0.7695473251028807,0.9647201946472019,0.9993969188904747,0.5463430012610341,0.9561043074726604,0.9191675523584447,0.9753869521191957,0.5771300448430493,0.9785193369366502,0.6086103481136835
c04_d8_s0,c04,8,0,15000,0,214.40914368629456,0.0401834137737751,0.0009497125223605969,0.0,0.0,0.0,0.0,0.0,0.0,0.0,0.0,0.0,0.0,0.4556669236700077,0.23985799811016859,0.11391673091750193,0.059964499527542146,0.0,0.0,0.32662192393736017,0.03900134432073406,0.3041982105987612,0.03875430251576882,0.5347368421052632,0.8225478908731001,0.0,0.0,0.6190476190476191,0.7358556246207942,0.34101445983289735,0.39608051610984885,0.0,0.0,0.4560475875743556,0.6655120665137713,0.45169230769230767,0.6652989881986576,0.5136017410228509,0.8520547413406684,0.0,0.0,0.555640243902439,0.6877910208163446,0.34295548750354443,0.495862361765289,0.45463228271251194,0.48919384591443704,0.5696698377168439,0.6902005222303659,0.5508162190626645,0.6875282117557086,0.3849056603773585,0.7538927809530196,0.18418907905460472,0.41537128661484307,0.5686653771760155,0.7240814433920738,0.41569989077632974,0.6289132593983601,0.3862487360970677,0.04488366334028064,0.4957780458383595,0.44377371943871374,0.47909604519774013,0.44462592407215734,0.46674182638105977,0.8629634094909442,0.30961115187087307,0.024212012502312075,0.6216216216216216,0.7859379589212038,0.4629205522294859,0.49605195413287767,0.492156862745098,0.5591910402433801,0.5388349514563107,0.8254414858635944,0.5741728922091782,0.8296884722392338,0.5866666666666667,0.8552968374653717,0.38991138377641443,0.06735807160116977,0.6428015564202335,0.785449535101988,0.5386086272500443,0.6115528609043164,0.45622119815668205,0.3659365209528912,0.5834908632640201,0.6711842160094329,0.5615067686874632,0.6670390959878523,0.576204523107178,0.8979287379576761,0.4030075187969925,0.06732754886320537,0.7236180904522613,0.7644971738503866,0.5591424355981217,0.5744516845803317,0.3963225977297036,0.4661253052026523,0.9491790461297889,0.8333679193747591,0.8187808896210873,0.9568831168831169,0.8553083730795399,0.6601520086862106,0.9534450651769087,0.8538628576092137,0.73193359375,0.9472830494728305,0.5266864371424232,0.7277397260273972,0.9438202247191011,0.8895298884157745,0.6811594202898551,0.9621097302212792,0.9993538590016888,0.503780718336484,0.9515955201191205,0.8157708086452644,0.9759294083610589,0.5679372197309417,0.9794307145091671,0.6005942037109704
c04_d8_s0,c04,8,0,20000,0,280.5660288333893,0.03283354267477989,0.000895637119646979,0.0,0.0,0.0,0.0,0.0,0.0,0.0,0.0,0.0,0.0,0.4782438259506076,0.576196693265255,0.1195609564876519,0.14404917331631376,0.0,0.0,0.3553223388305847,0.040508662169274255,0.334716459197787,0.04026819863649063,0.5251046025104602,0.816711105031626,0.0,0.0,0.6243039633147723,0.7376463992484101,0.3448553746253391,0.3953207811371561,0.30751708428246016,0.6093471192604277,0.4363885088919289,0.7763491266370016,0.43456162642947904,0.7755064243804528,0.5281385281385281,0.8668989561498679,0.20783373301358912,0.19489115523492398,0.6423214867949136,0.5645907081081033,0.44277903862041335,0.5866954273963807,0.26523297491039427,0.5707230626761158,0.44710327455919396,0.7461575983670692,0.4294117647058823,0.7424414221025945,0.4569377990430622,0.8690583514560578,0.18608549874266556,0.015029058942146387,0.6237148732008225,0.5949121387653985,0.41183021059459346,0.5413600608863823,0.38521836506159013,0.03380319800541642,0.5078566939032055,0.43313016010607,0.5515766969535008,0.6751154576517996,0.43400447427293065,0.8206405253146525,0.24405705229793978,0.022017188897353757,0.6154446177847114,0.7885788233412768,0.44376418241542015,0.5029798690352613,0.44325481798715205,0.37119014677517204,0.5396419437340153,0.7235546371828249,0.535799522673031,0.7233310240271347,0.5101822079314041,0.8605523973450652,0.3598326359832636,0.042441659502863376,0.68348134991119,0.7241943422401061,0.5149320721559809,0.5583034171041029,0.4675925925925926,0.5588859081825754,0.5917740945365255,0.8306210175026392,0.5766800689259046,0.8261256975692277,0.5895372233400402,0.9054886187289313,0.4043956043956044,0.059514440853492376,0.7032506116742397,0.5817753514915353,0.560633089523723,0.5713306547063599,0.40547927491758884,0.47143419765456523,0.9474509803921569,0.9265534365601085,0.5678807947019867,0.9574247144340602,0.9383761431727197,0.4804772234273319,0.9543761638733705,0.9386996615584241,0.5668292682926829,0.948905109489051,0.5266013064216181,0.7256410256410256,0.9460255152109912,0.9633200356594152,0.6441908713692946,0.9542562859739473,0.9793490671527445,0.5022222222222222,0.950567715893463,0.8509533724160487,0.9778460870823087,0.579372197309417,0.980911703064507,0.6142160435001962
c04_d8_s0,c04,8,0,25000,0,347.4919984340668,0.02949804626405239,0.0008249337364567146,0.0,0.0,0.0,0.0,0.0,0.0,0.0,0.0,0.26334519572953735,0.17563782144615728,0.4404104183109708,0.3570891740477585,0.17593890351012703,0.13318174887347894,0.0,0.0,0.33979135618479883,0.020115994203638982,0.498936170212766,0.6674688826873102,0.4581005586592179,0.7691981622642851,0.0,0.0,0.5730374296124544,0.6903909605741653,0.32767845760104847,0.422196020450525,0.0,0.0,0.4367213114754098,0.6632706400181483,0.4520464263897373,0.6681833243579866,0.46361746361746364,0.7194376607676357,0.21479713603818615,0.2028012655109743,0.5739878179863848,0.6182942337630417,0.38716458256593755,0.4960877870417575,0.43368828654404645,0.45639691939618127,0.5231116121758738,0.6653420595338718,0.5270413573700954,0.6685835621415791,0.35555555555555557,0.7479011534172715,0.18425460636515914,0.01589502752888123,0.6281786941580756,0.6411138916119501,0.41565065202719886,0.5004210632288284,0.4260355029585799,0.4104930238646344,0.47718865598027127,0.6364047098560672,0.5480817140009965,0.6540589810886038,0.49547511312217196,0.8821582649171773,0.306439674315322,0.037395407188755246,0.6375515818431912,0.6406461169313474,0.4808087483984919,0.5317963401600954,0.3691931540342298,0.04786615517028913,0.5168682367918523,0.675599521740516,0.5276292335115864,0.6804177786661469,0.5376344086021505,0.8646242945309491,0.369950389794472,0.047366465918994495,0.6756756756756757,0.763778187516833,0.5136226705462136,0.5359325249564402,0.43951165371809103,0.3654022375506249,0.5590994371482176,0.48997920600786293,0.5873104997192589,0.7268369027812249,0.5892514395393474,0.8756029808997756,0.3858657243816254,0.054622913874447315,0.7170439414114514,0.7755087320415581,0.5552004088819034,0.5582851855655879,0.40800920336156005,0.4539858100395304,0.9393223010244287,0.9098450432707589,0.5125838926174496,0.952678107124285,0.9240492024208492,0.43995633187772926,0.9510032664489034,0.9245303161168417,0.5279685966633955,0.9360655737704918,0.9956831323033942,0.6943957968476357,0.9447972642892037,0.8892652754327721,0.6111685625646329,0.9516031457955233,0.8265726435798174,0.5076287349014622,0.9450334688469394,0.9077489763130334,0.9806596267901055,0.6432735426008969,0.9831612143744496,0.6656202701945176
c04_d8_s0,c04,8,0,30000,0,412.83162236213684,0.026790272444486618,0.0007406119548704389,0.0,0.0,0.0,0.0,0.0,0.0,0.0,0.0,0.2507204610951009,0.1741575406774799,0.4249900517309988,0.20565512909373304,0.1689276282065249,0.09495316744280324,0.0,0.0,0.3323572474377745,0.6331473117395794,0.38430311231393777,0.6395611166413975,0.5375,0.8313341801631244,0.0,0.0,0.5931080185553347,0.684470884010481,0.3423737012848097,0.4850103017418161,0.0,0.0,0.4358130348913759,0.6737538733046362,0.44635193133047213,0.6738274957717502,0.5458468176914779,0.8373317404930146,0.20459952418715305,0.21021221177650226,0.5275560623337134,0.6669581885373361,0.3930143482382401,0.5409239826247455,0.2778443113772455,0.5699436776645637,0.44717444717444715,0.7867204714776377,0.4666666666666667,0.7913650173406257,0.5179372197309418,0.8746568160780552,0.1885245901639344,0.1975401682355228,0.6453558504221955,0.5602107914875174,0.4372615338474645,0.5871043744905095,0.2427307206068268,0.610440383428704,0.3791874554526016,0.8228141425017821,0.3933993399339934,0.8275481444139869,0.5501022494887525,0.8754784027652424,0.3861977438619774,0.045849152661897326,0.6312849162011173,0.6686269835941059,0.47650602038741363,0.5858888572840175,0.34968553459119495,0.03920333904207568,0.5380263984915148,0.7601352966717076,0.546095126247798,0.7640271694350489,0.5806451612903226,0.8306341566242192,0.350210970464135,0.04968092687610023,0.6383296047725578,0.7240034345575347,0.5117803557426295,0.5313601132768662,0.4370860927152318,0.3657665125796223,0.575682382133995,0.7221814647717729,0.5788863109048724,0.7267403048094722,0.5651302605210421,0.8870771382930592,0.3157088122605364,0.04778980161267439,0.6919463087248322,0.783765781734673,0.5258342441894442,0.5808822039235073,0.4079568331280753,0.4865890001120379,0.9388714733542319,0.909880166225703,0.5333889816360601,0.9497148781752203,0.9240741075670517,0.4443231441048035,0.9464368886818817,0.9198711906404289,0.5265748031496063,0.9436734693877551,0.9972633260917237,0.6920415224913494,0.9395711500974658,0.8655331053383911,0.608402489626556,0.955837870538415,0.8745753238649033,0.5167721518987342,0.9460225591901867,0.9138283941931865,0.9803486185447707,0.6385650224215247,0.9833510847020573,0.6687034026570996
c04_d8_s0,c04,8,0,35000,0,479.30502796173096,0.02460104413330555,0.0006462610419276992,0.0,0.0,0.0,0.0,0.0,0.0,0.0,0.0,0.0,0.0,0.44561933534743203,0.03298949254047401,0.11140483383685801,0.008247373135118502,0.0,0.0,0.29750778816199375,0.5282150214896056,0.28796561604584525,0.5250870323815962,0.49404761904761907,0.7815328876660289,0.21283255086071987,0.21167704908975535,0.5904153354632588,0.7144293979881395,0.3731133266935527,0.5146850048419145,0.3076923076923077,0.6120805214162642,0.43031123139377536,0.7766392934477,0.43522012578616354,0.7796821000616492,0.5336134453781513,0.8204103162862049,0.23113207547169812,0.198034620250604,0.6197643979057592,0.5534295939631376,0.44389611842825605,0.5736687922021211,0.2863961813842482,0.6125301833172869,0.4718397997496871,0.7892728902289846,0.45497076023391814,0.7850721695475594,0.5043478260869565,0.6156719105906941,0.20958570268074736,0.19796083973287315,0.6134969325153374,0.5357548546170774,0.43295817710141477,0.5195865048263137,0.4534653465346535,0.48145095571017915,0.5285285285285285,0.6269168548729867,0.5132245357343838,0.6241491524269066,0.4652223489167617,0.8329745873438378,0.422517394054396,0.06720555434807,0.6346704871060171,0.671479910327564,0.5052040917524242,0.5372914265890406,0.3701863354037267,0.042150815073743776,0.5297157622739018,0.5661919769358545,0.5750692520775623,0.8301681365625285,0.5970149253731343,0.8516330827149095,0.3616133518776078,0.046186091324445414,0.6737363025804171,0.7258900943080593,0.5310054241040557,0.5258032278011975,0.45714285714285713,0.484018635897204,0.6291352292513058,0.7695368828412741,0.6343324250681199,0.7692837276507375,0.5803921568627451,0.8298471390318864,0.41629535327816675,0.36227408972038594,0.7017543859649122,0.6760587832262076,0.5679946833149796,0.6356149401937213,0.4236538078902202,0.47355675279848963,0.9385214007782101,0.9802543246674024,0.5688225538971807,0.9494845360824742,0.9854407185603913,0.4733984799131379,0.9471243042671614,0.9818473088057686,0.55435847208619,0.9420408163265306,0.9970943229971202,0.7053726169844021,0.9473170731707317,0.8698969537844932,0.588053553038105,0.9539672925499697,0.9281956190673195,0.5177777777777778,0.9470921489391284,0.9444252532983635,0.9838492694922609,0.6959641255605381,0.9868139578198547,0.7174168955658949
c04_d8_s0,c04,8,0,40000,0,546.833003282547,0.021663939580321312,0.0005458971677758271,0.0,0.0,0.0,0.0,0.0,0.0,0.0,0.0,0.0,0.0,0.45054095826893353,0.1638413893120356,0.11263523956723338,0.0409603473280089,0.0,0.0,0.4990825688073395,0.7441248177160649,0.5254722381224957,0.7477267192168472,0.4960159362549801,0.7888214633904268,0.22119815668202766,0.37382402536363035,0.5847047434656341,0.7107545208864758,0.41085927634481334,0.5926709638212092,0.30751445086705204,0.6123482153266031,0.4322446143154969,0.7783381650103377,0.42811089619600257,0.7775253321869174,0.5504782146652497,0.8335199834742267,0.21560740144810941,0.19515732999191454,0.6136514247846255,0.5647742971054616,0.44225675700604206,0.579047212019889,0.2829736211031175,0.6124954042919155,0.4562066792690611,0.8266510769925782,0.46615656268393174,0.8300856788265405,0.48695652173913045,0.8678306574209095,0.19508196721311474,0.19577728157134378,0.6081504702194357,0.5576163082880845,0.42299197838092945,0.5944087418293373,0.4542713567839196,0.3653945363519387,0.5088902513795218,0.7344953458240632,0.5129087779690189,0.7382167215008222,0.5005767012687428,0.8920665258631577,0.3403361344537815,0.04272006965664246,0.6455906821963394,0.6257908158779285,0.49463174499075424,0.5433199031558342,0.4551282051282051,0.5583063580174362,0.5363934426229509,0.49367844184280196,0.5754060324825986,0.7649491529814554,0.6367713004484304,0.8597063420386102,0.35097493036211697,0.0393033522763358,0.6746657524854303,0.580450153083988,0.5461803025101406,0.5212761245865414,0.46812957157784746,0.636264529383969,0.6111771700356718,0.8704647475292017,0.6187290969899666,0.8697016792388828,0.5778688524590164,0.8929815293408482,0.39895697522816165,0.04784660891212328,0.6785464709993012,0.6964234865497564,0.5553460612219103,0.6073488192133532,0.42641448000311766,0.49700458742202475,0.935408560311284,0.98164874323938,0.5532445923460898,0.9503619441571872,0.9854862178724139,0.46409140369967355,0.9488847583643123,0.9818959973111056,0.5484818805093046,0.9486552567237164,0.9972326839634577,0.6881443298969072,0.9374090247452693,0.8440047386017531,0.6138716356107661,0.9573115349682108,0.9236072588902055,0.5338393421884883,0.9470652260120311,0.936963750232429,0.9858672067119919,0.7354260089686099,0.98888625682403,0.7596277818263355
c04_d8_s0,c04,8,0,45000,0,613.4541759490967,0.01845824345946312,0.00044379245212906274,0.0,0.0,0.0,0.0,0.0,0.0,0.0,0.0,0.0,0.0,0.4458204334365325,0.16357254764107945,0.11145510835913312,0.04089313691026986,0.0,0.0,0.32326283987915405,0.6318367975127257,0.36629526462395545,0.638227689224045,0.5131313131313131,0.8161267042604813,0.0,0.0,0.5799207397622193,0.6791733679150598,0.3307261885986422,0.47966372527194945,0.2970760233918129,0.569826411702889,0.4230498945888967,0.7524445729198995,0.4234527687296417,0.7518059650854997,0.5326315789473685,0.8306075649897883,0.20695230396119643,0.19500993472958789,0.6184989099968857,0.5659168107334617,0.43481892211889195,0.5707233234222335,0.2819593787335723,0.6124540332744804,0.35259259259259257,0.8185313148847039,0.3679890560875513,0.8221741065948663,0.40350877192982454,0.8102519809006364,0.2692889561270802,0.21430645167036144,0.6373008434864105,0.5317345136525672,0.41106972850363843,0.5768365244520621,0.38414634146341464,0.5830278887173053,0.47102803738317756,0.7888377993189798,0.47291788002329643,0.7924920170881958,0.5520082389289392,0.8833501522665569,0.31140350877192985,0.048322935396242876,0.6321563249914296,0.6278496113071662,0.4845663730788987,0.5702438168361982,0.34880803011292344,0.03830039867583822,0.5109961190168176,0.6518527141386418,0.53437876960193,0.6569648485015454,0.5891472868217055,0.8468747466405868,0.359504132231405,0.04143635031660311,0.6591230551626591,0.5851171483108085,0.5181255284482483,0.4806168914266684,0.44668911335578004,0.3675509707235843,0.6235154394299287,0.7080135599536083,0.6382749326145553,0.8115322670620211,0.5878003696857671,0.6275701224749521,0.34030281182408073,0.03652581461938231,0.6571128975882559,0.6378675080619428,0.5386773102245479,0.48274892776733713,0.40420559419028584,0.4573894780123884,0.9399844115354637,0.9659680219168573,0.5522388059701493,0.9494324045407637,0.9730595520111206,0.4548913043478261,0.9466357308584686,0.967923412850741,0.5333333333333333,0.9310344827586207,0.9858511656957578,0.6763668430335097,0.9396299902629016,0.8437113862767374,0.6181347150259068,0.9541892706449668,0.9950818023257889,0.5221099178774479,0.9425511481611802,0.9484070041394642,0.9867568349486475,0.757847533632287,0.9896620127339699,0.7799764560793766
c04_d8_s0,c04,8,0,50000,0,679.507782459259,0.015302902087569237,0.00034429311589923944,0.0,0.0,0.0,0.0,0.0,0.0,0.0,0.0,0.0,0.0,0.4567661884451338,0.30751284632322434,0.11419154711128345,0.07687821158080609,0.0,0.0,0.33054074638233055,0.6320480606103723,0.37473684210526315,0.638452766545627,0.5120481927710844,0.8100359466666074,0.0,0.0,0.5713328868050904,0.6658976451274679,0.32961840226800987,0.47485846687818545,0.2997658079625293,0.655897333082226,0.421493370551291,0.8183251551368094,0.42071197411003236,0.817274777541167,0.5496828752642706,0.8327656181124146,0.23630672926447574,0.21072332885263942,0.5728257073000349,0.5688807941230971,0.4348680906758497,0.5940505407520547,0.41788143828960156,0.41453729151319013,0.44660194174757284,0.7864673922485632,0.45262522631261315,0.7901708267068331,0.441747572815534,0.8549826051642319,0.2544333076329992,0.2136029215933062,0.6199532866199533,0.6782529517849109,0.4387925922962706,0.6026409121746611,0.37927461139896373,0.6396207060142161,0.44382801664355065,0.8352869922527892,0.4555984555984556,0.8389302922705315,0.5218365061590146,0.8920757359882704,0.36750998668442075,0.0500598951082465,0.6603340976089093,0.6574203286677044,0.4939785712498337,0.5927088224858501,0.36476426799007444,0.042061437638658904,0.5337620578778135,0.6854505060116295,0.5776255707762558,0.7145761162440757,0.6178107606679035,0.6515344002968027,0.3591501028101439,0.040896323370789966,0.6839767680218654,0.6432571741076992,0.5382470659286569,0.45409597943502,0.4701912260967379,0.5530611028707154,0.6467486818980668,0.8100559719908464,0.6432105552501375,0.8094708430676502,0.5781990521327014,0.8385064344578153,0.37800687285223367,0.21768412014416907,0.6892733564013841,0.595307259647579,0.5580490256169917,0.5939234467231584,0.41539218502098507,0.4841651971471051,0.935408560311284,0.8976242939124135,0.5682196339434277,0.9449305198147195,0.9132127361055375,0.46405228758169936,0.9430819065247571,0.909250083571453,0.5407262021589794,0.9393442622950819,0.9973352412693117,0.6815008726003491,0.9391891891891891,0.944551475810106,0.6104830421377184,0.9537903956508608,0.932470010377105,0.5351488283723876,0.9433660440046796,0.945263107996581,0.988384203674237,0.7800448430493273,0.9915986900755684,0.8151241661528112
c04_d8_s0,c04,8,0,55000,0,745.2695090770721,0.012132924981415272,0.00025163447861196694,0.0,0.0,0.0,0.0,0.0,0.0,0.4963621665319321,0.6161615215195416,0.0,0.0,0.45778466305189774,0.37246121345641864,0.23853670739595745,0.24715568374399005,0.0,0.0,0.2940251572327044,0.5630994242624545,0.2846820809248555,0.5595071923568845,0.5153617443012884,0.797284742235162,0.2384206529992407,0.41079361772395345,0.5321554770318021,0.7263910940633493,0.3697100717628795,0.5771679148905611,0.2967289719626168,0.6559024978062129,0.42090592334494775,0.8185223011011168,0.42016806722689076,0.8174605160529584,0.5473908413205538,0.8352445847692052,0.23694466095089634,0.20881133303699004,0.600384862091084,0.5552384051934548,0.44099700463517144,0.5908140236632697,0.2894736842105263,0.6125669404779222,0.363905325443787,0.78608024858459,0.4666272888363851,0.6589455351370341,0.38734177215189874,0.7503306680332482,0.27156789197299325,0.21449422485738856,0.6242965905329361,0.5626366713539737,0.41413542187201524,0.5533314514111147,0.0,0.0,0.37183098591549296,0.7576877735045219,0.39556135770234985,0.7617708744017511,0.49176728869374314,0.8791533086055654,0.29416112342941614,0.040870783894611275,0.647821749251746,0.6378447494740308,0.42238690231187986,0.5160887644857413,0.37695078031212487,0.04121017542380694,0.5482866043613707,0.670713172460896,0.5661036691904484,0.6710635560779542,0.5891625615763547,0.8508927168956999,0.3695955369595537,0.040649514026223355,0.6704464918497519,0.6895092493702031,0.5315795687517437,0.5105117787365863,0.4647887323943662,0.5528854182060905,0.5721583652618135,0.7935635176616231,0.5852205005959475,0.7932070199284279,0.5584677419354839,0.549200117036129,0.39780521262002744,0.2230275151329957,0.681174438687392,0.5646053978977175,0.5445424814984031,0.5125129204997224,0.4231268797468644,0.501083219632998,0.9376947040498442,0.909800304208726,0.5581395348837209,0.9474226804123711,0.9239581681909506,0.4575625680087051,0.9448307834955957,0.918280880292464,0.5328753680078508,0.9359605911330049,0.9971748132110361,0.6754385964912281,0.936108422071636,0.9623752833326134,0.6194415718717684,0.9514035617265318,0.8913897812250121,0.5380710659898477,0.9416971577292774,0.9420715821665104,0.9897294951540576,0.8168161434977579,0.9937288543224432,0.8618756656763271
c04_d8_s0,c04,8,0,60000,0,812.9892888069153,0.009204749949276447,0.00016976067648552838,0.0,0.0,0.0,0.0,0.0,0.0,0.4960254372019078,0.6178722266491534,0.0,0.0,0.4583333333333333,0.3610990196994001,0.23858969263381027,0.2447428115871384,0.0,0.0,0.4887263863497867,0.7440293713966836,0.517969195664575,0.7477224955905781,0.532520325203252,0.802004986819161,0.2135774218154081,0.3718768678060306,0.5909385113268608,0.7238960786196622,0.418150363087577,0.5987571388934853,0.0,0.0,0.28194558944765047,0.46083179073287595,0.4155844155844156,0.790121149877771,0.5485961123110151,0.8534856822196286,0.23106947697111632,0.40460621669574287,0.6007853403141361,0.5945599748144378,0.4032402328184057,0.5674090468166728,0.28053204353083433,0.6125122941022834,0.36228656273199705,0.7856216522599354,0.4716106604866744,0.8304529011950693,0.383248730964467,0.7699885961741475,0.1672185430463576,0.19047485954792034,0.6107030430220357,0.5461727359757721,0.38316168482067386,0.562374618554234,0.3991683991683992,0.3241718120691291,0.5151869158878505,0.6761287997374456,0.5274122807017544,0.6797373406972281,0.5278396436525612,0.8921716472314253,0.3564084989718986,0.049728038777001715,0.6268866268866269,0.7195989754141134,0.497930992024272,0.5553778280642854,0.47198275862068967,0.48356985399504265,0.5284708893154191,0.6621688872389124,0.5741680767061478,0.7383324523209532,0.6355685131195336,0.8806753766271096,0.40446487196323044,0.4728431069570951,0.7041247158168237,0.6873134176737945,0.5672580022784183,0.6672139081107422,0.47163515016685204,0.48126651136432835,0.6262747450509898,0.7640372740993049,0.62619449128724,0.7636878217419827,0.5907752698724239,0.8979532661462787,0.40345056403450563,0.21702321306131955,0.7044025157232704,0.6814402001600324,0.5683324529496401,0.6165201371090423,0.4395233458018281,0.5446279270193715,0.935708752904725,0.808529910719497,0.5711920529801324,0.9460708782742681,0.83223120082248,0.46525515743756785,0.9441108545034642,0.8296988425841261,0.5401174168297456,0.9401148482362592,0.997174932828383,0.6657940663176265,0.9391304347826087,0.9292006298204644,0.6363168724279835,0.9522658610271904,0.8830721696223394,0.5390228426395939,0.943368659818386,0.9082335959116385,0.991299001880515,0.852017937219731,0.9953038738971699,0.8962946353495151
c04_d8_s0,c04,8,0,65000,0,880.0458083152771,0.0065885200165212154,0.00010215677510851301,0.0,0.0,0.0,0.0,0.0,0.0,0.49721115537848604,0.6705885745785823,0.0,0.0,0.4637904468412943,0.3588997743092048,0.24025040055494506,0.25737208722194677,0.0,0.0,0.4883720930232558,0.7439666474052936,0.5143184421534936,0.7476511060060838,0.5338725985844287,0.8017947766526365,0.21181887950882577,0.3730029748646916,0.5889212827988338,0.7236239173012087,0.4172107348210845,0.5989068966555824,0.0,0.0,0.44,0.6737317099893081,0.45607701564380265,0.6738870680747752,0.5565217391304348,0.8597550406254921,0.20722891566265061,0.2106777644540412,0.576140350877193,0.6114433863106291,0.4096458360545532,0.5327706126862142,0.29256594724220625,0.612631629790101,0.3617494440326168,0.7861336759561203,0.4753157290470723,0.8309963140363802,0.39344262295081966,0.7700990648528656,0.2528912875867386,0.2117698194216047,0.6473158551810237,0.5732176698299893,0.4175483681231368,0.5745851068413317,0.45161290322580644,0.6334355074863336,0.5375722543352601,0.8696937215599876,0.5439739413680782,0.873005501174813,0.5221339387060159,0.892948893250228,0.30735615440640934,0.04041151425889926,0.6506024096385542,0.6395419239005751,0.49778638393184027,0.5912368103708534,0.3625154130702836,0.04512706941709557,0.5594577942082564,0.6515628531506485,0.5763688760806917,0.6566730596988684,0.6045589692765114,0.8653220779243831,0.34933890048712596,0.038538551273139064,0.6781411359724613,0.7009689764745504,0.5328715917139606,0.5139876499402358,0.4078794901506373,0.043579004268986386,0.5835942391984972,0.6825914035684161,0.5980105324751317,0.6877285884925419,0.5745526838966203,0.8679677386579797,0.3526912181303116,0.038911174410298364,0.6805555555555556,0.684963725843652,0.5344068862143108,0.5157855760888113,0.4356743144876902,0.512092105686425,0.9341595662277304,0.8071859694668485,0.5729684908789386,0.9455852156057495,0.8321896416520052,0.47014115092290987,0.9423165666820489,0.8289931925211809,0.534769833496572,0.9418509418509419,0.9607978761652606,0.671304347826087,0.9366843885935234,0.9200445068362069,0.6217750257997936,0.9561801148383198,0.8914633579782106,0.531921618204804,0.943850640363657,0.8987738355482557,0.9918269926225951,0.8621076233183856,0.9961772774041652,0.9158585122484444
c04_d8_s0,c04,8,0,70000,0,948.7330899238586,0.004772393498569727,5.170042305988327e-05,0.0,0.0,0.0,0.0,0.0,0.0,0.5292153589315526,0.6817945917038434,0.0,0.0,0.4544747081712062,0.3580800687829599,0.24592251677568971,0.2599686651217008,0.0,0.0,0.2972762645914397,0.46367842428914974,0.33786685755189694,0.47188381839661675,0.5948186528497409,0.877637360835239,0.24521072796934865,0.21050500441073272,0.6082174053704302,0.5671145684912094,0.41499029005932464,0.49177775365810916,0.0,0.0,0.27722772277227725,0.4612896052622491,0.29154078549848944,0.4624600436508166,0.5664864864864865,0.8818872316400572,0.23455824863174354,0.20790131822566887,0.6045751633986928,0.6082171596936359,0.39880235031846123,0.5014805647992626,0.27305389221556886,0.6119084082795703,0.3479553903345725,0.8180530978800734,0.366506520247083,0.8218431353028498,0.4548736462093863,0.8659299433520932,0.26595744680851063,0.040745578898405625,0.617092866756393,0.6383424346320038,0.41677397351000783,0.5739048760091667,0.28205128205128205,0.05650528671009862,0.5462134764460346,0.7923671860277938,0.5589714924538849,0.7964065274435298,0.5692307692307692,0.8953340227878029,0.397444089456869,0.1910281456610436,0.6696146557169931,0.5762116394130381,0.5246753995137579,0.552750035313923,0.40877598152424943,0.05043891053320689,0.5469037400367872,0.6643282241615128,0.5656913367756741,0.6693145914684241,0.6500461680517082,0.9080214962192423,0.3861709067188519,0.05209597735987995,0.6861016949152542,0.689253603723094,0.5573606139495129,0.5276829131724827,0.44492911668484186,0.48283103177913755,0.528504359490275,0.6646418145555871,0.5924250989259469,0.7523117351128094,0.5768822905620361,0.8614681868058132,0.3635097493036212,0.040718118857990954,0.6831750339213026,0.6584255233929563,0.5363799830384953,0.5484683390514846,0.44212930388074984,0.4937190210180185,0.9356089992242048,0.823289030094734,0.5737976782752903,0.9475308641975309,0.8460976757576725,0.46851248642779586,0.9450346420323326,0.843375935292893,0.5371456500488758,0.9435813573180704,0.9608025494291282,0.6750433275563258,0.9352657004830918,0.9116130577268263,0.6327479338842975,0.9558645707376058,0.9062736379790373,0.530360531309298,0.944359115922531,0.9040691980458562,0.9927961811080572,0.8867713004484304,0.9974702039207318,0.9452884130276361
c04_d8_s0,c04,8,0,75000,0,1016.9508278369904,0.003599719610065222,2.053936102937605e-05,0.0,0.0,0.0,0.0,0.0,0.0,0.5460809646856158,0.6936939053545397,0.0,0.0,0.44680851063829785,0.16674691069325495,0.24822236883097842,0.21511020401194866,0.0,0.0,0.29434546862896976,0.4635458268293545,0.33642195295794725,0.4717546217216018,0.6010362694300518,0.8787845562510096,0.24750192159877019,0.21046942518371956,0.606807131280389,0.5669908168237985,0.4164002823762125,0.492002903610545,0.0,0.0,0.2707641196013289,0.4612168887649162,0.2857142857142857,0.46238790066841623,0.56957928802589,0.8819707086297899,0.23529411764705882,0.20817105553344886,0.6069326357096141,0.6088770447196185,0.39932471078860865,0.5017217680068253,0.43601895734597157,0.4981052735262755,0.5395245992260918,0.7313351039516404,0.5486725663716814,0.7347617510669329,0.4362745098039216,0.8829894733921944,0.28400597907324365,0.2176870654767575,0.6257348138471587,0.6125022672187383,0.463521835926393,0.5919782122339934,0.44532803180914515,0.45257065592746665,0.5141822570911285,0.8061039883546655,0.5223289994347089,0.8095846410532397,0.517162471395881,0.8937235667487116,0.39374185136897,0.049715479176732774,0.652088772845953,0.6670436292024039,0.5142348812639496,0.5749756092265763,0.38777908343125733,0.051343532637881786,0.545774647887324,0.7771200268632561,0.5649779735682819,0.7810652100348757,0.6478599221789884,0.8886357800074752,0.40522875816993464,0.5277647478082604,0.7103046014257939,0.7271124199896783,0.5657259625175844,0.670005634412688,0.42727272727272725,0.4485801269417987,0.570902394106814,0.8229103617010853,0.6014452473596442,0.8268039453304574,0.6673040152963671,0.8870016569349483,0.3794466403162055,0.05555105269403725,0.6726088447034625,0.6238951867342145,0.5631415724739408,0.5664698435885784,0.4529388020253811,0.5160377392987365,0.9326103795507359,0.7519019405108488,0.553156146179402,0.9445015416238438,0.7827349545512435,0.455930359085963,0.9428044280442804,0.7808462961249193,0.5249510763209393,0.9443535188216039,0.9608076346761335,0.6767764298093587,0.9343629343629344,0.8698005471812297,0.6482438016528925,0.957388939256573,0.9157052285916971,0.5394570707070707,0.9440193772118495,0.8795352852111827,0.9932084478518732,0.897982062780269,0.998045239770058,0.9579572846011548
c04_d8_s0,c04,8,0,80000,0,1084.1623606681824,0.003064345568418503,1.0000000422909809e-05,0.0,0.0,0.0,0.0,0.0,0.0,0.5413153456998314,0.6891937946022286,0.0,0.0,0.44592476489028215,0.3048022569770226,0.2468100276475284,0.2484990128948128,0.0,0.0,0.29215229215229216,0.46297995058990815,0.3330950679056469,0.47119314933361967,0.6002076843198338,0.8790542654256096,0.24980842911877393,0.2104763768771396,0.6092887301071777,0.5673188571514775,0.41693015755794127,0.49206013319051733,0.0,0.0,0.28827361563517917,0.4614790989886386,0.29850746268656714,0.46243383085618767,0.5766345123258306,0.881832503784838,0.2470680218921032,0.2121469938011573,0.6030509574813372,0.5874338234873604,0.4055867961182966,0.49734607442207446,0.444234404536862,0.541948123732053,0.4638977635782748,0.7409951874835563,0.46750149075730474,0.7445678992143487,0.4482338611449452,0.8832010346593054,0.2730682670667667,0.21588827014277137,0.6436505553887721,0.6026247752188668,0.4558743091394911,0.5943877875410657,0.4642857142857143,0.5918714116735139,0.47883414295628035,0.7894020399721206,0.4816484224082421,0.7930086778531003,0.5509355509355509,0.8798935305812959,0.27252081756245267,0.039575333069092875,0.6510989010989011,0.6069635314825418,0.4873695073700792,0.5627982762414605,0.3953216374269006,0.0494368932553383,0.5577264653641207,0.7771246613279551,0.5719044975013882,0.7810588858170221,0.6133866133866134,0.8612707347457488,0.37012113055181695,0.04388889986425217,0.6687033265444671,0.6190021695917629,0.5401321509784252,0.5150088210838006,0.4657258064516129,0.4746926192858083,0.6074429771908764,0.7652257213932837,0.626673808248527,0.7901084589147949,0.6206244087038789,0.9082836186103089,0.36042402826855124,0.04981829584036897,0.6992824527071102,0.6601026756728815,0.5617362717441364,0.5737200474970471,0.4449198886508426,0.4976885932672541,0.931782945736434,0.7518688337310212,0.5532445923460898,0.9439588688946016,0.7827064254911881,0.4542483660130719,0.9423165666820489,0.7808180828187167,0.5264446620959843,0.9451269451269452,0.9608199168638786,0.6819757365684576,0.9334619093539055,0.8952433485092784,0.6482438016528925,0.9570737605804112,0.9164788879606652,0.5360075805432722,0.9437538522080725,0.8860849835035327,0.9932446116013308,0.8982062780269058,0.998256809563678,0.9617131005101183
c05_d8_s0,c05,8,0,5000,0,133.16153860092163,0.9564481973648071,0.00029987339866738077,0.0,0.0,0.0,0.0,0.0,0.0,0.0,0.0,0.0,0.0,0.4755877034358047,0.6466962057929122,0.11889692585895117,0.16167405144822805,0.0,0.0,0.0,0.0,0.0,0.0,0.5152409046214356,0.29078940682481147,0.32298136645962733,0.38660397722358164,0.5881856540084388,0.7016808542335269,0.3566019812723754,0.34476855957048,0.42402826855123676,0.6410266744204061,0.3116438356164384,0.5787616835914318,0.284375,0.5748253831883778,0.516629711751663,0.7792323442082291,0.320695102685624,0.24183453583757042,0.6298649722001588,0.5964014519592326,0.4518013720066677,0.553918228101276,0.4227441285537701,0.6450885391854955,0.43796711509715996,0.6907989104806759,0.4220689655172414,0.6868431229025092,0.5247629083245522,0.8120536830708144,0.4582441113490364,0.08330901634102623,0.6588966588966589,0.6829552245628059,0.5173742704065762,0.5631403620410517,0.4094881398252185,0.6398306327252956,0.47086247086247085,0.6879653047926126,0.4980026631158455,0.8662486916865989,0.408812729498164,0.7758792468929286,0.5637065637065637,0.7189571936722311,0.7280483469605403,0.6646773247443538,0.5400046828582782,0.7227154937610872,0.5408678102926338,0.5536013154824351,0.62590799031477,0.5977565448873918,0.6233062330623306,0.7627418356139738,0.582010582010582,0.8552122585946856,0.5954653937947494,0.5557427092780753,0.7626648160999306,0.7639607717540738,0.6342087007821267,0.7032372429053587,0.5790010193679919,0.608681051449117,0.6401564537157758,0.6627207412262209,0.6511098463289698,0.6474422754750411,0.5692307692307692,0.9103856823563531,0.6327272727272727,0.7257749058574702,0.7545682551056969,0.5936161466945036,0.6449871842169961,0.7173478560729466,0.4662678739145673,0.5381145419857755,0.9357652656621729,0.9267166424556972,1.438135593220339,0.9548319327731093,0.9244790485140161,1.4114411441144115,0.9548022598870056,0.9237003834909914,1.504930966469428,0.935720097640358,0.4869270610308808,0.9973913043478261,0.9444717444717444,0.9753853702862542,1.200312174817898,0.9668100799016595,0.9855469283183359,0.9551811824539097,0.9488671020302977,0.8432061794472597,0.7853030522204543,0.02219730941704036,0.7828932259691976,0.029878356410112675
c05_d8_s0,c05,8,0,10000,0,265.78988242149353,0.04058844968676567,0.0002954574462833066,0.0,0.0,0.0,0.0,0.0,0.0,0.0,0.0,0.0,0.0,0.6235813366960908,0.7223694172135097,0.1558953341740227,0.18059235430337742,0.0,0.0,0.0,0.0,0.0,0.0,0.39539347408829173,0.1308514971993991,0.0,0.0,0.5816587504567045,0.35492766462913655,0.24426305613624905,0.12144479045713391,0.39959016393442626,0.046949888898296786,0.4578005115089514,0.04927925622414746,0.4295942720763723,0.048955806262579026,0.4701670644391408,0.7751773307130675,0.28205128205128205,0.04610058888180967,0.6407339449541284,0.7018704201565983,0.4554868184877836,0.39288583088662077,0.39067055393586003,0.5134953684344153,0.4437129690585912,0.5531942232336365,0.4451256897608829,0.5584281241190033,0.4089775561097257,0.8768614599953904,0.38534798534798537,0.06481845544706777,0.6179902145276628,0.6491063972404426,0.45970470672595465,0.5331230544863131,0.3856812933025404,0.5688648285250041,0.532133676092545,0.5926189988559756,0.511990407673861,0.5931031689479581,0.4948921679909194,0.40744029726911907,0.4375876577840112,0.4860359802122018,0.6583850931677019,0.6383397192584237,0.516866677824737,0.5291695822123476,0.4844290657439446,0.49555684706885783,0.5987943737441394,0.5539989455852186,0.6052318668252081,0.7628596677872648,0.464839094159714,0.5244719377420828,0.5665024630541872,0.45855765519788255,0.7442813246841925,0.6295409839239052,0.5846103293339644,0.5541772659194127,0.529351184346035,0.5024376236235342,0.6026315789473684,0.5575257660052251,0.5784313725490197,0.555242668284225,0.5546218487394958,0.5410091384706529,0.5439560439560439,0.42740918192799,0.7851949768671513,0.7402893455944565,0.6134777287108747,0.5617774213243569,0.432900664484798,0.4104528999413661,0.9401436552274541,0.9597702821172435,1.0747028862478778,0.9515279241306639,0.9524833870806382,1.0326688815060907,0.9518413597733711,0.9527755001256265,1.1056547619047619,0.9465283320031923,0.46743338593028794,0.9721753794266442,0.941871921182266,0.9900733367229463,1.020397489539749,0.97347316471314,0.9855750251560954,0.638149556400507,0.9524277660689403,0.8495228677292914,0.8422971213655431,0.05717488789237668,0.8427982184738404,0.0692303380234318
c05_d8_s0,c05,8,0,15000,0,394.5223796367645,0.023863421753048897,0.000284913756708179,0.0,0.0,0.0,0.0,0.0,0.0,0.0,0.0,0.0,0.0,0.4917043740573152,0.6494360618923384,0.1229260935143288,0.1623590154730846,0.0,0.0,0.0,0.0,0.0,0.0,0.0,0.0,0.0,0.0,0.4406210658833403,0.6153309398452844,0.11015526647083508,0.1538327349613211,0.0,0.0,0.0,0.0,0.0,0.0,0.44819277108433736,0.8269751377620382,0.2266769468003084,0.029330997691761083,0.5506329113924051,0.6765004700926566,0.3063756573192627,0.383201651386614,0.0,0.0,0.0,0.0,0.0,0.0,0.44471445929526127,0.8283991190422395,0.3563791874554526,0.15320279063955886,0.6549599507085644,0.7403215272291566,0.3640133993648196,0.4304808592277387,0.1989795918367347,0.04458666564050596,0.24435146443514644,0.04117187301924547,0.2234123947972456,0.040790906567433505,0.4698133918770582,0.2725509062806796,0.3770739064856712,0.07153292636671282,0.68992,0.7881442602767718,0.4397637788464429,0.2936028103333065,0.4,0.3779961372887773,0.5016633399866933,0.6096920616511009,0.4804953560371517,0.6099680587636696,0.4487334137515078,0.8316207692743787,0.3988139362490734,0.06547785902051677,0.7229289481849209,0.7563617077760856,0.507798965881696,0.5465031054930409,0.4172494172494173,0.37773442047351174,0.4930300807043287,0.4579858451060442,0.48135593220338985,0.4555279285227963,0.6201058201058202,0.9271370585251978,0.5510752688172043,0.2700775163425043,0.7188346883468835,0.6767653211632945,0.5884735634972383,0.5760989901829452,0.3485009606992319,0.3637255952940072,0.9399519615692554,0.9969263737616947,1.0008517887563884,0.9561078794288737,0.987821182571628,0.9646017699115044,0.9530583214793741,0.9878434531232836,1.0477611940298508,0.9427662957074722,0.36443107664195334,0.9569983136593592,0.9382105783489867,0.9922946129981054,0.9546891464699684,0.9688559975331483,0.955701081163774,0.5598345003182686,0.9498847314371938,0.8258226101556754,0.8523651092145234,0.065695067264574,0.8538577129847796,0.08089018442737822
c05_d8_s0,c05,8,0,20000,0,527.1336104869843,0.016886115074157715,0.00026869113589409366,0.0,0.0,0.0,0.0,0.0,0.0,0.0,0.0,0.0,0.0,0.4809362023405058,0.5879679206889438,0.12023405058512646,0.14699198017223594,0.0,0.0,0.0,0.0,0.0,0.0,0.0,0.0,0.0,0.0,0.4375,0.6381185757881137,0.109375,0.15952964394702843,0.0,0.0,0.0,0.0,0.0,0.0,0.4562162162162162,0.6220614418885593,0.2579185520361991,0.026331406746452492,0.5215094339622641,0.6547943574261185,0.30891105055366985,0.32579680151528256,0.0,0.0,0.0,0.0,0.0,0.0,0.4352078239608802,0.8282672484715065,0.21586263286999183,0.026811022542606314,0.595945945945946,0.6857279618848252,0.3117541006942045,0.3852015582247345,0.17245817245817247,0.5087296880287492,0.14963503649635038,0.4650340462289162,0.16556291390728478,0.46237964674499205,0.5203426124197003,0.3473043169561291,0.30248306997742663,0.1345843785222723,0.6699751861042184,0.7310292556989281,0.41383822736382025,0.42290810287788716,0.3726851851851852,0.3685818654257945,0.3765625,0.6072409936681309,0.36637931034482757,0.613741888129165,0.5415318230852212,0.3844688069080999,0.4735812133072407,0.2502096146021651,0.6929740134744947,0.7534592590839777,0.5199906787609069,0.4794981490838182,0.5285285285285285,0.3600904999403057,0.5661103979460848,0.5493440966933981,0.5305389221556887,0.5495765015796878,0.5201793721973094,0.49097484071606434,0.5630397236614854,0.5089544258746328,0.7217665615141956,0.7956229216464277,0.5866779017291062,0.5704723052437305,0.3386830013838335,0.3557712201521025,0.9371519490851233,0.9201634046461867,0.8259762308998302,0.9531332280147446,0.9223809274829937,0.8767955801104972,0.9531914893617022,0.923059951638637,0.9692460317460317,0.9376996805111821,0.3644058719936251,0.9429301533219762,0.9382105783489867,0.9883654630680409,0.9188619599578504,0.969173859432799,0.955547900603064,0.5318066157760815,0.9482274184450394,0.8075468325635006,0.861145667582815,0.07399103139013453,0.8637128871320359,0.08795336061438422
c05_d8_s0,c05,8,0,25000,0,660.1547963619232,0.013735738582909107,0.00024748012093701437,0.0,0.0,0.0,0.0,0.0,0.0,0.0,0.0,0.0,0.0,0.46780162842339007,0.40513987592636636,0.11695040710584752,0.10128496898159159,0.0,0.0,0.0,0.0,0.0,0.0,0.0,0.0,0.0,0.0,0.4493910121797564,0.27639800749835486,0.1123477530449391,0.06909950187458871,0.0,0.0,0.0,0.0,0.0,0.0,0.45109321058688145,0.31521253462290755,0.2509448223733938,0.023517802609832,0.4781906300484653,0.650361725789647,0.29505716575218516,0.24727301575559665,0.0,0.0,0.18197278911564627,0.39558439765991565,0.3197903014416776,0.4016139827509213,0.29473684210526313,0.6443644805404463,0.34234234234234234,0.269534451004247,0.5480905233380481,0.47238772288346764,0.33810601782619043,0.41300486197460995,0.34182590233545646,0.25357832253519774,0.39148936170212767,0.46010422160971254,0.3902759526938239,0.465952858017662,0.4557522123893805,0.814916022225214,0.2789598108747045,0.04247262222693757,0.6231788079470199,0.7118485265292722,0.4331053091970602,0.49061224292557026,0.35600907029478457,0.2626059293968884,0.40425531914893614,0.4772591463375785,0.41776110068792993,0.5303513578143243,0.5550847457627118,0.3794331964894676,0.42790697674418604,0.0633399500401533,0.6886850152905198,0.7369285847784758,0.5160879752936587,0.4007768022894235,0.3965303593556382,0.06717431307544401,0.44525547445255476,0.06354918814960868,0.4745762711864407,0.5661500541369353,0.6193806193806194,0.3276083881581277,0.48662420382165605,0.2503022012066927,0.7416864608076009,0.789909534613717,0.5716196630853552,0.4000278272748001,0.340467755900748,0.3031541744394543,0.9347133757961783,0.9201034705475913,0.7538330494037478,0.9532808398950131,0.9223286257433015,0.8188325991189427,0.9523809523809523,0.9229029736863023,0.901980198019802,0.9315286624203821,0.3633441215311015,0.9076923076923077,0.9401286491835725,0.9670076177563911,0.8873684210526316,0.9661954517516902,0.9416790845986224,0.5241730279898219,0.9461611215115898,0.7984522951362951,0.8951251265731232,0.21210762331838565,0.8971626139900074,0.227815460507876
c05_d8_s0,c05,8,0,30000,0,787.4935939311981,0.011748040094971657,0.00022218358646113165,0.0,0.0,0.0,0.0,0.0,0.0,0.0,0.0,0.0,0.0,0.4806609087495306,0.4838098348959489,0.12016522718738265,0.12095245872398723,0.0,0.0,0.0,0.0,0.0,0.0,0.0,0.0,0.0,0.0,0.4706368899917287,0.5304487118848243,0.11765922249793218,0.13261217797120609,0.0,0.0,0.0,0.0,0.0,0.0,0.0,0.0,0.25312729948491536,0.028268459719744385,0.47135310849248274,0.651905502633681,0.18112010199434952,0.17004349058835633,0.2806183115338882,0.03396808424538707,0.36445108289768485,0.3352711423562044,0.3404548587181254,0.3343505851606061,0.26490066225165565,0.637517475279198,0.2275172943889316,0.2206698513954255,0.5493215988265493,0.6324325651707752,0.34256190996259234,0.43128745727486617,0.35876288659793815,0.24785089760997345,0.4198047419804742,0.4525399267966943,0.4113842173350582,0.45065517753191575,0.4374295377677565,0.7774349646032863,0.1686746987951807,0.029397510631483437,0.6253988513082323,0.7089367349870465,0.4070384257939149,0.4748628027170027,0.0,0.0,0.23380992430613962,0.5253090513180121,0.3145907473309609,0.5155637170066283,0.5129310344827587,0.8394298326461319,0.4155124653739612,0.2653085306609552,0.6825345770344162,0.5770722885096682,0.4484445751925424,0.5071920603145755,0.439701173959445,0.4619188520002416,0.43612334801762115,0.4229076946473803,0.41655359565807326,0.4204887919540441,0.5134529147982063,0.613685036763121,0.4550819672131148,0.2584655232338126,0.6823992133726647,0.6843431865172719,0.5204317003155914,0.4978997148453569,0.305345880420615,0.3335500232050502,0.9363057324840764,0.8897587927084563,0.7321428571428571,0.9539267015706806,0.8927182347647955,0.8007683863885839,0.9520676691729323,0.8935293545975068,0.8840078973346496,0.9336530775379697,0.44671815836345485,0.8955479452054794,0.9359605911330049,0.9659880241412693,0.8973684210526316,0.9653054958550814,0.9412896465917495,0.5038167938931297,0.9455881330671547,0.8114994891133483,0.9024085057138724,0.2329596412556054,0.9048767741573827,0.2539380010090252
c05_d8_s0,c05,8,0,35000,0,920.1805953979492,0.00845344178378582,0.00019387831257830973,0.0,0.0,0.0,0.0,0.0,0.0,0.0,0.0,0.0,0.0,0.4802680565897245,0.4843915810108748,0.12006701414743112,0.1210978952527187,0.0,0.0,0.0,0.0,0.0,0.0,0.0,0.0,0.0,0.0,0.4749082007343941,0.5250125188929674,0.11872705018359853,0.13125312972324185,0.0,0.0,0.0,0.0,0.0,0.0,0.0,0.0,0.0,0.0,0.5007507507507507,0.5263125822712734,0.12518768768768768,0.13157814556781836,0.28110599078341014,0.03231942038606892,0.3401053423626787,0.3210957034203736,0.32338653712699517,0.32032188901090153,0.44350580781414994,0.6688054197803618,0.2958827634333566,0.22708755629999672,0.5257928926251433,0.7052117830344096,0.3950118551575861,0.45642094084680407,0.2615933412604043,0.02077890276532413,0.3317972350230415,0.4018629234280357,0.38261997405966275,0.38901464699304183,0.42934196332254587,0.24593637971780524,0.3474747474747475,0.20851089022145994,0.5822878228782288,0.3372486339124088,0.42111034594747293,0.2655620153951186,0.241423125794155,0.02972811639622082,0.37317784256559766,0.039758579280110604,0.47423887587822017,0.1606125780364272,0.4507042253521127,0.8215723399290327,0.351409978308026,0.32663606553504826,0.685824991927672,0.7396469351525525,0.46272145258345043,0.4911387746302216,0.3818615751789976,0.5188995364495891,0.40971168437025796,0.4723092052013441,0.4638052530429212,0.516285394939362,0.5044642857142857,0.599189919924933,0.4487004103967168,0.05982632942043167,0.6925,0.7823808868791066,0.5160310500770987,0.4859737954386424,0.3084080651120465,0.29757495669350936,0.933969769291965,0.8878486412620762,0.7546848381601363,0.9512833944473547,0.8924264862013883,0.7940528634361234,0.9496470588235294,0.8800234298532342,0.8820614469772051,0.9294871794871795,0.5564749686974396,0.8689655172413793,0.9383932971907344,0.9445874067432065,0.9269957983193278,0.9656230816451811,0.9395725824846566,0.4844246662428481,0.9446175747943444,0.8318502859243839,0.9102560393461594,0.26053811659192827,0.9129507838027953,0.27837883289422055
c05_d8_s0,c05,8,0,40000,0,1052.233163356781,0.008732439018785954,0.00016376915033274812,0.0,0.0,0.0,0.0,0.0,0.0,0.0,0.0,0.0,0.0,0.4750733137829912,0.4950813337224523,0.1187683284457478,0.12377033343061307,0.0,0.0,0.0,0.0,0.0,0.0,0.0,0.0,0.0,0.0,0.46097261953412344,0.5237025705343078,0.11524315488353086,0.13092564263357695,0.0,0.0,0.0,0.0,0.0,0.0,0.0,0.0,0.0,0.0,0.4544340008173273,0.525083760797634,0.11360850020433183,0.1312709401994085,0.0,0.0,0.20730671197960918,0.025379751598200013,0.29315068493150687,0.03614518767607645,0.44759825327510916,0.3267011897846323,0.30272596843615496,0.18993730735610997,0.5478355765732994,0.48464170357666375,0.36624473264706725,0.2554471284522079,0.36363636363636365,0.030093932519330006,0.29121725731895226,0.02767543101882617,0.2822695035460993,0.027561265039748345,0.47554038680318544,0.7875342874190808,0.34854771784232363,0.21347701303052852,0.6198148782996229,0.7490129289803547,0.43906933944473425,0.44461694307231636,0.3230240549828179,0.423515597840138,0.4033496161898116,0.5692672932444754,0.4931350114416476,0.5502698258860971,0.5438786565547129,0.8460038417745368,0.43754130865829477,0.32807790566146916,0.70020964360587,0.7516918206976527,0.5220331257559092,0.6100311184476406,0.4264194669756663,0.562405908658343,0.39184952978056425,0.5069595635496592,0.4298186702484889,0.5041025914213096,0.5185185185185185,0.8739928555529414,0.4692158133506157,0.4788784491160119,0.6744775174160861,0.6955456255445531,0.5195602679050317,0.6432265711891526,0.31350392132662186,0.334184096774988,0.9325931800158604,0.885567634702647,0.7474489795918368,0.9507853403141361,0.8927209855021534,0.8023127753303965,0.9483082706766918,0.8802688049251237,0.8855302279484638,0.9365461847389558,0.5567047093495573,0.8713550600343053,0.93713163064833,0.8660807791751077,0.8658280922431866,0.9648210461914959,0.9361205797508287,0.47273303741280914,0.9455986146452526,0.8112729691630337,0.9106032113409518,0.26053811659192827,0.913825995598625,0.2723246818767868
c05_d8_s0,c05,8,0,45000,0,1189.587435245514,0.005705223884433508,0.0001331377356387188,0.0,0.0,0.0,0.0,0.0,0.0,0.0,0.0,0.0,0.0,0.27189163038219644,0.021384197324327687,0.06797290759554911,0.005346049331081922,0.0,0.0,0.0,0.0,0.0,0.0,0.0,0.0,0.0,0.0,0.46775510204081633,0.5237815588659184,0.11693877551020408,0.1309453897164796,0.0,0.0,0.0,0.0,0.0,0.0,0.0,0.0,0.0,0.0,0.45854063018242125,0.6424476688417395,0.11463515754560531,0.16061191721043488,0.0,0.0,0.0,0.0,0.1752738654147105,0.006656788797785256,0.44731182795698926,0.5024407364550068,0.18055555555555555,0.023397298313768737,0.4868884540117417,0.5813862779310831,0.2932951148322975,0.2773608105747801,0.0,0.0,0.3110443275732532,0.3309184355222008,0.42691415313225056,0.45152805680209007,0.4577777777777778,0.5448256603585215,0.3269908386187456,0.27164194396320324,0.558857583944423,0.5856377503428464,0.3974030901440286,0.4157302130265004,0.3739495798319328,0.43946139737448264,0.38964773544212794,0.4038017838112041,0.4728358208955224,0.5865342758412605,0.5364806866952789,0.8707424287412717,0.3253662297609869,0.2538768911977057,0.6248303934871099,0.6981220353793444,0.4747054221666425,0.5748351269151594,0.31949685534591193,0.4444341778931868,0.4198078344419808,0.3567411575302483,0.4851425106124924,0.389231353244336,0.5260915867944622,0.7822205317006264,0.45926876202694034,0.47576085694572007,0.6953864955698136,0.7508101303043537,0.5222239777978361,0.601398437126656,0.2838820636560233,0.30946113484301313,0.9331235247836349,0.8854956219692846,0.8102866779089376,0.9479708636836629,0.8923634344211655,0.7958287596048299,0.945845004668534,0.8521321363653422,0.8864758144126358,0.9333333333333333,0.5564963678036325,0.8364888123924269,0.9397354238118569,0.9434274583490846,0.8164754953076121,0.9647779479326187,0.9350800502421244,0.45015873015873015,0.9450399590307716,0.8279169018283598,0.9200853464487198,0.3114349775784753,0.9237842422094397,0.33292224900498907
c05_d8_s0,c05,8,0,50000,0,1356.1455171108246,0.004707834683358669,0.00010328793476977183,0.0,0.0,0.0,0.0,0.0,0.0,0.0,0.0,0.0,0.0,0.2690626517727052,0.021190176311565865,0.0672656629431763,0.005297544077891466,0.0,0.0,0.0,0.0,0.0,0.0,0.0,0.0,0.0,0.0,0.45166666666666666,0.522774595227875,0.11291666666666667,0.13069364880696874,0.0,0.0,0.0,0.0,0.0,0.0,0.0,0.0,0.0,0.0,0.4840714840714841,0.5021400830326344,0.12101787101787102,0.1255350207581586,0.0,0.0,0.0,0.0,0.17642466822794692,0.009576020792881008,0.22070844686648503,0.58364840026518,0.31355311355311355,0.2737602162079097,0.49917763157894735,0.3374565161438654,0.2730618536852987,0.29951428488697884,0.1411764705882353,0.28491111596242347,0.26929392446633826,0.5340343136240441,0.3783783783783784,0.4820804404643579,0.5178389398572885,0.739264829669801,0.2796208530805687,0.05717208004656639,0.5497206703910614,0.6326800272484795,0.40253251361830894,0.4656980567454472,0.1471861471861472,0.3121305207297586,0.2222222222222222,0.5736268289831399,0.304,0.5459966000771215,0.5113759479956663,0.5850009597787021,0.42398884239888424,0.33517184346427953,0.6568627450980392,0.7029873446048778,0.4541742479905116,0.5251028661111332,0.3056872037914692,0.2725009722718303,0.36239575435936316,0.24805247119357865,0.44052863436123346,0.31487861132783185,0.5079702444208289,0.8597022959942016,0.4063173007896626,0.3310816920432183,0.7014218009478673,0.8123366919331155,0.4963116359155952,0.5703995078920706,0.27532577883391834,0.3031772756112355,0.9413629160063391,0.8856627939814458,0.8712121212121212,0.9534762153685311,0.8925115837567107,0.8086622807017544,0.949438202247191,0.8244366262678668,0.9058185404339251,0.9283990345937249,0.5564157682769041,0.8405545927209706,0.9436550710436061,0.9665162222728348,0.8094496365524403,0.963914373088685,0.9350734486652906,0.44543147208121825,0.9460152308166758,0.8313856101375927,0.9238246781426298,0.32286995515695066,0.9274948508975441,0.3436291271932283
c05_d8_s0,c05,8,0,55000,0,1515.418282032013,0.0030634980648756027,7.549034358359007e-05,0.0,0.0,0.0,0.0,0.0,0.0,0.0,0.0,0.0,0.0,0.27074235807860264,0.22700211837866868,0.06768558951965066,0.05675052959466717,0.0,0.0,0.0,0.0,0.0,0.0,0.0,0.0,0.0,0.0,0.4489795918367347,0.526890464209389,0.11224489795918367,0.13172261605234725,0.0,0.0,0.0,0.0,0.0,0.0,0.35974304068522484,0.7087871994074592,0.0,0.0,0.48382004735595896,0.6464897064767297,0.21089077201029593,0.33881922647104723,0.0,0.0,0.11731843575418995,0.39187523690394127,0.11973018549747048,0.3889171799187623,0.43568464730290457,0.6928417746180242,0.18874458874458874,0.024418861246857153,0.489880214787278,0.6485998107844614,0.29833141447966455,0.406531146397561,0.0,0.0,0.26913779210314265,0.36471646687189757,0.3444976076555024,0.3544119763242196,0.43326039387308535,0.494372439152727,0.29545454545454547,0.27533111051330533,0.5852991452991453,0.5695491673071762,0.3796398044699144,0.3947405495096452,0.26198830409356727,0.43704027059443934,0.30023455824863177,0.6120926146967708,0.39575530586766544,0.556307549751131,0.508937960042061,0.8210618172820924,0.42378673957621327,0.48379865331351746,0.6835365853658537,0.6572156491542188,0.4838968352635207,0.6243057328576522,0.3670150987224158,0.32783897533629747,0.39584877687175685,0.582194062302132,0.44514901712111604,0.5100976192434085,0.49393605292171994,0.7798779449538761,0.43169398907103823,0.34163220476788697,0.6551264980026631,0.6627306754804059,0.49585687605846274,0.5644044277073621,0.2926494556800989,0.35961060408432605,0.9377462568951931,0.885564143228014,0.8394957983193277,0.9479708636836629,0.8598458575369583,0.7930845225027442,0.9450651769087524,0.8227706606828044,0.903448275862069,0.9340836012861736,0.5564272521576344,0.8459552495697074,0.9446891825746452,0.9677401516429747,0.8176165803108808,0.963302752293578,0.9113435704602408,0.43714285714285717,0.9464174088292331,0.8228927986858605,0.9310718935339216,0.3710762331838565,0.9345598353733845,0.38668086776164584
c05_d8_s0,c05,8,0,60000,0,1677.593202829361,0.002282981527969241,5.0928202945658506e-05,0.0,0.0,0.0,0.0,0.0,0.0,0.0,0.0,0.0,0.0,0.28666350261034645,0.026872006537719782,0.07166587565258661,0.0067180016344299456,0.0,0.0,0.0,0.0,0.0,0.0,0.0,0.0,0.0,0.0,0.4350758853288364,0.530559366404233,0.1087689713322091,0.13263984160105824,0.0,0.0,0.0,0.0,0.0,0.0,0.3939720129171152,0.7277518357122533,0.14728033472803348,0.005956715145145179,0.5111896348645465,0.6474300868173122,0.2631104956274238,0.3452846594186777,0.0,0.0,0.15722120658135283,0.3906690701700139,0.2526475037821483,0.39254732259479275,0.4437434279705573,0.5282868253787952,0.1808695652173913,0.023589106083999365,0.47658516369664317,0.5899821932820201,0.30945526508477306,0.35073256391660423,0.0,0.0,0.150278293135436,0.3908627097552506,0.36150845253576075,0.3314503001852251,0.45372460496614,0.5497472720273432,0.36092265943012214,0.23397252498713084,0.5802650957290133,0.5099660577866555,0.39137698550391864,0.38361421452865535,0.12689655172413794,0.21607321686900574,0.20695652173913043,0.1923121645403995,0.32357043235704325,0.6428010141243411,0.532051282051282,0.6172741538481082,0.42916666666666664,0.32149067326298797,0.6466908133026013,0.6747833918241278,0.45676248265683006,0.49098592102828487,0.2225031605562579,0.009166751938218256,0.39663629992992294,0.3692095778064094,0.43414634146341463,0.35224450431130633,0.5367875647668394,0.5490064010510967,0.3791130185979971,0.05753088742291133,0.7005969211435752,0.6686312889829835,0.4918981929562359,0.37967721386890907,0.29900546697342534,0.2985217737138028,0.9323899371069182,0.8874828812320602,0.8465430016863407,0.9423975090814738,0.8506151067869764,0.7835903083700441,0.9400278940027894,0.8117148560101854,0.9094955489614244,0.9413654618473896,0.5819125292787104,0.8284982935153583,0.9437652811735942,0.9930990635369111,0.8523316062176166,0.9636641221374046,0.9400514477835566,0.4318757921419518,0.9467666613055289,0.8412501638188965,0.9337407782438883,0.3742152466367713,0.9376646673019788,0.39733168899601995
c05_d8_s0,c05,8,0,65000,0,1845.0766773223877,0.0018748873844742775,3.06470325325539e-05,0.0,0.0,0.0,0.0,0.0,0.0,0.0,0.0,0.0,0.0,0.27722772277227725,0.22922284382899363,0.06930693069306931,0.05730571095724841,0.0,0.0,0.0,0.0,0.0,0.0,0.0,0.0,0.0,0.0,0.43419382141345747,0.5283064000832125,0.10854845535336437,0.13207660002080313,0.0,0.0,0.0,0.0,0.0,0.0,0.3858093126385809,0.7160105994160957,0.0,0.0,0.46070686070686073,0.6445614288270306,0.2116290433363604,0.3401430070607816,0.0,0.0,0.0,0.0,0.13781512605042018,0.3752919697737043,0.443010752688172,0.5320407999511002,0.17881944444444445,0.020611201351169096,0.527266161068978,0.5588427426930679,0.29875868338793365,0.3091480168133096,0.0,0.0,0.24898291293734745,0.5199709628891355,0.24459358687546606,0.5178947073974108,0.5179437439379243,0.28675541162933055,0.13842058562555457,0.013861533786704398,0.5670553935860059,0.501787367455963,0.3469863057717723,0.2870898840752117,0.3114571746384872,0.1667931084563236,0.3240391861341371,0.40643073383433653,0.3576158940397351,0.39491214456477797,0.5213581599123768,0.4762184838196443,0.36470588235294116,0.3317413280462443,0.6689044858101922,0.654001344398491,0.4715014865865742,0.4461682879707148,0.2663115845539281,0.03773863235578749,0.3960843373493976,0.047636027584224326,0.4396887159533074,0.048547451213238425,0.5302530253025303,0.6085526435197892,0.45758354755784064,0.6278146076386657,0.6888888888888889,0.733437029999836,0.5110217519253677,0.5036112462190103,0.288250379579206,0.2965061075881542,0.9310344827586207,0.9073533709659255,0.8459595959595959,0.9405684754521964,0.8357890415659655,0.7752747252747253,0.9406307977736549,0.7991637755155463,0.908284023668639,0.9430633520449078,0.581939996680623,0.8197278911564626,0.9407153356197943,0.9642892612851145,0.8359375,0.960438222763238,0.9397063974612979,0.426489226869455,0.945407040605691,0.833342762860712,0.9400477361492839,0.4208520179372197,0.9436718028097192,0.43870172094848364
c05_d8_s0,c05,8,0,70000,0,2007.272987127304,0.0015437535475939512,1.5510126917964977e-05,0.0,0.0,0.0,0.0,0.0,0.0,0.0,0.0,0.0,0.0,0.2716516800757217,0.22937972280528743,0.06791292001893043,0.05734493070132186,0.0,0.0,0.0,0.0,0.0,0.0,0.0,0.0,0.0,0.0,0.42413939651508714,0.5267578275703344,0.10603484912877179,0.1316894568925836,0.0,0.0,0.0,0.0,0.0,0.0,0.3798283261802575,0.7024864463233936,0.0,0.0,0.49960474308300395,0.6430893320657323,0.21985826731581537,0.33639394459728145,0.1606425702811245,0.4400862589521286,0.11632270168855535,0.3917826775438377,0.12054329371816638,0.38882794948512484,0.2321187584345479,0.5922423343646717,0.17519514310494363,0.01977305708220771,0.48334002408671217,0.422192183931681,0.25578919521387145,0.36027663434306434,0.0,0.0,0.15055762081784388,0.39057558352074623,0.3243986254295533,0.33861361175833715,0.44124168514412415,0.6696020084137442,0.16901408450704225,0.01500815022368582,0.5621818181818182,0.6112910285670068,0.3326890841455293,0.3847410630743662,0.22982885085574573,0.006228226062188685,0.32565055762081785,0.3158042384119028,0.32807137954701443,0.3140239963167969,0.5081081081081081,0.8305145083186792,0.2939346811819596,0.4739437895864688,0.6740947075208914,0.5840652892424367,0.44266360653803793,0.5251356018528035,0.32018561484918795,0.25899259042664097,0.3585185185185185,0.49451008100614174,0.40638977635782747,0.47278721339287844,0.5571725571725572,0.7819256496499638,0.4101161995898838,0.514285207774623,0.681875,0.7231333559750865,0.502715431667738,0.6070268770853902,0.2753804791469563,0.34322978693525874,0.9294670846394985,0.9053785765700119,0.8524451939291737,0.9398963730569948,0.8358000837917344,0.7855567805953694,0.9413953488372093,0.7990968171460755,0.9155138339920948,0.9478748997594226,0.5822553996207608,0.8071065989847716,0.9437652811735942,0.9898236824943004,0.8487046632124352,0.9592952612393681,0.9376461382148661,0.41988600379987334,0.9469637610875715,0.8391209282081337,0.943447128598293,0.44103139013452913,0.9471437173716883,0.4629743819720836
c05_d8_s0,c05,8,0,75000,0,2171.2200191020966,0.0013696826063096523,6.161808308812815e-06,0.0,0.0,0.0,0.0,0.0,0.0,0.0,0.0,0.0,0.0,0.2689393939393939,0.22922956759962176,0.06723484848484848,0.05730739189990544,0.0,0.0,0.0,0.0,0.0,0.0,0.0,0.0,0.0,0.0,0.41771637545713125,0.5204801049513802,0.10442909386428281,0.13012002623784505,0.0,0.0,0.0,0.0,0.0,0.0,0.4047878128400435,0.7140231813377625,0.0,0.0,0.5100196463654224,0.6476883423211368,0.22870186480136648,0.34042788091472487,0.0,0.0,0.2461033634126333,0.3923861025434297,0.2599549211119459,0.3908593665725762,0.45397489539748953,0.5036776474696062,0.1381118881118881,0.024117436217998615,0.5249070631970261,0.5093331344378448,0.3214199853869825,0.32455251029102955,0.0,0.0,0.1467038068709378,0.3905659357285519,0.14634146341463414,0.3889681460694651,0.516256157635468,0.23820204556692143,0.22185970636215335,0.03609411780948993,0.568239106949946,0.4292994325190693,0.35100918192735614,0.24086007245703828,0.28875739644970416,0.2705499548993081,0.3079340141398272,0.4974133435110835,0.3061371841155235,0.49466302201160717,0.5160599571734475,0.4187302660006433,0.4231292517006803,0.4986364288421026,0.6717697489283527,0.5436990606593438,0.4779754556760414,0.470485298910689,0.33573141486810554,0.03469789486472337,0.3914044512663085,0.0372671194703515,0.4013745704467354,0.03839230456808676,0.5211726384364821,0.8252900399546043,0.34058514628657166,0.04373640081520574,0.659601798330122,0.7426728712412001,0.47438243214505643,0.4121212712446827,0.28930755175513345,0.28226777885084503,0.9303054032889585,0.8757061482613585,0.8695286195286195,0.9390495867768595,0.809305514212468,0.7959295929592959,0.9397590361445783,0.776537524330842,0.9166666666666666,0.9493975903614458,0.5822648908697736,0.8020304568527918,0.9432485322896281,0.9778898806375147,0.8578838174273858,0.9604863221884499,0.9673614115889815,0.41360759493670884,0.947375946727414,0.8370081446744564,0.9455446260668307,0.45067264573991034,0.9492322909753729,0.47799764560793767
c05_d8_s0,c05,8,0,80000,0,2333.6890349388123,0.0012980176834389567,3.0000001268729423e-06,0.0,0.0,0.0,0.0,0.0,0.0,0.0,0.0,0.0,0.0,0.2695035460992908,0.22922887467920525,0.0673758865248227,0.05730721866980131,0.0,0.0,0.0,0.0,0.0,0.0,0.0,0.0,0.0,0.0,0.4139894265961773,0.5200492531930555,0.10349735664904433,0.13001231329826388,0.0,0.0,0.0,0.0,0.0,0.0,0.40044994375703036,0.7199565876677374,0.0,0.0,0.5223264540337711,0.6469558780445633,0.23069409944770036,0.3417281164280752,0.1675531914893617,0.4400751839848075,0.12138188608776844,0.3917756641874743,0.12510566356720204,0.38882116271798506,0.23243243243243245,0.5921979591615719,0.17073170731707318,0.015264762481413303,0.48378053664397275,0.4904819043540738,0.2562395641937306,0.3762088240734537,0.0,0.0,0.14828544949026876,0.3905086314870888,0.23392718822618125,0.3846903844596754,0.5205479452054794,0.25475180354818727,0.3108728943338438,0.2563784254153176,0.5044213763936948,0.5088547253290547,0.365811607126292,0.31959615656870355,0.08797653958944282,0.0006317632966199027,0.26688364524003255,0.34955189731375536,0.3735408560311284,0.3041684955086626,0.5167567567567568,0.8252993503519473,0.37687366167023556,0.4780597491937145,0.6690051020408163,0.6100587078720756,0.45135896685533583,0.5328837981976875,0.29473684210526313,0.6245809471706435,0.43573264781491,0.42785309566058854,0.4737752161383285,0.4162440798570007,0.5373781148429035,0.5777626012765558,0.5138479670005893,0.7575436158725224,0.6986301369863014,0.7129243398844197,0.5378177802123237,0.6344474828157272,0.2875421801441785,0.3417405585788161,0.9265625,0.8209372908690264,0.8811129848229342,0.9375966993295514,0.7659982195421816,0.8052805280528053,0.9384544192503471,0.7400784730709005,0.9270216962524654,0.9486356340288925,0.5822614963129278,0.8020304568527918,0.9432485322896281,0.9778667975635945,0.858402489626556,0.9596112966899484,0.9673513801244696,0.4107594936708861,0.9464250006337754,0.8257877504570903,0.9468609865470852,0.4585201793721973,0.9503805543851909,0.4864622456415718
c06_d8_s0,c06,8,0,5000,0,378.52214455604553,0.5340714454650879,0.000999577995557936,0.0,0.0,0.4897196261682243,0.7776787036308244,0.5090273733255678,0.7815993463828035,0.6203995793901157,0.8902375150836981,0.0,0.0,0.6286849950314674,0.6412544312592835,0.39550006022987844,0.512812824086881,0.0,0.0,0.5804235832856325,0.7603446177451788,0.5895642818719742,0.7647367780776757,0.5865800865800865,0.8924226469521115,0.34507042253521125,0.20704881809412892,0.6378519973804846,0.7238958313161811,0.4898746153870795,0.5829319404091766,0.36323366555924697,0.04307133422844227,0.51208360548661,0.6489181563636173,0.5039561777236762,0.652692910408401,0.5168018539976825,0.8885729628507597,0.28262548262548265,0.02914221756519373,0.6983071342200725,0.5633661580839172,0.48937307177493716,0.48232720137500606,0.281134401972873,0.009558215548113404,0.578125,0.5486250485126156,0.5850840336134454,0.5532000546269358,0.442002442002442,0.8851414403718957,0.44621513944223107,0.6496747792300932,0.7145682267633487,0.708936356921585,0.521058405017532,0.6535534206881989,0.5482926829268293,0.6397180611825174,0.5067567567567568,0.6130583669943478,0.6143657666836475,0.8356774181408246,0.6107030430220357,0.9194488604759331,0.5080545229244114,0.7271484404096656,0.7346547314578005,0.8069679875110405,0.602471008214998,0.787429142625634,0.5595744680851064,0.6341841268300082,0.5889967637540453,0.6063008261985333,0.633856138453218,0.7487762389869091,0.6904761904761905,0.585356760890907,0.46802900461437047,0.47415079740648186,0.7247920133111481,0.7551512105242024,0.619359916291458,0.6194364582066854,0.5192743764172335,0.056396053040879586,0.6590909090909091,0.8367754587111487,0.672645739910314,0.8401925083756484,0.7174119885823026,0.9261384539900589,0.4735758407687028,0.33082506342137313,0.7535031847133759,0.5555628848005681,0.6403736723009666,0.5975786022303065,0.53685867845955,0.6051527985174125,0.9461358313817331,0.8994465341453309,0.49174917491749176,0.9444444444444444,0.7764315364550881,0.5223311546840959,0.9435185185185185,0.7781193003737435,0.5323846908734053,0.9508460918614021,0.9147736190633159,0.7313559322033898,0.9436345966958212,0.8700546353294152,0.6004119464469619,0.9646341463414634,0.859677662925578,0.49020227560050567,0.9509536082533963,0.8656262602440908,0.9875669029364964,0.7369955156950673,0.9935209011064919,0.8210101463086495
c06_d8_s0,c06,8,0,10000,0,749.4746956825256,0.012698063626885414,0.0009848581542776886,0.0,0.0,0.0,0.0,0.0,0.0,0.5786163522012578,0.8735491595218309,0.0,0.0,0.5891472868217055,0.6379669990422038,0.29194090975574083,0.37787903964100866,0.0,0.0,0.3435114503816794,0.37104231012462274,0.5002707092582567,0.6549785677851957,0.5387131952017448,0.8745540559185521,0.0,0.0,0.6138613861386139,0.7301869974608179,0.3584588253050843,0.4866870031706607,0.0,0.0,0.35873749037721325,0.8065370927046873,0.5107871720116618,0.7164648274835931,0.5460674157303371,0.8794684920545823,0.2850539291217257,0.029404966577482594,0.6713371915930552,0.822748417058609,0.44807502264368576,0.5598222956050252,0.40320962888665995,0.04957907227932332,0.5211349160393747,0.6718573093879623,0.5328983143012507,0.6767382155123273,0.4935972060535506,0.8683481638299044,0.4369538077403246,0.7708916580225019,0.7169928549238894,0.754657927186423,0.5333228721150483,0.7149889870246751,0.4004085801838611,0.04531143455548882,0.5430839002267573,0.8409249145765192,0.5709984947315605,0.836044652290739,0.6006322444678609,0.9123558057742187,0.41460055096418735,0.47703615597650795,0.7139588100686499,0.7972615072810272,0.5585054826370228,0.6901867840431674,0.4851063829787234,0.06824188530587973,0.5163398692810458,0.6353740446798142,0.5431675242995998,0.6334310821132559,0.6805054151624549,0.5782706291123054,0.5164198325820991,0.418122873044086,0.7409006785934609,0.7620552265706937,0.6131742962977844,0.5510327665233504,0.5184357541899441,0.5594206409072205,0.5879396984924623,0.625606491090777,0.6146123814835471,0.7939588851309077,0.6482889733840305,0.9162920570670847,0.5353925353925354,0.0797919764324592,0.7367030062768417,0.8100970442468091,0.6235117816105147,0.616460770863997,0.48956988433784016,0.5710082352674121,0.9390902081727063,0.7812161745182528,0.451559934318555,0.9363219561895059,0.7449036414163621,0.5179542981501633,0.9341317365269461,0.7462362303463815,0.5059171597633136,0.9447154471544715,0.9928150803415432,0.7030981067125646,0.9458800585080449,0.8613463771875172,0.5850515463917526,0.9620176238225463,0.7741923943981678,0.46873025900189513,0.9472819407786957,0.8464514668385568,0.9941631708375525,0.8995515695067264,0.9995660106797538,0.9874432423342115
c06_d8_s0,c06,8,0,15000,0,1123.9831235408783,0.008698510937392712,0.0009497125223605969,0.0,0.0,0.0,0.0,0.0,0.0,0.5572033898305084,0.8774658086492425,0.0,0.0,0.5753145188711323,0.6843224344623037,0.28312947717541015,0.39044706077788655,0.0,0.0,0.0,0.0,0.0,0.0,0.5474613686534217,0.8763979581564934,0.25378514780100936,0.02679152437759337,0.5283154121863799,0.7745082624672165,0.3323904821602027,0.41942443625032577,0.0,0.0,0.3610719322990127,0.5875877833827863,0.3516339869281046,0.5879009139894101,0.5259593679458239,0.8785084057232494,0.394311570782159,0.03996045201189161,0.6602409638554216,0.7808903221940868,0.4545201355814442,0.52279718642999,0.0,0.0,0.2974438419829589,0.6306373203864832,0.45261344055140723,0.5970111852902623,0.49122807017543857,0.8741691268347479,0.4359464627151052,0.44413426600809053,0.6675666554168073,0.7542767209703138,0.46119007062136824,0.6204490705930169,0.25559947299077734,0.03491741755939446,0.4647887323943662,0.8281982591423882,0.48028673835125446,0.8325584670368554,0.6513849092645654,0.5813095145602529,0.3894811656005686,0.6106563313111589,0.6687719298245614,0.7502405765429169,0.5274657464837904,0.6268577842484686,0.3473193473193473,0.028714968813588433,0.5373665480427047,0.7729981203208719,0.5494994438264739,0.7764456448148085,0.6805807622504537,0.5792003944121558,0.5219542362399505,0.44726153207546904,0.7152682255845942,0.7431210920692561,0.5989662509511268,0.5739089824683259,0.5233463035019456,0.45580999061955163,0.5679611650485437,0.8213056074560304,0.5727272727272728,0.8245368706065388,0.6641221374045801,0.9022172597391155,0.5420118343195266,0.5893115433492229,0.7422873169211592,0.8717605542231152,0.6257748839344633,0.7659600450513734,0.4690624352725437,0.5599777951170554,0.9345650500384911,0.7823171673429591,0.4357495881383855,0.9382967873533912,0.7764689744778934,0.49782608695652175,0.9373271889400921,0.7775523558062426,0.49262536873156343,0.9455727051177905,0.9928792994904612,0.6726804123711341,0.9372262773722628,0.9058769232019448,0.5659397715472482,0.9576014536644458,0.7666599856401002,0.45098039215686275,0.9442825278996227,0.8610489268853845,0.9929263706061044,0.8690582959641255,0.9983707317602426,0.95364089915354
c06_d8_s0,c06,8,0,20000,0,1488.1395998001099,0.006659010890871286,0.000895637119646979,0.0,0.0,0.0,0.0,0.0,0.0,0.5402650356778798,0.8631040776622113,0.0,0.0,0.573954437266236,0.6389804581292446,0.27855486823602893,0.375521133947864,0.0,0.0,0.0,0.0,0.0,0.0,0.5300429184549357,0.8766226149592716,0.0,0.0,0.43931121377572446,0.6749684210867358,0.24233853305766503,0.38789775901150186,0.0,0.0,0.0,0.0,0.0,0.0,0.5328874024526199,0.87642336678046,0.410958904109589,0.041567632521778905,0.6254360926102125,0.7255772118766258,0.3923205997931053,0.4108920527947162,0.0,0.0,0.3469843633655994,0.7363453917265441,0.35738831615120276,0.7360625699551282,0.4576877234803337,0.8328328237893445,0.33356990773598294,0.040647920238761404,0.7108320251177394,0.7927128220324103,0.43422013737658083,0.5392490549886018,0.2696335078534031,0.037952137274782666,0.48117421825143586,0.7535285877710242,0.5187637969094923,0.8252815733131228,0.6153846153846154,0.9147143311907912,0.4158145875937287,0.6139818478085286,0.6817288801571709,0.7886020691454402,0.5340296477017397,0.7140547535661008,0.4594017094017094,0.05747419061190201,0.4970948999354422,0.5251503446848089,0.5251839275608375,0.5580533192584154,0.6521739130434783,0.5825458689652607,0.4694408322496749,0.30410638630726594,0.706989247311828,0.5492715479594654,0.5806243762260777,0.4540374386875919,0.47438752783964366,0.06854740997459956,0.5491905354919053,0.6241991558957218,0.5675827257431295,0.5711608284859249,0.6581818181818182,0.5833899874238077,0.45839210155148097,0.33621102748926407,0.7171783148269105,0.6871027611300623,0.5910347910629423,0.5070015602071374,0.43616042192202,0.4840933933147877,0.9382716049382716,0.818841914271592,0.4185855263157895,0.934010152284264,0.7775196053491376,0.503804347826087,0.9297197978870004,0.7785831644480926,0.49061264822134387,0.9429967426710097,0.9927821348921436,0.6727115716753023,0.9415204678362573,0.9571708358965604,0.5910973084886129,0.9605343047965998,0.790008898955086,0.43994943109987356,0.944763008418428,0.8829025244416827,0.9941342398379864,0.9044843049327355,0.9993291248424528,0.9810527495935871
c06_d8_s0,c06,8,0,25000,0,1862.9698259830475,0.0052037714049220085,0.0008249337364567146,0.0,0.0,0.0,0.0,0.0,0.0,0.5284552845528455,0.8654495836880733,0.0,0.0,0.5688442211055277,0.6126903272592794,0.2743248764145933,0.3695349777368382,0.0,0.0,0.0,0.0,0.0,0.0,0.5378868729989328,0.8728049798307215,0.0,0.0,0.4373690825303729,0.6767255057741276,0.24381398888232642,0.38738262140121227,0.0,0.0,0.0,0.0,0.0,0.0,0.5239687848383501,0.8760753751170732,0.3974358974358974,0.04051170430012797,0.6255534471853258,0.7228973042818245,0.38673953236489333,0.40987109592475646,0.0,0.0,0.12968036529680366,0.025049302317579996,0.24286759326993415,0.4130837843140751,0.49252013808975836,0.8784549988736047,0.43031470777135516,0.7694606650198584,0.7138755980861244,0.8455565245601085,0.44022327420070434,0.6598791376660309,0.15873015873015872,0.011104758993240545,0.3292240754169688,0.7332023532907578,0.3420523138832998,0.737295607700512,0.5363735070575462,0.8615363178649221,0.43222003929273084,0.3769827856733489,0.7145631067961165,0.7081940136872348,0.4899563756224673,0.6101451726384189,0.4259459459459459,0.03529760275720888,0.5130823229100191,0.7866169192091298,0.51697438951757,0.7904160975852615,0.6269230769230769,0.5803448882710333,0.4911660777385159,0.5252876227865685,0.7080413747080414,0.5804926294028394,0.5778661872068698,0.5558921700777436,0.4804597701149425,0.061587267596274566,0.6118458884416331,0.7041353661224498,0.6191247974068071,0.7078727468074353,0.6555652936021035,0.5887196631057702,0.5446371226718048,0.3587525818451228,0.7114788004136504,0.7763002841841357,0.6205395088355048,0.5537427473276038,0.4333519633610513,0.5066354175389434,0.9294478527607362,0.8187142963776888,0.400990099009901,0.9305625950329448,0.7649781796995555,0.4809368191721133,0.9261128958237723,0.766112884658067,0.4767096134786918,0.9434889434889435,0.9929667621403364,0.6432291666666666,0.9391727493917275,0.955960363702774,0.5606217616580311,0.9611178614823815,0.7933429088155157,0.429519595448799,0.9431218338922176,0.8813846220592658,0.9957399103139013,0.9396860986547085,0.9999963834223313,0.9998878860922698
c06_d8_s0,c06,8,0,30000,28550,110.49095892906189,0.004317229613661766,0.0007406119548704389,0.0,0.0,0.0,0.0,0.0,0.0,0.5447316103379721,0.8583236179922848,0.0,0.0,0.5637538252295138,0.6165728714269246,0.2771213588918715,0.36872412235480234,0.0,0.0,0.0,0.0,0.0,0.0,0.5277486910994764,0.8560346563028342,0.0,0.0,0.44573322286661143,0.771992191729573,0.24337047849152196,0.4070067120081018,0.0,0.0,0.0,0.0,0.0,0.0,0.5207877461706784,0.8695345905340394,0.25018953752843065,0.027986115376912247,0.6500600240096038,0.7851656202872431,0.3552593269271782,0.42067158154954865,0.0,0.0,0.3303437967115097,0.737895970186029,0.34206896551724136,0.7376062912686545,0.58125,0.8568422281384337,0.4392523364485981,0.5537606331772206,0.6635167060411745,0.6707711695778202,0.4770391574748391,0.6433020295112589,0.0,0.0,0.1640838650865998,0.4522618349258726,0.27575982209043737,0.6127302681972293,0.5964912280701754,0.5345958564204409,0.4312220089571337,0.4855561241732397,0.673469387755102,0.7650031614554358,0.46194929679368923,0.5350381274392042,0.41114982578397213,0.07754551165363018,0.5137614678899083,0.7968852014549275,0.5201465201465202,0.8006372025190821,0.625,0.5808096763965949,0.49731663685152055,0.1937444021016837,0.6947155839784585,0.42938478375289924,0.5746795396925282,0.4405737085317644,0.5555555555555556,0.05805437352202411,0.5523924894003635,0.39835413737604153,0.6060606060606061,0.6654788452429166,0.6130346232179226,0.5550896312103264,0.5386040765904879,0.2745595335123788,0.7369101486748546,0.7454121453277186,0.6149712663721933,0.48725594052435445,0.42919863209197445,0.47179603170271933,0.9316960859554874,0.8187957042853748,0.40362438220757824,0.930161943319838,0.7650093179226692,0.4766050054406964,0.9272311212814646,0.7661713541856809,0.4723593287265548,0.9432098765432099,0.9929875379271093,0.612565445026178,0.9372873116188625,0.9511807858825277,0.5658713692946058,0.9608259945338598,0.7739480863128376,0.438685208596713,0.9427548915537156,0.8753604672300958,0.9957905395631419,0.9408071748878923,0.9999873419781595,0.9996076013229441
c06_d8_s0,c06,8,0,35000,28550,491.4628825187683,0.004117936827242374,0.0006462610419276992,0.0,0.0,0.0,0.0,0.0,0.0,0.0,0.0,0.0,0.0,0.5518405943937859,0.6533305256123584,0.13796014859844646,0.1633326314030896,0.0,0.0,0.0,0.0,0.0,0.0,0.5295950155763239,0.8531298749892523,0.0,0.0,0.4293501048218029,0.6761838319479874,0.2397362800995317,0.3823284267343099,0.0,0.0,0.0,0.0,0.2311046511627907,0.7129266087193162,0.5345016429353778,0.873224051090841,0.2517058377558757,0.028378697874374186,0.556664290805417,0.6883491932032654,0.3549766638044002,0.4568985362687298,0.0,0.0,0.20240137221269297,0.48620268051459914,0.2081377151799687,0.4833015841275622,0.5699263932702419,0.8605054512740334,0.34121863799283153,0.5459218814749888,0.6604200323101777,0.6693015355450547,0.4271028565093679,0.5997242391270327,0.2670157068062827,0.037473732844758474,0.41379310344827586,0.7510561380346589,0.41617742987606,0.7506900683902357,0.6455223880597015,0.573799504432012,0.4002607561929596,0.6102569261583052,0.6824130226619853,0.7011235445921976,0.5234645617395465,0.5995633220680997,0.3033292231812577,0.0452119935907763,0.3917828319882612,0.5984982744824933,0.3891525423728814,0.5956672613147104,0.648444863336475,0.5538446428929,0.5720930232558139,0.3703709543089571,0.7164565147106369,0.5504697143155801,0.5746039834542649,0.471952788661691,0.5075225677031093,0.5229353589390572,0.5537897310513448,0.7591024622793506,0.595879556259905,0.7522092914119751,0.6660533578656854,0.5745280198744818,0.5969802555168409,0.6049683459744941,0.7313812858052197,0.7016334036178072,0.6367030460481331,0.6398030350858943,0.413506791464813,0.4733718541926924,0.9288446824789595,0.818794269234654,0.40774299835255357,0.9273461150353178,0.777843937761719,0.47551686615886835,0.9259597806215722,0.7789126545584107,0.47433366238894376,0.9390444810543658,0.7553888863651234,0.6140350877192983,0.9410618606916707,0.9530555213293499,0.582815734989648,0.9602427921092564,0.8025326652380046,0.41245259165613146,0.941933164975144,0.8257068400293515,0.9958700998119485,0.9423766816143497,0.9999981917111657,0.9999439430461349
c06_d8_s0,c06,8,0,40000,28550,865.9447588920593,0.003880185540765524,0.0005458971677758271,0.0,0.0,0.0,0.0,0.0,0.0,0.0,0.0,0.0,0.0,0.5555928787369835,0.650579664113245,0.13889821968424587,0.16264491602831124,0.0,0.0,0.0,0.0,0.0,0.0,0.5184426229508197,0.8447563370078761,0.0,0.0,0.4365904365904366,0.6775435140353443,0.23875826488531407,0.3805749627608051,0.0,0.0,0.21535893155258765,0.5602573874040848,0.2183206106870229,0.5569968677523266,0.5258620689655172,0.8620098715734177,0.3858520900321543,0.21717259465892375,0.6321695760598504,0.7723085193644107,0.42211089561768134,0.5559772676622223,0.21025641025641026,0.3248930693923093,0.16014558689717925,0.2877884982298375,0.1453344343517754,0.285488652652537,0.5694164989939637,0.8487950664073092,0.37627811860940696,0.2185760025139484,0.6998754669987547,0.7033710004535783,0.45437055710931173,0.5175330356999326,0.2562747688243065,0.03369040379789203,0.4631043256997455,0.779667975161407,0.47268408551068886,0.7834627766895053,0.5220264317180616,0.7971018361916004,0.4146341463414634,0.4843184285779885,0.6609294320137694,0.7607413118293672,0.498736100854552,0.6436088237871395,0.4430379746835443,0.07425942949736362,0.45043830074173974,0.5667800700070907,0.49734199645599525,0.7498090694789045,0.6407407407407407,0.5793118816873558,0.5737609329446064,0.31119565357599954,0.6933079606723755,0.6432194776610788,0.5928539312462039,0.4993358006463884,0.4327233584499462,0.059750981379067786,0.5758443045220378,0.7332433036241219,0.5798816568047337,0.7374552499365178,0.654275092936803,0.571083309388338,0.6008328375966686,0.42300116020076245,0.6962199312714776,0.6299532198970229,0.6202027420992972,0.5335468836165065,0.423704387356658,0.4704602414573294,0.9243697478991597,0.8187707460512523,0.3950413223140496,0.9254783484390735,0.7650264943413899,0.46409140369967355,0.9224452554744526,0.7661634888849577,0.47378832838773494,0.9381698268755152,0.7553088811209069,0.6274165202108963,0.9423828125,0.9549658423139354,0.5471502590673575,0.9593446601941747,0.8766024901996972,0.41049968374446555,0.9409987708768128,0.8425493641817682,0.9959279618110806,0.9399103139013453,1.0,1.0
c06_d8_s0,c06,8,0,45000,28550,1238.4135999679565,0.0026687858626246452,0.00044379245212906274,0.0,0.0,0.0,0.0,0.0,0.0,0.49559255631733595,0.8501507796947457,0.0,0.0,0.5470371610311349,0.6633867113708499,0.2606574293371177,0.3783843727663989,0.0,0.0,0.0,0.0,0.0,0.0,0.5,0.8438115322356855,0.0,0.0,0.44242674370614943,0.7705975238354168,0.23560668592653736,0.40360226401777555,0.0,0.0,0.0,0.0,0.0,0.0,0.5186813186813187,0.8596290588815974,0.3596938775510204,0.040419253185283235,0.5803142032702789,0.7808742491891685,0.36467234987565456,0.42023064031401225,0.19768934531450577,0.04823400575892514,0.14571948998178508,0.04195522210556717,0.1322314049586777,0.041572317075769055,0.5705458290422245,0.8498696873941753,0.3873015873015873,0.4115869452490833,0.6578352180936995,0.7512228499050897,0.4435573452972919,0.5141499993821088,0.2444733420026008,0.03346686270894934,0.3192338387869114,0.4686371136524034,0.30622710622710625,0.46959966302931905,0.576235541535226,0.8418119730165454,0.30813124108416545,0.485902397489864,0.6582451348583134,0.7635538967031773,0.4581475032874778,0.6037923700849527,0.45133689839572194,0.06301013087309426,0.454421768707483,0.4654185401935656,0.5011933174224343,0.6802877782662413,0.6164658634538153,0.5793281993030381,0.5069402534701267,0.7116327013973319,0.695368558382257,0.6909874585188799,0.5719396675370197,0.5962134605825542,0.5536062378167641,0.09497086681733265,0.549636803874092,0.7074045620555923,0.5957873620862588,0.7230259859376149,0.6308724832214765,0.5558059668872612,0.5571847507331378,0.30786023825029424,0.7243839169909209,0.6810623916404768,0.6196961547178101,0.513298933762053,0.4220395908541299,0.489953148701408,0.9303749043611323,0.818853204003383,0.38980263157894735,0.9283551967709385,0.7647453266787563,0.48641304347826086,0.9263831732967536,0.7659048325437202,0.47038499506416587,0.9334428923582581,0.992625662485377,0.6285211267605634,0.9439297903461726,0.9933069791191484,0.5852272727272727,0.9593693147362038,0.9641720091771647,0.3998103666245259,0.9412782722292274,0.9333181096309109,0.9934037320989441,0.8798206278026905,0.9983146748063775,0.9504456527832278
c06_d8_s0,c06,8,0,50000,45750,316.6570954322815,0.002157842507585883,0.00034429311589923944,0.0,0.0,0.0,0.0,0.0,0.0,0.49606299212598426,0.8445627652479162,0.0,0.0,0.5357983193277311,0.6498259654460771,0.25796532786342885,0.3735971826734983,0.0,0.0,0.0,0.0,0.0,0.0,0.508682328907048,0.8442710509786807,0.0,0.0,0.4274362191551652,0.7705737375725441,0.2340296370155533,0.40371119713780623,0.0,0.0,0.21386800334168754,0.7149350625111469,0.21237585943468296,0.7145748034729625,0.5115257958287596,0.8648755225952319,0.3647959183673469,0.04486871894569498,0.6047095761381476,0.7369599330529988,0.4057781444815944,0.5308018658138239,0.21227621483375958,0.3391188037182182,0.16348773841961853,0.30243035195634055,0.1483924154987634,0.300034380138984,0.5805825242718446,0.5329881420528836,0.324435318275154,0.25026390740143106,0.6548387096774193,0.7506476402899511,0.43364383545211627,0.461940217087195,0.38264738598442716,0.35940603201196847,0.3746268656716418,0.5739627183010977,0.42428035043804757,0.6534629768623249,0.5632411067193676,0.5369592098916034,0.36300417246175243,0.4765167897878372,0.645466847090663,0.7621960087954035,0.4913909150757888,0.576153979383327,0.45188284518828453,0.07241040069667856,0.48148148148148145,0.6480107894024562,0.5185185185185185,0.7244537412653853,0.5973223480947477,0.5815696067073981,0.43737574552683894,0.25258085743186104,0.6696520840509818,0.688346040441878,0.5470777815171658,0.5010303704256609,0.5442684063373718,0.056415216865839876,0.6199669056811914,0.7281695117605241,0.6402805611222445,0.7265760911474204,0.6367880485527544,0.5539119683971504,0.5612073784237004,0.5309946414781621,0.7145145786606857,0.6393326762192386,0.628503824171019,0.5569898898381198,0.42834135222523806,0.4863178146227759,0.9309815950920245,0.8188128354181153,0.3904448105436573,0.9287518948964123,0.7650442528373853,0.45647442872687705,0.9251141552511416,0.7661700537347682,0.4545903257650543,0.9430222956234517,0.9974176981143613,0.638353765323993,0.9430656934306569,0.9941295897273141,0.5541795665634675,0.9576271186440678,0.8233220445259413,0.41308470290771176,0.9429994140278424,0.89955292825776,0.9953782728193259,0.9264573991031391,0.9997667307403677,0.9930489377207242
c06_d8_s0,c06,8,0,55000,45750,689.5530326366425,0.0012078109430149198,0.00025163447861196694,0.0,0.0,0.0,0.0,0.0,0.0,0.0,0.0,0.0,0.0,0.5578912245578912,0.6518676308248836,0.1394728061394728,0.1629669077062209,0.0,0.0,0.0,0.0,0.0,0.0,0.5149948293691831,0.8555862504857568,0.0,0.0,0.42636629119733,0.6752249768445717,0.23534028014162828,0.3827028068325821,0.0,0.0,0.0,0.0,0.23252391464311994,0.7606420118746055,0.5224043715846994,0.8643356457473679,0.36480411046885036,0.044054900340142825,0.6026365348399246,0.736883087724117,0.39183824711029525,0.47470524277579074,0.21254801536491677,0.3359549174575871,0.15636363636363637,0.297807834610005,0.1419141914191419,0.29544212098792333,0.5614754098360656,0.8489015155581673,0.4156479217603912,0.44270592806661824,0.6569390402075227,0.7507581428402155,0.45108441321330284,0.5880251360375433,0.39289678135405104,0.08209370468849184,0.29508196721311475,0.07155824953460023,0.36671177266576455,0.43869131026581143,0.5907258064516129,0.5425319598207383,0.36262203626220363,0.6088191720771295,0.6766330841728957,0.8057350555125063,0.4953861084910889,0.5386334855600021,0.3648960739030023,0.06985839039077475,0.49255583126550867,0.7841635091812119,0.5081206496519721,0.7838759610334778,0.6357487922705314,0.572411811154786,0.4868766404199475,0.3085284161778793,0.6796494644595911,0.3695579602749967,0.5643664371892244,0.4491160352857042,0.47110141766630315,0.060719269483897595,0.5242236024844721,0.5300016194057692,0.5827530798071773,0.6159645104786658,0.6310772163965681,0.5522947454605253,0.5357142857142857,0.502493756626724,0.7261146496815286,0.5139130171135995,0.604733046277925,0.4927324964142399,0.4117459055089911,0.4412688729445833,0.9244851258581236,0.8749855940712463,0.3935643564356436,0.9268784669692385,0.8065293667580337,0.4428726877040261,0.9233576642335767,0.8074186706327876,0.45306324110671936,0.9421487603305785,0.9974201890449624,0.6105263157894737,0.942495126705653,0.9541525777943811,0.5558428128231644,0.9574403863567763,0.7829506109315657,0.39501891551071877,0.9417478397699969,0.8910419803978996,0.9957905395631419,0.9412556053811659,1.0,1.0
c06_d8_s0,c06,8,0,60000,45750,1049.6330897808075,0.0008699380559846759,0.00016976067648552838,0.0,0.0,0.0,0.0,0.0,0.0,0.43454545454545457,0.7344670325942003,0.0,0.0,0.5604798400533155,0.6517664240943415,0.24875632364969252,0.3465583641721355,0.0,0.0,0.0,0.0,0.0,0.0,0.5150571131879543,0.855668927244248,0.0,0.0,0.43460264900662254,0.7709003667884954,0.2374149405486442,0.40664232350818585,0.0,0.0,0.0,0.0,0.0,0.0,0.5239130434782608,0.8645535911702434,0.38616352201257864,0.04258274596558596,0.6462908011869436,0.7809492459839225,0.38909184166944577,0.42202139577993797,0.22109275730622618,0.3358403815351049,0.16636528028933092,0.2977066891144562,0.1510673234811166,0.29534167730401345,0.5639958376690947,0.8462741062257018,0.3883248730964467,0.22372343798313551,0.6554075998700877,0.7507366544768629,0.4468091910819634,0.5325909453342229,0.27154046997389036,0.04182643560537575,0.43321799307958475,0.8011013887003366,0.43159922928709055,0.8003813849557987,0.606,0.53982386697395,0.3829489867225716,0.6123548581178555,0.6784198498204375,0.8053885504694306,0.511538683497466,0.626334252995435,0.4095808383233533,0.5664587931625875,0.44157814871016693,0.7077059812146909,0.5188335358444714,0.77585078108317,0.6257425742574257,0.5700915569848024,0.48026315789473684,0.26593829666861696,0.7115135834411385,0.46714194726854835,0.5685458724714912,0.49662757985219597,0.45494505494505494,0.059904668417764026,0.5858951175406871,0.7215868384656334,0.6023835319609967,0.7566761135579934,0.6278855032317636,0.5479242412274781,0.4529616724738676,0.40417614732950613,0.7392845633258137,0.6562132744921553,0.5919682434617561,0.5302590507990674,0.42773215662577985,0.4801477017773115,0.9273144605967866,0.8749891863989789,0.400990099009901,0.9274193548387096,0.8065211299150552,0.45869565217391306,0.9256047466910087,0.8074118325849408,0.45857988165680474,0.9388429752066115,0.9946894854194418,0.6144366197183099,0.9424390243902439,0.9914863886929304,0.5755693581780539,0.9582829504232164,0.8653545990237909,0.3977917981072555,0.9415861176822267,0.9202927973589553,0.9957254448141183,0.9410313901345292,1.0,1.0
c06_d8_s0,c06,8,0,65000,45750,1403.5304396152496,0.00037645126576535404,0.00010215677510851301,0.0,0.0,0.0,0.0,0.0,0.0,0.5044334975369458,0.8258553307950155,0.0,0.0,0.5521840613537846,0.6636936528947768,0.26415438972268257,0.3723872459224481,0.0,0.0,0.0,0.0,0.0,0.0,0.5186721991701245,0.8557447345506627,0.0,0.0,0.43373493975903615,0.7703750731800226,0.23810178473229016,0.40652995193267133,0.0,0.0,0.0,0.0,0.0,0.0,0.5153508771929824,0.8639066320814139,0.38397965670692946,0.04306286530724707,0.5971383147853736,0.7684375654937957,0.3741172121713214,0.41885176572061417,0.2196969696969697,0.339044691448271,0.1638163816381638,0.3006337472085175,0.14881439084219134,0.29825086507264725,0.5765957446808511,0.8547537892930088,0.3780248528449967,0.04874805117059595,0.6617375231053605,0.8205622151429279,0.4484501753392458,0.5091767892124195,0.3652762119503946,0.06575957581013368,0.3715766099185788,0.4768161120038237,0.47398190045248867,0.7428077860752678,0.6078028747433265,0.9077401634596306,0.3820375335120643,0.053362938219177335,0.6473906911142454,0.6674304679039273,0.5102106683691976,0.5142486818864526,0.35083532219570407,0.22365460348103436,0.46017699115044247,0.6762940657999077,0.465528146742568,0.6805443256254182,0.647834274952919,0.5823780143608022,0.5708084644601193,0.6967153115826805,0.6938507070042749,0.3727914760370703,0.5845017332783878,0.5446789500706684,0.3869346733668342,0.05776213447126366,0.5251322751322751,0.6809217206895448,0.5672169811320755,0.7478890045950434,0.6506024096385542,0.576502752619882,0.5846895720313442,0.3797354610885186,0.7431390687634906,0.8081125521259777,0.617881423410946,0.5649687631049156,0.43391676957486736,0.4758345925500271,0.9295558958652373,0.8637587540018619,0.42915980230642503,0.9288956127080181,0.8204051319945328,0.4538545059717698,0.927007299270073,0.8212076954346321,0.4566929133858268,0.9414674361088211,0.9973142639824986,0.6208406304728546,0.9427872860635697,0.9932958719135865,0.5845435684647303,0.9585727245237375,0.886671577823579,0.4138801261829653,0.9428284289943094,0.9281013935491682,0.9957760740633589,0.9412556053811659,1.0,1.0
c06_d8_s0,c06,8,0,70000,45750,1764.641880273819,0.0003165719099342823,5.170042305988327e-05,0.0,0.0,0.0,0.0,0.0,0.0,0.5124626121635095,0.8534186426412059,0.0,0.0,0.5467336683417086,0.6645299207382157,0.26479907012630455,0.3794871408448554,0.0,0.0,0.0,0.0,0.0,0.0,0.5198329853862212,0.8642925187826649,0.0,0.0,0.43211920529801323,0.770464438994597,0.23798804767105863,0.40868923944431546,0.0,0.0,0.0,0.0,0.0,0.0,0.5181119648737651,0.8641829959399064,0.381620931716656,0.04258159864469286,0.5949729557747375,0.7684013086728755,0.37367646309128966,0.4187914758143687,0.23232323232323232,0.33904139492175955,0.17461746174617462,0.3023416485772571,0.15862632869991825,0.2999462657891181,0.5771670190274841,0.8483681545570256,0.3641456582633053,0.22249539495676113,0.6634114583333334,0.7645194904486986,0.44831161913680784,0.5372898690979659,0.40175631174533477,0.08569040452529887,0.3024390243902439,0.07470786482722247,0.27719821162444114,0.07403760336505748,0.5420765027322404,0.864891777361088,0.3857442348008386,0.47815439093688933,0.6788990825688074,0.7015465084905883,0.48346275067213995,0.5306844919236063,0.4346895074946467,0.05487001326211431,0.545565749235474,0.7213061321004601,0.5506582713222667,0.725685534553409,0.6020833333333333,0.579451151684095,0.5304839723444374,0.42002386771265193,0.6879891119428377,0.43977367889255636,0.582715231742851,0.48496731456532444,0.46892039258451473,0.0600992331188559,0.561038961038961,0.7029249654493904,0.6037527593818984,0.7581270618048135,0.6283524904214559,0.5769122047074188,0.5641025641025641,0.4572160521636509,0.7358430876304967,0.5410238381672803,0.6182172116224103,0.5205506287906758,0.42988148486612315,0.46863716578301606,0.9281345565749235,0.8637543081244122,0.4316309719934102,0.9283551967709385,0.8203880712325732,0.4489130434782609,0.9248291571753986,0.8211870748679814,0.46108374384236456,0.9400164338537387,0.9939662409734297,0.6223776223776224,0.9427872860635697,0.994273983386653,0.5793568464730291,0.9594676346037507,0.8777533964074675,0.42150063051702397,0.9423444145070365,0.9252758597106348,0.9957543758136843,0.9408071748878923,1.0,1.0
c06_d8_s0,c06,8,0,75000,45750,2123.0400490760803,8.552266808692366e-05,2.053936102937605e-05,0.0,0.0,0.0,0.0,0.0,0.0,0.5108481262327417,0.8288670551763713,0.0,0.0,0.5536309127248501,0.6649376511747233,0.26611975973939794,0.3734511765877736,0.0,0.0,0.0,0.0,0.0,0.0,0.518210197710718,0.8557245901431559,0.0,0.0,0.43017924135056274,0.7703381424034054,0.23709735976532018,0.4065156831366403,0.0,0.0,0.21911037891268534,0.7149393018759023,0.22171945701357465,0.7145874899253218,0.5192519251925193,0.8642163355359099,0.36563307493540054,0.043480801310243955,0.6157697121401752,0.7704152861247039,0.4118994977275454,0.5386553383928164,0.21963824289405684,0.06712932261340444,0.16285452881976212,0.058466429655800845,0.14771784232365145,0.057937041272277064,0.4765258215962441,0.8187639719339483,0.3277310924369748,0.05616400789206541,0.6640675763482781,0.7644894906676171,0.41126534043183005,0.4251487670851979,0.4004424778761062,0.08632736211006223,0.3008994276369583,0.07526464256572227,0.4170731707317073,0.5625555529271128,0.5816649104320337,0.8726889499803394,0.4115015974440895,0.6102634884465824,0.6745751843539596,0.7006710422322664,0.5101366794112516,0.6062514999650385,0.41086186540731995,0.08057051681375685,0.4216778025241277,0.4118911883698905,0.4537275064267352,0.5107885633039009,0.6648648648648648,0.5566855096981806,0.4072727272727273,0.2594451704499634,0.7131449631449631,0.40563142999622637,0.5535095700171541,0.38904471657672157,0.38944723618090454,0.36107517743558937,0.49389416553595655,0.5747160800806486,0.5528169014084507,0.6293044514158198,0.6484375,0.9203201780262176,0.5555555555555556,0.42446044540132283,0.7022071307300509,0.5729033013939226,0.5962299051651776,0.6098456236163705,0.4266083017510967,0.47841611505150844,0.9289533995416348,0.8750242788814474,0.4342105263157895,0.9288956127080181,0.8203894468703457,0.4598262757871878,0.9257403189066059,0.8211887513311923,0.46062992125984253,0.9400164338537387,0.7538436150551054,0.6171328671328671,0.9437102300538424,0.9932750783144246,0.591804979253112,0.9597579425113465,0.866953157297596,0.42055485498108447,0.9428369292010867,0.8632348357570303,0.9957760740633589,0.9414798206278027,1.0,1.0
c06_d8_s0,c06,8,0,80000,45750,2484.738414287567,1.3538263374357484e-05,1.0000000422909809e-05,0.0,0.0,0.0,0.0,0.0,0.0,0.5074626865671642,0.8260150605923738,0.0,0.0,0.5550016616816218,0.6636982439145706,0.2656160870621965,0.3724283261267361,0.0,0.0,0.0,0.0,0.0,0.0,0.5156576200417536,0.8563586748425605,0.0,0.0,0.43088418430884184,0.770899829216024,0.23663545108764888,0.40681462601464613,0.0,0.0,0.20546810273405136,0.5563967956242851,0.21076573161485973,0.5531534182850996,0.5203073545554336,0.8618209346370013,0.38892466194462333,0.04386355126302784,0.6393643031784841,0.7649931156316933,0.4218352327820446,0.5101319182087126,0.21227621483375958,0.33547973288699556,0.15803814713896458,0.2973784121137823,0.1434460016488046,0.295015518606066,0.48711943793911006,0.8786118151455735,0.44569288389513106,0.5537583662499647,0.6657937806873977,0.7535894888939209,0.44246488926553706,0.6238127228729351,0.3888888888888889,0.07761427620187454,0.29204265791632483,0.06762961374437455,0.35900870730073675,0.4324739787927501,0.5915201654601862,0.9135676127042948,0.39215686274509803,0.6119944042249703,0.6772591857000994,0.7371096315132336,0.5018957413185084,0.6138110678388746,0.3804878048780488,0.02462202295295774,0.43037974683544306,0.4980626245747677,0.5106888361045131,0.7816536880647865,0.6506256015399422,0.5541516282368605,0.4975186104218362,0.24382090184277158,0.709160794362588,0.6616133930190087,0.5744559505659254,0.4735913420740362,0.463302752293578,0.0882353529239047,0.5919811320754716,0.859239558792265,0.5962389380530974,0.8585794298356512,0.6648250460405156,0.5845509373150525,0.6147945205479453,0.6483735649459987,0.7293447293447294,0.8701867434353149,0.6398679758518098,0.6762823398867432,0.44039590399052436,0.5252674775746692,0.9281345565749235,0.8750389567968472,0.43492586490939045,0.9283551967709385,0.8203954257963524,0.4597826086956522,0.925672594619243,0.8212056242813409,0.46108374384236456,0.9425287356321839,0.753907920336185,0.6219512195121951,0.9428989751098097,0.9926191036790906,0.5957556935817805,0.9582829504232164,0.8669482392904592,0.42397476340694007,0.9427745276217279,0.863088816399312,0.9957254448141183,0.9405829596412556,1.0,1.0
c07_d8_s0,c07,8,0,5000,0,173.87951397895813,0.7181432247161865,0.000999577995557936,0.0,0.0,0.0,0.0,0.0,0.0,0.0,0.0,0.0,0.0,0.39965019676432006,0.1970144183630949,0.09991254919108002,0.04925360459077373,0.0,0.0,0.0,0.0,0.30434782608695654,0.6237336379529815,0.5604060913705584,0.6195007005205088,0.0,0.0,0.5614915740408749,0.6754442418915736,0.305836735193438,0.37571403876576903,0.0,0.0,0.3213166144200627,0.7565675955290173,0.3400576368876081,0.7608672568333712,0.537117903930131,0.7272458575936624,0.0,0.0,0.6096579476861167,0.685934059489578,0.34180848384636786,0.47974788363434245,0.0,0.0,0.35688793718772305,0.6585663361831274,0.3701255783212161,0.6634295908411847,0.4138785625774473,0.7781381997004058,0.23510466988727857,0.2322509193337002,0.6015812994156068,0.7834069939904391,0.3732255925958281,0.5586153555081623,0.0,0.0,0.43384223918575066,0.6228811537644519,0.44655581947743467,0.6269931119687268,0.4665936473165389,0.3961227809869876,0.3597122302158273,0.46586521246791346,0.6059322033898306,0.7805615130363983,0.43142602511914796,0.5147935654339231,0.47843137254901963,0.21987731913839206,0.5440194292653309,0.7312298669681077,0.5537237066515065,0.7347641210681652,0.5147679324894515,0.5773830700779609,0.5141065830721003,0.5473689161486999,0.70973841790104,0.7352491010932701,0.5660011090711361,0.6054895474278715,0.4045881126173097,0.3687104187840023,0.5364360073484384,0.8875060122298732,0.5421203438395416,0.8907006612955309,0.6215686274509804,0.4318553302919245,0.5129604365620737,0.43878206426937916,0.7143879742304939,0.8086704008302739,0.5858246315446611,0.5987367065403449,0.3862907323659513,0.45462152884302676,0.93125,0.9641271187403199,0.7231543624161074,0.9519832985386222,0.95761948876051,0.7675438596491229,0.9507735583684951,0.957171807050781,0.7633136094674556,0.9514563106796117,0.9986859285378631,0.8741496598639455,0.9486166007905138,0.9550349794617478,0.9526041666666667,0.968720966243419,0.9996487561085351,0.7404092071611253,0.9533657075039792,0.9782522839063373,0.8343193982352091,0.02623318385650224,0.8347730326269555,0.03458714053478334
c07_d8_s0,c07,8,0,10000,0,332.8022348880768,0.03682660683989525,0.0009848581542776886,0.0,0.0,0.0,0.0,0.0,0.0,0.0,0.0,0.0,0.0,0.5295169946332737,0.5832345908845016,0.13237924865831843,0.1458086477211254,0.0,0.0,0.0,0.0,0.0,0.0,0.4232209737827715,0.3547033179091411,0.0,0.0,0.5920602327173169,0.7458022832100362,0.2538203016250221,0.2751264002797943,0.0,0.0,0.2942528735632184,0.6659862897221066,0.3119266055045872,0.671060199626363,0.4994523548740416,0.8758158016963582,0.0,0.0,0.6507024265644955,0.7476408697213301,0.3380536519486181,0.5172847086334612,0.0,0.0,0.36312849162011174,0.7578108617596573,0.37305699481865284,0.7618407579743097,0.5384615384615384,0.7842457410356841,0.0,0.0,0.6550301491589972,0.7809632422770774,0.3597217124416976,0.5179398808060209,0.18974358974358974,0.004217132115573489,0.5242937853107345,0.6400570467587159,0.538788522848034,0.6440621397580841,0.6088709677419355,0.8696289367433239,0.3012677106636838,0.03917557626630465,0.6635325721961047,0.7725760280313927,0.4978199708089609,0.5277064951462864,0.38671875,0.638726167163692,0.5358361774744027,0.6539164526786142,0.5422459893048128,0.6543454450911503,0.6552763819095477,0.8946890422737195,0.382573179033356,0.05222938236558889,0.7084538733526198,0.9302277717485328,0.5586426016388155,0.6315355545080816,0.3378684807256236,0.4483732753244951,0.515426497277677,0.7495297520507277,0.5510869565217391,0.780228780131469,0.6339113680154143,0.7795763894401784,0.421259842519685,0.05260692851584657,0.7531806615776081,0.801122015648887,0.5691197959052634,0.5731706506934523,0.3870796118609565,0.455510333969746,0.9448818897637795,0.998012685789032,0.82,0.9571577847439916,0.9996197774608563,0.790938864628821,0.9563994374120957,0.9996141034509753,0.7872549019607843,0.9553429027113237,0.9983036301003348,0.8823038397328882,0.944142362827484,0.9297212051918504,0.8549738219895288,0.970181371042115,0.997700552562801,0.6489226869455006,0.9556199184718862,0.9812018941888185,0.8717705771734413,0.05,0.8716114927605156,0.05544032737261057
c07_d8_s0,c07,8,0,15000,0,501.26506519317627,0.025560762733221054,0.0009497125223605969,0.0,0.0,0.0,0.0,0.0,0.0,0.0,0.0,0.0,0.0,0.5423492506099686,0.46630723650759065,0.13558731265249216,0.11657680912689766,0.0,0.0,0.0,0.0,0.30539311241065625,0.7133469429805578,0.45184518451845185,0.17261233200219778,0.0,0.0,0.666060606060606,0.8099045315773955,0.3049258736789858,0.30507479447661145,0.0,0.0,0.0,0.0,0.2585604472396925,0.6240229187004392,0.4187437686939183,0.20887505851938254,0.0,0.0,0.6467226890756302,0.7853481056638238,0.28791331837902817,0.3005577009375049,0.0,0.0,0.3211314475873544,0.49838082786153676,0.39807162534435264,0.4970798411423761,0.33134684147794996,0.22366349228854862,0.0,0.0,0.6541806020066889,0.758570307047035,0.3063154502821353,0.32851350558422193,0.3978494623655914,0.628369974715218,0.37469975980784626,0.5764952203500221,0.41589403973509936,0.6021128632099052,0.4514811031664964,0.2355920445729654,0.14728033472803348,0.014334696788088044,0.6345070422535212,0.7650779698734602,0.4073540585293909,0.40433268266489053,0.5138121546961326,0.4892725640030033,0.5322055953155498,0.6978971297375068,0.5619546247818499,0.6956513091033347,0.45750262329485836,0.7441193680217002,0.44081632653061226,0.5913409469803916,0.6673414304993253,0.8259574927854948,0.52541279298066,0.6972562021838837,0.4,0.6302937491014514,0.5288343558282208,0.6007839816564349,0.574331550802139,0.8423034030911641,0.5945945945945946,0.39241888573621814,0.4921259842519685,0.6238885049054188,0.7422181928074947,0.828331521202883,0.5824985184660445,0.6339414891152175,0.3642867607098195,0.39803616915560397,0.9458823529411765,0.887545434377634,0.7338308457711443,0.9572471324296142,0.905958205310568,0.6813725490196079,0.9546092653252223,0.9067568347950546,0.6720588235294118,0.9466984884645983,0.9893071939039118,0.9168067226890756,0.9571639586410635,0.9563361106806652,0.9130658436213992,0.9688943640283338,0.9972488679919208,0.5667514303877941,0.9563340986748333,0.9607447493510625,0.8676406769853898,0.04865470852017937,0.8677146303224722,0.06166264925163967
c07_d8_s0,c07,8,0,20000,0,663.3702759742737,0.02029823325574398,0.000895637119646979,0.0,0.0,0.0,0.0,0.0,0.0,0.5652522017614091,0.23171125355187513,0.0,0.0,0.611530335043767,0.6342237072398805,0.294195634201294,0.21648374019793892,0.0,0.0,0.0,0.0,0.0,0.0,0.4817391304347826,0.24605718026337092,0.0,0.0,0.6629491945477075,0.7409683698625253,0.28617208124562254,0.24675638753147405,0.0,0.0,0.0,0.0,0.0,0.0,0.47173489278752434,0.2105906216206675,0.0,0.0,0.613998613998614,0.6882214744813324,0.27143337669653456,0.22470302402549996,0.25567502986857826,0.5413294305255272,0.29411764705882354,0.4941681598788443,0.28391167192429023,0.4911014387062371,0.6877022653721683,0.3020240940212004,0.0,0.0,0.6573426573426573,0.7005443641818965,0.4057365930830141,0.3778587003099916,0.416582406471183,0.4150138515405828,0.5270440251572327,0.6941550140172155,0.5311398354876615,0.6916034797604736,0.7216294859359845,0.863965375622732,0.21762452107279692,0.5482635174377753,0.6487822096717261,0.6975121664811605,0.5199062430964666,0.677499626995273,0.36492890995260663,0.02032584651970606,0.5424588086185045,0.4443690419712177,0.5550295857988166,0.4477834124605042,0.7098703888334995,0.9083585099991951,0.3236111111111111,0.6848415861403402,0.6769436997319035,0.715600187740317,0.5494744086166226,0.653239929382582,0.5501489572989077,0.02215292074545633,0.5962807438512298,0.398540611892265,0.6288117770767613,0.6396503519589101,0.7664233576642335,0.766670537966799,0.41222459132906897,0.6844908646688342,0.7361729179910999,0.8256043205786335,0.6266420065983421,0.6575534211866193,0.42193719193398527,0.4362992613756256,0.9493374902572097,0.8487238359393574,0.784072249589491,0.9574247144340602,0.8691614960655913,0.7207158351409978,0.951981351981352,0.8696233805888613,0.7061704211557297,0.9536,0.991343697497375,0.8305369127516778,0.9445806768023541,0.8849658598319008,0.9080996884735203,0.9673846153846154,0.9992054797834441,0.5642493638676844,0.9546199527694608,0.9345044853276642,0.9095978591060321,0.21973094170403587,0.9090286053210708,0.22518078367621502
c07_d8_s0,c07,8,0,25000,0,826.2459120750427,0.016122279688715935,0.0008249337364567146,0.0,0.0,0.0,0.0,0.0,0.0,0.0,0.0,0.0,0.0,0.518491921005386,0.2882057277318968,0.1296229802513465,0.0720514319329742,0.0,0.0,0.0,0.0,0.0,0.0,0.536007292616226,0.2328178246931092,0.0,0.0,0.6173942935716741,0.7918369343934573,0.28835039654697503,0.2561636897716416,0.0,0.0,0.0,0.0,0.2328666175386883,0.6969440389897429,0.4722502522704339,0.26506953491085905,0.0,0.0,0.6590680522963459,0.840021589650928,0.30223512760325233,0.33435145105625863,0.296127562642369,0.016679754851484128,0.3830703012912482,0.0496099753694041,0.45733788395904434,0.71649402481058,0.48444444444444446,0.2182328990213442,0.0,0.0,0.6973205425074429,0.8563490204257188,0.3901525590623603,0.33387745944772146,0.4892367906066536,0.020266621721711505,0.5137491616364855,0.028284386158085307,0.4815970056144729,0.028122160988266018,0.6273684210526316,0.8847196581081839,0.23241106719367588,0.017091976763122647,0.6838453914767096,0.7810818264625058,0.5096214664188886,0.42711279607245833,0.4777251184834123,0.018965259754517117,0.5794701986754967,0.5973353084147144,0.6018711018711018,0.6022703216101472,0.6916742909423604,0.8888855104078565,0.4864864864864865,0.23555024948517603,0.6951058201058201,0.757973774559715,0.6065721843028343,0.5721499577614685,0.46882217090069284,0.025045743961170385,0.5793192035966602,0.5472783842664308,0.6170094496942746,0.810213443936988,0.6942482341069627,0.9342254606725872,0.5626740947075209,0.69687865436977,0.7529714102152265,0.7690578951474502,0.6412360034400633,0.715251966894501,0.40968438823224573,0.38727982184814624,0.9516380655226209,0.92173119448057,0.7868852459016393,0.9589183567342694,0.9328248158330228,0.7494577006507592,0.9540768509840675,0.9327888848639011,0.730844793713163,0.9529130087789306,0.93757322344726,0.8618090452261307,0.9458128078817734,0.8744624048612477,0.9,0.9692496924969249,0.9985843231519995,0.5935913705583756,0.9557133167261537,0.934933729129918,0.8813539707796905,0.10044843049327354,0.882329220681761,0.10645215538987611
c07_d8_s0,c07,8,0,30000,26200,134.36433029174805,0.013316769152879715,0.0007406119548704389,0.0,0.0,0.0,0.0,0.0,0.0,0.0,0.0,0.0,0.0,0.36102088167053364,0.2750161313183425,0.09025522041763341,0.06875403282958563,0.0,0.0,0.0,0.0,0.0,0.0,0.48428835489833644,0.22801060376155213,0.0,0.0,0.5761853058269997,0.7673897952886051,0.26511841518133406,0.2488500997625393,0.0,0.0,0.0,0.0,0.0,0.0,0.4898354307841239,0.2227126583570085,0.0,0.0,0.6151714582611708,0.783598957283408,0.27625172226132366,0.25157790391010415,0.0,0.0,0.0,0.0,0.14646053702196907,0.017397992753732557,0.6449814126394052,0.30136137816968667,0.12717770034843207,0.0036806857267810485,0.6549628629304524,0.8605425680368407,0.36898553873140316,0.2928459907128048,0.29488703923900117,0.0044023730594505706,0.3385579937304075,0.006434630920239817,0.4746335963923337,0.629976640912125,0.6203208556149733,0.8770767715042654,0.3379694019471488,0.033126601068936765,0.6664473684210527,0.8526891915798307,0.4985242922759389,0.4941242781125762,0.36794582392776526,0.041402780136113475,0.5056890012642224,0.06522558236290349,0.58379466532461,0.7261186690090338,0.6764132553606238,0.800096143999556,0.3468038207200588,0.21435656226181074,0.6657468092445671,0.7658849802301045,0.5436934288743622,0.5144800075818721,0.5714285714285714,0.0362903229378252,0.5916561314791403,0.03763349181642162,0.644535240040858,0.37396948864733176,0.6789366053169734,0.8962184252432303,0.5254346426271732,0.6358327009836964,0.7382849856550845,0.8363060729581498,0.636299053645522,0.6294137417464006,0.3827325244839311,0.3571494363794118,0.9484375,0.8502251475367475,0.9390444810543658,0.9557982319292772,0.869134625322375,0.809575625680087,0.9507735583684951,0.8702286569321539,0.7781065088757396,0.9488,0.9796629132523577,0.8743676222596964,0.9467455621301775,0.8742366465729877,0.8791666666666667,0.9668304668304668,0.9985623747520995,0.6032401524777636,0.9535114480983088,0.9289145194603009,0.9196441487053377,0.27152466367713,0.9199036543709054,0.2717641123381355
c07_d8_s0,c07,8,0,35000,26200,308.8414158821106,0.011911113746464252,0.0006462610419276992,0.0,0.0,0.0,0.0,0.0,0.0,0.0,0.0,0.0,0.0,0.48660714285714285,0.3655154272659253,0.12165178571428571,0.09137885681648132,0.0,0.0,0.0,0.0,0.0,0.0,0.4497695852534562,0.10440504787993019,0.0,0.0,0.5471698113207547,0.5402369247280313,0.24923484914355273,0.16116049315199038,0.0,0.0,0.0,0.0,0.2616822429906542,0.7084954338356707,0.5065590312815338,0.2286166868921558,0.18892508143322476,0.03448162097943961,0.6157501697216565,0.8008769777796717,0.34961542419165825,0.32503510756578935,0.0,0.0,0.0,0.0,0.14483319772172498,0.0037430928701035924,0.6635160680529301,0.2841267444241831,0.0,0.0,0.6709760827407886,0.8486804828104839,0.34569247084190674,0.28351373121450874,0.47731755424063116,0.01557778917965942,0.5419664268585132,0.4858835956234524,0.5542916235780765,0.48466697344983845,0.7009009009009008,0.7123202021515265,0.2678018575851393,0.02186371810554245,0.6772315653298836,0.8563334498620937,0.5426148813437494,0.47980670571753653,0.446521287642783,0.007803188971725188,0.5901826484018264,0.5228885160786891,0.5800203873598369,0.5217795892403149,0.6597510373443983,0.928520261260952,0.5886363636363636,0.6082504572338602,0.7029900332225913,0.7984566362458636,0.6225713855012088,0.6715127798760631,0.47717842323651455,0.02134735215125813,0.5816876122082585,0.04607722847305614,0.6161667513980681,0.38136473235464485,0.7119617224880382,0.8592871526247051,0.5764705882352941,0.07025924353121635,0.7382333978078659,0.8463944498234652,0.6462524927030363,0.4813843209097599,0.411090469919914,0.3562559993217328,0.9517133956386293,0.8914055489769752,0.9877250409165302,0.9584631360332295,0.9059732444876634,0.852112676056338,0.9550561797752809,0.9061837710078267,0.8186274509803921,0.9478748997594226,0.9356702855683129,0.8307952622673435,0.9517716535433071,0.8493005915625571,0.921923474663909,0.9695290858725761,0.9984314090406812,0.5955555555555555,0.9560633024144214,0.9211474519155933,0.9260234341096485,0.3147982062780269,0.9264171107522663,0.3176187005998094
c07_d8_s0,c07,8,0,40000,26200,481.91959381103516,0.010052468627691269,0.0005458971677758271,0.0,0.0,0.0,0.0,0.0,0.0,0.0,0.0,0.3731629392971246,0.23178113244281537,0.29245719574271173,0.03506165815761373,0.16640503375995908,0.06671069765010727,0.0,0.0,0.0,0.0,0.0,0.0,0.4855390008764242,0.13763339690432677,0.2937062937062937,0.22464469905600862,0.40848117697966246,0.6061440287642555,0.2969316178905951,0.24210553118114772,0.3919491525423729,0.2692311769682393,0.46333949476278496,0.2644888329493174,0.4438040345821326,0.26280620114297026,0.5787847579814624,0.4444426095704811,0.4026682838083687,0.39449150064654065,0.6489088575096277,0.6217696722166497,0.5158481983154724,0.43155312986346184,0.31376975169300225,0.018270366874903948,0.4091243561442237,0.04360974881695359,0.3820530251529572,0.04324560937199642,0.5145413870246085,0.29510829307735437,0.22277227722772278,0.019352164880800375,0.6563324538258575,0.7882118516670957,0.4404904572687291,0.2844285544949671,0.422360248447205,0.06319080265801964,0.4901828029790115,0.05981554250965422,0.4594084329767149,0.05931353366856073,0.6443514644351465,0.9197808367093288,0.25895765472312704,0.019455902975899317,0.6759510869565217,0.7958237303204435,0.5091443418956098,0.4489584407377708,0.5119047619047619,0.0331674804894587,0.564993564993565,0.036025390146606405,0.604308985811876,0.5658912456266085,0.7364485981308411,0.9408295469715459,0.6093845216331505,0.08507329700609977,0.7288082577416328,0.8765420862995756,0.658760953768923,0.5285349089245281,0.5711481844946026,0.12178955964978463,0.6193467336683417,0.11461301010721926,0.65625,0.5990337724332905,0.7790802524797115,0.7633265997620411,0.5746219592373438,0.10945560954981122,0.7070234113712375,0.8042773681663334,0.6690768156189852,0.488884589552071,0.4652367740740391,0.3558822646291505,0.9485981308411215,0.8601396582622302,1.0632183908045978,0.953416149068323,0.8780012705030742,0.9527687296416938,0.9505135387488328,0.8790717320773944,0.9047151277013753,0.9567307692307693,0.9518053592009817,0.7370184254606366,0.9585798816568047,0.928529913032129,0.9917695473251029,0.9685767097966729,0.9959818873131715,0.7185114503816794,0.9586824917259182,0.9371803449567954,0.8757341241139881,0.10112107623318385,0.8760815827590509,0.10880654745221145
c07_d8_s0,c07,8,0,45000,26200,660.9764297008514,0.006834904197603464,0.00044379245212906274,0.0,0.0,0.0,0.0,0.0,0.0,0.0,0.0,0.0,0.0,0.3686131386861314,0.22797203893405507,0.09215328467153285,0.05699300973351377,0.0,0.0,0.0,0.0,0.0,0.0,0.0,0.0,0.0,0.0,0.5225160829163689,0.6436014148423803,0.13062902072909222,0.16090035371059508,0.0,0.0,0.0,0.0,0.0,0.0,0.49744463373083475,0.3149351772898733,0.0,0.0,0.5399921966445571,0.5831273107225814,0.25935920759384795,0.22451562200311367,0.0,0.0,0.16051660516605165,0.003460254896837577,0.1454849498327759,0.003427279171522644,0.37250554323725055,0.31529683694573546,0.0,0.0,0.5742286751361162,0.6926084574722438,0.26218368417657734,0.25255028477685815,0.30424528301886794,0.006963652069457944,0.3874726875455208,0.010113777627482903,0.4762979683972912,0.5231681957040186,0.5689277899343544,0.8771001283119921,0.3586584531143053,0.03455811716082535,0.6376716808371484,0.7902467716780999,0.488649142551592,0.47049672307114265,0.4069175991861648,0.03214190765059105,0.5209244222361025,0.065448780755334,0.4938704028021016,0.06505563206647548,0.5131578947368421,0.6163082426673483,0.49476439790575916,0.04156805099787918,0.6725896676538335,0.855328669450607,0.5386040254261394,0.3918551008183253,0.4607218683651805,0.0618424842671379,0.594960049170252,0.1068265570995313,0.5810431856421762,0.10677074107468988,0.7114474929044465,0.8131058023969813,0.5336689741976086,0.058951242770356245,0.7416541353383459,0.8129259289635308,0.6330864092082342,0.44419905873616367,0.3435235391938595,0.2859300218356732,0.9567949725058916,0.8914237640737575,0.9047619047619048,0.9573361082206036,0.9059814716707073,0.7994565217391304,0.9535864978902954,0.9068076983571898,0.7684365781710915,0.9387096774193548,0.9397589398158032,0.8084192439862543,0.9558823529411765,0.965215960198828,0.9466666666666667,0.9713581767785648,0.9925082828067731,0.5551680405833862,0.9554640166695065,0.9497218735471556,0.9365687834514682,0.3432735426008969,0.937373532799647,0.34553506362464265
c07_d8_s0,c07,8,0,50000,26200,832.8341672420502,0.006366885267198086,0.00034429311589923944,0.0,0.0,0.0,0.0,0.0,0.0,0.0,0.0,0.0,0.0,0.36714089031665903,0.23337593583436708,0.09178522257916476,0.05834398395859177,0.0,0.0,0.0,0.0,0.0,0.0,0.0,0.0,0.0,0.0,0.501005227181343,0.47224208062832007,0.12525130679533575,0.11806052015708002,0.0,0.0,0.0,0.0,0.0,0.0,0.0,0.0,0.16216216216216217,0.028579238475146908,0.46548323471400394,0.6359640078410814,0.15691134921904154,0.16613581157905707,0.425,0.012755505819264046,0.42186495176848876,0.013957085185457591,0.3935212957408518,0.013862474822972972,0.0,0.0,0.29607698001480387,0.0448947717734761,0.6137602179836512,0.6861352335508661,0.33082482012539216,0.18613875681672679,0.23950617283950618,0.014657584222331703,0.3704256908140403,0.019069222172573296,0.34734665747760163,0.018935355938808317,0.3361144219308701,0.2842341414657414,0.31150159744408945,0.04673542638139409,0.6215759215421035,0.6764355266393327,0.3970711953235281,0.25623978714942647,0.49691629955947136,0.0381299047714975,0.5447058823529412,0.03972713259769672,0.5165562913907285,0.039464949723703284,0.5692307692307692,0.8436311000091078,0.4040677966101695,0.05165944832536522,0.6928361138370952,0.79622370441426,0.5463818760281036,0.4326553954449247,0.46221248630887185,0.017124667039414638,0.525065963060686,0.04042567880232058,0.5544554455445545,0.40570708921728876,0.7222222222222222,0.9261377036528134,0.537712895377129,0.1968553388789841,0.7387276096355775,0.764724376049015,0.6281435063849082,0.5105341409001218,0.3251956109222106,0.24687262800084692,0.950510604870385,0.8912312923192095,0.8975206611570248,0.9537181487259491,0.9058151427829932,0.7851690294438386,0.9497888315344909,0.9052538073108922,0.7633399209486166,0.9419354838709677,0.9359464950161874,0.8236301369863014,0.9539666993143977,0.9673126937891033,0.9774127310061602,0.970181371042115,0.9981496777950719,0.5155259822560203,0.9543556873177722,0.9505439035178486,0.943801533342977,0.42892376681614347,0.944910480661255,0.43410505073154326
c07_d8_s0,c07,8,0,55000,26200,1011.3473155498505,0.0039057268295437098,0.00025163447861196694,0.0,0.0,0.0,0.0,0.0,0.0,0.0,0.0,0.0,0.0,0.33888624464540695,0.5185066274906397,0.08472156116135174,0.12962665687265992,0.0,0.0,0.0,0.0,0.0,0.0,0.0,0.0,0.0,0.0,0.6049046321525886,0.7652737871349455,0.15122615803814715,0.19131844678373638,0.0,0.0,0.2103448275862069,0.004912221019260453,0.1918238993710692,0.004865768313289047,0.6463414634146342,0.37217367881741026,0.0,0.0,0.5885200553250346,0.6435209879548069,0.3422294402646902,0.2547384991374334,0.24574209245742093,0.03746674575672198,0.3248,0.0354550022638965,0.29809104258443464,0.03512300811784012,0.4230769230769231,0.47173041771915636,0.3680649526387009,0.07757848596897818,0.6469002695417789,0.7865999425488276,0.43189663090117203,0.3429809412374454,0.5332182916307161,0.052986687795886805,0.5835214446952596,0.053088841265327646,0.5520169851380042,0.05276344067452904,0.5260915867944622,0.4756254462592474,0.45292307692307693,0.08447381023916405,0.6227941176470588,0.6756725915960823,0.5395152554631478,0.3221795428349354,0.35434782608695653,0.007096889653100526,0.5052893590541382,0.03016331991212433,0.5341551104262968,0.2832337660353132,0.7371956339210747,0.8891534713842809,0.42105263157894735,0.03886564187528137,0.7125984251968503,0.8218583970709383,0.5838610306381673,0.46417720888267,0.4498416050686378,0.062227422458286816,0.5730407523510972,0.062050437121497576,0.589540412044374,0.4012114672227344,0.7108655616942909,0.9007690224525512,0.5264499681325685,0.06496376209993891,0.7555689343768814,0.8445154206047467,0.6325896801729443,0.49635282852285245,0.3951485366628029,0.3144820177531047,0.9567949725058916,0.9985640163215461,0.8045977011494253,0.95625,0.9995895864229979,0.7521786492374728,0.9502347417840376,0.9995715000669175,0.7228260869565217,0.9437299035369775,0.9293343768269616,0.8066439522998297,0.9534997552618698,0.989873918484763,0.9779260780287474,0.9729230769230769,0.9979046133755627,0.5910815939278937,0.9561448267879752,0.9790886524061102,0.9084189208737162,0.17331838565022423,0.9088441598599661,0.17904591064521555
c07_d8_s0,c07,8,0,60000,26200,1180.3000695705414,0.002074051881209016,0.00016976067648552838,0.0,0.0,0.0,0.0,0.0,0.0,0.0,0.0,0.0,0.0,0.3903957314361939,0.040894200286065434,0.09759893285904847,0.010223550071516358,0.0,0.0,0.0,0.0,0.0,0.0,0.0,0.0,0.0,0.0,0.44841592201462227,0.053996481721696764,0.11210398050365557,0.013499120430424191,0.0,0.0,0.0,0.0,0.0,0.0,0.0,0.0,0.0,0.0,0.3770197486535009,0.28321368424732085,0.09425493716337523,0.07080342106183021,0.2222222222222222,0.021546219898283436,0.17993079584775087,0.018692746428315043,0.2654494382022472,0.03026767209147797,0.2863636363636364,0.32954431734113654,0.3819628647214854,0.0891306601035585,0.6367119470567747,0.7915421875986685,0.3818931500581591,0.3084298444623472,0.3853211009174312,0.17292176199103731,0.4039829302987198,0.16078496786689966,0.3794466403162055,0.1594312468882717,0.48478015783540024,0.804151637835992,0.405852417302799,0.0824121128164691,0.6366139022711631,0.7630781959934563,0.47920750864670364,0.4535053180569967,0.4742857142857143,0.09464999483464903,0.5406670567583383,0.1308480857578838,0.5118066996155958,0.12989731122626946,0.4935064935064935,0.6986314031012598,0.5173267326732673,0.07238871644885188,0.6711798839458414,0.803194409504147,0.5477332334197046,0.42316991491513156,0.48125,0.029193583426212717,0.5446194225721784,0.07381646171895935,0.5678474114441416,0.07549439678754322,0.6105717367853291,0.8266030036790054,0.48508430609597925,0.07711941045925894,0.7303233679072605,0.873092015620993,0.5893045888651689,0.4590789776008739,0.32887090450225936,0.2483871637998743,0.9561128526645768,0.9427136579120422,0.8483606557377049,0.9543568464730291,0.9521275689223089,0.7375,0.9499298081422555,0.9526155405231246,0.7098522167487685,0.9414595028067362,0.9243375260536556,0.793015332197615,0.951028403525955,0.967259367979912,0.9546858908341915,0.971375807940905,0.9988435302208192,0.4847908745247148,0.9543325541750541,0.959898170010053,0.954166063937509,0.4677130044843049,0.9556607577815189,0.4774931330231515
c07_d8_s0,c07,8,0,65000,26200,1359.3019988536835,0.0016017560847103596,0.00010215677510851301,0.0,0.0,0.0,0.0,0.0,0.0,0.0,0.0,0.0,0.0,0.3565819861431871,0.23323869268078884,0.08914549653579677,0.05830967317019721,0.0,0.0,0.0,0.0,0.0,0.0,0.0,0.0,0.0,0.0,0.521431380259536,0.738572530949094,0.130357845064884,0.1846431327372735,0.0,0.0,0.0,0.0,0.0,0.0,0.0,0.0,0.0,0.0,0.5265571264807031,0.7291380143350028,0.13163928162017577,0.1822845035837507,0.4297224709042077,0.2920835568133193,0.4514066496163683,0.2650489354351968,0.42482100238663484,0.26318891006117734,0.40625,0.40196661441811604,0.30261136712749614,0.07355857799934204,0.6352641629535328,0.6601180523888159,0.44486055942919145,0.35227092806070964,0.34959349593495936,0.18968419740921103,0.4418300653594771,0.178690058009925,0.42021924482338613,0.17721562165902172,0.4369369369369369,0.27041641441115494,0.4096542726679713,0.08110714518442066,0.6504065040650406,0.8057523274145664,0.4752196622606391,0.33478479484238194,0.5143884892086331,0.021215144538654116,0.5310173697270472,0.023522159842917594,0.559330893883952,0.30186916015771975,0.5512953367875648,0.8367238210133895,0.47853535353535354,0.389065710223589,0.6863867684478372,0.7976788168171427,0.5627824274276583,0.5347509590584713,0.45051194539249145,0.011640597502496425,0.5583554376657824,0.04920993040681664,0.5516431924882629,0.09172662648892194,0.674264007597341,0.9386354199091207,0.5080385852090032,0.407251723063365,0.7016309561880396,0.8471752226126886,0.6010259352108074,0.5609803542628131,0.3478616010784504,0.3154320493879425,0.9560439560439561,0.9423671074465964,0.854679802955665,0.9548051948051948,0.9518337199340601,0.7431991294885746,0.950281425891182,0.952330423202418,0.7156959526159921,0.9413654618473896,0.9290627844747745,0.818259385665529,0.9503407984420643,0.9183139309629802,0.9559426229508197,0.9719913819636812,0.9987225672604382,0.47688410386320457,0.9543519586249781,0.9487357582231377,0.9611456675828149,0.5531390134529148,0.9628595556311018,0.565110151914345
c07_d8_s0,c07,8,0,70000,26200,1532.8245060443878,0.0009273726027458906,5.170042305988327e-05,0.0,0.0,0.0,0.0,0.0,0.0,0.0,0.0,0.0,0.0,0.3521256931608133,0.23231278643238895,0.08803142329020333,0.05807819660809724,0.0,0.0,0.0,0.0,0.0,0.0,0.0,0.0,0.0,0.0,0.4335378323108384,0.2529068193095603,0.1083844580777096,0.06322670482739008,0.0,0.0,0.0,0.0,0.0,0.0,0.0,0.0,0.21772151898734177,0.0467973398750097,0.560459275206315,0.7338316196807032,0.19454519854841418,0.19515723988892822,0.29385964912280704,0.3085788437463786,0.4328947368421053,0.28838019677777654,0.40441176470588236,0.2860800624282044,0.2853828306264501,0.2643327577259435,0.29876160990712075,0.07226452836893753,0.5939036381514258,0.5057535255763808,0.38877586556048205,0.2841742948305121,0.4618055555555556,0.3219810244120037,0.500875656742557,0.27290094941667026,0.4810958904109589,0.270909247946332,0.454337899543379,0.7188702984274826,0.3945945945945946,0.06253813981811358,0.6391752577319587,0.6741604709879141,0.49234169652657234,0.43604149578962803,0.4050632911392405,0.0516041110151355,0.5190930787589498,0.1653919549853033,0.49217002237136465,0.16408227473325804,0.5642151481888035,0.8330464096346563,0.5037037037037037,0.07437049212930204,0.698371335504886,0.800160259784474,0.5595997462051445,0.45865081878158287,0.46,0.06122810596060488,0.5392574558734023,0.10650176409674338,0.505982905982906,0.10556527001626329,0.6564593301435406,0.8630431272933183,0.4825700615174299,0.6062124762464653,0.7242772769661175,0.8103472107518339,0.5912633639781311,0.5926752985790387,0.34613453602666533,0.2982862927578825,0.9569303054032889,0.9371889070100046,0.8625204582651391,0.9544513457556936,0.9471171831515951,0.7543383947939263,0.9471715755025713,0.9469680705867208,0.7235932872655478,0.9453376205787781,0.9294249542182796,0.8061224489795918,0.9469069654164637,0.8444323786315401,0.9531893004115226,0.9729230769230769,0.9652930432308651,0.4683744465528147,0.9545046846180425,0.9207271074158645,0.965651670765225,0.5970852017937219,0.9673549616733181,0.6082179494366277
c07_d8_s0,c07,8,0,75000,26200,1703.0079629421234,0.0006391680799424648,2.053936102937605e-05,0.0,0.0,0.0,0.0,0.0,0.0,0.0,0.0,0.0,0.0,0.3490740740740741,0.2337308357734024,0.08726851851851852,0.0584327089433506,0.0,0.0,0.0,0.0,0.0,0.0,0.0,0.0,0.0,0.0,0.5548253199584918,0.7529177151874178,0.13870632998962296,0.18822942879685445,0.0,0.0,0.0,0.0,0.0,0.0,0.33793103448275863,0.3153090456060905,0.0,0.0,0.5177895533686601,0.7046923578843576,0.21393014696285467,0.255000350872612,0.39881539980256664,0.1943950346790762,0.43843031123139375,0.16907354763865648,0.4125786163522013,0.16771032472298078,0.44729064039408867,0.4310893762898207,0.32697547683923706,0.3661968951833038,0.6071072733311192,0.6061387222784937,0.4494953749232914,0.39512115735796405,0.3622881355932203,0.05034908868974842,0.3817012151536812,0.04243424520573425,0.37193911317008604,0.042177098011563365,0.460984393757503,0.8052464486433486,0.34585400425230334,0.07541254650053307,0.6807909604519774,0.8260242648655305,0.46490137827519484,0.4379175176612735,0.45789473684210524,0.26403254590526526,0.5111111111111111,0.27058050265839734,0.4950603732162459,0.26849476195498195,0.5849639546858908,0.8423752219331934,0.46476190476190476,0.07398430552488522,0.6765060240963855,0.7998523127147243,0.5535634893168337,0.4959786109197545,0.4073226544622426,0.021652003335172976,0.4792375765827093,0.10412176753162034,0.46740467404674046,0.10685293828445372,0.6809338521400778,0.6043820283686798,0.49896623018607855,0.27765369764491576,0.7369065849923431,0.8012831223739438,0.5920320755872659,0.4402152711928221,0.35712818765336884,0.3244135779635187,0.9523064894448788,0.936962851527668,0.8604269293924466,0.9535123966942148,0.9469328677721429,0.747020585048754,0.9473193473193473,0.9474691375046819,0.71751968503937,0.9523809523809523,0.9300341582696974,0.7822033898305085,0.9463937621832359,0.8926394618425594,0.9634397528321318,0.9717618170656844,0.9647821627595552,0.4756790903348073,0.9553956523623381,0.9328110171183274,0.9695428902068567,0.6307174887892377,0.9709932388080483,0.6397780144626941
c07_d8_s0,c07,8,0,80000,26200,1878.0704762935638,0.0005397121421992779,1.0000000422909809e-05,0.0,0.0,0.0,0.0,0.0,0.0,0.0,0.0,0.0,0.0,0.35424354243542433,0.23411053145725425,0.08856088560885608,0.05852763286431356,0.0,0.0,0.0,0.0,0.0,0.0,0.0,0.0,0.0,0.0,0.5213089802130898,0.5972149827126283,0.13032724505327245,0.14930374567815707,0.0,0.0,0.0,0.0,0.0,0.0,0.0,0.0,0.0,0.0,0.528980190755686,0.7250058251021994,0.1322450476889215,0.18125145627554984,0.24910179640718563,0.16479987876968547,0.19064124783362218,0.14408159744169594,0.29707112970711297,0.14576956308926928,0.4582893347412883,0.7777861363916632,0.1909722222222222,0.045986793223266154,0.6324945635290463,0.7356961880891808,0.38184021128546597,0.4277548660344151,0.27175208581644816,0.04577175986024245,0.2915042868277475,0.0421579255096709,0.27813620071684586,0.04180684949905963,0.47191011235955055,0.747450543272356,0.3955321944809461,0.08698230316456289,0.6852383687535899,0.8205874965489979,0.45828621667860847,0.42456646365222694,0.33601841196777904,0.05155503378410315,0.48020434227330777,0.5576492353118484,0.4818181818181818,0.5307143087663626,0.6044703595724004,0.8815673176697524,0.4252577319587629,0.3740641146766735,0.6951803383338653,0.8230779804927345,0.5393971854711962,0.6146705680316495,0.4612159329140461,0.02426860097479012,0.5261797026502909,0.0740275061459863,0.5233644859813084,0.07656957103927546,0.6531440162271805,0.9293463947920039,0.4115107913669065,0.2915277121291668,0.7372013651877133,0.8200730788355053,0.5763607199909205,0.52480893628584,0.3295739302538916,0.3401262384031646,0.946219797349961,0.934587704850888,0.8789126853377265,0.9520371325425477,0.9469262953501264,0.7524377031419285,0.9473684210526315,0.9474639973441865,0.724188790560472,0.9572235673930589,0.9525809819366868,0.7740303541315345,0.9459327812956648,0.8936168142784064,0.9603501544799176,0.9711656441717792,0.9628933101408356,0.48073278584965257,0.9557159441272207,0.9380209430510823,0.9713510776797338,0.6437219730941705,0.9730655378122237,0.6577162396995347
c08_d8_s0,c08,8,0,5000,0,452.36546063423157,0.24952194094657898,0.0029987339866738077,0.0,0.0,0.0,0.0,0.0,0.0,0.0,0.0,0.0,0.0,0.41699176419592543,0.21970760383981064,0.10424794104898136,0.05492690095995266,0.0,0.0,0.0,0.0,0.22288706058339566,0.48671228272511774,0.4631336405529954,0.8274942358934997,0.0,0.0,0.5212765957446809,0.5726997826524923,0.264676480789702,0.39060786153025784,0.0,0.0,0.2549019607843137,0.47887212870811424,0.2634730538922156,0.48522462176841286,0.43329253365973075,0.8282973515646241,0.22948328267477203,0.2051365567920282,0.6119554204660588,0.629576950654723,0.3618807270898512,0.4960941106258877,0.37770897832817335,0.44375196189379196,0.3416149068322981,0.41405917036627404,0.42722117202268434,0.6637039126847007,0.36153846153846153,0.6905296652285917,0.37959974176888317,0.4705197737211956,0.6038886770873046,0.6307316295581461,0.43180214153059204,0.5747381875390472,0.40764331210191085,0.4479499201149991,0.45936870382807254,0.655791989036695,0.45971267957526546,0.6560916109243966,0.48717948717948717,0.5320341703322619,0.3712905452035887,0.33381920368715967,0.6359479423144565,0.6696056608747973,0.4841648849664872,0.5305175520632289,0.5181550539744848,0.20445514097743434,0.5208333333333334,0.6721507899622554,0.5428571428571428,0.8242706675331977,0.5257032007759457,0.7280500202208439,0.428380187416332,0.5916990445312408,0.6702241195304163,0.7332054929106485,0.5378973377777536,0.6549783559550906,0.5371900826446281,0.21443715832573607,0.5885922330097088,0.8440811907553657,0.5863636363636363,0.8474336944681866,0.5592705167173252,0.8539887370357818,0.491566265060241,0.5802109009972357,0.6863945578231293,0.7578427689013313,0.576986664235005,0.7068399386960279,0.39452231106262464,0.48695755819564185,0.942367601246106,0.7876222248717957,0.5586776859504132,0.945792462570986,0.7771525393482039,0.574235807860262,0.9422718808193669,0.7782009758301305,0.5948616600790514,0.9306122448979591,0.41796391380702697,0.6657894736842105,0.9515331355093967,0.9934830872070698,0.5509355509355509,0.9523809523809523,0.8785051414830842,0.3841772151898734,0.9445009119167819,0.7677360139618061,0.9892159699117604,0.7820627802690583,0.9933454970895591,0.8316049105891585
c08_d8_s0,c08,8,0,10000,0,914.7562410831451,0.010008753277361393,0.002954574462833066,0.0,0.0,0.0,0.0,0.0,0.0,0.0,0.0,0.0,0.0,0.46573009791400594,0.43416955030129034,0.11643252447850148,0.10854238757532259,0.0,0.0,0.0,0.0,0.23348017621145375,0.4875810479136727,0.47046632124352333,0.7762242957423536,0.0,0.0,0.4702526487367563,0.553532062711474,0.2546364238460244,0.37307084360626297,0.27413587604290823,0.01594224829086377,0.3824537354352296,0.2991612948933663,0.3679185232336092,0.3007689799783393,0.4394829612220917,0.8259442352175231,0.0,0.0,0.4741414977244518,0.7509635828355692,0.31378179262928146,0.44554966477682056,0.4569055036344756,0.28035729585375324,0.3619344773790952,0.25485499550237617,0.4490566037735849,0.559949188539142,0.3652618135376756,0.7518775748330206,0.3069908814589666,0.31139234614792877,0.5960723912206392,0.686719917500286,0.42273932028658334,0.5287609162782482,0.48296593186372744,0.2810679743729999,0.37965072133637057,0.2553542717358017,0.44065656565656564,0.5499365327616863,0.48577680525164113,0.49475495200495107,0.29362029208301305,0.46936956155060555,0.6525805334257014,0.6132556028501172,0.46660050926147756,0.4848749273406257,0.49073064340239914,0.06326124605477178,0.49410131852879946,0.8396103905175826,0.4867997424339987,0.8431988257143396,0.5534079348931842,0.5970091305796699,0.46517262265293763,0.6865615193358594,0.6194285714285714,0.7117498949749236,0.5321382576074397,0.6443360080798377,0.5830258302583026,0.687043775255912,0.5419103313840156,0.6654079038429092,0.5591147350029121,0.8900446284268092,0.5305216426193119,0.8568265050828201,0.4941466420209489,0.5888782983553045,0.6659513590844063,0.684882862405554,0.5629924856516025,0.7195216087547223,0.3813316162515586,0.47209376520169144,0.9426551453260016,0.8359994966183023,0.5808333333333333,0.9410548086866598,0.7783603313947113,0.6131868131868132,0.9388707419505367,0.7794074072932254,0.6307157057654076,0.9345335515548282,0.39331238021689024,0.5674255691768827,0.9541193882585101,0.8833497989678085,0.5491209927611168,0.9516080553050796,0.8413615854591764,0.4403032217308907,0.9452803067765376,0.7289865441031553,0.9828945465065818,0.6448430493273543,0.9877795840574023,0.6969561074051236
c08_d8_s0,c08,8,0,15000,0,1383.1430532932281,0.0030790918972343206,0.0028491375670817902,0.0,0.0,0.0,0.0,0.0,0.0,0.0,0.0,0.0,0.0,0.43140714600794,0.35078597987018434,0.107851786501985,0.08769649496754608,0.0,0.0,0.0,0.0,0.0,0.0,0.4652128764278297,0.7733872292966651,0.0,0.0,0.4442602569415665,0.5517999983493936,0.22736828334234904,0.3312968069115147,0.0,0.0,0.21489001692047377,0.0164967064648807,0.19783616692426584,0.016390151949091814,0.43580683156654887,0.8083163091198113,0.0,0.0,0.5260977630488816,0.638655357263928,0.2748699973075859,0.3644834881304325,0.441207075962539,0.044760877258930215,0.42927515833919777,0.39351449477287886,0.41748206131767773,0.399322445328735,0.3359375,0.6892212855651743,0.2883156297420334,0.4694072219555972,0.6207650273224044,0.7392271785990431,0.41858489723439396,0.5442637396433323,0.38020247469066365,0.03610254978792775,0.36971046770601335,0.3889898177720575,0.3591501028101439,0.3948268799854277,0.4280701754385965,0.7473469503657115,0.27202472952086554,0.4682696588807917,0.6339189673718179,0.6582953695329499,0.4259253885167217,0.5368045986569809,0.4346820809248555,0.0751021175579472,0.3785488958990536,0.06603159604811286,0.44571428571428573,0.5105117629163627,0.5096774193548387,0.8179791983511492,0.37104708362614197,0.1354350073825957,0.6579040852575488,0.7263872599055807,0.48956925227114867,0.4742541561200333,0.4952581664910432,0.2878723823977494,0.42255639097744363,0.25487210442259295,0.4426877470355731,0.6433941921301248,0.4955555555555556,0.8582461597000685,0.43378119001919385,0.43668981795922657,0.6906377204884667,0.7950761300870673,0.5183688085578091,0.6213479168491295,0.35179120196171343,0.42287817161128133,0.935126582278481,0.96230517086587,0.4365482233502538,0.9326424870466321,0.8960770250424166,0.4955555555555556,0.9286047596826879,0.8963296392418485,0.5251256281407035,0.9014084507042254,0.5093817268058319,0.5404411764705882,0.9471082550667326,0.9970439235691796,0.5135699373695198,0.9493860437256664,0.9317609303413975,0.3451104100946372,0.9325068397914729,0.8391059647749468,0.9961883408071749,0.9515695067264573,1.0,1.0
c08_d8_s0,c08,8,0,20000,0,1853.4278972148895,4.5288842898116854e-07,0.002686911358940937,0.0,0.0,0.0,0.0,0.0,0.0,0.0,0.0,0.0,0.0,0.437609841827768,0.33705004353610873,0.109402460456942,0.08426251088402718,0.0,0.0,0.0,0.0,0.0,0.0,0.46361746361746364,0.7733689299290105,0.0,0.0,0.44407622203811103,0.5517990654214774,0.22692342141389366,0.33129199883762195,0.0,0.0,0.21034775233248515,0.016479309943216766,0.3329015544041451,0.3859096003057679,0.4486873508353222,0.8097369450586812,0.0,0.0,0.5230769230769231,0.6388825601387682,0.28821184403944716,0.3956872854867778,0.2616580310880829,0.035496726519039026,0.2016498625114574,0.030763947194173386,0.31313131313131315,0.49966942981050944,0.344559585492228,0.6893321352887822,0.2898330804248862,0.3100229017293878,0.6424368293527172,0.7475805481841485,0.3839106410450289,0.4838947382608898,0.4149286498353458,0.04378500576261862,0.40029218407596784,0.39800067783983156,0.3889264010803511,0.4034460589946302,0.4685714285714286,0.8152174251790306,0.27935533384497313,0.4682641467598763,0.5890516576715498,0.7494167131871187,0.43459020793795994,0.5786605498312631,0.41685144124168516,0.5601307524622589,0.4512455516014235,0.7066438749363206,0.4919653893695921,0.7724879616773719,0.42054958183990443,0.7980707823930814,0.43647798742138366,0.522003224632008,0.667815299793246,0.6717920463868321,0.4945492491146919,0.667905062442643,0.5386138613861386,0.571581272456851,0.46461758398856323,0.5144962904607175,0.49171974522292994,0.8052327402372738,0.4850498338870432,0.8739115196805739,0.3986842105263158,0.41129060090216635,0.6904353788138499,0.7699322751208081,0.5181216216899381,0.6713927908554572,0.35081563509970026,0.45901356237123997,0.935126582278481,0.962306636890416,0.45685279187817257,0.9342309684101502,0.8960833125642917,0.5133037694013304,0.9291044776119403,0.896333858120608,0.5411646586345381,0.9006622516556292,0.5147254140818395,0.5349264705882353,0.9464816650148662,0.9970234130313061,0.5151832460732985,0.948502994011976,0.9313513804187846,0.3494318181818182,0.9321168966956654,0.8403353691809254,0.996318530305222,0.952914798206278,1.0,1.0
c08_d8_s0,c08,8,0,25000,0,2306.5451266765594,2.6957323484566587e-08,0.002474801209370144,0.0,0.0,0.0,0.0,0.0,0.0,0.0,0.0,0.0,0.0,0.42515500442869797,0.3507427084668839,0.10628875110717449,0.08768567711672097,0.0,0.0,0.0,0.0,0.0,0.0,0.46589716684155297,0.7752193314289939,0.0,0.0,0.4504950495049505,0.5530422124043788,0.22909805408662587,0.3320653859583432,0.0,0.0,0.0,0.0,0.0,0.0,0.42080378250591016,0.8079616539430355,0.0,0.0,0.5790055248618785,0.7670338784320727,0.24995232684194718,0.3937488830937771,0.4314558979808714,0.043988997889085404,0.4190340909090909,0.4148009555045547,0.40921052631578947,0.4204781869579563,0.3359375,0.6892564896565163,0.2824601366742597,0.30981956619063933,0.6152716593245228,0.7392123501934071,0.4133923669335082,0.5078444465394404,0.3825503355704698,0.03762329921993766,0.3757396449704142,0.4118936717186564,0.366120218579235,0.41753890482100875,0.4205714285714286,0.7327222866540796,0.2894736842105263,0.46826477773019026,0.6462081128747795,0.6113788899883444,0.43276415634086024,0.5253461449064538,0.4476987447698745,0.8537636454670605,0.46366782006920415,0.7587769492710643,0.4902439024390244,0.8172844314802767,0.5112781954887218,0.8098290951501647,0.40264900662251657,0.5714190899626022,0.6598084427101809,0.7505129061595234,0.5102347834785301,0.735425691669606,0.5475956820412169,0.39697686474665994,0.5249841872232764,0.37331208281441774,0.5275724843661171,0.6949250392866017,0.45808736717827625,0.8493608699221414,0.4752475247524752,0.4640125844704901,0.6753872633390706,0.697947906041078,0.5355265682866731,0.6249315056790673,0.353893858153617,0.45814967642334414,0.9359683794466404,0.9623071290154469,0.4831081081081081,0.9352667011910927,0.8960843901154989,0.5310077519379846,0.9309701492537313,0.8963382943243466,0.5571142284569138,0.9014084507042254,0.5177697955359227,0.5358455882352942,0.9459593455627169,0.9970137174756485,0.4858490566037736,0.947935368043088,0.9313503486234351,0.3402777777777778,0.9323428935684629,0.8410942831966927,0.996289599305656,0.9535874439461883,1.0,1.0
c08_d8_s0,c08,8,0,30000,0,2763.4340369701385,2.406499888252256e-09,0.0022218358646113167,0.0,0.0,0.0,0.0,0.0,0.0,0.0,0.0,0.0,0.0,0.43317159241288045,0.3529145403436235,0.10829289810322011,0.08822863508590588,0.0,0.0,0.0,0.0,0.0,0.0,0.46105919003115264,0.7731467218491807,0.0,0.0,0.44306418219461696,0.5516086343634462,0.2260308430564424,0.3311888390531567,0.0,0.0,0.0,0.0,0.25177809388335703,0.015514970531517411,0.40373395565927656,0.7625889465640135,0.0,0.0,0.5001966181675187,0.5548264049997347,0.2469641512803119,0.33064675210189687,0.4375667022411953,0.048940034421405064,0.34235668789808915,0.04338821892624956,0.4154838709677419,0.45665468541614257,0.34025974025974026,0.6892887244909385,0.2887537993920973,0.30970090989265353,0.6297211436639605,0.6654382476837445,0.41430094258786837,0.46185554874715057,0.42725173210161665,0.07341623809464186,0.39939485627836613,0.48820443067310176,0.3877266387726639,0.494622650129322,0.4459770114942529,0.735809467004653,0.32503660322108346,0.4689718410167625,0.6204081632653061,0.690936148615983,0.44905321342454785,0.561949640734105,0.4329896907216495,0.20572741836335195,0.37715179968701096,0.18108625883302196,0.44642857142857145,0.8550052344095878,0.5320910973084886,0.796741555920081,0.28459119496855345,0.21026871954005255,0.6384976525821596,0.7526107675304791,0.4685091580345697,0.5433901700481499,0.5738636363636364,0.693550408116699,0.5419987737584304,0.6275182678693181,0.5556170448256779,0.8632693574868003,0.49032258064516127,0.8244098517147198,0.4647802528597231,0.7199769466449064,0.6801369863013699,0.6853641332506836,0.5480999095305422,0.7394659023586456,0.35160730228821463,0.4366750697327158,0.9352290679304898,0.9623051581078604,0.47888513513513514,0.934299017071909,0.896080750393718,0.526578073089701,0.9301025163094129,0.8963346827243003,0.5531062124248497,0.900497512437811,0.5177619309336766,0.5239410681399632,0.9444995044598612,0.9970096185975809,0.4826862539349423,0.9467703349282297,0.931339825806063,0.33986102337334173,0.931244388065793,0.8410878931031534,0.9963257630551136,0.9547085201793722,1.0,1.0
c08_d8_s0,c08,8,0,35000,0,3222.2848365306854,4.833327627018491e-10,0.0019387831257830976,0.0,0.0,0.0,0.0,0.0,0.0,0.0,0.0,0.0,0.0,0.4369230769230769,0.3508862218428315,0.10923076923076923,0.08772155546070788,0.0,0.0,0.0,0.0,0.0,0.0,0.4620187304890739,0.7733141454891553,0.0,0.0,0.44306418219461696,0.5516089257795548,0.2262707281709227,0.33123076781717753,0.0,0.0,0.0,0.0,0.0,0.0,0.42417061611374407,0.80804516570402,0.0,0.0,0.5797636632200887,0.7647051808200196,0.25098356983345815,0.3931875866310099,0.41639697950377563,0.04640797071227118,0.31942215088282505,0.0411170853709965,0.3971447112264763,0.45600192808644524,0.34025974025974026,0.6892975983782336,0.19182652210175147,0.025000327474434723,0.6297211436639605,0.6473768327426282,0.3848655049741195,0.3857126049963002,0.3646659116647792,0.03553717901011538,0.35874439461883406,0.38769580453013824,0.3489655172413793,0.3935450638383503,0.4056603773584906,0.731774693746486,0.34965986394557824,0.5823555458572343,0.6284896206156049,0.6560403344771641,0.43531711744033447,0.5606074808017714,0.4726166328600406,0.642698822287139,0.43052555795536357,0.5836904581273992,0.4644430459408433,0.8479855985828463,0.5244267198404786,0.8352666341589297,0.41151255358236377,0.5209121257555143,0.6677653263019117,0.7993074942556366,0.5148915863275425,0.7117361367923022,0.5317460317460317,0.6490044852963441,0.4722617354196302,0.589046146610351,0.5295508274231678,0.8517902626190019,0.4294049008168028,0.7951693517022558,0.4109406270847232,0.4459382282780317,0.6946815495732108,0.7628911972358972,0.5115533189177534,0.6751531021811876,0.34758751355641426,0.449335604954351,0.9352290679304898,0.9623051581078604,0.47719594594594594,0.9347826086956522,0.8961332740422602,0.526578073089701,0.9309701492537313,0.8963398042106093,0.5531062124248497,0.9014084507042254,0.5177658022456116,0.5229779411764706,0.9444995044598612,0.9970096185975809,0.47796432318992654,0.947085201793722,0.9313411394643675,0.338699494949495,0.9316634413961083,0.8410939931069508,0.9962389700564155,0.9542600896860987,1.0,1.0
c08_d8_s0,c08,8,0,40000,0,3682.2712819576263,3.3031544166561844e-10,0.0016376915033274812,0.0,0.0,0.0,0.0,0.0,0.0,0.0,0.0,0.0,0.0,0.4378021978021978,0.3509236274786635,0.10945054945054945,0.08773090686966588,0.0,0.0,0.0,0.0,0.0,0.0,0.46638655462184875,0.7750575651364658,0.0,0.0,0.4503092783505155,0.5496907148752543,0.22917395824309106,0.33118707000293,0.0,0.0,0.0,0.0,0.0,0.0,0.4262295081967213,0.808052096272599,0.0,0.0,0.5609325326739668,0.6953698336336247,0.246790510217672,0.3758554824765559,0.0,0.0,0.0,0.0,0.18586179507545672,0.45921672417499904,0.3594351732991014,0.6905362817929919,0.19669421487603306,0.02656512733660612,0.6319569120287253,0.7057203671706779,0.3125100579739197,0.39397350442298557,0.36936936936936937,0.036023398356981026,0.34049079754601225,0.06737421622442237,0.3877683799609629,0.41714097438156433,0.44948921679909193,0.7444561343269033,0.27713625866050806,0.3102981466857374,0.6399147727272727,0.6995258336920424,0.4331041076197468,0.4819482444230847,0.42046718576195774,0.5589471938200709,0.39293937068303914,0.5045710651020351,0.4290473017988008,0.798875573800621,0.5048128342245989,0.8089158171737934,0.34508076358296624,0.4720004546336799,0.6698434309053778,0.7938148571823942,0.48347207869855224,0.6738822683076942,0.5106382978723404,0.6401237686053955,0.4552727272727273,0.5571317539540006,0.5055624227441285,0.8042725060679806,0.4919093851132686,0.8545414926017232,0.41015625,0.4427000575342925,0.6725352112676056,0.75425601215017,0.5162729989193182,0.6796683929571612,0.3329677515889785,0.43203512420858253,0.9344909234411997,0.9623047279143019,0.47550675675675674,0.9347826086956522,0.8961329792174816,0.5260243632336655,0.9314045730284648,0.8963410131391081,0.5501002004008017,0.9019933554817275,0.5287630130289634,0.5193370165745856,0.9435084241823588,0.9969931600491478,0.47111344537815125,0.9476831091180867,0.9313439802031939,0.33943217665615144,0.931686064292653,0.843839931676234,0.9962172718067409,0.9533632286995516,1.0,1.0
c08_d8_s0,c08,8,0,45000,0,4184.43950510025,3.2758337709104524e-10,0.0013313773563871881,0.0,0.0,0.0,0.0,0.0,0.0,0.0,0.0,0.0,0.0,0.4378021978021978,0.35092087527379984,0.10945054945054945,0.08773021881844996,0.0,0.0,0.0,0.0,0.0,0.0,0.4652631578947368,0.7747183706744324,0.0,0.0,0.44545454545454544,0.551570143607557,0.22767942583732056,0.33157212857049734,0.2609727164887307,0.017104923203996796,0.37712729748127977,0.3057631545179725,0.36179633143580014,0.3040986728058562,0.4133811230585424,0.8245362460945795,0.0,0.0,0.5221017514595496,0.6379468675117667,0.31719541408000723,0.41786800761223863,0.42424242424242425,0.042336504209842106,0.33699059561128525,0.03809835557083629,0.41045251752708733,0.41567092024363295,0.33376792698826596,0.6892055595823894,0.2880970432145565,0.3098473505682818,0.6179159049360147,0.7350539874687553,0.40758568023310904,0.4748688727402159,0.2328042328042328,0.036489972434153944,0.28078817733990147,0.035539886792768476,0.38863783085861847,0.41314550928632376,0.4495114006514658,0.49574117307425436,0.2764976958525346,0.469001175701527,0.6349436977842354,0.7078293607715385,0.415424051988955,0.45857420809626714,0.48484848484848486,0.6889413934389709,0.4307920059215396,0.6248240821588528,0.49271844660194175,0.8455101863854727,0.5080042689434365,0.844053489543148,0.43139678615574784,0.5775073204864201,0.6583159359777314,0.7518240407018425,0.5167924925502261,0.7232858511814606,0.5386100386100386,0.6907975636870676,0.513166779203241,0.7925690924762071,0.5262522631261316,0.8338410939898356,0.46245530393325385,0.850824101047813,0.40718562874251496,0.400724877672519,0.6843922651933702,0.7712879693931616,0.5200107228789024,0.698809882874466,0.3591626195741528,0.4561013099847994,0.9361702127659575,0.9623257477817732,0.4772727272727273,0.9354005167958657,0.8961487844945131,0.5248618784530387,0.9324009324009324,0.8963570489762063,0.549,0.9036544850498339,0.5347116678042841,0.5174632352941176,0.9440316988608222,0.9969938900617077,0.4690451206715635,0.9476831091180867,0.9313456960938427,0.33943217665615144,0.9325066284207487,0.8453321119276663,0.9962462028063069,0.9538116591928251,1.0,1.0
c08_d8_s0,c08,8,0,50000,0,4704.394055843353,3.333530673721441e-10,0.0010328793476977183,0.0,0.0,0.0,0.0,0.0,0.0,0.0,0.0,0.0,0.0,0.4282560706401766,0.1877939506829667,0.10706401766004416,0.046948487670741675,0.0,0.0,0.0,0.0,0.0,0.0,0.4583333333333333,0.7392620769061312,0.0,0.0,0.44112769485903813,0.5533996010268296,0.22486525704809285,0.3231654194832402,0.0,0.0,0.0,0.0,0.25902335456475584,0.014783545947616383,0.3907203907203907,0.7556396774142172,0.0,0.0,0.5442948263642806,0.7071603435196706,0.25533908381823084,0.36693196739577333,0.4293193717277487,0.042875631936792044,0.3390894819466248,0.03853159439789658,0.4099616858237548,0.3973994022851242,0.32941176470588235,0.6891793144706158,0.2891748675246026,0.3098523882461183,0.6033434650455927,0.6894016345494192,0.40368006927719674,0.4620088867015227,0.4186046511627907,0.07369027258792346,0.38783269961977185,0.5133174867596489,0.3770147161878066,0.5194636235861739,0.4454649827784156,0.7467569877541606,0.34394904458598724,0.47056620832832363,0.6069538926681783,0.7529374790054127,0.4477129855890094,0.5847711173497865,0.4569672131147541,0.8519498617900507,0.4246376811594203,0.7872066579039202,0.49318316538233553,0.8154169249698523,0.4968152866242038,0.7965988124710099,0.4106666666666667,0.4446622691982281,0.663135593220339,0.748395379413397,0.5072200582658448,0.7019619023259773,0.5570866141732284,0.07586838476583951,0.5034199726402189,0.7437545864893619,0.5161683953630263,0.8072259752630838,0.4956140350877193,0.5259340381960573,0.41941747572815535,0.3140786251259242,0.688135593220339,0.662101710451507,0.5321813578570929,0.5110993389865626,0.3540089756450731,0.42812673141622914,0.9354330708661417,0.9623237610791647,0.49242424242424243,0.9344346928239545,0.8961469410434406,0.5353591160220994,0.9315323707498836,0.8963552199540805,0.561,0.9053156146179402,0.5347211664816596,0.5256880733944954,0.9445544554455445,0.9969526428717567,0.47064989517819705,0.9476831091180867,0.9313492720357749,0.33943217665615144,0.9328383059987244,0.8453245971870216,0.9962389700564155,0.9538116591928251,1.0,1.0
c08_d8_s0,c08,8,0,55000,0,5218.71110200882,3.390640546108159e-10,0.0007549034358359008,0.0,0.0,0.0,0.0,0.0,0.0,0.0,0.0,0.0,0.0,0.437225636523266,0.18796695829978055,0.1093064091308165,0.04699173957494514,0.0,0.0,0.0,0.0,0.0,0.0,0.4594594594594595,0.7392355689229152,0.0,0.0,0.439651596847781,0.5533917621109753,0.2247777640768101,0.3231568327584726,0.0,0.0,0.2516025641025641,0.3838314614792958,0.24558823529411763,0.3810925977705304,0.4,0.8062225451042925,0.0,0.0,0.5451289398280802,0.7649574735465958,0.2777148015734102,0.4565386762668743,0.46205357142857145,0.07503101389153534,0.4287812041116006,0.48924485560430536,0.41655359565807326,0.4956621571975362,0.34670116429495473,0.6894742719973311,0.2833948339483395,0.30878610897482095,0.620354289683918,0.6614683267554038,0.4215616029149902,0.5032603458230037,0.4186046511627907,0.37368966711492013,0.391304347826087,0.31665657581748696,0.44049967126890205,0.6636406953961248,0.468682505399568,0.5300456513255559,0.35588633288227334,0.5823822749193206,0.624113475177305,0.7037643796512452,0.4663713008862682,0.5668803213347414,0.49743062692702983,0.6035077233820398,0.438136826783115,0.5439520188768111,0.49673202614379086,0.7958438518936435,0.5100105374077977,0.5686019051175438,0.3949635520212061,0.5657710472232824,0.6709809264305178,0.761312905407743,0.5133470439527084,0.6358634306165168,0.4835390946502058,0.7342169486607987,0.4434589800443459,0.6712507790629584,0.4766907419566645,0.7419876342251972,0.485838779956427,0.7921621181531419,0.41578947368421054,0.3858698608982789,0.7001329787234043,0.7796481514865709,0.5174143761452785,0.668374646130244,0.3614990426686117,0.4572951417863997,0.9354330708661417,0.9623237610791647,0.49663299663299665,0.934984520123839,0.8961555927111574,0.5386313465783664,0.9315960912052117,0.8963635623550396,0.563936063936064,0.9062240663900415,0.5349042462720317,0.5210622710622711,0.9450766947055913,0.9969533290024848,0.4712041884816754,0.9479665071770335,0.9313497190764595,0.33817034700315457,0.9333179572510992,0.8453720665998575,0.9962245045566325,0.9535874439461883,1.0,1.0
c08_d8_s0,c08,8,0,60000,0,5737.918928861618,3.447130081379868e-10,0.0005092820294565851,0.0,0.0,0.0,0.0,0.0,0.0,0.0,0.0,0.0,0.0,0.4371152154793316,0.1964336133264789,0.1092788038698329,0.04910840333161973,0.0,0.0,0.0,0.0,0.0,0.0,0.46218487394957986,0.7745255853740346,0.0,0.0,0.445364238410596,0.5515703658402058,0.22688727809004397,0.33152398780356007,0.0,0.0,0.0,0.0,0.0,0.0,0.4215456674473068,0.8080495802434675,0.0,0.0,0.5825738242799854,0.7669324076083014,0.25102987293182305,0.39374549696294225,0.42677824267782427,0.03891847287217977,0.3341176470588235,0.035011592173574045,0.40688775510204084,0.39198851016610775,0.344559585492228,0.7513293421952061,0.2880970432145565,0.30991866813522834,0.61729295877417,0.734962378499635,0.409802700606796,0.48787914514183917,0.180349932705249,0.5411322205869499,0.2708158116063919,0.7393984884700078,0.2797847809377402,0.739252674225024,0.43707093821510296,0.7454203679686581,0.27384615384615385,0.46910412164929777,0.6374501992031872,0.7082510834732471,0.3980043665868928,0.6490091752129659,0.38282208588957056,0.07062472909167655,0.3932411674347158,0.061403380775134485,0.4184491978609626,0.5099682246404149,0.4890829694323144,0.8399170476907581,0.41625,0.3051902990928913,0.6686827956989247,0.714070240353711,0.49304664554824723,0.518294091326609,0.4861995753715499,0.2832466499973897,0.5264499681325685,0.8340899408924676,0.5223081499107673,0.8375182138953055,0.4989059080962801,0.8766818853699676,0.4266321913380737,0.5687792389353599,0.6769016050244243,0.7665501180980392,0.5285230672326017,0.7159073776662719,0.3452246764094625,0.4493525253494011,0.9354330708661417,0.9623237610791647,0.49326599326599324,0.934984520123839,0.8961555927111574,0.5369757174392936,0.931098696461825,0.8963626879693034,0.5605,0.9053156146179402,0.5349004431022429,0.518348623853211,0.9455984174085065,0.9969538002513546,0.47175732217573224,0.947935368043088,0.9560708376425714,0.33933080808080807,0.9331720406383675,0.8515514403956777,0.9962534355561985,0.9538116591928251,1.0,1.0
c08_d8_s0,c08,8,0,65000,0,6257.832190990448,3.493423050837663e-10,0.000306470325325539,0.0,0.0,0.0,0.0,0.0,0.0,0.0,0.0,0.0,0.0,0.437225636523266,0.18796695829978055,0.1093064091308165,0.04699173957494514,0.0,0.0,0.0,0.0,0.0,0.0,0.4583333333333333,0.7392620769061312,0.0,0.0,0.44232365145228214,0.5534076463593256,0.22516424619640385,0.32316743081636423,0.0,0.0,0.0,0.0,0.0,0.0,0.4203069657615112,0.8079698016522966,0.0,0.0,0.5798598303209148,0.7646996042922793,0.2500416990206065,0.393167351486144,0.4058885383806519,0.03954359771487465,0.3165354330708661,0.03553636639485321,0.39180537772087065,0.4167062634980137,0.3381014304291287,0.6892887968221358,0.19269102990033224,0.02523435227470073,0.6053231939163498,0.6894433272262002,0.37688135932581845,0.39197380471473764,0.42758620689655175,0.06916016537285358,0.40391861341371516,0.4860495877618384,0.39054899235580265,0.4924659141973057,0.30993377483443707,0.6766085506712687,0.270977675134719,0.46848609913043465,0.6049523809523809,0.709014449579261,0.3983037754525567,0.5508335804562409,0.5339901477832513,0.5632537895538738,0.4644616467276566,0.5063614923085628,0.4876237623762376,0.8010787526494245,0.5320715036803365,0.8087426192718099,0.38217420661715057,0.421700192139775,0.6655196145905025,0.7900557471009158,0.5187809609625929,0.6610158091707803,0.545101842870999,0.40115520612091154,0.4660056657223796,0.35728976212019636,0.4924562462281231,0.709703869585658,0.4911504424778761,0.8778474955144658,0.4771513353115727,0.5558777801050202,0.6701208981001727,0.7632815062690047,0.5349026485408639,0.6715974319576865,0.34476872837566547,0.4341067354538427,0.9354330708661417,0.9623237610791647,0.4722222222222222,0.934984520123839,0.8961555927111574,0.5231788079470199,0.931098696461825,0.8963626879693034,0.548,0.9044056525353283,0.5348972701650483,0.5202205882352942,0.9455984174085065,0.9969538002513546,0.47489539748953974,0.947935368043088,0.9560708376425714,0.3402777777777778,0.9329445501177145,0.851550647161379,0.9962823665557645,0.9542600896860987,1.0,1.0
c08_d8_s0,c08,8,0,70000,0,6770.683979034424,3.530863101897097e-10,0.0001551012691796498,0.0,0.0,0.0,0.0,0.0,0.0,0.0,0.0,0.0,0.0,0.4254754533392304,0.18776504839856545,0.1063688633348076,0.04694126209964136,0.0,0.0,0.0,0.0,0.0,0.0,0.4578563995837669,0.7392290066327204,0.0,0.0,0.4421401907922024,0.5534070318629489,0.2249991475939923,0.3231590096239173,0.0,0.0,0.0,0.0,0.0,0.0,0.4297520661157025,0.8082301311329658,0.0,0.0,0.5597982708933718,0.7048177689680668,0.24738758425226856,0.37826197502525816,0.4293193717277487,0.042791971238141456,0.3359497645211931,0.038459229524422246,0.4079283887468031,0.3968254388037965,0.34025974025974026,0.689289065482549,0.2887537993920973,0.3099222698343108,0.6190476190476191,0.7400674731090089,0.40978175009117623,0.4746594220703305,0.36302895322939865,0.040268416454208054,0.35082458770614694,0.15837396300545853,0.398970398970399,0.4157055700116834,0.5289099526066351,0.5180443680903407,0.2484472049689441,0.3078314097084489,0.6193643754619365,0.7103747509077242,0.4419157115848743,0.43525829463257426,0.42175360710321863,0.5591837495404244,0.393543428132206,0.5048141906613045,0.432,0.7995751489230614,0.5569871159563925,0.8328114386697757,0.402088772845953,0.42386626087009577,0.666207845836201,0.7937997307974298,0.5102623532625886,0.6679171150113912,0.5118679050567595,0.36509005821818924,0.5030425963488844,0.7910968993536074,0.5155015197568389,0.8327126878079636,0.44922341696535245,0.8488657260556756,0.4144144144144144,0.43754079817637886,0.6869712351945855,0.7557423188633722,0.5151866017404616,0.6762788478888366,0.3508431445514527,0.4289251323359928,0.9354330708661417,0.9623237610791647,0.4730639730639731,0.9339525283797729,0.8961539465380676,0.5220994475138122,0.9301675977653632,0.8963610552091594,0.5470470470470471,0.9044056525353283,0.5348972701650483,0.5193014705882353,0.9455984174085065,0.9969538002513546,0.47489539748953974,0.9482190960790182,0.9560725682736536,0.34059343434343436,0.932851891256653,0.8515508065747135,0.996275133805873,0.9540358744394619,1.0,1.0
c08_d8_s0,c08,8,0,75000,0,7301.2985298633575,3.553285998769695e-10,6.161808308812815e-05,0.0,0.0,0.0,0.0,0.0,0.0,0.0,0.0,0.0,0.0,0.4261715296198055,0.18777142823371976,0.10654288240495137,0.04694285705842994,0.0,0.0,0.0,0.0,0.0,0.0,0.4578563995837669,0.7392290066327204,0.0,0.0,0.4421401907922024,0.5534070318629489,0.2249991475939923,0.3231590096239173,0.0,0.0,0.0,0.0,0.18929402637703646,0.016342400227984513,0.43211334120425027,0.8082678638533716,0.0,0.0,0.571214953271028,0.7676254214188958,0.26660657581690594,0.39533518800373224,0.23591087811271297,0.03194040693694526,0.17744916820702403,0.027667280582745254,0.29133284777858703,0.49434960748667706,0.3359375,0.6888927333715382,0.19669421487603306,0.02656512733660612,0.6363963963963964,0.7030952851749785,0.35098143565963436,0.400801394387978,0.4418331374853114,0.09218526699420355,0.40828856485034537,0.5381151209303143,0.3957597173144876,0.5442350135950541,0.5419222903885481,0.5692584666908166,0.4050632911392405,0.5825457017725375,0.6271371407784649,0.7035183157522527,0.49735413221407543,0.5617085711805326,0.5,0.5624296293339713,0.44333570919458304,0.5055548338050996,0.4669603524229075,0.8006496411149282,0.527542372881356,0.8073081425711193,0.38231292517006804,0.4711345074776738,0.668052668052668,0.7481805134450985,0.5120016633274805,0.6623752995613061,0.5477338476374156,0.31886911406946067,0.5278298936835523,0.5697827915627198,0.5308432371250708,0.8255929559628619,0.5145945945945946,0.8597846644104695,0.41324503311258276,0.5169615516347584,0.7002635046113307,0.7715043850097186,0.5408930312834636,0.6799163887299902,0.3570541240429291,0.4386055297922694,0.9354330708661417,0.9623237610791647,0.47474747474747475,0.9334708612686952,0.8961529748729657,0.5232044198895027,0.9297347603536529,0.8963600911500879,0.5480480480480481,0.9044056525353283,0.5348972701650483,0.5193014705882353,0.9455984174085065,0.9969538002513546,0.47384937238493724,0.9482190960790182,0.9560725682736536,0.34122474747474746,0.9327756825464208,0.8515506452643657,0.996275133805873,0.9538116591928251,1.0,1.0
c08_d8_s0,c08,8,0,80000,0,7832.919786691666,3.5676503418180516e-10,3.0000001268729426e-05,0.0,0.0,0.0,0.0,0.0,0.0,0.0,0.0,0.0,0.0,0.42566371681415927,0.18776523448983745,0.10641592920353982,0.04694130862245936,0.0,0.0,0.0,0.0,0.0,0.0,0.46170212765957447,0.7756731415175622,0.0,0.0,0.4464654816039686,0.5483623465794817,0.22704190231588578,0.331008872024261,0.0,0.0,0.0,0.0,0.0,0.0,0.42417061611374407,0.8082045064598177,0.0,0.0,0.5642299503193754,0.7024138909026698,0.24710014160827987,0.37765459934062184,0.41386554621848737,0.042231770857627506,0.3225806451612903,0.03794609881658998,0.3969270166453265,0.41879663435364983,0.3381014304291287,0.6892887968221358,0.19150707743547044,0.02522875110635652,0.6073736221968833,0.6906183175107861,0.378693299850796,0.3928651750288086,0.28868360277136257,0.6090620857801202,0.2548523206751055,0.5569515388472676,0.33496846531184304,0.7797862423151796,0.4165680473372781,0.7436970212048265,0.27139552814186585,0.46907730836907385,0.6262331019364268,0.7073166784971486,0.40175786841708533,0.6421727409296428,0.5115303983228512,0.090595969930506,0.43671354552183567,0.4191808516555395,0.45897435897435895,0.5182844937235628,0.4372842347525892,0.8764399874412581,0.41238390092879257,0.37309203998276225,0.6405643738977073,0.7857464370587431,0.4898263192963594,0.5944913923964915,0.5291214215202369,0.37552397453706504,0.5135483870967742,0.792403528626349,0.529786003470214,0.8485445809951291,0.490280777537797,0.789753783851612,0.376992376992377,0.2130322139381625,0.6913925822253324,0.7715633739468004,0.5207044185294787,0.6116266832806889,0.3387914113173464,0.4281086816604248,0.9354330708661417,0.9623237610791647,0.47474747474747475,0.9334708612686952,0.8961529748729657,0.5232044198895027,0.9297347603536529,0.8963600911500879,0.5480480480480481,0.9044056525353283,0.5348972701650483,0.5193014705882353,0.9455984174085065,0.9969538002513546,0.47384937238493724,0.9482190960790182,0.9560725682736536,0.34122474747474746,0.9327756825464208,0.8515506452643657,0.996275133805873,0.9538116591928251,1.0,1.0
c09_d8_s0,c09,8,0,5000,0,208.6973795890808,1.3256399631500244,0.0029987339866738077,0.0,0.0,0.3688135593220339,0.6118676922273465,0.35664776307498425,0.6083035595732315,0.0,0.0,0.0,0.0,0.5926640926640927,0.6003610158394,0.20862113336577467,0.25177119160989814,0.3455083909180652,0.5874357400200729,0.4009009009009009,0.6600192614919016,0.40304709141274236,0.6566394235980684,0.7636363636363637,0.9007541823739196,0.0,0.0,0.659850787510362,0.6229755887194046,0.4516598197226571,0.5396069781991679,0.3204301075268817,0.5967000642472516,0.33947157726180943,0.6366550292014592,0.34827332843497427,0.637178900180835,0.6742738589211619,0.830830148608806,0.44223107569721115,0.21688416506822997,0.6682875998610629,0.5062594175686274,0.5302127180551643,0.5443712656138779,0.3141852286049238,0.6288662775441726,0.30204778156996587,0.576850505563009,0.386159169550173,0.6791760000629957,0.75365141187926,0.9249773182369015,0.5204968944099378,0.3599114461435098,0.6891981444665342,0.563346940600781,0.5743692943326882,0.6191333248428129,0.2373300370828183,0.6200953841920935,0.38677210639827464,0.692569967339457,0.39387890884896876,0.6891023308647041,0.7652173913043478,0.9274669056765527,0.48575305291723203,0.7250079609885153,0.6675862068965517,0.7793436701812808,0.5644709171403713,0.7747686077446084,0.35555555555555557,0.6649668214406538,0.43717472118959105,0.7253093005801499,0.4753246753246753,0.8942179759039245,0.7805343511450382,0.9298081025231871,0.5738295318127251,0.7073749842603441,0.7689667009955372,0.7891420210130328,0.6365038919941437,0.796955785109535,0.5179584120982986,0.6142672246461182,0.5559947299077734,0.6621389059478596,0.5934445083381253,0.8256032485424966,0.8432432432432433,0.9519518539632573,0.5844076120319214,0.7612579458485039,0.7724510465901417,0.8555972315540834,0.6889752796616764,0.817369206102834,0.5221161506103538,0.6205680513175335,0.894695170229612,0.9979639730604154,1.8398230088495575,0.9211222869242985,0.9994301844674064,1.8333333333333333,0.9239543726235742,0.999427032160617,1.9007201646090535,0.9449465899753492,0.9957604975520112,1.3391304347826087,0.8976298537569339,0.9685483985299778,1.499438202247191,0.9517114914425427,0.9438743080445159,1.2045600513808605,0.9268863029418302,0.9767809001723294,0.6837624764935628,0.003587443946188341,0.6800178658936835,0.0049890688939963
c09_d8_s0,c09,8,0,10000,0,417.8264238834381,0.23744046688079834,0.002954574462833066,0.0,0.0,0.0,0.0,0.0,0.0,0.7144221585482331,0.9494167872309531,0.0,0.0,0.5780153691947878,0.5011507230894677,0.3231093819357552,0.36264187758010524,0.0,0.0,0.0,0.0,0.0,0.0,0.7236580516898609,0.9460202782332576,0.0,0.0,0.6670680313064419,0.6922301828508272,0.34768152074907566,0.4095626152710212,0.0,0.0,0.0,0.0,0.0,0.0,0.7609108159392789,0.946108316750302,0.0,0.0,0.6569435637285986,0.6828670708839132,0.3544635949169694,0.4072438469085538,0.0,0.0,0.3714902807775378,0.6972121756153861,0.47679083094555874,0.7382655759615452,0.7413962635201573,0.9353967266069275,0.18423236514522823,0.4613759540515537,0.6393917451122375,0.8444704446759841,0.4619451860879972,0.6799339272983606,0.24643320363164722,0.013803338554773219,0.4395904436860068,0.7863791898688453,0.4723557692307692,0.7815995851459647,0.7579556412729026,0.9340077934408029,0.4008124576844956,0.3817997386853257,0.6650124069478908,0.8336508733713119,0.5524767445220242,0.6691797775051587,0.31864406779661014,0.7898739344876129,0.5173697270471465,0.89307290130359,0.5346756152125279,0.8884282408724787,0.8306595365418895,0.9451969902956779,0.4042402826855124,0.48648056232788084,0.740197641058336,0.7546626466821623,0.6079984825761249,0.7608663062150705,0.43555555555555553,0.5932428912350114,0.5879546809779368,0.8971268409309907,0.5880380100614868,0.8931717574710436,0.827027027027027,0.9451245194325467,0.4723756906077348,0.597442076317081,0.775549188156638,0.8134718564279806,0.6530336636640982,0.7876380705141559,0.47152979635029213,0.5824380601846322,0.9072327044025157,0.982298513130495,1.1091854419410745,0.931637519872814,0.9852998149504583,1.2366325369738338,0.9281294621608758,0.983184186825982,1.3282051282051281,0.9435813573180704,0.9690488102552791,1.1204506065857887,0.9283900457084815,0.9707186341929269,1.2707877461706782,0.957910906298003,0.9749517024837681,0.9156510583707504,0.9380538845341558,0.9745783296419048,0.7907927093881093,0.01726457399103139,0.7898714125809887,0.020741072930096978
c09_d8_s0,c09,8,0,15000,0,635.1628799438477,0.15384644269943237,0.0028491375670817902,0.0,0.0,0.0,0.0,0.0,0.0,0.6056603773584905,0.6436229712717263,0.0,0.0,0.6202931876976142,0.6141740579148935,0.30648839126402616,0.31444925729665496,0.0,0.0,0.0,0.0,0.0,0.0,0.5732217573221757,0.8031271266439266,0.25165562913907286,0.0350542625340647,0.5886818495514148,0.6520409987528826,0.35338980900316586,0.37255559698271845,0.0,0.0,0.2817551963048499,0.40974312448049943,0.28490432317505315,0.4073592834030085,0.555793991416309,0.803212715139935,0.0,0.0,0.6459965928449745,0.7044102667675548,0.3476692726886461,0.4449976128004981,0.2660332541567696,0.788109778228022,0.2704565030146425,0.7280770978410975,0.3725085910652921,0.7746499624862729,0.666,0.898756443745313,0.3303964757709251,0.34192167787957795,0.670195170360569,0.8415335665325844,0.4923977738859322,0.7114559919189849,0.46764091858037576,0.7926581681731133,0.42129992169146435,0.732414661316875,0.4103671706263499,0.7284298218064248,0.7129277566539924,0.9210321213144724,0.44218551461245237,0.6772285247870681,0.6769540422676954,0.7155992718952225,0.5662924959583842,0.7662568671072252,0.4963954685890834,0.8459828895487227,0.4784828592268417,0.8596638439628311,0.4801078894133513,0.8557053387364638,0.7372549019607844,0.9181363753854013,0.45903859174001355,0.4807064140994512,0.7327698309492848,0.8189767483776631,0.6035146825982938,0.767900890486297,0.49949238578680205,0.8465799801667712,0.5440210249671484,0.8739463945248447,0.5619442797866034,0.869158076955307,0.7646493756003843,0.925413481603561,0.5600513808606294,0.6369817384304305,0.7347622237106497,0.900007247612868,0.6486538859212954,0.8314076545489585,0.47405804447424915,0.6012891244487625,0.9059288537549407,0.9979204248340413,1.143979057591623,0.9239643418982695,0.9839826948395767,1.3240635641316685,0.923438233912635,0.9841874986093521,1.3697863682604272,0.9616,0.9977115456061173,1.0424292845257903,0.9253132832080201,0.941983363998059,1.1933911159263273,0.9615853658536585,0.9986529989118513,0.9720989220038047,0.9415689480625735,0.9817611953192544,0.8120425285693621,0.021076233183856503,0.8118764794063026,0.022086439822860026
c09_d8_s0,c09,8,0,20000,0,844.0366008281708,0.12866461277008057,0.002686911358940937,0.0,0.0,0.0,0.0,0.0,0.0,0.5966850828729282,0.5229354940395525,0.0,0.0,0.5544624033731553,0.47318136304634983,0.2877868715615209,0.2490292142714756,0.0,0.0,0.32732516222062,0.7318131328643266,0.3388925950633756,0.7317373096944874,0.6660212971926428,0.8795263355471253,0.0,0.0,0.5995934959349594,0.7305400411169639,0.3719218447222335,0.5244791310459235,0.0,0.0,0.28549962434259957,0.4207770892734886,0.42178447276940906,0.7090670089959198,0.5975103734439834,0.804067979304843,0.19169329073482427,0.025601693646707797,0.6194444444444445,0.6845978561649784,0.4111023685818138,0.47272055713491634,0.23245109321058688,0.466808450320653,0.27104377104377103,0.42722590967474244,0.4913067863151991,0.8002541336536009,0.6711409395973155,0.8826849534304543,0.2852830188679245,0.4744723173020662,0.6175284195086175,0.6875678664152708,0.4763882320409274,0.6523719920910308,0.3728813559322034,0.5444627939602404,0.46042120551924476,0.810045289338202,0.458025520483546,0.8095166181278042,0.723444976076555,0.9421993235499092,0.36265223274695535,0.3392518215779078,0.6604810996563574,0.6863938355298077,0.5442552506145497,0.6722966369499267,0.368,0.6558912716402737,0.4193296960249415,0.7096278999085869,0.46862483311081443,0.705630000503451,0.7679403541472507,0.9354974691713759,0.38282387190684136,0.5853930508948371,0.7204478103391505,0.7823583520857587,0.5724658865262904,0.7484079823756855,0.4145785876993166,0.5304255211153749,0.5610738255033557,0.8179597191129845,0.5648204503956178,0.8175503440776842,0.774077407740774,0.9413335214825228,0.4519230769230769,0.5856222849404518,0.7596899224806202,0.790129992045598,0.6247953404193086,0.7597660816426467,0.46981654206666346,0.582724513644515,0.9142857142857143,0.9988829242427948,1.2239583333333333,0.94,0.9970522640250945,1.4697648376259798,0.939622641509434,0.9964797428642338,1.4543172690763053,0.9411764705882353,0.98734952302571,1.1722972972972974,0.9296914516944866,0.963005716989046,1.2040261153427638,0.9665130568356375,0.9977460024441966,1.0098537825810554,0.9421709410958523,0.986393221542415,0.8222334731664979,0.0257847533632287,0.8212397989906132,0.02662705308593531
c09_d8_s0,c09,8,0,25000,0,1058.4241173267365,0.11583490669727325,0.002474801209370144,0.0,0.0,0.0,0.0,0.0,0.0,0.0,0.0,0.0,0.0,0.5454545454545454,0.07884275635302933,0.13636363636363635,0.019710689088257332,0.0,0.0,0.0,0.0,0.26552462526766596,0.4472620947776347,0.5877466251298027,0.9331787669873758,0.0,0.0,0.6325519973588644,0.6704106145546376,0.3272017077278056,0.4381691866169729,0.0,0.0,0.0,0.0,0.24329896907216494,0.4160005374262451,0.6810422282120395,0.7119798468707756,0.0,0.0,0.61602787456446,0.7680378932817787,0.344542439783472,0.40467114649032565,0.22328931572629052,0.4631332457389197,0.2222222222222222,0.4231605325003467,0.22626582278481014,0.42053544070017257,0.677734375,0.9186329481932732,0.22988505747126436,0.2909955462412765,0.7095357590966123,0.7112764498835596,0.4602702446197461,0.5891286709911473,0.39323467230443976,0.545791668662883,0.34624505928853755,0.4992891357573259,0.4198675496688742,0.7922095975519434,0.727447216890595,0.9323630202655357,0.35697940503432496,0.3078977824846337,0.7547751078250154,0.8035580046254205,0.5564127058759715,0.6640622353415768,0.4626262626262626,0.735415023993618,0.4638472032742155,0.6200358243366183,0.5044616299821535,0.685748453274381,0.7161226508407518,0.9049473934891694,0.38848920863309355,0.5259796638564505,0.7401782766589634,0.6776211789309783,0.5804421253567549,0.6972370008695343,0.5404376784015223,0.6747675629118165,0.544127405441274,0.7253374056689089,0.5692216280451574,0.8946061403597838,0.7375478927203065,0.9042844288621916,0.5036544850498339,0.5991168454443362,0.7698234349919744,0.7217861973758125,0.6405720125145249,0.7475227936656276,0.43511498174884444,0.5086431032947774,0.9060773480662984,0.9987521613258452,1.2081881533101044,0.9266247379454927,0.9815291376621188,1.3263574660633484,0.926187118006582,0.9763433764435053,1.330456852791878,0.9445350734094616,0.9863317303703475,1.190846286701209,0.9213597158802638,0.9654342407946276,1.0864537444933922,0.9689708141321045,0.9989060802791346,1.0393151553582751,0.9386238345236553,0.9840534024803166,0.8283089830753653,0.031614349775784756,0.8264512874112356,0.03716576041257918
c09_d8_s0,c09,8,0,30000,0,1264.6538579463959,0.10684238374233246,0.0022218358646113167,0.0,0.0,0.0,0.0,0.0,0.0,0.0,0.0,0.0,0.0,0.57825311942959,0.5166358825227259,0.1445632798573975,0.12915897063068146,0.0,0.0,0.0,0.0,0.0,0.0,0.0,0.0,0.0,0.0,0.64,0.6518914217062466,0.16,0.16297285542656165,0.0,0.0,0.34957463263727767,0.670819614735568,0.35871886120996443,0.671122108021825,0.3686087990487515,0.5802218693752992,0.0,0.0,0.6596825396825396,0.6951259588689305,0.3160972925034263,0.43066543395750684,0.2427071178529755,0.7317648179977698,0.38837703756201275,0.7974577477031156,0.3939592908732764,0.7936766074380217,0.6061643835616438,0.5755084510392208,0.21158690176322417,0.37018625237025277,0.6590118302018093,0.6516010245659081,0.454611066072358,0.5928988630887544,0.2316043425814234,0.777765411358876,0.4020771513353116,0.8093046495824114,0.41506849315068495,0.8055081985630012,0.5817825661116552,0.6739864321289634,0.1967769296013571,0.2198343387282021,0.7240209682392846,0.7558896803732752,0.4630409482436926,0.6118091344329676,0.3364485981308411,0.5369360025651329,0.4795486600846262,0.8079172629586725,0.4915032679738562,0.8118303780624736,0.6680244399185336,0.9010368325897652,0.4110787172011662,0.47159536460400353,0.7403846153846154,0.6716627919490782,0.5638303203085224,0.6907973842512349,0.51,0.8814604423904463,0.6002475247524752,0.8907577476781827,0.6079641054402692,0.8872521129648563,0.6758494031221304,0.8293229289903956,0.49935649935649934,0.7304429579526801,0.7640301936330817,0.702534619069454,0.6279933265439899,0.7871976517559228,0.39001946193276954,0.4865000419348042,0.9134233518665608,0.9966589424436166,1.0669565217391304,0.9372693726937269,0.9485423988872232,1.1974128233970753,0.9369369369369369,0.9455561454242337,1.1963562753036436,0.9605157131345688,0.9722234744976175,1.4429530201342282,0.9258517034068137,0.9646570507044907,1.2067099567099566,0.9612307692307692,0.9987778931932172,1.0166453265044815,0.9442020182344734,0.9748110618284209,0.8398379864024302,0.04035874439461883,0.839385977443405,0.04546218958461797
c09_d8_s0,c09,8,0,35000,0,1477.891574382782,0.0946321114897728,0.0019387831257830976,0.0,0.0,0.0,0.0,0.0,0.0,0.0,0.0,0.0,0.0,0.5989708404802745,0.6037976934395128,0.14974271012006862,0.1509494233598782,0.0,0.0,0.33781763826606875,0.6635089619673716,0.3544827586206897,0.6638675749609316,0.5526315789473685,0.87643972583943,0.0,0.0,0.6422136422136422,0.720975393411026,0.3564030050308159,0.5099684912233059,0.0,0.0,0.336283185840708,0.6635674062350612,0.35424354243542433,0.6639355164226182,0.5205479452054794,0.8491431628867211,0.0,0.0,0.6793181087166291,0.6639425962768077,0.35751040750353813,0.4888966833456888,0.0,0.0,0.281198003327787,0.7433956396297653,0.3059360730593607,0.747886961878958,0.5825027685492802,0.892002691876299,0.1912479740680713,0.22196184142817332,0.7068273092369478,0.6451859896058748,0.41907235266250376,0.5640611808533137,0.4100877192982456,0.6212190013322899,0.5051475634866164,0.860238351584492,0.5137029955385596,0.864651104547821,0.6597077244258872,0.8672425023372586,0.24719101123595505,0.20630977166639117,0.7198417930125247,0.651836931558513,0.5257633220288769,0.6268563395125909,0.4589114194236926,0.6738417620815266,0.5426997245179064,0.8895005677196808,0.5824308062575211,0.888661632292588,0.6889106967615309,0.9244857949652424,0.4483406386975579,0.7008467854466927,0.746268656716418,0.6545537280484628,0.6028834938938034,0.7743052406229157,0.4639175257731959,0.6669289482964789,0.5163081193615545,0.7226550227725049,0.5700824499411072,0.8945078861961215,0.6884576098059244,0.9276786054989885,0.4248841826604897,0.703986699105543,0.7853962600178095,0.7085174991359685,0.6038768543773774,0.7753866890405504,0.43075030651671203,0.5557748639940349,0.9217391304347826,0.9986178291655645,1.0840480274442539,0.9388185654008439,0.9989262753190528,1.1207865168539326,0.932573599240266,0.9983471400791353,1.124745417515275,0.9450369155045119,0.9876031649678362,1.2300347222222223,0.9095452273863068,0.96463449257674,1.1604395604395605,0.9593596059113301,0.993945585176912,0.9537869062901155,0.9362463784568615,0.9862034143940182,0.8451251265731231,0.03385650224215247,0.8457945530723732,0.03862324121307248
c09_d8_s0,c09,8,0,40000,0,1689.6747858524323,0.08608319610357285,0.0016376915033274812,0.0,0.0,0.0,0.0,0.0,0.0,0.5904059040590406,0.8600053177650587,0.0,0.0,0.5572649572649573,0.6704178096219228,0.28691771533099947,0.3826057818467454,0.0,0.0,0.37162683114880496,0.6687239947311477,0.39318665720369056,0.673642402396557,0.6343434343434343,0.9187279958388158,0.0,0.0,0.6283704572098476,0.6608073575157501,0.3794129302510284,0.5067477047659502,0.0,0.0,0.35175097276264594,0.6427877934899993,0.37365783822476734,0.6479602659223148,0.6044071353620147,0.8755920621344698,0.20993589743589744,0.014240236649020051,0.6679802955665025,0.7053387040414366,0.4310315663400548,0.5063550889905911,0.0,0.0,0.4389261744966443,0.5577236830852195,0.5167899829254411,0.8346823632507405,0.6865079365079365,0.9021761248295269,0.30950626381724394,0.20864873922295538,0.6857142857142857,0.7113620473295638,0.5000751346283736,0.5715805650401748,0.2354368932038835,0.49497865802008567,0.33175355450236965,0.5753517393099004,0.42028985507246375,0.7407081208319806,0.697176241480039,0.9112422729262565,0.45595854922279794,0.3212309016879498,0.7082767978290366,0.6975796221064644,0.5476429223645282,0.6334330756936649,0.4994731296101159,0.6298991571444569,0.49117647058823527,0.6872804883686268,0.5402786190187765,0.8670024885190248,0.7041420118343196,0.9122818312622427,0.4596026490066225,0.7016164334805625,0.7507768800497203,0.7162113767319358,0.6062077368240929,0.7645425882046943,0.5217391304347826,0.6785120487621163,0.5029154518950437,0.7263774901042197,0.5627962085308057,0.8930118057316035,0.7729007633587787,0.9407313859010281,0.521181001283697,0.5877413573810422,0.7520154788777813,0.8298548246618034,0.6438118767851169,0.7810736707024634,0.48501426893202776,0.5923340678920406,0.9120879120879121,0.9995188052162932,0.8795180722891566,0.9284595300261097,0.9452675907383885,1.001124859392576,0.927699530516432,0.9451522492297978,1.0303643724696356,0.9525341914722446,0.9869536239467647,1.2576013513513513,0.9341317365269461,0.9694309186796983,1.0753205128205128,0.9632776934749621,0.9994398998742625,0.9492753623188406,0.9431731530877427,0.9797843310572213,0.8578113698828295,0.04461883408071749,0.8581252746338667,0.055328213464880316
c09_d8_s0,c09,8,0,45000,0,1907.3619010448456,0.07349419593811035,0.0013313773563871881,0.0,0.0,0.0,0.0,0.0,0.0,0.0,0.0,0.0,0.0,0.4563176895306859,0.06334100685800549,0.11407942238267148,0.015835251714501373,0.0,0.0,0.0,0.0,0.0,0.0,0.5114754098360655,0.8111670614369058,0.0,0.0,0.5827114427860697,0.5771611886580277,0.2735467131555338,0.34708206252373336,0.0,0.0,0.26677316293929715,0.6715263481307254,0.27712609970674484,0.6726700251508997,0.4799107142857143,0.679589148690315,0.0,0.0,0.6460436339954412,0.6430191772965017,0.3268135256241257,0.44266844593683957,0.23950617283950618,0.032880006003444436,0.39209726443769,0.545379826565243,0.47388535031847134,0.5538080929742176,0.4375,0.7198677606701634,0.21026894865525672,0.3149798505449583,0.6677316293929713,0.6740115304723058,0.4209992101450293,0.521553779217099,0.34917355371900827,0.7283887900523295,0.358974358974359,0.7035385975545738,0.4398178269355888,0.7568581593399354,0.6167846309403437,0.8662850652391197,0.5062344139650873,0.49433555396792167,0.7019783024888322,0.7197475501020792,0.551913148484312,0.7024908379061834,0.45844748858447487,0.7942300019872007,0.5292652552926526,0.8212026073754566,0.581140350877193,0.7954271411529743,0.6203208556149733,0.8740162531764161,0.4666226040978189,0.5342637852573134,0.6869534802378454,0.851159041474094,0.5742119928838527,0.7657647491865919,0.49856184084372,0.8016810419594026,0.5649867374005305,0.8231517971743937,0.571604938271605,0.8269253580566734,0.7371483996120272,0.9395535161724831,0.48754208754208755,0.48200345342738643,0.7301692665117823,0.7348651994824722,0.6249777314594622,0.7434187253697911,0.4123631063049982,0.5055448359792486,0.907103825136612,0.9979654314726294,0.9707401032702238,0.9304029304029304,0.995353631310726,1.1164229471316085,0.930188679245283,0.9948314274184722,1.1348884381338742,0.9333333333333333,0.9849387194720924,1.2439024390243902,0.9188916876574307,0.9659450783065003,1.0893640350877194,0.9557251908396946,0.9990050386731344,0.8463258785942492,0.9326288391896835,0.986484749963084,0.8741646173875307,0.06524663677130045,0.875598769640277,0.08503839901339762
c09_d8_s0,c09,8,0,50000,0,2109.8836019039154,0.060194071382284164,0.0010328793476977183,0.0,0.0,0.0,0.0,0.0,0.0,0.0,0.0,0.0,0.0,0.3562684677078936,0.025534697176249073,0.0890671169269734,0.006383674294062268,0.0,0.0,0.0,0.0,0.0,0.0,0.434878587196468,0.7175806736460684,0.0,0.0,0.5567144719687093,0.6664026079558534,0.24789826479129431,0.34599582040048044,0.0,0.0,0.0,0.0,0.24595924104005623,0.41354441194857305,0.4293915040183697,0.7155491316412609,0.0,0.0,0.6085080147965475,0.610476742206104,0.279971483123734,0.365968502790889,0.0,0.0,0.0,0.0,0.21407185628742514,0.41338642031705397,0.6386093321134492,0.6841214989679137,0.12116040955631399,0.0026700557844173125,0.6800258564964448,0.6465894561935228,0.3777882208988374,0.367794121096218,0.0,0.0,0.2720647773279352,0.742978995154016,0.28507795100222716,0.7428347849262905,0.6573982125124131,0.8522230752619484,0.3405142460041696,0.18494850794864448,0.7072310405643739,0.7004099009630433,0.4727144354644194,0.5582131860501012,0.3575685339690107,0.009051661651647697,0.49023569023569025,0.7700392481587844,0.5155502392344498,0.7728634131032428,0.6888888888888889,0.939935101212378,0.4663278271918678,0.6127196038943333,0.7270383499838866,0.8475494897865139,0.5841766384694234,0.7293805756327791,0.38283828382838286,0.05145307451592285,0.5141727092946605,0.8115318684468762,0.5131982811540823,0.81533935329812,0.677134445534838,0.8978317958479903,0.4851116625310174,0.48668657910827456,0.7491835401698237,0.8584767918264904,0.5953748515820136,0.700609149717432,0.37814157303667084,0.43919214714028026,0.9281767955801105,0.9986656314013427,0.8435374149659864,0.9345206914614982,0.9356872566351766,1.1311659192825112,0.9304511278195489,0.9356586165768556,1.1338383838383839,0.9320229320229321,0.9847902662755681,1.140597539543058,0.9223835753630446,0.9644648136286929,0.9473398479913138,0.9561243144424132,0.967243942319391,0.7692797960484385,0.9353950900288607,0.968292380940361,0.8796832055547519,0.0710762331838565,0.8816276046140298,0.09512865070912047
c09_d8_s0,c09,8,0,55000,0,2323.9638800621033,0.04850916564464569,0.0007549034358359008,0.0,0.0,0.0,0.0,0.0,0.0,0.0,0.0,0.0,0.0,0.3536329273414532,0.023671787926545507,0.0884082318353633,0.005917946981636377,0.0,0.0,0.0,0.0,0.0,0.0,0.4496124031007752,0.7364883649644822,0.0,0.0,0.506797583081571,0.4014355197590175,0.23910249654558655,0.2844809711808749,0.0,0.0,0.30916334661354583,0.47969197462425156,0.3013899049012436,0.4807940591694028,0.4298642533936652,0.7347622307779624,0.0,0.0,0.49248554913294795,0.40365918068034495,0.28146688825788574,0.3646458556807147,0.0,0.0,0.23195876288659795,0.47585482667478946,0.31159917638984214,0.49113379763910825,0.5357502517623364,0.6643608981440219,0.11754537597234227,0.002678145732187294,0.6766377505234819,0.6440818198156574,0.37777983950424343,0.4083626012824581,0.0,0.0,0.36469730123997085,0.5116998755051403,0.3749157113958193,0.5181147170490833,0.6521327014218009,0.8513376306853622,0.23938223938223938,0.011255614224727931,0.6532285616672361,0.7467818998823954,0.4478202933374683,0.48816166891097335,0.48,0.48302306297128117,0.521613832853026,0.7754491581144728,0.5378690629011553,0.7741494587007332,0.712890625,0.7599634175169894,0.4821320411871593,0.40720035220095363,0.7372078332280481,0.8611063434860026,0.6113478661666503,0.6764526682831937,0.46361746361746364,0.47454989131744085,0.5454545454545454,0.7525554376402813,0.5460399227301996,0.7523736872551208,0.766269477543538,0.7856903582879351,0.4419889502762431,0.47838727517008517,0.7659033078880407,0.7488033096740474,0.6231330949104729,0.6681768204674206,0.38129410150823867,0.4137426475410388,0.9190887666928516,0.9979758294677972,0.7965811965811965,0.9391395592864638,0.9458566907303134,1.0424581005586593,0.9350282485875706,0.9457388353268372,1.0478348439073515,0.9398373983739837,0.9867441522946204,1.217128027681661,0.9263681592039801,0.9675244095022191,0.9500537056928035,0.956177723676202,0.99839210625226,0.7775302355187779,0.9383672015274487,0.9789627799726872,0.8947562563286562,0.10582959641255606,0.896072215822889,0.1332473793374068
c09_d8_s0,c09,8,0,60000,0,2538.1573300361633,0.03934483602643013,0.0005092820294565851,0.0,0.0,0.0,0.0,0.0,0.0,0.0,0.0,0.0,0.0,0.48825065274151436,0.5719845667043684,0.12206266318537859,0.1429961416760921,0.0,0.0,0.0,0.0,0.0,0.0,0.43968432919954903,0.7323270517462772,0.0,0.0,0.5055112124667427,0.40026968296718934,0.23629888541657293,0.2831491836783666,0.0,0.0,0.29974597798475866,0.5095548510187567,0.3047177107501933,0.5163567256609992,0.40326340326340326,0.7145617525192558,0.0,0.0,0.542602495543672,0.45372646588156235,0.2868384487630148,0.3775646859901842,0.0,0.0,0.23942537909018355,0.3151878658626061,0.30405405405405406,0.3976484293446584,0.6134751773049646,0.5809698454841725,0.12100259291270528,0.0026032530722765314,0.6756082345601996,0.6204599643018721,0.3978114539564872,0.36041129031518565,0.23938223938223938,0.024196651263623085,0.35471100554235946,0.5406680012264025,0.352,0.5470169928681842,0.6435452793834296,0.857430890027164,0.3030736240171551,0.2335629936062155,0.7221556886227545,0.66589592789517,0.49603475174955136,0.5318792566619882,0.42431466030989273,0.04551649616976299,0.48034310221586846,0.53086187402591,0.49525015832805575,0.5366110497273872,0.7084148727984344,0.9158613717719454,0.3528610354223433,0.2499176299394721,0.6950402144772118,0.8529461285376465,0.5557380240789821,0.5974304008891876,0.4165733482642777,0.46618734581673155,0.5085959885386819,0.750490659071983,0.5194639438417358,0.7490533330686822,0.7389635316698656,0.9374844211538089,0.4521857923497268,0.47673880162636506,0.746268656716418,0.9243698241316043,0.6047406019043938,0.7484592065577276,0.38564640415062584,0.4345557379669618,0.9280632411067193,0.9985855120447495,0.752129471890971,0.9436545550289626,0.9486017665326452,0.9832589285714286,0.9367924528301886,0.9484577040208195,0.9838872104733132,0.9375506893755069,0.9969381606291383,1.1764705882352942,0.9292523833416959,0.9692283977126881,0.9497840172786177,0.9566279780085523,0.9423355077880349,0.7637292464878672,0.9399002834285946,0.9684292650823165,0.901193403732099,0.11434977578475336,0.9032095318521036,0.1434497449408599
c09_d8_s0,c09,8,0,65000,0,2744.3663704395294,0.03240998461842537,0.000306470325325539,0.0,0.0,0.0,0.0,0.0,0.0,0.0,0.0,0.0,0.0,0.4761584956346541,0.4828013307331281,0.11903962390866353,0.12070033268328202,0.0,0.0,0.0,0.0,0.0,0.0,0.4304932735426009,0.7237010779504837,0.0,0.0,0.4967717432586403,0.40491969971982483,0.23181625420031032,0.28215519441757714,0.0,0.0,0.0,0.0,0.0,0.0,0.38694638694638694,0.5832287875876213,0.0,0.0,0.5989176187612748,0.6001657579836277,0.24646600142691544,0.2958486363928122,0.0,0.0,0.2513181019332162,0.5311683971461725,0.2576,0.5322426468258095,0.6253418413855971,0.6759229520357058,0.12283737024221453,0.002637582798414492,0.6888122845502977,0.6748359222418454,0.4016577158722954,0.4269667012666566,0.285336856010568,0.032741678402202795,0.4675505931612003,0.7990420202081312,0.4686084142394822,0.8029874967102247,0.6362773029439696,0.7094932913237214,0.3349282296650718,0.02808777354071741,0.6707234617985125,0.7682879226541796,0.512273570552826,0.5126981798230345,0.5141700404858299,0.4882669758266844,0.5555555555555556,0.7761872026988729,0.5403022670025189,0.7724222426688714,0.6968503937007874,0.9132493091242947,0.4941329856584094,0.3431051727948725,0.7240319606637984,0.7105779843381281,0.6129228235927409,0.6614728183305262,0.49064449064449067,0.47984778254265875,0.576043068640646,0.7571405845934646,0.5757196495619524,0.7614862630284536,0.694949494949495,0.9187524001022583,0.4293785310734463,0.5225425082322355,0.7461465869770368,0.8661261852568816,0.6044859206539186,0.7433948259115586,0.38980884431538143,0.4347480984036353,0.925255704169945,0.9985938614732657,0.7712585034013606,0.9386470896696382,0.9720749624297175,0.9603351955307262,0.9337094499294781,0.9717457267513345,0.9682779456193353,0.9381107491856677,0.9956658016645128,1.1631944444444444,0.925,0.9676101274852216,0.9091891891891892,0.9564422784038988,0.9635433848919758,0.7359872611464968,0.9380226105448134,0.9769060410649539,0.9113047880804281,0.1538116591928251,0.9126307166791138,0.1756824934133079
c09_d8_s0,c09,8,0,70000,0,2958.8084001541138,0.026095155626535416,0.0001551012691796498,0.0,0.0,0.0,0.0,0.0,0.0,0.0,0.0,0.0,0.0,0.4916420845624385,0.5524688465512528,0.12291052114060963,0.1381172116378132,0.0,0.0,0.0,0.0,0.0,0.0,0.42164599774520856,0.723667714923001,0.0,0.0,0.5273463875759622,0.6277135354338561,0.2372480963302927,0.33784531258921424,0.0,0.0,0.2471042471042471,0.41666692302890196,0.24307036247334754,0.41410160178617184,0.3872491145218418,0.7394712776652105,0.0,0.0,0.5389098388755571,0.3508356744384318,0.27238762248081594,0.3418074484271667,0.0,0.0,0.37980085348506404,0.7244532202457056,0.380764163372859,0.7243744699614135,0.5302713987473904,0.5966330213399031,0.28327402135231317,0.028066372651304333,0.6568933250155957,0.6457558167774206,0.4309901043503184,0.43834944354275024,0.3489531405782652,0.48005930996423307,0.4080499653018737,0.46694596045648135,0.48176027793862186,0.723351103317366,0.5664739884393064,0.5775471056280522,0.25518831667947733,0.22795591592620437,0.6628339533310788,0.6433458787434807,0.47435434659736236,0.5014085895526077,0.45253863134657835,0.45760952502196595,0.4924187725631769,0.5402772521365485,0.5158483530142945,0.5534385205408574,0.6872586872586872,0.9136561029123337,0.4605809128630705,0.5258095800470906,0.7191149354640443,0.7868908844147411,0.5884724469734546,0.6858662499851557,0.42008196721311475,0.6025770171655115,0.505700871898055,0.8410918691666956,0.5140361821584529,0.8446447867228541,0.7295004712535345,0.9454434331600251,0.4606741573033708,0.33455740792714556,0.7694637988488336,0.8588914614367354,0.6098945252905699,0.7254158817188983,0.3908939518804891,0.45268716249337226,0.9307086614173228,0.99861755555675,0.7157360406091371,0.9422875131164743,0.9347434158876595,0.9270601336302895,0.9369708372530574,0.9322418225010308,0.9392570281124498,0.935720097640358,0.9855485814230034,1.1643478260869564,0.9296055916125812,0.969606022819813,0.8872180451127819,0.9571819010021257,0.9626442507854179,0.7097081218274112,0.9397908152126707,0.9682499465858452,0.9171271517430927,0.1742152466367713,0.9187101837402285,0.20903638096305846
c09_d8_s0,c09,8,0,75000,0,3165.5038743019104,0.023258961737155914,6.161808308812815e-05,0.0,0.0,0.0,0.0,0.0,0.0,0.0,0.0,0.0,0.0,0.4914586070959264,0.5529468834448775,0.1228646517739816,0.13823672086121938,0.0,0.0,0.0,0.0,0.0,0.0,0.41638225255972694,0.7273430448505859,0.0,0.0,0.512087163772557,0.6244706292923553,0.232117354083071,0.3379534185357353,0.0,0.0,0.24458204334365324,0.4159768104394214,0.24216524216524216,0.4134503512568514,0.3854289071680376,0.7274612638778661,0.0,0.0,0.5458920591268477,0.35135847989966806,0.2733925153661293,0.3388238660857396,0.0,0.0,0.3851540616246499,0.7136816818081013,0.38571428571428573,0.7136655586590074,0.5164021164021164,0.5865889763483556,0.29055007052186177,0.028903186718325004,0.64875,0.6316270467449514,0.4281645756759059,0.43072540582516705,0.2543046357615894,0.027881139945250696,0.4515659140568099,0.8156094408773585,0.4889170360987967,0.8139898134740798,0.6226415094339622,0.6039710302910662,0.30692362598144185,0.29069627346604465,0.6911901081916538,0.6989404832225405,0.5047544430615308,0.5365253129363036,0.4642082429501085,0.040831021710934154,0.5242587601078167,0.8005410873880855,0.5162907268170426,0.8044461615070172,0.7055393586005831,0.9049959822912345,0.4148471615720524,0.25225440194537296,0.7079037800687286,0.7755716247074513,0.5824690525499217,0.6203570247865178,0.4419134396355353,0.050249977874543175,0.5516787360105333,0.7755675476540451,0.5542611894543225,0.7797281117452046,0.7504725897920604,0.9374393063937445,0.4592487597448618,0.48088339080287645,0.7439613526570048,0.8519291795740541,0.6174084559735143,0.7013584389654849,0.3944530069262934,0.44342574114230965,0.9235618597320725,0.9986034267227091,0.742320819112628,0.9357030841610037,0.9346961968894226,0.9480446927374302,0.9337717238139972,0.9335666097362215,0.943158953722334,0.934199837530463,0.9825711946279576,1.1895652173913043,0.927,0.9665395286067407,0.8737864077669902,0.9595621769534813,0.9635746888471644,0.7160963244613435,0.9379435592632421,0.9670768724661618,0.919391002459135,0.18475336322869956,0.9212508295525028,0.22484444195302428
c09_d8_s0,c09,8,0,80000,0,3379.8428609371185,0.021936653181910515,3.0000001268729426e-05,0.0,0.0,0.0,0.0,0.0,0.0,0.0,0.0,0.0,0.0,0.49438943894389437,0.5549002147986221,0.12359735973597359,0.13872505369965552,0.0,0.0,0.2861635220125786,0.4772815685093792,0.2875722543352601,0.4836556504614966,0.4184476940382452,0.7229949124295197,0.0,0.0,0.5686977299880526,0.556045874932028,0.29459767070222764,0.39983829842129326,0.0,0.0,0.2391304347826087,0.41382636939115436,0.23857142857142857,0.411326929499169,0.3915094339622642,0.7288897307005315,0.0,0.0,0.5396498455200824,0.35162277982636453,0.2725983084834231,0.33889090253925097,0.0,0.0,0.25287356321839083,0.5310129059028229,0.251005631536605,0.5320200926956838,0.5217391304347826,0.7181787783672025,0.1269296740994854,0.0030455362714964487,0.6540342298288508,0.5923127326851273,0.3676656914870294,0.41697034504749875,0.2587666263603386,0.03829048590355873,0.4792332268370607,0.7232169312630523,0.4806201550387597,0.7231924447249214,0.6385321100917432,0.7217794631206502,0.27150749802683505,0.22905785305744047,0.6850828729281768,0.6436776348297334,0.500332287614702,0.522353726242917,0.47019867549668876,0.049430698367396234,0.5823899371069182,0.7753271929381881,0.5863689776733255,0.7795156446092454,0.6875593542260209,0.8835672675013677,0.47857613711272246,0.5282809691391858,0.7238095238095238,0.8513920716138984,0.6090660529768112,0.6994995383898488,0.4860392967942089,0.46863309545104503,0.5148936170212766,0.5505023195627496,0.5032851511169514,0.5568259722353404,0.75,0.9445289776634215,0.4407514450867052,0.4778790864696666,0.7577335375191424,0.914699976092285,0.6124727510624983,0.7156071256604378,0.3971900174375236,0.4616978557144146,0.9297553275453828,0.9986141099257173,0.7215619694397284,0.940251572327044,0.9347391459436981,0.9319955406911928,0.9364107395195478,0.9335870436301303,0.9361167002012073,0.9318181818181818,0.985145957403993,1.1925087108013936,0.927391086629945,0.9682706221739349,0.8720302375809935,0.9595621769534813,0.9942369354124015,0.7084917617237009,0.9385609979663999,0.9758250703725445,0.9214161724287574,0.19035874439461883,0.9238294494302987,0.23790571220359885
c10_d8_s0,c10,8,0,5000,0,132.21636867523193,1.0737566947937012,0.00029987339866738077,0.0,0.0,0.0,0.0,0.0,0.0,0.6465863453815262,0.8822637080602264,0.0,0.0,0.6325399413107271,0.6143493132811436,0.3197815716730633,0.3741532553353425,0.0,0.0,0.0,0.0,0.0,0.0,0.5902335456475584,0.8724897886818295,0.55,0.18957825418153332,0.6953757225433526,0.6228390103070699,0.45890231704772777,0.42122676329260816,0.0,0.0,0.5249709639953543,0.542962460246702,0.5354416575790621,0.5483631939401401,0.5385474860335195,0.8631791756781809,0.395227442207308,0.22087462542127673,0.6565721649484536,0.5786158480093545,0.485954491761855,0.5066112167927732,0.0,0.0,0.4767225325884544,0.5445267662641166,0.4828786999419617,0.5490582487823858,0.6144329896907217,0.9019783752087734,0.5575757575757576,0.5765773510820125,0.7212403100775194,0.6917668184829717,0.5532790337135344,0.6337127207806479,0.2483130904183536,0.15655451159101613,0.547356188262638,0.4772592607283996,0.5553737043098745,0.4823149524245129,0.6063829787234043,0.8679503588105095,0.5117460317460317,0.4740943010919976,0.7414311485267588,0.7681544505548435,0.5774769549982876,0.6205605046763317,0.5310119695321001,0.6468207511995561,0.558382257012394,0.7002395329119199,0.572644376899696,0.7062878057603794,0.6791338582677166,0.9215493432454626,0.6096698113207547,0.8812554107675943,0.7518703241895262,0.7041227468104749,0.6486717153981819,0.7978442160285376,0.5526315789473685,0.6429935478398044,0.5960932577189666,0.7836278540186765,0.6050618010594467,0.7852227726074198,0.6691871455576559,0.8842858948274002,0.6627358490566038,0.8714110064339736,0.7942553855760225,0.9081631119901319,0.6776934815247191,0.8502853511850348,0.5316799380167669,0.6006277182987537,0.937984496124031,0.7635160487462695,0.9537190082644628,0.9493278179937953,0.7839854044286835,0.7423747276688453,0.951366373320982,0.7846062745812785,0.7497565725413826,0.9461847389558233,0.7427920117153674,0.8276740237691002,0.9499270782693242,0.8459359487470827,0.8403275332650972,0.9643183897529735,0.8527726138124259,0.5939278937381404,0.9516641090310975,0.8047174542150716,0.935071604223926,0.2358744394618834,0.937086014874984,0.2527608049778575
c10_d8_s0,c10,8,0,10000,0,252.74349188804626,0.054651640355587006,0.0002954574462833066,0.0,0.0,0.0,0.0,0.0,0.0,0.6066350710900474,0.8571663859004357,0.37314396384764364,0.30108680321461984,0.583422269654927,0.6934143093689048,0.3908003261481545,0.46291687462099007,0.0,0.0,0.3265625,0.42976982753840004,0.3577586206896552,0.4347390411309167,0.5754310344827587,0.8596689578020261,0.45121951219512196,0.17674801792439104,0.6502582801580067,0.6457396128560221,0.4762539667664431,0.49258155286805294,0.0,0.0,0.3798502382573179,0.511192648589932,0.3997469955724225,0.5176765125949879,0.5131729667812142,0.8788839964403088,0.497869750456482,0.20206347076694905,0.68045693115159,0.6817523820276445,0.4878413482497999,0.5264140590741355,0.2111801242236025,0.6516631128730026,0.42539267015706805,0.8445541546770449,0.44146341463414634,0.8478751506377147,0.5832471561530507,0.8668271469480585,0.47147766323024054,0.4156828959838027,0.6717411988582302,0.6805041606386756,0.5214528553116151,0.6860945857416144,0.5151515151515151,0.642535860478254,0.5805013927576602,0.8405398930754259,0.5873099108547457,0.8439192815545606,0.5382882882882883,0.8530646529039725,0.5404699738903395,0.07607383251291737,0.7061056627649478,0.7160982375230351,0.5864628827995539,0.6052254336606679,0.5217391304347826,0.6402413177844845,0.5225851285615011,0.689397125054405,0.6177897574123989,0.8343314544894184,0.650390625,0.8909257323272254,0.5909380982769623,0.6250318179652731,0.7350157728706624,0.5367677464178282,0.6325956254042964,0.6935121489549406,0.5138427464008859,0.6423003181989231,0.5830212234706617,0.7983960347155027,0.6157278304517568,0.840862795811759,0.6325301204819277,0.8605735597783266,0.6315165876777251,0.6384259949688404,0.7555555555555555,0.6744063555975158,0.6476165492890774,0.7334814066466862,0.5347176505669916,0.6000322945095838,0.9376947040498442,0.8073840967341224,0.8446843853820598,0.9463364293085655,0.8303440330978108,0.6706652126499455,0.9517625231910947,0.8317078884877948,0.7007797270955166,0.938449240607514,0.4287111317840703,0.8458262350936968,0.9405509908168197,0.8174536386123612,0.6685508735868448,0.9621951219512195,0.949200818514147,0.5098225602027884,0.9466149763896803,0.7546277320876219,0.9638507160422393,0.45112107623318387,0.9672157234330725,0.49402993441336396
c10_d8_s0,c10,8,0,15000,0,384.1092846393585,0.02921357937157154,0.000284913756708179,0.0,0.0,0.0,0.0,0.0,0.0,0.5916585838991271,0.8481440706671609,0.0,0.0,0.543582704186685,0.660663384275148,0.283810322021453,0.37720186373557724,0.35691657866948256,0.6527213104894115,0.2812006319115324,0.5933872645126891,0.2612481857764877,0.5894773643481974,0.5517241379310345,0.8657650680145756,0.4005661712668082,0.20970121166930927,0.6216135754688895,0.5508452515699818,0.46842308752980827,0.5595433777593248,0.0,0.0,0.41293874741913283,0.5133778078233003,0.44089456869009586,0.5210720603000495,0.510250569476082,0.8489452097055693,0.3900975243810953,0.22102266789630445,0.6355022109917877,0.6786979794082509,0.45511535255467694,0.523370619929477,0.2660217654171705,0.008909350250980561,0.5029726516052319,0.7828332974839401,0.5117056856187291,0.7866942056868389,0.5600835945663531,0.8397612317734764,0.44569816643159377,0.06498486961821053,0.6793181087166291,0.7090359295008402,0.5279999759820717,0.5349819121749451,0.5018796992481203,0.6433149907913231,0.5283018867924528,0.8008592298990865,0.5733969263381028,0.8456148335791118,0.5282167042889391,0.8505727080671935,0.5203145478374837,0.26172895551882525,0.6666666666666666,0.6535038512903774,0.5624310223964953,0.6322671332415591,0.5110619469026548,0.646686663401513,0.5425531914893617,0.8040045292021559,0.5751022793687902,0.8459173632555405,0.6118626430801248,0.8520998966455243,0.5588972431077694,0.4934131626501011,0.7199475925319359,0.7046153398327021,0.6084033211600248,0.7039161461036827,0.5188470066518847,0.6468062135700121,0.5831202046035806,0.7989020194334535,0.6151222285389426,0.8414189023294337,0.6056782334384858,0.8510241377795674,0.5767790262172284,0.49103992894117104,0.7620528771384136,0.5131232649120429,0.629218320848066,0.6543907608526036,0.505057343213228,0.5693816876853098,0.9453125,0.8349352290652506,0.5603305785123966,0.9488900361383583,0.8553352031617616,0.5359085963003264,0.9517625231910947,0.8565329689851099,0.5794346978557505,0.935251798561151,0.5975338496738872,0.82991452991453,0.9401544401544402,0.8621873488139264,0.6529774127310062,0.9600487953644404,0.9973190082151269,0.4815756035578145,0.946027513464129,0.826493668443412,0.9721756111673658,0.5374439461883408,0.9756857483332098,0.576153371825775
c10_d8_s0,c10,8,0,20000,0,512.3574097156525,0.019451670348644257,0.00026869113589409366,0.0,0.0,0.0,0.0,0.0,0.0,0.0,0.0,0.0,0.0,0.5532203389830509,0.6608100833176379,0.13830508474576272,0.16520252082940948,0.3315954118873827,0.6545986168699223,0.2863849765258216,0.5968795094090554,0.2776978417266187,0.5931688324333053,0.5567226890756303,0.8072662420063077,0.3937677053824363,0.18635441499329883,0.5934987766515204,0.6955622178774018,0.46063714528904864,0.5760162986119424,0.25871766029246346,0.8296176213365833,0.2367549668874172,0.7669268226629716,0.23030303030303031,0.7628360770085612,0.4852607709750567,0.8550767148979029,0.3498542274052478,0.18714866437432778,0.6047176554681916,0.6688488739421558,0.4204394682523666,0.6243836067209396,0.24849215922798554,0.008779736519438617,0.48214285714285715,0.8244826310377472,0.4921875,0.8279763771960029,0.5552115583075335,0.8500306097844186,0.43441466854724964,0.055439428707208575,0.6746909564085881,0.7630150205813705,0.5179811721800798,0.5555578268310151,0.5009242144177449,0.6440477647742802,0.5186943620178042,0.7834650932500129,0.5614754098360656,0.843010229036549,0.5374449339207048,0.8435633563522749,0.556687898089172,0.4881942835750833,0.6847571189279732,0.7703144409502672,0.5764803199237638,0.7147282774744765,0.5107296137339056,0.639506944344611,0.5375647668393783,0.7989192441268779,0.5422705314009661,0.7994427367328475,0.6441947565543071,0.8643407904727008,0.5726548129981607,0.4949772167834494,0.7199259716224553,0.4359302468761884,0.616740961291585,0.635301140633446,0.5072302558398221,0.6393113429913854,0.5686653771760155,0.8016000739214805,0.5796752856283824,0.8030740369935289,0.6528599605522682,0.8844243538588804,0.6216060080878105,0.4978748061997324,0.7456990928995934,0.3544789572770451,0.6430055086052697,0.6211933171594474,0.48194138004112513,0.556054712608668,0.9392523364485982,0.8182819572333451,0.6583747927031509,0.9429305912596401,0.800645733670525,0.5539803707742639,0.9454209065679926,0.8021841212007946,0.5905088062622309,0.9264,0.6268158012497046,0.8255613126079447,0.9414610546686019,0.8433106764879023,0.6474820143884892,0.9578497251069029,0.9974651900344124,0.47831632653061223,0.9420613478002289,0.8186572346183935,0.9776146390857804,0.6013452914798206,0.9820274172753065,0.6650597006558664
c10_d8_s0,c10,8,0,25000,0,638.8241302967072,0.014265868812799454,0.00024748012093701437,0.0,0.0,0.0,0.0,0.0,0.0,0.4654418197725284,0.6966180920874866,0.0,0.0,0.5454545454545454,0.660350029927717,0.25272409130676843,0.33924203050380086,0.0,0.0,0.31378763866877973,0.4257860855403129,0.34497816593886466,0.43078223239056557,0.5323435843054083,0.7393014740730588,0.33467202141900937,0.1648798305485246,0.5874026893135174,0.694631942494467,0.4185017241434541,0.47108400493991914,0.25316455696202533,0.6548163502833642,0.39555863983344897,0.6976968330123267,0.41596909207984545,0.7001234708679056,0.5044052863436124,0.7814826747431147,0.4220654265554843,0.18454256963048676,0.6514360313315927,0.6779482254648754,0.48320104346394893,0.5820464219732523,0.252760736196319,0.008630138929671727,0.481637567730283,0.7789197525864967,0.4918217710095883,0.7827950495733462,0.5497435897435897,0.8478302137548811,0.4235127478753541,0.0557556306571796,0.6753078418664938,0.7090014295913797,0.5143260511160419,0.5340088969249863,0.48846153846153845,0.6433714489443844,0.5617597292724196,0.8394359369813083,0.5655172413793104,0.8427869327051001,0.529989094874591,0.8399307276668732,0.512,0.30710212575641993,0.6930111038536904,0.7107700681809486,0.5683949254415094,0.6582502569536265,0.49130434782608695,0.6393209233987607,0.5230369889682025,0.7989866564629349,0.5575271894676589,0.8412646493699855,0.608780487804878,0.8916799434194689,0.5429292929292929,0.4920507360547985,0.703962703962704,0.5243532133063995,0.5949071650293811,0.6669853256311402,0.5240641711229946,0.6689558762485933,0.5580791693705386,0.8558046508020719,0.5553539019963702,0.856075005102237,0.6141248720573184,0.8525634618509828,0.58656330749354,0.5994061292876575,0.7330226364846871,0.6845479920215553,0.6198858075497117,0.7325323568027907,0.4931344011501165,0.5691641848185023,0.9360374414976599,0.8085973458934738,0.5783333333333334,0.9400826446280992,0.8289237600366572,0.5071428571428571,0.9451672862453532,0.830296277339387,0.5442477876106194,0.9249201277955271,0.5190988160646522,0.8238341968911918,0.940779971112181,0.8434877083949225,0.6366427840327533,0.9593147751605996,0.9975412505771204,0.47225765306122447,0.941360999548003,0.795683392364967,0.978431939823521,0.5908071748878924,0.9824035413528532,0.6499803800661472
c10_d8_s0,c10,8,0,30000,0,764.7895731925964,0.010670262388885021,0.00022218358646113165,0.0,0.0,0.0,0.0,0.0,0.0,0.0,0.0,0.0,0.0,0.5458887751620607,0.6604942871288171,0.13647219379051517,0.16512357178220427,0.35181236673773986,0.6494435455023813,0.27048528241845665,0.5904809872684221,0.2556610664718773,0.5866640376952886,0.512273212379936,0.8042344370451114,0.42160278745644597,0.3718578014835525,0.5895678092399403,0.5515742912624231,0.4540241785714201,0.5841323466532794,0.34649122807017546,0.655768419390208,0.2696994313566206,0.5958437313604962,0.2561429635145197,0.5919950841652859,0.48053392658509453,0.8094927448641045,0.39180537772087065,0.18359502422212723,0.64501312335958,0.6795414940306658,0.4520325754948293,0.5717912520222235,0.24324324324324326,0.008488612370289417,0.47561709813365444,0.8235311510230543,0.48392554991539766,0.8270153051421248,0.3873325213154689,0.8342814671573111,0.40308988764044945,0.05558779827836521,0.6867661059980958,0.7410944312203805,0.46952928634619484,0.54599384654197,0.3572938689217759,0.6212410370323589,0.4942381562099872,0.8263704355238554,0.5029868578255675,0.8298686429841955,0.5843137254901961,0.9011707683228252,0.45722108145106094,0.4830549370085532,0.6874180865006553,0.7094584209392518,0.5451147969402557,0.7132110411960251,0.5171270718232044,0.6392989275381792,0.5345744680851063,0.7847254227726197,0.5620608899297423,0.8412166823153743,0.5497835497835498,0.8548374552967221,0.5470085470085471,0.48777600459360015,0.7309315157416423,0.4391712500007744,0.5914111056199393,0.6342162635249552,0.511578947368421,0.6810477969044472,0.5237140948563794,0.8301111438125797,0.5282784338098198,0.8304626918988812,0.5788336933045356,0.8578132026610465,0.58375,0.5979771373054332,0.7348011830430496,0.8217743129083745,0.6046438420897813,0.7645262992700392,0.4647468541218479,0.5684278029986709,0.935408560311284,0.8085140343699482,0.5391014975041597,0.9378531073446328,0.8206333188004205,0.47754654983570644,0.9426987060998152,0.8220567251693497,0.5210784313725491,0.9216,0.5107460282095229,0.8081597222222222,0.9415741187831965,0.8441369731334237,0.6338461538461538,0.9614678899082569,0.9961111580710943,0.4538804071246819,0.9408238666525077,0.7920155463818201,0.9843483292347751,0.7257847533632287,0.9894088522971597,0.7878804865743595
c10_d8_s0,c10,8,0,35000,0,891.6552793979645,0.007826654240489006,0.00019387831257830973,0.0,0.0,0.0,0.0,0.0,0.0,0.0,0.0,0.0,0.0,0.5398773006134969,0.6594697090680164,0.13496932515337423,0.1648674272670041,0.3284823284823285,0.6526883105450619,0.2888368462138954,0.5954416248079426,0.2785355348169419,0.5918720406749248,0.45454545454545453,0.6774350791250153,0.363382250174703,0.18420040284075223,0.5909722222222222,0.6949070583961859,0.4268795408616921,0.5424691330928159,0.0,0.0,0.21728395061728395,0.41311560710132006,0.35828220858895704,0.5492641261003021,0.4916573971078977,0.8266334001310933,0.30390738060781475,0.17138774107702703,0.6320571057754705,0.6260462772541276,0.4048693174733158,0.4862151657156972,0.0,0.0,0.4090606262491672,0.8209358613611483,0.4265344079355239,0.8244624543540808,0.40963855421686746,0.835195870772548,0.4166666666666667,0.22982699127661033,0.6662358642972537,0.7921833969888219,0.4427681908105879,0.6014180910690975,0.48687782805429863,0.643338709562783,0.5159763313609468,0.7842384674865439,0.5524006195147134,0.8430255682483184,0.5127635960044395,0.8418339959463849,0.5377720870678617,0.48860993817935744,0.6671100764881942,0.7238473348996008,0.5590160048009538,0.7027897126978062,0.5074946466809421,0.6398390856308572,0.5305859626529298,0.7853232380296463,0.5555555555555556,0.8413677629515984,0.5939771547248183,0.8487729597299543,0.5627283800243605,0.4938611669485064,0.7227495908346973,0.48110760595046864,0.6026667951367546,0.6448129403749074,0.4955357142857143,0.6395469761827386,0.532235939643347,0.8025874476807519,0.5479951397326853,0.8430817605839722,0.6349809885931559,0.9163728980507899,0.5446194225721784,0.5435008658508684,0.7408360128617363,0.7678132184262431,0.6114230054785799,0.7473564276192639,0.45465602567360835,0.5557041282623704,0.9346970889063729,0.8610940370626919,0.5294612794612794,0.9373381667529778,0.8254493608923333,0.474585635359116,0.9407925407925408,0.8262377698175284,0.5118929633300298,0.9220883534136546,0.36019299839803454,0.8214285714285714,0.9393647738209817,0.8808408444229628,0.6039959016393442,0.9614678899082569,0.9960750563814808,0.43638676844783714,0.9401325706567143,0.7686756554483323,0.9844857514827138,0.7091928251121076,0.9894016191418222,0.7797522282639161
c10_d8_s0,c10,8,0,40000,0,1022.8981366157532,0.0057336571626365185,0.00016376915033274812,0.0,0.0,0.0,0.0,0.0,0.0,0.0,0.0,0.0,0.0,0.5403389830508475,0.6594086055265711,0.13508474576271187,0.16485215138164278,0.3490073145245559,0.6558147505440322,0.29153605015673983,0.5960715353296048,0.2780979827089337,0.5923274143193843,0.4682203389830508,0.7500798258425277,0.36224843858431643,0.18300154726894116,0.5849912739965096,0.6955443142450956,0.43041845850682164,0.5608408968552262,0.286368843069874,0.44938625560998474,0.36423841059602646,0.7292456572031806,0.3477188655980271,0.725677699815872,0.4760845383759733,0.7975740563727663,0.41015873015873017,0.20185929664803157,0.663510101010101,0.6083868337846063,0.4706321856581951,0.5606475144204375,0.2119700748129676,0.618258863341558,0.40480961923847697,0.8212661135337798,0.4238657551274083,0.8247884607061442,0.505795574288725,0.7961533258502492,0.43704197201865425,0.3016860074220885,0.6746597537265068,0.7921609643884728,0.4910947791067093,0.6611928608803261,0.4920353982300885,0.4920200147327898,0.5601703940362087,0.6955172161803806,0.563819095477387,0.6989168181378019,0.48152295632698766,0.841614316498932,0.5129174543163201,0.4821185228393832,0.679401464501751,0.7074329873829921,0.5531292094315717,0.6649959607679079,0.5407166123778502,0.6443928996185565,0.5083333333333333,0.6195472792266065,0.5706117781589479,0.8414747074562677,0.5921450151057401,0.8473247178607554,0.5465916197623515,0.4923325135832657,0.7107594936708861,0.7055301170809886,0.5973458424572553,0.6867480776563716,0.5221238938053098,0.5666196941564079,0.5399339933993399,0.7464396080958815,0.5767878077373975,0.8097118078311814,0.6082677165354331,0.8454976645449301,0.5696821515892421,0.6000419558212083,0.7496977025392987,0.7472566054257368,0.6184823672444975,0.7250966489549246,0.4708839411668232,0.5749105872738338,0.9328125,0.8333490108844909,0.4748743718592965,0.9369834710743802,0.7958161941809566,0.4906284454244763,0.9409576940957695,0.79678604937101,0.5296442687747036,0.92,0.42367219402926637,0.8069565217391305,0.9416867469879519,0.8830490347242491,0.6013306038894575,0.9599755575924228,0.9959660562527284,0.45607893061744115,0.9396450482426061,0.7778344257879324,0.9877187906842181,0.7742152466367713,0.9930760620532396,0.8510566735803576
c10_d8_s0,c10,8,0,45000,0,1150.826551437378,0.0040906015783548355,0.0001331377356387188,0.0,0.0,0.0,0.0,0.0,0.0,0.0,0.0,0.0,0.0,0.5507931150860614,0.6597615160703904,0.13769827877151536,0.1649403790175976,0.0,0.0,0.0,0.0,0.0,0.0,0.5047120418848168,0.7762253835820005,0.30950728660652327,0.021635946511684996,0.6180577102078808,0.6197672851667899,0.3580692596748052,0.3544071538151189,0.26047565118912797,0.7520168945309389,0.4011142061281337,0.7753960123840234,0.42506459948320413,0.7793310108380028,0.49443207126948774,0.7708175750177818,0.24962852897473997,0.016910779196201074,0.6409749670619236,0.6423920810858812,0.43681342989324334,0.5497587686377131,0.20174346201743462,0.6181823695709193,0.39866666666666667,0.8221571629080155,0.4119106699751861,0.8256614381029082,0.5215562565720294,0.8201840441568735,0.4352112676056338,0.057386876553406733,0.6735483870967742,0.7923113368149062,0.49193904437354996,0.6063039785964502,0.4862466725820763,0.4793589371581944,0.5093399750933998,0.5444165373111107,0.5633652822151225,0.7040094368351123,0.5044444444444445,0.840178585133211,0.49017199017199015,0.3013490003178566,0.6874391431353457,0.7074818634590011,0.5504265552621617,0.606234438169552,0.4952178533475027,0.6381228152915709,0.5513054037644202,0.8474173609562006,0.5594087549744173,0.8507834731279297,0.5458563535911602,0.8422113042613272,0.5422667501565435,0.48988083045622677,0.7232963549920761,0.7220281982889265,0.5866825323588067,0.7082237206995952,0.5320304017372421,0.6417730786642268,0.5333333333333333,0.8092236393470714,0.563515954244431,0.8094189694497098,0.6195426195426196,0.872492391311136,0.5531370038412292,0.5441305005652061,0.7493765586034913,0.6261704710229952,0.6162540196064189,0.6990663146799183,0.453983302848643,0.5269906790879921,0.9364705882352942,0.8346340628209423,0.5268006700167505,0.9391124871001032,0.8123385598246173,0.47197802197802197,0.9414498141263941,0.8132047112422462,0.510365251727542,0.9182692307692307,0.42574630609153186,0.794066317626527,0.9398749398749399,0.861868032246943,0.6033776867963152,0.9605383909452432,0.9962959735703787,0.4375796178343949,0.9394233811858361,0.7759923558011972,0.9875379719369304,0.7713004484304933,0.9929711813008468,0.8434889848085655
c10_d8_s0,c10,8,0,50000,0,1277.1730749607086,0.0026957544032484293,0.00010328793476977183,0.0,0.0,0.0,0.0,0.3680762358546754,0.7323087232777564,0.0,0.0,0.0,0.0,0.5461355124276472,0.6611440214713552,0.1672068977614681,0.22631173230765184,0.0,0.0,0.0,0.0,0.0,0.0,0.4594309799789252,0.6874888844223501,0.0,0.0,0.6628966383914546,0.6826432460236548,0.28058190459259497,0.34253303261150125,0.2831050228310502,0.4503728395192379,0.42657807308970097,0.8509640020910919,0.43042671614100186,0.8542441696284808,0.4883227176220807,0.8103291759431837,0.2884012539184953,0.23273926149725402,0.6892345227203416,0.6239392152900848,0.46149877457037547,0.5963836641191982,0.3751274209989806,0.619557750406792,0.47750449910017995,0.824375096074252,0.4856661045531197,0.827866327551112,0.5484536082474227,0.8117108185417188,0.42675585284280937,0.3000218379778613,0.6766721044045677,0.7411654140480752,0.52449522676139,0.6525411154779268,0.47568523430592397,0.47498589574230166,0.4824561403508772,0.6274532551696219,0.5176726481783578,0.6888621919093808,0.5400410677618069,0.8266582142295478,0.49938195302843014,0.3056553283014899,0.6796302199553714,0.7073668109048145,0.552747812089332,0.6091952002607384,0.5080385852090032,0.644104134438737,0.5299145299145299,0.7973597131252742,0.5327617881200245,0.7978651601430191,0.6223506743737958,0.8635679093538331,0.5462783171521035,0.484525747031226,0.7325829023425616,0.7187497350607643,0.606195882070745,0.7033215985037083,0.5496342737722049,0.68226632878522,0.5459317585301837,0.8189873563278981,0.570267131242741,0.872650263389017,0.628,0.884288486596285,0.550063371356147,0.5437844934895926,0.7355877616747182,0.6632565011260095,0.6172322135531437,0.7206576993448164,0.4585655301998641,0.5501348632322202,0.935408560311284,0.808589448202858,0.49417637271214643,0.9387545033453423,0.8123687451710244,0.4769736842105263,0.9425393883225208,0.8132425076728362,0.5147492625368731,0.9213483146067416,0.6356414806741425,0.7813588850174216,0.9421407907425265,0.8875582829209675,0.5895598771750256,0.9603416717510678,0.996288743513474,0.45171537484116897,0.9406828986066795,0.8327221851977059,0.9875669029364964,0.77152466367713,0.993672797368578,0.8574471663209822
c10_d8_s0,c10,8,0,55000,0,1408.1336455345154,0.001851046341471374,7.549034358359007e-05,0.0,0.0,0.0,0.0,0.0,0.0,0.5151219512195122,0.7638268420907726,0.0,0.0,0.5489522500858811,0.6729666443644754,0.26601855032634836,0.35919837161381196,0.0,0.0,0.0,0.0,0.32887189292543023,0.7416038844956824,0.47958115183246075,0.7617006111961611,0.3040218132242672,0.15250480748197326,0.6357167062012877,0.7100890011484015,0.38223590889162307,0.4678739286646075,0.27177700348432055,0.6232881988018903,0.4172461752433936,0.8535126662349672,0.4309677419354839,0.8569826757822349,0.5016722408026756,0.8026051538610278,0.27259036144578314,0.018710594681807326,0.6444591029023746,0.7003066300655815,0.44801300300964153,0.5748875563870285,0.3696303696303696,0.6217712693464225,0.47455621301775147,0.8227757783408403,0.48501664816870144,0.8262748591578011,0.5072765072765073,0.7902011161398774,0.40335051546391754,0.22005525889354502,0.6761723700887199,0.707926504597506,0.5074667841086881,0.6187808788114875,0.3668763102725367,0.6193244057517326,0.5345413363533409,0.6884963038638848,0.5378061767838126,0.6919629637675824,0.5202185792349727,0.8483697851341989,0.43333333333333335,0.42917606928367574,0.6974063400576369,0.7056695660748739,0.5326748817739599,0.6624524945717871,0.5051546391752577,0.6413895638513606,0.5347738014854828,0.785426490469569,0.5581668625146886,0.8418538277543436,0.5905349794238683,0.8686846977962492,0.5046357615894039,0.3403860290527539,0.7225887527489789,0.7062490067028169,0.5876144820385152,0.6678857568942278,0.5199115044247787,0.6442488296094554,0.5318860244233379,0.7855706893284604,0.5752941176470588,0.8417898068692918,0.6024590163934426,0.8636242394608429,0.5527508090614887,0.545311254863189,0.7481012658227848,0.449461389775773,0.6114187433606936,0.6538999981755519,0.47649176478706706,0.5721398550169289,0.9355089355089355,0.8343621376010553,0.4941860465116279,0.9383350462487153,0.8121202555066064,0.447973713033954,0.9421564090698751,0.8129938243294801,0.4906679764243615,0.9196141479099679,0.7313350209505872,0.8181818181818182,0.9421965317919075,0.890256415977444,0.6022494887525562,0.9596823457544288,0.9978717762005032,0.47963080840229155,0.9400399555997032,0.8598221547352286,0.9907782438883264,0.8336322869955157,0.9970036654014672,0.9285834407758282
c10_d8_s0,c10,8,0,60000,0,1534.8624749183655,0.0011296820593997836,5.0928202945658506e-05,0.0,0.0,0.0,0.0,0.0,0.0,0.5196078431372549,0.810227510308561,0.0,0.0,0.5426195426195426,0.6724768744838554,0.2655568464391994,0.3706760961981041,0.0,0.0,0.3545663852647736,0.787312055996988,0.3674911660777385,0.7911934012805348,0.5101626016260162,0.7741695369731367,0.28291316526610644,0.16576229793476432,0.557919621749409,0.5811790308940221,0.3979203097722589,0.5118198378902743,0.0,0.0,0.3395638629283489,0.7847518279483999,0.3538681948424069,0.7886578501872785,0.5039018952062431,0.8030938751586729,0.24962852897473997,0.01730628929107229,0.6564593301435406,0.6592928435677416,0.41028344339536055,0.501040725182345,0.3719512195121951,0.619876116951814,0.37748798901853126,0.7491066266051375,0.45668387837062535,0.8129091960521937,0.4488836662749706,0.839572149240359,0.4345514950166113,0.29510452657329694,0.6692657569850552,0.8039585200455822,0.4886854868109386,0.6664831272655716,0.49508489722966936,0.4953256182035105,0.5110336817653891,0.6444807086765268,0.5580221997981837,0.7012871838601831,0.5121951219512195,0.8467215120285732,0.5123339658444023,0.4855936985574724,0.6781719399169064,0.7072897813767993,0.5560203218275689,0.6633257072190629,0.5077081192189106,0.6406229619127628,0.5289806795469687,0.7821626720662204,0.551764025448236,0.8387760915728171,0.5893223819301848,0.852824404110256,0.48592999313658203,0.341490836252759,0.713527851458886,0.5481219699947886,0.5795661253159229,0.6240727797187675,0.5192743764172335,0.5631503930168402,0.5493619879113499,0.7441150995880156,0.5741399762752076,0.8061488172173511,0.5962343096234309,0.8763807376256688,0.5634161886551944,0.7074975261852905,0.7510862818125388,0.7142791295924967,0.6145822234064403,0.7506572075027145,0.47323067956681275,0.5840107829966915,0.9352068696330992,0.8332080469177967,0.511686143572621,0.9362139917695473,0.7824625822097401,0.4478021978021978,0.9397590361445783,0.7835124414981095,0.4817554240631164,0.9193548387096774,0.7325782344973805,0.7666666666666667,0.9398170438131921,0.8889914535858687,0.5845286885245902,0.9591214154972544,0.9962256105197455,0.47646310432569977,0.9388383159672997,0.8543807472028858,0.9903298133950528,0.8244394618834081,0.9966980645884606,0.919614328157408
c10_d8_s0,c10,8,0,65000,0,1660.5152361392975,0.0006792451604269445,3.06470325325539e-05,0.0,0.0,0.0,0.0,0.0,0.0,0.0,0.0,0.0,0.0,0.5507839127471029,0.6609905568778568,0.13769597818677573,0.1652476392194642,0.0,0.0,0.382242287434161,0.8061320104302881,0.3941707147814018,0.8100044763613139,0.5071283095723014,0.7757503464951979,0.0,0.0,0.6052363141788507,0.6309232731751888,0.3427922394557516,0.48634644548356354,0.0,0.0,0.3223270440251572,0.7847158220916179,0.33670520231213874,0.7886190037066964,0.5104972375690607,0.8457833565907491,0.28383321141185075,0.17842715580696158,0.6446118571896495,0.6764913152111167,0.41465493040408163,0.5562866923853997,0.2605548854041013,0.009248502122702711,0.4811764705882353,0.8441530905710104,0.4845474613686534,0.8474349365637318,0.5424430641821946,0.820957474909869,0.4514851485148515,0.21327032421699307,0.6828358208955224,0.6824366497545352,0.5213809098448913,0.5709024896584698,0.24427480916030533,0.0082443097640332,0.36977256052824653,0.6504375201947233,0.42714819427148193,0.7217855505053117,0.5055432372505543,0.8362782915522007,0.43232323232323233,0.29555856304064526,0.6848699004176036,0.7631840354599619,0.492450389494517,0.5887941708852076,0.49111807732497387,0.6400526037817454,0.5242984257357974,0.8146299340847786,0.5541740674955595,0.8729252228784238,0.6032719836400818,0.8696812733788163,0.4983299933199733,0.4192024928849211,0.711340206185567,0.7423949836107586,0.5840347599994331,0.7017870008640363,0.5091324200913242,0.47745101021475195,0.5573770491803278,0.6910893985658508,0.5793421811886902,0.7588828205700665,0.6354581673306773,0.8706866187769506,0.5498412698412698,0.43348524268602456,0.7418019738936644,0.6155767919195801,0.6189296569714314,0.640555765791528,0.444562694908126,0.5299886006125242,0.9290724863600935,0.8083278295734199,0.5234899328859061,0.934156378600823,0.8121493460576604,0.4708149779735683,0.9383974062065771,0.813024343033817,0.5078973346495558,0.9196141479099679,0.7408429436451942,0.7788461538461539,0.9445248432223831,0.8891728788599489,0.5965270684371808,0.9606347268843455,0.9962829533698245,0.4831639135959339,0.9396622854347986,0.8593664871908168,0.9913351656299725,0.8439461883408071,0.9978662191754565,0.9452884130276361
c10_d8_s0,c10,8,0,70000,0,1790.8671822547913,0.0004635817022062838,1.5510126917964977e-05,0.0,0.0,0.0,0.0,0.0,0.0,0.5339805825242718,0.8158985501029843,0.0,0.0,0.5475943232952579,0.6729269706014338,0.27039372645488247,0.3722063801761045,0.0,0.0,0.407158836689038,0.8070792077506457,0.4198210598761184,0.8109533180529458,0.5260960334029228,0.7442064597786833,0.0,0.0,0.5208491281273692,0.6501851583356432,0.3306512817630027,0.48343394834554754,0.0,0.0,0.32339089481946626,0.7846047059330779,0.33766233766233766,0.788508840938713,0.5127635960044395,0.8642371811875962,0.2714600146735143,0.17951219778911762,0.6454991816693945,0.6758784156767034,0.4125184674603207,0.5609997442360035,0.2545454545454545,0.008708110878009316,0.4811764705882353,0.8439771345001482,0.4845474613686534,0.847262037493842,0.5383022774327122,0.8201088771255668,0.4416277518345564,0.21258133964295717,0.6825297432686287,0.6829837066609106,0.5173040586758363,0.5705807544300252,0.24535315985130113,0.008254945607201157,0.4229529335912315,0.7913158459217328,0.5290900049726505,0.7129318484253672,0.5144766146993318,0.850949155073829,0.4608294930875576,0.4169685843095214,0.701765447667087,0.6822612912473044,0.5190508970647594,0.6135866443205221,0.5391304347826087,0.6442898688756108,0.5310880829015544,0.7845811871630912,0.562358276643991,0.8407624962546136,0.5647840531561462,0.852149069958856,0.5370978332239001,0.4285675349019352,0.7127127127127127,0.5221453230522453,0.5896967159672026,0.6398516113360354,0.5167037861915368,0.6460425645713076,0.5357142857142857,0.7907836600230379,0.5569620253164557,0.8466777916155699,0.6510757717492984,0.902420685652164,0.5467084639498433,0.4321425987781196,0.7321946503383822,0.7160980861868974,0.6166097296112374,0.7029573440051216,0.46517498242817734,0.5633737752641943,0.9292929292929293,0.8083298514483238,0.524247491638796,0.9344262295081968,0.8121479333631527,0.47094298245614036,0.938568129330254,0.8130219573537131,0.4896653543307087,0.9203539823008849,0.7325041789796789,0.7832167832167832,0.9422521655437921,0.8891923789600091,0.601123595505618,0.9591463414634146,0.9962718525166966,0.4828353464717101,0.9389620630046379,0.8572837477945285,0.9915593808766093,0.8484304932735426,0.9982839338961934,0.9547059812769774
c10_d8_s0,c10,8,0,75000,0,1917.569990158081,0.00035591021878644824,6.161808308812815e-06,0.0,0.0,0.0,0.0,0.0,0.0,0.0,0.0,0.0,0.0,0.5473974491554636,0.6618184234534692,0.1368493622888659,0.1654546058633673,0.0,0.0,0.0,0.0,0.29083390764989664,0.43009798019136364,0.4883720930232558,0.8053547784724188,0.0,0.0,0.6296547054840894,0.6639729101203016,0.30374285859766104,0.4031734204974604,0.2863741339491917,0.4496015020969596,0.5451541850220264,0.7138237976685673,0.5435684647302904,0.7170596084371436,0.517051705170517,0.803127905451828,0.2863886703383163,0.2323891594061915,0.6810262907823883,0.6246290333359026,0.4857080652145978,0.5717436002320364,0.19371069182389938,0.6117269926307923,0.4,0.81899319879462,0.41331658291457285,0.8225035592893839,0.46853146853146854,0.7962622633284132,0.42140921409214094,0.057661924542780026,0.686305233469132,0.7937725885165853,0.47798041858472473,0.5996928399898444,0.36538461538461536,0.6193800498537521,0.48867699642431467,0.8253066838568897,0.49162011173184356,0.8287502606504811,0.5187637969094923,0.8454438107895943,0.4425133689839572,0.2958625326396113,0.7137898390659514,0.7090727212572515,0.530906894868248,0.6520478490350412,0.5005235602094241,0.6424626977970715,0.524349566377585,0.7843868061842154,0.5543981481481481,0.8409316228956453,0.6160081053698075,0.8783158850150028,0.4930167597765363,0.2657045802166586,0.7173051519154557,0.5479255930056033,0.588188443826713,0.6119682751323938,0.51953125,0.6834107308854532,0.5862286797220467,0.8256673120572408,0.6049107142857143,0.8788879032408065,0.6554934823091247,0.9244046041131367,0.5372945638432364,0.539996472333824,0.7554624363962885,0.6598112293364556,0.6296185076378091,0.7300502386278125,0.45042779300265995,0.533447261339708,0.9301242236024845,0.8083306404081734,0.5333889816360601,0.9344933469805528,0.7892825566675664,0.47754654983570644,0.938134810710988,0.7902918873247998,0.4950787401574803,0.9194847020933977,0.7324995721546161,0.7863397548161121,0.9426506024096386,0.8891944969558794,0.5915132924335378,0.9591463414634146,0.9694550321345851,0.4831532104259377,0.9388831099327815,0.8467793656779818,0.9916895703746564,0.8526905829596413,0.9985063534228196,0.9597511071248388
c10_d8_s0,c10,8,0,80000,0,2048.636116504669,0.00030960835283622146,3.0000001268729423e-06,0.0,0.0,0.0,0.0,0.0,0.0,0.5387596899224806,0.816113627680655,0.0,0.0,0.5470914127423823,0.672915192362273,0.2714627756662157,0.372257205010732,0.0,0.0,0.0,0.0,0.0,0.0,0.5112016293279023,0.786669923528749,0.0,0.0,0.5843247025892232,0.5858142105213158,0.27388158297928133,0.3431210335125162,0.287369640787949,0.5248342970136204,0.5465564738292011,0.7454599354142247,0.5438505448884277,0.7484859502381092,0.5203073545554336,0.8032537235697893,0.28818897637795277,0.23239839838978302,0.6808375634517766,0.624603909813204,0.48714819522175556,0.5832956898320236,0.0,0.0,0.32326283987915405,0.5093073568136949,0.41676942046855736,0.8448229899872076,0.4756380510440835,0.847032025218123,0.44223107569721115,0.21232246479529948,0.6920980926430518,0.68302932779754,0.46416115987506257,0.5484401500194825,0.45521023765996343,0.6395473314174516,0.44701348747591524,0.7626117511896119,0.4922907488986784,0.8239981119970033,0.5252747252747253,0.8429507509127011,0.43049932523616735,0.2955221654863772,0.6969404186795491,0.7074313529764117,0.5293881568004902,0.6469891668942114,0.4837696335078534,0.642481702231934,0.518918918918919,0.7846962435085856,0.552168815943728,0.8412737752887925,0.6238341968911917,0.8620933777482715,0.5106951871657754,0.3457080850031011,0.7112462006079028,0.5239553787329274,0.5910153435304258,0.6219768537901844,0.5415318230852212,0.6459624715333012,0.586857514638907,0.8108986790160548,0.5957200694042799,0.8516531922493514,0.632,0.8720762642420917,0.5316455696202531,0.2812857451924717,0.7380876239206907,0.6676807133914411,0.6191090823126033,0.6476368759397267,0.46230947091226204,0.5376738535712681,0.9278510473235065,0.8083288983659919,0.5301003344481605,0.9329923273657289,0.7892816060599271,0.4758771929824561,0.9372693726937269,0.7902922165757854,0.4950787401574803,0.9204819277108434,0.7325061962544905,0.7774869109947644,0.9427058257101589,0.8891915420123377,0.5883554647599591,0.9591463414634146,0.9694550321345851,0.4853782581055308,0.9387595860030178,0.8467800860171621,0.991725734124114,0.8535874439461884,0.9985262445999975,0.9599192779864342
c11_d8_s0,c11,8,0,5000,0,100.19557762145996,0.5505512952804565,0.000999577995557936,0.0,0.0,0.0,0.0,0.39487478159580663,0.8135057227715112,0.6992864424057085,0.8964519383994466,0.0,0.0,0.611919611919612,0.6594109376477508,0.36070774538098066,0.45675786257609197,0.0,0.0,0.35784685367702807,0.6586284140777375,0.3522012578616352,0.658651152804896,0.6241900647948164,0.8924255251035437,0.4802784222737819,0.4756841770137858,0.5916870415647921,0.6859755191174953,0.4832095581199029,0.6232946025489257,0.34949267192784667,0.037976748249547554,0.4669365721997301,0.5282488710503461,0.45545796737766625,0.5285812117961707,0.6076502732240437,0.8918060575206336,0.5206971677559913,0.3559623706178756,0.6118752096611875,0.6126994088320096,0.5410462636190759,0.5563508618339683,0.5746209098164405,0.5378787328513644,0.5690962099125364,0.5487883708213642,0.6205867727498757,0.7287819327584539,0.5653153153153153,0.8817382543707583,0.560287326834274,0.6474606796095653,0.6977049180327869,0.6378514426473001,0.6028522144188317,0.6930500138595045,0.5226039783001808,0.8014597952718411,0.5770567786790266,0.7976671658883918,0.5810663764961915,0.8013884101425397,0.6540483701366983,0.8926088764719098,0.488671157379057,0.508030040297833,0.7024016707274626,0.687042550622238,0.6013408940170877,0.7219633144565596,0.5773624091381101,0.806267807454496,0.6336975273145485,0.7322555794298472,0.6418152350081038,0.7365342163417388,0.708502024291498,0.9182151852473647,0.5825892857142857,0.37313998605051824,0.7427609427609427,0.6623018954196966,0.6628693274800784,0.6780024002815684,0.6287952987267384,0.8899986033459124,0.6691358024691358,0.7766469426242893,0.6420323325635104,0.779594772072407,0.6966292134831461,0.918138529698164,0.5864570737605804,0.649781181972834,0.7504363001745201,0.6039704391348734,0.6700442663345103,0.7468258975383518,0.5602957527672097,0.6394635647278529,0.9466248037676609,0.7657951122171717,0.538971807628524,0.9530271398747391,0.7881164744193596,0.5832420591456736,0.9518466573165031,0.7899786910216461,0.5957760314341847,0.9510603588907015,0.9975762482765772,0.7204116638078902,0.9508840864440079,0.9923734894507356,0.6797520661157025,0.9617718446601942,0.9130285877914133,0.6009463722397477,0.9535539559119678,0.9210687711845297,0.979357731809634,0.5775784753363229,0.9838646387310153,0.6255956051348169
c11_d8_s0,c11,8,0,10000,0,202.75893807411194,0.02671661600470543,0.0009848581542776886,0.0,0.0,0.0,0.0,0.0,0.0,0.6457023060796646,0.8887378516051846,0.0,0.0,0.6016483516483516,0.6542071886658946,0.31183766443200406,0.3857362600677698,0.0,0.0,0.3346183500385505,0.5149886763941938,0.32363378282469835,0.515822844202102,0.586015538290788,0.8905825583035112,0.3394109396914446,0.41399875918201823,0.5788185948968892,0.6477961324692166,0.4309156126250512,0.5739953225383778,0.0,0.0,0.28711256117455136,0.46013312897193626,0.26606875934230195,0.45698201445221953,0.5653153153153153,0.8871962142681369,0.47215189873417723,0.5203702876525345,0.6572769953051644,0.5709723338964525,0.46978449571506864,0.5710609709062939,0.5295169946332737,0.4825890181177087,0.5181476846057572,0.7267471875379375,0.5111111111111111,0.7260192732318402,0.4940898345153664,0.8610859931830538,0.49425981873111785,0.525105952830239,0.6746081504702194,0.6984266297789757,0.5456374334583544,0.6824342671886909,0.47548566142460685,0.6634309478397153,0.4879594423320659,0.8330825306042706,0.4710059171597633,0.8319077703470287,0.5892116182572614,0.8589379712274642,0.48180242634315423,0.21175716190457067,0.6520960229308491,0.578013922810178,0.5503151019591859,0.6062123680514712,0.5457979225684608,0.6774725815369175,0.5430210325047801,0.7143013718465284,0.5560588901472253,0.7219253915393593,0.5991902834008097,0.8706496241639459,0.5763688760806917,0.41106158087260775,0.6848441926345609,0.6663297099279013,0.6021739917973877,0.6631518408180141,0.48743169398907105,0.4577844832932234,0.536241180243746,0.7620688763553702,0.5447201384881708,0.7633491689104642,0.5949748743718593,0.8556539063506947,0.5477326968973747,0.21809369114869034,0.7111111111111111,0.6042691816741045,0.5941540883218352,0.5847710721732939,0.5006883411869839,0.5810517288205589,0.9467084639498433,0.7811381763253811,0.5248344370860927,0.9546638874413758,0.7540413551868794,0.5109170305676856,0.9532273152478953,0.7559785843815355,0.5181550539744848,0.9360655737704918,0.9970703275737057,0.6147110332749562,0.9444985394352483,0.992619611944933,0.6386597938144329,0.9585977636748262,0.9140188807799243,0.5611601513240857,0.9476737747734011,0.9168570480657905,0.9905974251410387,0.8112107623318385,0.9951501693462493,0.8728628286338921
c11_d8_s0,c11,8,0,15000,0,303.7419843673706,0.013311391696333885,0.0009497125223605969,0.0,0.0,0.0,0.0,0.0,0.0,0.6542827657378741,0.9156688563682275,0.0,0.0,0.5944619698562916,0.6552014593413248,0.31218618389854147,0.39271757892738807,0.0,0.0,0.0,0.0,0.0,0.0,0.5730211817168339,0.8918036726680749,0.3230769230769231,0.2152546848729018,0.5569884977344022,0.5710844492572636,0.3632716506320398,0.4195357016995601,0.0,0.0,0.0,0.0,0.0,0.0,0.5743016759776536,0.8916328148512429,0.46171829339567505,0.49977818413902875,0.6186719263642341,0.643486686255793,0.4136729739343907,0.5087244213115162,0.2638190954773869,0.04589007841060954,0.43190661478599224,0.7990636600317567,0.4328899637243047,0.8032489915601099,0.5339470655926352,0.8780239736791874,0.45278450363196127,0.45016577488795056,0.6858621805241022,0.6635942078943915,0.512199743602815,0.6352962166155887,0.47101449275362317,0.5604757867795889,0.5992260917634052,0.6612707965351219,0.586153045288912,0.6645511876553376,0.5033407572383074,0.8606075921606025,0.4351297405189621,0.35561688518751694,0.6866866866866866,0.6797895379938188,0.5443220985948174,0.6311949847496552,0.445771144278607,0.4823988508003723,0.5545053560176434,0.6846795575801914,0.5827530798071773,0.7521958847080251,0.6012396694214877,0.8439934934368408,0.5330990041007616,0.3608622875730274,0.7008319467554076,0.7014915487072811,0.5907117867446998,0.6365263568533365,0.5065065065065065,0.04267087072193855,0.6125373134328358,0.47991779611639973,0.6183574879227053,0.5604107958325049,0.6261682242990654,0.8648287087124528,0.5828759604829857,0.2591692905779092,0.6826889585510275,0.7168620166499652,0.6177167281551069,0.550464959207652,0.4791544522232016,0.5392086027663853,0.940809968847352,0.7915242528952366,0.5240066225165563,0.9475869226777374,0.785756903692687,0.4846659364731654,0.9486940298507462,0.7874059779830758,0.49852507374631266,0.9398186314921682,0.9975429593628707,0.5868421052631579,0.9430656934306569,0.9975076516660832,0.5980392156862745,0.9595867517471893,0.8480699489309707,0.518999366687777,0.9470420126154899,0.9078374012042311,0.9925575003616375,0.8515695067264574,0.9969855825131236,0.9168675374180167
c11_d8_s0,c11,8,0,20000,0,406.45428466796875,0.00826600007712841,0.000895637119646979,0.0,0.0,0.0,0.0,0.0,0.0,0.6506986027944112,0.8550148678759582,0.0,0.0,0.581033262561925,0.6555607647898669,0.30793296633908407,0.37764390816645627,0.0,0.0,0.0,0.0,0.0,0.0,0.5912087912087912,0.8921651663580606,0.37031900138696255,0.19723830521836677,0.6060606060606061,0.7219151959892011,0.3918970996640899,0.45282966689140713,0.0,0.0,0.2182741116751269,0.3591716780105323,0.2009273570324575,0.3566967313895068,0.5787139689578714,0.881651804210537,0.4535554131966688,0.4000770077393822,0.6744717304397487,0.6216899065403345,0.46161873387420427,0.5355103804059,0.25415676959619954,0.05053761937537492,0.42940793754066364,0.8561578379287756,0.4317768344451183,0.8591765860111571,0.5834230355220668,0.8809071573700347,0.4479101684341859,0.3590554947787991,0.6528953606501863,0.6540305461628363,0.5140022696167749,0.6206543031875265,0.3758241758241758,0.009086303016512792,0.5144230769230769,0.822337235207869,0.5033783783783784,0.8256557866568415,0.584771573604061,0.835985033902915,0.45693341478313987,0.3481820373434549,0.6691755046185426,0.6937318283368893,0.5438555925119051,0.6075646686359167,0.47638603696098564,0.4883432622009121,0.561091340450771,0.8612937725253593,0.5528364849833148,0.8642768538753585,0.6152398871119473,0.8249772195878387,0.5315656565656566,0.6270264587443678,0.6902532084634062,0.7090650605815726,0.5917908432348419,0.7247600087785806,0.5391969407265774,0.46595168971713674,0.5701863354037268,0.7104484689176763,0.5819397993311036,0.7801406035418547,0.6183206106870229,0.8020163445850751,0.5738349241998877,0.19468684191783234,0.7050359712230215,0.8262375822387682,0.615241466149267,0.6187802557001412,0.48947699591288096,0.5625347416808469,0.9474509803921569,0.7682939943056244,0.5769867549668874,0.9521331945889698,0.7972328548416577,0.5229508196721312,0.9518916394208314,0.7989226137186205,0.5294406280667321,0.92886345053148,0.9954860126589263,0.5580985915492958,0.9396887159533074,0.9399075437701766,0.599896480331263,0.9561801148383198,0.8688656240173409,0.5015802781289507,0.9438060548642733,0.8981022503504362,0.9944307825835382,0.8968609865470852,0.9989059852552128,0.9679354223891474
c11_d8_s0,c11,8,0,25000,0,505.6966960430145,0.00558269489556551,0.0008249337364567146,0.0,0.0,0.0,0.0,0.0,0.0,0.6344410876132931,0.850405458309636,0.0,0.0,0.5768554344002814,0.6527272589471538,0.30282413050339363,0.37578317931419747,0.0,0.0,0.0,0.0,0.0,0.0,0.5909592061742006,0.89220791196033,0.37103448275862067,0.19737333833074064,0.6094808126410836,0.7212595465715468,0.3928686253934762,0.45271019921565436,0.0,0.0,0.0,0.0,0.0,0.0,0.5581920903954802,0.8818260256599888,0.4146981627296588,0.22599320821331134,0.6275277234181343,0.6669735838648508,0.40010449413581833,0.4436982044345378,0.2641975308641975,0.04406113176015285,0.4005621925509487,0.5205716820350427,0.4811691961776279,0.834935330567662,0.5203252032520326,0.8777322468446584,0.38253638253638256,0.2211398550577726,0.6395975565936041,0.7885182825437749,0.481108862228236,0.5884782748084563,0.5093283582089553,0.7871781529010513,0.4943968358602505,0.8071416421535399,0.480049109883364,0.8105868495513857,0.5850746268656717,0.5401868685152512,0.47471743010113027,0.395726989251356,0.6752988047808764,0.737775561935442,0.5574205740996337,0.6188312419760104,0.4652567975830816,0.6618292288200428,0.552076677316294,0.6780535077663986,0.5635234330886505,0.6870541366767374,0.5781409601634321,0.5737760196143429,0.48408488063660476,0.06911584949142682,0.6801508399040109,0.7489670903647139,0.5673322458416808,0.5168761459728858,0.5093046033300686,0.7396635832084723,0.5430210325047801,0.6746104525695082,0.575,0.7484478407812666,0.6206225680933852,0.8131520953032582,0.5774896876841485,0.2554145389208335,0.6988795518207283,0.799312555499133,0.6098584215524696,0.6471966204774101,0.47307390767924407,0.5205105523141645,0.95,0.8201920871684313,0.5600328947368421,0.9527272727272728,0.8086907067380904,0.48800436205016356,0.9524253731343284,0.8102037057871373,0.49559255631733595,0.933552091878589,0.9968855833742231,0.539543057996485,0.9378640776699029,0.9915971940640975,0.5424430641821946,0.9536504089669797,0.7997909213907167,0.4787166454891995,0.9441960317840012,0.9003256330150642,0.9933386373499205,0.8695067264573991,0.9976293333381554,0.9326755984079825
c11_d8_s0,c11,8,0,30000,0,608.2681770324707,0.0039011805783957243,0.0007406119548704389,0.0,0.0,0.0,0.0,0.0,0.0,0.5996204933586338,0.5017948571835775,0.0,0.0,0.5346396081175647,0.5550185292965034,0.2835650253690496,0.2642033466200202,0.0,0.0,0.0,0.0,0.21228203184230476,0.35538616007420953,0.5675977653631284,0.8884126032778675,0.3472803347280335,0.19622638013500063,0.5840363400389358,0.610614571608115,0.3924187793527165,0.4534289020947633,0.0,0.0,0.0,0.0,0.0,0.0,0.5383734249713631,0.8784547742774599,0.36957888120678817,0.35422448668717105,0.603887399463807,0.6649609028869252,0.3779599264104896,0.4744100409628891,0.30024213075060535,0.03752843509476675,0.45390070921985815,0.7148322888977932,0.45700541190619365,0.7181615781722518,0.544689800210305,0.8641913754048132,0.4792054624456859,0.21231290601861194,0.6680026720106881,0.6649087314141024,0.5239035046563912,0.5578967783897828,0.4012875536480687,0.05228370126058527,0.5446064139941691,0.8363196545269911,0.5342090859332239,0.8395380479562858,0.5841784989858012,0.6165530262188734,0.4533678756476684,0.21022590245296616,0.6460080204156033,0.7428035201041877,0.5442305198935566,0.5364073958393287,0.5046040515653776,0.6799242030344181,0.5595441595441596,0.8316163625514595,0.577079107505071,0.8380796056220311,0.5108695652173914,0.798322523632217,0.5146886016451234,0.21263967828130004,0.6871508379888268,0.7282969122268409,0.5649461944307195,0.6306164594690818,0.5035971223021583,0.6680740181486269,0.5360561582641991,0.7105613681769489,0.5514124293785311,0.7906409041638455,0.5846477392218717,0.8701216577493891,0.5596658711217184,0.07572246277672473,0.7337940111878908,0.7056086542858006,0.6021157145449442,0.5936362179104304,0.4698770949511239,0.5015141630408995,0.9475332811276429,0.721272212636776,0.5685950413223141,0.9496103896103896,0.7540446604724392,0.4852297592997812,0.9504672897196261,0.755983155392436,0.4936086529006883,0.9300411522633745,0.9954721509534867,0.5548672566371682,0.9413475521085798,0.9297007677161989,0.5916580844490217,0.9533898305084746,0.750121453993501,0.4990476190476191,0.9434955470915788,0.854765262207601,0.9956892810646608,0.9316143497757847,0.9995551609467477,0.9883962105499187
c11_d8_s0,c11,8,0,35000,0,709.208459854126,0.002510874764993787,0.0006462610419276992,0.0,0.0,0.0,0.0,0.0,0.0,0.6366366366366366,0.8562283009153725,0.0,0.0,0.5655794587092297,0.6523236387689023,0.30055402383646657,0.3771379849210687,0.0,0.0,0.21016949152542372,0.3580840211771696,0.19349845201238391,0.3556151864861439,0.58397365532382,0.8910984512282039,0.35048678720445064,0.19158359268816258,0.5452638937434463,0.6020170795287246,0.4035700793627465,0.48064971483321556,0.0,0.0,0.0,0.0,0.0,0.0,0.5333333333333333,0.8905460730459883,0.24434389140271492,0.19834328797665957,0.5861047085940072,0.5665471686491567,0.34094548333251384,0.41385913241795114,0.26937738246505716,0.04373486756933824,0.4111888111888112,0.5199600762497351,0.4764044943820225,0.82503342369741,0.5671641791044776,0.42896540574985503,0.42052565707133915,0.21747069653885362,0.6173361522198731,0.588530265890196,0.49767072110191335,0.4244689560044331,0.24169986719787517,0.000955683444701906,0.5107164727495407,0.8221783297801386,0.5031518624641834,0.8254927685382817,0.576271186440678,0.8338878846777881,0.4648511716276124,0.4399252444185306,0.6624917600527357,0.6357827482069051,0.5305342130645565,0.6147845344727328,0.4995215311004785,0.45690806285222685,0.5664739884393064,0.7848139548218886,0.5689467969598263,0.7883560969955904,0.4983164983164983,0.8518832521231533,0.4825,0.2156594984489625,0.6851604278074866,0.702468267423029,0.5527394245726305,0.6116759307212617,0.504835589941973,0.493318801474984,0.5239658568614577,0.48272197246362464,0.5202108963093146,0.48158968702365657,0.646784715750233,0.9129078512098525,0.5527522935779816,0.2447493372812081,0.6992532247114732,0.7345361654753332,0.6037819204359841,0.5945175435717872,0.46139940938668733,0.5024419709917786,0.9491790461297889,0.7962725279133542,0.5807248764415156,0.9513457556935818,0.8208229106800315,0.5032644178454843,0.9502556950255695,0.8222575401354302,0.5088062622309197,0.9279869067103109,0.9954879908157162,0.5432098765432098,0.9393498301795244,0.9402845860912503,0.5392561983471075,0.9551515151515152,0.8654789457946689,0.48921319796954316,0.943187104414416,0.9035922955694768,0.9953204108201938,0.9253363228699552,0.9995931350122692,0.9882840966421884
c11_d8_s0,c11,8,0,40000,0,812.130556344986,0.0018438983242958784,0.0005458971677758271,0.0,0.0,0.0,0.0,0.0,0.0,0.6415882967607106,0.8880536378060874,0.0,0.0,0.5310296191819464,0.7585551003820037,0.29315447898566427,0.4116521845470228,0.0,0.0,0.23646960865945046,0.35949783193222135,0.21782178217821782,0.3570214766845898,0.574585635359116,0.8909238035178115,0.34685314685314683,0.19351242007951008,0.5825305073859988,0.6049299628248771,0.41384993830270445,0.48205148899028394,0.0,0.0,0.22594142259414227,0.33596598197144395,0.20811017597551645,0.33379532873770745,0.5581920903954802,0.890618324136315,0.25267993874425726,0.029029947487363268,0.5950576606260296,0.5984505421004986,0.3876533889889133,0.4353381459901402,0.0,0.0,0.2943854324734446,0.8328849698728583,0.38961038961038963,0.7780154949776604,0.5659163987138264,0.5547189873254341,0.43291139240506327,0.35783482236026326,0.6591586618085459,0.5903618629122596,0.47149626507217846,0.5099706235536992,0.23324396782841822,0.000931641541867792,0.46745976207137857,0.515963213081139,0.5089647194910353,0.8284720217449779,0.5797392176529589,0.8271018907467842,0.4582309582309582,0.3518151106378445,0.6621938946662194,0.6888043891336701,0.5258467217534368,0.5790442539935734,0.370197904540163,0.009111872465476763,0.5751559841179807,0.7873580325075065,0.5738666666666666,0.7909213407069529,0.612354521038496,0.7542909249115749,0.49557522123893805,0.5402956416201716,0.6710164835164835,0.5608905071755907,0.5713382693922135,0.5961518722334956,0.43431053203040176,0.02844172442599207,0.5655940594059405,0.7284318571423184,0.5822643614054657,0.7924413332193848,0.6679574056147144,0.926511318658111,0.5603395997574288,0.24993705430182964,0.7208155212101283,0.810994219111877,0.6191255443823851,0.6259702242502624,0.4689235152682137,0.5200255419369254,0.9431906614785992,0.8119380302116626,0.5899339933993399,0.9493278179937953,0.8346603917424458,0.5065359477124183,0.949278734295021,0.8359674249268172,0.5078431372549019,0.9321340964840557,0.9958615467520047,0.5473684210526316,0.9411192214111922,0.9944002755573168,0.5646328852119958,0.9529875644525326,0.8164735170966895,0.4859961807765754,0.9433766550675631,0.9085643220915799,0.9919065528714017,0.8488789237668162,0.9967667795641663,0.9144010314479512
c11_d8_s0,c11,8,0,45000,0,912.8474817276001,0.0010442467173561454,0.00044379245212906274,0.0,0.0,0.0,0.0,0.0,0.0,0.6204081632653061,0.7022522673205622,0.0,0.0,0.5127103472968134,0.6897943075283064,0.2832796276405299,0.34801164371221716,0.0,0.0,0.0,0.0,0.0,0.0,0.5676274944567627,0.8911169618252812,0.3462350457424349,0.18896936210026383,0.547925608011445,0.7179300015449189,0.3654470370526607,0.449504081367616,0.0,0.0,0.0,0.0,0.0,0.0,0.5236447520184544,0.8811248823319929,0.31965442764578833,0.19011013015666414,0.593632317699418,0.6442062771927495,0.3592328743409152,0.42886032242035166,0.23227383863080683,0.048454351864806504,0.4079397672826831,0.522814484567148,0.47000550357732523,0.8266712169612639,0.5220125786163522,0.43720349193715574,0.481651376146789,0.20283002294912822,0.6540593413759374,0.5585484228130742,0.5069490831590042,0.4161404888742744,0.3935135135135135,0.009081021110300602,0.5711009174311926,0.8252218161901334,0.5538793103448276,0.8283359191063814,0.57,0.8182718505378791,0.44184615384615383,0.20827270912826576,0.6689053055742109,0.6890596822159025,0.5467290099625524,0.5674542901710797,0.5109211775878443,0.6764723462615194,0.5377604166666666,0.6475204923052068,0.5242718446601942,0.6471967299652417,0.4703196347031963,0.8192956124016973,0.5,0.5479862493639052,0.6955645161290323,0.49006028894307435,0.5475504909509492,0.6286013350548332,0.4668094218415418,0.052294846151445244,0.5939323220536756,0.6906825651656575,0.5892661555312158,0.6949756129274829,0.5676229508196722,0.8317667996411005,0.5547445255474452,0.07338847197410336,0.6850867871059156,0.7077734203322263,0.5893642241537944,0.5230615916739063,0.45693604960862944,0.48023339332489695,0.9410852713178295,0.7975173166053914,0.5502471169686985,0.9463364293085655,0.8207264259705366,0.4836423118865867,0.9471243042671614,0.8221606151508561,0.48579823702252695,0.9253486464315013,0.9954014380923086,0.550531914893617,0.9374697043141057,0.9672854165754927,0.5382626680455016,0.9540785498489426,0.8668663679588202,0.47783407219759344,0.9404363922231004,0.9107553354672207,0.9968826847967597,0.9571748878923767,0.9999963834223313,0.9998878860922698
c11_d8_s0,c11,8,0,50000,0,1013.4363622665405,0.0006058341241441667,0.00034429311589923944,0.0,0.0,0.0,0.0,0.0,0.0,0.6208333333333333,0.8825041317501513,0.0,0.0,0.5220170454545454,0.6156926942332698,0.2857125946969697,0.37454920649585527,0.0,0.0,0.0,0.0,0.0,0.0,0.5802197802197803,0.8914436299033272,0.35392088827203333,0.1935887979466466,0.5786769428387926,0.6697722338117369,0.37820440283265155,0.4387011654154277,0.0,0.0,0.0,0.0,0.0,0.0,0.5377574370709383,0.8787653060712003,0.3780332056194125,0.045501281906562434,0.6025554808338938,0.5134084567473501,0.3795865308810611,0.35941876118127825,0.24769433465085638,0.015777758698724033,0.4209780297661233,0.5069972453461324,0.3939592908732764,0.503875818440129,0.601113172541744,0.38897402757299293,0.3637602179836512,0.2160440404390806,0.6230064472344757,0.6760368907173145,0.48552259738082243,0.40581797488942917,0.24,0.0009404429217374058,0.414760147601476,0.5113756167948843,0.47492447129909365,0.8266592164384952,0.5697091273821464,0.8413840016399783,0.43845682792406615,0.34698175556370464,0.6707152496626181,0.6901330537265421,0.5138606861505884,0.5812059757454826,0.513595166163142,0.753565734233713,0.5555555555555556,0.6919733686800037,0.5325301204819277,0.691386848995028,0.5871559633027523,0.8666076084453688,0.5211097708082026,0.4885701815270069,0.6992084432717678,0.7105588371217793,0.5853419478623995,0.6945113194326008,0.5213849287169042,0.6684949646354813,0.5128205128205128,0.6365468170029877,0.5530434782608695,0.7907662093081518,0.6266924564796905,0.8612594649851637,0.5909345271404589,0.07964685452859313,0.6894221020615072,0.7864962059719784,0.609033014736938,0.6065012972836522,0.46246596779163296,0.49438652863481797,0.9459671104150352,0.8070948078919493,0.5596026490066225,0.9492227979274611,0.829430011307415,0.4890829694323144,0.9496738117427772,0.8308079405821962,0.4892051030421982,0.9351927809680065,0.9960461807623924,0.5517543859649123,0.9382596013612057,0.9653642439031547,0.5430051813471503,0.9543116490166415,0.8669035616055305,0.46766011414077363,0.9440129845102362,0.9126895598828995,0.9968392882974106,0.954932735426009,0.9999783005339877,0.9994394304613488
c11_d8_s0,c11,8,0,55000,0,1114.0484166145325,0.0005399396177381277,0.00025163447861196694,0.0,0.0,0.0,0.0,0.0,0.0,0.6160164271047228,0.7028460183920581,0.0,0.0,0.5207226354941552,0.6877037090859225,0.2841847656497195,0.34763743186949514,0.0,0.0,0.0,0.0,0.0,0.0,0.5550561797752809,0.8889490492617583,0.3433777154870357,0.2102703833736242,0.5445098718392796,0.5619145864779419,0.360735941775399,0.4152835047783311,0.0,0.0,0.0,0.0,0.0,0.0,0.5231481481481481,0.8815135337270439,0.41596909207984545,0.2035956042512248,0.6367112810707457,0.6669929165862362,0.3939571303246848,0.4380255136411262,0.0,0.0,0.31230283911671924,0.5012905788563984,0.2898550724637681,0.4981894636133695,0.5838739573679332,0.3953340570912778,0.4256120527306968,0.32941975954532854,0.6432748538011696,0.6183450655308123,0.4633700419399905,0.419064724081002,0.4968268359020852,0.6332457788357647,0.5653495440729484,0.6456747444418562,0.5803713527851458,0.8728151510404524,0.45305164319248825,0.5088765933117101,0.36901408450704226,0.03963903841957422,0.6424581005586593,0.586427172818502,0.5030099347945625,0.4630470073306194,0.498046875,0.5652861561209322,0.5127868852459017,0.7496729417425108,0.49114233353695785,0.7487894001891364,0.5469904963041182,0.8456639984760891,0.5693519079345851,0.6268347110656681,0.6967741935483871,0.7043977591282924,0.5784438239286775,0.716203158671894,0.5239043824701195,0.661378182374071,0.5375081539465101,0.705329228734015,0.5533869115958668,0.7229162704723063,0.6099706744868035,0.8658526559461962,0.5229993698802773,0.40139159727567825,0.6757630161579893,0.6057251788637207,0.5867498857989756,0.6423776648197649,0.4529216463160014,0.4916627150274618,0.947940947940948,0.818401191985744,0.5319672131147541,0.9479649665121072,0.8396616236381516,0.45108695652173914,0.948051948051948,0.8409713753303594,0.46330724070450097,0.9326765188834154,0.9954723666277421,0.5801056338028169,0.9380185456320156,0.9690400622300519,0.54630593132154,0.9528130671506352,0.8644680975573338,0.47333333333333333,0.9428735214586002,0.9154979808499699,0.9966584695501229,0.9513452914798206,1.0,1.0
c11_d8_s0,c11,8,0,60000,0,1216.5455510616302,1.7673703041509725e-05,0.00016976067648552838,0.0,0.0,0.0,0.0,0.0,0.0,0.6149068322981367,0.8810975556155074,0.0,0.0,0.5161290322580645,0.6031857086929553,0.28275896613905027,0.3710708160771157,0.0,0.0,0.0,0.0,0.0,0.0,0.5560538116591929,0.8794680796666196,0.3553088133240805,0.19425709785513678,0.5421348314606742,0.6026131367098215,0.3633743641109869,0.4190845785578945,0.0,0.0,0.0,0.0,0.0,0.0,0.540478905359179,0.8787689215961809,0.4110824742268041,0.22097748246089788,0.6157929661579297,0.5799322616410174,0.3918385864359782,0.41991966642452405,0.23370233702337023,0.03930345142681182,0.2890262751159196,0.04116600843589228,0.3877182420228778,0.555215736421444,0.5556711758584808,0.42526781913327183,0.43300248138957814,0.3505346215476867,0.6414451261077028,0.5708095947763488,0.4834002670191211,0.38962677522133915,0.3803418803418803,0.7877187447627136,0.4935940660822657,0.8152326514607877,0.4827586206896552,0.8187663572767861,0.49321266968325794,0.5113803183336325,0.4146981627296588,0.23212015727017407,0.6613704071499503,0.6837994391819813,0.5053781904835335,0.5586347914881375,0.5283757338551859,0.4826768291813335,0.5133550488599349,0.7374060528724493,0.5491990846681922,0.7872821079926867,0.4972972972972973,0.7917200364573188,0.46357615894039733,0.22700945054270866,0.6619115549215406,0.7807961806328934,0.5382737417384182,0.617161832745436,0.453781512605042,0.45194151948756844,0.555956678700361,0.7965075440119669,0.5591882750845547,0.8001145099411007,0.5915221579961464,0.5854252037817196,0.5511328842620943,0.4023068461174521,0.6795911173775114,0.73922344085343,0.5863054121081012,0.6024525038082034,0.4501899325764557,0.48256442347466433,0.9453978159126365,0.7911403309439983,0.5288778877887789,0.9473684210526315,0.8149086291046412,0.44389978213507625,0.947075208913649,0.8163771779790124,0.45588235294117646,0.9315746084089035,0.9957848130128766,0.5548672566371682,0.9357976653696498,0.9690052300428413,0.5322245322245323,0.9533898305084746,0.8668986380955256,0.4612698412698413,0.9418439798950001,0.9097910151234486,0.9968899175466512,0.9573991031390134,1.0,1.0
c11_d8_s0,c11,8,0,65000,0,1314.686425447464,5.9549991419771686e-05,0.00010215677510851301,0.0,0.0,0.0,0.0,0.0,0.0,0.6016427104722792,0.8848339101266001,0.0,0.0,0.5187279151943462,0.483579430849839,0.28009265641665637,0.34210333524410974,0.0,0.0,0.0,0.0,0.0,0.0,0.5615212527964206,0.8887995970415626,0.2855061908230153,0.1803049108428949,0.5485436893203883,0.6522803920200695,0.3488927832349561,0.43034622497613173,0.0,0.0,0.0,0.0,0.0,0.0,0.5110851808634772,0.8650457258035683,0.4087685364281109,0.04672867452283935,0.6418050767784393,0.6028782972530424,0.3904146985175069,0.3786631743948625,0.27889447236180903,0.04995275903079852,0.44429347826086957,0.8648575480734412,0.4494949494949495,0.8680196730457042,0.5486542443064182,0.3882127508861582,0.4191542288557214,0.3492259768415147,0.633532140490391,0.6292526848441877,0.49805872842293497,0.4902420181554605,0.3852013057671382,0.009253341110104452,0.5292682926829269,0.8127215147297996,0.519406392694064,0.8162957772454495,0.5769980506822612,0.43760534084750896,0.4575960951799878,0.2265684701928161,0.6602649006622516,0.6349993422535503,0.5432044275598026,0.46131584108058166,0.5004668534080299,0.6757940672597399,0.5526613816534541,0.7773083395657128,0.5559105431309904,0.7808904992165999,0.5359749739311783,0.801535837217042,0.47865459249676584,0.22382248880322497,0.7040682414698163,0.7883374174090415,0.563761016823813,0.6395900113608315,0.4543524416135881,0.0630495706834142,0.5623836126629422,0.551551076139406,0.5835164835164836,0.773136641000841,0.5467775467775468,0.8577548087264185,0.5576571079926784,0.24746667331217376,0.6961325966850829,0.7995958113044443,0.5834961910132448,0.5918490973210643,0.45827435742698786,0.47630138607614886,0.9440124416796267,0.8071101634852341,0.5172981878088962,0.9459041731066461,0.8294367356434164,0.44607843137254904,0.9461966604823747,0.8308140868142794,0.45637254901960783,0.9265070189925682,0.9955932647152994,0.5427807486631016,0.9343704423918328,0.9659789486476498,0.5312174817898023,0.9504232164449818,0.8680605712243423,0.4586513994910941,0.9391679423963997,0.913021611642067,0.9966440040503399,0.9542600896860987,1.0,1.0
c11_d8_s0,c11,8,0,70000,0,1418.1171095371246,3.196097395630204e-06,5.170042305988327e-05,0.0,0.0,0.0,0.0,0.0,0.0,0.6064382139148494,0.8863952446251723,0.0,0.0,0.5110163468372424,0.616681647631768,0.27936364018802295,0.3757692230642351,0.0,0.0,0.0,0.0,0.0,0.0,0.5605381165919282,0.8890213915636612,0.35318559556786705,0.1965982934315078,0.5358255451713395,0.5791954670819928,0.3623873143327837,0.4162037880192905,0.0,0.0,0.0,0.0,0.0,0.0,0.5354691075514875,0.8787192100735574,0.41237113402061853,0.22100436118033737,0.6131919124958568,0.5798263962388428,0.3902580385169907,0.4198874918731844,0.0,0.0,0.176313446126447,0.010354783946497997,0.38562874251497004,0.5566216094410161,0.5885714285714285,0.43471087973729405,0.2673107890499195,0.028372373929867214,0.6664598200434378,0.7911298189464402,0.42741402513631455,0.3608013009356932,0.3930885529157667,0.6406136625630934,0.3973607038123167,0.8490842632565584,0.38482384823848237,0.8478843043531453,0.5619335347432024,0.43340649931939834,0.35581061692969873,0.04090163281026241,0.6565656565656566,0.6906432262934219,0.4915168774735199,0.48603635878683704,0.49447236180904525,0.7528345758366526,0.5030591434398368,0.7120048059936496,0.5181224004753416,0.778122122068974,0.5400213447171825,0.8533427637484725,0.5421020282728949,0.5400675426618273,0.6664381213575591,0.7981518586682921,0.5634448657305945,0.734803999927921,0.5350553505535055,0.6745271277436454,0.51875808538163,0.6635036437079932,0.5478359908883826,0.8583213952833817,0.560081466395112,0.8083562016364375,0.6010303377218088,0.19521881444829334,0.6943556975505857,0.7408484482631791,0.5973376609855031,0.6191352133148958,0.44453177462338994,0.48751962513172253,0.946219797349961,0.8070801406650125,0.5197693574958814,0.9463917525773196,0.8294038674239487,0.4466230936819172,0.9466357308584686,0.8307814324607253,0.45637254901960783,0.9281585466556564,0.9956066546131148,0.5453736654804271,0.9354682193110141,0.9659886349346443,0.533195020746888,0.9518910741301059,0.8668571663320201,0.45454545454545453,0.9404834000896732,0.9127185673490854,0.9967886590481702,0.95695067264574,1.0,1.0
c11_d8_s0,c11,8,0,75000,0,1523.8449122905731,1.189420686387166e-06,2.053936102937605e-05,0.0,0.0,0.0,0.0,0.0,0.0,0.600418410041841,0.8864595498903833,0.0,0.0,0.5218309859154929,0.4831947785979998,0.2805623489893335,0.34241358212209577,0.0,0.0,0.0,0.0,0.0,0.0,0.5736434108527132,0.8912228830966176,0.33755274261603374,0.19021995968515423,0.5832801531589024,0.6888043466792529,0.3736190766569123,0.4425617973652562,0.0,0.0,0.0,0.0,0.0,0.0,0.5371428571428571,0.8787253981838489,0.41392649903288203,0.22101542082041373,0.6131919124958568,0.5795242778362651,0.391065317167899,0.4198162742101319,0.0,0.0,0.3044461190655614,0.04277805299007926,0.3859020310633214,0.5331501011397604,0.55,0.8558884811458974,0.26430298146655923,0.028573203894971068,0.6842775302355187,0.826785423365636,0.43217414043625973,0.4758057899457794,0.4036326942482341,0.4945515893149421,0.4472573839662447,0.5144615178584484,0.4855072463768116,0.7852938168194106,0.5225225225225225,0.5651270555242162,0.4266666666666667,0.3969526464064331,0.6630944407233758,0.6869469038594722,0.5144373511940821,0.5617822284469305,0.36384439359267734,0.008919680232403996,0.5397022332506204,0.7224407083885415,0.5460490463215258,0.730133093330469,0.5803842264914054,0.8249187012278997,0.5483282674772036,0.41967690951862036,0.6802443991853361,0.6906156288568154,0.5730388627188883,0.605593933396785,0.5518485121731289,0.6021093680844954,0.5292620865139949,0.5770930813584553,0.5669033315128346,0.8360559608886367,0.5680933852140078,0.74375355397766,0.5794170136823319,0.6263228034982303,0.7062415196743554,0.7863402809797932,0.6007724738260036,0.7070423604748866,0.4522385101413398,0.5078594237088379,0.9446609508963367,0.8070776244004428,0.518976897689769,0.945360824742268,0.8293806883075021,0.44438386041439476,0.9452690166975881,0.8307564449952068,0.45387634936211974,0.9289256198347108,0.9956418276142917,0.5409252669039146,0.93488824101069,0.9659837159553302,0.5197505197505198,0.9518910741301059,0.866891483136053,0.452638270820089,0.9402004664385594,0.9127304864850148,0.9968537537971937,0.9573991031390134,1.0,1.0
c11_d8_s0,c11,8,0,80000,0,1629.8075683116913,4.5872999976381834e-07,1.0000000422909809e-05,0.0,0.0,0.0,0.0,0.0,0.0,0.602510460251046,0.8864814477098555,0.0,0.0,0.5229034531360113,0.4831922627274657,0.28135347834676433,0.3424184276093303,0.0,0.0,0.0,0.0,0.0,0.0,0.5605381165919282,0.8890936772602765,0.35318559556786705,0.19659708693837558,0.5379834254143646,0.6011938600021481,0.36292678439354,0.4217211560502001,0.0,0.0,0.0,0.0,0.0,0.0,0.5377574370709383,0.8787302468228578,0.41111829347123463,0.05355819443331815,0.6149253731343284,0.5798299067685162,0.39095027591912535,0.37802958700617306,0.0,0.0,0.31712789827973076,0.7492088541368813,0.3243616287094548,0.7529032384594531,0.5467775467775468,0.3890057674326454,0.4356060606060606,0.35081033922133664,0.656578947368421,0.5998964617021988,0.4631980992704392,0.4601041498054064,0.23056300268096513,0.0009303783870049853,0.5180649112063687,0.8261681515567894,0.5123209169054441,0.829570777755924,0.5818540433925049,0.43154577443506936,0.48691418137553255,0.38699214923251873,0.6900286715514495,0.7053570893946701,0.5447782933126033,0.5190295289072078,0.37471264367816093,0.045441554683209325,0.5346658338538414,0.7842121111953646,0.5521064301552107,0.8432871994069043,0.5609756097560976,0.8362472456271126,0.48620910840282233,0.35870362916253407,0.6979909267660401,0.6231641780152375,0.5580843202051744,0.5939405019750109,0.5461323392357875,0.6932066257476344,0.6025200458190149,0.842897348400784,0.6065318818040435,0.8434133875048322,0.5794392523364486,0.8581148543271191,0.5465538089480049,0.40222772149177694,0.7189063021007003,0.7168147465452411,0.607490196417859,0.6925824440621384,0.45839734969507223,0.48683225648792383,0.942367601246106,0.8070265978976187,0.5181818181818182,0.9437854564208354,0.8293400678867674,0.4426229508196721,0.9438515081206497,0.8307161375673628,0.4528023598820059,0.9288079470198676,0.995818041913828,0.5311942959001783,0.9363768819815445,0.9660161677518946,0.5171161825726142,0.95255364158356,0.8669013506675286,0.4501903553299492,0.9402683314618756,0.9127741236959586,0.9968754520468682,0.957847533632287,1.0,1.0
c12_d8_s0,c12,8,0,5000,0,1344.2343275547028,0.3428700864315033,0.000999577995557936,0.0,0.0,0.3669985775248933,0.7604645193116691,0.4005270092226614,0.7644418201059079,0.0,0.0,0.0,0.0,0.4955615592435353,0.21804560642265572,0.18785085537318003,0.18158692989046202,0.0,0.0,0.3558823529411765,0.761193039667887,0.38858695652173914,0.7651682262284851,0.4774305555555556,0.7801849726015784,0.27601156069364163,0.227667680265997,0.5566703827573393,0.5894549796647184,0.38956723387354375,0.5265236802911044,0.0,0.0,0.31526271893244373,0.6303970443605595,0.2959572845156369,0.6265453428685708,0.4675834970530452,0.7795492842340127,0.29812734082397,0.2856229274067599,0.6066856330014224,0.7859482919439785,0.39403411800694943,0.5675253248319486,0.23285899094437257,0.1548266089539724,0.49657064471879286,0.8138059763365845,0.49171974522292994,0.8131042392233198,0.41975308641975306,0.8237556891091142,0.4617253948967193,0.05557029817453975,0.610246679316888,0.7313018079523297,0.4746937385655148,0.5511350175184857,0.2675496688741722,0.2688183746509397,0.45983787767133383,0.6379862957266982,0.50375,0.7841638064690853,0.5750242013552759,0.8546260006714858,0.4591194968553459,0.4680770768412886,0.6666666666666666,0.7135046964530294,0.5277973867647809,0.6499659832286778,0.34615384615384615,0.6214012288931019,0.5227586206896552,0.6241376694327174,0.5147247119078106,0.6206722631661005,0.5403788634097707,0.8264856697062148,0.48936170212765956,0.3060237667741244,0.6541193181818182,0.7538454434123771,0.5362680691590881,0.6271063167641724,0.4796747967479675,0.8533531757752503,0.5886243386243386,0.8657762687792333,0.5800492610837439,0.8614987766824375,0.5801376597836775,0.7618464148344426,0.43037974683544306,0.24401945248271087,0.698874917273329,0.8186506510909325,0.5647104473444499,0.6711814813717649,0.4392745498696438,0.5392892476995166,0.946051602814699,0.9831503331618195,0.5388429752066116,0.9538142189932538,0.9854505103390767,0.44885745375408054,0.9525581395348838,0.9841988106107554,0.47900390625,0.9390739236393176,0.9967763487426625,0.6306228373702422,0.9414610546686019,0.804246773911504,0.5745118191161357,0.9591712370505789,0.9942262271980525,0.45806861499364676,0.9476285506181943,0.9448789753056924,0.9947924200781137,0.9190582959641256,0.9992640264444159,0.9813330343629127
c12_d8_s0,c12,8,0,10000,0,2713.0898673534393,0.007433466147631407,0.0009848581542776886,0.0,0.0,0.31541725601131543,0.800579644601745,0.3564875491480996,0.8045651577551173,0.0,0.0,0.0,0.0,0.4069611780455154,0.1981862113984446,0.15773236160799675,0.18330861971268303,0.0,0.0,0.0,0.0,0.31211498973305957,0.7847247955513649,0.0,0.0,0.0,0.0,0.479317697228145,0.4084366603878749,0.14583900678479123,0.16750289805958246,0.0,0.0,0.4444444444444444,0.6713607280434475,0.4614457831325301,0.67559482232149,0.4666666666666667,0.76920795392235,0.0,0.0,0.6430953969312875,0.6904201798887472,0.35293136819756976,0.47715332931651905,0.0,0.0,0.28193832599118945,0.6750196768715018,0.25821972734562953,0.6707384127888937,0.45246690734055356,0.8720002536203162,0.35816618911174786,0.19821876662906082,0.656578947368421,0.6513724094320693,0.4118161820665822,0.5425443648920611,0.37393162393162394,0.1870096862628803,0.5204081632653061,0.6455871624894182,0.5,0.6420384925093258,0.5642023346303502,0.8499677494880421,0.4489051094890511,0.061316863708676075,0.6720702465383317,0.8064587496537631,0.5374894049308441,0.552322119151089,0.48315688161693937,0.81212423292211,0.5168986083499006,0.8293423120134545,0.5334886429819452,0.7834778361837617,0.6435921421889617,0.919149179523023,0.41722745625841184,0.5233628366700622,0.6541850220264317,0.6845292721379403,0.55654649953085,0.733839020509367,0.43924191750278707,0.6559691084012982,0.4963924963924964,0.7081041686927364,0.4996813256851498,0.7040990675639341,0.6426540284360189,0.8811320606298582,0.43214044564483456,0.2967392504878706,0.695349572919962,0.7399913777513598,0.5621456567152401,0.6518133676054362,0.38921435426198203,0.47264053132096256,0.936768149882904,0.9830755487538692,0.49333333333333335,0.9438085327783559,0.9853856172808616,0.4195148842337376,0.9407372841810546,0.9841323806229544,0.4444444444444444,0.9435813573180704,0.9972618312210972,0.6230502599653379,0.9402622632345798,0.8127299804020142,0.5588842975206612,0.9622181596587447,0.965964905861334,0.45250158328055734,0.9466249422897082,0.9400386415925851,0.996318530305222,0.9468609865470852,1.0,1.0
c12_d8_s0,c12,8,0,15000,0,4124.233793020248,1.1764552709792042e-06,0.0009497125223605969,0.0,0.0,0.33637000700770847,0.8478681443103007,0.3729694606887589,0.8514314599229892,0.0,0.0,0.33636363636363636,0.5214245755522331,0.4184027777777778,0.02692448595685168,0.24780322584339248,0.27869556573004534,0.0,0.0,0.0,0.0,0.30547945205479454,0.80131428102794,0.0,0.0,0.0,0.0,0.47874149659863946,0.40846432192144916,0.14514199515422607,0.16889227056602396,0.0,0.0,0.32967032967032966,0.7501456308735195,0.3088803088803089,0.7456725488214342,0.3747178329571106,0.6909799414775748,0.25562817719680464,0.387816023299412,0.5797205302758868,0.7794442324966321,0.3557291883200037,0.5892115642929843,0.0,0.0,0.37329286798179057,0.7663342067134765,0.35244755244755244,0.7624215046616966,0.4338235294117647,0.8511087923224756,0.24222585924713586,0.20367042605117255,0.6246498599439776,0.7759614364991855,0.38565318051983144,0.5850814729994729,0.2484472049689441,0.014874473464922024,0.46380885453267745,0.6701306837178654,0.4469055374592834,0.6675925856941387,0.4459770114942529,0.7993490272651937,0.2196144174350377,0.022711661190112697,0.6490202818838089,0.702905441605274,0.42524972745001693,0.4939580110882223,0.39643652561247217,0.6258466344143745,0.555622369212267,0.7851847238883605,0.5430985915492957,0.7816903118091559,0.5348360655737705,0.8195741899609649,0.4054421768707483,0.23404690380409773,0.6693657219973009,0.7958239594845616,0.5270074483082912,0.6450880691550637,0.40642939150401836,0.6177388326732707,0.5815691158156912,0.8157959686406009,0.5750873108265425,0.8122862413066648,0.4666666666666667,0.7965561615134196,0.5079754601226993,0.2382330629551364,0.679184202007122,0.6759206951813013,0.5437137337113097,0.6148292334641756,0.37575692847243886,0.48225088389942694,0.9345794392523364,0.9830661264526638,0.4866666666666667,0.9418483904465212,0.9853763021518012,0.41345093715545755,0.9394785847299814,0.9841255212231222,0.4405351833498513,0.9410801963993454,0.9972604946957544,0.6139130434782609,0.9402041808458921,0.8270921369814062,0.5522233712512926,0.9604141291108405,0.9659571647418695,0.4568801521876982,0.9450834944580893,0.9436247782570564,0.9963980905540286,0.9479820627802691,1.0,1.0
c12_d8_s0,c12,8,0,20000,0,5403.129395246506,7.026743986671136e-08,0.000895637119646979,0.0,0.0,0.33217027215631545,0.8028569467419974,0.36893203883495146,0.8064627182813293,0.0,0.0,0.3409238776837996,0.5771399468497685,0.4184428012179208,0.026769305016415418,0.24826686230803569,0.28508728505182324,0.0,0.0,0.0,0.0,0.2987101154107264,0.7831950656960812,0.0,0.0,0.0,0.0,0.473458904109589,0.4084211716894547,0.1432572356449578,0.1673715483970371,0.0,0.0,0.33221476510067116,0.7492668128972801,0.3128834355828221,0.7448015099488555,0.4064864864864865,0.3214591906003865,0.22869955156950672,0.21111632622769078,0.5917865917865918,0.6740603752404334,0.3605013408509374,0.42616466658763896,0.0,0.0,0.2475512021371327,0.6599880478043083,0.38430311231393777,0.6687613364836782,0.5087514585764294,0.8532927035667887,0.3758765778401122,0.04692191129803376,0.6662362814719174,0.6882661505577033,0.44037060567637065,0.5078493067129637,0.23195876288659795,0.1555297779054319,0.36984126984126986,0.8017363696747121,0.4069379586390927,0.7948787986740604,0.5811467444120505,0.852091590664287,0.36675824175824173,0.06038837161270718,0.668693009118541,0.8022641492823518,0.48821099810278834,0.5746981067443535,0.45213849287169044,0.6347655781957161,0.5585241730279898,0.8388806932592796,0.5727069351230425,0.8349095691388844,0.5546558704453441,0.8904825923963665,0.4645962732919255,0.36363373538111043,0.6736328805294323,0.7652856240298161,0.5551687228185691,0.6972301413346467,0.42320085929108486,0.46163284406460253,0.5716145833333334,0.7735245367934519,0.5533980582524272,0.7694054552704084,0.5478887744593203,0.8643772927119098,0.4508748317631225,0.3192852001881698,0.6942364050797786,0.7310056856361977,0.5522677945652924,0.6457139476447746,0.39829193713813593,0.47201642892474827,0.9306313328137179,0.9830390080168303,0.47822445561139026,0.9398340248962656,0.985354437756882,0.4034216335540839,0.9366852886405959,0.9841015427175037,0.4309145129224652,0.9342105263157895,0.9971809946521327,0.6012323943661971,0.9391727493917275,0.8279616211342719,0.5492227979274611,0.9592705167173252,0.9659442896566998,0.4502534854245881,0.9420926686354254,0.9438129754017108,0.9963980905540286,0.9482062780269058,1.0,1.0
c12_d8_s0,c12,8,0,25000,0,6671.4338212013245,5.463477226186342e-09,0.0008249337364567146,0.0,0.0,0.3258741258741259,0.8028123609159975,0.3631647211413748,0.8064184601768256,0.0,0.0,0.3409238776837996,0.5735544238092583,0.4167029143105698,0.02591483145602831,0.24682660191655076,0.28396988224072356,0.0,0.0,0.3609515996718622,0.7967594894020056,0.3350864012021037,0.7922587454987322,0.0,0.0,0.0,0.0,0.4652567975830816,0.4061095445686753,0.17431736613526755,0.233945572383897,0.0,0.0,0.3358649789029536,0.7502047924336401,0.31148804934464147,0.7457281635307348,0.5548098434004475,0.8747444040184592,0.3791411042944785,0.358762485155513,0.6129382002168413,0.7808995456738902,0.4406683726652414,0.6282626883756636,0.0,0.0,0.2475512021371327,0.63923622169533,0.3761031907671419,0.6485247293939006,0.4193939393939394,0.8698204542471362,0.3723849372384937,0.04637181712566798,0.6429026098026734,0.6436157789892685,0.41064157101746623,0.49726542518128736,0.19592875318066158,0.006886787978192679,0.425531914893617,0.7673125867913706,0.4007884362680683,0.7632958893335817,0.5818181818181818,0.5994900344065125,0.32017870439314966,0.042133119411930764,0.6893588896232651,0.7689528760565919,0.4830263693205114,0.4807686128106875,0.41452991452991456,0.6356896166792768,0.5503685503685504,0.7971289611288567,0.535632183908046,0.7936531046116381,0.5504587155963303,0.8927019844651601,0.395128552097429,0.20265368791535063,0.6574202496532594,0.7620514537095663,0.5257961000706306,0.6498910883908335,0.44127332601536773,0.6218302878779098,0.5300261096605744,0.8576899515039215,0.5245327102803738,0.8530200788639785,0.5866141732283464,0.86440496420269,0.4828921885087153,0.2798865481633535,0.6991607488702388,0.7092395189947049,0.5668194564815181,0.6577611176940046,0.40687083394388374,0.49026634101101385,0.926905132192846,0.9829793713397892,0.48070469798657717,0.9368530020703933,0.9853024897894925,0.4044198895027624,0.9340148698884758,0.9840848111403803,0.43034825870646765,0.9359605911330049,0.9971959161844784,0.6052631578947368,0.937682570593963,0.8279592229930179,0.5482866043613707,0.9606827186833282,0.9659617990405485,0.4333756345177665,0.9417292204485502,0.9438097905769831,0.9964053233039202,0.9488789237668162,1.0,1.0
c12_d8_s0,c12,8,0,30000,0,8002.533823013306,1.0291180130295174e-09,0.0007406119548704389,0.0,0.0,0.32122905027932963,0.8000322006462824,0.3588082901554404,0.8036607806501652,0.0,0.0,0.3385416666666667,0.5775647244576504,0.41601392515230634,0.02591048682133409,0.24530867632430742,0.2845098845944501,0.0,0.0,0.0,0.0,0.27197802197802196,0.6734654723435082,0.4864359214218896,0.7731869076440756,0.27936066712995133,0.5692972579104298,0.588676415448069,0.6468711620088575,0.36128308616481264,0.5534609545861331,0.0,0.0,0.3244979919678715,0.8089379836849585,0.3286661753868828,0.8083718640878691,0.4518201284796574,0.6151136957793413,0.25055596738324687,0.3442729741327006,0.5402697495183044,0.7359956174359237,0.36509180862486507,0.558621392484727,0.0,0.0,0.28720626631853785,0.6814664144819338,0.4031620553359684,0.6851976057163754,0.5105042016806722,0.8717344954811758,0.359518754423213,0.045078880244928156,0.6589403973509934,0.6845638086522841,0.4397715318349285,0.5142329644444561,0.4766269477543538,0.46510410469085856,0.49290322580645163,0.4814671069768576,0.5301339285714286,0.6868967667100152,0.5016574585635359,0.8135665336825649,0.44069912609238454,0.4770441443251212,0.6546933242968486,0.7866956573529479,0.5242344857492117,0.6554489153716362,0.4323748668796592,0.636249267615823,0.5483870967741935,0.8394738235748039,0.5367027677496992,0.8356222392541497,0.6020892687559354,0.8497561271369849,0.4154147615937296,0.4582160032850667,0.6634516017912504,0.7624170982734627,0.5466943023188582,0.7102094180442766,0.4226579520697168,0.6359044816718378,0.5538461538461539,0.6952046604349402,0.5503742084052965,0.6918668852468762,0.5661835748792271,0.8835677989849314,0.42302543507362783,0.30526666964260984,0.6935687263556116,0.7116617555113558,0.5479342936038806,0.6437053916475288,0.4329025978029805,0.5600269887390297,0.9262994569433669,0.9829855431856581,0.4824120603015075,0.937952430196484,0.985309493702771,0.40683572216097025,0.9345099860659545,0.9840577040383733,0.43190854870775347,0.9350862777321282,0.9971801100703931,0.6054481546572935,0.9386562804284323,0.8279672463207103,0.5529045643153527,0.9603658536585366,0.9659690747372321,0.42793650793650795,0.941757259055258,0.9438085028593174,0.9965065818024013,0.9497757847533632,1.0,1.0
c12_d8_s0,c12,8,0,35000,0,9180.220000267029,9.263247946478259e-10,0.0006462610419276992,0.0,0.0,0.3177700348432056,0.7999391714830617,0.356819650937298,0.8035693478569292,0.0,0.0,0.33678756476683935,0.5733943302300802,0.4090909090909091,0.025637640666107867,0.24268542561281242,0.2833837026690463,0.0,0.0,0.0,0.0,0.29986431478968795,0.7831167771263322,0.0,0.0,0.0,0.0,0.47427101200686106,0.4082911024023803,0.14355644590085592,0.16733250702778943,0.0,0.0,0.24509803921568626,0.6772319939350705,0.27095808383233533,0.6823374283420288,0.42540904716073147,0.7527692198025486,0.3224334600760456,0.2309225983369156,0.6556291390728477,0.6553091969976486,0.39387258849807466,0.5230477056407031,0.0,0.0,0.2874564459930314,0.6585067329508457,0.39387890884896876,0.7505080796523588,0.42027194066749074,0.8512055746404874,0.3724137931034483,0.04160833428533092,0.6331521739130435,0.7485094715995586,0.41323742315782896,0.5277487461816113,0.3337066069428891,0.5813098009614681,0.4177777777777778,0.5159009701960475,0.4062927496580027,0.5130151285571855,0.552,0.6654001499118297,0.3935309973045822,0.05771054228569504,0.6845934830749763,0.7736629879200976,0.5040125479597788,0.5083789116722973,0.4247598719316969,0.6211378712178393,0.5449804432855281,0.8313495520081826,0.5572826712723086,0.8271003991832282,0.5383022774327122,0.8244329423748125,0.38962859145059564,0.466184655524128,0.6458557588805167,0.7824516406753725,0.5206985724817506,0.7082329615110159,0.47609756097560973,0.8506363218437188,0.5596919127086007,0.8625297266168651,0.5532934131736527,0.8584961350438735,0.574,0.8631230812294911,0.38940586972083036,0.3030088235034658,0.6825984516997644,0.6953517761538661,0.5439246542599706,0.6796761021804105,0.3945696654101532,0.4854000909832677,0.9226006191950464,0.9828083078751836,0.48406040268456374,0.935467217346412,0.985157188857623,0.40507726269315675,0.9322820037105751,0.9839067141851893,0.4298507462686567,0.9333333333333333,0.9974692139791379,0.607583774250441,0.9410043881033642,0.838540820841303,0.5471502590673575,0.9585870889159561,0.965960814894361,0.4329733163913596,0.9407603559424995,0.9464820633385336,0.9966150730507739,0.9531390134529149,1.0,1.0
c12_d8_s0,c12,8,0,40000,0,10558.346072673798,8.500497528096673e-10,0.0005458971677758271,0.0,0.0,0.3158630328441649,0.7992669352600327,0.35385612443292286,0.8028967022859744,0.0,0.0,0.3357096565132858,0.5735830098535769,0.40857392825896766,0.02562656487772107,0.241880825966154,0.28331603014499174,0.0,0.0,0.0,0.0,0.2783083219645293,0.40247149774639285,0.0,0.0,0.0,0.0,0.48993012741471437,0.26740729358272364,0.14567489201738937,0.10039111487454698,0.0,0.0,0.33503401360544216,0.6607941305766936,0.4504158669225848,0.8138391084344578,0.4584103512014787,0.5547136341334324,0.2637037037037037,0.3441437818778838,0.585063752276867,0.5871291053200427,0.39224860850618126,0.49438273358376905,0.21014492753623187,0.7028007069030712,0.2946817785527463,0.731064410561984,0.2716441620333598,0.7266233701334873,0.4106925880923451,0.8602405160697506,0.22738589211618257,0.020695314926166056,0.6710199004975125,0.6854645656464136,0.39198050085337155,0.5716408064604611,0.3063457330415755,0.5745502805420036,0.39586410635155095,0.7842684487496722,0.38335607094133695,0.7803028362751498,0.5623188405797102,0.875292234768639,0.35129461161651504,0.05651849261954116,0.6696306429548564,0.8303393535816621,0.48627484964897566,0.6187976507063627,0.4474505723204995,0.6390155162063097,0.55125,0.7965083582655995,0.5373831775700935,0.7929499224494456,0.5742574257425742,0.6222608821542028,0.4,0.5066352335970783,0.677645409950946,0.8038369304638348,0.5409826880809295,0.6688894112972252,0.43043478260869567,0.36369199641022826,0.5283276450511946,0.719741193002596,0.5199516324062878,0.7154418893879685,0.5949008498583569,0.8919045777022951,0.4806973848069738,0.5100246513565111,0.695194206714944,0.8054095886784612,0.5659242820172502,0.7017409610010495,0.3949952352986074,0.4913083868669152,0.922007722007722,0.9830130110173803,0.4849246231155779,0.934020618556701,0.9853311840080095,0.4094922737306843,0.9314179796107507,0.9841212473506307,0.43333333333333335,0.9315746084089035,0.9973995192207287,0.5982300884955752,0.9400876765708719,0.8237770730159988,0.550259067357513,0.9586122945830797,0.9659775139043445,0.4301587301587302,0.9398558382386449,0.9428273133999364,0.9966150730507739,0.9540358744394619,1.0,1.0
c12_d8_s0,c12,8,0,45000,0,11958.79289674759,7.970155646574995e-10,0.00044379245212906274,0.0,0.0,0.3146853146853147,0.7992664032829481,0.3527885862516213,0.8028961750596307,0.0,0.0,0.33615635179153097,0.5734105498217543,0.41153342070773263,0.025854022475555585,0.2425452682028939,0.2833296912695424,0.0,0.0,0.0,0.0,0.29993275050437124,0.5869094095536287,0.0,0.0,0.0,0.0,0.4647766323024055,0.4082638579742487,0.14118855395096563,0.15097508195636455,0.0,0.0,0.33444816053511706,0.7959308057700846,0.3165137614678899,0.7913630446379564,0.3538812785388128,0.3574112879140516,0.0,0.0,0.5805069617993573,0.6883946586357623,0.28784388691812646,0.39372597417145694,0.0,0.0,0.2531194295900178,0.6370755065630423,0.23824959481361427,0.6329392283128982,0.42610837438423643,0.851823919258467,0.3391304347826087,0.22183911297593778,0.6421227197346601,0.6257873567381874,0.39278780092567894,0.5306971584828097,0.33035714285714285,0.6206927562619208,0.4044280442804428,0.5500578078311747,0.43117536140791957,0.5132861952833367,0.5063001145475372,0.8520327045842124,0.3011070110701107,0.03367208488119323,0.6500512120177535,0.8487495835934356,0.46152796345430913,0.5739499898794129,0.48549323017408125,0.861613354095943,0.5106675843083276,0.8713741877894181,0.529587567244471,0.8221565154525042,0.6113207547169811,0.8589358043737869,0.4223521767381416,0.4358347020382218,0.672,0.6656360979061389,0.5535639313410207,0.703030322524359,0.5193370165745856,0.7721023901530545,0.5724815724815725,0.7942939804622787,0.5613648871766649,0.7904266834738707,0.5334685598377282,0.888016907454802,0.4662813102119461,0.2987746661002262,0.7186147186147186,0.7784762122676808,0.5673564368521667,0.6877188676297775,0.3781162630921659,0.47477529798767476,0.922007722007722,0.9830130110173803,0.4966499162479062,0.934020618556701,0.9853311840080095,0.41832229580573954,0.9314179796107507,0.9841212473506307,0.44228855721393034,0.9306930693069307,0.9973889027252537,0.600177304964539,0.939113492450073,0.823759916188268,0.5389004149377593,0.9582952815829529,0.9659771149920303,0.43360864040660735,0.9393126541829202,0.9428202703410563,0.9966367713004485,0.9556053811659193,1.0,1.0
c12_d8_s0,c12,8,0,50000,0,13304.179653406143,7.579621930098313e-10,0.00034429311589923944,0.0,0.0,0.31092436974789917,0.7990457754735719,0.35064935064935066,0.802678262887518,0.0,0.0,0.3324641460234681,0.5733718006629052,0.4089121887287025,0.025828020360797177,0.24047522705448013,0.2832769584526831,0.0,0.0,0.0,0.0,0.27932203389830507,0.4173734509871685,0.4837476099426386,0.7767528536435797,0.0,0.0,0.5922875327592662,0.6815437535127864,0.2922856218336683,0.3993552727046889,0.0,0.0,0.4672639558924879,0.596966482050051,0.43761996161228406,0.5940631583880143,0.4559915164369035,0.7737548203397088,0.0,0.0,0.5993340732519423,0.7240758166229019,0.3392383905476091,0.47371012927715805,0.0,0.0,0.30340017436791633,0.7781377149999822,0.2779984114376489,0.7735841713866117,0.4535005224660397,0.4251454986788886,0.32160804020100503,0.4603422088247738,0.6232457718603814,0.5474989569242226,0.3980384657823203,0.48755682330585404,0.14659685863874344,0.428558821517384,0.35388310648518817,0.8015295975984854,0.3423952975753123,0.7976957905446516,0.484375,0.85108378910715,0.3057228915662651,0.04945632492448031,0.6545713269299182,0.7607885517946135,0.4314069098489828,0.584314183928271,0.4946025515210991,0.8120030287448446,0.5548216644649934,0.8324537056752148,0.5622489959839357,0.786714929992952,0.5336091003102379,0.8237471636061501,0.43658210947930576,0.5106370702181349,0.66484268125855,0.7060784999434957,0.5430645737595258,0.7127133221430294,0.4723726977248104,0.8459760035328509,0.5883905013192612,0.8641770034219676,0.5844155844155844,0.8591686535349121,0.5473684210526316,0.8654576268954078,0.4681933842239186,0.2262366423378458,0.6920277869665895,0.6943523006510001,0.5639956300157563,0.6606217808452076,0.4012149741203347,0.514506924379556,0.9212962962962963,0.9830119215305194,0.4949748743718593,0.9336078229541945,0.9853298280865687,0.42778390297684676,0.9314814814814815,0.9841530303717604,0.4507952286282306,0.9314616019818331,0.997407098752453,0.5966312056737588,0.9390541199414919,0.836632926155009,0.5373831775700935,0.9582698751142248,0.9659717005395922,0.4322949777495232,0.9393951993203851,0.9460441630275009,0.9966367713004485,0.954932735426009,1.0,1.0
c12_d8_s0,c12,8,0,55000,0,14466.607168197632,7.240948951547921e-10,0.00025163447861196694,0.0,0.0,0.30995792426367463,0.7990455610208671,0.34850455136540964,0.8026771216575179,0.0,0.0,0.3328981723237598,0.5733420935281641,0.4096069868995633,0.025829212145567947,0.24049816277492114,0.28326971664163175,0.0,0.0,0.0,0.0,0.0,0.0,0.4666039510818438,0.7654916392593468,0.2775850104094379,0.615029522742318,0.5929535232383808,0.6583486464607139,0.3342856211824156,0.5097174521155947,0.0,0.0,0.32033898305084746,0.6584617556979693,0.44290220820189274,0.7685163251195524,0.48057259713701433,0.7944879362169093,0.36877688998156116,0.40082849453863467,0.6054446460980036,0.6900750816371517,0.4273019659085398,0.5902627181663007,0.0,0.0,0.25,0.6379243896341478,0.23376623376623376,0.6337828260796865,0.43825665859564167,0.8705140339971674,0.24257425742574257,0.021530468306765707,0.6809635722679201,0.5637583328861241,0.38076247488617887,0.4699263101070005,0.34498308906426156,0.6224762981104688,0.40898876404494383,0.5505273099358488,0.4305732484076433,0.5129896267246811,0.49445676274944567,0.8625879012525466,0.32710978342046304,0.030688154271653202,0.6770206022187005,0.7149065059251842,0.47335887889022304,0.5425450765932625,0.41855670103092785,0.6365789469339468,0.5016995241332427,0.8343442222137363,0.5150976909413855,0.7853933194165621,0.5751503006012024,0.8946355222235103,0.4322881921280854,0.05287386281586052,0.7012816299704239,0.5647080381054327,0.5467928570170576,0.5660807298332213,0.4591947769314472,0.8231296359732863,0.5533596837944664,0.8465759112839679,0.5507075471698113,0.841891569958573,0.6008230452674898,0.8859779843485769,0.4361628709454796,0.2562874634226768,0.6988106718097075,0.6507494122262829,0.5642209809969796,0.6575534747673697,0.4238887059509023,0.517050782603483,0.9214175654853621,0.9830118793910145,0.49581939799331104,0.9336760925449872,0.9853297897158151,0.42731277533039647,0.9319759370661731,0.9841548508737255,0.45084409136047665,0.9314616019818331,0.997407098752453,0.5904255319148937,0.9395121951219512,0.8366415032066516,0.5368639667705088,0.9585870889159561,0.9659720994524034,0.4304320203303685,0.939646021096312,0.9460465520179233,0.9966150730507739,0.9547085201793722,1.0,1.0
c12_d8_s0,c12,8,0,60000,0,15499.34008550644,7.025655057724123e-10,0.00016976067648552838,0.0,0.0,0.0,0.0,0.3465798045602606,0.802550216490912,0.0,0.0,0.32987012987012987,0.5733298748185495,0.40787746170678335,0.025756240239077768,0.21331854827425,0.2166507134719828,0.0,0.0,0.35931091058244463,0.7967754255577897,0.33658903080390684,0.7921989933766653,0.0,0.0,0.0,0.0,0.5263957462969996,0.30766775584595774,0.18959059835644584,0.20933147387269402,0.0,0.0,0.3293918918918919,0.7290367804974013,0.30709876543209874,0.7246159712646552,0.47108307045215564,0.8110141027187969,0.2904942965779468,0.40454218741953174,0.603254972875226,0.7810847158581395,0.3942489730866647,0.6202979808126218,0.0,0.0,0.3028720626631854,0.7311513045999478,0.2759714512291832,0.7267076836499128,0.5,0.8583657761888277,0.23781998348472336,0.023038558791572194,0.6512419190200749,0.6856371337565774,0.39550243511723027,0.513248616205066,0.3293864370290635,0.4285299532752972,0.41612670986321093,0.7826824963570223,0.43842364532019706,0.7372369904003119,0.47150837988826816,0.8686968003538091,0.21903959561920808,0.02380948566993594,0.6695364238410596,0.7467822065013197,0.43868249918817326,0.5721929098006522,0.42320085929108486,0.6383148298683093,0.5341207349081365,0.8712839663409384,0.5244498777506112,0.8671159816356744,0.5666003976143141,0.8925367246005703,0.39504473503097043,0.44212110410113437,0.6743633276740237,0.7085822959779016,0.5324830710756465,0.7088695959903117,0.46496815286624205,0.6374135642592421,0.5627376425855514,0.6959843902514691,0.557396449704142,0.692612091678772,0.5771947527749748,0.8943197267814038,0.4122448979591837,0.30164960604131297,0.7000646412411118,0.7419029835784238,0.5544679267568122,0.6533022496160754,0.38832772169360324,0.49912764853848623,0.922247882986913,0.9830135585672686,0.493322203672788,0.9347043701799486,0.985332136855403,0.42244224422442245,0.9324699352451434,0.9841553144192278,0.4459325396825397,0.9305785123966942,0.9974019522311585,0.588809946714032,0.9408891060087934,0.8554402824257706,0.5368639667705088,0.9582698751142248,0.9659714217708021,0.41449459631277813,0.9398862224142618,0.950745164927091,0.9966367713004485,0.9553811659192825,1.0,1.0
c12_d8_s0,c12,8,0,65000,0,16530.417640209198,6.906850646970497e-10,0.00010215677510851301,0.0,0.0,0.3080168776371308,0.7989230941243256,0.3468057366362451,0.8025498586097554,0.0,0.0,0.32987012987012987,0.5733206784813883,0.4106830122591944,0.025857848133462372,0.23970683672177906,0.2832507110482194,0.0,0.0,0.0,0.0,0.30311231393775373,0.5875339584172911,0.0,0.0,0.0,0.0,0.5325800376647835,0.3085872237426914,0.15840436891100868,0.12610796913711375,0.0,0.0,0.33612040133779264,0.7959723479971378,0.3180428134556575,0.7914041403694974,0.3561643835616438,0.35743095523868185,0.0,0.0,0.5801144492131617,0.6883330648664272,0.2885833094264889,0.39372237905683016,0.0,0.0,0.36363636363636365,0.6476852713869163,0.3472622478386167,0.6439215380391153,0.4,0.8510012998314482,0.32262669521770165,0.5655542739874769,0.6239168110918544,0.7774903835146266,0.3958774275336373,0.6561453901188906,0.44317096466093603,0.5001916599920736,0.5046979865771812,0.6392228040280161,0.4868913857677903,0.6364298596753942,0.4807903402854007,0.8103089074357362,0.3340823970037453,0.03397528492081183,0.6634681288553804,0.7871503411919988,0.4891485779532906,0.5558456603617604,0.4418103448275862,0.6326944254455126,0.5534426229508197,0.8377089134892274,0.5622857142857143,0.7919081141442991,0.59375,0.8424029109819262,0.4321808510638298,0.515885747157843,0.6690017513134852,0.7918559729803422,0.5535280407663388,0.7260621122032811,0.4731182795698925,0.8504452369658569,0.5852168601099572,0.8672427850339121,0.5728987993138936,0.8631718130715849,0.5182012847965739,0.8615801135049446,0.4661558109833972,0.30205984431245614,0.6931430344399627,0.6445458395853436,0.5553111941377954,0.6671181022732988,0.382937107921477,0.48689318917134206,0.9215384615384615,0.983012166495435,0.49248747913188645,0.9347714432460195,0.9853314076457866,0.4236263736263736,0.9325323475046211,0.9841545942717568,0.44697720515361744,0.9305785123966942,0.9974019522311585,0.5861456483126111,0.9408891060087934,0.8554428037691282,0.5451713395638629,0.9576864535768645,0.9659691257617518,0.41481246026700574,0.9396920390196798,0.9507449844749244,0.9966223058006655,0.9547085201793722,1.0,1.0
c12_d8_s0,c12,8,0,70000,0,17596.189054727554,6.842389432826224e-10,5.170042305988327e-05,0.0,0.0,0.0,0.0,0.34765625,0.802550766218811,0.0,0.0,0.32987012987012987,0.5727731268479783,0.4087719298245614,0.025851151199941278,0.2136318690903395,0.21653530003021415,0.0,0.0,0.0,0.0,0.3006093432633717,0.587524183669566,0.0,0.0,0.0,0.0,0.5325800376647835,0.3085872237426914,0.15819578802147682,0.12610715457480334,0.0,0.0,0.335016835016835,0.6833262245269787,0.3169230769230769,0.679044624801342,0.45917387127761766,0.7697178027621625,0.26852531181217903,0.38855980249500605,0.5748456790123457,0.6689970113646294,0.3799645415205283,0.5703495582661429,0.0,0.0,0.3008695652173913,0.7308090406425043,0.2757527733755943,0.7263674925478473,0.36724565756823824,0.8455423057503072,0.22776392352452202,0.02067346720071438,0.626339440027653,0.7265753248150765,0.3533891168295188,0.5196291522073871,0.21173469387755103,0.007386103778740358,0.4011713030746706,0.6610008527518527,0.42812694461729933,0.6192645123616235,0.47953216374269003,0.8541656473617272,0.3116883116883117,0.042905523230520784,0.6561214805441316,0.7540464429558772,0.4485882341245767,0.5200836924613826,0.46153846153846156,0.6333360074188531,0.5917874396135265,0.7958522421885106,0.5723981900452488,0.7922759099093889,0.5458207452165156,0.8178940242409533,0.45937300063979525,0.2599289970610878,0.6863253402462735,0.8523383275110983,0.5583567791254158,0.6676623504963475,0.48848848848848847,0.8326216227874567,0.5647058823529412,0.8574101930193188,0.5576470588235294,0.8531205776534077,0.618744313011829,0.8386355283305813,0.49079754601226994,0.2961360209580371,0.681602172437203,0.7358719920521866,0.5820227936707387,0.6795902514568831,0.3848784460546564,0.4714224942133086,0.922247882986913,0.9830268917288033,0.494991652754591,0.935251798561151,0.9853441199424054,0.4236263736263736,0.932963476652797,0.9841671677920519,0.44697720515361744,0.9305785123966942,0.9974019522311585,0.5870337477797514,0.9399120664386907,0.8488988691862793,0.5467775467775468,0.9576864535768645,0.9659691257617518,0.4151303242212333,0.9395828546198007,0.9491123350834024,0.9966150730507739,0.9542600896860987,1.0,1.0
c12_d8_s0,c12,8,0,75000,0,18262.977908611298,6.827913789919648e-10,2.053936102937605e-05,0.0,0.0,0.0,0.0,0.34765625,0.802550766218811,0.0,0.0,0.3300844704353476,0.5733304304369812,0.4075372480280456,0.025827501646046046,0.21337678378251496,0.2166687135389911,0.0,0.0,0.35960591133004927,0.7967763279258672,0.3368421052631579,0.7921998853903359,0.0,0.0,0.0,0.0,0.5286310200985969,0.33625186106356775,0.1901950897407498,0.21647764970890887,0.0,0.0,0.32345469940728194,0.7290079105336944,0.5246422893481717,0.6371837074714507,0.4885654885654886,0.8210180540722913,0.2582538517975055,0.38792115643810554,0.6065870430691278,0.7816387394561705,0.40902634492098494,0.6114937889920706,0.0,0.0,0.2981691368788143,0.7309251527516734,0.2732327243844321,0.7264832236006021,0.49129989764585463,0.6065658403762075,0.24092409240924093,0.020679654763473183,0.6323529411764706,0.6410310412767595,0.38876105457982874,0.43851983213346635,0.3215077605321508,0.6221165111644251,0.3961566888396157,0.5506127048844401,0.42118537200504413,0.5133569040917868,0.44922341696535245,0.8516371126539661,0.3193403298350825,0.042971128638777285,0.67328,0.7139280880874528,0.4553650884815096,0.5426412590234366,0.44893617021276594,0.6347096881707783,0.568738229755179,0.8409671111888875,0.5766262403528115,0.7948873050364086,0.5535353535353535,0.8183548257943806,0.388268156424581,0.2873560819023642,0.6543909348441926,0.7587837591424327,0.5319069978944282,0.6553373420761339,0.4592274678111588,0.8096665262372548,0.5285524568393094,0.6825566883822267,0.5210183540556542,0.6800671570498064,0.5841392649903289,0.8577036024736271,0.48741559238796806,0.46939247018485325,0.6698434309053778,0.7986305283893327,0.5610827619630955,0.7124558479010605,0.39281630305187315,0.48479920476772403,0.922247882986913,0.9830268917288033,0.494991652754591,0.935251798561151,0.9853441199424054,0.4236263736263736,0.932963476652797,0.9841671677920519,0.44697720515361744,0.9305785123966942,0.9974019522311585,0.5879218472468917,0.9399120664386907,0.8488988691862793,0.5467775467775468,0.9576864535768645,0.9659691257617518,0.4157660521296885,0.9395828546198007,0.9491123350834024,0.9966223058006655,0.9544843049327354,1.0,1.0
c12_d8_s0,c12,8,0,80000,0,18766.84854865074,6.829659060514359e-10,1.0000000422909809e-05,0.0,0.0,0.0,0.0,0.34765625,0.802550766218811,0.0,0.0,0.3305139882888744,0.5733314656633038,0.4073587385019711,0.025827397372216378,0.21343953586437803,0.21666894627711433,0.0,0.0,0.3462489694971146,0.7967990011021993,0.32754716981132076,0.792230544119834,0.0,0.0,0.2782485875706215,0.5601730023554075,0.5263957462969996,0.3373157970671302,0.25731076174260825,0.3567913286241372,0.0,0.0,0.3262987012987013,0.8089741767817756,0.3244047619047619,0.8082264326088164,0.38074398249452956,0.31207360437711373,0.23678332092330603,0.343186705951055,0.5775097552323519,0.6716014462408997,0.3529845532628355,0.4664821565914831,0.0,0.0,0.2979094076655052,0.7309236119477959,0.273015873015873,0.7264817014695789,0.4943820224719101,0.6066085112270713,0.24092409240924093,0.020679654763473183,0.6327960756832516,0.6410332794102728,0.3896026543645489,0.4385308041349856,0.31929046563192903,0.6219817110336167,0.39085545722713866,0.5500153271003885,0.41609050911376494,0.5125308168249149,0.48135593220338985,0.8619276311659765,0.32142857142857145,0.04331945173198596,0.6715235983528667,0.7153527440575503,0.46243006149394306,0.5455272779854549,0.49365853658536585,0.8607714006231717,0.5453367875647669,0.8258922520740809,0.5301932367149759,0.8220696140506354,0.5563310069790628,0.8591855904268503,0.4424666242848061,0.2474818234732257,0.6542776998597476,0.7070140601458095,0.5440345461863298,0.6624814740737954,0.46974358974358976,0.844650744566233,0.5699614890885751,0.8626229036050767,0.5633314054366686,0.8582053537997199,0.6219739292364991,0.868838970095923,0.43210702341137125,0.05989765572802074,0.6760854583046175,0.6467972137819502,0.5661279764271914,0.6076733767323926,0.39799001276311924,0.47059362348848044,0.922247882986913,0.9830268917288033,0.494991652754591,0.935251798561151,0.9853441199424054,0.4236263736263736,0.932963476652797,0.9841671677920519,0.44697720515361744,0.9305785123966942,0.9974019522311585,0.5870337477797514,0.9399120664386907,0.8488988691862793,0.5467775467775468,0.9576864535768645,0.9659691257617518,0.4157660521296885,0.9395828546198007,0.9491123350834024,0.9966223058006655,0.9547085201793722,1.0,1.0
c13_d8_s0,c13,8,0,5000,0,185.71970963478088,0.7822889685630798,0.000999577995557936,0.0,0.0,0.4467312348668281,0.7259224175978412,0.481859410430839,0.7309896965224395,0.0,0.0,0.0,0.0,0.43876723438767234,0.6562615086459942,0.18707436237172367,0.2854747200048553,0.47912524850894633,0.3506475210018057,0.3667924528301887,0.32133726950155417,0.5552672548002076,0.6981474061732403,0.4281282316442606,0.47573954536158897,0.2536066818526955,0.04814409812899454,0.621106166560712,0.5017682382891362,0.4424756830260289,0.37059065350131326,0.4894957983193277,0.3602656948881392,0.5721583652618135,0.4423932750808119,0.5446960667461264,0.440301718971095,0.46634615384615385,0.8518809367859286,0.24926253687315633,0.1971064352168649,0.6452459016393443,0.5837655491280104,0.4740761672836026,0.5117682876943714,0.5430711610486891,0.4954389783078868,0.5822622107969152,0.557243936809046,0.565947242206235,0.5550683029343081,0.4271604938271605,0.8498420534992099,0.4403544648943422,0.07131491609133665,0.6898103503696561,0.6828180524722731,0.5302713784437763,0.5349730236866417,0.5282651072124757,0.5126597264298773,0.5439892545332438,0.5704455298194098,0.5296689569019363,0.5681036447685206,0.5902335456475584,0.6362928929096923,0.41899441340782123,0.06263761058336635,0.7305389221556886,0.6270412871582403,0.5684353301900716,0.4690936894143087,0.4824561403508772,0.6455909660486912,0.5733603786342123,0.7008443477465008,0.59688995215311,0.6978036555202152,0.5733333333333334,0.8545000694541691,0.47538860103626945,0.2466666143736552,0.7364238410596027,0.8090703448199917,0.584011983118818,0.6479125046049046,0.5678537054860443,0.5327094828943657,0.6270200387847447,0.591407482766587,0.6412037037037037,0.5921194114487808,0.6535269709543569,0.9052774433285019,0.5562053281351527,0.3831113653614999,0.7799934619156587,0.705775972200166,0.6504378942491664,0.6415608933150198,0.4909689712404553,0.49448196746020207,0.9436619718309859,0.964158769994391,1.0033167495854063,0.955067920585162,0.9688781559321328,0.9403719912472648,0.9555451567618156,0.9691613874515375,1.0406464250734575,0.9629629629629629,0.9975350391527585,0.9372909698996655,0.9565646594274433,0.9703510087333338,0.9029927760577915,0.9666048237476809,0.9995474380470893,0.8013435700575816,0.9593893656326854,0.9837082309314672,0.8160350065094749,0.021300448430493273,0.8132290794544031,0.025786198777958406
c13_d8_s0,c13,8,0,10000,0,368.1174705028534,0.0850326344370842,0.0009848581542776886,0.0,0.0,0.40625,0.6830297449485345,0.4485981308411215,0.6875537871937997,0.0,0.0,0.0,0.0,0.5050294831772459,0.5814861385357546,0.19749471503107163,0.25958682897913316,0.0,0.0,0.3261021693491952,0.6313913048401151,0.3789746917585983,0.6367797327655853,0.0,0.0,0.30614973262032086,0.02426469530587163,0.537546468401487,0.36433464998505705,0.2696804553477681,0.20283075612320722,0.3065049614112459,0.011039831473886772,0.4168310322156476,0.3343883146884197,0.4396815676668708,0.3421195992299647,0.4597457627118644,0.6896094270657634,0.0,0.0,0.5916489738145789,0.6638357916075113,0.3597668142394245,0.3956569501176746,0.2896237172177879,0.010817874877657615,0.39779005524861877,0.17196414700543702,0.4166666666666667,0.181477424775039,0.35294117647058826,0.7112306471937117,0.2211910286156226,0.018309985464952005,0.6108695652173913,0.7144520418059018,0.38825714583699,0.3913531225043192,0.4181256436663234,0.5480487120620688,0.5182963407318536,0.4920100375050222,0.5317594154019112,0.49817500954083843,0.5575129533678757,0.7884816186635146,0.19392917369308602,0.03346250583105089,0.6181818181818182,0.6946453163488214,0.4647544362940357,0.5073335068031741,0.38924731182795697,0.4221593132152818,0.4830985915492958,0.447635306835426,0.5229638701775873,0.5060136802751527,0.6185567010309279,0.8989807326412255,0.49318624269954575,0.21675165286131853,0.7034246575342465,0.6927412047978553,0.5700677147790834,0.5667690892689216,0.45195353748680045,0.4522646474794696,0.4937062937062937,0.47226739544937474,0.5185643564356436,0.5247227971161418,0.6500994035785288,0.8901488616066356,0.46785225718194257,0.22278510529766937,0.7299900365327134,0.7389477084002254,0.584004106625691,0.5837416554965481,0.4048607697362949,0.41532455847042543,0.9426551453260016,0.9984630730033064,0.7,0.952928870292887,0.9997502988654118,0.7365532381997805,0.9505416862929816,0.9981991053082896,0.7869177403369673,0.9394673123486683,0.6475279474602023,0.8831615120274914,0.9531327084361125,0.9924188326198742,0.8240165631469979,0.9722735674676525,0.9995959667661164,0.6112167300380228,0.9533955388890974,0.9095867264762989,0.8675683494864748,0.07309417040358744,0.8668159107717958,0.07876002018050339
c13_d8_s0,c13,8,0,15000,0,553.5703463554382,0.04939749464392662,0.0009497125223605969,0.0,0.0,0.3600273785078713,0.556083027791052,0.4005085823267641,0.5543266174251366,0.0,0.0,0.0,0.0,0.0,0.0,0.06337799673621962,0.09253413710134906,0.0,0.0,0.2965250965250965,0.14842625724176106,0.4844517184942717,0.44625886380156476,0.0,0.0,0.0,0.0,0.5030586541921555,0.3604451846032822,0.19084606479965288,0.1396683895710977,0.36496350364963503,0.011603526246708525,0.4611432241490045,0.5170271359863609,0.475733972438586,0.5228078924724426,0.0,0.0,0.21405750798722045,0.04053346720429329,0.45052796245600313,0.6379431443175007,0.27463309263057467,0.2572390324392412,0.29043683589138136,0.015371211183013777,0.4087694483734088,0.5889468502734984,0.4841979725700656,0.6701692221301031,0.32,0.5965795311814154,0.32570659488559894,0.04458703287757155,0.5658999634903249,0.39193207978265937,0.40151866099688566,0.3644819345926295,0.4392523364485981,0.4443182823250611,0.5226438188494492,0.4934954690437866,0.5360824742268041,0.4990166263120962,0.5494716618635928,0.36649820898522717,0.3293233082706767,0.03906288499479086,0.5888972243060765,0.6092732065478377,0.49175460107049085,0.37344443993870924,0.4907497565725414,0.43539522959503074,0.5392809587217043,0.48499906015065514,0.5648312611012434,0.6569841062913396,0.5732899022801303,0.8492497076254232,0.44358974358974357,0.33267625285222036,0.7186039264568401,0.7250536683545313,0.5667760577813026,0.6081931068777958,0.45925925925925926,0.4717259760190431,0.5537244561634805,0.5502783660066365,0.5734513274336284,0.7478741419777616,0.6137040714995035,0.8607455429703625,0.4164889836531628,0.21178303554452324,0.7176913425345044,0.7158035009110829,0.5691740196598234,0.5945728935234456,0.3654400705249928,0.3471619905777526,0.9465530596436871,0.999668779548784,0.7913256955810147,0.9528741584671155,0.9996543136349699,0.753804347826087,0.9547363509099394,0.9996577837008135,0.8098729227761485,0.9366479550922213,0.5252050988610698,0.889554794520548,0.9436970602889886,0.9459253119158826,0.7265047518479408,0.969547831436481,0.999613246037753,0.5640862944162437,0.9503201757894846,0.8676009872773903,0.8901345291479821,0.11569506726457399,0.8895696091745342,0.12724928527383822
c13_d8_s0,c13,8,0,20000,0,739.4359359741211,0.03372177481651306,0.000895637119646979,0.41923076923076924,0.015103695578412651,0.3370125091979397,0.09999128794703925,0.5518277416124187,0.5022742109141531,0.0,0.0,0.0,0.0,0.4348540896013153,0.48276569177676726,0.21771944073708946,0.1721388558141589,0.37888198757763975,0.011831399266701577,0.2988326848249027,0.0975324906621007,0.49182115594329334,0.5000481347791808,0.0,0.0,0.24018475750577367,0.22187817717407526,0.28805740645822653,0.49164212176461264,0.2295218600198197,0.2291644101270039,0.3846971307120085,0.011648643202996476,0.45006485084306097,0.5162881129829278,0.4788391777509069,0.5182360536781855,0.0,0.0,0.18471337579617833,0.20902409026216395,0.5307839388145316,0.6245070163030643,0.2883410919281755,0.2955638441299829,0.30127462340672073,0.010786334372925114,0.4779220779220779,0.51564545465819,0.5036319612590799,0.5204868135532918,0.4772727272727273,0.7806547208851892,0.17440912795436023,0.03223996395560464,0.6113776559287183,0.5989868383831747,0.4226672663379413,0.44021359768802604,0.3657754010695187,0.013336048162650186,0.41065171688857743,0.3889761209635197,0.4775771694816541,0.6078912481868817,0.46258503401360546,0.7882317225096801,0.3759942154736081,0.04658195873503588,0.6228710462287105,0.6215051817705889,0.4698629312156269,0.4482633338632471,0.44126074498567336,0.4203906687781852,0.46567967698519513,0.5746252443661506,0.5107398568019093,0.6486706434678957,0.5609492988133765,0.8505764082909704,0.4601113172541744,0.19520867747560144,0.6831615120274914,0.720861137999465,0.5441955552548254,0.5786354356591952,0.44808743169398907,0.3569927026404868,0.5545087483176312,0.6576636392475252,0.580526638089406,0.662750920299292,0.6050251256281407,0.7843106214369133,0.48227848101265824,0.22029616606575536,0.730128809299403,0.7570718489321115,0.5862850054934694,0.5802035976243037,0.39408473585527826,0.39202615355798826,0.940809968847352,0.9956179897934785,0.7566225165562914,0.952678107124285,0.9997629400184793,0.7177947598253275,0.9522918615528532,0.9995920925541312,0.7765225933202358,0.9344,0.7194892307851954,0.8467465753424658,0.9462686567164179,0.9067730307083971,0.7860147213459516,0.969122592479364,0.9930444062022543,0.579179810725552,0.9495961404259864,0.9044077521211358,0.9056415449153769,0.16367713004484305,0.9065150838413119,0.18240932787712316
c13_d8_s0,c13,8,0,25000,0,925.3048758506775,0.023181181401014328,0.0008249337364567146,0.0,0.0,0.3217197924388436,0.13049507305039806,0.555667001003009,0.5564504632235537,0.0,0.0,0.0,0.0,0.3186104218362283,0.0179863973470016,0.15276817157921146,0.061742060692913055,0.38065194532071506,0.016239310557941426,0.30078740157480316,0.1304079932514502,0.4882154882154882,0.46945238605100237,0.0,0.0,0.0,0.0,0.4215809284818068,0.21981455863230406,0.20286646837970224,0.10629528047977552,0.319365798414496,0.015512798115644759,0.4169514695830485,0.39381185834091464,0.43174603174603177,0.39159540189861597,0.0,0.0,0.21069433359936154,0.03382189023728513,0.46218136230672796,0.041743066832223,0.26555753228848705,0.08563457746364166,0.2629674306393245,0.010603900465286887,0.4398671096345515,0.6232063189312337,0.4650587507730365,0.628934577433304,0.2469733656174334,0.288721352595454,0.19063004846526657,0.02716638409242924,0.5408362641656898,0.2653184364126363,0.34193436048267345,0.25053027634428193,0.4450600184672207,0.5463923676399591,0.4856020942408377,0.7115292067210617,0.5242832065535401,0.7081210385225192,0.24604141291108406,0.28872233132796776,0.2979683972911964,0.02247854077330392,0.591374269005848,0.2803009366156724,0.4050914630738319,0.3117123365861977,0.4454244762954796,0.7251162464635471,0.47752394988946206,0.6700095595445644,0.520997375328084,0.6707639530827659,0.4432773109243697,0.28983141005100593,0.47320261437908495,0.04948783703988779,0.6631871955462769,0.20564460518732985,0.515245597005185,0.3083984429937957,0.48527679623085984,0.6309222863119466,0.47368421052631576,0.582882299269587,0.5146666666666667,0.5843206443607549,0.5880184331797235,0.2526306717528896,0.5303867403314917,0.3188610606847299,0.7296889157354274,0.6215351385281924,0.5848258284303142,0.4481004869033104,0.35261277446277217,0.22463049449484515,0.9429241594996091,0.99825750482373,0.7661691542288557,0.9537662337662338,0.9995842178178663,0.75,0.9527816736792893,0.9988486708561342,0.7968596663395485,0.9340746624305004,0.24057411860399677,0.9013605442176871,0.9472111553784861,0.9945565242152145,0.6782334384858044,0.9718654434250764,0.9934212606155305,0.48867212083071115,0.9507438208872768,0.8068621753168297,0.9262548821061768,0.2461883408071749,0.9264695511284626,0.25051852682325243
c13_d8_s0,c13,8,0,30000,0,1108.5104246139526,0.01658678613603115,0.0007406119548704389,0.0,0.0,0.0,0.0,0.4079355238685679,0.5464257792217506,0.0,0.0,0.0,0.0,0.36925719192786605,0.6592469973683287,0.12630892497101384,0.21034723094389474,0.0,0.0,0.28773584905660377,0.13084041244392647,0.46919163369135103,0.462532458166031,0.0,0.0,0.0,0.0,0.41012868410128683,0.5583842430855759,0.16560946125431794,0.18904379998889043,0.348302300109529,0.015507075038508804,0.44308943089430897,0.4209010426645325,0.45591939546599497,0.42251034278030536,0.0,0.0,0.22520507084265473,0.02100202056099202,0.5507246376811594,0.18051151107537336,0.2979250210034396,0.12195492128270358,0.2051948051948052,0.007533001322243543,0.412568306010929,0.3642123863675821,0.4276649746192893,0.36262509858501796,0.2754491017964072,0.286591350797896,0.3588709677419355,0.04650077268308173,0.572041473006793,0.19395588386002288,0.3887093927883692,0.19295954235815377,0.23513513513513515,0.008855491430995082,0.4269340974212034,0.4207316976423508,0.4714016341923319,0.4217589873130013,0.26405867970660146,0.2817200856245644,0.4225705329153605,0.15915830584488397,0.636963696369637,0.597724760530443,0.425354132810289,0.3305963026988351,0.48775055679287305,0.38810828829081045,0.5270555165144062,0.6257274887572828,0.5714285714285714,0.6304020870008382,0.5694076038903625,0.4336061981161974,0.4467005076142132,0.3459837149749728,0.6789340101522843,0.7107583392424128,0.5559467508088692,0.5096068850874733,0.5488474204171241,0.7535156631146985,0.5400425230333097,0.7773116318962722,0.5692503176620076,0.7773834142224715,0.5564356435643565,0.6871572111261123,0.5744794447410572,0.20947595815572898,0.750227617602428,0.8688753235158192,0.6084640315696639,0.6337280156355353,0.366902530743709,0.31260524257078376,0.933852140077821,0.9665312392508045,0.765,0.9461697722567288,0.9763969096273429,0.7603938730853391,0.9475150952159777,0.976471452800776,0.8142156862745098,0.924901185770751,0.23145358840152983,0.870940170940171,0.9472636815920398,0.9912427608710277,0.6832983193277311,0.9687116564417177,0.9912048208021026,0.461051298290057,0.9458472149136711,0.7967585926585753,0.9313973672790395,0.27085201793721975,0.9330806551068789,0.28280733224956556
c13_d8_s0,c13,8,0,35000,0,1297.226134300232,0.011928427964448929,0.0006462610419276992,0.0,0.0,0.0,0.0,0.0,0.0,0.0,0.0,0.0,0.0,0.3357865685372585,0.03498521758816966,0.08394664213431463,0.008746304397042414,0.0,0.0,0.29127725856697817,0.016019447926848448,0.4553314121037464,0.38800902592846326,0.0,0.0,0.0,0.0,0.40997920997921,0.6583875048635587,0.16471219171736287,0.1982659157038323,0.3562231759656652,0.017169316539577543,0.3941707147814018,0.6257845011518663,0.40051513200257566,0.6226167393329921,0.0,0.0,0.0,0.0,0.5376661742983752,0.22998484262541513,0.2303256288037307,0.16296042374172345,0.21794871794871795,0.007166388426996692,0.350822239624119,0.40876816997693516,0.40027137042062416,0.4072119179077068,0.0,0.0,0.33288948069241014,0.03923560740775146,0.5651333591032084,0.17881807161079744,0.3052592372816931,0.12310895944727378,0.17356475300400534,0.005028962012090438,0.3972809667673716,0.6764486203670902,0.44665341285619614,0.67348538377437,0.5456039441248973,0.3780740698049861,0.2980561555075594,0.21597737876162404,0.6256830601092896,0.6309759036306777,0.4521273843210677,0.4191704185621178,0.4894613583138173,0.6331539081973881,0.5029239766081871,0.5583460053524886,0.5386112913692408,0.5561274999272484,0.6273830155979203,0.25972785960579137,0.5154880187025132,0.08016606546953438,0.704473850031506,0.48726021079619336,0.589419273273922,0.3524241517576402,0.5283842794759825,0.45396374964740077,0.5249643366619116,0.5859034788655351,0.5596967782691092,0.5833889465848761,0.5903846153846154,0.29915704379724134,0.5621135469364812,0.07057144185994811,0.7616191904047976,0.8243865592098496,0.6129497877153905,0.4338001091415774,0.3483914493210688,0.24263946896445818,0.9385214007782101,0.9979472959212483,0.6160862354892206,0.9489427539969056,0.9993997517307089,0.6891304347826087,0.9487895716945997,0.9986405568841262,0.7350343473994112,0.9321766561514195,0.23843803029899951,0.8553299492385786,0.9406483790523691,0.9909714054985519,0.6495227995758218,0.9693815064298836,0.9953686931300144,0.4573594440934934,0.9469061126142277,0.8058601659432317,0.940944597135831,0.318609865470852,0.9425144979557295,0.34575929144010314
c13_d8_s0,c13,8,0,40000,0,1485.0848305225372,0.007615241222083569,0.0005458971677758271,0.0,0.0,0.0,0.0,0.3468586387434555,0.38212437444578434,0.0,0.0,0.0,0.0,0.3262279888785913,0.03276566614059993,0.11046188378160245,0.04003511440563201,0.0,0.0,0.2930631332813718,0.01572407917698325,0.46258503401360546,0.3894218656131894,0.0,0.0,0.26638176638176636,0.028084138696129708,0.37017771998266147,0.03442917280511776,0.22211055219902173,0.04939048994115959,0.23076923076923078,0.5409381778245717,0.25021720243266726,0.4953947411281416,0.3860801050558109,0.6943267799122197,0.0,0.0,0.0,0.0,0.5035016586804276,0.1701233621734351,0.198130959524916,0.18675248211543655,0.2040302267002519,0.007350040139695359,0.31868131868131866,0.4249884620622831,0.4275,0.6449596151559182,0.0,0.0,0.28330995792426367,0.20954859666174136,0.6187378009108653,0.1594771277599736,0.3046962351572464,0.18203127421858678,0.3707201889020071,0.010232051897631666,0.49164345403899723,0.7292446605830837,0.5310387215734481,0.7260317984099146,0.0,0.0,0.2936857562408223,0.20448384109292064,0.6078136739293765,0.12152064244767388,0.3414917212520874,0.20362683012603447,0.37404580152671757,0.005453488856155732,0.44461305007587254,0.5821509880678286,0.48835662009314706,0.5796467948324132,0.5391903531438416,0.11554512572165308,0.35568101623147497,0.04297143005369408,0.6453875833041038,0.20734998814196853,0.49398269414449986,0.18873757529236207,0.4982373678025852,0.3271869576679752,0.5015060240963856,0.5912281307077245,0.5680047932893948,0.5856875589389868,0.5287958115183246,0.16026615036312875,0.49836494440810986,0.32289950580473464,0.6437037037037037,0.14195091900704368,0.548361797006565,0.2816210310699506,0.31703369186656266,0.16174211388130885,0.9375975039001561,0.9977004815519693,0.6414309484193012,0.9425763062596999,0.9990728692681171,0.6432491767288694,0.9423791821561338,0.998939117862513,0.6923076923076923,0.9209083790133125,0.21597229131874937,0.9260204081632653,0.9520039584364176,0.9908391320041833,0.6242203742203742,0.9671879791475008,0.9952850323877867,0.42866201648700064,0.9452378285089735,0.8001668196512298,0.9549110371763344,0.45044843049327354,0.9575576527687615,0.47497057009922083
c13_d8_s0,c13,8,0,45000,0,1671.2263140678406,0.005527217406779528,0.00044379245212906274,0.0,0.0,0.0,0.0,0.3065496286293045,0.3789454427223261,0.0,0.0,0.0,0.0,0.40121317157712305,0.6325898742529302,0.12584909528005614,0.18972625545675972,0.0,0.0,0.28056426332288403,0.351920040358844,0.28674351585014407,0.34989892205048223,0.0,0.0,0.0,0.0,0.5363735070575462,0.5527111271130114,0.18136902502880556,0.19666269531236338,0.0,0.0,0.2581699346405229,0.3832975555508188,0.26047904191616766,0.38084365316494745,0.0,0.0,0.0,0.0,0.5206463195691203,0.6702217381318465,0.17338232793867098,0.2312338685926088,0.3013698630136986,0.45163513421642804,0.3988644428672818,0.649943760846574,0.41157133464825774,0.6464756353851513,0.25970873786407767,0.2808925431350345,0.3356164383561644,0.060755169571219764,0.6165605095541401,0.15901964269723617,0.39562189148769866,0.270838049721552,0.0,0.0,0.36350148367952523,0.5654924213393716,0.3780821917808219,0.5623534103491956,0.2648845686512758,0.25001106740165396,0.25934765314240255,0.0313539000623081,0.6345070422535212,0.3324595926547894,0.3514834556334955,0.24744329267040183,0.44314185228604924,0.45172446697664714,0.49032258064516127,0.586214959806806,0.529113924050633,0.5836223107789084,0.3460207612456747,0.314763598880033,0.35750179468772436,0.03714615319894278,0.6501941404871161,0.38364855102663437,0.4603107038536157,0.319019720573266,0.47115384615384615,0.4579292530932576,0.516773733047823,0.5896870620162649,0.5517676767676768,0.5857234578147587,0.5444646098003629,0.19945258049298706,0.5285972305839856,0.37826238204217005,0.6947842884739215,0.4728723576720036,0.570269470212013,0.39875847779548024,0.32261228134776504,0.264811765731776,0.9257232212666145,0.997860685071428,0.6570945945945946,0.937888198757764,0.9950933714525124,0.6859823399558499,0.9379374708352777,0.9943792666867556,0.7293532338308458,0.9247822644497229,0.32920161857455427,0.8827054794520548,0.9489340604858701,0.9924696607765936,0.6478578892371996,0.9681372549019608,0.9995628063954823,0.4370253164556962,0.9439258025310265,0.8292529650375489,0.9545277014320844,0.4304932735426009,0.95716706238054,0.44593306799708504
c13_d8_s0,c13,8,0,50000,0,1853.4437341690063,0.003742653178051114,0.00034429311589923944,0.0,0.0,0.0,0.0,0.0,0.0,0.0,0.0,0.0,0.0,0.27655310621242485,0.5149413709745447,0.06913827655310621,0.12873534274363618,0.0,0.0,0.2929133858267717,0.38600352561792123,0.2952243125904486,0.3835370607543501,0.0,0.0,0.0,0.0,0.4114383269312847,0.5226910801703809,0.15187105660092287,0.1948011522402845,0.0,0.0,0.2629815745393635,0.38941878686996007,0.2725880551301684,0.38708113966893704,0.0,0.0,0.17991967871485945,0.02682239705988131,0.4215809284818068,0.45573327050827594,0.19500595427162754,0.18534724410361408,0.17,0.5401592758335961,0.3932107496463932,0.6989401863993446,0.40235910878112713,0.6953655131544788,0.0,0.0,0.3289198606271777,0.05976498118290004,0.5596196049743964,0.20593405374076149,0.30259902126935356,0.22763017334653368,0.46153846153846156,0.5678393536451566,0.4937127729980146,0.522250536215891,0.5315262227460223,0.5200492434921539,0.25400739827373614,0.27880750792817416,0.3573529411764706,0.048197280486763305,0.6321279554937413,0.5569152094212653,0.43477019517619525,0.3551582605718175,0.5082508250825083,0.4565515578841468,0.5135322692574601,0.5877910754883565,0.5112685125563425,0.5843899795834036,0.4846686449060336,0.20473781500014326,0.4078762306610408,0.2122427627598692,0.6522195036700454,0.371596528403929,0.5139453953839725,0.3328719942873109,0.5376569037656904,0.7367055680507586,0.5321354526606773,0.6765836013468807,0.532156368221942,0.672687706024953,0.5084075173095944,0.1921109470574761,0.3898550724637681,0.04263052269446769,0.6573426573426573,0.609317406931436,0.5223970388330308,0.3848461254560609,0.3128181340126012,0.25848432753560824,0.9297971918876755,0.9971088830498055,0.5209731543624161,0.9451345755693582,0.9945509252237483,0.5618838992332968,0.9430970149253731,0.9939939269859164,0.6063303659742829,0.9200626959247649,0.22393295051565404,0.8875638841567292,0.9540286702916461,0.9920785301455926,0.6108808290155441,0.9661275556911809,0.9952824798257095,0.4131396083385976,0.9448904623420986,0.8016279680600282,0.9695935194560972,0.5771300448430493,0.971671347120933,0.6018835136498683
c13_d8_s0,c13,8,0,55000,0,2038.878663301468,0.002437022514641285,0.00025163447861196694,0.0,0.0,0.0,0.0,0.3185723727693325,0.3516311080841549,0.0,0.0,0.0,0.0,0.28280773143438453,0.5153815589507268,0.09724963058937384,0.15814798207802794,0.0,0.0,0.2917981072555205,0.3894861786253961,0.30434782608695654,0.3871602036149699,0.0,0.0,0.0,0.0,0.3802575107296137,0.5187592725914718,0.1447432054609432,0.1944103500012318,0.0,0.0,0.255700325732899,0.38724336603604564,0.2626865671641791,0.38490854871674546,0.0,0.0,0.0,0.0,0.47291419533412415,0.6302389523238198,0.16142745657495422,0.22190573097702088,0.22756005056890014,0.00760949839518553,0.32087227414330216,0.49628312727967383,0.4186046511627907,0.6943760091533385,0.26045400238948624,0.2803141404564468,0.3375886524822695,0.05930610996037807,0.5961094625783053,0.31399134661334016,0.37912444401876466,0.26325861882655777,0.44657863145258103,0.2805901609911419,0.5074204946996467,0.5801304113708736,0.5108055009823183,0.5767674390296388,0.2621359223300971,0.2805282153923924,0.37771739130434784,0.05964855542583278,0.6041379310344828,0.23826387496096832,0.4330648634284441,0.26440082906076956,0.4015056461731493,0.27619304429814967,0.4668158090976883,0.7789093490125225,0.4996704021094265,0.7752864968309645,0.3561320754716981,0.1527726272579233,0.3280757097791798,0.03445158129625729,0.6399465597862392,0.5639414465599336,0.4450379077076346,0.3403238212903316,0.5561613958560524,0.8471924463469336,0.5625422582826234,0.7868861283271734,0.5745992601726264,0.7821538972440626,0.4652128764278297,0.33780197271881424,0.4543046357615894,0.2724993356948909,0.7056437985806016,0.5497267443988664,0.5473989038851136,0.4913597191963237,0.31543520166646116,0.27625815020432337,0.934375,0.998003110306512,0.5568561872909699,0.9473140495867769,0.9993538917982625,0.6035986913849509,0.9478584729981379,0.9987628390133528,0.6473477406679764,0.9284028324154209,0.31059744160794206,0.8288135593220339,0.9533730158730159,0.9693989677127978,0.6295525494276795,0.9680785758133824,0.9953727172648692,0.39315155358275206,0.948259232907531,0.8185189350729128,0.9717127151743092,0.5948430493273542,0.9752915413673195,0.6392174449240429
c13_d8_s0,c13,8,0,60000,0,2224.679806947708,0.0017370006535202265,0.00016976067648552838,0.0,0.0,0.0,0.0,0.3092369477911647,0.38310918720699394,0.0,0.0,0.0,0.0,0.380238200264667,0.6304967442088723,0.12082929571543047,0.1895499516528009,0.0,0.0,0.28978622327790976,0.3890313234145942,0.3010909090909091,0.38670176720148197,0.0,0.0,0.0,0.0,0.3977806231327358,0.5220293532880615,0.14868491681391888,0.19515176254002176,0.0,0.0,0.25511038430089944,0.3889121445262309,0.26217228464419473,0.38657140846200605,0.0,0.0,0.0,0.0,0.49907166728555513,0.5675619783161572,0.16787480590014664,0.20651412399472568,0.3186022610483042,0.5030423069350343,0.4036186499652053,0.660141336149626,0.41058747579083277,0.6569846800624478,0.2608695652173913,0.28050553769564096,0.3234277816171389,0.05921331515154443,0.6255118110236221,0.2726068100759434,0.39685298836489996,0.3047621093263745,0.4539282250242483,0.5502958535482163,0.491869918699187,0.7163790370009845,0.49370277078085645,0.7126984112857716,0.18659658344283836,0.3095473472575207,0.3333333333333333,0.04106578001647036,0.6386913229018493,0.32046586995699183,0.40961371946152947,0.3327175244606601,0.4069912609238452,0.4053492480173725,0.4706755753526355,0.7783584329948691,0.501637197118533,0.7748314109038298,0.5146198830409356,0.23806672963772849,0.3351605324980423,0.036604905012992184,0.6192560175054704,0.24584405138396268,0.4822011110440299,0.2933405125016768,0.5323110624315444,0.6271762662697966,0.5155367231638418,0.5784744492123644,0.5617021276595745,0.7816353509322617,0.5738476011288806,0.31258873972972495,0.42726633872101194,0.27102453927202264,0.6659380692167577,0.6108508938905504,0.5508921617045759,0.46422321542427636,0.3252784284292188,0.2837513142715052,0.9372056514913658,0.9976897878709289,0.5636515912897823,0.945511157239232,0.9991211730830002,0.5757409440175631,0.9453015427769986,0.9985311344900164,0.6177052423343224,0.9270998415213946,0.2917426586230734,0.8367521367521368,0.9513406156901688,0.9902248720770974,0.6106471816283925,0.9671879791475008,0.9953889966417787,0.38966391883322765,0.9470753050487324,0.8189509731224829,0.9766309851005353,0.6544843049327355,0.9801684963535856,0.6995907842367846
c13_d8_s0,c13,8,0,65000,0,2403.701521396637,0.001226564054377377,0.00010215677510851301,0.0,0.0,0.0,0.0,0.0,0.0,0.0,0.0,0.0,0.0,0.27530364372469635,0.5155871532313638,0.06882591093117409,0.12889678830784096,0.0,0.0,0.2854877081681205,0.388989937083936,0.2898761835396941,0.38664649561268294,0.0,0.0,0.0,0.0,0.4014808720691074,0.5119968531465193,0.14831720899292805,0.19263558267801473,0.0,0.0,0.22125435540069685,0.4958354349249342,0.36105476673427994,0.6945572463104528,0.0,0.0,0.19116465863453816,0.031950850625643935,0.5720620842572062,0.6235802528343487,0.23933244590085082,0.2630821659679471,0.32091097308488614,0.6152654425449612,0.4145150034891835,0.7484598721398964,0.42071197411003236,0.744780778177158,0.2621359223300971,0.2807238111048778,0.1819672131147541,0.02664272794625952,0.6037364798426745,0.2911186855864417,0.35830473304555654,0.3253301472312294,0.39595050618672667,0.298668869321959,0.4912751677852349,0.7621713810914947,0.5322294500295683,0.7589586806564773,0.44012282497441146,0.2669524560590193,0.30340557275541796,0.04144079280965362,0.6553784860557769,0.5835207075197221,0.468014647946529,0.37462840001959297,0.4748858447488584,0.8375538981936668,0.514978601997147,0.7879037958386643,0.5504702194357367,0.7844603926610684,0.5546218487394958,0.2461016766786448,0.4258150365934797,0.19536028189232543,0.6751421880227501,0.2927336120746593,0.5422559905207431,0.38437539988585734,0.5814634146341463,0.8526084048448918,0.5171688857743518,0.7827066605703812,0.5455642727821364,0.7851355964203782,0.5296523517382413,0.7611137809720678,0.4559228650137741,0.4282819964405541,0.7032894736842106,0.714022851597162,0.5592325537082761,0.6775588790720836,0.340611927292294,0.3352153375946522,0.9295774647887324,0.9970852153048388,0.617003367003367,0.9393468118195957,0.9949859266598121,0.5954746136865342,0.9401869158878504,0.994435430488144,0.643141153081511,0.9348171701112877,0.9026502834985749,0.8248299319727891,0.9503475670307845,0.9417314018040885,0.6044932079414838,0.9693439607602697,0.9953789113333462,0.3924731182795699,0.947719773850267,0.958815696863402,0.9799291190510632,0.7040358744394619,0.9833619344350635,0.7398396771119458
c13_d8_s0,c13,8,0,70000,0,2592.438138961792,0.0008363488013856113,5.170042305988327e-05,0.0,0.0,0.0,0.0,0.33755837224816543,0.5475147726147318,0.0,0.0,0.0,0.0,0.0,0.0,0.028129864354013785,0.04562623105122765,0.0,0.0,0.28162291169451076,0.5501341851053305,0.28634039444850257,0.5469811579734674,0.0,0.0,0.0,0.0,0.4050632911392405,0.512099795362894,0.1485960982967279,0.2194512274306233,0.0,0.0,0.2744453574363188,0.5506942234529107,0.28291948833709557,0.547550787449489,0.0,0.0,0.1875,0.03183590101745375,0.512856150104239,0.5938378127771197,0.22153610800717763,0.24793884602384333,0.32786885245901637,0.619530372342398,0.4228650137741047,0.7489778535055999,0.42838874680306904,0.7452918296967915,0.2692778457772338,0.2785966982529228,0.3284416491963662,0.05895745457424735,0.59721300597213,0.6246053903278723,0.39699334298944833,0.4166898904174931,0.32858707557502737,0.6209051111379702,0.38130563798219586,0.571479651251183,0.445019404915912,0.5689988631130035,0.42398286937901497,0.3818287740336324,0.32585949177877427,0.05279555863845743,0.660731319554849,0.6883109899260319,0.4488860967175875,0.4275157994413768,0.4044665012406948,0.4339466896356048,0.45543071161048687,0.7851190408477834,0.45335176226675883,0.7810307560955734,0.4202247191011236,0.580124886137774,0.44593687038280727,0.28116028873239296,0.6889245585874799,0.5478649651350892,0.4982089516110144,0.5189622422162274,0.5148741418764302,0.7930106866172889,0.5255681818181818,0.7354762507070874,0.5485498108448928,0.7311742426743052,0.5252725470763132,0.37698733846452614,0.520048602673147,0.3054464926852676,0.6996124031007752,0.7287824640574505,0.5686493994241842,0.5411091721350345,0.3301428373428791,0.3453276298165466,0.9262166405023547,0.9954829659508541,0.5847457627118644,0.9392838609237156,0.9871067864038777,0.5729281767955801,0.9391955098222639,0.9866258323564252,0.6225099601593626,0.9331210191082803,0.6136211213074109,0.8208191126279863,0.9508196721311475,0.8996213700113589,0.5977011494252874,0.9675443968156767,0.9953608164166095,0.3867088607594937,0.9465959396178039,0.8745854589931079,0.9812671777809924,0.7183856502242153,0.9852714874441465,0.7615337182577498
c13_d8_s0,c13,8,0,75000,0,2777.917502641678,0.0007375732529908419,2.053936102937605e-05,0.0,0.0,0.0,0.0,0.3382157123834887,0.5481963412630799,0.0,0.0,0.0,0.0,0.0,0.0,0.028184642698624057,0.04568302843858999,0.0,0.0,0.28661916072842436,0.5512682093833425,0.2923636363636364,0.5481161827093964,0.0,0.0,0.0,0.0,0.4117407256420709,0.494784455672553,0.1511837478348561,0.2153114799258665,0.0,0.0,0.26885245901639343,0.5506558879200086,0.27627627627627627,0.5475077982786924,0.0,0.0,0.18357487922705315,0.03182194832461522,0.4398406374501992,0.49166685648264047,0.20128127377703556,0.22238584171837233,0.3219814241486068,0.615116927545649,0.43112947658402206,0.7489886578498595,0.4360613810741688,0.7453087491139511,0.2694684796044499,0.2786726816849215,0.17807089859851608,0.025908127672654883,0.5432924563359346,0.6222899973004883,0.34680564878529163,0.4075022295403044,0.49195837275307475,0.5418013020826322,0.5190126751167445,0.6762472073724521,0.5517647058823529,0.6738327027065925,0.41575492341356673,0.29245045579939083,0.3566333808844508,0.04960403376438827,0.6328518642929123,0.5771620795663602,0.48153802162708015,0.38746090996267457,0.4773922187171398,0.5870522356211868,0.4956521739130435,0.7447153891326813,0.4932975871313673,0.741075392091073,0.39767441860465114,0.4348929575070679,0.39592430858806404,0.04275908648300139,0.6307692307692307,0.607366292727094,0.47828715447061565,0.44399150224970263,0.5118376550169109,0.7933544007474829,0.5364145658263305,0.735912803763656,0.5414294750158127,0.7314431799275841,0.5185929648241207,0.3196367804586798,0.4528813559322034,0.04638045048330628,0.7025974025974026,0.685732196400805,0.5509914054933528,0.451329888872258,0.31975312781240806,0.31052355438682405,0.9230769230769231,0.9954312926723615,0.5960884353741497,0.9357512953367876,0.9830460447143587,0.583610188261351,0.9373831775700935,0.982605135000807,0.6365902293120638,0.9329073482428115,0.4941842085890019,0.8261986301369864,0.9489340604858701,0.8905640586740574,0.5987460815047022,0.9666360575451485,0.993759208895605,0.383153894870171,0.9451369829004412,0.8413837417386266,0.9821061767684074,0.7329596412556054,0.9863202949680746,0.7751555580469758
c13_d8_s0,c13,8,0,80000,0,2960.674033641815,0.0006667186971753836,1.0000000422909809e-05,0.0,0.0,0.0,0.0,0.34130146082337315,0.5480533417560616,0.0,0.0,0.0,0.0,0.0,0.0,0.028441788401947762,0.04567111181300513,0.0,0.0,0.2979373567608862,0.38978854430407966,0.3011963406052076,0.3874454964442633,0.0,0.0,0.0,0.0,0.39254658385093166,0.4998154592378327,0.14806445407657406,0.18972336820515343,0.0,0.0,0.2183406113537118,0.4957679077652795,0.35786630654962864,0.6944819567896717,0.0,0.0,0.0,0.0,0.5241282141599155,0.5490861377959018,0.17904929669859057,0.23645902316188805,0.3282051282051282,0.6161116160896158,0.4348422496570645,0.7495774440005698,0.4394904458598726,0.7458960051337463,0.2686202686202686,0.27832384286913153,0.18001651527663087,0.0259119385547085,0.5532390171258377,0.6233613933127914,0.3506804355658564,0.4078647157861522,0.19240506329113924,0.5405051320905986,0.41311933007676205,0.6647158727564443,0.42071197411003236,0.6615639757988672,0.42887029288702927,0.39204953597150777,0.2570772762050497,0.04281013558316915,0.6350189198486412,0.6822051273202413,0.41576131952500783,0.4348316147725554,0.45936395759717313,0.7118411998129419,0.49784791965566716,0.7841229944338806,0.538899430740038,0.7807037407490383,0.47416413373860183,0.32251658380733267,0.32088959491660046,0.04616802205576686,0.6723202170963365,0.31214847531419,0.49151942877062454,0.35993059821064416,0.4738095238095238,0.6345380549452765,0.5488565488565489,0.7929540142568071,0.5522855353788353,0.7882818563456929,0.3810650887573965,0.21824291369591234,0.422554347826087,0.2500712757571108,0.6941060256832401,0.5433316140790819,0.5056773329037566,0.43755927801200767,0.30274200799176537,0.3017199585659151,0.925984251968504,0.9954823901683967,0.5935374149659864,0.9372080954852102,0.9830883819689139,0.5780730897009967,0.9382022471910112,0.9826457458002521,0.6307385229540918,0.9336530775379697,0.4941850640026284,0.8313356164383562,0.9478908188585607,0.890528959631837,0.5952879581151832,0.9666360575451485,0.9937692492312387,0.38600379987333755,0.9454945380391468,0.8413888613778896,0.9826992622595111,0.739237668161435,0.9868175743975234,0.7821626772801166
c14_d8_s0,c14,8,0,5000,0,771.7139413356781,0.4601426124572754,0.000999577995557936,0.0,0.0,0.0,0.0,0.0,0.0,0.0,0.0,0.31485284052019163,0.513929864878968,0.5825995068686157,0.6211158675639308,0.22436308684720185,0.28376143311072466,0.0,0.0,0.27699180938198065,0.7196394542283248,0.29553264604810997,0.7236152587028056,0.44654088050314467,0.8275800168369658,0.0,0.0,0.6255041886441204,0.6536290496580187,0.3157216385726571,0.4905734927013403,0.0,0.0,0.24075531077891424,0.4594923724003189,0.257411424439624,0.4660064729635806,0.392204628501827,0.721812622716803,0.0,0.0,0.6643154857326066,0.7760338507380873,0.30564392316015326,0.4515865221440475,0.2756892230576441,0.009137356560790708,0.4420772303595206,0.7545834803563408,0.4560099132589839,0.7581157762980864,0.3726235741444867,0.7091723723938402,0.1935483870967742,0.28939431489649986,0.69765908341576,0.7569556956558502,0.41377245838726767,0.5657003135044825,0.5449490268767377,0.5986791884819461,0.5959232613908872,0.7703252176560266,0.5786516853932584,0.769668999487519,0.38946162657502864,0.7123924344428746,0.4329382407985028,0.6080793069656121,0.7369420702754036,0.8598866437331778,0.533129148883974,0.7233123800875404,0.5764102564102564,0.5733405462594248,0.637223974763407,0.8278215269802671,0.5998821449616971,0.8232337700808283,0.5547877591312932,0.44091455932544976,0.5072788353863382,0.594002483277555,0.783157894736842,0.7289975521007597,0.612432486991565,0.6263449689526511,0.5477178423236515,0.05272354361556389,0.6204287515762925,0.7725661667953148,0.6083476272155517,0.7677311858932503,0.5953582240161454,0.9071410598543875,0.514752040175769,0.6405952099390899,0.7822760599298693,0.7997561094114691,0.6211377661234039,0.719624836159914,0.4323143584237461,0.5515577066658144,0.9517133956386293,0.9981808222810986,0.47708674304418985,0.9528741584671155,0.9239017874365921,0.5016304347826087,0.9506057781919851,0.9211589556565284,0.5235294117647059,0.935720097640358,0.7413401796021808,0.7391304347826086,0.9317851959361393,0.7974742851070006,0.6651090342679128,0.9582071471835252,0.9487517791417382,0.41877370417193427,0.9443608878814831,0.8588283580772481,0.9749891508751627,0.5804932735426009,0.978810471438982,0.6199899097483043
c14_d8_s0,c14,8,0,10000,0,1447.2945609092712,0.013554067350924015,0.0009848581542776886,0.0,0.0,0.0,0.0,0.3604997025580012,0.8353560223427882,0.0,0.0,0.0,0.0,0.57958423828731,0.6063342681859439,0.17493770145166093,0.22119656890838502,0.0,0.0,0.2789667896678967,0.7423387610413134,0.2958418541240627,0.7463398022994667,0.0,0.0,0.0,0.0,0.6267840874582448,0.597510098075184,0.20459674218055782,0.273434071463861,0.0,0.0,0.21451612903225806,0.7354371382926217,0.3659147869674185,0.7375895317521174,0.34536082474226804,0.761361435891173,0.3989930774071743,0.7070228207487846,0.671280276816609,0.7685871809523624,0.4022777877414859,0.6819950819018082,0.27715355805243447,0.042921384403236354,0.32767527675276753,0.47681887278713725,0.43353293413173655,0.47787712821190687,0.3324607329842932,0.7495166363339812,0.42317380352644834,0.5081807816478241,0.677561282212445,0.6383610406282282,0.4448291020922082,0.5571493967693651,0.287248322147651,0.04851926500267142,0.4316020482809071,0.7950707486533312,0.5644637053087758,0.8244069398666058,0.4381625441696113,0.8557044096668676,0.46737103791174645,0.43381151150553776,0.7064192272588987,0.8691505988779544,0.509931041979842,0.678666376139474,0.54,0.49446404261449817,0.5024840312278211,0.6956086345803055,0.502301117685733,0.696313940775982,0.522343594836147,0.41792490071009025,0.5112160566706021,0.4806579522339039,0.7408930669800236,0.8397685201342815,0.5723452753644893,0.5917867281004677,0.566147859922179,0.460804401170075,0.5564566437928883,0.754052457812345,0.5853119823302043,0.8663277545862511,0.4714587737843552,0.8045669022475739,0.5182389937106918,0.4789404998838742,0.744214748534403,0.9099004857211096,0.5758045028444685,0.721784023093862,0.41210316480781606,0.5322874637681748,0.9453125,0.9422555805831297,0.4628099173553719,0.9488372093023256,0.9516182747268636,0.39161220043572986,0.9461467038068709,0.9513282566671254,0.41952894995093226,0.9233252623083131,0.7550892362051635,0.6896853146853147,0.9367704280155642,0.8160520274821337,0.5669781931464174,0.9506024096385542,0.8463773280457634,0.36533586818757924,0.9393658927497076,0.8414798239313583,0.9876392304354116,0.7683856502242152,0.9919603478424401,0.8182072986153932
c14_d8_s0,c14,8,0,15000,0,2103.1557142734528,0.006946359295397997,0.0009497125223605969,0.0,0.0,0.0,0.0,0.0,0.0,0.0,0.0,0.0,0.0,0.5719579987646696,0.606176539507479,0.1429894996911674,0.15154413487686974,0.0,0.0,0.0,0.0,0.2222222222222222,0.7364311640122302,0.0,0.0,0.0,0.0,0.6172914147521161,0.6470108315337756,0.17284137220654755,0.22312197155112976,0.0,0.0,0.0,0.0,0.1958997722095672,0.5289566560731895,0.2864516129032258,0.5240523763602697,0.20077821011673153,0.6107538387334883,0.5338053097345132,0.6703935830665003,0.27158376420608155,0.4953796708794971,0.29581151832460734,0.04341729315145184,0.20867959372114497,0.03759195195004765,0.4306930693069307,0.4771432565334487,0.4274099883855981,0.8534131323186882,0.4527150701647346,0.6487403392052487,0.6504914004914005,0.6957240456784095,0.46058612987315695,0.5959820877701656,0.4477933261571582,0.05206365459193541,0.40310077519379844,0.5418712701163265,0.41018941868060094,0.5397724405725179,0.3638525564803805,0.7940935447177511,0.45526475958612295,0.4062556338217452,0.6677076826983136,0.7447986976268142,0.4767965430271674,0.580762582814976,0.455531453362256,0.043333081352995934,0.4618585298196949,0.7158078202491358,0.462033462033462,0.7131593987208755,0.44123711340206184,0.7871367154042237,0.5149971703452179,0.5364481981789239,0.7262536873156342,0.8800484726152753,0.5355739465336795,0.6736000382431897,0.5306122448979592,0.3259911181427161,0.45760233918128657,0.6076069136699143,0.460942543576501,0.6249533448027883,0.47149122807017546,0.4177157919949898,0.5006150061500615,0.25778720388911713,0.7444183313748531,0.836433167986574,0.5498942353700847,0.5078633223522885,0.3728950701296979,0.4611791154983023,0.9425465838509317,0.9997369495378616,0.5049423393739704,0.9479649665121072,0.9994922412353803,0.40217391304347827,0.9462962962962963,0.9988905502164552,0.4241682974559687,0.9168026101141925,0.7361766778250588,0.6743772241992882,0.93209574987787,0.7421204030816204,0.5828092243186582,0.9522946859903382,0.9091734416430598,0.37317691819911225,0.9366989153838781,0.8467109423865762,0.9907131491393028,0.8356502242152466,0.9957071223072319,0.898032400919334
c14_d8_s0,c14,8,0,20000,0,2762.714515209198,0.00455257436260581,0.000895637119646979,0.0,0.0,0.0,0.0,0.0,0.0,0.0,0.0,0.0,0.0,0.47578785549577246,0.7408657603169404,0.11894696387394312,0.1852164400792351,0.0,0.0,0.0,0.0,0.23546511627906977,0.20136736296037872,0.0,0.0,0.0,0.0,0.611024602927437,0.6818331791316931,0.17237824375511507,0.18723890836295481,0.0,0.0,0.20590582601755786,0.531471209795534,0.3663551401869159,0.5421903236505198,0.33290653008962867,0.4935725995384791,0.23820572312451663,0.2448513514205072,0.6426014319809069,0.7180577709787281,0.35111683514913583,0.45359222493826645,0.3032679738562091,0.04828556034251308,0.45454545454545453,0.7194074683822761,0.5397183098591549,0.7231421107782089,0.45295404814004375,0.8671827467442159,0.45734597156398105,0.45701671162816715,0.6493506493506493,0.721781072911067,0.4980403121187367,0.6357313944461124,0.5454545454545454,0.5287856118773465,0.5223590408295529,0.677213992429262,0.5667970933482392,0.7537357857431145,0.4994663820704376,0.8817227857825338,0.4830316742081448,0.4258595231698837,0.671437461107654,0.7201284393110732,0.5497014359825871,0.6702389695700163,0.5199590583418628,0.6712747551362556,0.5041322314049587,0.6082045764870418,0.5266990291262136,0.6846498291334564,0.45665961945031713,0.6557311380482763,0.4490521327014218,0.2300853518381223,0.7137324992552875,0.7192770010014164,0.5340935894245095,0.5649508027850165,0.5672797676669894,0.7503104856309835,0.51,0.7068821029823225,0.5366161616161617,0.7723990041234242,0.5708502024291497,0.3471982100675065,0.4961966062024576,0.35960308396555846,0.7323683400061596,0.7323441547043046,0.5843451145997043,0.5455856615790698,0.40123178498624734,0.4632220573943816,0.9509727626459143,0.9997770089070093,0.5147299509001637,0.9500257599175682,0.9996951815911266,0.4197396963123644,0.9485873089393237,0.9989714382999184,0.44287109375,0.9298531810766721,0.7214205699001327,0.6991228070175438,0.9382352941176471,0.8681671279589125,0.58098223615465,0.9513742071881607,0.8780362081038224,0.3873015873015873,0.9423311565541872,0.8667762788905548,0.9920222768696658,0.8621076233183856,0.9963960803531227,0.9171478221873424
c14_d8_s0,c14,8,0,25000,0,3433.6582131385803,0.003001102479174733,0.0008249337364567146,0.0,0.0,0.0,0.0,0.0,0.0,0.0,0.0,0.0,0.0,0.5663440524508273,0.603731506403976,0.14158601311270683,0.150932876600994,0.0,0.0,0.21354581673306772,0.5315807972413598,0.2282370153621068,0.5372944709095666,0.0,0.0,0.0,0.0,0.5248125669403785,0.7423112306631954,0.16801837774302583,0.274650746678376,0.0,0.0,0.19805194805194806,0.5317106289174246,0.21726190476190477,0.5337555912645628,0.24514563106796117,0.2989791760339896,0.38064516129032255,0.04647181709781313,0.5312729948491538,0.5009895081805078,0.3238754345363471,0.3003989770099099,0.2682926829268293,0.05403588171865629,0.3154016212232867,0.5482767084839872,0.42438732815301855,0.5534658589608674,0.27371273712737126,0.6404339914323283,0.41490683229813663,0.04793045434145149,0.6346504559270517,0.738312992212264,0.41482430903006784,0.45298423026013684,0.5129151291512916,0.4471480393977549,0.4105488239486814,0.40280476876391397,0.41188118811881186,0.4001260842115965,0.4037122969837587,0.7990606341331801,0.4010416666666667,0.045292197879384294,0.6617871302226288,0.8222848181257181,0.4779140352364956,0.520832653565676,0.4857444561774023,0.06729718963535204,0.3807266982622433,0.058431608629696555,0.4409240924092409,0.5462976532157725,0.41818181818181815,0.8101388447711897,0.4667059516794343,0.30772351761366606,0.7154912597950572,0.807383741194186,0.5090443613181512,0.5373137301848289,0.5443786982248521,0.6500158570673791,0.4931899641577061,0.5890302496776001,0.5173501577287066,0.8341509451564274,0.623352165725047,0.9275047498120537,0.46394984326018807,0.42980700914732556,0.7213414634146341,0.8450040039349421,0.5817374364425727,0.7233453617153642,0.3738571382027667,0.4229226537164695,0.9416342412451362,0.9832567147809128,0.48016528925619834,0.9425641025641026,0.9852010005788201,0.397170837867247,0.9399260628465804,0.984694437367834,0.41543756145526056,0.926948051948052,0.9628286075690792,0.6646234676007006,0.9361909400876766,0.9272191452839175,0.5665972944849116,0.9478758662247665,0.8652274332036254,0.3687221869040051,0.9380974151197754,0.9349148092414526,0.9911181831332273,0.8352017937219731,0.9957252051955755,0.8933796737485286
c14_d8_s0,c14,8,0,30000,0,4134.630457878113,0.0018299021758139133,0.0007406119548704389,0.0,0.0,0.0,0.0,0.0,0.0,0.0,0.0,0.0,0.0,0.4756468797564688,0.7397999616176426,0.1189117199391172,0.18494999040441065,0.0,0.0,0.2102728731942215,0.5313781529610447,0.22385861561119294,0.5370878159231912,0.0,0.0,0.0,0.0,0.5239114917915775,0.7429729668556172,0.16715549701501223,0.2747820724542573,0.2661955241460542,0.052318462322928756,0.336812804453723,0.4820559481215494,0.3473208521626856,0.48827219870964655,0.2286401925391095,0.20537168391735028,0.21405750798722045,0.012368888562116273,0.5930342014433637,0.6784639116797267,0.3381270738892953,0.30927167180264203,0.2753441802252816,0.050960363858812495,0.38975050573162506,0.47717870955808517,0.3987460815047022,0.4744738996969715,0.26430517711171664,0.6402956441459134,0.3262411347517731,0.032908358515292946,0.5737483085250338,0.647674802609891,0.37972705238559823,0.4137707824105967,0.42998897464167585,0.04845871084293835,0.4104372355430183,0.4122747983881223,0.42483660130718953,0.4111683873068651,0.3957091775923719,0.7951294884825971,0.42204132748904194,0.22518367821017848,0.5781856689022238,0.6743523285492494,0.4544226111202331,0.4963248651886667,0.5337361530715005,0.452649359695585,0.42073170731707316,0.4033517086470459,0.4537591483699268,0.6852427523129624,0.43119266055045874,0.8523091236988056,0.42794210195091253,0.2805916935119295,0.6412657410397159,0.5590213797749417,0.49245237661514685,0.5514175343010519,0.44144144144144143,0.034312453765154884,0.33305716652858325,0.02973118149287564,0.422103861517976,0.4367321616071407,0.536779324055666,0.6033766398644499,0.46972477064220186,0.4517044910761918,0.7070832044540675,0.8946463900359057,0.5281136972453172,0.5291631966495678,0.35413000402996003,0.3942400161730276,0.935708752904725,0.9439922063278879,0.5091059602649006,0.9355828220858896,0.9516827966093965,0.412568306010929,0.9362880886426593,0.9514252495157867,0.4285009861932939,0.9320388349514563,0.9614177935458625,0.6032986111111112,0.9261418853255587,0.865614841515921,0.5839454354669464,0.9500601684717208,0.8383290974042239,0.34515516149461684,0.9360251941566234,0.9035987874875913,0.9927889483581658,0.8692825112107623,0.997506369697419,0.9335164527159594
c14_d8_s0,c14,8,0,35000,0,4833.866441011429,0.001321920775808394,0.0006462610419276992,0.0,0.0,0.0,0.0,0.0,0.0,0.0,0.0,0.0,0.0,0.4692218350754936,0.742693687337704,0.1173054587688734,0.185673421834426,0.0,0.0,0.22061191626409019,0.7361037929061883,0.2259970457902511,0.7324306449847995,0.0,0.0,0.2579710144927536,0.5771778060453342,0.52491932592327,0.7481306782783489,0.23293999860853434,0.4537049909051698,0.0,0.0,0.21428571428571427,0.46091985270504443,0.22023809523809523,0.46346845827063576,0.3,0.4267316613850505,0.19406575781876503,0.019128676900699648,0.6077170418006431,0.6493140789660218,0.3116560173651695,0.35082596356091633,0.2835820895522388,0.05266091985383237,0.3291139240506329,0.5494775490500466,0.425531914893617,0.5502738627476752,0.42626728110599077,0.8137451552918966,0.4339853300733496,0.060276780020347365,0.632086851628468,0.7225186983359984,0.45960385974332607,0.49516951938302345,0.4314159292035398,0.04793167764621065,0.41496118560338746,0.4775425339147359,0.4224983649444081,0.47603377142731135,0.3922518159806295,0.8122922496680081,0.4010589013898081,0.24857106082474595,0.6327433628318584,0.7012782091553381,0.46225314336318524,0.5239943784943779,0.5235803657362849,0.5996176203657265,0.4256259204712813,0.5475809488475444,0.4597846738442052,0.6331711361931472,0.4553014553014553,0.8121520895561744,0.48803269118505543,0.5708248482248154,0.6909090909090909,0.8575812262840523,0.525976722686548,0.7085036831334619,0.5257731958762887,0.43684022780744647,0.45293701344656756,0.39395370337714436,0.4699248120300752,0.6732068624948517,0.56312625250501,0.3923185161712133,0.45952677459526775,0.060339203729813516,0.7211452430659111,0.8176283887220941,0.5566691526542915,0.4429049266290671,0.3809149075985611,0.45153955484863467,0.9403563129357088,0.983149161898118,0.4728171334431631,0.9411764705882353,0.9852719385124559,0.39945652173913043,0.938134810710988,0.9847089032342112,0.41633858267716534,0.9144254278728606,0.9849695267399152,0.6292335115864528,0.9384765625,0.993380879170269,0.5639958376690947,0.9466706839409461,0.836398377117374,0.3637810311903246,0.9348654680980294,0.9497813627272883,0.9934977578475336,0.8838565022421525,0.9986130424640467,0.9596389932171085
c14_d8_s0,c14,8,0,40000,0,5447.15743970871,0.0009795032674446702,0.0005458971677758271,0.0,0.0,0.0,0.0,0.0,0.0,0.0,0.0,0.0,0.0,0.4806378132118451,0.7410363176010369,0.12015945330296128,0.18525907940025924,0.0,0.0,0.0,0.0,0.22597212032281733,0.5358275600569012,0.0,0.0,0.0,0.0,0.5191276367536647,0.7164299827779402,0.1486129192153176,0.2237597923658935,0.0,0.0,0.2064516129032258,0.45979723530669353,0.36829268292682926,0.5151169751472751,0.3371069182389937,0.47428904742906286,0.21003134796238246,0.02053676122348871,0.6244019138755981,0.7122545971630425,0.34078040300508144,0.38301295232506255,0.2708333333333333,0.04262439280548638,0.3093415007656968,0.5418816272699917,0.42513863216266173,0.5479466314808671,0.42742857142857144,0.8005544821854006,0.34139599170698,0.2503899782577002,0.6401468788249693,0.7355490350527464,0.4360189826786045,0.5409944281703238,0.5230202578268877,0.3400905277312285,0.41565836298932385,0.3042809746108806,0.42320369149637443,0.30352057401211324,0.3902439024390244,0.8056210262324964,0.37104072398190047,0.22463049577777056,0.6442367601246106,0.6922822217046671,0.4648705393290994,0.5096244422915854,0.5342333654773385,0.3472500827428443,0.4336283185840708,0.3132608591504673,0.4359673024523161,0.31258897768767213,0.4129181084198385,0.8080385394741585,0.46774193548387094,0.5965792460257556,0.6866519406752919,0.6996721475964797,0.508813745020894,0.6071641432391804,0.5136842105263157,0.05719993686869543,0.43593519882179677,0.5122083272151033,0.45170068027210886,0.5146905078844044,0.5485148514851486,0.5271604677203373,0.4798071127185051,0.5985999254931308,0.7138026437134952,0.8272826454720904,0.5523078261143057,0.5786023240020732,0.3673662669523234,0.43263102311348256,0.9454828660436138,0.9995158637087977,0.48929159802306427,0.9460708782742681,0.9994335091534626,0.40499457111834963,0.9443929564411492,0.9987282506188068,0.42149165848871445,0.9421352893235534,0.7343943174840666,0.6513840830449827,0.9297140087251575,0.890669531635252,0.5740354535974974,0.943328335832084,0.877391177728538,0.3897012078830261,0.940123300200118,0.8754202253353864,0.9945609720815854,0.9103139013452914,0.9993038087987718,0.979707382700824
c14_d8_s0,c14,8,0,45000,0,6062.345119476318,0.0005908209714107215,0.00044379245212906274,0.0,0.0,0.0,0.0,0.0,0.0,0.0,0.0,0.0,0.0,0.47604562737642586,0.762407560930445,0.11901140684410647,0.19060189023261126,0.0,0.0,0.0,0.0,0.0,0.0,0.0,0.0,0.0,0.0,0.5236570615439345,0.6175337354939573,0.13091426538598364,0.15438343387348932,0.2824074074074074,0.05301184143384178,0.3407202216066482,0.4822629240861851,0.35218508997429304,0.48848246505097326,0.0,0.0,0.3742613263296126,0.2517367938923756,0.5563858695652174,0.623706954316968,0.3139378588894032,0.30417403959991923,0.275609756097561,0.052334958328805005,0.3003831417624521,0.3014577448421626,0.39802834257547753,0.303877396168204,0.22562674094707522,0.6386300307012184,0.4059040590405904,0.2455121359155336,0.5899705014749262,0.6169588719510483,0.38654376206860547,0.4300811012535477,0.4258639910813824,0.04851192337942204,0.3907380607814761,0.40572660607027067,0.46041412911084045,0.6212768008011367,0.21067415730337077,0.6254168648827564,0.42351529694061185,0.42911788140830537,0.6406349206349207,0.6527947016338742,0.4251241088008674,0.5164586395021364,0.4059633027522936,0.04804813759572322,0.46026261230131305,0.65195104075702,0.4669660038486209,0.6483138641496268,0.3455233291298865,0.7943883197277471,0.4664391353811149,0.5463297901193567,0.66176,0.7089857564873828,0.47952994270293603,0.6247853867921525,0.4655367231638418,0.45932147448962984,0.4069855732725892,0.3837799534296675,0.4783404514948139,0.7709724412816273,0.5078369905956113,0.8509543926827519,0.4656891495601173,0.6335410669322364,0.6942348324781165,0.7544635392463246,0.5295121388193984,0.694245905482072,0.34065335478732867,0.41639005667656115,0.9435736677115988,0.9831866523669219,0.5290697674418605,0.9423274974253347,0.9817914607250879,0.41147540983606556,0.9419414770088249,0.9811659931763,0.4245562130177515,0.9322448979591836,0.7469511147339031,0.6190893169877408,0.9259796806966618,0.8710224232694477,0.5794148380355277,0.9467028003613369,0.8551988244469964,0.3568702290076336,0.9368853982664421,0.8638050994682792,0.9949804715752929,0.9224215246636771,0.9997106737865026,0.9913672291047705
c14_d8_s0,c14,8,0,50000,0,6803.812697887421,0.0003632575972005725,0.00034429311589923944,0.0,0.0,0.0,0.0,0.0,0.0,0.0,0.0,0.0,0.0,0.4691833590138675,0.7426993077297873,0.11729583975346687,0.18567482693244683,0.0,0.0,0.0,0.0,0.0,0.0,0.0,0.0,0.0,0.0,0.6017369727047146,0.6774466131095087,0.15043424317617865,0.16936165327737718,0.0,0.0,0.2082994304312449,0.6840202456493932,0.3585951940850277,0.7176483064286308,0.3233082706766917,0.44110142323436335,0.20902612826603326,0.019459100396181206,0.6259771497294047,0.6961204858493587,0.3368191058777218,0.4059759650431445,0.24078624078624078,0.03851520074085057,0.2909367859862909,0.29332306227659294,0.4014732965009208,0.2959186087506843,0.41935483870967744,0.8115264621767604,0.3358568479008947,0.2562161813501886,0.586763253210405,0.6695221219687948,0.413260095228032,0.48662926402127993,0.44956140350877194,0.050245931756964055,0.4037626628075253,0.30466410714704345,0.4042838018741633,0.3038653953259103,0.23545706371191136,0.7049790952966899,0.3712574850299401,0.47060456797694294,0.5912560721721027,0.6688575542485551,0.40429331091102694,0.5160082572330401,0.5628042843232717,0.49052878856319443,0.46805349182763745,0.44516842989003125,0.5054662379421222,0.7621575910900309,0.42990654205607476,0.37888015439715544,0.4346764346764347,0.5287954262822631,0.6887122416534182,0.7816758438466274,0.5163508057709011,0.5638257569267828,0.5630498533724341,0.6779930816205235,0.46050670640834573,0.6198499929664587,0.5047438330170778,0.787227623212479,0.4650655021834061,0.8679964657538056,0.4639111659469463,0.2590924889318424,0.7376381617219313,0.7609797693928233,0.544012073529559,0.6457730725029063,0.35463792489241236,0.4247498279909968,0.9524551831644583,0.9832603854194637,0.5212765957446809,0.9495884773662552,0.9816843634247412,0.41657638136511377,0.9460966542750929,0.9812308222888836,0.4258349705304519,0.9324654190398698,0.7240525979504197,0.6029668411867365,0.9339164237123421,0.859411116982303,0.5993756503642039,0.9464500601684718,0.8666358377982906,0.36904005085823266,0.9405530019639883,0.8580395191105107,0.9954144365687835,0.9302690582959642,0.9998372540049077,0.9950109311060037
c14_d8_s0,c14,8,0,55000,0,7540.50167632103,0.0002749652194324881,0.00025163447861196694,0.0,0.0,0.0,0.0,0.0,0.0,0.0,0.0,0.0,0.0,0.4642857142857143,0.7421886159117949,0.11607142857142858,0.18554715397794871,0.0,0.0,0.20728744939271254,0.5307543965537415,0.21974758723088345,0.5364731335523474,0.0,0.0,0.0,0.0,0.4809489575844716,0.6780255537984609,0.15582349244808424,0.25844201595845595,0.0,0.0,0.20554649265905384,0.7338152112502591,0.21973094170403587,0.7376384696119694,0.3393782383419689,0.6993528386336946,0.0,0.0,0.6038677479725515,0.7450070650834933,0.2712512827755542,0.48371111600114935,0.27461139896373055,0.04264698219373534,0.40730717185385656,0.4074989731748649,0.4138364779874214,0.4051650615449499,0.27371273712737126,0.7065019126445505,0.33768016472203155,0.25156873774619887,0.5598305683021532,0.6117058728082075,0.3841187882716397,0.4637200488758684,0.5061845861084682,0.3368620041268166,0.4058394160583942,0.3013456390894273,0.4116059379217274,0.3005876835169937,0.42016806722689076,0.865435395186997,0.3973429951690821,0.4229591757404671,0.6107626279300099,0.6511925104456824,0.4673709175888782,0.5631297142377231,0.4904051172707889,0.06408693056704497,0.41745454545454547,0.31143035981175704,0.42367182246133156,0.3106114613730991,0.37185929648241206,0.7962307879375929,0.4819148936170213,0.6075429663424519,0.647643475472908,0.6983193973803659,0.4863153734919742,0.5827006838944278,0.4491080797481637,0.05030970330533108,0.43269908386187456,0.6890513237931242,0.46,0.6937765511354507,0.5536945812807882,0.43257436197886456,0.502473886750962,0.5473906709909006,0.7198110422202539,0.7171062307369533,0.5558121411971709,0.5436959474461718,0.3481090606206757,0.4401352400559636,0.9385560675883257,0.9997088880824998,0.4967266775777414,0.936451448906965,0.9960839681093435,0.3963083604777416,0.9352914180816888,0.995364472117109,0.41315014720314036,0.9347471451876019,0.986957527434745,0.612565445026178,0.936980947728383,0.9936233663559892,0.5755995828988529,0.9476849067949489,0.9333190890088289,0.3546954314720812,0.9390448278091486,0.9777381063923035,0.9948864458267033,0.9199551569506726,0.9996943991869933,0.9908627165199843
c14_d8_s0,c14,8,0,60000,0,8281.709382534027,9.993810817832127e-05,0.00016976067648552838,0.0,0.0,0.0,0.0,0.0,0.0,0.0,0.0,0.0,0.0,0.46754250386398766,0.7414052271598226,0.11688562596599691,0.18535130678995565,0.0,0.0,0.0,0.0,0.2062314540059347,0.5336746177492565,0.0,0.0,0.0,0.0,0.4830538708526579,0.6780512152689246,0.13794942221365902,0.2139856886296692,0.2923433874709977,0.05335028420439206,0.3543956043956044,0.48275041543842756,0.3647959183673469,0.4889706526507557,0.24,0.29976263642824086,0.2084006462035541,0.01208619415891763,0.5314834578441836,0.6521598186330335,0.3292656018647635,0.3264247749961793,0.3926645091693635,0.3342850131531117,0.30818619582664525,0.2989773399552688,0.40459476707083597,0.30144918826253003,0.24,0.7049525336554336,0.3472222222222222,0.036514907087401315,0.6014784946236559,0.6464292560999033,0.3892956352170399,0.42486680265826043,0.42070484581497797,0.04921011775274473,0.3924963924963925,0.3034423272470077,0.3991989319092123,0.30267665652640713,0.35853658536585364,0.25804590916625897,0.48310249307479225,0.3588383316850685,0.6435054773082942,0.7690728000968273,0.47231948645561694,0.401100018697552,0.4978448275862069,0.052087283212714844,0.43394833948339484,0.4024543805040975,0.4321745057941377,0.4010263283780185,0.4138728323699422,0.810148276987281,0.4230287859824781,0.24212901696834105,0.6735524256651018,0.6416836080920859,0.4912774837430255,0.4947875581864962,0.43847874720357943,0.04576579840584756,0.3756735950731332,0.5065013829157946,0.4150436534586971,0.7374023152023663,0.4745762711864407,0.518118060890793,0.5073115860517435,0.6405194153358955,0.6641975308641975,0.7163827265994827,0.5139543466702129,0.5762275087502102,0.3501353717329021,0.37467766552976045,0.938366718027735,0.9987337338889619,0.48686371100164205,0.9388379204892966,0.9957408529306649,0.3990228013029316,0.9405803777061262,0.9951577657838223,0.41576885406464253,0.9317073170731708,0.9600453555567858,0.6012216404886562,0.937682570593963,0.9975966798576061,0.5758047767393562,0.9480324421748273,0.8801745894330557,0.39005069708491763,0.9391710004790867,0.9585901855954827,0.9947490235787646,0.9174887892376682,0.9996799328763185,0.9901900330736028
c14_d8_s0,c14,8,0,65000,0,9017.899398565292,4.766507481690496e-05,0.00010215677510851301,0.0,0.0,0.0,0.0,0.0,0.0,0.0,0.0,0.0,0.0,0.47360367253251723,0.7392922383410103,0.11840091813312931,0.18482305958525258,0.0,0.0,0.0,0.0,0.2162962962962963,0.536439814266453,0.0,0.0,0.0,0.0,0.5206847360912982,0.7414337479741436,0.14819587538084925,0.23006175484907365,0.0,0.0,0.19623875715453803,0.45960638795701975,0.32880258899676373,0.46017242371735145,0.24031007751937986,0.2995114684861128,0.20257234726688103,0.01972479432263956,0.5619498984427894,0.699331702595547,0.29496152631987105,0.33129022565727245,0.2718707940780619,0.04187817142283478,0.3032207384131972,0.5436371409811449,0.4075471698113208,0.549647506052676,0.25885558583106266,0.654215163288891,0.33216538192011213,0.2594399026363694,0.5898838004101162,0.6144847567103726,0.3771127505655378,0.4766318571969629,0.42105263157894735,0.04568001488496605,0.38719068413391555,0.3011475678767678,0.39569313593539707,0.30041061852142087,0.4887459807073955,0.4188338281589704,0.4190948543087415,0.3708102696997248,0.614052614052614,0.6163294639115378,0.48080139990454274,0.40542990721615446,0.4774869109947644,0.05826152925498527,0.3642072213500785,0.05053229051019947,0.45607476635514016,0.35310705726553043,0.4576271186440678,0.8643352698747402,0.4479804161566707,0.45140903424690787,0.7020262216924911,0.7158822104127273,0.510055847348306,0.5463983683861535,0.49183673469387756,0.03726158486874782,0.44089012517385257,0.48548057389154664,0.447741935483871,0.48805507514711804,0.49612403100775193,0.8701438337350083,0.46013390139987825,0.6917141738535694,0.7144585601935874,0.7999910831580221,0.5327181894296045,0.6746953755122677,0.35174950101169156,0.4070472212004482,0.9427244582043344,0.9994371751253701,0.4860426929392447,0.9414161996943454,0.9957933835061925,0.39826839826839827,0.9419889502762431,0.9951648193736764,0.4125122189638319,0.9277010560519903,0.9329446722167485,0.5936952714535902,0.934242571846079,0.9975707254790298,0.5641293013555787,0.945661963374362,0.8798899318307899,0.3834920634920635,0.9374121984993513,0.951800947215412,0.9951612903225806,0.929372197309417,0.9998553368932512,0.9955154436907898
c14_d8_s0,c14,8,0,70000,0,9754.927551031113,1.5334309864556417e-05,5.170042305988327e-05,0.0,0.0,0.0,0.0,0.0,0.0,0.0,0.0,0.0,0.0,0.47126436781609193,0.740605608796244,0.11781609195402298,0.185151402199061,0.0,0.0,0.20678513731825526,0.5307616816586083,0.21777777777777776,0.5364687069314753,0.0,0.0,0.0,0.0,0.5244730260807431,0.747239327686007,0.1664984994448552,0.275745697637342,0.0,0.0,0.19639934533551553,0.45970261086649594,0.21139430284857572,0.46617463023735833,0.2340702210663199,0.3873461638460242,0.21077654516640254,0.020719328380791067,0.62451535937966,0.7417214969612403,0.30132333541843653,0.36460318405566844,0.23529411764705882,0.03807678745341725,0.29411764705882354,0.2997644983092913,0.3992673992673993,0.30223674343270357,0.4180522565320665,0.8248587819314382,0.34496919917864477,0.044131499352121704,0.6317374284853959,0.7233427321576615,0.4260796513801336,0.4514230891265897,0.44395604395604393,0.046217549342955175,0.4020245842371656,0.30128123043269367,0.41204013377926424,0.30054761972776395,0.4,0.824231770312969,0.35589941972920697,0.3706085139731326,0.5674418604651162,0.6661403094187098,0.43567038354628695,0.5192490150514872,0.4815205913410771,0.05342076050812966,0.3712480252764613,0.046481583774827605,0.4159351789331533,0.2989682025209934,0.4290657439446367,0.8547805408418543,0.4963908939478068,0.5833933019603127,0.6829268292682927,0.7472736530939806,0.507821183086075,0.5796010862076995,0.43628509719222464,0.06126804810860498,0.4037626628075253,0.48137281540997345,0.4381806534272902,0.4895607327048605,0.5032258064516129,0.42441193318391374,0.5100379815518177,0.6498831187707145,0.707286432160804,0.7909776539520336,0.536656589493312,0.552334976161952,0.3559808191890174,0.4183012072056857,0.937984496124031,0.9997281189054323,0.48016528925619834,0.9358452138492872,0.9960335757725881,0.397714907508161,0.9378739070409572,0.9954037242937065,0.41315014720314036,0.9307253463732681,0.9601578567024598,0.5989492119089317,0.9399707174231332,0.9278898807828893,0.5742471443406023,0.9482239614689946,0.9022679659476108,0.38063492063492066,0.9390386410675385,0.9468427107725506,0.9953059453204108,0.9311659192825112,0.9998426788714108,0.9951230450137339
c14_d8_s0,c14,8,0,75000,0,10374.634674787521,4.249377980158897e-06,2.053936102937605e-05,0.0,0.0,0.0,0.0,0.0,0.0,0.0,0.0,0.0,0.0,0.47571701720841303,0.7406210041375403,0.11892925430210326,0.18515525103438507,0.0,0.0,0.20917135961383748,0.5315829990446123,0.22140221402214022,0.5372882540173546,0.0,0.0,0.0,0.0,0.5276686897536594,0.7479541886660585,0.16779830357474634,0.2760611515883452,0.0,0.0,0.19885900570497148,0.4597146881595251,0.2150858849887976,0.4661878384732905,0.2538860103626943,0.43116220890647516,0.20952380952380953,0.0211024234691652,0.6252241482367006,0.765431935798135,0.3066538995886152,0.38158268592951183,0.23284313725490197,0.03807405726576356,0.2889733840304182,0.29343542988483284,0.39510703363914373,0.29602089138129556,0.25444596443228457,0.6549260154959405,0.34544208361891704,0.04383411944388225,0.5879247773012207,0.6454730877735587,0.3733635025818109,0.3883525038893364,0.43869516310461193,0.04573009391106644,0.3991195891415994,0.3010177605572193,0.408135593220339,0.300375288815876,0.4479166666666667,0.3524521760625629,0.36894492368944926,0.2471966973950237,0.5851676261429055,0.672192365766628,0.45433649958030126,0.37188723841306714,0.4740740740740741,0.0438084300810396,0.4121475054229935,0.3983846995637189,0.42006688963210703,0.39575934562091464,0.5140388768898488,0.854836574833699,0.46117368109069357,0.43784234001743366,0.678921568627451,0.6912893103285396,0.5223909040794296,0.5658214292337241,0.5303186022610483,0.47752792439072056,0.42569659442724456,0.4287597572574145,0.4523970290344362,0.7038128357021421,0.555229716520039,0.4534503671370586,0.47908309455587395,0.6099930520612868,0.7273816656680647,0.8165110102649286,0.5577913046628885,0.6041636504783416,0.35732338119569934,0.3961462729381017,0.9417249417249417,0.9832397856858398,0.4777227722772277,0.9391926417986715,0.9817373967726782,0.39336235038084877,0.9400369003690037,0.9812207186605486,0.40873405299313054,0.9298531810766721,0.960139020495693,0.5973684210526315,0.9361909400876766,0.9278396943361203,0.5556711758584808,0.9483173076923077,0.9022997759473365,0.37927756653992395,0.9386698975385488,0.9430861144547097,0.9954144365687835,0.9327354260089686,0.9998860778034354,0.996468411906497
c14_d8_s0,c14,8,0,80000,0,11004.270298480988,2.2323092707665637e-06,1.0000000422909809e-05,0.0,0.0,0.0,0.0,0.0,0.0,0.0,0.0,0.0,0.0,0.4766997708174179,0.7405072506099302,0.11917494270435447,0.18512681265248254,0.0,0.0,0.20917135961383748,0.5315830411004069,0.22140221402214022,0.537288296254564,0.0,0.0,0.0,0.0,0.5275506576608603,0.7438329133785603,0.16776879555154656,0.2750308397908876,0.2850521436848204,0.053343018438111844,0.3490304709141274,0.482741376162761,0.4547437295528899,0.5349138139041024,0.35877862595419846,0.7587609334970399,0.2141157811260904,0.011783436040927603,0.60450563204005,0.7043414054170574,0.3850855384594046,0.4579712944475042,0.28419654714475434,0.042746773106716894,0.3287671232876712,0.4794143823500884,0.43005497861942577,0.4901519545430934,0.23230974632843793,0.35725765338040827,0.34644582470669427,0.2527928615544533,0.6442663378545006,0.7039756688840023,0.39267369797672913,0.41286597178804085,0.4352557127312296,0.048886520917066946,0.39971243709561466,0.30286422279902364,0.4111776447105788,0.30212638086230026,0.23545706371191136,0.6400518995120902,0.43343283582089553,0.23799110499737022,0.6097883597883598,0.639925093298265,0.42351504770841025,0.43398178483346395,0.4700854700854701,0.05724542537744464,0.36175298804780875,0.04965597713890837,0.4116059379217274,0.12630436494994884,0.36432160804020103,0.797006590515042,0.450887573964497,0.5169546476279139,0.6848249027237354,0.824681188043109,0.4786288875200256,0.5540944205020414,0.5133795837462835,0.6814477266282005,0.42018072289156627,0.6173995667748767,0.46619446233097234,0.7987883658269309,0.5602350636630754,0.8695666398809231,0.4795673076923077,0.40860388732742503,0.7138206569991121,0.6669465655177782,0.5550519878360256,0.6610822447840323,0.36027127110807083,0.4257361955426361,0.9425465838509317,0.9997679639066597,0.46787479406919275,0.9392547217968351,0.9960696950858113,0.3858695652173913,0.9400921658986175,0.9954313993336408,0.40294117647058825,0.9314845024469821,0.9958124037966196,0.6033274956217163,0.9370424597364568,0.9975542382651839,0.5645833333333333,0.9483173076923077,0.9022677652362854,0.3805449936628644,0.9393688567644687,0.9731810233516982,0.9955084623173731,0.9356502242152467,0.9999077772694477,0.9971410953528785
c15_d8_s0,c15,8,0,5000,0,137.08088064193726,0.5242696404457092,0.000999577995557936,0.0,0.0,0.0,0.0,0.0,0.0,0.0,0.0,0.0,0.0,0.36337488015340363,0.20653140703764744,0.09084372003835091,0.05163285175941186,0.0,0.0,0.0,0.0,0.0,0.0,0.5049954586739328,0.23056756877871992,0.2559880239520958,0.20782562757275136,0.6097807757166948,0.34259866703871006,0.3426910645856809,0.19524796584754534,0.0,0.0,0.0,0.0,0.2542857142857143,0.5927338054152067,0.5504950495049505,0.23877246938473018,0.29227237949502677,0.21616510350559032,0.6148825065274152,0.30764168867439995,0.3856029600723243,0.24003929917578065,0.3039443155452436,0.013905498897115443,0.3296047725577927,0.036131363751676165,0.47547974413646055,0.773158902693091,0.6493955094991365,0.276470205889179,0.3260553129548763,0.17572567400337274,0.6010968921389397,0.3946722310643443,0.4865559980015295,0.28031667485104755,0.42224510813594235,0.6218316689618941,0.3426356589147287,0.5693665789881309,0.4741532976827095,0.7510645136185016,0.6741154562383612,0.27932104059517515,0.2797527047913447,0.20814952287605926,0.6426630434782609,0.45571678428674184,0.5023856398547734,0.3976520670702046,0.4551148225469729,0.6219969890066663,0.5345155161494617,0.7985926800469868,0.5389755011135857,0.6666198339516818,0.6507633587786259,0.8818679876364731,0.30627871362940273,0.2120305325405008,0.6996466431095406,0.6677272441003204,0.5415559988635607,0.6143405663197682,0.5665773011617515,0.6795448753913245,0.5872193436960277,0.8733319346011407,0.5678745267712277,0.8690744897694809,0.6728971962616822,0.25100977654784257,0.4576043068640646,0.23061407953699598,0.7149964463397299,0.5898492538850071,0.6048470850021198,0.46969755247262357,0.42206892377404853,0.3212752824994832,0.9550387596899225,0.9998938637625379,0.6168831168831169,0.9601242879337131,0.9998775502409306,0.5086299892125135,0.9562790697674418,0.9608335878460168,0.5958171206225681,0.9539951573849879,0.997557183771351,0.8240270727580372,0.9483430799220273,0.958369558071242,0.68448098663926,0.9645909645909646,0.9809664623411092,0.555379746835443,0.956019143590418,0.9809403845333827,0.9548459424273109,0.3307174887892377,0.9566896741282691,0.3650428835697068
c15_d8_s0,c15,8,0,10000,0,272.84806752204895,0.0344519317150116,0.0009848581542776886,0.0,0.0,0.0,0.0,0.0,0.0,0.0,0.0,0.0,0.0,0.33594515181194906,0.2252299652323929,0.08398628795298727,0.05630749130809822,0.0,0.0,0.0,0.0,0.0,0.0,0.0,0.0,0.25073746312684364,0.2131707194967635,0.3979328165374677,0.04454849648220832,0.16216756991607784,0.06442980399474296,0.0,0.0,0.2606596942880129,0.40793257305780495,0.2819188191881919,0.41553574288551814,0.0,0.0,0.24981412639405204,0.21214669171726286,0.43263918402039947,0.26207436272813245,0.21582820372662995,0.1871776232732924,0.2786683107274969,0.006359446989763533,0.3602941176470588,0.3903317044704681,0.3736413043478261,0.398150977565388,0.5941278065630398,0.2586217341892804,0.334026334026334,0.22105596182431855,0.5299079754601227,0.23953045277183652,0.4488991734059059,0.24603888128182716,0.3538633818589026,0.4304383222415379,0.41605839416058393,0.5440185214198813,0.39271255060728744,0.5406243252675254,0.6068965517241379,0.2682315069359879,0.23918174665617625,0.20497440587426766,0.5423728813559322,0.4066698504813333,0.4439989888196261,0.34622570490030924,0.34413965087281795,0.006832530748544087,0.43465703971119135,0.6240507796183105,0.46925972396486826,0.6455651890896804,0.6200378071833649,0.8222844048994723,0.36611629576453697,0.4336628951337806,0.6301775147928994,0.6512936326945923,0.5080876056476068,0.5831809414700059,0.48533872598584427,0.637256585685284,0.506363027461487,0.7170041387341353,0.5466052934407365,0.856042278637682,0.6570212765957447,0.3876397660384817,0.46919726197884254,0.5601071450121663,0.6603905160390516,0.5061349340647303,0.5748445175607487,0.5476623782002696,0.3482589067185118,0.29014611777550653,0.94,0.808832350558783,0.6276595744680851,0.9501797637390857,0.831666515855809,0.46216216216216216,0.9468822170900693,0.805290014045659,0.5521951219512196,0.9488,0.9193428172981724,0.7217537942664418,0.946236559139785,0.9035384958917672,0.6771694214876033,0.9594635781773849,0.9117023745188715,0.582274459974587,0.9500468660650554,0.8874616619655571,0.9715535946766961,0.5163677130044843,0.9739552159187282,0.5431918829530803
c15_d8_s0,c15,8,0,15000,0,409.42219710350037,0.016636766493320465,0.0009497125223605969,0.0,0.0,0.0,0.0,0.0,0.0,0.0,0.0,0.0,0.0,0.4829787234042553,0.5288531491100626,0.12074468085106382,0.13221328727751566,0.0,0.0,0.0,0.0,0.0,0.0,0.0,0.0,0.2448377581120944,0.21501251355184842,0.42182763100909487,0.47156583159210724,0.16666634728029733,0.17164458628598891,0.0,0.0,0.0,0.0,0.19892884468247896,0.011747773751083601,0.0,0.0,0.24397590361445784,0.21478823656286253,0.46326276463262767,0.32171336587121047,0.1933870707853113,0.1351043817544419,0.2628434886499403,0.006806900631277265,0.31189948263118994,0.40538554024191037,0.4068627450980392,0.6259074899083837,0.445369406867846,0.12125066083298351,0.29014084507042254,0.02674012958572854,0.41877588587206627,0.21055344788457428,0.3703720108175145,0.1761443871409525,0.1832258064516129,0.00796266442350538,0.41824104234527687,0.6778916396977385,0.43594414086217365,0.6824249552905313,0.567703109327984,0.2632025510268692,0.3125,0.21016005796220474,0.5453106450336367,0.39536450812347057,0.4428293543953271,0.331205050895784,0.33373639661426846,0.006464933803897642,0.4439805149617258,0.5103239964971178,0.4810744810744811,0.7112874265552053,0.5175526579739218,0.263816261338939,0.37082481254260397,0.23493460832913193,0.5871766029246345,0.40033145615281207,0.47378780108116303,0.3271102778599058,0.4662309368191721,0.4275406126055087,0.4625176803394625,0.6524628471438624,0.524609843937575,0.8167792624122978,0.5594541910331384,0.4281234076334124,0.4510693454309786,0.550464893598501,0.6112342941611234,0.4639132549068313,0.5265526627476609,0.5186906158814919,0.32776284685119117,0.25601608387086866,0.939183987682833,0.8086926055704107,0.6516393442622951,0.9460708782742681,0.8303982010920068,0.5293159609120521,0.946833102172908,0.8312599489628002,0.5947265625,0.9437299035369775,0.8462165099026984,0.7146507666098807,0.9449901768172888,0.9946292929421154,0.6018711018711018,0.9573373676248109,0.8766858946721997,0.5783817951959545,0.94752169267227,0.8852454873480216,0.9796181108057284,0.6242152466367713,0.9823203600664727,0.6577722966533999
c15_d8_s0,c15,8,0,20000,0,546.2419276237488,0.010962218977510929,0.000895637119646979,0.0,0.0,0.0,0.0,0.0,0.0,0.0,0.0,0.0,0.0,0.488116353316779,0.5277438018854211,0.12202908832919475,0.13193595047135528,0.0,0.0,0.0,0.0,0.0,0.0,0.0,0.0,0.2531458179126573,0.21395229532629598,0.4036617262423714,0.4534712241754211,0.16420188603875718,0.16685587987542927,0.0,0.0,0.0,0.0,0.0,0.0,0.0,0.0,0.23759398496240602,0.2140934854353197,0.4116865869853918,0.2881357316869409,0.16232014298694947,0.12555730428056516,0.0,0.0,0.1617391304347826,0.4952848149153868,0.3010452961672474,0.633685288514581,0.45226130653266333,0.1217854669578393,0.3083275980729525,0.02989328110264482,0.4285108188375053,0.027217822380443533,0.3358402997442828,0.13880498456272922,0.2503192848020434,0.010795909890504163,0.426812585499316,0.5202647691077245,0.519847743338771,0.6836818247624789,0.45054945054945056,0.12318747871461129,0.24564063684609552,0.2021004207917632,0.576978417266187,0.2842527837104463,0.41804042730211083,0.25361371278426414,0.35223160434258144,0.006859131786946477,0.3476190476190476,0.38103612643614826,0.4543761638733706,0.7798880050930916,0.5350052246603971,0.8624462328351312,0.4045853000674309,0.21721098211938983,0.6137261947538627,0.6775275318239713,0.48451474785667265,0.5366114586376387,0.4013377926421405,0.0422961788501607,0.47925033467202144,0.7126336913750957,0.5157955198161975,0.7342512336637458,0.5834127740705434,0.8260679746144154,0.4482980089916506,0.6102984229595452,0.6160241874527589,0.5542695124554875,0.5282990465562681,0.6217574028314455,0.31646366268774795,0.2821623847776325,0.9385214007782101,0.8346022430772189,0.6102819237147595,0.9477496120020693,0.8552758814616334,0.5027292576419214,0.9465861588481189,0.8557458001338464,0.5672227674190383,0.9427880741337631,0.9881008873973554,0.6615384615384615,0.9374692269817824,0.9255118422869668,0.571953781512605,0.9577294685990339,0.8319865815149391,0.558953341740227,0.945568123397678,0.8985351548558735,0.985939534210907,0.7278026905829597,0.988931464044889,0.7597398957340659
c15_d8_s0,c15,8,0,25000,0,681.9958486557007,0.006591675337404013,0.0008249337364567146,0.0,0.0,0.0,0.0,0.0,0.0,0.0,0.0,0.0,0.0,0.2784471218206158,0.4998011052081669,0.06961178045515395,0.12495027630204172,0.0,0.0,0.0,0.0,0.0,0.0,0.0,0.0,0.2485294117647059,0.21425173987466534,0.2511676180591593,0.4364920731560546,0.1249242574559663,0.16268595325767998,0.0,0.0,0.0,0.0,0.0,0.0,0.0,0.0,0.251685393258427,0.21491477554351082,0.4176882661996497,0.2504964575805799,0.16734341486451917,0.11635280828102268,0.0,0.0,0.3350035790980673,0.41828130514628825,0.42024720423778694,0.5582012539940603,0.27308192457737324,0.3376657817412563,0.20994475138121546,0.021826437312919514,0.397954439795444,0.44178932491409206,0.283182844216496,0.281693932587096,0.25340599455040874,0.0034862733939680763,0.2698548249359522,0.37416795630837035,0.3494060097833683,0.5489634584443227,0.4068181818181818,0.10643386363668221,0.3274695534506089,0.20763086460541536,0.5451829723674384,0.2562302354163379,0.3925899126815347,0.21979188159349727,0.2831858407079646,0.42357131651106467,0.4244229337304542,0.7373594752798541,0.48271527341294784,0.7402692287714321,0.5599268069533394,0.46685829570483633,0.4264524103831891,0.18445507527387828,0.5949981336319522,0.5653048715131952,0.4945380083964007,0.46258789566984004,0.4419134396355353,0.43273197355534004,0.5435765009683667,0.8222589764721853,0.5678449258836944,0.8235535474976802,0.562,0.7476093605338514,0.4847715736040609,0.5269221284795286,0.6286518831397395,0.45870180610659533,0.5483004363932498,0.6065203652404276,0.2972129506376172,0.2820833018473722,0.9438377535101404,0.8913635893381258,0.587603305785124,0.9478036175710595,0.9058840735507114,0.4623773173391494,0.946046511627907,0.90599945034539,0.5172074729596854,0.9427880741337631,0.9973700277338491,0.6649572649572649,0.9323600973236009,0.9733350064662476,0.5631524008350731,0.9543668782109399,0.8547330993106941,0.5310322989233692,0.9438527526428349,0.9316301261472166,0.9951829885722552,0.9219730941704036,0.9986257004858872,0.9675430237120914
c15_d8_s0,c15,8,0,30000,0,818.5370647907257,0.005441667977720499,0.0007406119548704389,0.0,0.0,0.0,0.0,0.0,0.0,0.0,0.0,0.0,0.0,0.3136123136123136,0.5071066666998194,0.0784030784030784,0.12677666667495485,0.0,0.0,0.0,0.0,0.0,0.0,0.0,0.0,0.2537313432835821,0.21483516456025192,0.26059979317476734,0.4363295453729523,0.12858278411458735,0.16279117748330107,0.0,0.0,0.4200140944326991,0.7792367697587989,0.44676681907250165,0.7831493022409207,0.0,0.0,0.2409090909090909,0.21270054773885982,0.4372012168622338,0.45096992353358495,0.24175931973493123,0.29611645715142115,0.27315914489311166,0.008869417118559554,0.354814253222138,0.3668864404196016,0.4465174129353234,0.620015345679006,0.2984723854289072,0.014905069614702402,0.20602218700475436,0.021981972308718244,0.46439106616097764,0.6848567405973225,0.33176231056954086,0.2634168792316164,0.3924050632911392,0.18548186418518328,0.5303030303030303,0.7394001379539822,0.5165094339622641,0.7366118315431261,0.42390078917700114,0.27422805030960445,0.3191637630662021,0.1971302239131677,0.5837526959022286,0.3920419837779241,0.45163910599939405,0.3543078839736984,0.42538975501113585,0.3216473255127532,0.5392450569203115,0.7565449555211171,0.5792522380200106,0.8089416413536352,0.5392561983471075,0.3801552056426737,0.3680456490727532,0.22231493691805518,0.5655608214849921,0.46585496567007634,0.49687292138883465,0.4243424372566601,0.5592417061611374,0.46108825026508626,0.6758914316125598,0.8555278911729408,0.684106614017769,0.8560044218291047,0.6879100281162137,0.8842901043980226,0.39807162534435264,0.6054249264534026,0.6536176162181055,0.5889923276227599,0.5948364634022901,0.7007285532241406,0.3319794262303795,0.33264000785654174,0.9359073359073359,0.8101833542857408,0.5981848184818482,0.9478575116159009,0.8329031758298322,0.4738562091503268,0.9483480688692415,0.8342252628943838,0.5225711481844946,0.9428801287208367,0.9973538009441697,0.7022184300341296,0.9442270058708415,0.9948205202308311,0.5958549222797928,0.9567060248259158,0.8696293479556249,0.5908227848101266,0.9469626995537718,0.9218935667001528,0.9927021553594677,0.8645739910313901,0.9955226768461273,0.9012837042435115
c15_d8_s0,c15,8,0,35000,0,954.6551423072815,0.0030325548723340034,0.0006462610419276992,0.0,0.0,0.0,0.0,0.0,0.0,0.0,0.0,0.0,0.0,0.0,0.0,0.0,0.0,0.0,0.0,0.0,0.0,0.0,0.0,0.0,0.0,0.2624633431085044,0.21584378916017827,0.3978315262718932,0.34635029303763876,0.1650737173450994,0.14054852054945427,0.0,0.0,0.0,0.0,0.23862788963460105,0.5598170997527862,0.0,0.0,0.24850299401197604,0.2140840533739975,0.43834459459459457,0.4182485563696365,0.19159755462119274,0.20473457741530732,0.0,0.0,0.34544106745737585,0.4068183973080663,0.41646191646191644,0.623989316136804,0.2823529411764706,0.3380543176660891,0.3743654822335025,0.22347377391640122,0.4849715678310317,0.4208249414172876,0.3489144131368589,0.331488901037017,0.17195767195767195,0.42814902039913966,0.3515625,0.504866872189691,0.40077569489334197,0.6332240228357949,0.5298804780876494,0.3056332857717727,0.34146341463414637,0.21169662314074386,0.5585909417685119,0.5300016615369062,0.4345083641934947,0.39235288556440784,0.4531590413943355,0.34170216004958615,0.48204419889502764,0.8239340713546756,0.4794871794871795,0.8203403205575275,0.5,0.8485087898655929,0.42987249544626593,0.3101341628930545,0.5716498838109992,0.5078229764794613,0.49327146312902814,0.5821145283063429,0.5245579567779961,0.509071812397097,0.5690072639225182,0.8598817475817168,0.5934302638664513,0.8568939556057462,0.6,0.4319684405433183,0.4705136334812936,0.5666165910980702,0.6384022424667134,0.5882617375976641,0.5678119260342489,0.5821989852751431,0.314453919779989,0.31906262830681037,0.9440124416796267,0.8614002687585509,0.5642504118616145,0.9508026929052305,0.8791322137623171,0.45860566448801743,0.9468283582089553,0.8794834899887409,0.5024630541871922,0.9460112812248187,0.9973998582012278,0.6703577512776832,0.9325513196480938,0.9749669691686959,0.5545073375262054,0.9520072441895563,0.8299904109809946,0.5364616360177552,0.9444460856651016,0.9189239739635304,0.9958700998119485,0.9367713004484305,0.9996745080098154,0.991591456920231
c15_d8_s0,c15,8,0,40000,0,1090.8777210712433,0.0028173744212836027,0.0005458971677758271,0.0,0.0,0.0,0.0,0.0,0.0,0.0,0.0,0.0,0.0,0.2501141031492469,0.2919364898083947,0.06252852578731173,0.07298412245209868,0.0,0.0,0.0,0.0,0.0,0.0,0.0,0.0,0.2635431918008785,0.21717348339923373,0.43385373870172556,0.4080048634514181,0.174349232625651,0.15629458671266297,0.0,0.0,0.38928067700987307,0.8036322144461607,0.41045751633986927,0.8072915046084975,0.0,0.0,0.25763216679076695,0.2153397565631042,0.45751633986928103,0.3934117841933683,0.24543197611082385,0.286431528443673,0.26140567200986436,0.01079576760892996,0.46174318030605455,0.6852704717361183,0.46687306501547987,0.6825615634429963,0.6003717472118959,0.30587060744427086,0.35864709636247605,0.20202802907408812,0.4968051118210863,0.29671730801284785,0.4631244819598144,0.31603963636513877,0.27,0.007827383083347362,0.3588516746411483,0.39796454472480414,0.41365725541694026,0.5985598804875516,0.6090225563909775,0.6067660199777998,0.3326460481099656,0.21209056755616806,0.5612736023694928,0.6872619472551191,0.46261129588911637,0.46022561772191367,0.42059145673603504,0.3014028503228238,0.5191932335718933,0.808947879060746,0.5130382049727107,0.8053746010108979,0.6898496240601504,0.8711226191822182,0.4390832328106152,0.5352402483371033,0.6177858439201452,0.6642042965724168,0.5577482498044476,0.6772855685558068,0.518,0.4571802437171974,0.5283522348232155,0.8231171505308215,0.5226567349472377,0.8195243549705128,0.7034220532319392,0.8940166046735479,0.4794952681388013,0.6163228852399066,0.6412429378531074,0.5857791601635752,0.586790812286833,0.6990148082874684,0.3646549392091426,0.3811822669341089,0.9435421500386698,0.8249711909805303,0.6278688524590164,0.9517884914463453,0.8463304526928248,0.4809368191721133,0.9491367242183855,0.8474754819375633,0.5245821042281219,0.9541432019308126,0.9975267975537292,0.6736930860033726,0.945721271393643,0.9958391003434881,0.5987590486039297,0.9577294685990339,0.8770174359758296,0.5810214375788146,0.9514374326228224,0.9274939272691716,0.9944090843338638,0.9100896860986547,0.9983345659835554,0.958966309770727
c15_d8_s0,c15,8,0,45000,0,1227.0101075172424,0.0010186496656388044,0.00044379245212906274,0.0,0.0,0.0,0.0,0.0,0.0,0.0,0.0,0.0,0.0,0.2783603431839847,0.502820203727801,0.06959008579599618,0.12570505093195025,0.0,0.0,0.0,0.0,0.0,0.0,0.0,0.0,0.2570162481536189,0.21482536801608293,0.24242424242424243,0.43644489266899994,0.12486012264446533,0.16281756517127072,0.0,0.0,0.0,0.0,0.0,0.0,0.36477987421383645,0.15489999968232443,0.24773413897280966,0.2136777349960458,0.4371584699453552,0.25905287393417586,0.2624181207830003,0.1569076521531365,0.0,0.0,0.19983484723369116,0.04180847833448012,0.3728813559322034,0.5811998983298946,0.47010309278350515,0.1209301902937109,0.30674002751031637,0.2081833436251744,0.48812767613857533,0.06455780568862853,0.36396904937192376,0.15033519962390968,0.16993464052287582,0.4287653554727342,0.33279483037156704,0.643237653317605,0.32592592592592595,0.6397568144832315,0.5841584158415841,0.47226365862517,0.39276807980049877,0.05099284080601532,0.5825309491059147,0.7448605698598212,0.4589189775886968,0.45967591926221585,0.5113524185587365,0.6270515479168888,0.5483664317745035,0.826974717436417,0.539151225343694,0.8233436073936555,0.624765478424015,0.8359811270774649,0.4264264264264264,0.5562458502222101,0.5908761766835626,0.6609692012537957,0.5437561933565789,0.703079867367281,0.4364454443194601,0.34953766946972586,0.5921130076515597,0.8476029653173079,0.5886250690226394,0.8439916398302678,0.6546489563567363,0.801131231461934,0.4849939975990396,0.5817427362103067,0.6069122673756172,0.5544584609380869,0.5714040987489866,0.6544274633706904,0.342130949755664,0.34470695969720777,0.9398148148148148,0.8361476499926498,0.6272577996715928,0.9500257599175682,0.8553144486682842,0.47668112798264645,0.9476609541454377,0.8563628175763413,0.5219941348973607,0.9459241323648103,0.9526393350947611,0.6766211604095563,0.9403714565004888,0.929132490838458,0.5748440748440748,0.9553140096618358,0.8584872262504937,0.5641592920353983,0.9468608603716021,0.8973835060657012,0.9959785910603212,0.9378923766816144,0.9999439430461349,0.9984304052917764
c15_d8_s0,c15,8,0,50000,0,1363.0390219688416,0.0008826369303278625,0.00034429311589923944,0.0,0.0,0.0,0.0,0.0,0.0,0.0,0.0,0.0,0.0,0.42343637670740475,0.31140575480346144,0.10585909417685119,0.07785143870086536,0.0,0.0,0.0,0.0,0.0,0.0,0.0,0.0,0.25920471281296026,0.21522676223852483,0.2503896103896104,0.43649308541905063,0.12739858080064265,0.16292996191439385,0.0,0.0,0.0,0.0,0.0,0.0,0.0,0.0,0.2384206529992407,0.21363380110085667,0.4436026936026936,0.43278237223363597,0.17050583665048358,0.16160404333362316,0.0,0.0,0.24668874172185432,0.04557392254505623,0.3279569892473118,0.5858282344042163,0.3645443196004994,0.15254903625716176,0.31700680272108844,0.21945888224694238,0.5260821309655938,0.6304297836071787,0.3497954575692259,0.3032262719402601,0.0,0.0,0.41863699582753827,0.6884727519843383,0.4167741935483871,0.685594793098521,0.5427435387673957,0.26614491078949787,0.33240611961057026,0.03157790374069055,0.5633802816901409,0.426126957422667,0.4292500841316872,0.2954680717451188,0.46766169154228854,0.6250516618149184,0.496757457846952,0.8189400602918309,0.4921402660217654,0.815379243811947,0.5128733264675592,0.8252110599748521,0.4216417910447761,0.5543643709498178,0.578005115089514,0.5331189048224624,0.4995100094347128,0.6664544977633411,0.48333333333333334,0.48794564364883813,0.5521549031855091,0.8523331310235216,0.5603201829616924,0.8527389546279893,0.6578699340245052,0.7628743531046669,0.47104247104247104,0.5626191606202968,0.6328928046989721,0.5427408436865873,0.5734353373981983,0.6498100667945834,0.32225062859454306,0.3310491931703123,0.9376443418013857,0.9244566523021652,0.5919540229885057,0.9480719794344473,0.9340866107560234,0.4571583514099783,0.9467838963442851,0.9345165460595583,0.5019550342130987,0.9506871463217461,0.9526672265578835,0.6496598639455783,0.9391727493917275,0.9271690103942366,0.5772020725388601,0.9538739825143202,0.8580492879828095,0.5815423514538559,0.9469751543552917,0.917226365326878,0.9960147548097786,0.939237668161435,0.9999891502669939,0.9996636582768093
c15_d8_s0,c15,8,0,55000,0,1499.5168046951294,0.0010107639245688915,0.00025163447861196694,0.0,0.0,0.0,0.0,0.0,0.0,0.0,0.0,0.0,0.0,0.43097884546432413,0.29026740719852195,0.10774471136608103,0.07256685179963049,0.0,0.0,0.0,0.0,0.30319510537049627,0.7540113003461452,0.0,0.0,0.2559171597633136,0.21462012353701235,0.2515592515592516,0.01267604324096518,0.15213536161151597,0.11965831672333982,0.0,0.0,0.2975893599334996,0.4861753981201212,0.450721908349027,0.8391679916710906,0.0,0.0,0.24582701062215478,0.21373982955634227,0.4461090303786933,0.41247401637511877,0.23534328260708925,0.26699874396546625,0.0,0.0,0.24269264836138174,0.4845033265308792,0.3369022127052106,0.7029524470724033,0.28681177976952626,0.15004439389632043,0.30662983425414364,0.029905188652576055,0.44616044616044614,0.43498193155737547,0.30820008680157834,0.25268752632684155,0.1806282722513089,0.42817926835021375,0.3646322378716745,0.5042796446024482,0.41661258922777417,0.6336899974785214,0.5171717171717172,0.20114938990815603,0.32525951557093424,0.031035988252228485,0.5179282868525896,0.06759198542558834,0.4202459715113734,0.20545675009909184,0.5098445595854922,0.4851753795528873,0.5298457411133467,0.8363499539502514,0.5603751465416178,0.8334489135765503,0.5466377440347071,0.8606953604173375,0.42663378545006164,0.49418871865465364,0.587667161961367,0.5633759885976918,0.523573460131572,0.6591462041740614,0.4063157894736842,0.6821106462767278,0.5494643982356647,0.858209799311874,0.5549199084668193,0.8533694103221872,0.6271649954421149,0.6532209725844011,0.36973590292648106,0.23635212462607108,0.6120339608711701,0.5450691269498185,0.5281253894912888,0.5581347106993051,0.325052609074357,0.3049498719696766,0.942367601246106,0.8239316414004729,0.6074380165289256,0.9513960703205792,0.844253557549705,0.45869565217391306,0.9492314857941313,0.8454970066311774,0.5058881256133464,0.9428801287208367,0.9525670687938415,0.6646757679180887,0.9412915851272016,0.9292420990123182,0.567047817047817,0.9519782543038356,0.8541342925483988,0.5961294416243654,0.9459537551513699,0.8934593822204192,0.9958845653117315,0.9367713004484305,0.9999276684466256,0.9978698357531252
c15_d8_s0,c15,8,0,60000,0,1635.7589514255524,0.00025501757045276463,0.00016976067648552838,0.0,0.0,0.0,0.0,0.0,0.0,0.0,0.0,0.0,0.0,0.2859866539561487,0.5026265100631309,0.07149666348903717,0.12565662751578272,0.0,0.0,0.0,0.0,0.0,0.0,0.0,0.0,0.26362297496318116,0.2161513684039171,0.4081803005008347,0.20470241212311716,0.16795081886600396,0.10521344513175857,0.0,0.0,0.0,0.0,0.24429727740986018,0.5231629894658724,0.0,0.0,0.23969465648854962,0.21070331619480984,0.4365781710914454,0.25740130685547985,0.18942631334582044,0.1606230715513951,0.0,0.0,0.21447721179624665,0.4818959830750139,0.3191948238677211,0.7009644061997475,0.4684317718940937,0.12261067705402502,0.20618556701030927,0.024083825526322985,0.43148936170212765,0.0731353311699934,0.3209993447902966,0.1535291575438155,0.36324786324786323,0.34838583234262105,0.4140453547915143,0.399763522078007,0.457388105456775,0.5858426908454356,0.5245579567779961,0.369710286432018,0.31862068965517243,0.2084539186869948,0.503473641193298,0.5380159140338536,0.4395531821979627,0.39021103356038855,0.3848797250859107,0.2680757985666527,0.5247851949768672,0.8441043856903585,0.5169230769230769,0.8401423125416613,0.5005235602094241,0.4401411735552282,0.3711615487316422,0.5097034504470176,0.6205733558178752,0.5056952912307837,0.49194694927189,0.5265785202081468,0.5308880308880309,0.7036436873481651,0.569628229363579,0.8569797970292982,0.559152442613302,0.8529992654849602,0.6321626617375231,0.8992670867695366,0.4135079255685734,0.193737579264881,0.6388499298737728,0.46228640654458814,0.5594358545337099,0.5899579972999534,0.32011558949924585,0.29310997897303437,0.9381761978361669,0.8239346834222523,0.6144975288303131,0.9465020576131687,0.8442542344020593,0.46902173913043477,0.9448307834955957,0.8454658154227143,0.5103042198233563,0.9409862570735651,0.9525593353982889,0.6245704467353952,0.9388753056234719,0.9283592732203687,0.578125,0.9525823014195107,0.8558382769726515,0.5729232720355104,0.9439033859412146,0.8936604491684128,0.9960798495588022,0.9410313901345292,0.9999801088228221,0.9994394304613488
c15_d8_s0,c15,8,0,65000,0,1772.0538139343262,9.473425598116592e-05,0.00010215677510851301,0.0,0.0,0.0,0.0,0.0,0.0,0.0,0.0,0.0,0.0,0.2814601344860711,0.34612489905431687,0.07036503362151778,0.08653122476357922,0.0,0.0,0.0,0.0,0.0,0.0,0.0,0.0,0.25844346549192365,0.21647452923806373,0.3897707231040564,0.04400301203016819,0.162053547148995,0.06511938531705798,0.0,0.0,0.0,0.0,0.1992156862745098,0.6404574448367979,0.0,0.0,0.2434259954921112,0.21390334539399905,0.4409381663113006,0.4157538055866731,0.18769234764039544,0.21078574148156787,0.0,0.0,0.0,0.0,0.1594792514239219,0.627663754173602,0.2812903225806452,0.1498998313980468,0.30758524704244955,0.19616163723031638,0.4453998280309544,0.4879305353406248,0.2718587870321724,0.2608033138400472,0.35730858468677495,0.43197106031896887,0.3437764606265876,0.48476274182747936,0.406872852233677,0.7035942238543045,0.41743119266055045,0.15032063879342572,0.24204809930178434,0.025146297223714555,0.5243804956035172,0.035478229849229895,0.3882947716870497,0.18776362696665524,0.34443168771526983,0.2101607893099958,0.5088902513795218,0.6968385655337966,0.5060240963855421,0.6942855563378725,0.47171824973319104,0.7888737766299171,0.47342398022249693,0.5818851777278575,0.5578125,0.6648634485512239,0.48901751877894983,0.6423460099923884,0.42184154175588867,0.3352373792303122,0.5668906536346976,0.8329253548888953,0.5669033315128346,0.8418042537319463,0.5634328358208955,0.23267331188286533,0.40824742268041236,0.4704809511750723,0.6187255250978996,0.24847704048672195,0.5272377398084203,0.4054050748737611,0.29950282081678575,0.26553633960500816,0.9366306027820711,0.8239243398516024,0.6138613861386139,0.94655704008222,0.8442466284228708,0.47014115092290987,0.9443929564411492,0.8454891098040362,0.5112855740922473,0.9432739059967585,0.952545010528967,0.5919243986254296,0.9395121951219512,0.928601443663341,0.543613707165109,0.9552870090634441,0.8769980156546531,0.5765338393421885,0.9451499941543251,0.8990077906349494,0.9961304788080428,0.9419282511210763,0.9999963834223313,0.9999439430461349
c15_d8_s0,c15,8,0,70000,0,1908.2944271564484,8.6403952082037e-06,5.170042305988327e-05,0.0,0.0,0.0,0.0,0.0,0.0,0.0,0.0,0.0,0.0,0.2904162633107454,0.5071498275965745,0.07260406582768635,0.1267874568991436,0.0,0.0,0.0,0.0,0.0,0.0,0.0,0.0,0.25901398086828553,0.21529806977826793,0.24713242961418144,0.012071327990885564,0.12653660262061675,0.05684234944228837,0.0,0.0,0.0,0.0,0.24336283185840707,0.5448970042835688,0.0,0.0,0.25207547169811323,0.21377075731800102,0.4401673640167364,0.2538594119563918,0.193340944916913,0.1623156260088956,0.0,0.0,0.23684210526315788,0.4840162106227494,0.3321554770318021,0.7013512463591696,0.2937420178799489,0.1501456969038444,0.3052486187845304,0.030290948515431616,0.43482026851450845,0.518490712774864,0.30586919148599356,0.2735124609636949,0.17701453104359313,0.428156739048532,0.42998585572843,0.7346889722357203,0.42463958060288337,0.7312864198562214,0.5146909827760892,0.2014302983315391,0.31802604523646333,0.20606299948558665,0.5180533751962323,0.06226329706387339,0.4236625980834384,0.2752834929819559,0.36302142051860203,0.26715446024445116,0.42725337118523776,0.7653832617699204,0.42735042735042733,0.7621149676809129,0.49342770475227504,0.8226429886674542,0.276078431372549,0.020614996850088437,0.5523885989562425,0.5092691905809222,0.4319424520247889,0.4876861848325566,0.46709129511677283,0.48294961028592465,0.5471817606079797,0.8345908586449436,0.5805038335158818,0.8063130804643044,0.5755995828988529,0.8148458734796896,0.4272363150867824,0.3322933938399414,0.6597366597366597,0.5669974541134885,0.54854121353396,0.6055219761412108,0.3003567240704853,0.28399279246710657,0.9380804953560371,0.8239254112540673,0.6097359735973598,0.9474768280123584,0.8442472104617017,0.46630434782608693,0.9443413729128015,0.8453699452688924,0.5083497053045186,0.9440389294403893,0.9525485533289288,0.602233676975945,0.9371038517796197,0.9284009339913073,0.5390218522372529,0.9532428355957768,0.878173025129092,0.5718354430379747,0.944421295560713,0.8992425086943872,0.996304064805439,0.9448430493273543,1.0,1.0
c15_d8_s0,c15,8,0,75000,0,2044.263114452362,3.826462034339784e-06,2.053936102937605e-05,0.0,0.0,0.0,0.0,0.0,0.0,0.0,0.0,0.0,0.0,0.28442437923250563,0.018539971835401663,0.07110609480812641,0.004634992958850416,0.0,0.0,0.0,0.0,0.0,0.0,0.0,0.0,0.26176470588235295,0.21536718728353696,0.24242424242424243,0.012046546801649537,0.12604723707664883,0.056853433521296626,0.0,0.0,0.0,0.0,0.0,0.0,0.0,0.0,0.25579655946148094,0.2157610772412929,0.4414715719063545,0.433839418786859,0.17431703284195887,0.16240012400703796,0.0,0.0,0.18861512319456245,0.13569623975675382,0.29553264604810997,0.6136645291809922,0.36318407960199006,0.15240646806685312,0.30165289256198347,0.029918810205493213,0.4560233430596082,0.5079638255845491,0.3205607262427848,0.23501900670903603,0.34232121922626024,0.4269833638467393,0.31569965870307165,0.4800999246706455,0.38552540013917885,0.6354317112114056,0.4499437570303712,0.12136754739350246,0.3242506811989101,0.20812642199186887,0.5182281458251666,0.1994531615680897,0.41006783585265455,0.2607796993824311,0.4787018255578093,0.33744200774322713,0.5171957671957672,0.8303650937055357,0.54292343387471,0.8274246576163943,0.5353645266594124,0.8426610607788833,0.32937892533147245,0.035326517772581424,0.5675465838509317,0.47769692977460726,0.48630759451281136,0.5051904403369477,0.4631578947368421,0.4864786111599345,0.6247896803140774,0.8489267455622063,0.6297255308130503,0.8496762671343614,0.5669599217986315,0.9133305557603577,0.4542626011200996,0.5774112539544562,0.640625,0.6330552742127055,0.5586013062183469,0.713039406303255,0.3067154039361903,0.2768453004598364,0.9373549883990719,0.8278474322975888,0.6064356435643564,0.9475308641975309,0.8478001456631598,0.46308360477741584,0.9448307834955957,0.8488989066933302,0.5063788027477919,0.9472830494728305,0.9526065126697333,0.5924657534246576,0.936980947728383,0.9281688188964127,0.545881126173097,0.9523522316043426,0.8781254210305609,0.5604813172894236,0.9449637768757388,0.90010406187035,0.9963474613047881,0.9448430493273543,1.0,1.0
c15_d8_s0,c15,8,0,80000,0,2180.946085214615,1.3038604720350122e-06,1.0000000422909809e-05,0.0,0.0,0.0,0.0,0.0,0.0,0.0,0.0,0.0,0.0,0.28442437923250563,0.01853734165465933,0.07110609480812641,0.004634335413664832,0.0,0.0,0.0,0.0,0.0,0.0,0.0,0.0,0.25806451612903225,0.21682759433464566,0.38869257950530034,0.3709787741144451,0.16168927390858315,0.14695159211227268,0.0,0.0,0.0,0.0,0.1865612648221344,0.631920479731365,0.0,0.0,0.2410179640718563,0.2140244246914244,0.43452380952380953,0.42292860660530457,0.18443221546742766,0.21189829780179598,0.0,0.0,0.23642732049036777,0.48410481281627515,0.32722143864598024,0.6357389957127443,0.2908622908622909,0.15014050302087437,0.3081155433287483,0.0303768088521644,0.4424398625429553,0.5174707279456873,0.3073251541115276,0.2678173273320998,0.24043715846994534,0.0009018436886235717,0.3075671277461351,0.04135931722272603,0.37683089214380827,0.6412447727583023,0.5443786982248521,0.38132956612691954,0.329938900203666,0.20730972684760304,0.4918872758326217,0.42638668649943584,0.4186208167619424,0.3107153226742939,0.4235294117647059,0.5861383474793418,0.4239290989660266,0.620562963375002,0.4669603524229075,0.7979748489143614,0.5283381364073007,0.26502390356015015,0.3622895622895623,0.23085706910522263,0.5539540319439034,0.1761251232710192,0.4706803379229949,0.33505787063149006,0.5046153846153846,0.6882508609393216,0.5250501002004008,0.8114500416292684,0.5356055995130858,0.8125606480333227,0.6604995374653099,0.9055229611422111,0.4372623574144487,0.3371936379359454,0.6409454292665971,0.5301218758493798,0.5651160880639948,0.6358980812820434,0.31128142586351387,0.27328183246395155,0.9364341085271318,0.8360694860303716,0.6067880794701986,0.9464469618949537,0.8552355708432153,0.46409140369967355,0.9433611884865367,0.8562817047540088,0.5088582677165354,0.9481361426256077,0.9526115977418572,0.5931623931623932,0.935609756097561,0.9281623609243751,0.5411887382690302,0.9532428355957768,0.8781289684926898,0.549367088607595,0.9447673718221216,0.9020246285920301,0.9962679010559815,0.9439461883408071,1.0,1.0
c16_d8_s0,c16,8,0,5000,0,110.05378341674805,0.391818106174469,0.0029987339866738077,0.0,0.0,0.39568345323741005,0.6814223599270102,0.422103861517976,0.6876539447106499,0.0,0.0,0.0,0.0,0.5448098001289491,0.6601328915894652,0.20435139292851945,0.2791229149505047,0.0,0.0,0.3665158371040724,0.7616553315756558,0.3852573018080668,0.7659511381572799,0.5612565445026177,0.683411019879003,0.27555555555555555,0.02976970535074996,0.6251682368775235,0.7664682362240437,0.4281428458099358,0.49721277950786047,0.0,0.0,0.3439878234398782,0.7601296583937907,0.36605890603085556,0.7644433417854584,0.4887307236061684,0.849291180683732,0.2781954887218045,0.029719094132582922,0.6643533123028391,0.7331789606411225,0.41699044194693086,0.5300950588792968,0.2864450127877238,0.00852038450240599,0.44605263157894737,0.8040354199209051,0.4632352941176471,0.8079590102483244,0.5025853154084798,0.29779643558343805,0.4052631578947368,0.4011916310065665,0.6899647322859891,0.7373026653319975,0.4990977129376613,0.49411558420313684,0.41739130434782606,0.627454977596265,0.47283406754772395,0.6028660924532456,0.5164903546981954,0.8610243835036981,0.6153846153846154,0.8673711970847686,0.46662657847263983,0.5057879612557962,0.706645056726094,0.7434088824030504,0.5643903731953162,0.7034207979820044,0.5282258064516129,0.6468235496742878,0.5669083717864206,0.8415408265861836,0.6062389640965273,0.8422872501973804,0.614406779661017,0.8675056179231739,0.45575757575757575,0.2578715041662885,0.7035714285714286,0.6922180197975973,0.585215041192052,0.6486197543432526,0.5168539325842697,0.6338188444013496,0.6268292682926829,0.833225928578699,0.6278538812785388,0.8326404591669814,0.6761710794297352,0.913186116479223,0.5136866627839255,0.4993746764166171,0.7616260162601626,0.8188527410504819,0.6354990297980802,0.749493819498833,0.47624097682978517,0.5574401013378413,0.9389671361502347,0.9035599957378214,0.5316666666666666,0.9448491155046826,0.9046346871301094,0.5501101321585903,0.9436947417403444,0.9054838690396202,0.5779092702169625,0.9275834011391375,0.7111944483531135,0.730701754385965,0.9445525291828794,0.9769613404797014,0.5427394438722966,0.963552833078101,0.9995188267778733,0.35441830896376353,0.9445481069663013,0.8980585332283013,0.9563286561550701,0.34663677130044845,0.9579211188244676,0.3706485789562195
c16_d8_s0,c16,8,0,10000,0,218.47593760490417,0.0374915711581707,0.002954574462833066,0.0,0.0,0.36556104446012705,0.6647731124565228,0.38848920863309355,0.6698396512969328,0.0,0.0,0.0,0.0,0.37946992006731173,0.35416699459472006,0.15770500110792965,0.19975947896146798,0.0,0.0,0.3085188027628549,0.6600108236667058,0.3321554770318021,0.6652857831167104,0.0,0.0,0.2579710144927536,0.029670815182536305,0.5003615328994938,0.6372698179221079,0.24297266016428326,0.27717654217477905,0.0,0.0,0.3037383177570093,0.7419648531009303,0.3237822349570201,0.7464293282652166,0.37707006369426754,0.7046701782682256,0.41077844311377243,0.42262697984153197,0.6290718038528896,0.738592084700175,0.40652345705806814,0.5905051591496621,0.24058323207776428,0.8427092328387404,0.3684609552691433,0.8523690162293328,0.3941299790356394,0.8558820260269605,0.3125827814569536,0.6289361631445732,0.3351278600269179,0.2451852902264908,0.6072092159048681,0.7741354146995792,0.3973278115457305,0.6246442399422469,0.37652270210409744,0.5470176628087672,0.43157132512671975,0.6108309712604851,0.49096573208722744,0.7817778155867654,0.4341957255343082,0.7174170856362103,0.38971583220568334,0.4636178607212972,0.6679802955665025,0.7036007638460531,0.4812279432697939,0.632794465022225,0.48,0.6486162476453985,0.5416944629753169,0.843730294654052,0.5325884543761639,0.8400226780662198,0.5127020785219399,0.8522723269168143,0.44361370716510906,0.26042486445486146,0.6726131483316815,0.7094413630537613,0.5367558099506393,0.6498987403034985,0.5583250249252243,0.5715320723721835,0.6480099502487562,0.7583156218004666,0.6584130557118739,0.8027067904683991,0.5746887966804979,0.8596929695046184,0.5037878787878788,0.2362639066625364,0.6817713697219362,0.8076427745140534,0.595457680538066,0.6536127863903894,0.40256719480493014,0.5183416302777527,0.9387121799844841,0.9818194253669381,0.6586776859504132,0.9492753623188406,0.9734691007534603,0.5681570338058888,0.947417403443462,0.9731001156916802,0.5854616895874263,0.93042071197411,0.9412148498820521,0.7669565217391304,0.9400876765708719,0.9083490764095616,0.5461139896373057,0.9638922888616891,0.9995561719102638,0.3412698412698413,0.9448839148305667,0.9563124113681427,0.9675394184869087,0.46367713004484307,0.9697400946458375,0.4966646112450249
c16_d8_s0,c16,8,0,15000,0,322.0002808570862,0.023439977318048477,0.0028491375670817902,0.0,0.0,0.3875181422351234,0.6807351157952076,0.4120805369127517,0.6858578826586602,0.0,0.0,0.0,0.0,0.388302193338749,0.23401882089463014,0.16370877159701017,0.17238745509481318,0.0,0.0,0.3406844106463878,0.769123720965648,0.3587946741415557,0.7731866273189207,0.0,0.0,0.0,0.0,0.588199879590608,0.7398304749871302,0.20533989362998065,0.31348348110382995,0.0,0.0,0.309727626459144,0.7416125483548391,0.33214030064423766,0.7461018384190315,0.383248730964467,0.7041255003087308,0.260233918128655,0.029367892283142762,0.6349862258953168,0.7720482943481317,0.37310621267239147,0.5003616206328239,0.3764705882352941,0.7927657382537884,0.4407894736842105,0.8079731373130643,0.45588235294117646,0.8115237517353086,0.3236842105263158,0.6747561485175515,0.2966162706983441,0.03901175927678888,0.6152792052072628,0.7846660183154898,0.41499012284637077,0.5756303671359709,0.4834377797672337,0.8002724343972087,0.536741214057508,0.8279268416464909,0.5511898173768678,0.794247358377722,0.3324607329842932,0.7370576918743708,0.34381858083394295,0.391892701075705,0.6400280406589555,0.6935616463944272,0.46002423955276533,0.6574985627045775,0.46607669616519176,0.566824342478392,0.566383257030739,0.6435461902578754,0.5915492957746479,0.8030921225123029,0.5628476084538376,0.8533953783790619,0.44640605296343,0.3440919348568384,0.7028423772609819,0.7028834852053947,0.563358113750444,0.6428812542143713,0.4603854389721627,0.8516404066526789,0.5839320705421294,0.6845003829073181,0.5874626865671642,0.7236939527874174,0.6362754607177498,0.8595042723998604,0.45165562913907287,0.06987891735533917,0.7072678331090175,0.7059612150827339,0.584781413748248,0.5971556630717678,0.3950441096853158,0.49419977199402204,0.9389017788089714,0.8464859027900741,0.44069192751235586,0.9476954945624029,0.854107447761892,0.5551912568306011,0.9456572224802601,0.8546935711278429,0.5756385068762279,0.9274193548387096,0.9499346865671744,0.6869565217391305,0.9416909620991254,0.9059726110014559,0.5402476780185759,0.9656019656019657,0.9995457392635788,0.31647582697201015,0.9446992786225864,0.9268038360147031,0.957037465644438,0.4031390134529148,0.9590512993459419,0.4256965076517742
c16_d8_s0,c16,8,0,20000,0,431.0012934207916,0.016628842800855637,0.002686911358940937,0.0,0.0,0.33650329188002925,0.7601267840553224,0.3597025016903313,0.7644534265304886,0.0,0.0,0.0,0.0,0.49965870307167237,0.5993616307214132,0.1829318252321148,0.2768887585625042,0.0,0.0,0.300763358778626,0.6572814669912989,0.32489451476793246,0.6623840776302076,0.0,0.0,0.0,0.0,0.5090289608177172,0.6208740098475745,0.17939539633330917,0.26519063118035247,0.0,0.0,0.18943839061190276,0.6646519984298066,0.34983498349834985,0.7471656037750439,0.0,0.0,0.2158920539730135,0.3706410574841609,0.47793830534947285,0.6479011507357686,0.21839703767314264,0.37228701890538657,0.0,0.0,0.3150684931506849,0.7593275961574476,0.3450210378681627,0.7642343709879846,0.3050847457627119,0.5970572643029444,0.22295081967213115,0.026093825460618034,0.5714285714285714,0.7681073364939385,0.3298734951340909,0.47477810382649455,0.3401506996770721,0.5452173861903208,0.38803792851932895,0.6091249886115923,0.3978422117329737,0.6149178600752777,0.29222520107238603,0.6725934267956291,0.3853690398432397,0.24723820648976522,0.6564742589703588,0.6917453608811965,0.42735302829894406,0.5503326014480803,0.29488703923900117,0.5439438673009125,0.4741557546519642,0.8098103733134737,0.5235474006116208,0.8126072198022947,0.4755244755244755,0.4422129504163903,0.35714285714285715,0.058058450631398584,0.6945500633713562,0.70941121392053,0.4895201985515544,0.4829507754434698,0.44813278008298757,0.6273845736538783,0.5840092699884125,0.787432682660297,0.5984766050054406,0.7909250883880786,0.4258373205741627,0.6934606681098144,0.4430379746835443,0.2510943022378444,0.6861362873447465,0.7338690962451193,0.5246377835736834,0.6034178787067157,0.33601553782811994,0.4322636811532862,0.933954933954934,0.8760559185711594,0.5183028286189684,0.9466044582685329,0.8915187738685005,0.4244249726177437,0.940902745463006,0.8717411189959312,0.43867457962413453,0.9201954397394136,0.6056110140905085,0.7646017699115044,0.9341142020497804,0.9040494210937228,0.47701149425287354,0.9568939162335677,0.9952172113035095,0.33003194888178916,0.9379227343128964,0.8461623959082345,0.9864458267033126,0.7551569506726458,0.9902171574061182,0.8001009025169572
c16_d8_s0,c16,8,0,25000,0,540.0788865089417,0.012559674680233002,0.002474801209370144,0.0,0.0,0.3122238586156112,0.728370154113544,0.33741496598639453,0.7327000713750783,0.0,0.0,0.0,0.0,0.4989676531314522,0.5946608205369119,0.17887848199969686,0.27042105725827986,0.0,0.0,0.27639751552795033,0.6566478114231071,0.3,0.6617454884118519,0.0,0.0,0.0,0.0,0.5090412828386216,0.6199791726073046,0.17529344700365126,0.26486090147140606,0.0,0.0,0.2123456790123457,0.7696621106265982,0.35355512067840833,0.7472369623821623,0.0,0.0,0.0,0.0,0.49398058252427185,0.6419581015564221,0.17065354560529747,0.2868977814731689,0.24574209245742093,0.008308383819028882,0.4029352901934623,0.557333219761418,0.4208566108007449,0.5630090052960316,0.0,0.0,0.372,0.04975100767449461,0.6056851311953353,0.7870577898457315,0.3335491155864695,0.30325641678642973,0.35660580021482274,0.5048766066259575,0.4231292517006803,0.5708478014992685,0.44627054361567636,0.5765911530308239,0.20969855832241152,0.6002486239345728,0.3761348897535668,0.6147972490941399,0.6469002695417789,0.843062248299525,0.41035056236537093,0.6522199937617303,0.27106227106227104,0.6239303650165888,0.45786516853932585,0.8583889810757933,0.4713541666666667,0.8576687307921904,0.4822222222222222,0.6902179479255357,0.40315167432698623,0.2939161705195365,0.6700094014415544,0.7318427740764892,0.48886929168671267,0.6239932295374381,0.44130434782608696,0.5631046517237696,0.5205479452054794,0.7659243260202799,0.5742232451093211,0.7294871973810622,0.4602803738317757,0.6948607224010716,0.459214501510574,0.5177246255579762,0.7117572692793932,0.8935922589727819,0.5358193310005097,0.6980874163267168,0.3276305393211012,0.4428195423735957,0.9220183486238532,0.8665554248699999,0.6475953565505804,0.9390681003584229,0.874624242294444,0.5196292257360959,0.936405529953917,0.8750630045237464,0.5334645669291339,0.9163934426229509,0.6275361703403899,0.6708407871198568,0.9416952474277315,0.9475561331036053,0.48074921956295524,0.9585508136321769,0.9953086481266463,0.3344010249839846,0.9372842074987309,0.8606204605333428,0.9877260234341096,0.7760089686098655,0.9916836796507833,0.8197208363697517
c16_d8_s0,c16,8,0,30000,0,649.2107541561127,0.010448220185935497,0.0022218358646113167,0.0,0.0,0.31845238095238093,0.7600874268796843,0.33791208791208793,0.7643989181982032,0.0,0.0,0.0,0.0,0.49796747967479676,0.5983205238172525,0.17918890899073825,0.27662065971080374,0.0,0.0,0.2837209302325581,0.656395672956137,0.3095577746077033,0.6615202500936062,0.0,0.0,0.0,0.0,0.49475465313028766,0.6022176116170594,0.1731285553525937,0.26038072982507676,0.0,0.0,0.21043771043771045,0.6665525703894511,0.32461435278336687,0.7463187089257568,0.3433029908972692,0.6416928790016801,0.0,0.0,0.5590955806783144,0.6627839695928738,0.27018731482898567,0.4438584854249058,0.2078239608801956,0.7905251467915972,0.20580474934036938,0.7352405608498902,0.39308578745198464,0.7826445133290307,0.3103448275862069,0.6302262558268439,0.14905814905814907,0.016449644255429132,0.5937940761636107,0.7785245885286519,0.3305254713413708,0.5486676405669411,0.18773466833541927,0.5000894665517256,0.36283185840707965,0.7334640477810322,0.388283378746594,0.7383280170549578,0.38819523269012485,0.7136883482571209,0.22151898734177214,0.016730328291850054,0.6147994467496543,0.7846319360914085,0.3843659088194789,0.5430861141090711,0.3951965065502183,0.5071613631315547,0.5229773462783172,0.7662667902973336,0.5371152685576343,0.7701664133010158,0.5357917570498916,0.8482905316247107,0.32833690221270523,0.03726274994815583,0.6782608695652174,0.7841687406632378,0.506871475655801,0.5877300527865181,0.453125,0.4210441726276383,0.5627283800243605,0.7877279915269724,0.5689851767388826,0.7911335075806419,0.5698924731182796,0.8504633743142177,0.39061421670117324,0.28902307660586174,0.6745923913043478,0.6000014072001997,0.5408446500112204,0.6015307705080075,0.3407303264285984,0.46598206470447495,0.9315707620528771,0.902772929151134,0.4307178631051753,0.943064182194617,0.8900283309181993,0.41437980241492867,0.9387755102040817,0.8703612267922063,0.43873517786561267,0.9197684036393714,0.9519427055804359,0.6537769784172662,0.9383195726080622,0.9769002297583007,0.4725672877846791,0.9569728410131217,0.9944630324168028,0.31728316326530615,0.9382160755194369,0.9527566991773464,0.98878200491827,0.8062780269058296,0.9932514660701725,0.8501037053646505
c16_d8_s0,c16,8,0,35000,0,758.2695922851562,0.007632409688085318,0.0019387831257830976,0.0,0.0,0.32818248712288445,0.7436233916961037,0.3467029231815092,0.7479176643435529,0.0,0.0,0.0,0.0,0.49881876476544046,0.5998437206562645,0.18094514205005957,0.27425601816737083,0.0,0.0,0.26808834729626807,0.6348253166790037,0.29473684210526313,0.6399752733537468,0.0,0.0,0.0,0.0,0.419953596287703,0.2340655811916115,0.15189049818872002,0.1647497778006321,0.0,0.0,0.20787929589270746,0.666411191598603,0.3394980184940555,0.7466516646857112,0.0,0.0,0.0,0.0,0.47469595919968616,0.6381033328396545,0.16428876599881845,0.27728107123360646,0.0,0.0,0.3150787696924231,0.7442260293621861,0.34463667820069205,0.7491134629305455,0.24234354194407456,0.5954942017109137,0.20508744038155802,0.03582050802757403,0.543031226199543,0.775188544266455,0.30259183945572016,0.4760707711922967,0.19950738916256158,0.7195470520705363,0.31886345698500396,0.7458644646439203,0.3321247280638144,0.7497415564473859,0.36081242532855434,0.6902671086284878,0.22390317700453857,0.36545196944797564,0.58,0.7767572329642596,0.36205353176755484,0.6427151671903343,0.3659378596087457,0.5581628310380808,0.5146666666666667,0.7960188417064357,0.5310173697270472,0.7998699491292669,0.47565118912797283,0.6960896373817343,0.2857142857142857,0.033992945227791206,0.6407506702412868,0.7021802171586631,0.46816419427109135,0.5375700017648625,0.4178454842219804,0.6457310065750033,0.5159151193633952,0.8376505375221118,0.5604651162790698,0.8093714925103088,0.4707233065442021,0.798137210003506,0.412532637075718,0.24307776634254064,0.6828150572831424,0.5784607123593755,0.5160365602144694,0.5959816752269742,0.3065672188494905,0.42408921179658243,0.9196633511859219,0.8994620099634074,0.5282861896838602,0.9364754098360656,0.9103325334416243,0.47921225382932164,0.9349930843706777,0.9105274243317123,0.4985207100591716,0.9107438016528926,0.6351206536683766,0.6569872958257713,0.9389350268685882,0.9768648743336897,0.45369406867845996,0.9549218031278749,0.995296674259922,0.3301220295439949,0.9337444783617277,0.8785140478768924,0.9885360914219586,0.7867713004484305,0.992866300548454,0.8337350748360334
c16_d8_s0,c16,8,0,40000,0,867.3253498077393,0.005591253750026226,0.0016376915033274812,0.0,0.0,0.3227665706051873,0.7285264314598108,0.3466666666666667,0.7328585329946428,0.0,0.0,0.0,0.0,0.4890091308758877,0.59441070166827,0.17803838582495976,0.270384755788272,0.0,0.0,0.281226626776365,0.7252912953362041,0.3105590062111801,0.7297886578056918,0.0,0.0,0.0,0.0,0.4328472755180353,0.23491980397075476,0.15752728829513757,0.17998661375451336,0.0,0.0,0.22040816326530613,0.7287651945463858,0.23635003739715782,0.7297103935055408,0.0,0.0,0.0,0.0,0.486575795125981,0.6712818187730206,0.1597071321700339,0.2893600870309157,0.0,0.0,0.311178247734139,0.7432986141237116,0.41006752608962554,0.749954190496061,0.0,0.0,0.3466666666666667,0.3844566932850435,0.5476459510357815,0.6946887636974034,0.2836819689109258,0.3942240979639261,0.33953997809419495,0.5048950516100096,0.3991195891415994,0.5714773383085919,0.41084745762711866,0.5771648555849987,0.23013698630136986,0.6221463001985049,0.3100661278471712,0.23442579596796195,0.6505324298160697,0.6896527733225374,0.3934761380630621,0.5243509878308844,0.20599739243807041,0.49666679066992436,0.39463886820551003,0.4563656029057606,0.4785046728971963,0.7003414748353058,0.4806378132118451,0.7279111410879837,0.423500611995104,0.5088065816068219,0.6468227424749163,0.8426066397953212,0.47766870304886444,0.6576122463234476,0.49266862170087977,0.6420804988310816,0.5634870499052432,0.8532800334567399,0.5839499146272055,0.8567807996537785,0.43184559710494574,0.844840814944356,0.43729040912139505,0.0681382978166143,0.6698113207547169,0.7155809748152048,0.5214122972647085,0.6031517995558437,0.31021598765395597,0.4170100840354004,0.9196633511859219,0.9750465647172637,0.49750415973377704,0.9379805228088159,0.9760976792912212,0.43224043715846994,0.9337016574585635,0.9756735813586908,0.4521696252465483,0.9192751235584844,0.8338564920711106,0.6684587813620072,0.9346978557504874,0.9265589797543102,0.486444212721585,0.9533109551418981,0.9938442471909643,0.3345070422535211,0.934433111233826,0.9324664152013609,0.9935917835961232,0.9069506726457399,0.9984285970029421,0.9628342395874209
c16_d8_s0,c16,8,0,45000,0,976.2326626777649,0.0036253028083592653,0.0013313773563871881,0.0,0.0,0.30387143900657415,0.6612822470249704,0.3349088453747468,0.6674547340382332,0.0,0.0,0.0,0.0,0.4715222644114601,0.41452759106663967,0.17111225646797512,0.2143599795219269,0.0,0.0,0.28307692307692306,0.7388172525275046,0.3059490084985836,0.7432918680411417,0.0,0.0,0.0,0.0,0.45765345765345766,0.4683093784334537,0.1634988587113233,0.24058643798908397,0.0,0.0,0.23577235772357724,0.7434579651949297,0.2473919523099851,0.7443185856602531,0.2751196172248804,0.5576029838525922,0.3847072879330944,0.4312359469397163,0.5779175401816912,0.7096881583193678,0.3496998038377133,0.548613151515851,0.0,0.0,0.3935275080906149,0.5677863755495534,0.4140012070006035,0.5745938873199515,0.25925925925925924,0.590495046132138,0.19130434782608696,0.3628233734990556,0.6129346766330842,0.7259443802887987,0.33316863052054246,0.5150140552191235,0.21491782553729458,0.4996187783183842,0.30944625407166126,0.5662733482436343,0.37928621413575925,0.5724387822177468,0.3148148148148148,0.6728337965870962,0.2982456140350877,0.2384834630102115,0.6154390934844193,0.7337948656559136,0.3824290717289734,0.5478056070449524,0.4139433551198257,0.5537947163248034,0.46888567293777134,0.5651876826601441,0.5136334812935954,0.8217689429777739,0.4770857814336075,0.844208067744376,0.4219292158223456,0.508071419172818,0.6879183933694613,0.7499199806696758,0.5131052234356196,0.6872791453936109,0.44008264462809915,0.5608407073284698,0.5330739299610895,0.8209013988907634,0.5946825827455237,0.7848762582713268,0.47520184544405997,0.7390927312048947,0.5049218297625941,0.558765778315734,0.6869158878504673,0.7746813412837423,0.5474131538755064,0.6986864930753062,0.35148957122537905,0.4931921242514078,0.9228418640183346,0.8124313619889058,0.5314569536423841,0.9399692149820421,0.8257730613885037,0.4497816593886463,0.9380449747590638,0.809320892067012,0.47847358121330724,0.9330065359477124,0.9971006755848056,0.6541155866900175,0.9485546300832925,0.9519163490277792,0.5289256198347108,0.9615975422427036,0.995328477685095,0.34313099041533546,0.9441943482150472,0.9400468185281217,0.9864024302039636,0.752914798206278,0.9912478820417028,0.8050339144570884
c16_d8_s0,c16,8,0,50000,0,1082.8856327533722,0.0021428754553198814,0.0010328793476977183,0.0,0.0,0.3149374540103017,0.7438252556697288,0.33310673011556763,0.7481372596996014,0.0,0.0,0.0,0.0,0.4971215712834406,0.6008605899599306,0.17828407483134925,0.2745453571040935,0.0,0.0,0.0,0.0,0.29521829521829523,0.6399578425413747,0.0,0.0,0.0,0.0,0.4386503067484663,0.2348604006942412,0.13426410128864116,0.11204492038534153,0.0,0.0,0.0,0.0,0.23002240477968633,0.7314778503461907,0.0,0.0,0.0,0.0,0.465439672801636,0.6487137577837105,0.13552845193204954,0.22313492697477685,0.22732769044740025,0.00792777531853525,0.38713910761154857,0.7441592878880121,0.4119804400977995,0.7490487684541713,0.0,0.0,0.23443815683104285,0.02616470771680744,0.5796703296703297,0.6749817370016165,0.28906439147173885,0.30038126381799923,0.20282413350449294,0.4971755342145099,0.31648715824357915,0.5057384590027547,0.38142153413089375,0.7630492621793113,0.2216142270861833,0.6218644068351337,0.398422090729783,0.24445293247662345,0.6213389121338913,0.7701015307616847,0.3854048763107116,0.5562683221347418,0.375,0.565058866189813,0.4060377358490566,0.5702716985061063,0.5078031212484994,0.823695769655193,0.4647577092511013,0.6918323649487313,0.41455891425046265,0.44645330470283884,0.6619906479625919,0.7372016351831657,0.4927302226241686,0.6321240207379434,0.45867768595041325,0.6411698337379951,0.5802005012531328,0.8411840233074364,0.6011299435028249,0.8447466216844152,0.4798154555940023,0.8108717753713022,0.37373737373737376,0.04914893663949828,0.6805329866753331,0.7005550637199384,0.5201887982272082,0.5840689838268386,0.30506641666940965,0.3832239707116764,0.9163468917881811,0.8994974973546769,0.45142378559463986,0.9347714432460195,0.9000920612722684,0.3840659340659341,0.9327188940092166,0.8799239804872426,0.41452569169960474,0.9150865622423743,0.6352948305775767,0.6054054054054054,0.9402041808458921,0.8637067795285053,0.4901758014477766,0.9541284403669725,0.9952384889562361,0.32243589743589746,0.9343412316174278,0.846852819691762,0.9943295240850571,0.9172645739910313,0.9993363579977903,0.9821738886708896
c16_d8_s0,c16,8,0,55000,0,1192.0569343566895,0.0008883803384378552,0.0007549034358359008,0.0,0.0,0.3316582914572864,0.7874118272279098,0.3548172757475083,0.7913475664036842,0.0,0.0,0.0,0.0,0.4839151266255989,0.5969681952557654,0.17818507892346594,0.28080533161657417,0.0,0.0,0.2786885245901639,0.725534813474385,0.30674002751031637,0.7300304395398577,0.0,0.0,0.0,0.0,0.42989214175654855,0.3999957547298319,0.15625874811417717,0.22129604310031153,0.0,0.0,0.21139554087530965,0.4484019432811424,0.33969465648854963,0.47522747094986867,0.0,0.0,0.38985148514851486,0.439324707381382,0.5619469026548672,0.7025938128292566,0.2838737800645005,0.3624487479052439,0.2538552787663108,0.00838268611175516,0.40312093628088425,0.7446559796199647,0.4218181818181818,0.74953173185675,0.22130013831258644,0.6278409200010711,0.36595174262734587,0.046223564218461764,0.6303348653972423,0.7850526591731124,0.3942962196564084,0.48999348564720047,0.21329987452948557,0.7362816794467562,0.33706070287539935,0.7625560578383651,0.3970088375254929,0.7636825421383701,0.2302357836338419,0.6261259727910021,0.35210263720598717,0.24902320344974027,0.6314699792960663,0.7828010776409134,0.38239955127817193,0.6030309200890382,0.3857758620689655,0.6274818683561697,0.55980271270037,0.7108454676058826,0.552479815455594,0.7107701311141398,0.45374449339207046,0.7259309475613891,0.3427741466957153,0.2256717598108581,0.6807570977917982,0.7340824967203882,0.4941571336553068,0.5921794232795081,0.41517857142857145,0.4364152669604995,0.5758477096966091,0.7615360228041488,0.5844952593418851,0.7649887725305029,0.4533947065592635,0.6841668746729239,0.3800841514726508,0.058528420131004344,0.6991974317817015,0.8371998366829906,0.5144625341589927,0.5585521213963256,0.343376149407289,0.4440437247191717,0.9204892966360856,0.9737625699186889,0.45348837209302323,0.9395491803278688,0.9761468193025399,0.3871319520174482,0.936150666054203,0.9757203779892821,0.42149165848871445,0.9182493806771264,0.9518976254206619,0.6106115107913669,0.943524829600779,0.9057522958673901,0.5072239422084623,0.9560707748627212,0.9951417023375131,0.3296107211231653,0.9374770082033363,0.9570003865072672,0.9949949370750759,0.9300448430493273,0.9999511762014723,0.9985985761533718
c16_d8_s0,c16,8,0,60000,0,1301.1551439762115,0.0005496616940945387,0.0005092820294565851,0.0,0.0,0.3109182935647144,0.740366333499909,0.3384615384615385,0.744706270841434,0.0,0.0,0.0,0.0,0.4948944860449285,0.5986938312263662,0.17783860751341987,0.27342950816837014,0.0,0.0,0.0,0.0,0.29512697323266984,0.6473762787551413,0.0,0.0,0.0,0.0,0.43364197530864196,0.23408059279320473,0.1330044082632163,0.11246817142789628,0.0,0.0,0.1865546218487395,0.6652528972540898,0.17972350230414746,0.661803191565972,0.0,0.0,0.20615384615384616,0.3735191879161208,0.4841114162416634,0.6418092781158121,0.20308949261161796,0.36442012390965506,0.24700239808153476,0.008251722283860638,0.40446487196323044,0.5558799936987205,0.42446483180428135,0.562623685237418,0.24667472793228537,0.2507937753971102,0.3582887700534759,0.046400421021147546,0.6156955203772314,0.6633790532232712,0.39482576307816875,0.3340395958453822,0.33769063180827885,0.4921225237539202,0.40611353711790393,0.5606279525456475,0.47022713321055865,0.7254967892979712,0.2274618585298197,0.6261129924670409,0.3235082674335011,0.3800429670659978,0.6426666666666667,0.688103777072991,0.3995784733355586,0.5717522062846356,0.34393404004711425,0.0739038973367263,0.46859562455892734,0.5340049495784316,0.5054282267792521,0.5088737579848964,0.47964796479647964,0.7244786742399302,0.4093198992443325,0.05675791492424591,0.6557046979865772,0.8564404066138109,0.4959979647889551,0.5024844660195013,0.3580683156654888,0.4368253288812059,0.542566709021601,0.746401312525912,0.5648679678530425,0.7499904124080538,0.48970747562296857,0.6998270813290959,0.45781637717121587,0.24637923761075767,0.6668878566688786,0.6299060663155391,0.5257281767441101,0.5551295174651125,0.3328661266192924,0.3876747984457933,0.9166666666666666,0.9902441941218001,0.4578512396694215,0.9354346720894764,0.9785405112280352,0.3869565217391304,0.9315068493150684,0.9781031521934368,0.4151960784313726,0.9150865622423743,0.9522866230387985,0.6099099099099099,0.9410618606916707,0.8638803644267097,0.5144927536231884,0.9550596147966982,0.9937963950591197,0.3293854033290653,0.9347693584386201,0.948064833759763,0.9951612903225806,0.9329596412556054,0.9999855336893251,0.999551544369079
c16_d8_s0,c16,8,0,65000,0,1410.0293996334076,0.0003345132863614708,0.000306470325325539,0.0,0.0,0.30914368650217705,0.7425701288833483,0.33557046979865773,0.7469037873751591,0.0,0.0,0.0,0.0,0.4977838390726219,0.5974678631983918,0.17817213945989172,0.27348979215447355,0.0,0.0,0.0,0.0,0.2902557014512785,0.6398856830910727,0.0,0.0,0.0,0.0,0.43494996150885296,0.2349745338138058,0.13292546549815312,0.11206744037770752,0.0,0.0,0.20049710024855014,0.6662340637158225,0.31681877444589307,0.746184885489635,0.0,0.0,0.2024353120243531,0.37262652002127045,0.48829953198127923,0.6422362334270868,0.215793367225945,0.3714172674625441,0.25806451612903225,0.00892934634945342,0.3939193654990086,0.7438873662381786,0.4825291181364393,0.7249939345814914,0.22941970310391363,0.5966125112239054,0.34776902887139105,0.38595432003705515,0.6082824168363883,0.7960536789314692,0.39091053718329655,0.567806014812201,0.34735706580366776,0.49155575507836,0.4060693641618497,0.5585156048769949,0.4709480122324159,0.7275209254676475,0.22253129346314326,0.6286394790507626,0.30712166172106825,0.029107977762776932,0.6617410857693543,0.734198238251737,0.39987971375488585,0.496119114218236,0.25980392156862747,0.6290004800533933,0.42951059167275385,0.6198563935041842,0.47351627313337585,0.8554349712086722,0.4491150442477876,0.6803464873611343,0.3871374527112232,0.4989934681801497,0.6690299709958105,0.7798671442892203,0.4732231825199351,0.6651594286881469,0.4796663190823775,0.4544452158770626,0.6081802015411973,0.8407972560339464,0.6070038910505836,0.8371703740631817,0.4441887226697353,0.7345544279603315,0.3894736842105263,0.6143431671836875,0.666219389466622,0.7066765068677776,0.5162079833929007,0.6915945960007983,0.32958748414785827,0.45395052195915825,0.9224924012158054,0.9888392503915115,0.4827018121911038,0.9377551020408164,0.9357149896458795,0.4042437431991295,0.9340659340659341,0.9356439997168611,0.4338235294117647,0.9202958093672966,0.8426691543784333,0.6026785714285714,0.9371038517796197,0.8651576496294833,0.5036420395421436,0.9557251908396946,0.9937625425767433,0.3233226837060703,0.9361406661068657,0.9137471899590193,0.9951902213221466,0.934304932735426,0.9999891502669939,0.9997197152306744
c16_d8_s0,c16,8,0,70000,0,1518.4539935588837,0.00010878324246732518,0.0001551012691796498,0.0,0.0,0.30503597122302156,0.7423153195071294,0.33155792276964047,0.7466473294015086,0.0,0.0,0.0,0.0,0.500169664065151,0.597855543204814,0.1780919071823429,0.27354410654359,0.0,0.0,0.0,0.0,0.2857142857142857,0.639789184496009,0.0,0.0,0.0,0.0,0.43846153846153846,0.23481246852427878,0.13342490842490842,0.1120188825057371,0.0,0.0,0.2138157894736842,0.6662867967861446,0.3424920127795527,0.6852179158095857,0.0,0.0,0.39203484754200374,0.44010316748781075,0.5636305934623929,0.7051614050097558,0.2852753437722022,0.39894153584070247,0.24317617866004962,0.007895407397010232,0.3952724885095207,0.6445171950790712,0.4640346133044889,0.722112115419367,0.0,0.0,0.3380855397148676,0.44467246220039436,0.5800895625215294,0.6881639825428262,0.32141738226527083,0.39775283767709246,0.34870641169853767,0.3181721315818109,0.3844427823485415,0.4212379698780722,0.37681159420289856,0.4227735464169945,0.21974965229485396,0.6252692089007538,0.30679327976625276,0.03285192417104954,0.6598202824133504,0.68732945126582,0.3890875359727791,0.43321128340747894,0.38943894389438943,0.6275941756477798,0.5101108936725375,0.8615534409705522,0.5573580533024334,0.8632107406053049,0.4582869855394883,0.6856085468948848,0.4067357512953368,0.5132051635871403,0.6734828496042217,0.7828740573306808,0.5060353875155418,0.6914518050551463,0.47433264887063653,0.6428306264994229,0.5775535939470365,0.8709207683884316,0.5988700564971752,0.8744264706940549,0.47576099210823,0.7223189226755171,0.43026315789473685,0.2478661134566542,0.6765873015873016,0.7354896135697889,0.5332158878404711,0.625433484557316,0.33522119328193095,0.41890770508386616,0.9150227617602428,0.9887819954469226,0.4693200663349917,0.9333333333333333,0.924926024584079,0.3964013086150491,0.9296160877513712,0.9249790329171891,0.42035398230088494,0.9174917491749175,0.9518966080699802,0.5980215827338129,0.9397354238118569,0.9501116592957434,0.513555787278415,0.9532538955087076,0.9937242320426718,0.3211538461538462,0.9341179490276161,0.960490379264448,0.9952480833212788,0.9354260089686098,0.9999981917111657,0.9999439430461349
c16_d8_s0,c16,8,0,75000,0,1624.9540514945984,7.417994766001357e-06,6.161808308812815e-05,0.0,0.0,0.3075812274368231,0.7423759814601638,0.33400133600534404,0.7467079903736755,0.0,0.0,0.0,0.0,0.5010197144799456,0.5981341769751698,0.178720142240167,0.27362387522994575,0.0,0.0,0.0,0.0,0.2902338376891334,0.6398894053280317,0.0,0.0,0.0,0.0,0.43836671802773497,0.23479908263333882,0.13377783264769486,0.11202388776900402,0.0,0.0,0.1988400994200497,0.6665023133346035,0.19863532979529946,0.6631503608802723,0.0,0.0,0.19832189168573608,0.372698972271137,0.5274095306341813,0.6776706597749608,0.2145558080145918,0.3733967975294308,0.24553039332538737,0.008253472124659936,0.3829787234042553,0.6457699865336748,0.4689357104267963,0.7245859070259989,0.2033898305084746,0.5848165192639891,0.26128266033254155,0.029195843932820015,0.6146146146146146,0.7791533187332447,0.36127551196027763,0.4631755342895413,0.3524229074889868,0.6895360936048438,0.4498948843728101,0.7231772204112487,0.44964262508122155,0.7228501754310921,0.36511627906976746,0.6838478464825678,0.2750759878419453,0.4963388147438538,0.6634980988593155,0.7391380691391183,0.43025262618800864,0.6577948067119836,0.25721153846153844,0.6236314086061658,0.4920844327176781,0.7576209028715857,0.4926289926289926,0.7573162096033181,0.4611973392461197,0.6793700206957907,0.3894261766602192,0.2403875843584664,0.6679611650485436,0.8162186701286775,0.4831399172227381,0.612208112219156,0.46701570680628274,0.6391290295246818,0.5502645502645502,0.8261072117637406,0.568904593639576,0.8691955498642125,0.44188722669735325,0.6918470940912691,0.43875,0.2407957611992004,0.6929936305732484,0.7319107580322516,0.5255897852101845,0.6106743859267332,0.3324730890690946,0.4432710570965421,0.9179331306990881,0.9888259160961873,0.46688741721854304,0.935303107488538,0.9249585937546704,0.39433551198257083,0.9313815187557182,0.924976878742722,0.4179764243614931,0.9139072847682119,0.9428621046598651,0.5978260869565217,0.9373776908023483,0.904472438081397,0.5078288100208769,0.9538085041297033,0.9937535890724105,0.31462475946119306,0.9333248496703446,0.9468354820028831,0.9952480833212788,0.9356502242152467,1.0,1.0
c16_d8_s0,c16,8,0,80000,0,1731.360854625702,2.5587694381101755e-06,3.0000001268729426e-05,0.0,0.0,0.31002162941600575,0.7425837056915722,0.3362241494329553,0.7469139078383688,0.0,0.0,0.0,0.0,0.5003399048266486,0.5979098115614985,0.17893879111074223,0.2736022540178697,0.0,0.0,0.0,0.0,0.2874913614374568,0.7228638573729599,0.0,0.0,0.0,0.0,0.44324324324324327,0.23579085770494135,0.1347684242639322,0.11918636920731532,0.0,0.0,0.19767441860465115,0.6662392215162388,0.19756838905775076,0.6628899215870228,0.0,0.0,0.2015267175572519,0.22182016513479588,0.4916374951380786,0.6424822119483443,0.20622795381236614,0.3268363561960569,0.23990208078335373,0.008112400595327604,0.4018324607329843,0.6468091223253462,0.46875,0.7244688526212797,0.24819277108433735,0.2661544883092629,0.34262406526172673,0.04392267861374278,0.6106922549691569,0.6949158222088482,0.3929176512885001,0.3661974452447929,0.33223322332233224,0.7393546459641419,0.4262526464361327,0.7649080879222333,0.4381948986265533,0.7646647799594767,0.2222222222222222,0.6260820703691012,0.3595505617977528,0.24080014216958773,0.6525479814692257,0.6870725698013871,0.4083035887377183,0.5775659884055067,0.3741794310722101,0.6274175224109938,0.544798556825015,0.7079138501591402,0.5543661971830985,0.7113982193177436,0.38210399032648124,0.68431244107406,0.3484848484848485,0.4464042570141912,0.6856240126382307,0.7706631189447988,0.47683189495241707,0.6459057535822523,0.5009784735812133,0.3855891097643068,0.5997666277712952,0.7701709211665809,0.6035049288061336,0.7736133534006016,0.4300578034682081,0.6860555702666588,0.4478178368121442,0.31933428743452485,0.6890482398956975,0.6528530371276967,0.5337518058905659,0.5753418390681775,0.3331057300080346,0.4120908579602816,0.9178082191780822,0.9889470819844237,0.49336650082918737,0.9357142857142857,0.966832720012459,0.4116684841875682,0.9322344322344323,0.9664895078495418,0.4361493123772102,0.9139072847682119,0.9430889162350738,0.5887681159420289,0.9382957884427032,0.9044458011762557,0.5104384133611691,0.9562289562289562,0.9938098567243906,0.3172215108834827,0.9342544187872013,0.9538585860211322,0.9953493418197599,0.9381165919282511,1.0,1.0
c17_d8_s0,c17,8,0,5000,0,69.39338898658752,0.750872015953064,0.000999577995557936,0.0,0.0,0.0,0.0,0.0,0.0,0.656282450674974,0.9413792969097665,0.0,0.0,0.6729426055268752,0.7401461882146538,0.3323062640504623,0.4203813712811051,0.0,0.0,0.3640483383685801,0.744484665023354,0.37186629526462395,0.7443238225057889,0.6032786885245902,0.9085659854662133,0.0,0.0,0.6556603773584906,0.6588940634419104,0.3760609859402039,0.5159323861877928,0.33849557522123896,0.04140051942648177,0.4893479664299548,0.678697885356815,0.4864539434075858,0.6788724722164814,0.5585585585585585,0.8905143560516792,0.2796486090775988,0.39395397395102005,0.5969387755102041,0.7382553771342862,0.4683112762081554,0.6222618332008946,0.5534290271132376,0.5053995531402361,0.5814360770577933,0.49348496899925903,0.618639798488665,0.7206455659506277,0.4791418355184744,0.7885073349953123,0.3389121338912134,0.46052826989499573,0.7241867043847242,0.796944473192092,0.5316855770035777,0.6547891935281103,0.3761755485893417,0.6202986645053433,0.5050369375419744,0.5875730940545083,0.5526011560693641,0.8533368259475634,0.5931642778390298,0.8806777896919227,0.4400977995110024,0.5976569260430006,0.7441860465116279,0.7991437011215982,0.5638465011488051,0.741136986256415,0.5573440643863179,0.6493627166965393,0.6343612334801763,0.621589614751772,0.6794666666666667,0.8693578426634679,0.6536585365853659,0.8999092768478575,0.5118665811417575,0.5948736687257721,0.7451244115669132,0.7154892937578512,0.6335933793679392,0.7309272410088519,0.570334928229665,0.8600589972535881,0.6600920447074293,0.8355964731012367,0.6896551724137931,0.8731504471795327,0.6472361809045226,0.7271217425163835,0.5766871165644172,0.5237922922972049,0.7603640040444893,0.7923661515883659,0.6560786708242645,0.7248872063950184,0.5088403792204869,0.6300451739797411,0.9505882352941176,0.9985102144465118,0.5536303630363036,0.9591623036649215,0.9878237566332307,0.5873362445414847,0.9554617909048289,0.9819945844651331,0.6928361138370952,0.963855421686747,0.9989976886416054,0.8558333333333333,0.9494655004859086,0.9724047188581112,0.7410440122824974,0.9681177191906806,0.8896791688483741,0.5611146295123496,0.9591273544961564,0.9626311070490956,0.9359829307102561,0.24484304932735426,0.9386194438065203,0.27008240372218173
c17_d8_s0,c17,8,0,10000,0,137.1914279460907,0.04635994881391525,0.0009848581542776886,0.0,0.0,0.0,0.0,0.0,0.0,0.0,0.0,0.0,0.0,0.5823200788695366,0.5424585069198626,0.14558001971738416,0.13561462672996566,0.0,0.0,0.3055339049103663,0.6497485672922563,0.3225806451612903,0.6501761058951978,0.5191675794085433,0.9012000665639294,0.0,0.0,0.5459749552772809,0.6444092501368849,0.3186285128440941,0.4947293852741581,0.0,0.0,0.2590759075907591,0.6745363890635845,0.29154078549848944,0.6797183222826765,0.5170068027210885,0.863477299573897,0.0,0.0,0.6670926517571885,0.7440543389822122,0.3419095880436733,0.5147374689178824,0.0,0.0,0.3277693474962064,0.551918946908291,0.42424242424242425,0.8130852936304622,0.47324613555291317,0.7759867226439615,0.32363378282469835,0.4670384222993067,0.7121019108280254,0.7998531909978556,0.43991310494629515,0.6244699373635104,0.3821656050955414,0.6213975466881808,0.4227174694464414,0.5927417655082082,0.526790750141004,0.7650952320054348,0.5858369098712446,0.8912595232012782,0.378191856452726,0.5643161527671964,0.7371601208459214,0.7006273156942835,0.5362700405160552,0.7039869599325081,0.5661116552399609,0.5640740970956786,0.5915136162127929,0.5729570699435578,0.6116343490304709,0.8302044626294535,0.5998013902681232,0.8841592933345095,0.5043370508054523,0.4913179818127587,0.7195165303945965,0.8047946329756074,0.6033520445739784,0.7090042795031097,0.571992110453649,0.8562696897435574,0.6261682242990654,0.8267055241868957,0.6316342616920652,0.8688456093275886,0.5874587458745875,0.8877378518779272,0.5615650172612198,0.5303167981142338,0.757114493712773,0.8092155524713766,0.62901744724921,0.7694692858873879,0.43066725112724147,0.5645731348012174,0.9478599221789883,0.9818983549372177,0.5697865353037767,0.9533195020746889,0.9286423753181376,0.5946681175190425,0.9492314857941313,0.9291284645460863,0.6987242394504416,0.9452495974235104,0.998540688613546,0.7759795570698467,0.9494163424124513,0.9018539818118128,0.6547131147540983,0.9671274961597542,0.9936529867637981,0.4571156289707751,0.952982601502913,0.9601510138640761,0.9590264718646029,0.3576233183856502,0.9617004424882778,0.3875217220696227
c17_d8_s0,c17,8,0,15000,0,205.1365761756897,0.027242839336395264,0.0009497125223605969,0.0,0.0,0.0,0.0,0.0,0.0,0.0,0.0,0.0,0.0,0.5681124007330483,0.6302585570078406,0.14202810018326206,0.15756463925196015,0.0,0.0,0.0,0.0,0.2952836637047163,0.43112166227927,0.5142857142857142,0.8488855911605296,0.0,0.0,0.538135593220339,0.614463682918716,0.2877122988519063,0.40176412370975056,0.0,0.0,0.23019182652210174,0.45142892738054974,0.23646071700991608,0.4525522593168248,0.5159090909090909,0.7978842825189205,0.0,0.0,0.6264274061990212,0.5725111332257726,0.3244718362380295,0.41793061949428784,0.0,0.0,0.2996894409937888,0.5079809315763212,0.4728898826159866,0.7248521803317223,0.44282238442822386,0.8320894946770783,0.1763265306122449,0.025569061722403447,0.7018794556059624,0.7057614961938411,0.3946387029624224,0.49359110580733434,0.2553191489361702,0.008341496943695001,0.4298941798941799,0.48240685055677496,0.49443207126948774,0.7479329366650013,0.5094549499443827,0.8599506426750073,0.28823529411764703,0.03411497809427372,0.7213225371120108,0.6950934530781911,0.4780569786351633,0.5005132088089906,0.4546402502606882,0.5577978052492258,0.5687732342007435,0.5185988161229703,0.5877144438295517,0.7928462038551136,0.5147679324894515,0.8763292764392244,0.35437589670014347,0.40479036328476325,0.7219140083217753,0.8400470436181544,0.5320251200687578,0.6860619062711447,0.4675876726886291,0.42034924937017254,0.5710738671632526,0.44122574476261,0.6096537250786989,0.8229972237239814,0.5753138075313807,0.861187853745726,0.44778067885117495,0.3702396253713964,0.7599460552933244,0.7912196403911375,0.5831197408298517,0.6460427980317953,0.39172182539562755,0.4719240573393234,0.9329221279876638,0.9817744821257606,0.5305785123966942,0.9452479338842975,0.9584322192517996,0.5098360655737705,0.9423791821561338,0.9559612034692984,0.616370808678501,0.9408945686900958,0.9986190787805767,0.7385398981324278,0.9496824621397166,0.9079014464796574,0.6198559670781894,0.9625766871165644,0.9935413476119531,0.40854047163798596,0.9483341998222687,0.9663627936219517,0.9722841024157385,0.554932735426009,0.9752843082119821,0.5841695162284881
c17_d8_s0,c17,8,0,20000,0,272.7286148071289,0.018198540434241295,0.000895637119646979,0.0,0.0,0.0,0.0,0.0,0.0,0.0,0.0,0.0,0.0,0.5610278372591007,0.6305596648162064,0.14025695931477516,0.1576399162040516,0.0,0.0,0.0,0.0,0.0,0.0,0.49726177437020813,0.6543684712093101,0.19477434679334918,0.026955801226541454,0.5613577023498695,0.38163340716944866,0.3133484558783567,0.26573941990132505,0.0,0.0,0.0,0.0,0.24510514865844815,0.42930803903726983,0.48368953880764903,0.7988791352807678,0.0,0.0,0.641566265060241,0.690308468020143,0.3017393800218432,0.4080725707450002,0.0,0.0,0.2995319812792512,0.5351193293009981,0.3170731707317073,0.54156148188296,0.42066420664206644,0.7753200028669793,0.18048780487804877,0.026049366157860045,0.6878767582049564,0.7362184864182306,0.3736409550988478,0.47412036479276404,0.4828828828828829,0.6386743750287791,0.5450319581638582,0.8352381412400434,0.5499181669394435,0.8346465374526353,0.37452229299363055,0.7748673697195703,0.24828636709824828,0.2322789158156183,0.718554551772064,0.7080997786390323,0.46682688696483443,0.62119143718701,0.45845845845845845,0.05690145242904115,0.5811111111111111,0.47755110538723716,0.6278625954198473,0.7117238483742343,0.503735325506937,0.8377599583110994,0.4221105527638191,0.5058755484283471,0.7112375533428165,0.708344796117023,0.5482235383191778,0.6168431095633268,0.5010615711252654,0.4569784704542807,0.5865724381625441,0.6112306972147974,0.6105487480021311,0.8390860105068159,0.5726315789473684,0.8814355706284541,0.4007989347536618,0.387211295185222,0.7507650459027542,0.6923000505717506,0.5725641196751079,0.6491779939443478,0.3880857564675632,0.45611211604826074,0.9333333333333333,0.9797540441383635,0.5672757475083057,0.9456802897051215,0.9849739302829403,0.5016411378555798,0.9446254071661238,0.9836344273546058,0.6093596059113301,0.9371519490851233,0.9966061299209147,0.702037351443124,0.9464980544747081,0.9002643115347944,0.5940390544707091,0.9637814610190301,0.9932935589014191,0.39904458598726117,0.9471611186617637,0.9682378669039413,0.9791913785621293,0.6531390134529148,0.9833438515467199,0.7030663153764224
c17_d8_s0,c17,8,0,25000,0,340.13161039352417,0.012565351091325283,0.0008249337364567146,0.0,0.0,0.0,0.0,0.0,0.0,0.0,0.0,0.0,0.0,0.563948239542582,0.6237424302671759,0.1409870598856455,0.15593560756679398,0.0,0.0,0.0,0.0,0.0,0.0,0.47150837988826816,0.7945099389169239,0.19554848966613672,0.026959123708949366,0.5547588005215124,0.4027872680268329,0.3054539175189793,0.30606408266317653,0.0,0.0,0.0,0.0,0.34600262123197906,0.5110488503194712,0.43914081145584727,0.7860280194464456,0.1888,0.026505767770508924,0.609469335875437,0.5873524286835543,0.33818608860215266,0.39255895816841646,0.0,0.0,0.31765612952968386,0.6812781074787565,0.3321504613200852,0.6814462973000718,0.39348370927318294,0.7147074569130543,0.20133111480865223,0.02747027371219609,0.6932270916334662,0.7395871610553102,0.3761610281663061,0.4840015899850425,0.4734607218683652,0.057472430600095305,0.5986696230598669,0.868090764007902,0.5981210855949896,0.871448522845965,0.362002567394095,0.7834186388835839,0.195,0.027326937139106548,0.6969591052079692,0.7056579828596844,0.45267803736078455,0.5288518661750906,0.2962056303549572,0.4651805046779263,0.5186544342507645,0.7328591819649399,0.5426695842450766,0.778550943234623,0.5022421524663677,0.8566717297951105,0.22151394422310758,0.04308354553867293,0.7077028885832187,0.7825336475679405,0.47099221705574,0.5852881165485551,0.5545361875637105,0.49169419632668404,0.5705003248862898,0.516054847838439,0.5986547085201793,0.7833767812592363,0.5514223194748359,0.8958947003598647,0.4700801974090068,0.47337308233839875,0.7488958990536277,0.7548198229701473,0.5862405390652159,0.6802823868691326,0.3815284125221177,0.447568943996601,0.9332298136645962,0.9798026008107459,0.5682196339434277,0.9439834024896265,0.9850112162876035,0.4945054945054945,0.9404651162790698,0.9756342124117146,0.5979228486646885,0.9373996789727127,0.9983137182296505,0.7037671232876712,0.9415204678362573,0.9612359977243506,0.5967908902691511,0.9581679389312977,0.9935219181439133,0.39451880178457616,0.9440785491378413,0.9833052443169839,0.9816577462751338,0.6791479820627803,0.9860544765094239,0.7272829194461573
c17_d8_s0,c17,8,0,30000,0,407.39999413490295,0.010788993909955025,0.0007406119548704389,0.0,0.0,0.0,0.0,0.0,0.0,0.0,0.0,0.0,0.0,0.5650736399158401,0.623642210849284,0.14126840997896004,0.155910552712321,0.0,0.0,0.0,0.0,0.0,0.0,0.47163515016685204,0.8446651309320414,0.2007905138339921,0.026977262627669595,0.547783251231527,0.40221084247991024,0.3050522288080928,0.3184633090099053,0.0,0.0,0.3182145428365731,0.5128421031612725,0.3331112591605596,0.5137820624454198,0.44212962962962965,0.8494955895638231,0.19184652278177458,0.026508669555170745,0.554016620498615,0.5878049469349552,0.3512753433939325,0.451504315314045,0.0,0.0,0.324812030075188,0.5037138628330868,0.332871012482663,0.5046896290573546,0.40099626400996263,0.7723695381338322,0.19218241042345277,0.026720304725321418,0.6943521594684385,0.7386577827816883,0.3766896286886177,0.46847053073441397,0.25838509316770186,0.008252545794890546,0.4904076738609113,0.8634048696492249,0.49775280898876406,0.8668021086190975,0.4180790960451977,0.7325327540702686,0.2,0.027483652836795644,0.6865979381443299,0.6994626675612489,0.43004805654883,0.509741395622346,0.4212860310421286,0.5933921382191032,0.5050100200400801,0.7384759369764272,0.5674778761061947,0.8001539159989126,0.5588235294117647,0.8854853534988651,0.29459659511472985,0.24129335799596752,0.7005730659025788,0.8118080519279197,0.512979458206302,0.6623151901218917,0.36272040302267,0.3535222127188324,0.5208747514910537,0.7071473092114737,0.5897714907508161,0.7566248915275468,0.511727078891258,0.8859573253031032,0.35422740524781343,0.22768683930917855,0.7212328767123287,0.7247068079282056,0.519577393984895,0.6110289442566096,0.37669864565851857,0.45391917682450467,0.9330218068535826,0.9797035662464584,0.5659432387312187,0.9433766233766234,0.9849261102537714,0.4994493392070485,0.9407925407925408,0.9756768760004281,0.6000991080277502,0.9305666400638468,0.9977755200424044,0.7161234991423671,0.9406614785992218,0.9629050771403345,0.5713547052740434,0.9599510852950168,0.9935410158951219,0.4009554140127389,0.942560715241417,0.9835809493111867,0.9847605959785911,0.7419282511210762,0.989642121556792,0.8011099276865296
c17_d8_s0,c17,8,0,35000,0,474.83678364753723,0.007125858683139086,0.0006462610419276992,0.0,0.0,0.0,0.0,0.0,0.0,0.0,0.0,0.0,0.0,0.56004828002414,0.6221886220138895,0.140012070006035,0.15554715550347237,0.0,0.0,0.0,0.0,0.0,0.0,0.4688888888888889,0.844260103349363,0.1998413957176844,0.026956989123899516,0.555045871559633,0.40246731479474757,0.3059440390415516,0.3184211018170025,0.0,0.0,0.21140939597315436,0.2154658622733874,0.2116564417177914,0.21414580932318641,0.4431554524361949,0.7944294135782014,0.19184652278177458,0.02681631976824923,0.5398420674802584,0.2480338775524101,0.32896649714880244,0.303120875357763,0.0,0.0,0.3175097276264591,0.5230258343555877,0.3235504652827487,0.5240943403726721,0.40294840294840295,0.7720120008045142,0.2001654259718776,0.027277344298299075,0.6629026901361674,0.7249229135806223,0.369925812506546,0.46831307923154725,0.24341279799247176,0.008237958727135185,0.3807471264367816,0.5390101054387206,0.3816489361702128,0.5400434218730006,0.45146726862302483,0.8396201037495389,0.27798647633358375,0.24629775361352088,0.6891793754538853,0.7433074504467224,0.43847568515257895,0.5479139507890168,0.47470817120622566,0.5616955041827578,0.5193992490613266,0.5705638250250198,0.5944303797468354,0.7968674440797414,0.3591635916359164,0.6817758147078101,0.2933730454206999,0.2474705485432746,0.7267267267267268,0.7651412695540476,0.47719399094703474,0.5843574726419096,0.5549738219895288,0.5665718447798789,0.5807259073842302,0.542796818065038,0.6132177681473456,0.8265118857703821,0.5427027027027027,0.8793704101912253,0.4008097165991903,0.2526677211413178,0.7407161803713528,0.7356228886077208,0.5668002747117369,0.6282386340363408,0.375331195644898,0.42941603848243604,0.9309542280837859,0.9797973317275414,0.5575,0.9415416451112261,0.98500538107643,0.4857142857142857,0.9391546679052485,0.9771449938881238,0.5781404549950544,0.9304556354916067,0.9979272867881864,0.6890034364261168,0.9409468033186921,0.9001877691784955,0.571058091286307,0.9581423770241368,0.9935172054901797,0.421875,0.941690415716964,0.9680703742552234,0.9890279184145813,0.8228699551569507,0.9946890556934878,0.8939402432871798
c17_d8_s0,c17,8,0,40000,0,541.9990153312683,0.005638342350721359,0.0005458971677758271,0.0,0.0,0.0,0.0,0.0,0.0,0.0,0.0,0.0,0.0,0.5530879221174323,0.6265512724625807,0.13827198052935807,0.15663781811564517,0.0,0.0,0.0,0.0,0.0,0.0,0.35728952772073924,0.30842595552546204,0.20047732696897375,0.02711205140090689,0.5376344086021505,0.24765900827172857,0.2738503158229659,0.14579925379952438,0.0,0.0,0.21043771043771045,0.2077961101122388,0.3649258542875564,0.5043546605577363,0.4331360946745562,0.8501219859048034,0.192,0.026640587427282023,0.6254567600487211,0.6981639111508432,0.36059517740792485,0.45307751867656343,0.0,0.0,0.31603053435114503,0.5091644130906487,0.32770745428973275,0.5102051790515684,0.42634730538922155,0.8401912208323251,0.20033112582781457,0.027254106961497857,0.6762928139691068,0.6988343638311479,0.37938764368327554,0.47651738891809414,0.0,0.0,0.4043272481406356,0.8108803454657014,0.41483343808925205,0.8147120895611045,0.43163841807909603,0.7472537670252363,0.2023217247097844,0.027487778768463388,0.7065703474372205,0.702999396525147,0.4033960130756825,0.5049012718319456,0.47410817031070196,0.060109815414859796,0.5205664194200944,0.5065858668986165,0.5397590361445783,0.7822387828921161,0.5131995776135164,0.8810804094443847,0.34982078853046594,0.3049487694878347,0.7223353699932111,0.745732772681427,0.5242084028572462,0.5953516933372109,0.44394110985277463,0.47905476248592366,0.532013201320132,0.6541163085766015,0.5609616485403549,0.8279266623495659,0.4654970760233918,0.884738435104659,0.3869625520110957,0.47766348298382255,0.7387446598751233,0.769438111093457,0.5258774019535077,0.6963848184131589,0.37222670504713734,0.4326671090131632,0.932295719844358,0.9797302733392859,0.5534223706176962,0.9418483904465212,0.9849459868905596,0.4796030871003308,0.9388707419505367,0.9779898931309456,0.5695825049701789,0.9317269076305221,0.9966620500451159,0.6956896551724138,0.9420360448124696,0.9704076254094506,0.5754912099276112,0.9606106870229008,0.9935194119937658,0.41099809281627464,0.9430113142199245,0.9853694513088157,0.9897294951540576,0.8360986547085202,0.9959819822100544,0.9165872526486911
c17_d8_s0,c17,8,0,45000,0,609.1628642082214,0.004423017147928476,0.00044379245212906274,0.0,0.0,0.0,0.0,0.0,0.0,0.0,0.0,0.0,0.0,0.5532948679016094,0.6278179139929317,0.13832371697540236,0.15695447849823294,0.0,0.0,0.0,0.0,0.0,0.0,0.4205128205128205,0.45530343285326574,0.19825535289452814,0.02695410642494091,0.5385385385385385,0.2975191677914853,0.28932667798647177,0.19494417676742298,0.0,0.0,0.20753138075313807,0.2118566266652937,0.20964039785768937,0.21056627413039142,0.4457274826789838,0.8494369195707451,0.19154030327214686,0.02664232145739613,0.5342465753424658,0.24753683468930462,0.3276429052076347,0.3161059273290019,0.0,0.0,0.31981279251170047,0.5146016485352926,0.32568149210903874,0.5155831993670219,0.4019607843137255,0.7717916693535405,0.2001654259718776,0.02705206114790119,0.6642311524410495,0.7226186809596487,0.37038053106672475,0.4662143401904655,0.253416149068323,0.008271002373767138,0.5060827250608273,0.519187492575575,0.5034168564920274,0.5202735062071077,0.3232588699080158,0.71145496899088,0.2024896265560166,0.027279045963461056,0.7011732229123534,0.7410619549122337,0.4119734073958613,0.4572599925630145,0.4730127576054956,0.5917555755105514,0.5415676959619953,0.7485400716724587,0.5620010643959553,0.7927732045332436,0.4946695095948827,0.8672916665176033,0.3612273361227336,0.2569466357228667,0.7172995780590717,0.7915430137508946,0.5246808991077926,0.6567010666408623,0.4927536231884058,0.3687106188832781,0.5665024630541872,0.6116683412327953,0.6045769026077701,0.7547388550497652,0.4898828541001065,0.8512181842888047,0.388283378746594,0.22444002625595214,0.7362126245847176,0.7065220430300713,0.5422474634287181,0.5901382146575269,0.3720822287383722,0.40547402809236094,0.9329173166926678,0.9797840322076656,0.5660535117056856,0.9459459459459459,0.9850421553869304,0.48956043956043954,0.9417249417249417,0.9759934650827742,0.5742574257425742,0.9336530775379697,0.9966291335887363,0.6926369863013698,0.943579766536965,0.8954438690613561,0.5979381443298969,0.9617853867318863,0.9935588899239659,0.42116973935155755,0.9448035747320016,0.9664762775332953,0.9900838998987415,0.8396860986547086,0.9963924637754539,0.9247715679129996
c17_d8_s0,c17,8,0,50000,0,676.1744434833527,0.0026017511263489723,0.00034429311589923944,0.0,0.0,0.0,0.0,0.0,0.0,0.0,0.0,0.0,0.0,0.5600728155339806,0.6256627141842236,0.14001820388349515,0.1564156785460559,0.0,0.0,0.0,0.0,0.0,0.0,0.4662983425414365,0.8432569814044921,0.0,0.0,0.4824233358264772,0.23490382739040852,0.23718041959197841,0.26954020219872515,0.0,0.0,0.21362489486963834,0.21859019673778446,0.21368178324365872,0.21724568388214585,0.4307334109429569,0.848655430094896,0.19457735247208932,0.02665259171090034,0.5925457991156032,0.5867690414781429,0.34007303047543713,0.4018389225393123,0.0,0.0,0.3265940902021773,0.513202943606896,0.3319027181688126,0.5141946504713306,0.3761118170266836,0.771987931951522,0.19773095623987033,0.026871868393080374,0.702576112412178,0.7401353315145233,0.37397945545059885,0.47036524913796696,0.2555831265508685,0.00836212905979884,0.3633782824698368,0.5721099279224615,0.47559591373439275,0.7859995405478702,0.36153846153846153,0.7131144949836693,0.1991701244813278,0.027249945024382917,0.7024764562260203,0.7385587783789006,0.40700937079104393,0.4836034377242491,0.43962848297213625,0.3450402583610446,0.4790187217559716,0.38561241329413315,0.5328269126424309,0.70661290952265,0.5553359683794467,0.8765977470515168,0.41803778184034124,0.265143269881529,0.7363877822045153,0.6835364191611061,0.5483965595536207,0.576091490788357,0.4833164812942366,0.31548803581379237,0.5502776064157927,0.36282574359216285,0.5436128306133934,0.43578615624930134,0.46206896551724136,0.8453246147815439,0.4422724496029322,0.2593083245155516,0.7351421188630491,0.7337660427248183,0.5413047933560908,0.5524414068100831,0.36970883330032356,0.41575662682067854,0.935408560311284,0.9797762603747229,0.5574043261231281,0.9450777202072539,0.9850301448461267,0.4862938596491228,0.9413407821229051,0.9780067777064639,0.5702274975272008,0.9304556354916067,0.9968002049625657,0.697594501718213,0.944093339815265,0.889063497794272,0.564366632337796,0.9612213740458015,0.9935931654552221,0.4135959339263024,0.9440948425582886,0.9650986489636244,0.990828873137567,0.8502242152466367,0.9974937116755785,0.9448960143505802
c17_d8_s0,c17,8,0,55000,0,743.5467765331268,0.0018353582127019763,0.00025163447861196694,0.0,0.0,0.0,0.0,0.0,0.0,0.0,0.0,0.0,0.0,0.5520610687022901,0.6278041440892388,0.13801526717557253,0.1569510360223097,0.0,0.0,0.0,0.0,0.0,0.0,0.0,0.0,0.1987281399046105,0.026889214897043576,0.46762048192771083,0.37257599489380777,0.16658715545808034,0.09986630244771284,0.0,0.0,0.21362489486963834,0.21859626477760835,0.21368178324365872,0.21725166334380744,0.43123543123543123,0.8488113722874882,0.1944223107569721,0.026649780266239872,0.5982851698952049,0.5885798029235387,0.3415946178146768,0.40233089954610135,0.0,0.0,0.3163664839467502,0.5262474388482445,0.31965442764578833,0.5271581768900819,0.37578814627994955,0.7707706715778806,0.1938610662358643,0.026647905800581705,0.694,0.7388046159668136,0.368914045761665,0.47183959964784616,0.0,0.0,0.15342465753424658,0.09974113689397558,0.325191905094208,0.5157662543428626,0.34670116429495473,0.7126341031305033,0.35356200527704484,0.24092463177394643,0.7168234064785789,0.739722894238036,0.3941563575650158,0.4746126898886913,0.41881298992161253,0.3405789681348958,0.47147766323024054,0.34764964352368016,0.5335608646188851,0.6766594066673884,0.41904761904761906,0.8235080798361489,0.3217197924388436,0.23904432258930947,0.7232876712328767,0.742370826149376,0.4846680638273964,0.564971475337539,0.5434343434343434,0.6418678200526238,0.5419029615626969,0.6116398003316523,0.6019926586261143,0.8408619067438233,0.5236593059936908,0.8687234002239297,0.42483660130718953,0.42034111348329206,0.732640053673264,0.7428960581816996,0.5608948205454657,0.6825209368995719,0.35069004687826755,0.40758470568425315,0.9359375,0.9797818826293438,0.5609348914858097,0.9464935064935065,0.9696594341660149,0.486827661909989,0.9421641791044776,0.9605922685107519,0.5648514851485148,0.9288569144684252,0.9703052388093635,0.6876075731497419,0.9445525291828794,0.8953115087694826,0.5607621009268795,0.9618320610687023,0.9935980974358739,0.4111111111111111,0.9441933083131671,0.9573065100291892,0.9911037176334442,0.861659192825112,0.9981971360321441,0.9592465945400527
c17_d8_s0,c17,8,0,60000,0,810.7539665699005,0.0010498998453840613,0.00016976067648552838,0.0,0.0,0.0,0.0,0.0,0.0,0.0,0.0,0.0,0.0,0.5543345543345544,0.6558009939413141,0.1385836385836386,0.16395024848532852,0.0,0.0,0.0,0.0,0.0,0.0,0.3367139959432049,0.3052613605940652,0.19682539682539682,0.02694849232480639,0.5337381916329285,0.24706573083310437,0.2668193961003825,0.144818895937994,0.0,0.0,0.21326616288832914,0.21848802864370515,0.21335379892555642,0.21714500005435527,0.4385150812064965,0.7937069110406342,0.19169329073482427,0.026596334470650348,0.5941845764854614,0.5845418066310581,0.34164990059118605,0.38751401542709074,0.0,0.0,0.32018561484918795,0.5070463305238425,0.3302491103202847,0.5080236629148609,0.41978287092882993,0.8398112496669263,0.19636963696369636,0.027042924855849252,0.6738111185532485,0.6836360193418092,0.37669380037556643,0.4722117145860381,0.22835633626097868,0.034991135917769485,0.4747225647348952,0.5564946241646631,0.47750865051903113,0.5574151397994084,0.3076923076923077,0.7111684410097526,0.2783123612139156,0.24561725902940126,0.7055414704817096,0.7416242920788415,0.42126883080655864,0.5203442396863189,0.42905788876276957,0.06877978103908099,0.48517520215633425,0.38011356030115623,0.5425831923293852,0.7010259897964949,0.5154440154440154,0.866409099361061,0.3628808864265928,0.20777840153677693,0.7049645390070922,0.7860601832859677,0.5172237171567992,0.5608885319740124,0.4942408376963351,0.5636764280438176,0.5118971061093247,0.6297424007367308,0.5745140388768899,0.8256965615459863,0.49631966351209256,0.8655354969390437,0.42857142857142855,0.532705610666821,0.7268206039076377,0.8089018214595798,0.5446489225546689,0.7200453481269057,0.3724126008812571,0.42425328488909836,0.9313572542901716,0.9797757920604999,0.5695142378559463,0.9434353918007266,0.9696556544777993,0.48734873487348734,0.9394221808014911,0.960644866809763,0.5625,0.9312,0.9707004813809194,0.679553264604811,0.9439297903461726,0.8951476310054436,0.5692148760330579,0.9627139364303179,0.9936044902727382,0.4095238095238095,0.943978833935155,0.9573695101104472,0.9913207001301895,0.8632286995515696,0.9987703635926359,0.9704019283592129
c17_d8_s0,c17,8,0,65000,0,878.0812056064606,0.000655778800137341,0.00010215677510851301,0.0,0.0,0.0,0.0,0.0,0.0,0.0,0.0,0.0,0.0,0.5510266625804474,0.5640954185150535,0.13775666564511185,0.14102385462876338,0.0,0.0,0.0,0.0,0.0,0.0,0.33669354838709675,0.3061691822059517,0.0,0.0,0.47935103244837757,0.2517641569856489,0.2040111452088686,0.13948333479790015,0.0,0.0,0.2151793160967473,0.3788147745624114,0.2227307398932113,0.37618033623489655,0.45813953488372094,0.7953501631921963,0.19617224880382775,0.02659918126469945,0.6154842889536767,0.5587068118378936,0.3539415228261362,0.40808029830680637,0.0,0.0,0.3340857787810384,0.5055809045657338,0.3428174878556558,0.5065466555274855,0.39195979899497485,0.7720894572341286,0.2001654259718776,0.027279146073806503,0.7113643982567884,0.7634269925350754,0.382281011358968,0.4750428623018542,0.2465753424657534,0.008254378428194311,0.5678745267712277,0.7463323730712005,0.565017848036716,0.7461928669628541,0.36153846153846153,0.7715644567253168,0.28785607196401797,0.24782155112194523,0.7072087461564742,0.7403010952262639,0.45410646302087987,0.564986743973569,0.41102181400688864,0.15742567360534343,0.5157962604771116,0.6558436953089022,0.5461801596351197,0.8204818600393213,0.48370136698212407,0.8734730338151507,0.30518518518518517,0.24675910830107733,0.7074204946996466,0.800512913506787,0.496826614559999,0.6163321996518843,0.48519362186788156,0.3498319962397197,0.535048231511254,0.3784168329922628,0.5562608193883439,0.4930111964424893,0.49369747899159666,0.8623383471221108,0.43433696348494555,0.2592100469557851,0.7275758586195399,0.7446725233831081,0.5452777980046438,0.568326898171457,0.367743031517801,0.4161823131188907,0.9330218068535826,0.9797788771578,0.5609348914858097,0.9440993788819876,0.9696547586900727,0.4857456140350877,0.9422718808193669,0.9643108874707248,0.575592885375494,0.9306772908366534,0.6779349566100114,0.675513698630137,0.945985401459854,0.8953114068349077,0.602366255144033,0.9624197983501375,0.9936044712477358,0.413968253968254,0.9447200448745727,0.8845247522830468,0.991356863879647,0.8641255605381166,0.9992586015779128,0.9815012052245081
c17_d8_s0,c17,8,0,70000,0,945.3588554859161,0.00036734261084347963,5.170042305988327e-05,0.0,0.0,0.0,0.0,0.0,0.0,0.0,0.0,0.0,0.0,0.5504756060141147,0.5641081363815872,0.13761890150352868,0.1410270340953968,0.0,0.0,0.0,0.0,0.0,0.0,0.47163515016685204,0.8421512117960601,0.19682539682539682,0.02672255188925712,0.5488647581441264,0.40179858969496507,0.3043313262840938,0.31766808834507054,0.0,0.0,0.2112321877619447,0.37908616814803975,0.36503856041131105,0.5112156645228922,0.44208037825059104,0.7951738210396877,0.188951160928743,0.026177959496684007,0.6053222186598268,0.5851315894585398,0.35711100180756156,0.42581266188797223,0.0,0.0,0.3282442748091603,0.5054884038997443,0.3361462728551336,0.5064545918356359,0.3879093198992443,0.7720655817342014,0.2049586776859504,0.02726633039936328,0.7155405405405405,0.7441193546603133,0.3824680135034583,0.4701913996764179,0.3925233644859813,0.04224064852101599,0.4308093994778068,0.554381822090132,0.47936687394007915,0.5601294439034286,0.4073226544622426,0.679273717726452,0.293644996347699,0.03391961516570586,0.7050461975835111,0.7379668979757049,0.46006176525701875,0.4591860505931804,0.34549356223175964,0.5780084735588681,0.5409373235460192,0.7929379758527872,0.5395645246946362,0.7925868118598579,0.4899328859060403,0.8429936082535324,0.36462585034013606,0.25133597732668767,0.7057132590729429,0.8115829758490252,0.508900949702481,0.6567725787966041,0.4544456641053787,0.3427467265444324,0.5128205128205128,0.5948173545051697,0.5640473627556513,0.686720221520914,0.5015608740894901,0.8503965984407067,0.4115015974440895,0.26025150388320556,0.7284991568296796,0.7416910873279896,0.5379998687309434,0.5984418226271851,0.3840702609698693,0.43844280514597533,0.9324009324009324,0.9797783572495081,0.5575,0.9441571871768356,0.9696550724751742,0.4824753559693319,0.9419414770088249,0.9623560195755756,0.5724852071005917,0.9329073482428115,0.8665746475922144,0.6815068493150684,0.9454722492697176,0.895309477058266,0.601956745623069,0.963392312385601,0.9935817882072678,0.415769474350855,0.9453179438567486,0.9315155989894586,0.9915738463763923,0.8670403587443947,0.9995768604127601,0.9893491787656259
c17_d8_s0,c17,8,0,75000,0,1012.6611542701721,0.00021827348973602057,2.053936102937605e-05,0.0,0.0,0.0,0.0,0.0,0.0,0.0,0.0,0.0,0.0,0.5514705882352942,0.5630985055919167,0.13786764705882354,0.14077462639797916,0.0,0.0,0.0,0.0,0.0,0.0,0.4641638225255973,0.8493640544884244,0.0,0.0,0.5686821705426357,0.7117341946185822,0.25821149826705825,0.39027456227675167,0.0,0.0,0.0,0.0,0.0,0.0,0.4215568862275449,0.7909058254444926,0.19169329073482427,0.025398368071919038,0.5954531298660853,0.5755599150630271,0.3021758267071136,0.3479660271448597,0.0,0.0,0.3265940902021773,0.5150437171159487,0.3319027181688126,0.5160181991586319,0.38179519595448796,0.7718674330276691,0.1981981981981982,0.026933691953752482,0.7081371889710827,0.7430668681792454,0.37690737981185807,0.47138882464638177,0.21265822784810126,0.03400098213385695,0.4244459368703828,0.5600817159994725,0.42848219862585885,0.5610665896740437,0.32941176470588235,0.691081125743058,0.29831006612784716,0.03399532372464147,0.7070200573065902,0.8054501505952876,0.42248433564710847,0.4788940906663612,0.4757630161579892,0.48733566988203236,0.5402898550724637,0.7015609695862773,0.5573598742797276,0.7513730488134439,0.40384615384615385,0.8272611249336549,0.393107849393746,0.3883432280494654,0.719632768361582,0.8115887183477233,0.5102644216928854,0.668487408522857,0.5470588235294118,0.670358544088396,0.5952662721893491,0.7865505920254144,0.5986984815618221,0.830865958666694,0.526,0.8609613476646972,0.39920424403183025,0.38907681255887827,0.7338080705323838,0.8475346894980581,0.5598383767477688,0.7150411369954504,0.36682135513323083,0.45897523952152014,0.9324009324009324,0.9811057712526972,0.5566666666666666,0.9431230610134437,0.9696369708139483,0.4819078947368421,0.9414498141263941,0.9623385563262098,0.5646594274432379,0.9329073482428115,0.9707104153450138,0.6806506849315068,0.9426627793974732,0.8822546540330993,0.5974226804123711,0.9633699633699634,0.9935787858093228,0.4157160963244613,0.9444828400476263,0.9543927386629303,0.991725734124114,0.8683856502242152,0.9997848136287113,0.9943943046134873
c17_d8_s0,c17,8,0,80000,0,1079.9229564666748,0.0001660959969740361,1.0000000422909809e-05,0.0,0.0,0.0,0.0,0.0,0.0,0.0,0.0,0.0,0.0,0.5504137296965982,0.5630996182882361,0.13760343242414955,0.14077490457205902,0.0,0.0,0.0,0.0,0.0,0.0,0.0,0.0,0.0,0.0,0.5003412969283276,0.4296317111856625,0.1250853242320819,0.10740792779641563,0.0,0.0,0.2175732217573222,0.21869683818290658,0.21882172915072687,0.21735507231780843,0.42685851318944845,0.7824692161938732,0.192,0.02632081516171215,0.5788617886178862,0.4508048188347836,0.33579632136083776,0.35123637175598516,0.0,0.0,0.3282442748091603,0.5052885997725519,0.33473980309423346,0.5062492663788912,0.3858764186633039,0.7720357766413934,0.20347394540942929,0.02726343707919913,0.7151064548834065,0.7441013651209328,0.38136287789765105,0.4701449668896683,0.2552664188351921,0.008272894781437758,0.4287652645861601,0.5406458517161422,0.5164420485175202,0.7862556280907645,0.367816091954023,0.7148511085132134,0.19933554817275748,0.027457998816858446,0.6988210075026795,0.8439187768092253,0.4165326395689377,0.5078215022505197,0.3438202247191011,0.5548745405553676,0.4799474030243261,0.7455658236256225,0.5753138075313807,0.7959969878922911,0.477124183006536,0.8103165873531251,0.3873056994818653,0.05947174685470314,0.6984357948344853,0.8042788406728774,0.5073065389369557,0.5932199063929497,0.44493882091212456,0.4572331362135208,0.5508317929759704,0.8506447418994529,0.5860215053763441,0.8490141381435722,0.5289928789420142,0.8443119336495521,0.39601328903654487,0.47400232827923605,0.7434968719130721,0.7614040462135394,0.548941769911611,0.6996705783902941,0.35037555776174634,0.4100394511496988,0.9315707620528771,0.9418541626642457,0.5509181969949917,0.9425763062596999,0.9362378234470998,0.4769484083424808,0.9413953488372093,0.9293035749739894,0.5612648221343873,0.9336530775379697,0.9707152007587212,0.672945205479452,0.9436345966958212,0.8869187220084109,0.5983522142121525,0.9630759841318279,0.9935779383984167,0.41254752851711024,0.9447194493538869,0.9467525953818317,0.991740199623897,0.8686098654708521,0.9998625700485887,0.9963562979987668
c18_d8_s0,c18,8,0,5000,0,234.40413117408752,0.8713579773902893,0.00029987339866738077,0.0,0.0,0.0,0.0,0.39708356702187325,0.7788421004769136,0.0,0.0,0.0,0.0,0.5786380919460767,0.5563148650700104,0.17774982023834196,0.20398222464057875,0.0,0.0,0.0,0.0,0.3483217226092464,0.7162102552134053,0.5136017410228509,0.8851956145001892,0.0,0.0,0.5718380508778216,0.7221236505256328,0.3003867581926053,0.46151400419090594,0.0,0.0,0.0,0.0,0.20974889217134415,0.4131149100356073,0.42997542997543,0.8823804586375703,0.283476898981989,0.18884888490161306,0.6549210206561361,0.6080342159467446,0.3595724117510008,0.45424213237444927,0.2715736040609137,0.04973713203251952,0.49059052563270605,0.8867418337388682,0.4960677555958863,0.8899043448594661,0.5063829787234042,0.8758645199583232,0.4959349593495935,0.15605376825944192,0.703125,0.8079319711835875,0.5312133916257082,0.6121611740695759,0.2921646746347942,0.04826364827931904,0.5299145299145299,0.8686864357634391,0.5870646766169154,0.8739325317643837,0.4878587196467991,0.873923306724422,0.40581717451523547,0.053524033766597215,0.7224865207738662,0.8986254512913192,0.5214692604978285,0.6057584159295131,0.5386934673366834,0.5648017658235277,0.6214757048590281,0.8284822064357571,0.6250702641933671,0.8321819758854976,0.632016632016632,0.6124073827078633,0.526953361599031,0.7479183922092961,0.7174280879864636,0.6297564494850306,0.6178694734329548,0.6829760517792793,0.5914634146341463,0.3776286457749235,0.6530351437699681,0.7241392479435061,0.6377638334284085,0.7243298478686124,0.6375908618899273,0.37955003900797685,0.5998861696072851,0.7213651192878345,0.7817164179104478,0.784823111076324,0.661653561671292,0.623609379141954,0.452844953915676,0.5206061974466081,0.9463869463869464,0.9799543304378378,0.4860426929392447,0.9544041450777202,0.9852609609684131,0.509771986970684,0.9568044588945657,0.9853251409845358,0.5368932038834952,0.9234449760765551,0.2495456105757086,0.8618307426597582,0.9414634146341463,0.8745882038212135,0.8321243523316062,0.9681957186544342,0.919423386853152,0.5138976626658244,0.9464089898712199,0.7567676696784174,0.9412483726312744,0.24417040358744393,0.9434728910379397,0.271091428891754
c18_d8_s0,c18,8,0,10000,0,473.12249064445496,0.04832965135574341,0.0002954574462833066,0.0,0.0,0.0,0.0,0.0,0.0,0.0,0.0,0.0,0.0,0.611150317572336,0.6835461715153155,0.152787579393084,0.17088654287882887,0.0,0.0,0.265625,0.5618687341979032,0.28448275862068967,0.5639816746686239,0.42613065326633165,0.8051547439663987,0.28083209509658247,0.20706667725131267,0.6143560872624912,0.6416459041118313,0.37617202212474216,0.5072876987379296,0.0,0.0,0.0,0.0,0.392512077294686,0.7190337288176416,0.4777415852334419,0.8174024986530746,0.3448753462603878,0.039294140697855834,0.6633098355152736,0.6888645838699979,0.40419103152683294,0.4463097832067022,0.0,0.0,0.3353204172876304,0.7508469141901927,0.43341404358353514,0.7526611701735552,0.5178947368421053,0.8759071603918761,0.31670281995661603,0.03771893721733918,0.6898118105126542,0.8194687674315648,0.445163546900441,0.5585660566238406,0.4330117899249732,0.057048662553401894,0.5540229885057472,0.8359913569478354,0.5658747300215983,0.8394099633175024,0.5043668122270742,0.8605297238489181,0.3798177995795375,0.043871574526582253,0.7177677998717127,0.7780324497946899,0.529897228623941,0.5649792689441092,0.48478488982161594,0.4894954841770914,0.5671641791044776,0.7627808467523937,0.5626134301270418,0.7624659395964508,0.6295210166177908,0.5133755903769173,0.4691029900332226,0.3584963032225919,0.7564182842830307,0.7241498149368829,0.5983074476546056,0.5669006163445927,0.5307377049180327,0.5674183754238307,0.5880026367831246,0.808529351693831,0.5729411764705883,0.8042186835886302,0.6150907354345749,0.8620295439798513,0.5348399246704332,0.5935868483461031,0.7680973734785393,0.6931984744314159,0.6204804682435323,0.718884250914867,0.446714189209597,0.5048306025215529,0.9508196721311475,0.9800020590743193,0.46469622331691296,0.952776336274001,0.9852781625303486,0.5081699346405228,0.9530450953045095,0.9846248570951015,0.5263414634146342,0.918744971842317,0.4607209573759947,0.7679509632224168,0.936066373840898,0.7763691577522376,0.7168925964546402,0.9657701711491442,0.919323925690472,0.45379746835443036,0.9431988045172279,0.7849289334296569,0.9691957182120642,0.48654708520179374,0.9717852693174975,0.521385727899546
c18_d8_s0,c18,8,0,15000,0,711.591860294342,0.023633120581507683,0.000284913756708179,0.0,0.0,0.0,0.0,0.0,0.0,0.0,0.0,0.0,0.0,0.5987696514012304,0.6581647147737452,0.1496924128503076,0.1645411786934363,0.0,0.0,0.0,0.0,0.2971506105834464,0.6382215518742824,0.3708206686930091,0.7940098164211111,0.28011611030478956,0.2565570372080347,0.5875625446747677,0.6216715723001772,0.3343873818000954,0.47124473580518766,0.0,0.0,0.20133111480865223,0.5595591065833433,0.2191780821917808,0.5615521687610181,0.36561479869423286,0.5253390641841078,0.4194493263034564,0.054779351686236405,0.647562582345191,0.6271640642827854,0.39319910991908946,0.3952465596503125,0.193390452876377,0.6184811822745668,0.32223903177004537,0.7499230187269494,0.42717258261933905,0.7517670811344311,0.5107758620689655,0.8613076538628003,0.30879199428162973,0.20620019898291278,0.6837495945507622,0.7815599137050188,0.4543962016641528,0.6389478818156786,0.0,0.0,0.275750202757502,0.6149692207700046,0.4464500601684717,0.7968509619753517,0.4513172966781214,0.8103399165090523,0.36527777777777776,0.2881818131265288,0.7335930476475877,0.7110135572568261,0.44773038576970287,0.5700355036185482,0.42229367631296894,0.5608707742219523,0.5291828793774319,0.8280744147046178,0.5211608222490931,0.8272735013385631,0.598974358974359,0.8821006937367492,0.5233192004845548,0.7007909186742559,0.7350096711798839,0.7063261920187606,0.5870455891546573,0.7569893419628692,0.4994663820704376,0.37906424847949055,0.5768063145112325,0.807963129616667,0.5953286257468767,0.8623359061140031,0.5666316894018888,0.8772272612075832,0.5296535525543159,0.4562773783331246,0.761994355597366,0.6892313049978683,0.6038700095824383,0.6764642598188241,0.424331584391492,0.5247813516235509,0.9432789432789432,0.9478204320972777,0.4612850082372323,0.9485066941297632,0.9570987162555638,0.501085776330076,0.9481961147086031,0.956016272471946,0.5234146341463415,0.92542101042502,0.9188680152540182,0.7175043327556326,0.9287109375,0.8258731076666451,0.7013669821240799,0.9605625191073066,0.9478557644139189,0.39910884786760026,0.9403387627678574,0.9115605069023779,0.9770215535946767,0.5919282511210763,0.980014791802665,0.6351813442457537
c18_d8_s0,c18,8,0,20000,0,944.5997927188873,0.015032499097287655,0.00026869113589409366,0.0,0.0,0.0,0.0,0.0,0.0,0.0,0.0,0.0,0.0,0.5885714285714285,0.6487437177409544,0.14714285714285713,0.1621859294352386,0.0,0.0,0.0,0.0,0.2823851953392735,0.7748668153755862,0.0,0.0,0.0,0.0,0.5804597701149425,0.6022063194594763,0.16864704214034176,0.21512381447950127,0.0,0.0,0.1900756938603869,0.556105041921433,0.20599538816295157,0.5581163714145099,0.31808278867102396,0.5047088299543826,0.22585669781931464,0.19424703411924768,0.5992932862190813,0.6233993697763079,0.3188141166792999,0.4234405929071464,0.0,0.0,0.3204837490551776,0.7471623332442748,0.3233449477351916,0.7466610078357466,0.4093711467324291,0.8274694120326385,0.32706222865412443,0.21742856177625988,0.6597035040431267,0.7750833503472204,0.4026866112566175,0.5794806094623648,0.4137191854233655,0.05635688968846079,0.5584950029394474,0.8393874619867508,0.5548814120242692,0.8384974982354599,0.44215349369988544,0.809934015807761,0.41239721695129666,0.394558668500043,0.6911257447475698,0.708290324391977,0.5136770805486115,0.6227159063341678,0.47651006711409394,0.07242230763199002,0.5067204301075269,0.7818869416552183,0.5446009389671361,0.841258283113132,0.5392265193370166,0.8620212467200521,0.48641655886157825,0.698927846974444,0.745085995085995,0.7957110579127668,0.5700015546702106,0.7304623322685107,0.5016574585635359,0.46124859413289865,0.5485122897800776,0.7839479328478205,0.5610599078341014,0.8399965733400908,0.5653923541247485,0.7516236364197859,0.5325153374233129,0.4919289516737868,0.7546456692913386,0.7108927986585084,0.5974074782246596,0.6623774383814212,0.38833953438037117,0.48511237475262153,0.9491790461297889,0.9982361064475492,0.4612850082372323,0.9513457556935818,0.9873230665366505,0.4836779107725789,0.9494199535962877,0.9865645789450207,0.5083088954056696,0.9245585874799358,0.928063465820661,0.703125,0.931640625,0.8148600588639793,0.6698113207547169,0.9609040928527794,0.9155847035289668,0.3785759694850604,0.9417712226181503,0.9123040363808368,0.9873065239404022,0.768609865470852,0.9906312555491864,0.8243735635405572
c18_d8_s0,c18,8,0,25000,0,1183.1579649448395,0.010540435090661049,0.00024748012093701437,0.0,0.0,0.0,0.0,0.0,0.0,0.0,0.0,0.0,0.0,0.5859015232022671,0.6805832709706384,0.14647538080056677,0.1701458177426596,0.0,0.0,0.0,0.0,0.0,0.0,0.0,0.0,0.0,0.0,0.5787203450754853,0.621212142033689,0.14468008626887133,0.15530303550842225,0.0,0.0,0.0,0.0,0.20996978851963746,0.5599799044344459,0.0,0.0,0.3386880856760375,0.2194953148403193,0.5705967976710334,0.5792532447661658,0.24481870321340418,0.2463521319378251,0.0,0.0,0.40767703507610853,0.8220103237776325,0.41281577325939617,0.8254874884104556,0.4358706986444213,0.7832646167091503,0.38336582196231317,0.4920949309022501,0.6708941027266963,0.7410017688390407,0.4409070565279831,0.6413818134616176,0.0,0.0,0.37099023709902373,0.8339908566178462,0.3777490297542044,0.8331089071228747,0.45057471264367815,0.8044765588500548,0.4026058631921824,0.5037217673643405,0.7371813653677117,0.6855088750104956,0.45998542420532873,0.6373517806179495,0.43972999035679844,0.6377141752906877,0.5236938031591738,0.8201850099036647,0.5290102389078498,0.8237336423213735,0.5457875457875457,0.7630992054445979,0.3924581005586592,0.2144808035484521,0.7499267077103489,0.8128160274124413,0.5464125912161236,0.6377350780610167,0.49145299145299143,0.6412430684347608,0.5604758757435558,0.8363670117858577,0.548923076923077,0.8354584419096031,0.5555555555555556,0.7716314910662041,0.560145808019441,0.5821989985682006,0.772218952324897,0.7217899322574973,0.6053844076516087,0.711660815650494,0.36980909284055524,0.45713292471142647,0.9453125,0.9801631650942171,0.46115702479338844,0.9517884914463453,0.9854688678594401,0.4874727668845316,0.9516279069767442,0.9825629438919651,0.5083088954056696,0.9191353082465973,0.6650708896634181,0.7186411149825784,0.931185944363104,0.8605145833042238,0.6650943396226415,0.9648425557933353,0.8965291845794813,0.38339670468948034,0.9411850269693499,0.851211579123916,0.9820555475191668,0.6639013452914798,0.9860725593977675,0.7118672571332474
c18_d8_s0,c18,8,0,30000,0,1416.7291667461395,0.007366603706032038,0.00022218358646113165,0.0,0.0,0.0,0.0,0.0,0.0,0.0,0.0,0.0,0.0,0.578984485190409,0.66019849401942,0.14474612129760225,0.165049623504855,0.0,0.0,0.0,0.0,0.3036649214659686,0.7166592571459198,0.0,0.0,0.0,0.0,0.5590941259731068,0.5814853475190468,0.16507894161544076,0.20509294164192168,0.0,0.0,0.1848184818481848,0.5636626838685024,0.2039274924471299,0.5643353120116218,0.0,0.0,0.19308125502815768,0.027409306393768547,0.6182410423452769,0.7924811630764927,0.23522607220130154,0.2989724503575757,0.0,0.0,0.16783216783216784,0.5569238986489055,0.30294906166219837,0.6579873805005462,0.3975,0.8091097986799475,0.37962962962962965,0.37549639641446697,0.6589222329783802,0.8077255330831129,0.398244734776533,0.5993255386401695,0.0,0.0,0.4182726623840114,0.8248050067182754,0.49617871840094063,0.8261460467817793,0.4724770642201835,0.8580691931030029,0.4125159642401022,0.3836526173539577,0.696882031501125,0.710510798213488,0.471673046722432,0.62563740662595,0.4581005586592179,0.05535336126564086,0.5346534653465347,0.869461952843139,0.5310387215734481,0.8684764776208438,0.5484581497797357,0.8613755342684034,0.4397068620919387,0.2262775778310978,0.713698196773173,0.745900704238121,0.5524485309594787,0.6078294367285408,0.47670639219934996,0.30169394385521286,0.5628140703517588,0.7803254904235615,0.5750977107761027,0.8377071148565436,0.5508982035928144,0.8714485831843527,0.48903654485049836,0.3994034885782366,0.7665862484921593,0.6943909483339936,0.5861817636778023,0.6512879674520888,0.3647998873215129,0.4504564807073002,0.9453978159126365,0.9064477890191998,0.44884488448844884,0.9459041731066461,0.8918175111800891,0.4722222222222222,0.9444958371877891,0.8907347029081473,0.4941234084231146,0.9265175718849841,0.6291375389247933,0.675,0.9296187683284457,0.766834099769732,0.6577287066246057,0.9579268292682926,0.9125945933613073,0.3666454487587524,0.9398322778876866,0.8012248916062444,0.9883408071748879,0.7798206278026906,0.992090544638514,0.8344638152362801
c18_d8_s0,c18,8,0,35000,0,1650.0296247005463,0.005632223095744848,0.00019387831257830973,0.0,0.0,0.0,0.0,0.0,0.0,0.0,0.0,0.0,0.0,0.5871750433275563,0.660649401833059,0.14679376083188908,0.16516235045826475,0.0,0.0,0.0,0.0,0.0,0.0,0.0,0.0,0.0,0.0,0.5408011869436202,0.5382838363714668,0.13520029673590506,0.1345709590928667,0.0,0.0,0.0,0.0,0.2171003717472119,0.49692452028962014,0.0,0.0,0.0,0.0,0.629570747217806,0.6956832479500943,0.1754843844500525,0.21533118867832524,0.0,0.0,0.0,0.0,0.1890007745933385,0.4890824017872944,0.0,0.0,0.38760711931443637,0.4923149102187343,0.6711323763955342,0.7362618692415984,0.2804349384769375,0.347901061680691,0.13008130081300814,0.0163209663820113,0.21658206429780033,0.11222718219987451,0.2132921174652241,0.11128588182906332,0.41247002398081534,0.79707617828332,0.4243191893603547,0.4856381337644033,0.7291964541035173,0.8406021371970575,0.4381593737425079,0.5508152815121077,0.3885350318471338,0.05067384702997449,0.4814573845152895,0.8024709143736688,0.47665251667677383,0.801809091784962,0.5077605321507761,0.8584200463304373,0.4695201037613489,0.4539655781056136,0.7282020444978954,0.7764312125235764,0.5385910811891048,0.6601170303389573,0.4984984984984985,0.6359364621822204,0.5532994923857868,0.790516967985973,0.5669291338582677,0.8326435978070242,0.5037037037037037,0.8619292043682835,0.5635939323220537,0.5468986882244931,0.7623705408515535,0.8324528810964159,0.5923109712812071,0.7485782790868996,0.32956782952965774,0.4032108786925875,0.9350850077279753,0.8305995931833818,0.43553719008264463,0.9394871794871795,0.8514366696970012,0.5027292576419214,0.9363468634686347,0.851372822906093,0.5182266009852217,0.909967845659164,0.6678588903554857,0.6607773851590106,0.9337910740559098,0.8719452532516522,0.6491596638655462,0.958828911253431,0.8912417234299369,0.3438295165394402,0.9348902119657754,0.8188788905748083,0.9871691016924635,0.7318385650224215,0.9906312555491864,0.784124670665396
c18_d8_s0,c18,8,0,40000,0,1888.4152736663818,0.0035602962598204613,0.00016376915033274812,0.0,0.0,0.0,0.0,0.0,0.0,0.0,0.0,0.0,0.0,0.5711382113821138,0.6814922987508055,0.14278455284552846,0.17037307468770138,0.0,0.0,0.0,0.0,0.0,0.0,0.0,0.0,0.26409495548961426,0.17711543397239038,0.5229571984435798,0.6373052612956921,0.1967630384832985,0.20360517381702062,0.0,0.0,0.0,0.0,0.2118003025718608,0.5669120011959605,0.0,0.0,0.19271255060728745,0.02760675863657292,0.6247191011235955,0.6959721761163745,0.22200793814704248,0.2281374004545669,0.0,0.0,0.0,0.0,0.184375,0.5610901543078941,0.2965686274509804,0.349282999537641,0.4226552984165652,0.487739440356111,0.6725896676538335,0.7314086867892294,0.36331798171367813,0.4388652945297365,0.0,0.0,0.3328424153166421,0.807142883869615,0.33877551020408164,0.8062979202446262,0.42672919109026963,0.8072670766074342,0.42412451361867703,0.5436240466025284,0.710541989279333,0.6656954581189329,0.4463170839571302,0.6386000456750773,0.3978378378378378,0.8355812387976599,0.46707399864222676,0.790719617551737,0.5534454693434617,0.8514993527528266,0.5888993414863594,0.7684364454554071,0.42998027613412226,0.24873583722717474,0.747239976757699,0.7698057371248015,0.5597263407465056,0.6532278557103645,0.4274640088593577,0.36338800776331687,0.5385089340727048,0.8164227830773194,0.5522552255225522,0.8713102721514346,0.5292841648590022,0.8586124632141885,0.5366430260047281,0.3647495879680371,0.7468506298740252,0.8487100285679251,0.5797134692223235,0.6889447751868769,0.3586614864450724,0.431679088580192,0.937888198757764,0.8058169185082076,0.4586092715231788,0.9394871794871795,0.8302154360434764,0.48799126637554585,0.9396591432519577,0.830398085966484,0.5049019607843137,0.9168,0.6383667396291128,0.6605584642233857,0.9343780607247796,0.7705975820310619,0.6174004192872118,0.9618087381607088,0.9166625462701262,0.3595933926302414,0.9379995765127805,0.7869425870257558,0.9909662953855056,0.827354260089686,0.9953309982296852,0.8929312181176075
c18_d8_s0,c18,8,0,45000,0,2127.2246973514557,0.0025887181982398033,0.0001331377356387188,0.0,0.0,0.0,0.0,0.0,0.0,0.0,0.0,0.0,0.0,0.5692047377326566,0.681685797325635,0.14230118443316414,0.17042144933140874,0.0,0.0,0.0,0.0,0.0,0.0,0.0,0.0,0.0,0.0,0.5990597716588314,0.6884908475438821,0.14976494291470785,0.17212271188597053,0.0,0.0,0.0,0.0,0.21742367833209233,0.5623460531158249,0.0,0.0,0.0,0.0,0.631578947368421,0.6996203489392405,0.17601337670311296,0.22176725832779554,0.0,0.0,0.0,0.0,0.16903633491311215,0.5519485702515661,0.2683229813664596,0.34891025528060654,0.3104434907010014,0.21234775610077777,0.656989586620385,0.761338806337334,0.32302537591472086,0.3766449186173101,0.21419676214196762,0.03995182245817219,0.4321981424148607,0.8305941875114372,0.49109947643979057,0.8314694703287421,0.41753171856978083,0.8086237675510796,0.359612724757953,0.3572963702104135,0.6972365624051017,0.7498148658937253,0.46338644984959376,0.6207683742720005,0.4378818737270876,0.05281114074077122,0.4610472541507024,0.6270947061665585,0.4923771880293619,0.8633884528671802,0.5403141361256545,0.8680533230980537,0.3889293517844137,0.4018055437775017,0.7345212926608276,0.783358269746015,0.5318833881349866,0.6419121424699351,0.47619047619047616,0.6782976563304364,0.5397412199630314,0.8290604473439547,0.5221902017291066,0.8248718752928166,0.5599214145383105,0.6961659527091234,0.5453495089543616,0.37757585079503725,0.7644417838970368,0.8161097466899319,0.5956050016709784,0.6668153857957905,0.3402828170887521,0.41006460581431586,0.9290123456790124,0.7806596555601322,0.43853820598006643,0.9335378323108384,0.80801099983123,0.4704271631982475,0.934313275149288,0.8078579633989732,0.4896755162241888,0.917135961383749,0.6864085090955734,0.6482456140350877,0.9337910740559098,0.8992228861308317,0.6402310924369747,0.96,0.8890309337621378,0.35146310432569977,0.9358037132881762,0.8183763004796637,0.9930637928540431,0.8699551569506726,0.9978390948429411,0.9455126408430966
c18_d8_s0,c18,8,0,50000,0,2360.3492465019226,0.001665809191763401,0.00010328793476977183,0.0,0.0,0.0,0.0,0.0,0.0,0.0,0.0,0.0,0.0,0.5797392176529589,0.6384300372200463,0.14493480441323972,0.15960750930501158,0.0,0.0,0.0,0.0,0.0,0.0,0.0,0.0,0.0,0.0,0.5680880330123796,0.6156696204679336,0.1420220082530949,0.1539174051169834,0.0,0.0,0.1981981981981982,0.5648563024600946,0.2175543885971493,0.5668033216314365,0.0,0.0,0.0,0.0,0.6459667093469911,0.6976144215989545,0.19613772623636005,0.26870857407403287,0.0,0.0,0.19227313566936208,0.4551438843028406,0.31280276816609,0.7942350385919925,0.0,0.0,0.3785199738048461,0.5213870505924737,0.6751592356687898,0.6775933531083105,0.30550946102136334,0.4038600111664321,0.0,0.0,0.3597733711048159,0.7793467985585076,0.35826771653543305,0.7786842395074726,0.522633744855967,0.8658277769145994,0.41405750798722046,0.4843445195597576,0.7082338902147971,0.6650779495350959,0.4710680430678502,0.6336484813411949,0.5020242914979757,0.4549090353158138,0.45734767025089607,0.466225204272829,0.47451227186910006,0.7559273296459165,0.5094130675526024,0.8565264590132896,0.538504777965149,0.39563094919369757,0.7243310516490354,0.8590710033803,0.5625525770931944,0.6675622336663684,0.48764769065520946,0.36405439751019786,0.5632254123396457,0.8160874850783434,0.5568896512292739,0.8152068768060361,0.5099685204616999,0.8609272015850715,0.4895370957514268,0.35572443741567367,0.7576875768757687,0.7847741181497542,0.5732785277909013,0.6666355025705063,0.34221473541085773,0.42199138817721854,0.935708752904725,0.8585825203830091,0.46192052980132453,0.9425051334702259,0.8779784917051008,0.49673202614379086,0.9405803777061262,0.8764641762967106,0.5142017629774731,0.9181380417335474,0.6770084858521164,0.6468531468531469,0.932228181374939,0.939915531595063,0.6401673640167364,0.9590964590964591,0.8932845160993186,0.35168682367918525,0.9372651925579929,0.845304232418693,0.9934832923477506,0.8802690582959641,0.998115763034598,0.9520152474914513
c18_d8_s0,c18,8,0,55000,0,2598.999217271805,0.000987842446193099,7.549034358359007e-05,0.0,0.0,0.0,0.0,0.0,0.0,0.0,0.0,0.0,0.0,0.5697909642616318,0.6379930680818732,0.14244774106540795,0.1594982670204683,0.0,0.0,0.0,0.0,0.0,0.0,0.0,0.0,0.0,0.0,0.5302857142857142,0.6890677474459133,0.13257142857142856,0.17226693686147831,0.0,0.0,0.0,0.0,0.21726190476190477,0.5666286065379521,0.0,0.0,0.0,0.0,0.6209987195902689,0.6959981452727532,0.17335483862772594,0.22121858686301762,0.0,0.0,0.0,0.0,0.16850393700787403,0.5596611612529373,0.27722772277227725,0.3492656896882637,0.37606837606837606,0.48891668888896717,0.6596625278573702,0.7854352495879712,0.34228165142516204,0.452542837145712,0.0,0.0,0.3659217877094972,0.8046816042229086,0.4447004608294931,0.8098393479324801,0.4113636363636364,0.47622503119017695,0.40207522697795073,0.48611103902846686,0.7000922792986773,0.8077865258099687,0.445934639704982,0.5770740616867689,0.4994731296101159,0.4567408631292879,0.4703389830508475,0.40940350973515244,0.4778540237055521,0.7074587829954702,0.5333333333333333,0.8684238008673433,0.448586118251928,0.545873472696394,0.7288666249217283,0.8581111502538739,0.548335363823957,0.699235702276062,0.4759959141981614,0.6769149830289715,0.535964353914704,0.8137678184557641,0.5169340463458111,0.8097519823459308,0.5412004069175992,0.839831309218565,0.5464037122969838,0.33003941563333455,0.756838905775076,0.8248999782324059,0.5885186157856378,0.6903955744236319,0.3390634684291859,0.42460456661101986,0.9333333333333333,0.9036968178643728,0.4435215946843854,0.9370843989769821,0.852630265839787,0.48580786026200873,0.9357208448117539,0.8512965839115073,0.5039254170755643,0.9125902165196471,0.6865982360396705,0.6572934973637962,0.9351535836177475,0.8778740468551078,0.6438998957247133,0.9572910311165345,0.8941008318850119,0.3632887189292543,0.9351035892403214,0.8319452509962532,0.9916895703746564,0.8340807174887892,0.9967830541636754,0.9167554235102865
c18_d8_s0,c18,8,0,60000,0,2832.3009870052338,0.0004880271735601127,5.0928202945658506e-05,0.0,0.0,0.0,0.0,0.0,0.0,0.0,0.0,0.0,0.0,0.5753608593487748,0.6814016316422938,0.1438402148371937,0.17035040791057346,0.0,0.0,0.0,0.0,0.0,0.0,0.0,0.0,0.0,0.0,0.6,0.6597421805410478,0.15,0.16493554513526196,0.0,0.0,0.0,0.0,0.21132075471698114,0.5695855883541789,0.0,0.0,0.0,0.0,0.6521611290796825,0.7279602105923345,0.18065034516300238,0.2294555183442652,0.0,0.0,0.31642694928084786,0.7921034121145912,0.32379623168178645,0.7914023917027393,0.265,0.3482788710003203,0.3218884120171674,0.30623370680500517,0.662020905923345,0.705394652169646,0.36557926123201434,0.47193562447852044,0.0,0.0,0.28892455858747995,0.7511789504338486,0.28718703976435933,0.7473627750581054,0.488,0.8350260554590234,0.37376586741889983,0.24988359350483288,0.6967418546365914,0.8294210918875543,0.4376362303765261,0.6034611623371822,0.37336244541484714,0.45201413130155726,0.5055350553505535,0.738390469304653,0.5408328826392644,0.8479161950844107,0.5503489531405783,0.8691115967594396,0.4263565891472868,0.41019613729221377,0.7478656801365965,0.7992868017401514,0.5494536708898374,0.6895087002555029,0.5045592705167173,0.7666319942624792,0.5549132947976878,0.7434219952872276,0.5722411831626849,0.7919177641490602,0.5476190476190477,0.8650699217232776,0.5069490403706155,0.5795432152208103,0.7457627118644068,0.7515086810521479,0.5860588456699416,0.7408614339739561,0.3447455097383593,0.4386440560621803,0.935708752904725,0.8423534069891809,0.4586092715231788,0.9400921658986175,0.8639611171361852,0.5136165577342048,0.9402023919043239,0.8638026237287646,0.5308219178082192,0.9140562248995984,0.6403696402488397,0.6572934973637962,0.9366471734892787,0.8754562113191382,0.6436004162330905,0.9576606762107828,0.8912427074008337,0.3505089058524173,0.9367579612088872,0.8159435687300471,0.9948647475770288,0.9076233183856502,0.9994321973060113,0.9833510847020573
c18_d8_s0,c18,8,0,65000,0,3065.3915627002716,0.00023375840100925416,3.06470325325539e-05,0.0,0.0,0.0,0.0,0.0,0.0,0.0,0.0,0.0,0.0,0.572678331090175,0.6376657443417654,0.14316958277254374,0.15941643608544134,0.0,0.0,0.0,0.0,0.26657458563535913,0.7108734994650959,0.0,0.0,0.0,0.0,0.5732217573221757,0.6693052241513281,0.16551998813349053,0.22656576432659,0.0,0.0,0.0,0.0,0.21084337349397592,0.569249818799833,0.0,0.0,0.0,0.0,0.6240864315220845,0.6972489632473088,0.17359188900501912,0.22174972571181328,0.0,0.0,0.1761006289308176,0.37618478871194283,0.2997918112421929,0.7452654709536064,0.39957716701902746,0.7008192319600468,0.3237822349570201,0.2468206562867083,0.6577223088923557,0.7276364115445438,0.3849281310648517,0.5122732632532871,0.2263681592039801,0.04142458001690851,0.47318611987381703,0.833395730111672,0.5332629355860612,0.8316393521486721,0.5288065843621399,0.8656433516935723,0.4145408163265306,0.4884669773231806,0.7076654036723987,0.7028022568723501,0.5154879689789221,0.6564331183287135,0.4012345679012346,0.05347884187789963,0.5119120342089187,0.6292513660486249,0.5602910602910602,0.8511266074147835,0.5186721991701245,0.857792147007472,0.4825090470446321,0.44029022269483864,0.7252022774947557,0.7838732160992878,0.5543823527941458,0.648310297728842,0.4868686868686869,0.6782823482779592,0.5775862068965517,0.8150757462104545,0.5610599078341014,0.8110199854816625,0.5398907103825137,0.8639492145726286,0.5046153846153846,0.4041933986133736,0.7635054021608644,0.7934318664198425,0.5874624410896356,0.7074251265656342,0.36064890769122976,0.4474533902857602,0.9344641480339244,0.8439311441966347,0.44224422442244227,0.9405737704918032,0.864021746159774,0.49782135076252726,0.9393382352941176,0.86323738550921,0.5200587084148728,0.9095276220976781,0.640332733884363,0.6566901408450704,0.9367704280155642,0.8211573917577712,0.6381100726895119,0.9573950091296409,0.9191910444131496,0.36331849968213603,0.9354546109623746,0.8094361488359558,0.9947779545783307,0.9067264573991032,0.999602176456441,0.9878916979651325
c18_d8_s0,c18,8,0,70000,0,3303.6722569465637,0.00010236659727524966,1.5510126917964977e-05,0.0,0.0,0.0,0.0,0.0,0.0,0.0,0.0,0.0,0.0,0.5732569888851465,0.637678334466037,0.14331424722128663,0.15941958361650924,0.0,0.0,0.0,0.0,0.2917771883289125,0.7009267696325314,0.0,0.0,0.0,0.0,0.5596297614809541,0.5809987090150301,0.16422220606431456,0.20366024138980182,0.0,0.0,0.18827415359207267,0.5638158845414927,0.2146636432350718,0.5645052330808012,0.0,0.0,0.20306204673650283,0.027662720162371465,0.6779374471682164,0.6999494818265223,0.25382802321177517,0.27592981029908126,0.0,0.0,0.0,0.0,0.3001345895020188,0.5595864372877617,0.255,0.34818513786917793,0.4172225591267435,0.4842692606947838,0.6797385620915033,0.7775974003644299,0.36300149609639654,0.44914515283941137,0.22576687116564417,0.03955528755701239,0.4420519316022799,0.8200525562667395,0.5042194092827004,0.8212628752004557,0.5213764337851929,0.867203480562822,0.3704225352112676,0.24196611149501815,0.7068078668683813,0.8243096473032189,0.49732155997042915,0.6234423697589487,0.31539424280350437,0.053710699115776514,0.4113687359760658,0.5632694387215619,0.48157248157248156,0.8208917445392455,0.5297297297297298,0.8663353763759801,0.4969400244798042,0.32185349712107053,0.7133437990580848,0.7559699722859963,0.535698010012909,0.605862368310477,0.502606882168926,0.45191503090460644,0.5498452012383901,0.8486729601525232,0.5512449334105385,0.8518824869906572,0.5311871227364185,0.8662210632634131,0.5044359949302915,0.3368024518573193,0.774801295260524,0.867706386610108,0.586247521299963,0.6970550152700257,0.36337615198243917,0.4306449344977507,0.9344641480339244,0.8334514907583078,0.43564356435643564,0.9406345957011258,0.8546118539176022,0.4929270946681175,0.9385321100917431,0.8539327206687145,0.5131964809384164,0.9129032258064517,0.6403795437004612,0.6581272084805654,0.9401459854014599,0.8835348838774181,0.6376811594202898,0.9564952844539093,0.8912328153260325,0.3641857506361323,0.9368553617343547,0.8156198161713634,0.9949443078258354,0.9139013452914798,0.9996853577428215,0.9905824317506586
c18_d8_s0,c18,8,0,75000,0,3542.350242137909,6.457382551161572e-05,6.161808308812815e-06,0.0,0.0,0.0,0.0,0.0,0.0,0.0,0.0,0.0,0.0,0.5722952477249748,0.6376552638347933,0.1430738119312437,0.15941381595869833,0.0,0.0,0.0,0.0,0.0,0.0,0.0,0.0,0.0,0.0,0.5630791161796151,0.5813141813701986,0.1407697790449038,0.14532854534254966,0.0,0.0,0.1869313482216708,0.5638157593727788,0.21347464042392128,0.564505110095001,0.0,0.0,0.2011263073209976,0.02741354003406196,0.6754929577464789,0.6996839841387174,0.2525219819873351,0.27580112016550984,0.0,0.0,0.3167420814479638,0.7914305079017427,0.41383495145631066,0.7927563000765244,0.24433249370277077,0.34776557534498215,0.3782722513089005,0.4263842282923664,0.6575603557814486,0.6877548340516355,0.3809226946069695,0.4974917267537683,0.0,0.0,0.28753993610223644,0.751806169041717,0.37764932562620424,0.750171352602944,0.5165829145728643,0.8519656685455967,0.41379310344827586,0.3713628127274262,0.7098133654425045,0.7190864702239567,0.4654797843432812,0.6107685313446334,0.39770114942528734,0.4536085114312664,0.43902439024390244,0.4076364728215617,0.4343891402714932,0.405039617414247,0.5358948432760364,0.8592697890344256,0.47036328871892924,0.48132007351392825,0.725735754539762,0.8034253899829786,0.5389246949620722,0.6415275299384227,0.47671840354767187,0.37001287030784885,0.528178243774574,0.6694789484418003,0.5213675213675214,0.6657738366399618,0.5776892430278885,0.846982709480853,0.5281862745098039,0.49109065883848285,0.7500787897888433,0.8215549177297645,0.5911772575557812,0.6820125427947427,0.35898142920451237,0.43033483032833214,0.9337442218798151,0.8319486409783279,0.43564356435643564,0.9411162314388121,0.8532586112966656,0.4923830250272035,0.9393939393939394,0.8525974926577633,0.5151515151515151,0.9101123595505618,0.6118093891856126,0.6587301587301587,0.9400876765708719,0.8439871365114056,0.6336787564766839,0.9556231003039514,0.8888463374352399,0.36354961832061067,0.9359769834990601,0.7976444445274609,0.9950166353247505,0.912780269058296,0.999723331808343,0.9917035708279612
c18_d8_s0,c18,8,0,80000,0,3780.775159597397,4.568195799947716e-05,3.0000001268729423e-06,0.0,0.0,0.0,0.0,0.0,0.0,0.0,0.0,0.0,0.0,0.5757575757575758,0.6377227677354452,0.14393939393939395,0.1594306919338613,0.0,0.0,0.0,0.0,0.0,0.0,0.0,0.0,0.0,0.0,0.6003361344537815,0.6876313319741191,0.15008403361344538,0.17190783299352977,0.0,0.0,0.0,0.0,0.21428571428571427,0.5530041726515523,0.0,0.0,0.0,0.0,0.6275622831914223,0.6927948523711047,0.17474771365499842,0.2192823941470722,0.0,0.0,0.18949181739879414,0.5648017303607696,0.42655699177438305,0.8512862804592441,0.3804463336875664,0.6254969533070684,0.3895081967213115,0.42789307375300184,0.6538461538461539,0.7826147590237073,0.4072875718281894,0.5770085307559455,0.0,0.0,0.46537741734248284,0.829844432131004,0.5281430825881115,0.8310376455269947,0.3995433789954338,0.8082787008648362,0.36388323150033947,0.41662936895195596,0.6927860696517413,0.7540084452316689,0.4468465450310948,0.6331359685669484,0.49793388429752067,0.5617263434268597,0.5292981326464906,0.5391276739174339,0.5141141141141141,0.5360228998168667,0.5528134254689042,0.6900154933840187,0.5234421364985163,0.44754039298487663,0.748159057437408,0.7743976610039032,0.5845491657727175,0.6143947966066297,0.4887940234791889,0.44869610543684,0.5675171126322339,0.6049079837262469,0.564281559045957,0.6066581581156165,0.4892241379310345,0.8589711305180704,0.544913741820345,0.34331561778475594,0.7548309178743962,0.6647049581184216,0.5822915906695589,0.6051031138785373,0.35567800207277117,0.4257519041260749,0.9344641480339244,0.8319474782508748,0.43234323432343236,0.9406345957011258,0.8532572764533926,0.48911860718171923,0.9385321100917431,0.85259582570032,0.5136852394916911,0.9115755627009646,0.6375603368253342,0.6622574955908289,0.9386562804284323,0.8438505171315301,0.6421161825726142,0.9556231003039514,0.8888492263006315,0.36959287531806617,0.9359329736772365,0.8040484017647562,0.9950961955735571,0.9145739910313901,0.9997522644296928,0.992488368182073
c19_d8_s0,c19,8,0,5000,0,99.09958243370056,0.47888171672821045,0.0029987339866738077,0.0,0.0,0.0,0.0,0.40731995277449823,0.6478516690635538,0.0,0.0,0.0,0.0,0.32025547445255476,0.300880703395769,0.11400719801101354,0.12920781493757175,0.0,0.0,0.0,0.0,0.4053738317757009,0.5480870619211728,0.474671669793621,0.6585834118721079,0.0,0.0,0.4925795053003534,0.5072577754562638,0.27559394642146867,0.33713421865885734,0.0,0.0,0.40867279894875164,0.6567806865016635,0.5251989389920424,0.660378361226851,0.4454865181711606,0.8135401922062221,0.0,0.0,0.6120180618270232,0.5795524934170282,0.3421987898279455,0.4580364253831888,0.23741935483870968,0.009023599289879605,0.4083916083916084,0.7660621402099503,0.4357976653696498,0.7658869887797866,0.41044776119402987,0.7243267225364891,0.3706111833550065,0.30476392552420495,0.6374288583863408,0.7224564501687935,0.44475600311717495,0.5663011685806733,0.4711274060494959,0.6307481248563868,0.5303933253873659,0.828496009018664,0.5407821229050279,0.8280192724092765,0.5126582278481012,0.8474565539927609,0.3352272727272727,0.46189994087222325,0.6922840454964648,0.7208057382461353,0.5135676243797839,0.6981458421348071,0.44240570846075433,0.5685581449308682,0.5443117536140792,0.6322168500493729,0.618895966029724,0.7975754584824731,0.4927536231884058,0.8423163739541759,0.41168289290681503,0.5855088868252073,0.6580779944289693,0.7778262912618403,0.5244297466397607,0.7179420924655321,0.570902394106814,0.5693057137217689,0.6445607911576497,0.6318577681112977,0.6735966735966736,0.7918484842375773,0.6041666666666666,0.9095093240667984,0.5116002379535991,0.20764267810180975,0.7241270839886756,0.7387601825655653,0.6173951520573301,0.6300623766894304,0.40456406577921106,0.5052614198357229,0.95625,0.9969296303222592,0.4665032679738562,0.9631168831168831,0.9997877789422509,0.44228694714131606,0.9619312906220984,0.9972710675803999,0.5299227799227799,0.9401294498381877,0.9971537203193643,0.8132530120481928,0.9471624266144814,0.9922291122567414,0.7236570247933884,0.9653692920625192,0.9045865091180384,0.5003174603174603,0.9532734732737123,0.9729913751606118,0.9399898741501519,0.20605381165919281,0.9422179385868946,0.21452996244184092
c19_d8_s0,c19,8,0,10000,0,196.92359495162964,0.04927389696240425,0.002954574462833066,0.0,0.0,0.0,0.0,0.3982947624847747,0.7499850454211215,0.0,0.0,0.0,0.0,0.5707367692839848,0.7720637482030949,0.17587542252806074,0.2555146908358672,0.0,0.0,0.0,0.0,0.32671957671957674,0.7050526375571972,0.0,0.0,0.0,0.0,0.5512143611404435,0.8355304846367241,0.16503022167840894,0.26763700762228076,0.0,0.0,0.0,0.0,0.2704626334519573,0.7798082966998139,0.0,0.0,0.0,0.0,0.5855072463768116,0.6166147544650674,0.16891536438186602,0.21913771334125134,0.0,0.0,0.2994652406417112,0.760923200969985,0.41739130434782606,0.7672253354528534,0.379182156133829,0.7216277267581807,0.1744186046511628,0.2894902845465607,0.6111736032995876,0.6216097212294794,0.3509316364369396,0.5355276445021251,0.3934065934065934,0.6271765277149449,0.4739652870493992,0.8302439582904585,0.48695652173913045,0.8296843375111866,0.330749354005168,0.6321373544503383,0.2958579881656805,0.6698303635104513,0.6785598443074927,0.8016402416891724,0.4391524968025122,0.7164940585388729,0.5140562248995983,0.5695040575113909,0.5620052770448549,0.7636695187114636,0.5694117647058824,0.8077151427423499,0.4166666666666667,0.7957791662135546,0.3507516105941303,0.5200500043108424,0.7251047373509507,0.8184688386611016,0.5102535258737982,0.7119818955434749,0.5569377990430622,0.8586996213551892,0.5945288753799393,0.8651686591457309,0.6174863387978142,0.838722186343021,0.5150115473441108,0.8492457336065622,0.437542201215395,0.30402006722173053,0.727393176548526,0.7315226403081583,0.5673994823787426,0.6847463158544411,0.33965116429718983,0.4844341894626161,0.9391575663026521,0.998403516482976,0.41943521594684385,0.9476954945624029,0.9348037491577723,0.4349726775956284,0.9443929564411492,0.927354712826165,0.5044160942100098,0.9326845093268451,0.9515905514052476,0.8330434782608696,0.9401373895976447,0.9947100656968825,0.6085594989561587,0.9647347439435756,0.9904607161765667,0.4322949777495232,0.9453263288258668,0.972570498191917,0.9675538839866917,0.45739910313901344,0.9709950470968827,0.4897696059196143
c19_d8_s0,c19,8,0,15000,0,293.2298855781555,0.029095185920596123,0.0028491375670817902,0.0,0.0,0.0,0.0,0.39835969537199767,0.7461470731804634,0.0,0.0,0.0,0.0,0.5760539629005059,0.7426451057331536,0.1772101320061263,0.247840199198327,0.0,0.0,0.0,0.0,0.3092236230922362,0.704484206345369,0.43582089552238806,0.5896315711417621,0.0,0.0,0.5405217391304348,0.8479189755238301,0.26985429392089205,0.41809465386184547,0.0,0.0,0.21815154038301415,0.7241433998108651,0.2361005331302361,0.7279941166932437,0.4444444444444444,0.6989259020795934,0.0,0.0,0.557991513437058,0.7592634381080863,0.28846332892981313,0.4855587947555956,0.0,0.0,0.32326283987915405,0.7197111102646049,0.3245125348189415,0.7194776876193487,0.5364891518737672,0.8542608246345508,0.0,0.0,0.6350806451612904,0.7379699011809534,0.3468737304836057,0.5179900812775389,0.0,0.0,0.28180354267310787,0.8244024531518139,0.43815384615384617,0.8280230267420317,0.3385416666666667,0.6446053852252707,0.22647283856159142,0.36235448629779055,0.6631467793030623,0.7794035741319666,0.36703677020174297,0.5842929847382441,0.47105788423153694,0.2853102609202733,0.4973404255319149,0.6231703857170565,0.5037128712871287,0.6234104331059316,0.5142857142857142,0.8313110409169812,0.302496328928047,0.4537044075566176,0.7022653721682848,0.8591638755615975,0.5024377855997266,0.6637024209874042,0.4885057471264368,0.8401973905088583,0.5296745373324825,0.8195161420768449,0.5682451253481894,0.858871576088185,0.6,0.8608135203051706,0.3983957219251337,0.5311334530651277,0.7296786389413988,0.8112064523943134,0.5642207077005589,0.7606704488306435,0.3594423926917808,0.5254499405213713,0.945141065830721,0.9975499252167102,0.4096185737976783,0.9473140495867769,0.9842100687853246,0.40512540894220284,0.9457579972183588,0.9840132336924202,0.471078431372549,0.9248366013071896,0.9518517697379502,0.7879858657243817,0.9401960784313725,0.997091589740392,0.6261730969760166,0.9613259668508287,0.8988154328513263,0.41411238825031926,0.9431074210336692,0.959087467056955,0.9718573701721395,0.5089686098654709,0.9754560956512461,0.5492460339705141
c19_d8_s0,c19,8,0,20000,0,390.96045327186584,0.0206808652728796,0.002686911358940937,0.0,0.0,0.0,0.0,0.0,0.0,0.0,0.0,0.0,0.0,0.5630397236614854,0.7322625305280978,0.14075993091537134,0.18306563263202444,0.0,0.0,0.0,0.0,0.28896321070234116,0.7017019535522288,0.0,0.0,0.0,0.0,0.5860642698059179,0.8249553521036034,0.1705963350100079,0.2647140008219199,0.0,0.0,0.0,0.0,0.2113323124042879,0.5350921680080029,0.0,0.0,0.0,0.0,0.636919315403423,0.695302208953563,0.1768408548845464,0.21841656623905764,0.0,0.0,0.2764098490865767,0.7768926833397845,0.39923224568138194,0.778716736103648,0.39555006180469715,0.7344756138123315,0.0,0.0,0.7060849598163031,0.8199347694311626,0.33171226330257997,0.5182367140978262,0.3987538940809969,0.04883241752764788,0.4625158831003812,0.7883347902717057,0.47686832740213525,0.7880172888314834,0.45714285714285713,0.8094235245085806,0.19078415521422798,0.0196707916365975,0.6813329019734714,0.8098589654872266,0.4438264872979319,0.5451703617940042,0.45181347150259066,0.07001936016520068,0.47599451303155005,0.5186938793972108,0.4713375796178344,0.5157290841344732,0.576204523107178,0.8572308051917471,0.4007832898172324,0.2979095522202347,0.7212121212121212,0.8370098470546598,0.5411454472134641,0.590074411424734,0.48484848484848486,0.33574406213559604,0.5742821473158551,0.6976959393663099,0.579513299377476,0.8688694470396999,0.5189437428243399,0.8446544467525692,0.3850036049026676,0.3007330044824715,0.7294793995528586,0.8399869202825677,0.5449103477817845,0.6548693802578693,0.33568452377224084,0.4249352953239193,0.9459671104150352,0.998370971608274,0.41307947019867547,0.951937984496124,0.9995618592255094,0.40390879478827363,0.9499072356215214,0.9985773958722555,0.46337890625,0.9221949221949222,0.9518653301703356,0.7486678507992895,0.9383561643835616,0.9920755748731147,0.6293013555787278,0.9604900459418071,0.9150028895917801,0.40784438775510207,0.9425779773411296,0.9644451342176442,0.9703457254448141,0.45067264573991034,0.9736224907732062,0.48539716351813444
c19_d8_s0,c19,8,0,25000,0,488.5334413051605,0.01599547266960144,0.002474801209370144,0.0,0.0,0.0,0.0,0.0,0.0,0.0,0.0,0.0,0.0,0.46226415094339623,0.5901989701860394,0.11556603773584906,0.14754974254650985,0.0,0.0,0.0,0.0,0.3085036255767963,0.7004198601258398,0.0,0.0,0.0,0.0,0.5252377468910022,0.5864258277117009,0.1570180721874836,0.20497477860507854,0.0,0.0,0.20735785953177258,0.6853556794463106,0.22629969418960244,0.689304363192908,0.4501758499413834,0.7428385760440528,0.0,0.0,0.5723336853220697,0.7283544173546594,0.29176551329264455,0.48235325190294626,0.0,0.0,0.3110773899848255,0.7195745574995184,0.4254278728606357,0.7258051475601496,0.549407114624506,0.8327432671650449,0.0,0.0,0.6848446417247939,0.7724640671934715,0.36993837765778004,0.5217501423446014,0.2421875,0.027877643319252295,0.3022875816993464,0.6432301794208994,0.4087301587301587,0.6465705584337418,0.5663366336633663,0.8017145189273661,0.1265164644714038,0.009826934804178775,0.686797301638291,0.7691087481830952,0.4243463699790574,0.5049690822431512,0.30071599045346065,0.032112901076596465,0.45907928388746805,0.7664544588409515,0.5073115860517435,0.7977853954634926,0.653211009174312,0.8794199653003785,0.43425814234016885,0.45523071835768725,0.6961214165261382,0.7809000489398431,0.5514898803762107,0.6619170794312306,0.47157894736842104,0.6733876078403256,0.5547169811320755,0.8928078186280303,0.5464159811985899,0.8884707462233716,0.6149312377210217,0.8506737590129771,0.460942543576501,0.5250843548381193,0.728383156541305,0.8329947227843991,0.5821235602679642,0.7567437235498511,0.3560354016424271,0.46860825723190985,0.9382329945269742,0.9983538326649378,0.5516666666666666,0.9442148760330579,0.9486885172738312,0.4474835886214442,0.9398148148148148,0.9468169870711448,0.4995073891625616,0.9199346405228758,0.9455063161341498,0.7353463587921847,0.9329417523250122,0.9938933005083226,0.6206715634837355,0.9583843329253366,0.9136518850070511,0.40357598978288634,0.9380037385578767,0.954417820163207,0.9804932735426009,0.6374439461883408,0.984110566012488,0.668423117887774
c19_d8_s0,c19,8,0,30000,0,586.1695182323456,0.011928887106478214,0.0022218358646113167,0.0,0.0,0.0,0.0,0.0,0.0,0.0,0.0,0.0,0.0,0.43371378402107114,0.5977341492795593,0.10842844600526778,0.14943353731988981,0.0,0.0,0.0,0.0,0.3137771918259723,0.7016133726795115,0.0,0.0,0.0,0.0,0.5177330895795247,0.5668732744907867,0.1555813717137122,0.20018609967932263,0.0,0.0,0.23346938775510204,0.7698309053979302,0.25579655946148094,0.7694900080025702,0.47113163972286376,0.7188702912821869,0.0,0.0,0.5677603423680456,0.7649207943679673,0.30049515779077596,0.49922451419591357,0.0,0.0,0.21765209940017138,0.7446613539779833,0.35781041388518026,0.7467545701403421,0.578790882061447,0.8599878747213902,0.20080971659919028,0.031978406413239846,0.6617940199335548,0.7593362321831174,0.408303864088994,0.5371102886726307,0.19047619047619047,0.007549526156669031,0.32962138084632514,0.679575538593271,0.36874571624400276,0.6837648189061695,0.5507246376811594,0.8466703277259924,0.10069444444444445,0.002694750203291428,0.685857321652065,0.7842689151234886,0.40838937490829375,0.5226493219012023,0.46825396825396826,0.31290747365538707,0.5151515151515151,0.8327096618374952,0.5330188679245284,0.8361986609148,0.5675977653631284,0.8592773361201649,0.23071046600458364,0.03459465321613578,0.7135709818636647,0.8591631232015368,0.5043384992520119,0.6034100945017662,0.48022079116835326,0.6781778916172582,0.5416913069189828,0.8889979989737423,0.562396006655574,0.8922317386658708,0.6415094339622641,0.8659382771980478,0.35335195530726254,0.3912216695046971,0.7139632376652693,0.8023631680726134,0.5592318321289415,0.7198314144652456,0.349252649412571,0.46169218153371006,0.9430132708821234,0.9984209791921648,0.5124172185430463,0.945360824742268,0.9994925240811112,0.49018538713195203,0.9431870669745959,0.9977910416259649,0.5514201762977473,0.9174161896974653,0.8127361542716531,0.696078431372549,0.937007874015748,0.993977354374151,0.5808823529411765,0.9569728410131217,0.9511918605166263,0.3867984693877551,0.938812656398166,0.9391183876988778,0.9794228265586576,0.612780269058296,0.9827019090105225,0.641067324401592
c19_d8_s0,c19,8,0,35000,0,682.9637041091919,0.009266971610486507,0.0019387831257830976,0.0,0.0,0.0,0.0,0.0,0.0,0.0,0.0,0.0,0.0,0.4409448818897638,0.624583927518185,0.11023622047244094,0.15614598187954626,0.0,0.0,0.0,0.0,0.30394736842105263,0.7012148904773259,0.0,0.0,0.0,0.0,0.514431859700402,0.5760035326923075,0.15393691229352155,0.2024354573795207,0.0,0.0,0.2395498392282958,0.7180805924819363,0.2640117994100295,0.7221918726542478,0.4390832328106152,0.7223424026903563,0.0,0.0,0.6701692936368944,0.8356977027444998,0.3192766014984045,0.5095327317867294,0.2893226176808266,0.04378799160372068,0.4232469993682881,0.7322999377339742,0.5015673981191222,0.738350306982495,0.39900249376558605,0.6975860349598226,0.27218934911242604,0.04459411934657767,0.6606606606606606,0.7884876962313697,0.43414121048202126,0.5088701489944583,0.1984924623115578,0.5069548581841579,0.2986279257465698,0.7164861449392407,0.4059662775616083,0.7155548877958221,0.582995951417004,0.8233096602030299,0.0,0.0,0.6722365038560412,0.8448423523765294,0.3890653359532393,0.5786209940548248,0.43524416135881105,0.04789357853723827,0.4931506849315068,0.8208752310867005,0.505775075987842,0.820372649597793,0.5768822905620361,0.8969268846370527,0.29929078014184396,0.5123000819385022,0.7118851206843874,0.8860034192080984,0.5165287080369135,0.714569384714391,0.37814207650273224,0.04690421007860162,0.5081645983017635,0.5954380955759456,0.5366685616827743,0.789310772625002,0.6076696165191741,0.8718227871759969,0.3738831615120275,0.46655251332528686,0.7244045777915249,0.8609902451141076,0.5450706086629541,0.6691458095938103,0.3526079424856422,0.4770457869147543,0.9375975039001561,0.9983374744556466,0.5074875207986689,0.9448737764039155,0.9458649042797386,0.42366412213740456,0.944007403979639,0.9455708517617254,0.47401960784313724,0.9211822660098522,0.9520046117937356,0.7201426024955436,0.9341846758349706,0.9536532467241794,0.5830704521556257,0.9552969993876301,0.9605642312660227,0.3955128205128205,0.9382058756650891,0.9573699583207437,0.985100535223492,0.7190582959641255,0.9891285675278341,0.7626548573350524
c19_d8_s0,c19,8,0,40000,0,780.598525762558,0.007183485198765993,0.0016376915033274812,0.0,0.0,0.0,0.0,0.0,0.0,0.0,0.0,0.0,0.0,0.43851203501094094,0.5861506684035884,0.10962800875273523,0.1465376671008971,0.0,0.0,0.0,0.0,0.0,0.0,0.0,0.0,0.0,0.0,0.5329854640327991,0.5537908277533962,0.13324636600819978,0.13844770693834904,0.0,0.0,0.0,0.0,0.2094081942336874,0.510682065401272,0.34496919917864477,0.5752898952363399,0.0,0.0,0.6266368572341106,0.7545334821106607,0.2603521969559961,0.3750126831201895,0.0,0.0,0.3182861514919663,0.7205006417573295,0.31148696264975334,0.7173433326637483,0.5363908275174477,0.7702068492681883,0.19480519480519481,0.02731987767235537,0.6795986622073579,0.778352593148754,0.40517976397764344,0.5137901612240809,0.47322970639032813,0.45755588916643014,0.41706161137440756,0.5100114401150081,0.4292007551919446,0.5112960295415244,0.5708502024291497,0.8203347380697966,0.0,0.0,0.6587926509186351,0.7703100066449234,0.41736838608333626,0.520899799413927,0.4096638655462185,0.48316447644700233,0.43213296398891965,0.6609431907168525,0.45629820051413883,0.6612780121874071,0.5620655412115194,0.7820990721542406,0.43942992874109266,0.51858385033227,0.6802230239422762,0.7993770836826374,0.5286042093111618,0.6754638081548922,0.48628192999053926,0.8562051807023033,0.47121111846459296,0.832032526868435,0.49907578558225507,0.8315464294704709,0.6263846928499497,0.8518298133619051,0.46070785842831435,0.22926549890451098,0.7241153342070773,0.782773520561882,0.5741827075411177,0.6759492196271752,0.34693737694717003,0.4351572922256444,0.9486780715396579,0.9997305844013046,0.5704918032786885,0.9485066941297632,0.9841530040471942,0.44788273615635177,0.9454713493530499,0.9818846328912849,0.5019550342130987,0.9153656532456861,0.9388022286843142,0.703770197486535,0.9362119725220804,0.9556267103634795,0.5932914046121593,0.9536302623550945,0.8811819629780576,0.3896353166986564,0.9381899816159212,0.9410500772847781,0.9865832489512513,0.7466367713004485,0.9906149809496771,0.7874320309434385
c19_d8_s0,c19,8,0,45000,0,878.465056180954,0.0052282423712313175,0.0013313773563871881,0.0,0.0,0.0,0.0,0.0,0.0,0.0,0.0,0.0,0.0,0.4813533256439831,0.5602037434427217,0.12033833141099577,0.14005093586068043,0.0,0.0,0.0,0.0,0.0,0.0,0.0,0.0,0.0,0.0,0.5287783141477905,0.5980184524558966,0.13219457853694763,0.14950461311397414,0.0,0.0,0.0,0.0,0.0,0.0,0.4511627906976744,0.7185212593640049,0.0,0.0,0.6263089005235603,0.7881220245255988,0.26936792280530863,0.37666082097240094,0.0,0.0,0.28683385579937304,0.7773044560552574,0.30403458213256485,0.7810742267548973,0.5428859737638748,0.7378153451616315,0.20064724919093851,0.02734236769900937,0.6600331674958541,0.7820210072454566,0.400130634106995,0.516659570260704,0.38911290322580644,0.05102237343477727,0.4685358255451713,0.8367205340524496,0.49271986022131625,0.836160821867786,0.5663366336633663,0.8525218387814796,0.09769094138543517,0.016086129127290523,0.6776545166402536,0.8293889605561475,0.44795123867162157,0.5681578762291472,0.44008264462809915,0.04825305680548688,0.4874274661508704,0.8622394902532707,0.5099218280216476,0.8615487637161522,0.5634408602150538,0.8586720931812685,0.31323631323631324,0.04326909836077723,0.7018319646241314,0.8308772430970749,0.514413279418926,0.5808747178910226,0.4343329886246122,0.2642469305239931,0.4699527346387576,0.6703827747440531,0.5457646389994315,0.8471107589451239,0.6352261790182868,0.8805277549038407,0.40831758034026466,0.5761246683540672,0.724159402241594,0.7907001569613068,0.5627633205886031,0.7103165170725678,0.3495941865056283,0.43460357877149963,0.9385214007782101,0.9983640930517267,0.5870646766169154,0.9423274974253347,0.9601017008902512,0.4743169398907104,0.940305414160111,0.9597004419345002,0.5132874015748031,0.9101401483924155,0.928365377465392,0.6530797101449275,0.9300048947626041,0.993834522689898,0.5857894736842105,0.9534883720930233,0.9496689343759271,0.3905648267008986,0.933504546508982,0.9611477282891775,0.9878417474323737,0.776457399103139,0.9924720935825637,0.8261673860642412
c19_d8_s0,c19,8,0,50000,0,976.2715332508087,0.003659910522401333,0.0010328793476977183,0.0,0.0,0.0,0.0,0.0,0.0,0.0,0.0,0.0,0.0,0.49003067484662577,0.5352293088134145,0.12250766871165644,0.13380732720335362,0.0,0.0,0.0,0.0,0.0,0.0,0.0,0.0,0.0,0.0,0.5398591027067111,0.6227824234586331,0.13496477567667778,0.15569560586465828,0.0,0.0,0.19528619528619529,0.5068925216419155,0.2076923076923077,0.504287308021459,0.49486887115165334,0.8464542497379786,0.0,0.0,0.5322150209683568,0.5673988220784111,0.2903525149448778,0.4377282537593786,0.0,0.0,0.28436763550667715,0.7769740128598372,0.30180505415162456,0.7807455408820425,0.5547594677584442,0.79176509073681,0.19935691318327975,0.027339359682153865,0.6668882978723404,0.7830419508286459,0.4040988938417079,0.5303465631237257,0.0,0.0,0.16096207215541167,0.48049877530679236,0.33746556473829203,0.7786271612828941,0.5682507583417593,0.8387342269899306,0.28733997155049784,0.0201572911205285,0.6650569161779925,0.7904997927173831,0.421697547925371,0.5172749890894345,0.3168771526980482,0.5493683708162783,0.38803792851932895,0.8156330326571121,0.4468491406747295,0.8164701417165284,0.6628019323671498,0.8922580283711163,0.24338624338624337,0.033990757461222,0.7224451991355356,0.7664196058681335,0.5031386955465744,0.6049563933576112,0.46748350612629597,0.669066429254068,0.4927169094363521,0.6862927409664412,0.5720316622691293,0.8555928318946275,0.6567754698318496,0.8997234048868722,0.38762886597938145,0.2970718004535065,0.7252124645892352,0.7866310735089701,0.570090206586098,0.6801025698885986,0.3495500433189948,0.43713024318382293,0.9387121799844841,0.9982500799115585,0.5809917355371901,0.9439588688946016,0.984098076151495,0.4684095860566449,0.9422632794457275,0.98409535764023,0.5181372549019608,0.9223140495867769,0.9520223379826294,0.6657706093189965,0.9309162175404213,0.9556855430421377,0.5815789473684211,0.9544760158875649,0.9745369149753212,0.38380281690140844,0.9373377647807586,0.9677648251419624,0.9903370461449443,0.8248878923766816,0.994962107307476,0.8750490498346319
c19_d8_s0,c19,8,0,55000,0,1074.2275502681732,0.0026875159237533808,0.0007549034358359008,0.0,0.0,0.0,0.0,0.0,0.0,0.0,0.0,0.0,0.0,0.49962490622655664,0.5618594385317035,0.12490622655663916,0.14046485963292588,0.0,0.0,0.0,0.0,0.3237221494102228,0.6035810291923297,0.0,0.0,0.0,0.0,0.5447816432272391,0.6236136568269312,0.16317225659099502,0.2062018333060936,0.0,0.0,0.0,0.0,0.2247191011235955,0.495075049185961,0.0,0.0,0.0,0.0,0.6239572906239573,0.7759477485620483,0.17471591441628895,0.23524319123934215,0.0,0.0,0.17540687160940324,0.6338817998609574,0.304253785147801,0.7807227528904035,0.5399393326592518,0.7885900681198248,0.19838709677419356,0.027339095550351897,0.6911718504555451,0.8061989347488802,0.39734629136868127,0.5234157373340442,0.0,0.0,0.13657623947614594,0.401393613579493,0.25748502994011974,0.7315343568867254,0.5614406779661016,0.8353537831465014,0.0,0.0,0.6774628879892037,0.7709856410932405,0.3425643306068485,0.4959955202654537,0.4160659114315139,0.6285851851079629,0.49810844892812106,0.8628968201846714,0.5241460541813898,0.8622167361955799,0.6396917148362236,0.8520970845505825,0.24427480916030533,0.030565706899059106,0.6888888888888889,0.800507723325702,0.5130738877664398,0.6169341904845205,0.4778761061946903,0.4518685687233683,0.5156445556946183,0.5257275624396622,0.5669714900484131,0.8392735050752576,0.631578947368421,0.8746876914091516,0.4151436031331593,0.5811326918198058,0.7353973827002873,0.8310510333471564,0.5755709959619437,0.7231236571638858,0.32733570046683375,0.42019699848946657,0.9385214007782101,0.9982311673205311,0.5671641791044776,0.9448737764039155,0.9600223478677751,0.4618320610687023,0.9412309116149931,0.959620139569854,0.5132743362831859,0.9232039636663915,0.9392504193479443,0.6386404293381037,0.9313052011776252,0.8109084078598617,0.5700737618545838,0.9548229548229549,0.8657319002872773,0.3772378516624041,0.9377185373165028,0.8971288197702842,0.9895993056560104,0.8123318385650224,0.9942279420407263,0.859633387521722
c19_d8_s0,c19,8,0,60000,0,1171.939893245697,0.0016141359228640795,0.0005092820294565851,0.0,0.0,0.0,0.0,0.0,0.0,0.0,0.0,0.0,0.0,0.5003790750568613,0.5369306475227227,0.12509476876421532,0.13423266188068067,0.0,0.0,0.0,0.0,0.3240078074170462,0.7020515464156613,0.0,0.0,0.0,0.0,0.5341159207630227,0.6118831037893278,0.16052963080884286,0.21147507148197037,0.0,0.0,0.20448877805486285,0.5050567149162913,0.22813688212927757,0.510716480456185,0.4849833147942158,0.8467505595812037,0.0,0.0,0.5653120464441219,0.6050492889942786,0.2986259786582628,0.44759772842491025,0.0,0.0,0.32189168573607935,0.7625471664106475,0.32607167955024596,0.7622074745378546,0.40296662546353523,0.6990802980171464,0.1995172968624296,0.026967097662904733,0.6818481848184819,0.7594668837613467,0.3750799738933055,0.498441456606058,0.0,0.0,0.18647166361974407,0.48148702939889715,0.39949590422180214,0.7869185147426634,0.5774499473129611,0.8697037071474842,0.11672473867595819,0.28150943934499933,0.6634615384615384,0.7520826378576285,0.3882396867660766,0.5815244080993247,0.4831358249772106,0.4762887574207855,0.4996884735202492,0.8650329540678728,0.5206755969714618,0.8643321273295461,0.5493273542600897,0.8125518172349889,0.25075528700906347,0.039778964301736455,0.6903622693096377,0.8395670689334902,0.49790288560044116,0.6067789491857376,0.49906542056074765,0.675687985592577,0.5425,0.8894201945626349,0.5467289719626168,0.8885599452348961,0.6396677050882659,0.8563409484038373,0.41830896376350923,0.5451731611485217,0.7494724148326801,0.8416914208269843,0.5842201369647275,0.7652737263773448,0.34709900877941025,0.46361771457943235,0.9383294301327089,0.9816965123742625,0.6173044925124792,0.9427539969056214,0.9698587975671683,0.5,0.9401947148817803,0.969353629254599,0.5424063116370809,0.9251028806584363,0.9523317817378929,0.6352313167259787,0.9323529411764706,0.9414229718382994,0.5715036803364879,0.9549330085261876,0.8547495180427062,0.3852040816326531,0.9382037194169496,0.9305351461710605,0.989678865904817,0.8002242152466368,0.9945028019435488,0.8563260272436796
c19_d8_s0,c19,8,0,65000,0,1267.3316447734833,0.001118923188187182,0.000306470325325539,0.0,0.0,0.0,0.0,0.0,0.0,0.0,0.0,0.0,0.0,0.4990505127231295,0.5376473177869445,0.12476262818078238,0.13441182944673613,0.0,0.0,0.0,0.0,0.0,0.0,0.0,0.0,0.0,0.0,0.5478131949592291,0.6233026957513029,0.13695329873980727,0.15582567393782573,0.0,0.0,0.2059800664451827,0.7023559963897246,0.23100303951367782,0.706239385232698,0.49716231555051077,0.8465955333081132,0.0,0.0,0.5623188405797102,0.5963760415063193,0.30128554786246026,0.4781258421721433,0.0,0.0,0.19910313901345292,0.4816951029288656,0.3229901269393512,0.7781270698261745,0.5797101449275363,0.8776284568299386,0.1998388396454472,0.02734126916399102,0.6637671462027434,0.7614468986056352,0.40433680485666534,0.5215893372128112,0.18494055482166447,0.007436658432314136,0.3525073746312684,0.8246034481470597,0.38419618528610355,0.8240820293561886,0.5810526315789474,0.8558926884546166,0.25744047619047616,0.4633804647208504,0.6690813302601252,0.803313177585071,0.4536972857356403,0.6686567606847648,0.352067868504772,0.045474007532232005,0.39751552795031053,0.7177103433220713,0.4317745035233824,0.71781718230372,0.5956607495069034,0.8700968015101896,0.3176550783912747,0.4642692564789483,0.7008440137542982,0.8274027076783754,0.5019864520779911,0.6638589858467137,0.4407826982492276,0.046709369543552426,0.45403899721448465,0.529707665488913,0.5231129315389117,0.7582234007945132,0.62,0.8995136217976499,0.3838101884159107,0.29683384081961595,0.7386223862238622,0.814265722700345,0.5537693625768285,0.6138733326483177,0.3538273400043107,0.4623345374213304,0.9440993788819876,0.9983509055838856,0.6019736842105263,0.9450436569080637,0.9347649439103916,0.48586956521739133,0.9423165666820489,0.9345893287098381,0.5274240940254652,0.927920463960232,0.9973715189594682,0.6464285714285715,0.9308484551250613,0.9253543793692345,0.5911485774499473,0.9560439560439561,0.888632593751302,0.39080459770114945,0.9396581856549874,0.9418150545370108,0.9914725878779111,0.8477578475336323,0.9965172357050247,0.9062727731375078
c19_d8_s0,c19,8,0,70000,0,1358.7621159553528,0.0007394910207949579,0.0001551012691796498,0.0,0.0,0.0,0.0,0.0,0.0,0.0,0.0,0.0,0.0,0.4973544973544973,0.5353173170468041,0.12433862433862433,0.13382932926170102,0.0,0.0,0.0,0.0,0.0,0.0,0.5157657657657657,0.8945847587729496,0.0,0.0,0.5364963503649635,0.6120362708772921,0.2630655290326823,0.37665525741256045,0.0,0.0,0.22001654259718775,0.7034857856192998,0.24375473126419378,0.7073614158522619,0.4965197215777262,0.8949055309660289,0.20952380952380953,0.027584529386926505,0.6137640449438202,0.5787263363787513,0.3685995001664541,0.49287469930555683,0.0,0.0,0.3120243531202435,0.7246666063357069,0.3169705469845722,0.7244403511807772,0.4969818913480885,0.41940522965203086,0.1998388396454472,0.026604154234749097,0.6780664255179217,0.7829247806798172,0.3961380308032657,0.427992454268023,0.28412874583795783,0.6040750777799145,0.28032786885245903,0.6404412805583223,0.3138138138138138,0.6409328715618581,0.6136595310907238,0.86122410114788,0.0,0.0,0.6785830354241144,0.8292743887477457,0.3962498440040621,0.5797453916322477,0.3374578177727784,0.474158712353552,0.4139941690962099,0.7704751181739515,0.4544303797468354,0.7713505457886901,0.6143790849673203,0.8630626387807165,0.29075511644318985,0.4600926538029139,0.7185960591133005,0.7728292756263938,0.5064227623489379,0.6919948400788556,0.5389435989256938,0.8550761010649949,0.5561833019460138,0.8646404635746774,0.5583577712609971,0.8638555356600427,0.6445783132530121,0.8720328969427619,0.3908205841446453,0.43412330068669897,0.7374810318664643,0.8359916923439161,0.5810103716604225,0.7508346475183205,0.37654638033634985,0.4934180884967521,0.9439252336448598,0.9983046769929536,0.6386138613861386,0.9449305198147195,0.9459098878391886,0.5070806100217865,0.9412309116149931,0.9456351287170283,0.5373647984267453,0.9247311827956989,0.9523729923250592,0.6368515205724508,0.9347079037800687,0.9940263877899497,0.585609243697479,0.9537712895377128,0.8400917562533343,0.3985969387755102,0.9391431494512512,0.9374435918878501,0.9924490091132648,0.864798206278027,0.99710854615386,0.9204551824653848
c19_d8_s0,c19,8,0,75000,0,1449.0088562965393,0.0005693346029147506,6.161808308812815e-05,0.0,0.0,0.0,0.0,0.0,0.0,0.0,0.0,0.0,0.0,0.502444528018052,0.5609091512104513,0.125611132004513,0.14022728780261282,0.0,0.0,0.0,0.0,0.0,0.0,0.0,0.0,0.0,0.0,0.5512960934647682,0.6233599415311368,0.13782402336619204,0.1558399853827842,0.0,0.0,0.21487603305785125,0.7023850618250201,0.23903177004538578,0.7062683153221574,0.5079365079365079,0.8467581877918409,0.0,0.0,0.5724585436193222,0.5993945161871628,0.30792441314756064,0.4789259574236824,0.0,0.0,0.21428571428571427,0.48461678134828257,0.2224025974025974,0.486026260281105,0.49158249158249157,0.7187767199391313,0.1998388396454472,0.02739084036323306,0.6604152712659076,0.7821821912230427,0.37434984326415427,0.46297435801713405,0.24093264248704663,0.008281457829290278,0.30431244914564687,0.6379875556652632,0.337061894108874,0.6385232606931871,0.5723204994797086,0.8496107429578789,0.23556231003039513,0.013678708185336494,0.7019987886129618,0.8085701987924001,0.45099598167589705,0.5250309353328823,0.36363636363636365,0.6694620590345626,0.4260185847033595,0.8828801686462009,0.5090273733255678,0.8853968815355161,0.6086956521739131,0.8477602255852221,0.31684491978609625,0.4644562707843773,0.6689212039228948,0.8266252484734946,0.5068389707761669,0.7378553619787968,0.5193370165745856,0.6770867549742645,0.5549278091650973,0.8960703016443763,0.5419354838709678,0.8920208005275766,0.6109936575052854,0.8870115123205957,0.3535690460306871,0.470611090245668,0.7272157845286564,0.8311043194241251,0.5576279811503781,0.7526132185931154,0.3515960493406946,0.4647810149330011,0.9440124416796267,0.9983080644408622,0.6301482701812191,0.9445015416238438,0.9458605421782303,0.5065288356909684,0.9423165666820489,0.9462081709837072,0.5372184133202742,0.9256198347107438,0.9523787563576407,0.6276785714285714,0.9327442317133039,0.9253612233727396,0.5963157894736842,0.9525258673158856,0.7701812234392027,0.41182108626198083,0.93862502926711,0.9028450322592958,0.9922175611167365,0.8578475336322869,0.9971121627315288,0.9185492460339705
c19_d8_s0,c19,8,0,80000,0,1539.3703224658966,0.0004988257423974574,3.0000001268729426e-05,0.0,0.0,0.0,0.0,0.0,0.0,0.0,0.0,0.0,0.0,0.5024482109227872,0.5621627190098709,0.1256120527306968,0.14054067975246773,0.0,0.0,0.0,0.0,0.0,0.0,0.5228031145717463,0.84697266502274,0.0,0.0,0.5448529411764705,0.6223217818916983,0.2669140139370542,0.3673236117286096,0.0,0.0,0.21322314049586777,0.7027800186194886,0.23751891074130105,0.7066600670535034,0.4925883694412771,0.8462071055329967,0.0,0.0,0.5738697045211819,0.6248079096458147,0.30417635609371213,0.4852070942674522,0.0,0.0,0.3099460292983809,0.7610320000959792,0.3222143364088006,0.7608082780691833,0.5632911392405063,0.8790153599616186,0.20273531777956558,0.026950007984110375,0.6604651162790698,0.7601187602464706,0.4093029238003839,0.5433410552284801,0.35451505016722407,0.032114749302901285,0.38193930421909694,0.6454638102435771,0.4073820915926179,0.6459316087311234,0.5816649104320337,0.8728896532120368,0.137221269296741,0.008963370151250311,0.6824047843877872,0.814795027176276,0.4456424448607187,0.5344545266580243,0.4689092762487258,0.04821034614729446,0.5318761384335154,0.8134793206792675,0.5742145178764897,0.8122388674173043,0.6653658536585366,0.9003689044083854,0.3579088471849866,0.385731088651237,0.7115902964959568,0.8678409279222286,0.5649662437147642,0.6779792747657849,0.5358090185676393,0.881757973607098,0.5242596093257719,0.8570124707103529,0.5782869612656847,0.8594130654614447,0.6243496357960457,0.9005641800185296,0.4045853000674309,0.6805273759999586,0.7314248954647796,0.8055750740263541,0.5766195902619887,0.8131819499927851,0.3847476607713312,0.5088611703419434,0.9447470817120622,0.9983123493910891,0.5988467874794069,0.9445015416238438,0.9347349225015049,0.4836779107725789,0.9413394919168592,0.9345586509104585,0.5191364082433758,0.9247311827956989,0.9421843847939552,0.6323792486583184,0.9332023575638507,0.9253699450415113,0.5942105263157895,0.9537993920972644,0.8166841872052439,0.4110898661567878,0.938815576051934,0.9100267894937653,0.9922898886156517,0.8591928251121076,0.997224276639259,0.9205672963731151
c20_d8_s0,c20,8,0,5000,0,110.75280547142029,1.1640206575393677,0.0029987339866738077,0.678125,0.7831243623362016,0.6454033771106942,0.7362558681182061,0.6265341905318527,0.7330363540132874,0.7671497584541063,0.9536059932232431,0.4579326923076923,0.6648782187433876,0.6894045289348616,0.5773650745929181,0.6411269588943773,0.7366637036788618,0.5721739130434783,0.10602730337796196,0.5323349217154527,0.09701984909020422,0.6086474501108647,0.7409782882029056,0.7105263157894737,0.9342583575240739,0.3865546218487395,0.5627836722123195,0.6708074534161491,0.8078279278060425,0.5847351215027403,0.6548862761081984,0.5717111770524234,0.4878058099987088,0.5323308270676692,0.44032749628412726,0.5947592931139549,0.875140292372617,0.7836034318398475,0.9373913468484537,0.4479101684341859,0.6253828475307277,0.7100130039011704,0.7536903255511952,0.6269484258133049,0.7293889298705486,0.5328874024526199,0.5051460953866379,0.6037463976945245,0.4741059872527634,0.6321493076459964,0.8994972049539567,0.775,0.9372504242040168,0.5051546391752577,0.5445307449584352,0.7396504139834407,0.7236961036219989,0.6523498556057696,0.7079317588288926,0.5047518479408659,0.6737985287333024,0.687066974595843,0.4784781503326734,0.6918429003021148,0.7112526610953318,0.7575462512171373,0.9368054272867975,0.6137339055793991,0.37187761825137033,0.7742549143944197,0.7303577145491417,0.6933555780343077,0.6650543017019364,0.60695468914647,0.6938086537600303,0.7655384615384615,0.638905721022742,0.7565543071161048,0.6114427187294129,0.8342440801457195,0.9492583102352282,0.6543730242360379,0.6788239945412298,0.7975964579380139,0.7686384622893978,0.7489740120633626,0.7611932828924795,0.6976744186046512,0.955191258720638,0.7867132867132867,0.9603717896059625,0.7614879649890591,0.9564088380589398,0.8185185185185185,0.9488933277439099,0.6582278481012658,0.5244699375145805,0.8163771712158809,0.8180809243897011,0.7604371903178327,0.8121920379441762,0.6725610203188136,0.723901470146442,0.9129746835443038,0.9744860474670285,1.5779896013864818,0.9458749343142406,0.9790764765130768,1.3977777777777778,0.9456264775413712,0.9791684407318766,1.396,0.9513776337115073,0.4519357569936999,0.7487223168654173,0.9205722742969906,0.871984444688055,1.4592711682743837,0.9561510353227771,0.9048168930845114,1.326751592356688,0.9407315771161451,0.8015785207508984,0.712852596557211,0.005829596412556054,0.7117587598031858,0.008913055664555188
c20_d8_s0,c20,8,0,10000,0,213.19332575798035,0.21401290595531464,0.002954574462833066,0.0,0.0,0.38006644518272426,0.55999208896011,0.3908472479901051,0.5608516238878466,0.0,0.0,0.33754740834386854,0.2818442420850613,0.43046640992725715,0.04250295449942907,0.25624626233218384,0.1744904418834523,0.0,0.0,0.3866279069767442,0.7162824548967268,0.40053763440860213,0.7207248358985673,0.5720670391061452,0.8868382511570011,0.2690960056061668,0.32093508846277363,0.5916247906197655,0.7849730297735239,0.42379408728179824,0.6179371999145992,0.3452631578947368,0.30282860396659245,0.5167580743449116,0.8636761425243754,0.5122646891043925,0.8628660167923558,0.56045197740113,0.8957759044224336,0.35875,0.3981504225675732,0.6831275720164609,0.619185599637825,0.5151062141330678,0.6473922119305683,0.5074626865671642,0.7754125767373862,0.5013812154696132,0.716701856590101,0.5654390934844192,0.8922165480156196,0.49586776859504134,0.7959211832257419,0.5213628988642509,0.6734169851038442,0.6181681115718055,0.6329986453614102,0.5400399443845408,0.724278451868008,0.5757832345469941,0.5762180319353426,0.5870348139255702,0.5829962219451994,0.6273512963904423,0.7387422491708451,0.6102783725910065,0.8883870465620948,0.5753988677303139,0.7588900309611867,0.6795479402114473,0.7322417402423755,0.6154870738717758,0.7530427463623631,0.5946481665014867,0.6351476009372561,0.5975274725274725,0.6844082106158473,0.6083283041641521,0.8639510979070666,0.654296875,0.8999250122220197,0.593952483801296,0.6923291330034042,0.7176661264181523,0.7178342519767561,0.6415208665709546,0.7594810084222259,0.6591889559965487,0.7573220348208151,0.6812918951858623,0.7827465211930718,0.687299893276414,0.925957838313037,0.682233502538071,0.9193984171061498,0.5950920245398773,0.6039491957722577,0.7642124883504194,0.8087886269234841,0.679366232561994,0.7885362594777166,0.5245086687337593,0.6378797599798476,0.9086651053864169,0.9978299897537026,1.2663230240549828,0.9368146214099217,0.9996078023620181,1.2201783723522854,0.9423887587822014,0.9996664771338603,1.2937375745526838,0.9527687296416938,0.996022639719405,0.7863247863247863,0.9405405405405406,0.9965620743173611,1.0977011494252873,0.9584605986560782,0.9990098961054373,1.066921606118547,0.9452648410077897,0.9976573416396827,0.7697092434543613,0.01547085201793722,0.7693708420658615,0.017097370928863726
c20_d8_s0,c20,8,0,15000,0,322.1082606315613,0.1620354801416397,0.0028491375670817902,0.0,0.0,0.4105461393596987,0.5099812152183022,0.4422287390029325,0.5156601675253243,0.0,0.0,0.0,0.0,0.4161950370047889,0.0310259291354288,0.17511333244808314,0.09322659751249272,0.0,0.0,0.47091800981079185,0.7187179614713923,0.4821312540610786,0.7231550999992737,0.4864864864864865,0.8393452291399185,0.0,0.0,0.6155674390968509,0.6514137489129482,0.35493425338515683,0.49284583296910556,0.3472803347280335,0.7398599283955307,0.3764705882352941,0.7910841014780464,0.3835616438356164,0.7950973980369836,0.49292452830188677,0.8498407567592099,0.0,0.0,0.6283367556468172,0.8167707589589956,0.3725913682204213,0.6104896645887647,0.42655935613682094,0.7416919350010792,0.516504854368932,0.763455009130046,0.5226312613156306,0.7674784861475877,0.4114713216957606,0.7551608554232203,0.34055265123226286,0.5232131226323214,0.6715328467153284,0.823140483686288,0.4780304942292866,0.7147640679586835,0.5617529880478087,0.6387134150312145,0.5144927536231884,0.5836808913834045,0.593698175787728,0.8193153132447256,0.5934065934065934,0.8888322658622355,0.4855916615573268,0.6963763198335833,0.7241951543312314,0.7303344700068078,0.5899603454453484,0.7490282322306021,0.6062917063870352,0.8622473837613329,0.6492211838006231,0.8105797562010189,0.6243447874199185,0.8068870253320125,0.6256742179072277,0.894851312769829,0.4235463029432879,0.8257985349373802,0.7687097866576363,0.9581884542387467,0.6111373833443361,0.8763524225943526,0.6456400742115028,0.6917486805020598,0.6713554987212276,0.7275635560305678,0.6746302616609784,0.8989590422450084,0.6569037656903766,0.919719655331556,0.565989847715736,0.8861992421413831,0.7745625841184388,0.8449698795885906,0.6653328689306136,0.8559114674968521,0.4638714351433208,0.6275168979072648,0.9250197316495659,0.9982060385556994,0.8540955631399317,0.9492412349555207,0.9996074925386593,0.9553472987872106,0.950187969924812,0.9996037596020138,1.013353115727003,0.9596122778675282,0.6425707946806396,0.8636363636363636,0.9389763779527559,0.9939941229260513,1.0104821802935011,0.9657910812461821,0.9898849143066845,0.7919038583175205,0.9514656789774414,0.9063972322030416,0.7992333285115001,0.021524663677130046,0.8024679526011331,0.026795223947530693
c20_d8_s0,c20,8,0,20000,0,433.09228444099426,0.13837338984012604,0.002686911358940937,0.0,0.0,0.0,0.0,0.0,0.0,0.0,0.0,0.0,0.0,0.4817463304478735,0.3686498613856946,0.12043658261196838,0.09216246534642365,0.0,0.0,0.0,0.0,0.30446194225721784,0.6098774747905646,0.6359743040685225,0.9014400475257691,0.2697947214076246,0.035700515805822175,0.6136986301369863,0.8015780820508571,0.4052387424247182,0.48550278424482585,0.31256830601092894,0.7508425584045471,0.3192868719611021,0.7728072580808384,0.475,0.7818600491445168,0.5891472868217055,0.8983060671416196,0.38825644098262435,0.42738432190369025,0.6078227760470751,0.8112134980919403,0.4885445574605205,0.7263517939201377,0.2823803967327888,0.7506578897484971,0.36148148148148146,0.7760773578037417,0.41450068399452805,0.7804695906572062,0.6776180698151951,0.8909605705736706,0.43123123123123125,0.4908313052179236,0.7028061224489796,0.9014714067744074,0.541110736057918,0.7630828904922875,0.5416666666666666,0.8019560126690071,0.5205479452054794,0.6869776216747201,0.5531453362255966,0.7469031880651418,0.6715328467153284,0.9023068413987351,0.45685909373060213,0.375410940215972,0.7220168067226891,0.8844278340664831,0.5972155158003002,0.7268561391210366,0.5724976613657624,0.799054982125747,0.5841584158415841,0.8196695888780295,0.5844907407407407,0.8234352047573889,0.7601547388781431,0.9344292812073345,0.5511432009626955,0.6433230628334411,0.7795325331648768,0.9478409330308915,0.6678031864137695,0.8349116339146805,0.5074285714285715,0.6305639409826856,0.5490753911806543,0.5717020161252508,0.5799031476997578,0.8039280805395577,0.7531707317073171,0.916429834501477,0.4699527346387576,0.609568756041401,0.8041237113402062,0.8037890160887196,0.6431790536139855,0.749629738128524,0.4947897677690257,0.625499635023988,0.9265982636148382,0.998301945842118,0.813458262350937,0.9425287356321839,0.9995790842308158,0.9445676274944568,0.9441576724542469,0.9615429753207793,0.9965208747514911,0.9601301871440195,0.9984345132383625,0.7754237288135594,0.9330727894479727,0.9684281443150359,0.9764397905759162,0.9663402692778458,0.9934204103635872,0.791956934768841,0.9493262007758987,0.9866894340953891,0.8044987704325185,0.02242152466367713,0.8047463965324253,0.028252704748023993
c20_d8_s0,c20,8,0,25000,0,544.0933392047882,0.1277541071176529,0.002474801209370144,0.0,0.0,0.4474885844748858,0.6838802604056348,0.4729483282674772,0.6892928640999006,0.0,0.0,0.35477582846003897,0.44357494832868033,0.4199616122840691,0.032558835337172125,0.2703874362478906,0.23346453962525773,0.0,0.0,0.5,0.7198450874609122,0.5379464285714286,0.724450824083538,0.6081504702194357,0.897425162385389,0.3278236914600551,0.4487985174986377,0.6126993680409268,0.7341102474937744,0.47366391814439013,0.6404414744731545,0.0,0.0,0.4714733542319749,0.7209670067155812,0.5143526654950205,0.725587712995238,0.5867237687366167,0.897324409303872,0.2301710730948678,0.4266893338188278,0.6706450696220517,0.6519512699989725,0.454037146173967,0.6145374799229864,0.0,0.0,0.30153846153846153,0.7877067799374873,0.3626062322946176,0.7930076749728245,0.4548736462093863,0.7340915433911239,0.3970223325062035,0.47760160522649564,0.7367829021372329,0.8284754127602553,0.4525151113659623,0.6417683449203281,0.4889867841409692,0.6315392741207687,0.485859318346628,0.8581082080582969,0.5309181761399125,0.8629712876225362,0.5579302587176603,0.7597876272990106,0.30802919708029197,0.043305603432450594,0.7616875712656784,0.7396234716034704,0.5323921133182001,0.5817307397338664,0.5317693059628543,0.8604739348630588,0.5653533458411507,0.819316095590695,0.5925925925925926,0.8741689828718683,0.734375,0.8848132958338594,0.5061881188118812,0.5962382291491224,0.7601428107757222,0.9575074847144576,0.6409860860966173,0.8224696702014951,0.5405405405405406,0.649501666472565,0.5454545454545454,0.6433913370313754,0.5843920145190563,0.8455365337676684,0.7216699801192843,0.9139397166317794,0.5309508615188258,0.7537748122607844,0.8026357075619706,0.8447402868593981,0.6530130623428654,0.8063161653772911,0.4967135533842703,0.6201040591791971,0.925255704169945,0.9966484314740066,0.9659863945578231,0.9474778991159646,0.9995545461165667,0.9401756311745335,0.9493908153701968,0.9996380514088002,0.991609081934847,0.9505271695052717,0.4627431702173299,0.8395904436860068,0.9318293281020108,0.9423940112651423,0.991578947368421,0.970381679389313,0.9990112334207526,0.763058527375708,0.9483615791371577,0.8506905228090873,0.8095978591060321,0.03430493273542601,0.8133050275854462,0.03570827961208588
c20_d8_s0,c20,8,0,30000,0,655.0201904773712,0.11120915412902832,0.0022218358646113167,0.0,0.0,0.0,0.0,0.44154370034052215,0.5270072415968681,0.0,0.0,0.0,0.0,0.5829764453961456,0.6157572996010899,0.18253941971074658,0.19785659503334482,0.0,0.0,0.4444444444444444,0.6735935738460164,0.44084682440846823,0.6705667084409638,0.0,0.0,0.0,0.0,0.5980952380952381,0.6403629195367502,0.22329808192821893,0.2721040867414359,0.0,0.0,0.0,0.0,0.31724137931034485,0.41528104502118324,0.5195402298850574,0.8546930406571811,0.24119028974158183,0.0457465746848261,0.5768463073852296,0.7665386677597944,0.36083098836216265,0.45135132452721566,0.0,0.0,0.3040650406504065,0.46122571648582605,0.3025335320417288,0.46275276212260064,0.37292464878671777,0.7203301985460095,0.0,0.0,0.6099827882960414,0.629589627655194,0.2962767403283677,0.4144781631010031,0.4977934686672551,0.8186263859304871,0.5374855824682814,0.807766133302856,0.5781021897810219,0.7575546525233763,0.303595206391478,0.7176388857106529,0.31968503937007875,0.3002736477210259,0.6695507487520799,0.7331748033223799,0.4576561853714557,0.6364340985015746,0.547112462006079,0.6463889049356039,0.6268656716417911,0.8462208595453058,0.6148867313915858,0.8425911124990977,0.4756756756756757,0.8307019822715918,0.3725346968590212,0.438640354299875,0.7503045066991474,0.6298203420211944,0.5487007918950824,0.6693907427298327,0.5729058945191313,0.6491991757481168,0.6068779501011463,0.6956728905813317,0.6246450880181715,0.8409509362443377,0.5735294117647058,0.8978853952416674,0.5351418002466092,0.2890784504831849,0.7592137592137592,0.6425937650722785,0.6173403205261394,0.6395413195804316,0.3838060754460248,0.46873661860211985,0.9200626959247649,0.9584404344799569,1.0638841567291313,0.9442998438313378,0.9664259901037752,0.9558985667034179,0.9449112978524743,0.9667304410956441,0.9906126482213439,0.9449838187702265,0.9749010441436283,0.9041095890410958,0.9251231527093596,0.9241258131347674,0.9611288604898829,0.970939125114714,0.9983288437562448,0.7781978575929427,0.9443676772826232,0.9653053307319415,0.8222985679155215,0.04170403587443946,0.8254531119746695,0.03935198161331913
c20_d8_s0,c20,8,0,35000,0,765.8222694396973,0.0984768494963646,0.0019387831257830976,0.0,0.0,0.0,0.0,0.4080145719489982,0.571411579325464,0.0,0.0,0.35517452541334965,0.4215796613529018,0.5684013711436584,0.39744125091612337,0.2648951884683352,0.2523728596777116,0.0,0.0,0.4469879518072289,0.5919329660272855,0.4853273137697517,0.5929318613591027,0.0,0.0,0.0,0.0,0.6236130867709815,0.6564805910000435,0.23359621049082707,0.26285888336554325,0.0,0.0,0.17058311575282856,0.013600377798765334,0.21252973830293417,0.01421456708671547,0.5415244596131968,0.8968494296199881,0.0,0.0,0.641002138710663,0.8005441470732654,0.3275577207522785,0.42666630624710344,0.0,0.0,0.32436363636363635,0.5991478495834816,0.367182246133154,0.5962851336717979,0.4030037546933667,0.7016519129575597,0.3656884875846501,0.5189857067378383,0.6440366972477064,0.7660350929213635,0.41081105842283,0.5962875934254637,0.24475524475524477,0.7975067488704751,0.47058823529411764,0.7163334616294712,0.4827981651376147,0.713744311076339,0.6605504587155964,0.8303127958717051,0.32507739938080493,0.5185127965444565,0.666883963494133,0.8892659815253616,0.5129730924965483,0.7451549369500713,0.4994944388270981,0.8130596592353249,0.55359565807327,0.8777840450677085,0.5384615384615384,0.8734963355102453,0.6807653575025177,0.9121988438639231,0.4034969737726967,0.5193906029724493,0.7268057784911718,0.81225714489365,0.585396330388422,0.7746566512502789,0.5217391304347826,0.639667224245334,0.5896934116112198,0.8711165291577545,0.612736660929432,0.8643629738631035,0.7265625,0.91271876702519,0.492604501607717,0.4756033924733155,0.7822384428223844,0.7077719017132806,0.6440321280221449,0.7219524092417958,0.4256088184344837,0.5399928057368526,0.9252782193958664,0.9966715471112519,0.8548109965635738,0.9430809399477806,0.9176186419136255,0.8781838316722038,0.9414519906323185,0.8860476177975533,0.9288557213930348,0.9579967689822294,0.9989281162514128,0.8448566610455311,0.9293827160493827,0.9447050442163847,0.8416578108395324,0.9640463132236441,0.9891866048268078,0.7405183312262958,0.9470073787284778,0.9665664252255205,0.8198683639519745,0.022645739910313902,0.8194315101562543,0.024272661023599977
c20_d8_s0,c20,8,0,40000,0,877.4451606273651,0.08591167628765106,0.0016376915033274812,0.0,0.0,0.0,0.0,0.0,0.0,0.0,0.0,0.3155080213903743,0.02864495578640562,0.5198797193451387,0.7316977292296671,0.20884693518387826,0.19008567125401818,0.0,0.0,0.0,0.0,0.0,0.0,0.0,0.0,0.2514367816091954,0.009863096217134769,0.6234464225730602,0.8857346604342529,0.2187208010455639,0.2238994391628469,0.0,0.0,0.3261205564142195,0.031088093607153398,0.3789338471419396,0.037207362015511024,0.0,0.0,0.2261904761904762,0.006031795505106298,0.6883388010736654,0.8112213462015578,0.2873868529457153,0.2100045733952214,0.0,0.0,0.28969790859798605,0.02339763917943645,0.3887185775597793,0.1318312191622172,0.0,0.0,0.19184652278177458,0.005226110735620294,0.7012909036325428,0.8814430774163713,0.2798190637833931,0.2346030352331357,0.22982885085574573,0.4286089635253943,0.40086830680173663,0.3750898507035412,0.43757431629013077,0.4159477033372509,0.4906054279749478,0.1934542654606567,0.308259587020649,0.04247252846740546,0.7317668599328654,0.6071489639768181,0.47168059156108333,0.31240614927340227,0.4336842105263158,0.49004955566649094,0.4057971014492754,0.43934893193054575,0.42885245901639346,0.7642836120528584,0.49015317286652077,0.44238676738916116,0.2848,0.02026747637268823,0.7749608763693271,0.8873155301915707,0.49317299322496067,0.4786326184591796,0.5651720542231491,0.5707799270981079,0.5862068965517241,0.5413305894194045,0.5836758661186142,0.8283219876001338,0.5948275862068966,0.5906576714682055,0.4410994764397906,0.4310353431982394,0.7842761265580057,0.8155246997937293,0.5996386987089639,0.621007137291514,0.36560941949336545,0.32437694629561686,0.9234411996842936,0.8331597019921025,0.8521367521367521,0.9392838609237156,0.7704185857103312,0.8066298342541437,0.9394785847299814,0.7427365226721842,0.8592666005946482,0.9605792437650845,0.9991455958537562,0.8576214405360134,0.9299111549851925,0.9417458771727814,0.8964968152866242,0.967504598405886,0.9990985127043941,0.7389100126742713,0.9480157197338733,0.9305237306306177,0.8559236221611457,0.06031390134529148,0.8589317714539908,0.06362464263691911
c20_d8_s0,c20,8,0,45000,0,989.1977615356445,0.07165747135877609,0.0013313773563871881,0.0,0.0,0.0,0.0,0.0,0.0,0.0,0.0,0.0,0.0,0.4946553630667158,0.39365968531831635,0.12366384076667895,0.09841492132957909,0.0,0.0,0.0,0.0,0.0,0.0,0.0,0.0,0.0,0.0,0.5223717715532921,0.39842915315321376,0.13059294288832302,0.09960728828830344,0.0,0.0,0.0,0.0,0.0,0.0,0.0,0.0,0.23370786516853934,0.005258394422898811,0.6237942122186495,0.4954439790436168,0.21437551934679722,0.1251755933666289,0.0,0.0,0.2902979373567609,0.17680302283487914,0.2997888810696692,0.17547223045206176,0.24904701397712833,0.5192015233774296,0.22145922746781116,0.005678989713886842,0.6622316298760206,0.8694025975289871,0.3323583693657759,0.37792704876232097,0.26139088729016785,0.07590621615634957,0.3015484922575387,0.07230682746839256,0.28230022404779687,0.07169260572247176,0.4872080088987764,0.6695929188468943,0.2695035460992908,0.2914015152422434,0.6962099125364432,0.8643857569793851,0.4336670005165862,0.47467051854606523,0.4340723453908985,0.11731754810515693,0.4630541871921182,0.1901596088546016,0.4902439024390244,0.6973844919830176,0.5922023182297155,0.8513691323186261,0.2859437751004016,0.017307706486074045,0.725059181602976,0.8490036481955477,0.5164155216517766,0.5131585924952933,0.6041055718475073,0.4782275518222365,0.5643370346178967,0.4840616780116355,0.600891861761427,0.8712089498101148,0.613277133825079,0.8972734511042285,0.5520046484601976,0.663918119252417,0.7533039647577092,0.7590583768925744,0.627090975779649,0.7328540017826372,0.3397377386165124,0.34597256636726115,0.9285714285714286,0.9966789227108168,0.9615384615384616,0.9462702138758476,0.9996171032933081,0.8671444321940464,0.9443144595226953,0.9614189402545938,0.9038652130822596,0.9670152855993563,0.9970003742401206,0.7653910149750416,0.9305962854349951,0.9410196544936288,0.8566176470588235,0.966952264381885,0.998388756099986,0.7901898734177215,0.9510706340182233,0.9805784433966604,0.8658975842615363,0.06771300448430494,0.8667833615727772,0.06738045854588262
c20_d8_s0,c20,8,0,50000,0,1100.3727736473083,0.05691920593380928,0.0010328793476977183,0.0,0.0,0.0,0.0,0.0,0.0,0.0,0.0,0.0,0.0,0.5586314152410575,0.5686502222844949,0.13965785381026438,0.14216255557112373,0.0,0.0,0.0,0.0,0.0,0.0,0.0,0.0,0.0,0.0,0.5310296191819464,0.12534429202091,0.1327574047954866,0.0313360730052275,0.0,0.0,0.33359936153232245,0.06267899220555118,0.3076923076923077,0.062163665820948365,0.0,0.0,0.0,0.0,0.573392918528704,0.8108184063482531,0.19678920206756184,0.2131081564226049,0.2591743119266055,0.07444015977692653,0.3123425692695214,0.06800676808193765,0.2870299309286262,0.06739240788357484,0.4023952095808383,0.7584239431965423,0.23389830508474577,0.007793982954411926,0.6545795561112848,0.7715088215191142,0.39426383537127996,0.401918298229387,0.0,0.0,0.3945868945868946,0.2957856112847543,0.4173180998196031,0.3534926518030215,0.47123893805309736,0.43630331864661825,0.30711610486891383,0.015107243148725672,0.6817891373801916,0.7611491357035827,0.4326947946094255,0.357246446298713,0.4141315014720314,0.07235430114745289,0.474034620505992,0.06927986766494638,0.4485749690210657,0.07691864819018802,0.542948038176034,0.46262662864816656,0.4,0.045966452105889254,0.7145177005521273,0.9112360462780238,0.5257615255986311,0.3731700165082355,0.45219347581552305,0.09976596767145203,0.5316804407713499,0.14917745663689716,0.5627962085308057,0.6971447493811015,0.6342451874366768,0.45486506309944924,0.44030365769496205,0.07545174775820444,0.7468274111675127,0.846392012253493,0.5842332411679277,0.4230178869185743,0.34373683677436817,0.27742277613626654,0.9313338595106551,0.9996864901377197,0.8771186440677966,0.9464378575143005,0.9996227790059706,0.8483516483516483,0.9450651769087524,0.946743024384404,0.8837438423645321,0.9612277867528272,0.9971720858993575,0.8201680672268907,0.9326065411298315,0.9376812716126047,0.873538788522848,0.9632578077158603,0.996408891348587,0.7498410680228862,0.9495094417274388,0.9783199200091451,0.8777592940836106,0.08004484304932735,0.8787180678795463,0.09159706261561747
c20_d8_s0,c20,8,0,55000,0,1201.7807023525238,0.04217813163995743,0.0007549034358359008,0.0,0.0,0.0,0.0,0.0,0.0,0.0,0.0,0.0,0.0,0.29002217294900223,0.7210086878142241,0.07250554323725056,0.18025217195355603,0.0,0.0,0.0,0.0,0.0,0.0,0.0,0.0,0.22369389256806477,0.013965650376388111,0.5734818541142652,0.8888838353613372,0.19929393667058248,0.22571237143443132,0.0,0.0,0.0,0.0,0.0,0.0,0.0,0.0,0.19751166407465007,0.008064821675767475,0.5416364952932657,0.6910698617062692,0.18478703984197895,0.17478367084550916,0.0,0.0,0.23824451410658307,0.05472504825884381,0.2334293948126801,0.0543306510991654,0.3691275167785235,0.34219522047475476,0.2189655172413793,0.011983238142994158,0.6649632705206004,0.8638032406322692,0.3525702352117311,0.3135833997590053,0.0,0.0,0.33431516936671574,0.06438433829908642,0.308843537414966,0.06383413730825933,0.49294245385450597,0.20701446896125092,0.18804920913884007,0.005444416388416265,0.7227452171272396,0.8975821278050743,0.4045307789286199,0.28819512625596416,0.437941473259334,0.0970023365059359,0.43636363636363634,0.12316566671996307,0.41115434500648507,0.12367580649570824,0.608786610878661,0.7911635877542356,0.3877551020408163,0.05788360066338077,0.7436778020605682,0.8871264128953199,0.5421764999641328,0.462697051138368,0.37757437070938216,0.07338710069034975,0.42674680691209615,0.1146760430152539,0.3991683991683992,0.1136882071272157,0.6345609065155807,0.3734963282838816,0.4302405498281787,0.05747062299632865,0.7287615148413511,0.9044622675234505,0.5486815408621007,0.3590032506036501,0.3292207963880566,0.28631814885578344,0.9212598425196851,0.9978657191150077,0.958974358974359,0.9429460580912863,0.9995208363782114,0.9317931793179318,0.9416705552963136,0.9468243596785585,0.9995044598612488,0.9546925566343042,0.9973061092149371,0.7203389830508474,0.9275793650793651,0.7968631100344977,0.8342245989304813,0.9616555082166768,0.9979311845730043,0.8123417721518987,0.9448048954748602,0.9433760105532579,0.8894618834080718,0.11860986547085202,0.8900144482277865,0.1287067660743315
c20_d8_s0,c20,8,0,60000,0,1313.752328634262,0.02584628015756607,0.0005092820294565851,0.0,0.0,0.0,0.0,0.0,0.0,0.0,0.0,0.0,0.0,0.4282968089196463,0.405370570059724,0.10707420222991157,0.101342642514931,0.0,0.0,0.0,0.0,0.0,0.0,0.0,0.0,0.0,0.0,0.5876411170528818,0.7041249370855337,0.14691027926322045,0.17603123427138342,0.0,0.0,0.0,0.0,0.21970233876683204,0.06314076655415218,0.0,0.0,0.18016528925619835,0.005702135471128711,0.5670069147184722,0.6334571198794103,0.20510157922423697,0.1650515443838141,0.0,0.0,0.2573099415204678,0.06401475167348554,0.239877769289534,0.06343507753510763,0.2111801242236025,0.04330688847759572,0.18469656992084432,0.005409847666797632,0.608609924416694,0.4286534972202834,0.29255396387445204,0.12996337744188527,0.2289156626506024,0.06885589407219193,0.28372497824194953,0.062480415287374746,0.2616970658207772,0.06190958098979067,0.20689655172413793,0.0631517814325602,0.1771479185119575,0.005320236739288562,0.686404139120437,0.8071823905187488,0.33214029456524385,0.23501742636842918,0.42689434364994666,0.09864444182765213,0.4573925710123816,0.08961288698452535,0.42828282828282827,0.08881859319217332,0.46271929824561403,0.3415441497738331,0.17406749555950266,0.005343688472926873,0.7397812320092113,0.878666666957225,0.45352281836567837,0.32947828646802546,0.4678111587982833,0.09557834868236786,0.4981949458483754,0.17305079724449096,0.4742818971275885,0.17984911753051494,0.49092849519743864,0.2715758383458875,0.35584604212055193,0.03336077429681101,0.7092481703260146,0.8345391920848597,0.5090296770588552,0.3222421398033374,0.2923332592259426,0.20844666446454369,0.9280632411067193,0.99956507736969,0.823679727427598,0.9438085327783559,0.9996008417452625,0.8291069459757442,0.9455053563111319,0.9995242100638783,0.8866995073891626,0.9629032258064516,0.9978713407815645,0.8015075376884422,0.931560807483998,0.7937217105593578,0.804968287526427,0.9598540145985401,0.9970468183003166,0.7848542458808618,0.948360939488598,0.9470508115085456,0.9075292926370606,0.15717488789237669,0.9080882951272041,0.1671057794719435
c20_d8_s0,c20,8,0,65000,0,1425.1610918045044,0.012848960235714912,0.000306470325325539,0.0,0.0,0.0,0.0,0.0,0.0,0.0,0.0,0.0,0.0,0.43761996161228406,0.6634510885379372,0.10940499040307101,0.1658627721344843,0.0,0.0,0.0,0.0,0.0,0.0,0.0,0.0,0.0,0.0,0.514974182444062,0.7052490991078371,0.1287435456110155,0.17631227477695927,0.0,0.0,0.0,0.0,0.0,0.0,0.0,0.0,0.18890814558058924,0.007850620998776345,0.47336804164998,0.3267674931361777,0.1655690468076423,0.08365452853373852,0.0,0.0,0.3744520976831559,0.10280330049814908,0.3557636044470451,0.10190920501974521,0.0,0.0,0.18325991189427313,0.008017920260831552,0.61345349211458,0.3415800072446636,0.26002965951306334,0.10445885733619831,0.20216606498194944,0.02226337519800791,0.3967935871743487,0.06067025207559704,0.37538844002486016,0.06014607455006419,0.19815059445178335,0.047312595244679304,0.1657754010695187,0.004924454143735828,0.6305233469131933,0.47902014517685615,0.3298080099570537,0.1447376071266236,0.41008018327605955,0.07800329949341107,0.42277691107644305,0.07149498828034144,0.4031563845050215,0.07088035632193561,0.45588235294117646,0.23263743402971085,0.1694915254237288,0.005080297939423338,0.6785606289688539,0.7528577118227198,0.4289847500715668,0.2660087479559375,0.43449048152295633,0.0731839500838024,0.49517241379310345,0.0780718641416285,0.5172413793103449,0.4978901743831561,0.5037837837837837,0.4711742509413301,0.3882978723404255,0.03846270190994646,0.6943699731903485,0.5044102499316887,0.5171882635475065,0.3076072997464569,0.2771040379872742,0.17837744108719975,0.9267515923566879,0.9994570207328517,0.7594501718213058,0.9431403234220136,0.999545095606618,0.7621681415929203,0.9424426766495086,0.9995650690226789,0.8162859980139027,0.9594813614262561,0.997683354995287,0.7432432432432432,0.9329388560157791,0.8919903585178878,0.7272727272727273,0.960582171012735,0.9973022447091799,0.7506313131313131,0.9476118131493767,0.9716245883357677,0.9262187183567192,0.2266816143497758,0.9283465549385272,0.23302875721733282
c20_d8_s0,c20,8,0,70000,0,1536.614637851715,0.006402062252163887,0.0001551012691796498,0.0,0.0,0.0,0.0,0.0,0.0,0.0,0.0,0.0,0.0,0.4384085692425402,0.7555935001083587,0.10960214231063505,0.18889837502708967,0.0,0.0,0.0,0.0,0.0,0.0,0.0,0.0,0.0,0.0,0.49743964886613024,0.1644418745351627,0.12435991221653256,0.04111046863379068,0.0,0.0,0.0,0.0,0.0,0.0,0.0,0.0,0.0,0.0,0.5632508833922262,0.15314696017627008,0.14081272084805654,0.03828674004406752,0.25947187141216993,0.0748111904059107,0.24873949579831933,0.06538908416740728,0.23963133640552994,0.06481944595465276,0.0,0.0,0.17345132743362832,0.007409913832944706,0.6454258675078864,0.6660902442682528,0.2670395240367136,0.18546001623596362,0.2934648581997534,0.034173560882837274,0.358974358974359,0.08708421803607584,0.34075104311543813,0.08634173485919573,0.18473895582329317,0.047027160325650776,0.2704791344667697,0.01236742670483045,0.6596729404504782,0.7332257170742458,0.36148861270926447,0.21545503550769082,0.4377880184331797,0.08366690179005451,0.46500777604976673,0.0767360025907325,0.4334763948497854,0.07605960380035928,0.4758842443729904,0.2525362258242211,0.3203592814371258,0.4340800537897284,0.7113846153846154,0.773367895667839,0.48826305107641055,0.3847012528355427,0.3906633906633907,0.05028616432671571,0.4852233676975945,0.13601222640169464,0.5195852534562212,0.17800612021377182,0.4607438016528926,0.1408062411723363,0.35471698113207545,0.3112768054443741,0.7149041434755721,0.7696954155640012,0.49888056588323554,0.33580332479035974,0.2843495041544069,0.1985307447249293,0.934283452098179,0.9995250158452872,0.75,0.9419689119170984,0.9995777349061787,0.7398239823982399,0.9427107591988821,0.9989645712659445,0.7840909090909091,0.9612903225806452,0.9977122850376806,0.8070469798657718,0.9394982784062961,0.9681027425745397,0.7157068062827225,0.9572856710087853,0.9917937331134625,0.6879746835443038,0.9494321616001117,0.9892411336828715,0.9437364385939534,0.34977578475336324,0.9451509830762248,0.3531027523964348
c20_d8_s0,c20,8,0,75000,0,1648.178426027298,0.0037606803234666586,6.161808308812815e-05,0.0,0.0,0.0,0.0,0.0,0.0,0.0,0.0,0.0,0.0,0.4359375,0.47297096608178457,0.108984375,0.11824274152044614,0.0,0.0,0.0,0.0,0.0,0.0,0.0,0.0,0.0,0.0,0.5014577259475219,0.17211033918632707,0.12536443148688048,0.043027584796581766,0.0,0.0,0.0,0.0,0.2602076124567474,0.06511121348813262,0.0,0.0,0.20297029702970298,0.007880867427330206,0.5105594664690626,0.31804673111733955,0.20006640857942035,0.08690783409351183,0.31704668838219324,0.04873861683466767,0.23548387096774193,0.042273238154143404,0.21745562130177515,0.04188871432434187,0.0,0.0,0.19197207678883071,0.005082759253179554,0.6376992810253204,0.8020376446131883,0.271583354507847,0.2128551484093547,0.39347234814143245,0.07322472776282726,0.369901547116737,0.06485097435804922,0.34810951760104303,0.06427243478875909,0.19921363040629095,0.047051363394114906,0.1593554162936437,0.007570866095307468,0.6575342465753424,0.7766111775138375,0.346649441057087,0.22467069649328458,0.4137142857142857,0.053880284828900976,0.42912470952749804,0.050698242016184794,0.4034212401995723,0.05025391553823224,0.33251833740831294,0.18903680818564966,0.3620933521923621,0.0563900429643863,0.6825347758887171,0.7530207164805813,0.4481416359924611,0.2625145954395975,0.45474613686534215,0.07384099275534904,0.5191256830601093,0.07972880761989011,0.4860406091370558,0.07900884279360462,0.47058823529411764,0.23668440027412324,0.42105263157894735,0.48555778726439575,0.7099879663056559,0.7658572174828956,0.5220665773832225,0.3914064048527573,0.2889794605724169,0.19137500080079056,0.9400630914826499,0.9996124380531662,0.6216442953020134,0.9486780715396579,0.9996265076849177,0.6808743169398908,0.9478098788443616,0.9990247303738017,0.7202556538839725,0.9620661824051655,0.9977628378862756,0.8003355704697986,0.9407733724914341,0.996128176151881,0.6935483870967742,0.9584974250227204,0.9933841084727132,0.6946902654867256,0.9517134984687192,0.9966740869703746,0.9524374367134385,0.41143497757847536,0.9537946037044605,0.41398060429396266
c20_d8_s0,c20,8,0,80000,0,1757.5080425739288,0.0027400508988648653,3.0000001268729426e-05,0.0,0.0,0.0,0.0,0.0,0.0,0.0,0.0,0.0,0.0,0.4225352112676056,0.7561466784456191,0.1056338028169014,0.18903666961140478,0.0,0.0,0.0,0.0,0.0,0.0,0.0,0.0,0.21951219512195122,0.01334622656793879,0.5090027700831025,0.7191101390748162,0.1821287413012634,0.18311409141068877,0.0,0.0,0.2733485193621868,0.04500312934076229,0.2603219034289713,0.04462885637236135,0.0,0.0,0.2020033388981636,0.007767542815045416,0.5863371095090971,0.33578676116963196,0.2415576473344117,0.09335790813892965,0.0,0.0,0.22653721682847897,0.022660663334157866,0.22403560830860533,0.02248721984714695,0.0,0.0,0.18181818181818182,0.00899594513119832,0.6227056424201224,0.8388027206564789,0.2386786914876664,0.21571199004536137,0.32207207207207206,0.050755484820124465,0.3695345557122708,0.06371467447540255,0.3516339869281046,0.06315525079003993,0.3157894736842105,0.2431115685138786,0.17229129662522202,0.007730397870155148,0.6324958123953098,0.7566606850526222,0.3670808635688896,0.2666777803662945,0.4343891402714932,0.05594135084329989,0.48391812865497075,0.05191751795596821,0.45,0.051456719073394996,0.4673311184939092,0.3948022124789402,0.2755905511811024,0.014166047254454191,0.7113559840832568,0.7910313102245357,0.47759501918343905,0.3132761914788711,0.47084708470847086,0.08805894890088199,0.49403508771929827,0.08987571317631277,0.46324007807417045,0.08907446757256986,0.5355404089581305,0.31433515249416316,0.36693255982596085,0.05230299658002987,0.6965413533834587,0.7790645710401165,0.5187637680837158,0.30867644083272444,0.3044912191108982,0.22426443884061067,0.9369085173501577,0.9996134056369949,0.617003367003367,0.9481327800829875,0.9996482453808735,0.638402625820569,0.9472701819878675,0.9990326758835404,0.6793103448275862,0.9636803874092009,0.9978303674158567,0.8442211055276382,0.941234084231146,0.9261605014476528,0.6795005202913632,0.9570737605804112,0.9933332706147532,0.6737207833228048,0.9515230146736072,0.9791888954446831,0.9577824388832634,0.46121076233183855,0.9591001231444696,0.4643758058187118
c21_d8_s0,c21,8,0,5000,0,91.32720708847046,0.638364315032959,0.000999577995557936,0.0,0.0,0.0,0.0,0.0,0.0,0.6110019646365422,0.8602548273011738,0.0,0.0,0.5910384068278806,0.6571137128510679,0.3005100928661057,0.3793421350380604,0.0,0.0,0.0,0.0,0.2867132867132867,0.5122725571697233,0.5653104925053534,0.8934360247163743,0.0,0.0,0.6648857227663996,0.6761094216653601,0.3314418277107121,0.4350757413595772,0.0,0.0,0.23120452708164915,0.7538212773133265,0.2787249814677539,0.7579227838648114,0.5501113585746102,0.8960314984394028,0.0,0.0,0.6593198992443325,0.6960095938205256,0.34485194016718596,0.5239889448298269,0.22842639593908629,0.04606447093223624,0.3971830985915493,0.4838462535119573,0.3825065274151436,0.48110338520547385,0.6590106007067138,0.8859219115741349,0.33612273361227335,0.4610445489449244,0.714972747675537,0.7020590636199413,0.5115361889941126,0.5965075568388891,0.39344262295081966,0.5673197241230215,0.4236162361623616,0.5208569368577265,0.45506692160611856,0.5224096952523493,0.6387536514118792,0.8868100080646232,0.37606837606837606,0.0587993089664799,0.7356770833333334,0.7061642675751744,0.5436352594300056,0.5471589258376608,0.5411764705882353,0.05858863429700695,0.5329032258064517,0.5173807807546345,0.5658482142857143,0.5292728669362554,0.7091087169441724,0.8983318498042175,0.41631504922644164,0.2542987112161865,0.7339385474860335,0.7880335914934696,0.6015012376375287,0.5772695616274598,0.5847953216374269,0.8087678429881916,0.629379225568531,0.8051550447885221,0.6269487750556793,0.757424098589347,0.6406743940990516,0.8981254334139334,0.5071830106183636,0.40630623735496946,0.7769552623109108,0.6889395629541428,0.6346301102788845,0.6959550572945998,0.46687237958350497,0.5364711318322963,0.957613814756672,0.9614718728361565,0.7475409836065574,0.9618400418191323,0.9173143999560047,0.6826086956521739,0.9597000937207123,0.9156064677442244,0.79150390625,0.9591673338670936,0.9553357503931137,0.8697829716193656,0.9486434108527132,0.8876848473713723,0.7466802860061287,0.9708320540374578,0.9850263605252862,0.5493358633776091,0.9595901955473591,0.9398778012838085,0.9415521481267177,0.2681614349775785,0.9440244191324192,0.29026290711362746
c21_d8_s0,c21,8,0,10000,0,181.45012068748474,0.05186901241540909,0.0009848581542776886,0.0,0.0,0.0,0.0,0.0,0.0,0.0,0.0,0.0,0.0,0.5239799570508232,0.5465629392142428,0.1309949892627058,0.1366407348035607,0.0,0.0,0.0,0.0,0.2849352419904567,0.46017384771598446,0.4897959183673469,0.604115994931594,0.0,0.0,0.6220189480561907,0.6927786437738219,0.3016983201050891,0.3625714803193527,0.0,0.0,0.0,0.0,0.0,0.0,0.43628509719222464,0.6051737676142593,0.2087378640776699,0.027589542642132484,0.6375574523965857,0.6830385923627228,0.32064510341662006,0.32895047565477864,0.0,0.0,0.16376306620209058,0.4954600254310347,0.3471698113207547,0.6738621089869912,0.5203426124197003,0.8200482891896531,0.20870994248151192,0.02761761669976398,0.6488523466940733,0.7168064294495704,0.38705396519239177,0.48856159503624896,0.425531914893617,0.052179274570173254,0.5180649112063687,0.6093662139209461,0.4951289398280802,0.6058322674085962,0.6368330464716007,0.847539006550421,0.37517241379310345,0.04725184474568922,0.7114093959731543,0.6392480591364397,0.5507475278868034,0.4891245405997804,0.4849833147942158,0.4816762071334858,0.5714285714285714,0.8331823012619766,0.5834738617200674,0.8727168311063381,0.6109452736318408,0.8761452647975806,0.4137466307277628,0.04847976306982664,0.7064311896034655,0.7763534195618396,0.5694379191526718,0.607542556815795,0.48322147651006714,0.4774747599243584,0.5616526791478373,0.8132067839569198,0.5970475669764899,0.8688137552206029,0.6740220661985958,0.9003991433333409,0.3991537376586742,0.223115971605544,0.7448139611458676,0.7879792724461167,0.5913242514703173,0.6578315384380738,0.4074145823552285,0.4387461316667986,0.9473684210526315,0.9826821682846929,0.6500829187396352,0.9504950495049505,0.9874649585173991,0.6074561403508771,0.9486461251167133,0.9480018116162594,0.718011811023622,0.9439102564102564,0.9537688012543961,0.7869269949066214,0.9381995133819951,0.930037008909199,0.6706431535269709,0.9684726048362412,0.9991450650121095,0.44026548672566373,0.9498547266299812,0.9639167969954554,0.9606176768407348,0.426457399103139,0.9626534107039849,0.44015920174897694
c21_d8_s0,c21,8,0,15000,0,271.6680176258087,0.034731026738882065,0.0009497125223605969,0.0,0.0,0.0,0.0,0.0,0.0,0.0,0.0,0.0,0.0,0.5251875669882101,0.5537469994734909,0.13129689174705253,0.13843674986837273,0.0,0.0,0.0,0.0,0.0,0.0,0.0,0.0,0.21439749608763695,0.027737180155603624,0.5541528239202658,0.5459397884978646,0.19213758000197567,0.14341924216336707,0.0,0.0,0.0,0.0,0.0,0.0,0.4645760743321719,0.7226742805040252,0.2111111111111111,0.027650086427072257,0.6048622366288493,0.677863312122061,0.3201373555180331,0.3570469197632896,0.21364221364221364,0.007314586913250813,0.15145985401459855,0.006317830762972308,0.3665389527458493,0.6563474066064844,0.32063074901445465,0.6735232875107825,0.31209735146743023,0.05233707083161117,0.6194819408974827,0.6356381743684021,0.37402259537839705,0.3962062852012579,0.41392649903288203,0.4755178695501534,0.34885439763488546,0.42574691069388854,0.4625,0.5638721829530364,0.6045627376425855,0.6102819953287381,0.27838258164852253,0.048347378924916744,0.6785115655380489,0.7168662372150001,0.4924709625962699,0.46596864980025354,0.47244094488188976,0.5675150378361752,0.47176554681915656,0.5431730112056796,0.5026548672566372,0.7271812029091007,0.5802469135802469,0.43913449209195005,0.32752084912812734,0.05170527207772454,0.6965699208443272,0.6734845709754589,0.5216562008013157,0.4442368547821963,0.5386178861788617,0.3589671214751258,0.5724725943970768,0.5666763768530539,0.5950323974082073,0.6307905185111026,0.5918570009930486,0.5890383567817848,0.3354632587859425,0.05508242846248847,0.6790663749088257,0.7480911406968034,0.543773565170633,0.477755816221876,0.36792787874481103,0.3461529311143733,0.9490994518402506,0.9676952469799611,0.6567656765676567,0.9491701244813278,0.9235993266827873,0.6120218579234973,0.946046511627907,0.9206055222101907,0.7232055063913471,0.9416531604538088,0.9453064498283658,0.7521514629948365,0.9409468033186921,0.9740659239475717,0.6483402489626556,0.9621026894865525,0.9717144588762209,0.4310673443456163,0.9482020039772205,0.9570967161524512,0.9699985534500217,0.5224215246636771,0.9718865334922216,0.5500308313246258
c21_d8_s0,c21,8,0,20000,0,362.6186807155609,0.02945241704583168,0.000895637119646979,0.0,0.0,0.0,0.0,0.0,0.0,0.0,0.0,0.0,0.0,0.5844402277039848,0.5692074535798494,0.1461100569259962,0.14230186339496234,0.0,0.0,0.0,0.0,0.0,0.0,0.0,0.0,0.2431834929992631,0.02626117619410953,0.5581066760861886,0.6181293665312688,0.20032254227136292,0.16109763568134458,0.0,0.0,0.0,0.0,0.0,0.0,0.481786133960047,0.7493739477781509,0.25518831667947733,0.028035713034756517,0.6259980836793356,0.7368482660741434,0.340743133579715,0.3785644817217627,0.23754789272030652,0.00773670846582938,0.3031709203402939,0.21653838890846264,0.2804270462633452,0.21471127786580185,0.4484848484848485,0.8176252572856635,0.18959731543624161,0.026036599752751965,0.644865925441465,0.6845096055830916,0.3891658439509676,0.41862506359205126,0.25210084033613445,0.04525252343700318,0.3766323024054983,0.5308690892318716,0.3688576898532227,0.5312714297537721,0.5683168316831683,0.8613825427533878,0.27162258756254465,0.040357726540687436,0.7056567593480345,0.7186561339326801,0.46953161403134147,0.4973818543419094,0.4972375690607735,0.07201372008150798,0.5460358056265985,0.6231155081172429,0.5558112773302647,0.8572829186363999,0.531390134529148,0.8800797006435591,0.3860369609856263,0.05965610980672064,0.7037037037037037,0.7999907234436777,0.5385397541394226,0.5642993123764186,0.5386221294363257,0.3521266047451101,0.568025078369906,0.4100386698436036,0.5913978494623656,0.6935290060652,0.6453546453546454,0.8812546992791309,0.47839699436443334,0.258975940175354,0.7036911615306468,0.7606636088745151,0.5983644550848145,0.5965314188034094,0.3832539142833743,0.3941145185588369,0.950432730133753,0.9832495338318714,0.5041390728476821,0.9485714285714286,0.9855335415618114,0.5427163198247535,0.9450651769087524,0.98017929939393,0.6413793103448275,0.9326845093268451,0.4798290941136697,0.7843478260869565,0.9283276450511946,0.9924941845398773,0.5976890756302521,0.9600244125724748,0.9995455786954085,0.4221233312142403,0.9422649197054566,0.8637140789028733,0.9708809489367858,0.5035874439461884,0.9729859731035119,0.5216099557150065
c21_d8_s0,c21,8,0,25000,0,453.2552287578583,0.025302620604634285,0.0008249337364567146,0.0,0.0,0.0,0.0,0.0,0.0,0.0,0.0,0.0,0.0,0.5911124366239189,0.6212320814666681,0.14777810915597972,0.15530802036666702,0.0,0.0,0.0,0.0,0.0,0.0,0.0,0.0,0.0,0.0,0.6077032810271041,0.6163219686429969,0.15192582025677603,0.15408049216074923,0.0,0.0,0.0,0.0,0.0,0.0,0.4808362369337979,0.718846349827133,0.2127316680096696,0.027435821943031357,0.6159869494290375,0.7028492434053529,0.32738871359312627,0.36228285379387937,0.0,0.0,0.0,0.0,0.14898785425101216,0.3703624138660459,0.4658119658119658,0.7068637931004194,0.2134646962233169,0.02738076548065318,0.6476892163429336,0.5747556428140873,0.3441571241154717,0.3581135848376271,0.5257032007759457,0.4469548183083181,0.4177777777777778,0.4096624971983677,0.500578034682081,0.5278196538487374,0.5107832009080591,0.5716391185011221,0.28417818740399386,0.04781061224992743,0.6621233859397417,0.6841693127358466,0.48460944466593237,0.4412745083180093,0.5032967032967033,0.651896160057206,0.5278514588859416,0.7811982543200883,0.5270029673590505,0.8234509516868497,0.6609848484848485,0.8772778772919051,0.3873239436619718,0.062224408608988376,0.7048252911813644,0.774231902438119,0.5681294482938541,0.6164789942567651,0.49265536723163844,0.032472035688660326,0.5610223642172524,0.4929721677667669,0.5630397236614854,0.560730765240115,0.6586270871985158,0.8436593596757918,0.4405684754521964,0.25786426249428834,0.7063147343802205,0.6072535783525276,0.5861040288502646,0.5177088808552804,0.3728703841330578,0.37217819065556823,0.9560439560439561,0.9688512261844038,0.4638752052545156,0.9574247144340602,0.9730901206332716,0.5005422993492408,0.9539748953974896,0.9663276716333287,0.6033138401559455,0.9398373983739837,0.572508405997678,0.7690311418685121,0.9409468033186921,0.9654395321088245,0.5772821576763485,0.9618553555080867,0.9995378130792429,0.44543147208121825,0.9496135197898161,0.87672718933402,0.9745334876319977,0.5789237668161435,0.9768249702988558,0.6065362408206738
c21_d8_s0,c21,8,0,30000,0,543.6611361503601,0.023164471611380577,0.0007406119548704389,0.0,0.0,0.0,0.0,0.0,0.0,0.0,0.0,0.0,0.0,0.4519419380149078,0.20094806935631607,0.11298548450372695,0.05023701733907902,0.0,0.0,0.0,0.0,0.0,0.0,0.0,0.0,0.0,0.0,0.471530999578237,0.5170089096985028,0.11788274989455926,0.1292522274246257,0.0,0.0,0.0,0.0,0.0,0.0,0.47607934655775963,0.8220209487648905,0.236267870579383,0.027812475040988608,0.5551737304314623,0.6093953487645987,0.3168802368921513,0.36480719314261945,0.0,0.0,0.14634146341463414,0.279994078418196,0.13289581624282198,0.277885771539491,0.3776932826362484,0.7662078790223392,0.2992805755395683,0.028392535429363836,0.5714285714285714,0.6714234429640525,0.33537038070588504,0.4129959518504128,0.23605706874189364,0.007992145811366301,0.27724358974358976,0.09702926889224563,0.33616742969260954,0.4758795752895723,0.5896946564885496,0.43184368853780375,0.29774872912127814,0.046271694127205686,0.683526999316473,0.6347860394069329,0.46353160357974954,0.32663377135075095,0.4632768361581921,0.7378233097867001,0.4773662551440329,0.6893548276747045,0.5195852534562212,0.7673582738606348,0.6373831775700934,0.450167816574253,0.34444444444444444,0.05546147267892823,0.7169934640522876,0.6704802319924137,0.5463909669132435,0.4769054145882353,0.430622009569378,0.31360309266766445,0.4905923344947735,0.6114825742442815,0.49221183800623053,0.6141584871760922,0.6275659824046921,0.8828510839860833,0.4166080225193526,0.19491752938266446,0.7105531048523923,0.756251126088965,0.5564672926166411,0.5867752810384315,0.3499298164437081,0.3353724081048792,0.946219797349961,0.9832710611787894,0.5016474464579901,0.9477496120020693,0.985546211927341,0.5207423580786026,0.9439035697728326,0.9813661904208415,0.6134577603143418,0.9448946515397083,0.7098574175303504,0.7572898799313894,0.9458272327964861,0.9917183821047013,0.6357069143446853,0.9617620067298868,0.9995184123340116,0.45133587786259544,0.9496103876935922,0.9211221749528468,0.9709243454361348,0.5233183856502243,0.9727328126667016,0.5341106564269298
c21_d8_s0,c21,8,0,35000,0,634.1910088062286,0.02044978365302086,0.0006462610419276992,0.0,0.0,0.0,0.0,0.0,0.0,0.0,0.0,0.0,0.0,0.46232741617357004,0.2035926161970396,0.11558185404339251,0.0508981540492599,0.0,0.0,0.0,0.0,0.0,0.0,0.0,0.0,0.0,0.0,0.5648050579557429,0.600843441349504,0.14120126448893572,0.150210860337376,0.0,0.0,0.0,0.0,0.0,0.0,0.4618991793669402,0.717983935890629,0.21399839098954143,0.027437428062251117,0.6091537701679289,0.7412032440743209,0.32126283513110265,0.37165615200680024,0.0,0.0,0.18308631211857018,0.20931062654279703,0.1699761715647339,0.20765613065957358,0.45215562565720296,0.7009204306085116,0.2935647143890094,0.0434306769464548,0.6547054840893703,0.4535073165338799,0.379528329674171,0.33421183578907576,0.30012610340479196,0.04056868686392103,0.21402877697841727,0.03512106066897067,0.2692026335040234,0.37277134904675296,0.46774193548387094,0.4022231899690061,0.2984441301272984,0.24661946575193158,0.6457883369330454,0.5002257211414636,0.4182733934599897,0.32463885226390404,0.4859392575928009,0.34904852343427356,0.45376955903271693,0.3835249049065687,0.5168018539976825,0.7459339662982573,0.6065857885615251,0.4335328383776647,0.42360655737704916,0.06355822556085121,0.6970108695652174,0.6574641163737742,0.5531766930945479,0.4118477446313308,0.5086206896551724,0.8441035953030673,0.4903047091412742,0.812675622137236,0.502705953096813,0.8131794217126466,0.6396841066140178,0.4722418431977182,0.4660691421254802,0.0869188457244422,0.7307820299500832,0.6589913955056494,0.5842697656635003,0.5103679077030316,0.3590420193650914,0.30769021525439694,0.9485179407176287,0.9831197655909676,0.46957236842105265,0.9491701244813278,0.9854193315930784,0.5153005464480874,0.9443929564411492,0.9812174989710424,0.60549558390579,0.9406986190089358,0.6295524522899001,0.7400690846286702,0.9328793774319066,0.9930804136601991,0.6141814389989573,0.9609517998779744,0.9980072157942095,0.43682539682539684,0.9454725342163797,0.9009730701156679,0.9773904238391437,0.6233183856502242,0.9797887556983702,0.6428611469252761
c21_d8_s0,c21,8,0,40000,0,724.944483757019,0.017703291028738022,0.0005458971677758271,0.0,0.0,0.0,0.0,0.0,0.0,0.0,0.0,0.0,0.0,0.5907429963459196,0.6271411388041536,0.1476857490864799,0.1567852847010384,0.0,0.0,0.0,0.0,0.0,0.0,0.0,0.0,0.0,0.0,0.575304347826087,0.5810663258530663,0.14382608695652174,0.14526658146326657,0.0,0.0,0.0,0.0,0.0,0.0,0.4369942196531792,0.7018879119125274,0.21656050955414013,0.027458272540192195,0.6056475170399221,0.6766774238005245,0.31480056156181035,0.351505902063311,0.0,0.0,0.0,0.0,0.1579371474617244,0.3752240660441556,0.25444596443228457,0.6046115903499285,0.17587939698492464,0.023355188582531154,0.5379626096909577,0.30049059369897674,0.25523342173218544,0.2633830153282054,0.0,0.0,0.14012738853503184,0.08993852960315044,0.22188905547226387,0.4297727979305338,0.5402930402930403,0.4199225607791212,0.29517638588912887,0.053808241087355636,0.6888677450047573,0.61095078125185,0.4112523297973396,0.3144796730740554,0.40694789081885857,0.6360580064772381,0.39663093415007655,0.7307574659636065,0.38645980253878703,0.7267687411626297,0.5081081081081081,0.43481934780649356,0.403960396039604,0.21669482554624303,0.683081252198382,0.6089367203221726,0.497957324712167,0.48957807455235014,0.37926675094816686,0.4501059953041994,0.44206008583690987,0.6354000862095505,0.4767225325884544,0.8579649177128335,0.5622489959839357,0.4320658493230143,0.3826208829712684,0.05635079797432655,0.6578754578754579,0.6675165547255035,0.508857114988793,0.4509392171079264,0.3256589412621853,0.3102768211843076,0.946219797349961,0.9830550685786029,0.5263591433278418,0.9473684210526315,0.9853807881431754,0.5424836601307189,0.9427516158818098,0.9811606324586868,0.6586679725759059,0.9360323886639677,0.6290051593527591,0.7378892733564014,0.9301416707376648,0.9932175733573425,0.6207983193277311,0.9591712370505789,0.9703415788687959,0.4428208386277001,0.9426979769700863,0.8939407853264298,0.9765224938521626,0.6260089686098654,0.9782263941454841,0.6443746846796345
c21_d8_s0,c21,8,0,45000,0,816.0762708187103,0.014678669162094593,0.00044379245212906274,0.0,0.0,0.0,0.0,0.0,0.0,0.0,0.0,0.0,0.0,0.5970149253731343,0.6232116601841476,0.14925373134328357,0.1558029150460369,0.0,0.0,0.0,0.0,0.0,0.0,0.0,0.0,0.0,0.0,0.5940803382663847,0.6524003560194577,0.14852008456659618,0.16310008900486442,0.0,0.0,0.0,0.0,0.0,0.0,0.4501758499413834,0.7048286097767024,0.21212121212121213,0.02739315618822,0.6100131752305665,0.7252986986625318,0.3180775593232905,0.36438011615686355,0.0,0.0,0.0,0.0,0.0,0.0,0.5456329735034348,0.7636355980462199,0.19755102040816327,0.026238217358284282,0.6265614727153189,0.7894659106583761,0.3424363666567293,0.3948349315157201,0.0,0.0,0.24390243902439024,0.4999984591813928,0.22503725782414308,0.4967259869089663,0.5501379944802208,0.2634797852301436,0.26040061633281975,0.24408331031397307,0.674069235793599,0.4869388696092961,0.410230269722371,0.3316858617958831,0.4171779141104294,0.6391808689732276,0.3667205169628433,0.6203964851796498,0.4105691056910569,0.7605138514801454,0.5819672131147541,0.5521534006471743,0.4231770833333333,0.06260325390817323,0.6820966643975493,0.5937573588871017,0.5213492016084367,0.4704694371633642,0.4326241134751773,0.4503255358571317,0.48484848484848486,0.5506951496776432,0.48331273176761436,0.5545035852314326,0.6099706744868035,0.39717910254202765,0.42452830188679247,0.07561913326993763,0.6954787234042553,0.6087661097131125,0.5492265357854025,0.40001810894512013,0.34844196414372997,0.3257559228039789,0.9567949725058916,0.969153082437801,0.6518883415435139,0.9523316062176166,0.973341328246299,0.6158868335146899,0.9485396383866481,0.9694835462114229,0.7096774193548387,0.9418416801292407,0.38907530947681657,0.7341337907375644,0.9355307804168687,0.9922922802961477,0.6098445595854922,0.9579268292682926,0.9806944472460979,0.4583068109484405,0.9469636738794469,0.8331803389960591,0.9821061767684074,0.6977578475336322,0.9845101978448814,0.7177532372890857
c21_d8_s0,c21,8,0,50000,0,906.5466637611389,0.011719581671059132,0.00034429311589923944,0.0,0.0,0.0,0.0,0.0,0.0,0.0,0.0,0.0,0.0,0.5927051671732523,0.6297762687126394,0.14817629179331307,0.15744406717815984,0.0,0.0,0.0,0.0,0.0,0.0,0.0,0.0,0.0,0.0,0.5737359550561798,0.6199890669231536,0.14343398876404495,0.1549972667307884,0.0,0.0,0.0,0.0,0.0,0.0,0.447831184056272,0.7741651472310771,0.21195219123505976,0.0273988245041394,0.5666666666666667,0.6110257729159569,0.30661251048949956,0.35314743616279337,0.0,0.0,0.0,0.0,0.2737276478679505,0.6516784166695143,0.5266331658291458,0.7949678082582249,0.17696160267111852,0.02320869152174527,0.601568068424804,0.7029485770445235,0.34910134655359626,0.434587803928583,0.16442048517520216,0.004629186275404855,0.23895253682487724,0.09412391516464515,0.38705738705738707,0.5035020654930129,0.5477338476374156,0.42249687531136193,0.26146788990825687,0.22704783859265448,0.6565621770582156,0.6695573017675213,0.43231017940576094,0.37996343449563963,0.4681818181818182,0.46135610806954375,0.4360679970436068,0.46683338014778464,0.49634146341463414,0.7422590138072375,0.5499524262607041,0.43030210066006064,0.38722826086956524,0.25236276019674475,0.6907111262334127,0.6122784154317779,0.523688893227592,0.4629398609075263,0.4196642685851319,0.8399167385398866,0.43933955491744436,0.7860479013036684,0.4795107033639144,0.8515193281893397,0.544290288153682,0.6075983851045549,0.4145214521452145,0.05822048562516269,0.6910597169485675,0.7246650722876058,0.5240107415507402,0.5540779830904053,0.34676199311207817,0.3567368360705565,0.952156862745098,0.9833820359556904,0.5971993410214168,0.950207468879668,0.9856442355972117,0.5687772925764192,0.9442896935933147,0.97823878048639,0.644542772861357,0.935064935064935,0.3942441234934782,0.7161458333333334,0.9244917715392061,0.9921548981466034,0.618848167539267,0.9563371740448757,0.9905968613612961,0.43563728598604945,0.9411946389304277,0.8398543917536188,0.9853464487198033,0.7625560538116591,0.9879766875403474,0.7856382084197545
c21_d8_s0,c21,8,0,55000,0,997.1441421508789,0.008758220821619034,0.00025163447861196694,0.0,0.0,0.0,0.0,0.0,0.0,0.0,0.0,0.0,0.0,0.4886494805694498,0.20626405520931204,0.12216237014236245,0.05156601380232801,0.0,0.0,0.0,0.0,0.0,0.0,0.0,0.0,0.0,0.0,0.5720309205903021,0.6218817595081442,0.14300773014757553,0.15547043987703604,0.0,0.0,0.0,0.0,0.0,0.0,0.4330616996507567,0.7624213650946334,0.21286735504368545,0.027416508909109162,0.5677842565597667,0.6139761676609333,0.3034283278135522,0.35095351041616896,0.22950819672131148,0.4260006920581713,0.1672661870503597,0.3818530723045766,0.27363896848137537,0.6387345068711717,0.3072847682119205,0.6462727307904923,0.17803660565723795,0.024771399781920084,0.5547331515387612,0.3266844426792442,0.31588141070640047,0.36998116591574076,0.4489337822671156,0.7947548976044444,0.4137426900584795,0.7424161672131774,0.3824324324324324,0.7379646760338253,0.5395614871306006,0.4227905031929305,0.2688821752265861,0.2445697614590965,0.6491893756467747,0.6489487403228846,0.4681673348974926,0.5186718963146818,0.47268673355629875,0.6456901177009317,0.41250930752047654,0.7279132525898577,0.44501278772378516,0.7586726764863531,0.5509586276488395,0.44524237610514894,0.4057377049180328,0.06034501928258919,0.690224570673712,0.6544230175910275,0.5225809615435262,0.4676922738094533,0.44260355029585796,0.6369653437541852,0.41216730038022814,0.5766615967099837,0.46502835538752363,0.7772696331429347,0.46258503401360546,0.5676816823987461,0.4222222222222222,0.05636625713715589,0.6860103626943005,0.7394854574569447,0.5026876719044995,0.5067913970488036,0.33970225816505845,0.34587524245488754,0.950896336710834,0.9833872468133075,0.5942622950819673,0.9503619441571872,0.9856523369248602,0.5533188248095756,0.9453703703703704,0.9822781913727355,0.6376101860920667,0.9317073170731708,0.46894834562936644,0.7303664921465969,0.9285367039377734,0.9930977485830366,0.6382198952879581,0.95897903372835,0.9906211370850067,0.449936628643853,0.9420248179546895,0.859109955750261,0.9834731664979025,0.7168161434977578,0.9857470674075829,0.7333931274174561
c21_d8_s0,c21,8,0,60000,0,1087.7310998439789,0.006175131071358919,0.00016976067648552838,0.0,0.0,0.0,0.0,0.0,0.0,0.0,0.0,0.0,0.0,0.6022017256768819,0.6270737454583882,0.15055043141922048,0.15676843636459706,0.0,0.0,0.0,0.0,0.0,0.0,0.48368953880764903,0.7641613477654216,0.0,0.0,0.5620307472291741,0.5584043272990664,0.2614300715092058,0.33064141876612196,0.0,0.0,0.0,0.0,0.0,0.0,0.440046565774156,0.7631724145689454,0.21161495624502785,0.027409698468362064,0.5662299854439592,0.6134154470223186,0.3044728768657857,0.35099939001490654,0.0,0.0,0.0,0.0,0.13804173354735153,0.4435461832878335,0.41625615763546797,0.810400432833435,0.2954380883417813,0.23547291875544543,0.5952633439377872,0.6975207064659957,0.33824287527437175,0.4728106964543718,0.2906832298136646,0.005875211730845302,0.20818505338078291,0.005073841710547518,0.27046783625730997,0.44866886386977456,0.46275395033860045,0.39806904404412036,0.3460764587525151,0.26929879128315665,0.6747620610436494,0.5604625806251909,0.43500946082133773,0.3452590970973809,0.43137254901960786,0.4258234956400879,0.4623309723116549,0.5436172291591963,0.4540540540540541,0.5406193643162507,0.4783092324805339,0.5174900766467995,0.3936682725395733,0.06215053781069163,0.6585627457990705,0.6432981540291235,0.49494819398690415,0.43157303288128157,0.4384525205158265,0.3162420385098255,0.44187725631768954,0.29666955370052644,0.4596513879922531,0.3852210998236377,0.56312625250501,0.8487538133588354,0.4077922077922078,0.07207770687132446,0.7006327006327007,0.7753745207883767,0.5295528873012938,0.5072292345907999,0.35917239959687425,0.3707544723099228,0.9494949494949495,0.983218738368307,0.6202945990180033,0.9469345698093766,0.985478163550564,0.5788900979325353,0.9422632794457275,0.9814220374536302,0.6387254901960784,0.9382113821138212,0.46722448630592084,0.7001733102253033,0.926805622879302,0.9958347217921837,0.6558577405857741,0.9570217917675545,0.9923425833413355,0.4506641366223909,0.9420674324193405,0.8596936928075685,0.988384203674237,0.8154708520179372,0.9913943534372859,0.8397892258534672
c21_d8_s0,c21,8,0,65000,0,1178.181499004364,0.003989784512668848,0.00010215677510851301,0.0,0.0,0.0,0.0,0.0,0.0,0.0,0.0,0.0,0.0,0.5978128797083839,0.634262662474259,0.14945321992709598,0.15856566561856475,0.0,0.0,0.0,0.0,0.0,0.0,0.0,0.0,0.0,0.0,0.5989492119089317,0.6107132582561765,0.14973730297723292,0.15267831456404413,0.0,0.0,0.0,0.0,0.0,0.0,0.4522144522144522,0.778846156542455,0.2070063694267516,0.02737651367133941,0.5710134398837632,0.6147477087040025,0.30755856538124177,0.35524259472944925,0.0,0.0,0.0,0.0,0.13776337115072934,0.5371122161926659,0.4178743961352657,0.795717656757529,0.296028880866426,0.5034576073944355,0.571753986332574,0.6692754788534535,0.33289459676279387,0.5368720371007434,0.3815028901734104,0.4263247113689478,0.28209459459459457,0.3831853674912212,0.3326374391092554,0.38298707641692076,0.5544933078393881,0.8377575149905986,0.28290468986384265,0.2949359771319517,0.6487242222998951,0.7715650568722667,0.45455013199055316,0.5754394001884617,0.37484885126964934,0.4241563022374588,0.34488188976377954,0.5579652772692083,0.41661258922777417,0.6539951067520451,0.5191146881287726,0.8407950956020179,0.41655716162943496,0.21766945971439366,0.6875645883568722,0.7307225698191646,0.5005043870505369,0.5836398384721201,0.4300578034682081,0.31531036490413944,0.45331529093369416,0.48137477197169765,0.4389937106918239,0.47844094395996883,0.5568065506653019,0.8434917801354748,0.43342036553524804,0.21002893985570012,0.6928327645051194,0.7652201952779416,0.5309621539342279,0.5609457355535963,0.3465229082890975,0.4176262266038542,0.9477786438035853,0.9833692223775591,0.5978618421052632,0.9482936918304034,0.9856245573775418,0.5654307524536533,0.9439555349698935,0.9815661397323907,0.6408243375858685,0.9402261712439418,0.4591496290401224,0.6993127147766323,0.9250120948234156,0.9901585538222024,0.6731171548117155,0.9582071471835252,0.9924164193939543,0.46017699115044247,0.9425303425297108,0.856311143854694,0.9903949081440764,0.8522421524663677,0.9935715331938539,0.8809910869443355
c21_d8_s0,c21,8,0,70000,0,1268.761871099472,0.002531701233237982,5.170042305988327e-05,0.0,0.0,0.0,0.0,0.0,0.0,0.0,0.0,0.0,0.0,0.5981762917933131,0.6429498148150002,0.14954407294832828,0.16073745370375006,0.0,0.0,0.0,0.0,0.0,0.0,0.49889135254988914,0.7757123446240926,0.0,0.0,0.5787781350482315,0.6462374932439701,0.2694173718995302,0.35548745946701565,0.0,0.0,0.0,0.0,0.0,0.0,0.454337899543379,0.7888821394854628,0.19790828640386163,0.02617696329330154,0.5741444866920152,0.6475727522307559,0.30659766815981393,0.3656579637523801,0.22082810539523212,0.424631767838698,0.16666666666666666,0.3806665431583884,0.29333333333333333,0.5196904206374453,0.47292817679558014,0.5568408516678128,0.2995101469559132,0.05934106063710861,0.5432712215320911,0.4448487504539438,0.38566306177049875,0.3756733933259273,0.1942257217847769,0.41787483226034955,0.2287145242070117,0.4019523103893346,0.2791666666666667,0.6647858923357152,0.5757575757575758,0.838778239130028,0.3346938775510204,0.2437512544102062,0.668724279835391,0.7386943257513992,0.4533028426742014,0.5790237077383582,0.46794150731158607,0.6459719227454432,0.34602649006622516,0.5834144856429825,0.4337194337194337,0.7110624058702031,0.5401015228426396,0.8647888410463835,0.42555994729907776,0.23337730445996083,0.6948516876917832,0.7459548309591492,0.5191022420498121,0.6227343119712592,0.3853904282115869,0.32536695890742495,0.3285351397121084,0.28803232074433793,0.4118050789293068,0.5041735488682024,0.5345016429353778,0.8698222652348844,0.4907241172950329,0.49546554753868205,0.6878936319104269,0.7710448746063697,0.5220907352729596,0.6272142408883145,0.3722454278250206,0.44093264726385784,0.9441860465116279,0.9832140083538593,0.603448275862069,0.9449305198147195,0.985490598611857,0.5746187363834423,0.9405803777061262,0.9813874752906345,0.6513222331047992,0.9392712550607287,0.5793333260580932,0.6801724137931034,0.9239709443099273,0.9901540000591894,0.6729559748427673,0.9596358118361153,0.9925576757402719,0.4620493358633776,0.9415275814710656,0.8863522573190845,0.9920729061189064,0.8818385650224215,0.9957740289941032,0.920062783788329
c21_d8_s0,c21,8,0,75000,0,1359.7975640296936,0.0017112503992393613,2.053936102937605e-05,0.0,0.0,0.0,0.0,0.0,0.0,0.0,0.0,0.0,0.0,0.4994237418363427,0.33610145196129726,0.12485593545908567,0.08402536299032431,0.0,0.0,0.0,0.0,0.0,0.0,0.4983314794215795,0.8031605625370456,0.0,0.0,0.5791919914193779,0.6487221618131606,0.2693808677102394,0.36297068108755154,0.0,0.0,0.0,0.0,0.0,0.0,0.4685714285714286,0.808870405725099,0.21127879269261318,0.027412475045323983,0.5727632051742724,0.648280262095676,0.31315335660957855,0.37114078571652476,0.0,0.0,0.0,0.0,0.1637239165329053,0.19006358334598014,0.49498327759197325,0.8349851919573799,0.20096463022508038,0.023966202493174604,0.5858662613981763,0.672925816618589,0.3340972020148829,0.3988079347127842,0.4169453734671126,0.3090255053886788,0.31085526315789475,0.2756787800533496,0.372972972972973,0.40071572706936215,0.45213379469434833,0.5629902380830856,0.37326607818411095,0.16941539918518342,0.6335316765838291,0.6959143459677292,0.4564640214987371,0.43919833018494875,0.44808743169398907,0.42916296687696526,0.39589442815249265,0.3976614258560855,0.4584837545126354,0.658643728051939,0.5368620037807184,0.8227267049849328,0.4226110363391655,0.2592238411864881,0.6849982596588932,0.7471282869103653,0.5196566261412874,0.5810587183358624,0.44314185228604924,0.6346002331338882,0.47652916073968704,0.6277984248512763,0.479539641943734,0.6830330489882419,0.5791583166332666,0.8695079461677904,0.46876932591218307,0.07665830662223269,0.6870229007633588,0.7523239958601854,0.5503385237413246,0.5867418710770027,0.3668495047393051,0.40342052630071407,0.9410852713178295,0.9820149416891946,0.6227347611202636,0.9434156378600823,0.9856112624438512,0.5877862595419847,0.9400921658986175,0.9815544676340909,0.6627450980392157,0.9408906882591093,0.6297657467282104,0.6755593803786575,0.924866698982065,0.9940723128141394,0.6719077568134172,0.9599271402550091,0.9911291986927376,0.4702719797596458,0.9418038881304233,0.8995068705393666,0.9928034138579488,0.8932735426008969,0.9965172357050247,0.9334603957620943
c21_d8_s0,c21,8,0,80000,0,1450.4016032218933,0.0013516196049749851,1.0000000422909809e-05,0.0,0.0,0.0,0.0,0.0,0.0,0.0,0.0,0.0,0.0,0.500768049155146,0.33700947260659664,0.1251920122887865,0.08425236815164916,0.0,0.0,0.0,0.0,0.0,0.0,0.0,0.0,0.0,0.0,0.5962689193945794,0.6120268383656309,0.14906722984864484,0.15300670959140772,0.0,0.0,0.0,0.0,0.0,0.0,0.45901639344262296,0.8064523913189569,0.0,0.0,0.5637583892617449,0.6483553816262041,0.25569369567609196,0.36370194323629024,0.25290322580645164,0.4282268396730674,0.1809872029250457,0.38389115202534563,0.16417910447761194,0.38111010764908226,0.44038929440389296,0.8289441114170133,0.2978723404255319,0.2370754824352567,0.5938223938223938,0.6071281104076456,0.3828601349303804,0.5177226010106035,0.3036144578313253,0.0066528380016484335,0.2193211488250653,0.0057465631979646695,0.20459952418715305,0.005713922848856348,0.5515267175572519,0.42823977756875903,0.4043786220218931,0.23215984935097528,0.6560810810810811,0.635730747890403,0.46362453273535187,0.3255420373732401,0.4049689440993789,0.6431315752367291,0.3501628664495114,0.6025103963203889,0.4286644951140065,0.623562593713909,0.5658914728682171,0.8210489775167288,0.43335521996060405,0.3174432384745181,0.6874371859296482,0.7486937149335483,0.520320661828192,0.6275635298371177,0.4772475027746948,0.8453316449457753,0.40274599542334094,0.8071585981388023,0.49049881235154397,0.8594150720217444,0.6308316430020284,0.8896562055595469,0.42077580539119,0.26410465435605396,0.7109067017082786,0.7688655050947496,0.5548362300711727,0.6899820341781144,0.35022778533980287,0.39453874619691753,0.9393468118195957,0.9819304379649405,0.6233443708609272,0.9417225373904075,0.9855359336809607,0.5870755750273823,0.9375866851595007,0.9814752061700582,0.6676528599605522,0.9393694421988682,0.6297544059259226,0.6755593803786575,0.926592124453087,0.9940816051518839,0.6647429171038824,0.9602186456119041,0.9911267447950748,0.4709044908285895,0.9414330559300902,0.8994858204528835,0.9930493273542601,0.8964125560538116,0.9969964322461298,0.9415325971186725
c22_d8_s0,c22,8,0,5000,0,148.2459306716919,0.9479864239692688,0.00029987339866738077,0.0,0.0,0.38633377135348224,0.4806043196505083,0.401468788249694,0.48262540753977506,0.7652671755725191,0.9134872295858931,0.0,0.0,0.683252427184466,0.47787283897126337,0.427780113989511,0.42810916107181274,0.392,0.6572801810761287,0.522202486678508,0.6325473025869083,0.4997223764575236,0.6295938991484806,0.7453294001966568,0.9321532502154738,0.0,0.0,0.7054398148148148,0.5172178241832335,0.48051937568087055,0.5222945505006366,0.29330254041570436,0.7790356330582425,0.4246771879483501,0.7814287401328192,0.4302788844621514,0.7810906752368276,0.8,0.9621806256488504,0.4133251079580506,0.29465476115581785,0.6240227434257285,0.6226646416796876,0.5550251805814619,0.6650045944900798,0.5527015057573074,0.6953296368167599,0.5717806531115218,0.7210724691852597,0.5706051873198847,0.7243170836550243,0.7485265225933202,0.9546723348893147,0.5659679408138101,0.572494310491054,0.6786616161616161,0.6395533729963766,0.6395462987412461,0.7200732703989401,0.5621716287215411,0.7204159383008719,0.5640074211502782,0.7433732337172095,0.5644881434355119,0.7432737108192375,0.7575462512171373,0.9513378057501811,0.527191298784389,0.7832600871471934,0.7062010836845274,0.5064005432270461,0.6386235911971244,0.744171515934215,0.5784037558685446,0.8913661370447181,0.636245110821382,0.8855524893807627,0.6111786148238153,0.8812297520807149,0.7066929133858267,0.9121244863232684,0.6222222222222222,0.7167211386815732,0.7334948516050879,0.5774541868489952,0.6677547869294294,0.7730873178389754,0.628140703517588,0.9133708741268866,0.6898550724637681,0.7530067558356264,0.694327731092437,0.7542097645050547,0.7992633517495396,0.9165993099935265,0.6888283378746594,0.6761922767897294,0.7512658227848101,0.565308375543155,0.727533003691735,0.7412406067872334,0.5909689072587684,0.6562830024316991,0.9448818897637795,0.9828004777504497,0.7083333333333334,0.9577023498694517,0.9875689936384239,0.6804798255179935,0.9602246139447824,0.9876823651166023,0.7422027290448343,0.9758842443729904,0.9998049110630903,1.0337726523887973,0.953125,0.9720019210057732,0.7551229508196722,0.9616087751371115,0.8852882496567193,0.7284537389100126,0.96122190934236,0.9607780901401853,0.9639375090409373,0.3652466367713004,0.9684381266850992,0.41437300297101853
c22_d8_s0,c22,8,0,10000,0,298.00342059135437,0.08096444606781006,0.0002954574462833066,0.0,0.0,0.41457286432160806,0.5030807900347778,0.4295774647887324,0.5060468256426014,0.7373540856031129,0.9147038478289712,0.0,0.0,0.6789208419804329,0.5394882737183438,0.42441459265508147,0.44764199835994367,0.0,0.0,0.3230293663060278,0.7455708429370009,0.3413940256045519,0.7497370316444958,0.7131313131313132,0.9103540142409654,0.0,0.0,0.6403651776980763,0.699243229835732,0.3937427386998957,0.5270083005676325,0.0,0.0,0.2904019688269073,0.648963038374589,0.3125469571750564,0.6551192792698989,0.6784232365145229,0.8860399836925258,0.22350993377483444,0.010526730740172945,0.669611864941622,0.5763791068078533,0.4431320026412418,0.476909981780512,0.5115089514066496,0.88119014922951,0.47050938337801607,0.8192754382699815,0.5282167042889391,0.8739300942727953,0.6872427983539094,0.9057850564479748,0.4647249190938511,0.2357567108169975,0.6615384615384615,0.6568329907835696,0.579229464669356,0.6641266629931595,0.5544933078393881,0.8592648395562661,0.5444887118193891,0.8689129772348084,0.5414091470951793,0.8722460879488287,0.6461211477151966,0.9128644968409769,0.47680412371134023,0.5724825008637083,0.6677471636952999,0.6567423894199013,0.5843673726766222,0.7522243388428052,0.5725646123260437,0.8924123465763487,0.5606860158311345,0.8958825061706017,0.5454545454545454,0.8949213203122518,0.7276341948310139,0.9422653587082623,0.5124555160142349,0.4006305289651848,0.7288700393820055,0.6800000644757628,0.6321320353577906,0.729325335792236,0.6481994459833795,0.819886032008341,0.6378865979381443,0.8573831011699604,0.6431054461181923,0.8588939028630747,0.7403100775193798,0.9784761104380811,0.5630826600372902,0.7680827069309711,0.7426937738246506,0.6890025336283533,0.6722875853486399,0.8202372574194661,0.5327579702926611,0.6310676965365364,0.940625,0.9819313883418385,0.643687707641196,0.9520833333333333,0.9855608111551996,0.6394967177242888,0.9523809523809523,0.9856932787792843,0.6696078431372549,0.9659090909090909,0.9979358911803842,0.8663865546218488,0.9527093596059113,0.9244828891728875,0.6644260599793175,0.9632107023411371,0.8493541226316806,0.6369949494949495,0.9575480620235586,0.9390420156025983,0.980551135541733,0.602017937219731,0.9848953633665998,0.6486350131733841
c22_d8_s0,c22,8,0,15000,0,447.77755212783813,0.04571414366364479,0.000284913756708179,0.0,0.0,0.44321669736034375,0.5689298789629815,0.462952326249282,0.5747642547815297,0.6938775510204082,0.8895328869069234,0.0,0.0,0.6818846941761779,0.5288959392318063,0.4194546465999487,0.4499150510133917,0.0,0.0,0.36309963099631,0.7452248620160968,0.39263803680981596,0.750451002522281,0.653276955602537,0.9019067818186562,0.0,0.0,0.6310051107325383,0.6064791736694242,0.38404865556761264,0.5017361442502183,0.317351598173516,0.7581900956787405,0.30962343096234307,0.7032627406518636,0.44063324538258575,0.783596009770461,0.5891472868217055,0.9000884168263154,0.3857331571994716,0.039598578995813954,0.6469632997726534,0.6315411849557492,0.49442829215832806,0.579894449036225,0.4030858244937319,0.8353305403061198,0.4716612377850163,0.8311798143981577,0.474802671523983,0.834571708606557,0.6504237288135594,0.9052786810921982,0.4255050505050505,0.23626835706363297,0.6443768996960486,0.5932036560953716,0.5425388975705588,0.6421111788387036,0.5778159931212382,0.7891490864768366,0.5618811881188119,0.8064417890031743,0.5912762520193862,0.7274972653968529,0.6632016632016632,0.9062253234260272,0.3942652329749104,0.3271616329180194,0.6816619806310528,0.659434989327072,0.5790300053068597,0.666796164824185,0.5168316831683168,0.8457623739498301,0.5441696113074205,0.860056921868176,0.5534041224234854,0.8580419236312661,0.6185344827586207,0.9018817699491284,0.5072847682119205,0.07142605298574492,0.6864064602960969,0.6998681803021812,0.5875902125582614,0.6319491024300363,0.5210970464135021,0.6730175730410434,0.6100334448160535,0.7161177445177151,0.6247113163972287,0.856308366443701,0.7130089374379345,0.9028349199344569,0.4980793854033291,0.4050478455821631,0.717377466581795,0.6717539994912087,0.62843659799133,0.6820294982521622,0.5193610439647,0.5934902269492746,0.9372579395817195,0.8979284069140774,0.5752066115702479,0.9482936918304034,0.9121589438792618,0.6019629225736096,0.9488847583643123,0.8742931278030677,0.6243878550440745,0.9642857142857143,0.9900024692931165,0.8013468013468014,0.9489194499017681,0.8830512516649737,0.6469979296066253,0.9617021276595744,0.8616533563207511,0.5635271807838179,0.9549298554431338,0.9073751425360775,0.988839866917402,0.775560538116592,0.9941791182421986,0.8495431358259992
c22_d8_s0,c22,8,0,20000,0,595.9605867862701,0.030007198452949524,0.00026869113589409366,0.0,0.0,0.43070652173913043,0.7788103765643676,0.46464646464646464,0.7837337228532041,0.6899383983572895,0.9021661638088627,0.0,0.0,0.6529723000311236,0.6313944522661795,0.41034042346256955,0.5136021623035583,0.0,0.0,0.38316400580551524,0.7453934260959166,0.41073825503355704,0.7506056913685643,0.6475583864118896,0.9013788493168501,0.0,0.0,0.6623616236162362,0.6251346837870742,0.3936385242436208,0.5062949763980211,0.29550827423167847,0.7909665300418965,0.2952789699570815,0.7306034576173062,0.29287392325763506,0.7266168572563312,0.6061269146608315,0.8851266877070718,0.22086824067022087,0.23006694107610626,0.6557083084279737,0.6224713415524655,0.4443142965602894,0.6217651463268721,0.28199052132701424,0.7569713146963629,0.4050258684405026,0.7634550074018556,0.42184300341296926,0.7674897428878695,0.6374331550802139,0.9052105960977703,0.4269521410579345,0.2537639534973422,0.6033057851239669,0.6870191151290033,0.509327719747236,0.652158088263203,0.503731343283582,0.8039151061388529,0.4989547038327526,0.7441007360924445,0.5850713501646543,0.7300884012632123,0.6197183098591549,0.9050169277409698,0.34540389972144847,0.029452057441889334,0.641016333938294,0.6172770529667391,0.5338477523198067,0.5777785298286087,0.4831223628691983,0.8483113697449983,0.5616348055372445,0.8604091939981349,0.5500306936771026,0.8564361790047197,0.6610878661087866,0.8939888344200108,0.4393305439330544,0.46943173062499643,0.6849950314673733,0.669096607419935,0.5792523488842657,0.7218923550118899,0.5462478184991274,0.8068065265178075,0.6125503742084053,0.8226810818892512,0.6068144943212548,0.8221678992985068,0.6872427983539094,0.9048186562871257,0.48830811554332876,0.49364553202774053,0.6759795570698467,0.7292579961619916,0.6100170083275035,0.7362351717613449,0.49724829622075595,0.6185323471276425,0.9341595662277304,0.9119688756340224,0.5306799336650083,0.9442148760330579,0.885206325448033,0.5727571115973742,0.9421564090698751,0.8812300831129755,0.5913555992141454,0.9650690495532088,0.9979207242178829,0.7516835016835017,0.9453471196454948,0.9034166588957983,0.6161458333333333,0.9592209373097992,0.8346615446504319,0.5250634517766497,0.9524535142380144,0.9072001722906142,0.9911760451323594,0.8289237668161435,0.9963327902439201,0.9001065082123437
c22_d8_s0,c22,8,0,25000,0,745.600727558136,0.0212420467287302,0.00024748012093701437,0.0,0.0,0.4420485175202156,0.7346090096632363,0.47368421052631576,0.7399482807783463,0.6872427983539094,0.9022585532554831,0.0,0.0,0.6570260924237661,0.6153796353333298,0.4123782833649632,0.5022893213506685,0.0,0.0,0.37427745664739887,0.7171709834805046,0.4037433155080214,0.7226731927403124,0.6403415154749199,0.8856324471700271,0.0,0.0,0.630665380906461,0.5915096610762834,0.38258678844163024,0.4892725417466457,0.3080459770114943,0.7924491040454829,0.31118587047939444,0.7324702391569758,0.4574742268041237,0.7829428351197543,0.5844444444444444,0.9000814971820265,0.3429724277067922,0.036421653975412596,0.6492248062015504,0.6434839405407157,0.4838859257794478,0.5873186211180564,0.41773399014778323,0.8757949722503392,0.47470817120622566,0.835669690731773,0.48851269649334944,0.839037669393768,0.5506257110352674,0.8838647807995494,0.3056576047024247,0.23241856097724592,0.6449175824175825,0.6599367228824212,0.4903797960260985,0.6565968771961275,0.570198105081826,0.7554861404995133,0.5908319185059423,0.7002983820019337,0.6035125066524747,0.703759478403612,0.6030701754385965,0.9046659051509534,0.3973333333333333,0.039370036478103394,0.6457590876692801,0.6059140479371983,0.5585858599636562,0.5674494974669854,0.44278074866310163,0.7898232366580303,0.45845697329376855,0.8105392007035176,0.4547945205479452,0.8099977494275904,0.6207584830339321,0.384184107246706,0.3994211287988423,0.031242254552649215,0.6995427824951013,0.6890709693425897,0.5429332854573702,0.47698768168458106,0.5593869731800766,0.7690444719219824,0.5410497981157469,0.7502322472917784,0.5452337583485124,0.786987886877725,0.6864754098360656,0.9122535025342631,0.4549638395792242,0.586173314219938,0.7259303012404017,0.611319892966547,0.6039815984676176,0.7196253946044775,0.4963902196429691,0.5713628478810774,0.9302325581395349,0.8781553113716276,0.5283333333333333,0.9421487603305785,0.8577358032045039,0.5548245614035088,0.9384544192503471,0.8032737439352925,0.5724852071005917,0.9634443541835905,0.9979059044999627,0.718381112984823,0.9476772616136919,0.9219451887104702,0.6393188854489165,0.9574726609963548,0.8383125843603,0.5076142131979695,0.9513848806751143,0.9011379909353019,0.9919933458700998,0.840134529147982,0.9971718362630626,0.9197264420651382
c22_d8_s0,c22,8,0,30000,0,894.546213388443,0.01576640084385872,0.00022218358646113165,0.0,0.0,0.4396493594066082,0.7346028461891096,0.4714733542319749,0.739942084463863,0.6728971962616822,0.9016918040548927,0.0,0.0,0.6536891679748823,0.6153472449567441,0.40757348386235637,0.5021385064739903,0.0,0.0,0.3518107908351811,0.7616230803736622,0.38088737201365186,0.7666673890077214,0.6205405405405405,0.8854349744740849,0.23766816143497757,0.03723658127747732,0.6246343841403965,0.5456970080012927,0.4317689517663814,0.494449680053329,0.3078730904817861,0.7927252678759354,0.28717948717948716,0.731858678813259,0.4354731965585705,0.7949004390525428,0.5733482642777156,0.8999024798062262,0.22523961661341854,0.028299875338013925,0.6559343434343434,0.6425006385923553,0.449507703933023,0.585966113912627,0.27460510328068044,0.7914189995696338,0.27495621716287216,0.7315028480102908,0.40304709141274236,0.7670025347413852,0.6122004357298475,0.9049370432866832,0.35144198524480214,0.0349933265257331,0.6262904335856848,0.608535993826624,0.47686724796144153,0.5779436227698693,0.5337186897880539,0.8043630578444324,0.5370741482965932,0.8210276802893475,0.5840504876649455,0.7671239097390096,0.6,0.9035004849180532,0.26635514018691586,0.02577160666500809,0.630418809698751,0.64012941201455,0.5120970979505495,0.5917265965554686,0.5134615384615384,0.8385331291465729,0.5138504155124654,0.852172025553166,0.5576251455180442,0.6876552543806327,0.5905598243688255,0.8954378381567113,0.45275322909585314,0.04986796938008553,0.689064558629776,0.5827469525480281,0.565172494647951,0.5802098907779039,0.5482866043613707,0.7137221693596056,0.5759577278731837,0.7025463514540831,0.5816023738872403,0.7388888655365452,0.7152847152847153,0.9048259299293117,0.5451151213441194,0.24266267194174834,0.7261500463105897,0.6617625645453324,0.6387913629116724,0.6319092404666176,0.49739690614762505,0.566334807287115,0.9234338747099768,0.8777993224971218,0.5284757118927973,0.9365652398143373,0.85744261917564,0.5693832599118943,0.933456561922366,0.8040413204737848,0.5806930693069307,0.9592833876221498,0.9709611771385531,0.702037351443124,0.946236559139785,0.8672227103871571,0.6497933884297521,0.9590039477679927,0.8956448582513985,0.4990500316656111,0.9489189466697052,0.8950641249564893,0.9935917835961232,0.8869955156950673,0.9984955036898133,0.9571164302931778
c22_d8_s0,c22,8,0,35000,0,1044.3680186271667,0.011907474137842655,0.00019387831257830973,0.0,0.0,0.43460490463215257,0.7781096955940592,0.46582278481012657,0.7830311397780876,0.6715176715176715,0.9019556712807628,0.0,0.0,0.6554412223261615,0.6314728130385401,0.40677536424781485,0.5134521906941714,0.0,0.0,0.35390334572490706,0.7440407068953053,0.38846945778997943,0.7492813800032918,0.6359743040685225,0.8856479111475565,0.0,0.0,0.6036801132342534,0.5430719656939178,0.3717780046186012,0.4816234764519184,0.2922374429223744,0.7916334346829293,0.3079497907949791,0.7317931667736294,0.44984025559105434,0.7668721938808222,0.5891472868217055,0.8842742982472855,0.2081727062451812,0.034377437936394535,0.6193293885601578,0.6064671982859757,0.44166463618246177,0.5721379665621957,0.44491080797481636,0.7926692410246035,0.4812760055478502,0.7807093077701697,0.4942084942084942,0.7846139733249373,0.6167209554831705,0.9049574983669453,0.29831006612784716,0.026321199647556952,0.662,0.6983151974119794,0.5126240310470178,0.6038978506999296,0.5126760563380282,0.8038316082191264,0.5111989459815547,0.6537369949666,0.5629213483146067,0.7298438457140326,0.6046002190580504,0.9034191147182334,0.3338068181818182,0.029052423347815312,0.6523143164693218,0.6472169947078537,0.5299133676468134,0.5772065039351222,0.5133470225872689,0.7938992200874938,0.6297376093294461,0.6700295714480937,0.6346053319393623,0.6991260431602672,0.6377118644067796,0.9024951426519622,0.490521327014218,0.5811236777407125,0.6864231564438319,0.6513927082306791,0.6018049172875471,0.7140074517138263,0.49480249480249483,0.8126433781401322,0.5374149659863946,0.8291488205159241,0.5571600481347774,0.6917569297025531,0.6774519716885743,0.9038472466120312,0.4551148225469729,0.5560202925864504,0.671280276816609,0.5768420607803569,0.5834098935066779,0.703639827357927,0.4925671735052763,0.5951378953450129,0.9270186335403726,0.8780714594703102,0.5603015075376885,0.9375322663913268,0.85765506091731,0.5765418502202643,0.9356779268857011,0.8033815568988024,0.5909990108803165,0.9584352078239609,0.9971914219733621,0.6607142857142857,0.942156862745098,0.8998315243299626,0.6248699271592092,0.956865127582017,0.8893350293906956,0.49333333333333335,0.9477167017725524,0.9081818336973736,0.9940185158397222,0.8946188340807175,0.9987613221484641,0.9639553786647234
c22_d8_s0,c22,8,0,40000,0,1193.4784309864044,0.009206688962876797,0.00016376915033274812,0.0,0.0,0.4251207729468599,0.7346553800394058,0.4561178731582319,0.7399938378189518,0.668054110301769,0.9017480092609258,0.0,0.0,0.661090458488228,0.6154445947191827,0.4057226960395902,0.5021855858165569,0.0,0.0,0.33903345724907064,0.7606761382138316,0.37336993822923814,0.7657429205027064,0.6227027027027027,0.9012055350181574,0.23644578313253012,0.03736967107305528,0.632020658489348,0.5462341393732174,0.43215923570433756,0.4984039245924857,0.30197444831591175,0.7923182539063152,0.3016949152542373,0.7322898344844762,0.44517833553500663,0.779506533710088,0.5717488789237668,0.8997552803420593,0.21884984025559107,0.02882787415269377,0.6598194833488951,0.6357241630183433,0.4500085255574929,0.583086381220014,0.2536945812807882,0.7888293327997414,0.3834988540870894,0.7911603402811684,0.4746192893401015,0.7031354815752442,0.5389908256880734,0.8994319858789576,0.1806020066889632,0.016670345429162854,0.6415339616509588,0.6481100870314425,0.43293275889933047,0.5813135341395702,0.4335195530726257,0.8470376754931261,0.5253077975376197,0.7458734712141359,0.5657041838538598,0.7699130993280511,0.6046002190580504,0.9036939187187764,0.2747169811320755,0.02529350891264122,0.6628366247755835,0.6999152561957283,0.5125827507801027,0.6041276914597292,0.49732047159699894,0.8469647428397893,0.563564875491481,0.781287865667343,0.5775962660443408,0.7660141802542887,0.6353944562899787,0.888908828754188,0.3695955369595537,0.02981149962159636,0.6803849983405243,0.6566279618129802,0.5578838823252492,0.5933593049439763,0.5912698412698413,0.28631640156876453,0.5953721075672295,0.787735083188085,0.6014614952220348,0.8293025081419277,0.6370370370370371,0.9042551280415678,0.5303123086344151,0.0669672458915625,0.7101678808995883,0.6484372398869093,0.6183879269810189,0.5635277361965747,0.4870968251838746,0.5608577369098439,0.9241486068111455,0.7804864901585342,0.5251256281407035,0.9364997418688694,0.806505802180922,0.5529217199558986,0.9361111111111111,0.804825540746378,0.5677546983184966,0.9576547231270358,0.9982281715773973,0.6641156462585034,0.9434697855750487,0.8997230406248019,0.6151859504132231,0.956838905775076,0.8628138156900329,0.49428208386277,0.9475541419352173,0.8895094097302109,0.9945031100824534,0.9026905829596412,0.9991898866022072,0.9758394528841303
c22_d8_s0,c22,8,0,45000,0,1343.3888626098633,0.007085027173161507,0.0001331377356387188,0.0,0.0,0.4168975069252078,0.7345794389637478,0.448586118251928,0.7399186228404696,0.6666666666666666,0.9017423800210872,0.0,0.0,0.6584234930448223,0.6154370122241578,0.40339617535930017,0.502169686544996,0.0,0.0,0.34226190476190477,0.761133277033164,0.37637362637362637,0.7662006997236732,0.6220302375809935,0.901205397670555,0.23820224719101124,0.038192404351273385,0.627906976744186,0.5457615957978342,0.43192115964034195,0.49856768085131875,0.0,0.0,0.3118696664080683,0.7153250669255745,0.3454675231977159,0.7208398704186145,0.5907079646017699,0.8850733597261813,0.33379120879120877,0.04732340861545061,0.6501288659793815,0.5931659123297826,0.44843510897690536,0.5010710816132027,0.4760892667375133,0.8497909885623893,0.4253968253968254,0.7868832225124885,0.5028938906752412,0.8302280732081114,0.56045197740113,0.8996824598380665,0.3705685618729097,0.039205690297789565,0.660327868852459,0.6782954560129322,0.5148687672657563,0.6098710918941128,0.49072164948453606,0.8466331859770757,0.4929378531073446,0.6914112316863626,0.5470692717584369,0.7491164390618696,0.601536772777168,0.9033921140264541,0.24425059476605868,0.01915254311263851,0.6605566870332654,0.7084284609490535,0.5041467448399828,0.5983400175824789,0.5395256916996047,0.8490656909894174,0.5444596443228454,0.8183698155348796,0.592255125284738,0.7443046595164917,0.5842450765864332,0.9034344306833056,0.42597402597402595,0.4521512967391852,0.6999671376930661,0.5427647090056138,0.5672332651723136,0.6755659562770919,0.5813282001924928,0.39273174905371844,0.5690954773869347,0.758229583489154,0.5698134539287734,0.7541075196808155,0.6673267326732674,0.8868227274859759,0.5100064557779213,0.2082352517928896,0.7083747103608077,0.7207228299618827,0.6147800689953492,0.6127009399954944,0.4978258986071356,0.5711837792512421,0.9253499222395023,0.8780481629111704,0.5201680672268908,0.937952430196484,0.8576450208481937,0.5650496141124587,0.9351251158480074,0.8033909661712957,0.5802775024777007,0.9575163398692811,0.9978381443500586,0.6510238907849829,0.9442815249266863,0.9014903462874434,0.615424430641822,0.9574984820886461,0.8628157448516368,0.49112238427393784,0.9480263757448195,0.9021264046998396,0.9952625488210618,0.922645739910314,0.9996510002549688,0.9895173496272213
c22_d8_s0,c22,8,0,50000,0,1492.9866149425507,0.005427137482911348,0.00010328793476977183,0.0,0.0,0.4260027662517289,0.7346664213564286,0.45699614890885754,0.7400049909393017,0.6694300518134715,0.9017124086116749,0.0,0.0,0.6598513011152416,0.6154573783740779,0.40590358116222713,0.5021817311044158,0.0,0.0,0.34554973821989526,0.7607036028622177,0.38095238095238093,0.7657889456344101,0.625,0.8854511762276931,0.0,0.0,0.6043723554301833,0.5426056775665029,0.3678849321219022,0.48422192582326795,0.33978494623655914,0.04038100541043054,0.45016077170418006,0.6019690256140334,0.46550689862027594,0.6061186117821099,0.5875831485587583,0.8850882348389866,0.23604465709728867,0.0356371019752389,0.6406812970848346,0.5943190434843996,0.470698327065305,0.48280014864187076,0.2777777777777778,0.7696483447081497,0.4753984753984754,0.7911196811905924,0.49389067524115754,0.7950345879425895,0.5406643757159221,0.8993146194629359,0.3692918596955658,0.04266103949331352,0.6479813146479814,0.6393728650573082,0.4934066315496516,0.591654015490167,0.5505836575875487,0.7484125846214669,0.523517382413088,0.6256907187506365,0.575531303848363,0.6811492198380419,0.5828698553948832,0.9007089633441827,0.2965159377316531,0.025678998761716438,0.6508666430845419,0.616194242918772,0.5200324710401862,0.5569165948570132,0.5182987141444114,0.8116943702651668,0.5311036789297658,0.7866055655127572,0.5749718151071026,0.6949016875394833,0.5961123110151187,0.8954474072947255,0.21061499578770007,0.018927665153622975,0.6835193696651346,0.7137473527375563,0.5079261864654283,0.5981307415729268,0.5696846388606307,0.7426370310771064,0.5819618169848585,0.7677262723435947,0.5738810545677498,0.7674982800951543,0.6570545829042225,0.9114192823289848,0.5198389879240943,0.5161260634824478,0.7231007751937985,0.7876173951825416,0.6187925457066321,0.7436124838748148,0.4835206678730474,0.5656453773377823,0.926791277258567,0.8368616186913467,0.5378151260504201,0.9394096323148627,0.8576739586816708,0.5694597574421169,0.9359925788497218,0.8034001883121485,0.5847373637264618,0.9541734860883797,0.9978053158489097,0.6595197255574614,0.947265625,0.8997974177105202,0.6072164948453608,0.9536504089669797,0.8611249925880529,0.48538754764930114,0.9472885040491025,0.8978432453439679,0.9951974540720382,0.9190582959641256,0.9996220676336189,0.9885643814115141
c22_d8_s0,c22,8,0,55000,0,1633.3645582199097,0.00415518693625927,7.549034358359007e-05,0.0,0.0,0.42650103519668736,0.7346700442570226,0.45739910313901344,0.7400081619149024,0.6645833333333333,0.901699736635633,0.0,0.0,0.6602663363270362,0.6154300129149978,0.4048707622764008,0.5021722879019848,0.0,0.0,0.35787923416789397,0.7160970952020298,0.3904761904761905,0.7215989737567619,0.6346153846153846,0.9011415783191166,0.0,0.0,0.6272151898734177,0.5308301623583719,0.3778205956758743,0.47780094091593805,0.297423887587822,0.7921443777575129,0.2932651321398124,0.732032625634496,0.4389920424403183,0.7794071612081869,0.5717488789237668,0.8997903441725781,0.2220447284345048,0.03239076120110858,0.6594022415940224,0.6356227621644789,0.4491057174187362,0.5839163139345578,0.24596273291925466,0.7888264796933805,0.4349621472814866,0.6992683405126913,0.4638977635782748,0.703319657267244,0.5423340961098398,0.8837303319435055,0.3604806408544726,0.036945493724671805,0.6461232604373758,0.6493846562547945,0.4826363863320068,0.5751329936035192,0.46918918918918917,0.8490482911323844,0.4115755627009646,0.786184616395199,0.479317137229153,0.814952684213382,0.5828698553948832,0.9012041452039914,0.24480369515011546,0.030364046971930268,0.6576427863981512,0.6719161498229336,0.4846692416623964,0.6050532181447943,0.5214785214785215,0.8118887022247468,0.5732730794060684,0.6561143418849564,0.5891203703703703,0.6936838241410702,0.601536772777168,0.9039272300222705,0.35964912280701755,0.045145151503389644,0.7020933977455717,0.6203329746087946,0.556142487603686,0.5724919113878448,0.569620253164557,0.42018486635399915,0.583167660702452,0.7527032871451986,0.591044776119403,0.7897485278227472,0.6375121477162293,0.38393326630864005,0.49778340721975933,0.23575211528517934,0.7081339712918661,0.6822205824615051,0.6061767723891647,0.4890295477906599,0.4802031376226093,0.5436567448113283,0.9292929292929293,0.8780762521661714,0.5309364548494984,0.9395348837209302,0.8576672816092168,0.5797579757975797,0.9375866851595007,0.8040145824107726,0.596646942800789,0.954248366013072,0.9971554978105196,0.6541095890410958,0.9457743038593063,0.901471147057753,0.6136363636363636,0.9562841530054644,0.8383382987950982,0.48507936507936505,0.9479445805672407,0.8958877455980228,0.9955156950672646,0.9311659192825112,0.9999150104247851,0.9974774370760693
c22_d8_s0,c22,8,0,60000,0,1770.759310722351,0.003160149324685335,5.0928202945658506e-05,0.0,0.0,0.4251207729468599,0.7346622453925425,0.4561178731582319,0.7400005124913115,0.6673596673596673,0.9017242469749314,0.0,0.0,0.6617100371747212,0.615421001534326,0.40570397997568813,0.5021748752843022,0.0,0.0,0.33925925925925926,0.7604241558167752,0.3734610123119015,0.7654914285013706,0.6236559139784946,0.9011945689355674,0.22556390977443608,0.03695172376850334,0.62786938247656,0.5458514221783576,0.4286656575216361,0.49815906074711924,0.2967289719626168,0.7920471959946903,0.29617021276595745,0.7322082725815896,0.4448844884488449,0.7684557843182536,0.5685393258426966,0.8996949335761846,0.21690590111642744,0.028706233747777213,0.6629422718808193,0.6358526401488879,0.44857884747477084,0.5821227229427569,0.4024640657084189,0.7917909577734128,0.43186582809224316,0.6419612425358661,0.5119255381035486,0.7046241140734681,0.5423340961098398,0.8994429090137435,0.3013899049012436,0.026445692859374228,0.6502057613168725,0.7096332947776501,0.4856703932406732,0.5870785003612542,0.4269911504424779,0.8469090546691505,0.5072164948453608,0.7241139880513955,0.5519713261648745,0.7653683398389373,0.5891472868217055,0.9032150396128696,0.3331020124913255,0.030736709206533742,0.6483005366726297,0.6825662691477894,0.5164857066174746,0.5988287863717552,0.5436893203883495,0.7797564605652177,0.5157232704402516,0.7582024217006281,0.5384142593730793,0.7999847783760102,0.5891304347826087,0.895249761605451,0.43212508884150674,0.04984067614418108,0.6896551724137931,0.6345609724638246,0.5608799115262839,0.5897414909401855,0.5771543086172345,0.38878603389191063,0.5848696757787667,0.6944786175067822,0.6005571030640668,0.7511266340050421,0.6928499496475328,0.9122776635018336,0.46550522648083625,0.3561583767823051,0.7213822894168467,0.714982897610429,0.6168161236746429,0.6487206749239531,0.49468580286159575,0.5724037302244752,0.9277389277389277,0.8368540857874794,0.5343383584589615,0.9395348837209302,0.857665209099016,0.5825082508250825,0.9351251158480074,0.8033900625254939,0.5946481665014867,0.9550286181520851,0.9985669405799549,0.6746575342465754,0.9438750610053684,0.8996918894000684,0.6039296794208894,0.9563636363636364,0.79486631619506,0.48510773130544993,0.9473500728225946,0.8814403996614366,0.9957254448141183,0.9318385650224216,0.9999059689806133,0.9970850383990134
c22_d8_s0,c22,8,0,65000,0,1908.2561874389648,0.002454560250043869,3.06470325325539e-05,0.0,0.0,0.42214532871972316,0.7781306335144907,0.45343609505459215,0.7830516740842844,0.6673596673596673,0.9017347737374658,0.0,0.0,0.6635687732342007,0.6315903025317057,0.40569722879632664,0.5134297947005242,0.0,0.0,0.344311377245509,0.7614857554721381,0.3798342541436464,0.7665636097624399,0.632368703108253,0.9012115572262003,0.0,0.0,0.5987938985455835,0.5418234945714934,0.3681361196958888,0.4880962100523049,0.0,0.0,0.3004694835680751,0.7153110655420928,0.33525179856115106,0.7208145272118905,0.5875831485587583,0.8850198582053328,0.3333333333333333,0.04542055093611892,0.6520618556701031,0.5929643883885392,0.44622135790131745,0.5005283321119963,0.4355179704016913,0.7942105693484278,0.475,0.7916747171103479,0.49226804123711343,0.7955845103124592,0.6122004357298475,0.9049377794181593,0.2986161689730517,0.026625626287102803,0.6557053600789214,0.6969945074079688,0.5085293254986889,0.6055952946759107,0.46993524514338575,0.8490267772087584,0.5756042720629567,0.7632111830047583,0.5869910100475939,0.7667336723669604,0.578125,0.9031706210837023,0.18166383701188454,0.019351878257849727,0.668724279835391,0.6644174225756235,0.49317248981631356,0.5949826165276669,0.5136842105263157,0.8472233293664491,0.557398805573988,0.7594897542806055,0.5781433607520564,0.8010772502595815,0.6479166666666667,0.8959300947806433,0.40854472630173566,0.4319559385181302,0.6749740394600208,0.636777245477525,0.5702943895114692,0.6918150141862942,0.556640625,0.745476407447104,0.5651886168100596,0.7295527860333632,0.5695600475624257,0.7664077259762145,0.6686807653575025,0.9034265207286684,0.4885290148448043,0.2711229806945556,0.720125786163522,0.6393753657275189,0.6102829990391643,0.6402676267424091,0.48604770146559545,0.5763878412853009,0.9300155520995335,0.8781043853993304,0.5309364548494984,0.9420289855072463,0.8576941857682657,0.5747252747252747,0.9393237610004632,0.8040386742035449,0.5912228796844181,0.9508196721311475,0.997125130847879,0.6594827586206896,0.9454191033138402,0.9014369795884872,0.6206185567010309,0.9548894943990311,0.7630197547546742,0.4885859226379201,0.9470627590116083,0.8770485700786885,0.9960726168089108,0.9410313901345292,0.999949367912638,0.9984304052917764
c22_d8_s0,c22,8,0,70000,0,2046.4569368362427,0.0019233071943745017,1.5510126917964977e-05,0.0,0.0,0.4240331491712707,0.7781339855011941,0.4551282051282051,0.7830548893592935,0.6603970741901777,0.9013824258634426,0.0,0.0,0.6629526462395543,0.6315904710419983,0.404100876299056,0.5133422971314009,0.0,0.0,0.33580980683506684,0.7603655094033529,0.37037037037037035,0.7654333501976547,0.6221743810548978,0.901066016617858,0.23203592814371257,0.038151497719428405,0.6281098546042003,0.5459912836742348,0.42942838905115577,0.49845210446963095,0.3023255813953488,0.7922443290864876,0.30025445292620867,0.7323978289002189,0.44415069398545937,0.779539026460699,0.5669291338582677,0.8996589950678175,0.22151394422310758,0.03227735854821123,0.6623174899036968,0.6359495033117414,0.4499177026885194,0.583986562935893,0.4053224155578301,0.7370777581502725,0.4827109266943292,0.7918216399970461,0.4980744544287548,0.7957219954627692,0.5423340961098398,0.8993216887439123,0.2916053019145803,0.026352919197682484,0.6555183946488294,0.6677339113659315,0.4878734312250552,0.5920705792943889,0.4360400444938821,0.8470201658795597,0.3842364532019704,0.7840545324519949,0.49301143583227447,0.7487993343087016,0.6223628691983122,0.895758519717649,0.32897453544390914,0.03469453524163996,0.6447462473195139,0.6332062018379981,0.5084615741177777,0.5892376502526764,0.5785582255083179,0.7826104730311555,0.5488873904248146,0.7460648659638717,0.589960518894529,0.8022410207064393,0.6632653061224489,0.9040035158847131,0.41040056219255094,0.04664433907996109,0.6913172664245626,0.7142294414830069,0.5843629615871957,0.6104623540870425,0.5308641975308642,0.8442851009191699,0.5708661417322834,0.8161793870951789,0.5635696821515892,0.8125578391546533,0.6741116751269035,0.9032172358858538,0.3710546574287914,0.04069722624229802,0.7149234693877551,0.6031935597859963,0.5787974522704239,0.5928621994092872,0.49184891246274054,0.5686305353686171,0.9270186335403726,0.836872211420298,0.5418760469011725,0.9405069839627522,0.8576843799705549,0.581958195819582,0.937037037037037,0.8023887517155742,0.5958498023715415,0.9525368248772504,0.997140222949433,0.6632302405498282,0.944390243902439,0.9014647840024826,0.6146694214876033,0.9551515151515152,0.8381742404557152,0.4876269035532995,0.9467332005278146,0.89227359044411,0.9962317373065239,0.9432735426008969,0.9999855336893251,0.999551544369079
c22_d8_s0,c22,8,0,75000,0,2184.2289776802063,0.0016183322295546532,6.161808308812815e-06,0.0,0.0,0.42461964038727523,0.7781341947723134,0.4557124518613607,0.7830552060070766,0.6617954070981211,0.9015663793124363,0.0,0.0,0.6637797711104237,0.6316541119679636,0.40475480223952254,0.5134042395517158,0.0,0.0,0.35719557195571955,0.7161061481757696,0.38991138377641443,0.7216085175303303,0.6302250803858521,0.9011626279099973,0.0,0.0,0.629454430778934,0.5318529460324614,0.3771787907688744,0.478063448961123,0.0,0.0,0.3195084485407066,0.7609810893964787,0.3536067892503536,0.7660448189582094,0.586015538290788,0.9006676582413179,0.22168284789644013,0.033268694887106987,0.6714758040276525,0.6379033978627007,0.42588648403630847,0.5202120967773387,0.46949327817993797,0.8499443425868598,0.41368584758942456,0.7869988817608732,0.49843063402385435,0.8159935637060066,0.6061269146608315,0.9034875591322987,0.18013468013468015,0.019878493543860228,0.6305555555555555,0.6450658630054366,0.4693384342372015,0.5965193779248772,0.42058165548098436,0.8467616430074629,0.44328358208955226,0.6913011212859203,0.5080745341614907,0.7489879814734939,0.5938189845474614,0.9033923574255042,0.24493106244931062,0.01960247740464377,0.6751918158567775,0.7081869217033466,0.4928137800243897,0.5983830012806134,0.4756756756756757,0.8463698864196451,0.5017921146953405,0.8163036793231687,0.5819625638116847,0.801687792009552,0.6352201257861635,0.8957882867487971,0.21391304347826087,0.019573576636811158,0.693359375,0.6211029515216726,0.5155756655813312,0.589479650206184,0.5711340206185567,0.23908055859843763,0.5754152823920266,0.7251922463025205,0.5908828620888632,0.7659734999272375,0.6390658174097664,0.8953264537158114,0.444605358435916,0.06008533106647757,0.7006493506493506,0.7160150945436631,0.5908661453820455,0.5620439119005043,0.4680591574670962,0.5511579609431937,0.9284603421461898,0.836873564106229,0.5452261306532663,0.9409937888198758,0.8576849890907785,0.5847084708470847,0.9383402874362541,0.8034153081599067,0.599308300395257,0.9533932951757972,0.9985547824826007,0.6638078902229846,0.9458272327964861,0.9014669999411065,0.6160990712074303,0.9554680399878824,0.8381749639408216,0.4904882688649334,0.9476550101902348,0.8927136750375417,0.9961015478084768,0.9419282511210763,0.9999945751334969,0.9998318291384046
c22_d8_s0,c22,8,0,80000,0,2321.6916246414185,0.0014830875443294644,3.0000001268729423e-06,0.0,0.0,0.4235294117647059,0.778132900832987,0.45472061657032753,0.7830539241161664,0.6645833333333333,0.9015844394041944,0.0,0.0,0.6633693972179289,0.6316470502058738,0.4051756849990683,0.5134067744816132,0.0,0.0,0.35233160621761656,0.716014479800052,0.38550922761449075,0.721517760514758,0.6331550802139038,0.9011866932535345,0.0,0.0,0.6270066100094429,0.5318355742289521,0.3765271587085123,0.4780499202301891,0.3037383177570093,0.7925175662857451,0.29617021276595745,0.7320276321782501,0.44312169312169314,0.7948815666040624,0.5669291338582677,0.8996589950678175,0.22470119521912352,0.032851747380707765,0.6635601118359739,0.6426393606138182,0.4507167955320629,0.5870730895212574,0.27824019024970276,0.7917943429589263,0.4029520295202952,0.7746747991477719,0.4267211997273347,0.7787301224936719,0.544,0.8994369864205163,0.33741496598639453,0.03490430361933485,0.6362994350282486,0.6623015172010805,0.4717547185451052,0.5945939738602637,0.43237250554323725,0.8468928946967734,0.4389513108614232,0.6918785019232159,0.5093399750933998,0.7494156017874147,0.5828698553948832,0.9033010542689159,0.40051183621241204,0.04421237555162318,0.6791797010775112,0.6343135329423111,0.5306956641293734,0.5861389905579962,0.5256544502617801,0.8469036262001163,0.5439560439560439,0.7146990166729545,0.5704099821746881,0.7701899265224109,0.6246056782334385,0.8938583126709365,0.38949671772428884,0.04376967277810023,0.6893530997304582,0.6417593465508149,0.5625322469547557,0.5891628804495864,0.5303867403314917,0.8463711228738598,0.5785234899328859,0.7257657690888195,0.5887290167865707,0.7647372235020031,0.6223091976516634,0.3828602817363088,0.5211891208096142,0.08248826637153527,0.7087283425956195,0.699080672379283,0.6045266025184699,0.4858468147438386,0.48598983876962115,0.547753206263535,0.9292929292929293,0.8368959684932046,0.5434782608695652,0.9410548086866598,0.8577033111119776,0.5818681318681319,0.937962962962963,0.802075296481031,0.5977295162882527,0.9525368248772504,0.997140222949433,0.6615120274914089,0.9473170731707317,0.9014741127310757,0.61740473738414,0.9554680399878824,0.8381746641936766,0.4885859226379201,0.9478563762541788,0.8922534646423974,0.9962534355561985,0.9432735426008969,0.9999873419781595,0.9996076013229441
c23_d8_s0,c23,8,0,5000,0,96.91158318519592,1.2434661388397217,0.00029987339866738077,0.0,0.0,0.47244094488188976,0.8114370925224333,0.4902200488997555,0.815061662451926,0.0,0.0,0.4148148148148148,0.42530334844995943,0.5767195767195767,0.4283066789541208,0.32810534736540165,0.34894406976555,0.0,0.0,0.38704930095658574,0.7181797783921627,0.5413698630136986,0.5961451045665885,0.6352941176470588,0.9008739789074839,0.29472140762463345,0.44795753795726473,0.5984251968503937,0.7551474332595127,0.45947844419471184,0.6355218111109613,0.35129310344827586,0.01351234407530271,0.48813982521847693,0.5771976794116919,0.49941656942823803,0.5815177604854932,0.6046002190580504,0.9008169139440693,0.2939346811819596,0.52052964945888,0.5798438608942512,0.7006812206647063,0.4811654817914812,0.6281925946812879,0.41404358353510895,0.46039549471857755,0.576852418860992,0.8150993845447954,0.5799426934097421,0.8185633839836324,0.591182364729459,0.8154554675124371,0.5520046484601976,0.6379749739065506,0.6774302051799529,0.6285410531654628,0.5860575292428892,0.6949977289166964,0.585278276481149,0.5433770119720966,0.6090225563909775,0.5085510548162984,0.6587887740029542,0.6918052955096368,0.6256742179072277,0.8752175255424913,0.650345928685471,0.8417254039825097,0.7191084890199935,0.6359134069943727,0.6532062928094298,0.7335251976546795,0.5408678102926338,0.8912543213430867,0.6040709126723572,0.9064145140967066,0.6103975535168196,0.9094913019734123,0.6797116374871267,0.9221157333207979,0.5949214026602176,0.8765911039864092,0.7716186252771619,0.816848826285709,0.6578409393962774,0.879485594015996,0.5810276679841897,0.8915993896036848,0.6933019976498237,0.8921564748010091,0.6890848952590959,0.8952457010235639,0.7281746031746031,0.9401707518505606,0.6866333887964503,0.8199219665193855,0.7864470003108486,0.6898472466698242,0.7139316281449013,0.8357351217122975,0.5542550947064419,0.6794860168367813,0.9413604378420641,0.9211645503267291,1.2400332225913622,0.955067920585162,0.9323265686182367,1.2084245076586433,0.9531396438612934,0.9329184482177882,1.1986234021632252,0.9471114727420668,0.884312650191405,0.8900343642611683,0.9460255152109912,0.9776664610529147,1.0975103734439835,0.9624846248462484,0.9671427129317491,0.8258785942492013,0.9513694033905365,0.93948125330758,0.7849197164762043,0.01233183856502242,0.7860450734074852,0.018442737821626774
c23_d8_s0,c23,8,0,10000,0,191.59943842887878,0.09772994369268417,0.0002954574462833066,0.0,0.0,0.0,0.0,0.0,0.0,0.0,0.0,0.33986928104575165,0.3464789623454512,0.5547850208044383,0.38470582468642495,0.22366357546254748,0.18279619675796904,0.0,0.0,0.0,0.0,0.0,0.0,0.5655471289274107,0.8136184484072164,0.4300822561692127,0.3026712409333607,0.6292065452300093,0.652933550445187,0.40620898258165816,0.44230580994644103,0.0,0.0,0.0,0.0,0.0,0.0,0.5287356321839081,0.8392761356971377,0.4793301936159079,0.4670486063676293,0.666025641025641,0.739306617796569,0.41852286670636424,0.511407839965334,0.0,0.0,0.0,0.0,0.17591125198098256,0.37439791236285014,0.5986984815618221,0.8546858248649808,0.42963885429638854,0.4954507256341281,0.6594059405940594,0.7646569884546499,0.43659509011148273,0.5598982107686772,0.3784860557768924,0.39650640719483693,0.4167257264351524,0.5016937676418237,0.48375451263537905,0.509875688405573,0.6611226611226612,0.9016678146277283,0.4840989399293286,0.19812355557916062,0.6547915924474528,0.7203017248411668,0.5565838229454793,0.5723629290322,0.49356223175965663,0.6352132551541152,0.5460893854748603,0.5820302045623108,0.5633633633633633,0.7304154066353316,0.7449078564500485,0.9573089680966742,0.5566531086577571,0.6959682611860767,0.7545764815389389,0.6683458090308373,0.6476189433781762,0.7427106651077102,0.5340425531914894,0.6786698620690292,0.6431478968792401,0.7177752097055538,0.6153846153846154,0.713832239279664,0.7027027027027027,0.9341685675871175,0.5758133824432167,0.6643977778311427,0.7744860943168077,0.7754056609074054,0.6626318003202939,0.7693494441692703,0.4788321545008574,0.5401187279639431,0.931782945736434,0.9000153089994921,0.9983361064891847,0.9492753623188406,0.9042130063881795,0.9116684841875682,0.9483960948396095,0.9039576995313491,0.932843137254902,0.952303961196443,0.9774002357954108,0.9202037351443124,0.9403647116806308,0.9479656015852719,0.960691823899371,0.9622815087396505,0.9817989772390391,0.6940726577437859,0.9495254123120881,0.9524733715648488,0.847953131780703,0.055381165919282514,0.8473768058024372,0.062111104882560685
c23_d8_s0,c23,8,0,15000,0,286.61508870124817,0.044838257133960724,0.000284913756708179,0.0,0.0,0.0,0.0,0.0,0.0,0.0,0.0,0.0,0.0,0.25298804780876494,0.11633837187965602,0.06324701195219123,0.029084592969914006,0.0,0.0,0.0,0.0,0.0,0.0,0.37714285714285717,0.6390991551997094,0.0,0.0,0.5616850551654965,0.6303639649607269,0.2347069780770884,0.31736578004010907,0.0,0.0,0.0,0.0,0.0,0.0,0.39552238805970147,0.7582994128059483,0.42439327940261357,0.5452565773720792,0.6447241045498547,0.6733413293808564,0.36615994300304244,0.494224329889721,0.0,0.0,0.24630541871921183,0.005382915820429377,0.22556390977443608,0.005342084293975339,0.6683982683982684,0.7723920690600611,0.5028248587570622,0.25007053920446143,0.6559485530546624,0.6900644606672957,0.49611536409363555,0.4290255172424883,0.0,0.0,0.2570480928689884,0.009377926200940807,0.4026602176541717,0.31313756383244024,0.7405247813411079,0.937170216110574,0.47044334975369456,0.5594960182522625,0.688874921433061,0.6616063504128494,0.5299364556755626,0.5664444370300366,0.14540466392318244,0.017883201013137198,0.38521677327647474,0.5500181983834644,0.3778801843317972,0.5507348246952247,0.6803699897225077,0.904444438624165,0.5310467179183915,0.4111124503703572,0.758660844250364,0.8119302035425305,0.5682278564337704,0.6250914584752487,0.34571062740076824,0.0072000749337557575,0.4992867332382311,0.6421784809637331,0.5158878504672897,0.6168510505449483,0.7547892720306514,0.9317533868776847,0.5127226463104325,0.33197880784675526,0.7515225334957369,0.8233226715936751,0.6181657138847293,0.6272828504497319,0.4109370461600029,0.44121699515675,0.93343653250774,0.9842158832799927,0.978441127694859,0.9499742135121196,0.9718920500568389,0.990770901194354,0.9461467038068709,0.9721406702854279,1.0161923454367026,0.9507667473769169,0.41769993862099625,0.9185059422750425,0.9344422700587084,0.9719374901996086,0.9193717277486911,0.9635974304068522,0.9603885180898031,0.5796825396825397,0.947998066112847,0.8315272036961237,0.887574135686388,0.11591928251121077,0.88611216092324,0.11844834351701329
c23_d8_s0,c23,8,0,20000,0,382.3600034713745,0.025850575417280197,0.00026869113589409366,0.0,0.0,0.0,0.0,0.0,0.0,0.0,0.0,0.0,0.0,0.3813068651778329,0.09569643688303048,0.09532671629445823,0.02392410922075762,0.0,0.0,0.0,0.0,0.0,0.0,0.0,0.0,0.26284875183553597,0.036738959109033936,0.4588283490372798,0.11872826978751572,0.18041927521820394,0.03886680722413741,0.0,0.0,0.0,0.0,0.0,0.0,0.4699205448354143,0.46265688705738617,0.49626651349798967,0.073014358261164,0.5455199712126664,0.679214807481957,0.3779267573865176,0.30372151320012675,0.0,0.0,0.1613780598368087,0.020890519745321176,0.14650205761316873,0.020727738942962527,0.592079207920792,0.7002705976911886,0.46001239925604465,0.5122402979662337,0.5902558710129688,0.7012650681708379,0.4362435460016162,0.48191217918108875,0.0,0.0,0.3702602230483271,0.38417970599117085,0.4057071960297767,0.3850355402571229,0.693359375,0.921823430152241,0.474390243902439,0.3061865462349521,0.6718458669981355,0.7825007133720336,0.5245628230649857,0.5667289429604978,0.3237410071942446,0.008182617803523863,0.4685714285714286,0.07699811578948881,0.5260081823495032,0.7502036446077841,0.7298850574712644,0.9276715748356928,0.4975,0.07145880530084787,0.7050183598531212,0.6799245334161532,0.5929609058406945,0.4893790932382399,0.3690205011389522,0.27174142553341346,0.5232876712328767,0.6080575387263123,0.5419987737584304,0.6093903156400955,0.7309546769527483,0.9150853706275859,0.5339987523393637,0.2577930884662854,0.7515114873035067,0.7424509936979725,0.623641807993093,0.6029314698562793,0.4044402616856527,0.3582091592687325,0.934261407579273,0.9614017056360669,0.9826158940397351,0.9487842731505431,0.9526100145950879,0.9989094874591058,0.9459962756052142,0.9530287561280496,1.013779527559055,0.9518459069020867,0.30648381419796056,0.9384485666104553,0.9348996573666177,0.9901621355937567,0.9109947643979057,0.9637526652452025,0.8998559427266641,0.5445638432364096,0.9483780537397293,0.7880455128261957,0.907507594387386,0.20807174887892377,0.9060973691205749,0.21363305117999887
c23_d8_s0,c23,8,0,25000,0,476.0797698497772,0.017949169501662254,0.00024748012093701437,0.0,0.0,0.0,0.0,0.0,0.0,0.0,0.0,0.0,0.0,0.4172888015717092,0.14548293631957163,0.1043222003929273,0.03637073407989291,0.0,0.0,0.0,0.0,0.0,0.0,0.5707964601769911,0.6576745759607342,0.24196018376722817,0.03600919682481799,0.5570715474209651,0.6701412693799023,0.3424570478412961,0.34095626054136363,0.0,0.0,0.0,0.0,0.0,0.0,0.5472972972972973,0.5335938111310218,0.25846153846153846,0.03491491333046892,0.5642701525054467,0.6724445103978269,0.3425072470660706,0.3102383087148294,0.0,0.0,0.18552875695732837,0.005516950369587769,0.16806722689075632,0.005466047833587619,0.7667910447761194,0.9328584399994575,0.3817097415506958,0.13818270698081392,0.6090251464002756,0.7508918689192838,0.4688478151691131,0.45639850382515346,0.0,0.0,0.1860036832412523,0.01316284643969279,0.30518097941802697,0.023797603182666674,0.7674641148325358,0.9023438556951531,0.4534812076401725,0.14517731614991855,0.6668787782373529,0.6966456296027733,0.5128880803991219,0.4391217378304912,0.23687423687423687,0.09392469309202148,0.36168582375478925,0.4503156587246389,0.3387438249823571,0.4513239722347361,0.8115942028985508,0.7832277108968106,0.4083623693379791,0.04041372053167977,0.7297709923664122,0.7380240866019605,0.5655405482850174,0.4733800731785624,0.3048065650644783,0.27167790149493887,0.48032021347565046,0.7427180700987128,0.4754810676598386,0.7466835156027452,0.8112014453477868,0.9446033219229205,0.5034788108791903,0.06945930662289047,0.7585373224539136,0.6925737421213609,0.62335504852022,0.573415716599826,0.42284542681053805,0.3756973335385884,0.9373088685015291,0.8339072408039396,0.8800978792822186,0.9527235354573484,0.8427115992333235,0.9217907227615966,0.9491682070240296,0.8416468446053692,0.9488802336903602,0.9558232931726908,0.32609172482687804,0.9327731092436975,0.9388154674498287,0.9932759750462535,0.8759124087591241,0.9629856225145305,0.8947596799256589,0.5295425667090216,0.9510061466995047,0.7633873186699169,0.9092651526110227,0.15672645739910315,0.9090105224327272,0.1671057794719435
c23_d8_s0,c23,8,0,30000,0,571.4131457805634,0.011910932138562202,0.00022218358646113165,0.0,0.0,0.0,0.0,0.0,0.0,0.0,0.0,0.0,0.0,0.37171888230313294,0.06211319230708881,0.09292972057578323,0.015528298076772203,0.0,0.0,0.0,0.0,0.0,0.0,0.0,0.0,0.2620689655172414,0.03598435996218475,0.4499593165174939,0.12589438670495123,0.1780070705086838,0.040469686666783994,0.0,0.0,0.0,0.0,0.0,0.0,0.0,0.0,0.34776632302405497,0.037686994146974566,0.4068541300527241,0.0929291253246404,0.18865511326919476,0.03265402986790374,0.0,0.0,0.16195856873822975,0.004756223890917664,0.279507603186097,0.013389646968174707,0.5783132530120482,0.8366489030630817,0.40936454849498327,0.33162583087153186,0.5328874024526199,0.7359011500008188,0.41693014865027345,0.47755612688878246,0.0,0.0,0.17045454545454544,0.010174818905460832,0.2844574780058651,0.018037220024643568,0.6119257086999023,0.349791691863247,0.43987538940809967,0.0700199337963666,0.6026924404556437,0.23862519855223097,0.4515327199292789,0.1669602092971365,0.3337222870478413,0.005978044111773209,0.43909348441926344,0.060378613496679535,0.4094488188976378,0.05988056851449005,0.7454212454212454,0.9260988043761061,0.4173669467787115,0.04366324188923963,0.7012435547467395,0.8146502370095987,0.564529985933736,0.45662283966231465,0.3840909090909091,0.009093126772208636,0.5396618985695709,0.041476804879069476,0.5381526104417671,0.04506578305523164,0.7639257294429708,0.5892979456168796,0.45686680469289165,0.040950414159451255,0.720736779560309,0.8255148177120079,0.6072077799325635,0.37191043726429385,0.35711321982850197,0.2231002325319982,0.9358778625954198,0.8341900021464927,0.8344208809135399,0.9472065607380831,0.8427944430441094,0.8858225108225108,0.9463459759481961,0.844069961100573,0.9271749755620723,0.9541432019308126,0.32602579083559863,0.9679595278246206,0.937836514929026,0.9776535372255315,0.7943632567849687,0.9609209330505907,0.9016747987963951,0.5009457755359394,0.9490110290844156,0.7614263989053126,0.9385071604223926,0.34573991031390133,0.9392595780538834,0.36067044116822694
c23_d8_s0,c23,8,0,35000,0,666.3442988395691,0.008253051899373531,0.00019387831257830973,0.0,0.0,0.0,0.0,0.0,0.0,0.0,0.0,0.0,0.0,0.4930081300813008,0.10553415176693151,0.1232520325203252,0.026383537941732878,0.0,0.0,0.0,0.0,0.0,0.0,0.0,0.0,0.0,0.0,0.46629001883239174,0.10622112911300703,0.11657250470809793,0.026555282278251758,0.0,0.0,0.0,0.0,0.0,0.0,0.0,0.0,0.24382470119521912,0.02821124157097337,0.3932832523199293,0.05555524484354761,0.1592769883787871,0.020941621603630244,0.0,0.0,0.16776625824693686,0.004544800901094042,0.1517476555839727,0.004501505271721626,0.32917705735660846,0.49361635762025563,0.3139784946236559,0.03255005512816439,0.4283276450511945,0.060007813998368784,0.29449695874377385,0.14729741553443185,0.0,0.0,0.15399239543726237,0.004189007081022757,0.26300148588410105,0.011885811820648205,0.553941908713693,0.7280848658696609,0.27488151658767773,0.031399708416355886,0.5130052020808323,0.18383876217775488,0.3702066469556644,0.23717040235774883,0.3839479392624729,0.007451567417098408,0.43626062322946174,0.315835588813717,0.4489281210592686,0.6606681468630712,0.6974169741697417,0.7177212023470807,0.4676923076923077,0.04560154768269379,0.6784452296819788,0.7677929622369519,0.5666500181819407,0.4647752033245055,0.4290091930541369,0.014498704318031396,0.5301047120418848,0.458143628383764,0.5243401759530791,0.44033276753889994,0.7311446317657497,0.8339574115341591,0.49302915082382764,0.1960615752606189,0.7327380952380952,0.7842568981908695,0.6128491428776766,0.5296502295998031,0.3204720417666094,0.20753909894858633,0.9375,0.8339333664416929,0.8414634146341463,0.950383631713555,0.8427760614938353,0.8697524219590959,0.9497464269248501,0.8429358216175851,0.916504854368932,0.9507667473769169,0.327807103888383,0.9974533106960951,0.9366715758468336,0.9941108351800759,0.7531446540880503,0.9597822800120955,0.9015508306382649,0.47574039067422813,0.9482743223621619,0.7658376298894405,0.9477723130334154,0.38721973094170403,0.9487802187667832,0.4136442625707719
c23_d8_s0,c23,8,0,40000,0,761.3974063396454,0.006153737660497427,0.00016376915033274812,0.0,0.0,0.0,0.0,0.0,0.0,0.0,0.0,0.0,0.0,0.41522491349480967,0.2744613464556232,0.10380622837370242,0.0686153366139058,0.0,0.0,0.0,0.0,0.0,0.0,0.0,0.0,0.0,0.0,0.4613159797541576,0.2677056886391615,0.1153289949385394,0.06692642215979037,0.0,0.0,0.19680851063829788,0.0039831531431247565,0.17903225806451614,0.0039527933955138,0.0,0.0,0.4439112177564487,0.3489571669368234,0.40719613865730586,0.09126019445263953,0.24409690316200647,0.1107156692255856,0.0,0.0,0.1627689429373246,0.00396210203279076,0.14733276883996613,0.00392822548121672,0.30112923462986196,0.13116083455340677,0.4398541919805589,0.33149721613515265,0.4416350611040877,0.4485490540517627,0.3214964312434013,0.2284593034779145,0.0,0.0,0.15047619047619049,0.0039061501937742637,0.2585438335809807,0.010307395227176662,0.4376470588235294,0.6811416668253517,0.417312661498708,0.3281036022455233,0.5021851410409217,0.5256675201928481,0.373371217345554,0.3849126594343434,0.0,0.0,0.3056696795398521,0.023322576478824415,0.32959326788218796,0.02833106745742308,0.6140904311251314,0.7693604342736501,0.4010951403148528,0.05739454974295119,0.6467540384029259,0.7364275795953197,0.46842348141256424,0.39510011123100086,0.36058230683090703,0.17267336141378822,0.5501618122977346,0.5697752876734129,0.5190102595051298,0.5698893755263127,0.7277486910994765,0.32171968297117604,0.44077134986225897,0.027361521921572304,0.6788413098236776,0.5230723095575104,0.5809865359158343,0.32739988066369086,0.3153585417702289,0.22601848325803306,0.9389312977099237,0.8917885563316031,0.824390243902439,0.9508196721311475,0.8920890001812336,0.8216594827586207,0.948339483394834,0.8924273127961352,0.8584630350194552,0.9561688311688312,0.3709977957491983,1.0415959252971136,0.936066373840898,0.9698983208721337,0.862356621480709,0.9624924379915305,0.905754046111135,0.4629164047768699,0.9501894485199738,0.7846879464588643,0.9410241573846376,0.2968609865470852,0.9408418307839475,0.30977072705869163
c23_d8_s0,c23,8,0,45000,0,856.6319336891174,0.004454594571143389,0.0001331377356387188,0.0,0.0,0.0,0.0,0.0,0.0,0.0,0.0,0.0,0.0,0.4903268845897265,0.08267344926411599,0.12258172114743163,0.020668362316028997,0.0,0.0,0.0,0.0,0.0,0.0,0.0,0.0,0.0,0.0,0.46153846153846156,0.06744117358358254,0.11538461538461539,0.016860293395895634,0.0,0.0,0.19746376811594202,0.004787616396540921,0.17927631578947367,0.004743411724811739,0.0,0.0,0.41550575408843127,0.12387839074255025,0.42424242424242425,0.05515817803566265,0.24133205157483184,0.04555339453799928,0.0,0.0,0.18029739776951673,0.004539135627570847,0.1632996632996633,0.0044972071195948276,0.47528916929547843,0.5667954408624027,0.38334434897554526,0.12036351369441242,0.3780260707635009,0.04546542521414362,0.33779798568106284,0.1839091235050035,0.0,0.0,0.16045845272206305,0.005291992631642946,0.1449525452976704,0.005241605395222345,0.6322701688555347,0.7636865570264654,0.37675350701402804,0.028984182906446717,0.6372078130003203,0.4644839127521307,0.4370087887191152,0.3151664630068328,0.3129411764705882,0.006461722030893158,0.49324324324324326,0.47380871493308696,0.4635678391959799,0.470553987120874,0.707916287534122,0.40746588914474335,0.35467255334805003,0.024112425705255167,0.6733091787439613,0.6504790406769525,0.5397871931490176,0.34974970755547563,0.25132275132275134,0.0012525986300771703,0.5179856115107914,0.0388811722320186,0.509478672985782,0.47922710630338344,0.7433155080213903,0.5274704261012687,0.42652084757347913,0.04529785323210174,0.6949469744229569,0.5834876850539279,0.5727614188227337,0.33234406419394785,0.33809339635411545,0.18060734407302625,0.9401840490797546,0.9208112983781993,0.7781402936378466,0.9512570548999487,0.9181279063772634,0.8220064724919094,0.9492151431209603,0.9154860197939293,0.870136186770428,0.9570154095701541,0.7174385851725583,0.9847457627118644,0.939453125,0.9727157372245694,0.7900207900207901,0.9592021758839528,0.906902107522644,0.43950850661625707,0.950639031538582,0.878799542859059,0.9653623607695646,0.5553811659192825,0.967253697498594,0.5771063400414821
c23_d8_s0,c23,8,0,50000,0,951.5911958217621,0.0024572827387601137,0.00010328793476977183,0.0,0.0,0.0,0.0,0.0,0.0,0.0,0.0,0.0,0.0,0.41424196018376724,0.03393045423542806,0.10356049004594181,0.008482613558857014,0.0,0.0,0.0,0.0,0.0,0.0,0.0,0.0,0.0,0.0,0.48249027237354086,0.11030584453598484,0.12062256809338522,0.02757646113399621,0.0,0.0,0.19343389529724933,0.0043271325522408624,0.17594834543987087,0.004290342479607168,0.0,0.0,0.31288766368022053,0.3199557070243481,0.42045454545454547,0.05235677764845958,0.2141174056784515,0.09379624408752259,0.0,0.0,0.18562329390354868,0.004719942364429943,0.16845582163501238,0.004679630710605043,0.3046192259675406,0.2689423240865645,0.3464566929133858,0.3212052822271104,0.46694560669456064,0.14950435634123366,0.30901197435541855,0.18569628841998004,0.0,0.0,0.17089201877934274,0.008172427161823488,0.1546304163126593,0.008094740130931224,0.45169082125603865,0.6837515369340098,0.3890696161353286,0.02775264987718483,0.5867311679336559,0.45184100465905996,0.38399977092225596,0.29219189514195987,0.2696629213483146,0.010169121890424052,0.4685883222468588,0.4952771895005013,0.47368421052631576,0.5011018829107133,0.6093418259023354,0.714789250403932,0.38584316446911865,0.04115515290510438,0.6366083445491252,0.5150087312174579,0.5089429549069356,0.4016172998234268,0.4358706986444213,0.32515291552285563,0.539746158984636,0.6219606013805338,0.5046612802983219,0.6217412220892589,0.7518382352941176,0.5548483037218189,0.4115622849277357,0.22026286106225268,0.6704190118824265,0.6996961875923237,0.5818113945200182,0.4994397330101529,0.31743807978891525,0.2155429335965565,0.9405487804878049,0.9974005368563524,0.8095623987034035,0.9505354411014788,0.9826854743040331,0.8202789699570815,0.9477064220183486,0.9790050228554872,0.8557599225556631,0.957085020242915,0.7178159847368205,0.9890016920473773,0.9384765625,0.941983989454849,0.791363163371488,0.9601449275362319,0.8645811871289533,0.439622641509434,0.9504925145370895,0.8776862098314784,0.9655287140170693,0.4928251121076233,0.9674996247800669,0.5135938113122933
c23_d8_s0,c23,8,0,55000,0,1046.7100293636322,0.0023281944449990988,7.549034358359007e-05,0.0,0.0,0.0,0.0,0.0,0.0,0.0,0.0,0.0,0.0,0.41573467026610106,0.03346811470274512,0.10393366756652526,0.00836702867568628,0.0,0.0,0.0,0.0,0.0,0.0,0.0,0.0,0.0,0.0,0.4562962962962963,0.09847632591186738,0.11407407407407408,0.024619081477966844,0.0,0.0,0.1926851025869759,0.004285000021873903,0.17518248175182483,0.0042484952667675435,0.0,0.0,0.14777497900923595,0.30787806434360837,0.40748802786242927,0.0514277120533216,0.1694713837461497,0.09053756870661928,0.0,0.0,0.15399239543726237,0.004065575653119525,0.13917525773195877,0.004028006329531105,0.3358208955223881,0.5196714894754703,0.40024183796856105,0.12589659292250052,0.4758220502901354,0.6819485238232557,0.32740183370937287,0.3325536167205275,0.0,0.0,0.16129032258064516,0.00408768515663814,0.2556053811659193,0.01106816464609068,0.5311827956989247,0.6424052553432619,0.37331536388140163,0.11214384949680851,0.5059592464436755,0.29924423082147117,0.38735566015154754,0.26471132139894615,0.2929936305732484,0.02754167985262544,0.5266538214515093,0.4965379392284084,0.5116836428999401,0.5025952674044973,0.601842374616172,0.7667475299135041,0.36623963828183875,0.024177033504820578,0.6409290646578782,0.4349039038175329,0.5131970272993637,0.39201335734942533,0.5,0.5299122104197383,0.608540925266904,0.767452718253284,0.5817575083426029,0.771182095393086,0.7418452935694315,0.2875279609189529,0.38695329873980727,0.23386421573056632,0.6166556510244547,0.5993258093187289,0.5772217636342156,0.4525584151642377,0.3132364871687498,0.2236229127847727,0.9345509893455098,0.9216392742753419,0.8363192182410424,0.9490316004077471,0.9186462603620994,0.8469387755102041,0.9481413492427719,0.9160169155108024,0.8939980638915779,0.9572235673930589,0.7173454440304672,0.9713322091062394,0.9378973105134474,0.9751392558934062,0.7528675703858185,0.9598551162088741,0.9152503526652067,0.43742138364779876,0.9497209934451809,0.8816256339929571,0.9725300159120498,0.5899103139013453,0.9752553755906324,0.6266046303043893
c23_d8_s0,c23,8,0,60000,0,1142.3083794116974,0.0013027851236984134,5.0928202945658506e-05,0.0,0.0,0.0,0.0,0.0,0.0,0.0,0.0,0.0,0.0,0.4144559784698193,0.03340358019842759,0.10361399461745482,0.008350895049606897,0.0,0.0,0.0,0.0,0.0,0.0,0.0,0.0,0.0,0.0,0.4510166358595194,0.0661970250814891,0.11275415896487985,0.016549256270372275,0.0,0.0,0.17524841915085818,0.004120135457430073,0.15914684167350288,0.004085707945580225,0.0,0.0,0.14443500424808836,0.36809064620900817,0.4324540367705835,0.057631261853446004,0.17208853199003138,0.10711429729919773,0.0,0.0,0.18214607754733994,0.003985524874021217,0.16543816543816545,0.003951622274110443,0.4864864864864865,0.7399441002225113,0.34478203434610305,0.01766835933522818,0.4633266533066132,0.6849872868714563,0.3526141471169262,0.36131136553630994,0.0,0.0,0.09072978303747535,0.0027767663683951884,0.2006269592476489,0.016649357568307575,0.5438972162740899,0.7090156129467331,0.37690776376907764,0.025043076560761,0.5210786175465248,0.26784256890226715,0.3847506279211834,0.2520941582638322,0.34178610804851156,0.3431955897542222,0.45072463768115945,0.6269354320089561,0.4195710455764075,0.6266939058781621,0.7126654064272212,0.4514924534456404,0.3800277392510402,0.03072914758460267,0.6618524332810047,0.5713681398864637,0.5396432106819897,0.3964661791992884,0.3008849557522124,0.34914508000229655,0.43032159264931086,0.3191057549235633,0.4358288770053476,0.30191908961106617,0.7110332749562172,0.29136592842416864,0.3509544787077827,0.028528067713978447,0.685168054270737,0.5053596225123473,0.5340419041009234,0.28716089837403413,0.3142152250561984,0.20414957857037735,0.9387442572741195,0.922039378237282,0.7536704730831973,0.950383631713555,0.917918768339018,0.7777179763186222,0.9484820607175714,0.914601160193659,0.8200775945683803,0.9580645161290322,0.9924970985314567,0.9410774410774411,0.938715953307393,0.9414874757531544,0.7673575129533678,0.9574403863567763,0.8785901312254024,0.4098360655737705,0.9500227097570708,0.9326902852750001,0.9785259655721105,0.6748878923766816,0.9813872830279435,0.7162396995347273
c23_d8_s0,c23,8,0,65000,0,1237.3368253707886,0.0010101612424477935,3.06470325325539e-05,0.0,0.0,0.0,0.0,0.0,0.0,0.0,0.0,0.0,0.0,0.42835481425322214,0.22047272758399253,0.10708870356330553,0.05511818189599813,0.0,0.0,0.0,0.0,0.0,0.0,0.0,0.0,0.0,0.0,0.45421511627906974,0.2110639002777711,0.11355377906976744,0.05276597506944278,0.0,0.0,0.17828773168578993,0.0034579438834148077,0.16224899598393575,0.0034315028703680236,0.0,0.0,0.3096862210095498,0.3294573199989267,0.41421143847487,0.052412423745384226,0.20935247551024877,0.09604155649889297,0.0,0.0,0.16819012797074953,0.003668684822008464,0.15257048092868988,0.0036405078867130405,0.5087719298245614,0.7246572606191786,0.33727034120734906,0.33007425695065734,0.47418586179507544,0.15885777427903114,0.35678708394836645,0.30400642235461023,0.0,0.0,0.24469820554649266,0.029591286642393893,0.3067807768268598,0.0362336056106122,0.6078234704112337,0.7621197123654323,0.3912483912483912,0.3262855366050536,0.5207460982108869,0.18921044442069196,0.425911071832074,0.32488933103554496,0.3381858902575588,0.0336122863061836,0.4877020379479972,0.4689136449358257,0.4547231270358306,0.4697027349389459,0.6232464929859719,0.7094339914197261,0.33781763826606875,0.01704672868733904,0.5907172995780591,0.17911616743178527,0.49466294564430713,0.3074182773997922,0.40130151843817785,0.018530975676612098,0.5387596899224806,0.5636634978854159,0.5108433734939759,0.5639066386669036,0.7331433998100665,0.8669472857159377,0.3982494529540481,0.23967931927710445,0.7089615931721195,0.8170208145551069,0.5809973266386114,0.576420280906115,0.3269076266009544,0.24523714645148517,0.9381207028265852,0.9230135994403879,0.7052117263843648,0.9499489274770173,0.9187074897231188,0.7215053763440861,0.9484820607175714,0.9181228217743349,0.7710960232783706,0.958904109589041,0.9932368810759069,0.9369747899159664,0.9345613184682501,0.842580764473703,0.7339211618257261,0.9592514337458496,0.8786133629650378,0.40874764002517305,0.949558523035883,0.9085947447068153,0.9808693765369594,0.6968609865470852,0.9841268406119973,0.7525085486854645
c23_d8_s0,c23,8,0,70000,0,1332.8809115886688,0.0007787283975630999,1.5510126917964977e-05,0.0,0.0,0.0,0.0,0.0,0.0,0.0,0.0,0.0,0.0,0.4293272864701436,0.22049980796546922,0.1073318216175359,0.055124951991367306,0.0,0.0,0.0,0.0,0.0,0.0,0.0,0.0,0.0,0.0,0.4555956678700361,0.21082358346103858,0.11389891696750902,0.052705895865259644,0.0,0.0,0.1811722912966252,0.0034566696379039626,0.16478190630048464,0.0034302586336720183,0.3119266055045872,0.17322249540086848,0.15551839464882944,0.3263475898956875,0.4378930817610063,0.06174597539754294,0.25516403694503154,0.14090292586282274,0.0,0.0,0.15837937384898712,0.003771336300379391,0.14357262103505844,0.0037398441306799235,0.4636752136752137,0.697049186240229,0.41985645933014354,0.37340760007347984,0.46454767726161367,0.15027140261570004,0.36218250380707984,0.3058079789349405,0.0,0.0,0.2575107296137339,0.34495237839719645,0.3216974674880219,0.3496578636478917,0.6226415094339622,0.6558313737904511,0.37951411687458964,0.372380445135704,0.5110098709187547,0.3019020314547745,0.42655872406530626,0.39041264943232307,0.0,0.0,0.35237329042638776,0.6072190127109199,0.38881491344873503,0.6111419949726247,0.7284522706209453,0.9228449834110487,0.3481427530954115,0.021993874478669538,0.653555219364599,0.712220003630504,0.4943032444264992,0.5157947993536842,0.3713646532438479,0.296991248613278,0.5129958960328317,0.26521868074042626,0.4953560371517028,0.7308314708794467,0.7334593572778828,0.6373306606043674,0.3850658857979502,0.22857108571044193,0.6884480746791132,0.7409717284325289,0.5667197116411017,0.5094718187062639,0.33230842278143763,0.28146014573523737,0.9402756508422665,0.9230732635810922,0.7133550488599348,0.9519918283963228,0.9187481075532704,0.7226394849785408,0.9498389323515877,0.9175450176334751,0.7698643410852714,0.9579967689822294,0.993429532857278,0.9106239460370995,0.938894277400582,0.900769226352002,0.7169421487603306,0.9581199156372401,0.8786040689969673,0.40440251572327046,0.950594941470861,0.9231479061155483,0.9825039780124404,0.726457399103139,0.9857253679415706,0.7756040136778968
c23_d8_s0,c23,8,0,75000,0,1428.371069908142,0.0006801027338951826,6.161808308812815e-06,0.0,0.0,0.0,0.0,0.0,0.0,0.0,0.0,0.0,0.0,0.4319213313161876,0.22276082899701552,0.1079803328290469,0.05569020724925388,0.0,0.0,0.0,0.0,0.0,0.0,0.0,0.0,0.0,0.0,0.4527345164795364,0.21086613173189614,0.1131836291198841,0.052716532932974035,0.0,0.0,0.17941952506596306,0.003278170274619858,0.1633306645316253,0.003254465736108782,0.0,0.0,0.16901408450704225,0.4512710838937235,0.4115616911130285,0.052442088922458975,0.1737064597048167,0.12647267953827301,0.0,0.0,0.16681776971894832,0.0034001638895253903,0.151440329218107,0.0033740772060212986,0.49952335557673977,0.6178776373258162,0.3447368421052632,0.33966006852908315,0.44896230410842863,0.14612609210199062,0.3498271336923625,0.2764804695805181,0.0,0.0,0.24979044425817268,0.038784167179397644,0.3133826496301278,0.04583733522931463,0.6350435624394967,0.7233295650966899,0.4092963202065849,0.3776477993074466,0.5483512412004447,0.3287639499497721,0.44510387211898994,0.36448712045586984,0.22778473091364204,0.025739880648093814,0.45479833101529904,0.3863105616405369,0.4258064516129032,0.38369606192147726,0.7225325884543762,0.8726868375440571,0.33428165007112376,0.027450683218469205,0.6526520051746443,0.7761101493769275,0.5197323537201898,0.4853741262190391,0.36486486486486486,0.1638311513851919,0.5258397932816538,0.4410398814429042,0.4963855421686747,0.43836957308457136,0.7518656716417911,0.6374517595603185,0.36609152288072017,0.023377610052966166,0.6911942098914354,0.7266521415774168,0.5678787011297528,0.4338070949570644,0.3253446403307204,0.2564326044189989,0.9366895499618612,0.923066605294673,0.7003257328990228,0.9495669893020886,0.9187396052697114,0.7113733905579399,0.9485766758494031,0.9181553407769757,0.7623426911907066,0.9587712206952304,0.9964462308322104,0.9013490725126475,0.9370764762826719,0.9007604864701045,0.7143595041322314,0.9578059071729957,0.8786037780921424,0.40371302706104467,0.9496495022971705,0.9239494197937277,0.9832851150007232,0.7385650224215247,0.9866855693126152,0.7893379673748528
c23_d8_s0,c23,8,0,80000,0,1522.3387997150421,0.0006425672327168286,3.0000001268729423e-06,0.0,0.0,0.0,0.0,0.0,0.0,0.0,0.0,0.0,0.0,0.4294339622641509,0.22258483808169507,0.10735849056603773,0.05564620952042377,0.0,0.0,0.1945392491467577,0.003818160150860519,0.17757009345794392,0.0037891578275444544,0.0,0.0,0.0,0.0,0.3716189729517836,0.0700081865077156,0.12391385512167104,0.01813598979179598,0.0,0.0,0.18069087688219662,0.003456008937749234,0.1643835616438356,0.003429606544260434,0.30296127562642367,0.17183811340723829,0.15679733110925773,0.32628441000160224,0.43705463182897863,0.06252541667580434,0.2529595128516677,0.1407357863113287,0.0,0.0,0.2725806451612903,0.2586036809879367,0.25,0.2568472893803258,0.5328798185941043,0.6824057478884278,0.425904317386231,0.5044092607619416,0.5105263157894737,0.7547608543837349,0.4108760000392264,0.5283482132892146,0.0,0.0,0.2570951585976628,0.3026429181745307,0.3249336870026525,0.3051437744225238,0.6054872280037843,0.7063239157625442,0.37231182795698925,0.020050714995392384,0.5060147458284827,0.25844957926815,0.41945585424734033,0.2968549435562762,0.12585499316005472,0.4239235937628234,0.4287769784172662,0.6514075147576961,0.4021304926764314,0.6478855249557065,0.6512562814070352,0.7676655814961584,0.4187290969899666,0.027966821128788972,0.6627070959674899,0.6897394408062365,0.5129033239456022,0.5149443469808148,0.4584717607973422,0.09310085629753619,0.59375,0.43095360299157026,0.5570388349514563,0.432036190244835,0.6953125,0.5539854941721508,0.38455715367146104,0.2326231003363806,0.6989498249708285,0.7814088127493474,0.5788099193063057,0.47167857260896484,0.34375385086826443,0.28947772315125986,0.935163996948894,0.8791498300175712,0.7071778140293637,0.9485481406011207,0.8809312337923977,0.7164339419978518,0.9476584022038568,0.8807395135850609,0.7674418604651163,0.9579288025889967,0.9964411345746823,0.9011824324324325,0.9365617433414044,0.9007541809735221,0.7130299896587383,0.9584587597832631,0.8786050709840988,0.4023241206030151,0.9491848714079054,0.9140184780826617,0.9834442354983365,0.7432735426008968,0.9871032840333521,0.7957845170693425
