espacio,d,semilla,algoritmo,k,exactitud_prototipo,pureza_proceso,dispersion_anio,azar_exactitud_prototipo,azar_pureza_proceso,azar_dispersion_anio,n_grupos,grupos_menores_5,frac_grupo_mayor,ari_entre_arranques
AE,4,0.0,k-medoides,4,0.4115234487823798,0.07738552059350218,4.816065489895114,0.22574043357347393,0.030372217958557175,4.833211818879509,4,0,0.2733435661294449,0.4261865507250422
AE,4,0.0,jerarquico completo,4,0.336357784764687,0.0740598618572525,4.831670503965208,0.22587308857145216,0.030404195446405734,4.835341519570222,4,0,0.4171143514965464,
AE,4,0.0,k-medoides,8,0.4873410409394367,0.09567664364287541,4.754668713225889,0.22620751120243607,0.032904834996162695,4.83010360706063,8,0,0.16334100793041698,0.43236232486996634
AE,4,0.0,jerarquico completo,8,0.4495869746408206,0.11473522640061397,4.804041954464057,0.22608702828047766,0.032060629316960854,4.830154771041188,8,0,0.2097723202865183,
AE,4,0.0,k-medoides,12,0.5611120738741862,0.12727040163724737,4.6847019698132515,0.22651944643873936,0.034337426451777946,4.828044256843183,12,0,0.11051419800460476,0.4181261939480871
AE,4,0.0,jerarquico completo,12,0.47691844296454006,0.12381683294960348,4.749680225121515,0.2265881464610205,0.033876950626758766,4.828843694039397,12,0,0.2097723202865183,
AE,4,0.0,k-medoides,16,0.5912451827461854,0.14389869531849578,4.709132770529547,0.2270121060579803,0.03620491174213354,4.825179073931952,16,0,0.08646712714249169,0.447559218277277
AE,4,0.0,jerarquico completo,16,0.5152377887257693,0.13136352008186236,4.712970069071374,0.2271379529456424,0.035354310565361986,4.826752366334101,16,0,0.2097723202865183,
AE,4,0.0,k-medoides,20,0.5968814728624596,0.1578408800204656,4.661678178562292,0.22740408816709165,0.03688922998209261,4.822486569455103,20,0,0.06740854438475313,0.4350293662665851
AE,4,0.0,jerarquico completo,20,0.5273355944511838,0.14146840624200563,4.702609363008442,0.22759471525594366,0.03603223330775134,4.823592990534664,20,0,0.2097723202865183,
AE,4,0.0,k-medoides,24,0.6267835185964565,0.1730621642363776,4.570606293169608,0.2281139883973296,0.03814274750575595,4.8211115374776154,24,0,0.09094397544128933,0.4641516227806616
AE,4,0.0,jerarquico completo,24,0.5570849734690004,0.1639805576873881,4.639933486825275,0.2282132217628467,0.037554361729342546,4.821386543873114,24,0,0.12471220260936301,
AE,4,0.0,k-medoides,28,0.6455780291964779,0.17779483243796368,4.624456382706574,0.22854372457273947,0.03886543873113328,4.819064978255309,28,0,0.059094397544128936,0.4729186533959721
AE,4,0.0,jerarquico completo,28,0.5786192327053368,0.174469173701714,4.586595037093886,0.228717640845361,0.03905730365822461,4.819378357636224,28,0,0.12471220260936301,
AE,4,0.0,k-medoides,32,0.6491883907277664,0.19506267587618317,4.533896137119468,0.22915872387129782,0.040579432079815805,4.818655666410846,32,0,0.05947812739831159,0.4361552021714781
AE,4,0.0,jerarquico completo,32,0.5836778649766049,0.1820158608339729,4.574571501662829,0.2293848356563431,0.03962650294192888,4.817817856229215,32,0,0.12471220260936301,
AE,4,0.0,k-medoides,36,0.6691712260375148,0.21309797902276797,4.354566385264774,0.22985562680002314,0.04114863136352008,4.816091071885392,36,0,0.05321053977999488,0.47092153005910664
AE,4,0.0,jerarquico completo,36,0.5974921397271804,0.1951905858275774,4.500767459708365,0.22987151239076078,0.040803274494755695,4.815055001279099,36,0,0.12471220260936301,
AE,4,0.0,k-medoides,40,0.6694806855973394,0.2127142491685853,4.364671271424917,0.2299934394573317,0.04229982092606805,4.8137247377846,40,0,0.04348938347403428,0.46346353859303624
AE,4,0.0,jerarquico completo,40,0.6089297650583022,0.21015605014070093,4.425300588385777,0.23016776834269964,0.04189690457917626,4.814959068815554,40,0,0.06664108467638782,
AE,4,0.0,k-medoides,44,0.6814712120086813,0.2270401637247378,4.232540291634689,0.2307043712194357,0.0429777436684574,4.81324507546687,44,0,0.04412893323100537,0.46387912655599045
AE,4,0.0,jerarquico completo,44,0.6234867427524571,0.21706318751598874,4.41903300076746,0.23105653619851632,0.0427986697365055,4.8117869020209785,44,0,0.05807111793297519,
AE,4,0.0,k-medoides,48,0.6856798620222976,0.24456382706574573,4.2660526988999745,0.23115143713019587,0.0445510360706063,4.808326937835764,48,0,0.039140445126630855,0.45220125260116717
AE,4,0.0,jerarquico completo,48,0.631759628318438,0.22345868508569966,4.339984650805833,0.23156652555310736,0.04373880787925301,4.8119787669480685,48,0,0.05807111793297519,
AE,4,1.0,k-medoides,4,0.3794675645120029,0.08416474801739575,4.811460731644922,0.22580335701730497,0.0303274494755692,4.834331030954209,4,0,0.30340240470708624,0.36495975475640247
AE,4,1.0,jerarquico completo,4,0.3328670809298641,0.07060629316960859,4.812739831158864,0.2258210993654016,0.030301867485290353,4.834855461754923,4,0,0.34446149910463036,
AE,4,1.0,k-medoides,8,0.5297370006354236,0.12215400358147864,4.777692504476848,0.2261429373076193,0.03254668713225889,4.832546687132259,8,0,0.16091071885392683,0.47206989155942736
AE,4,1.0,jerarquico completo,8,0.48346248112296686,0.11192120746994116,4.785239191609107,0.2261608859620891,0.03229726272704016,4.830436172934255,8,0,0.2258889741621898,
AE,4,1.0,k-medoides,12,0.5536561615461425,0.1295727807623433,4.6618060885136865,0.22664941945386574,0.033729854182655415,4.827078536710156,12,0,0.1254796623177283,0.494921750316037
AE,4,1.0,jerarquico completo,12,0.4989148284768813,0.12317728319263238,4.753773343566129,0.22663085188027626,0.03367229470452802,4.828882067024815,12,0,0.2258889741621898,
AE,4,1.0,k-medoides,16,0.5726198433722015,0.14901509337426452,4.417753901253517,0.2269762087490407,0.035424661038628805,4.8260104886160144,16,0,0.09222307495523152,0.4568923551310026
AE,4,1.0,jerarquico completo,16,0.540105958953284,0.14287541570734202,4.701202353543105,0.22713031960983338,0.03522000511639806,4.826445382450755,16,0,0.15745715016628295,
AE,4,1.0,k-medoides,20,0.5845154688518638,0.16577129700690713,4.569327193655666,0.22762689905016545,0.03690841647480174,4.824724993604503,20,0,0.09797902276797135,0.42731654395376495
AE,4,1.0,jerarquico completo,20,0.5611615874037581,0.16167817856229214,4.620107444359171,0.2276382459006924,0.036256075722691225,4.824494755691993,20,0,0.102455871066769,
AE,4,1.0,k-medoides,24,0.6160184520420204,0.18789971859810695,4.397672038884625,0.2278754982298913,0.03812995651061653,4.822134817088769,24,0,0.08646712714249169,0.41641027654974205
AE,4,1.0,jerarquico completo,24,0.5772741151519653,0.17421335379892555,4.597979022767971,0.22796070276202976,0.03766308518802763,4.821603990790484,24,0,0.102455871066769,
AE,4,1.0,k-medoides,28,0.6373010175030327,0.2173190074187772,4.31018163213098,0.22862253360730822,0.03925556408288565,4.819570222563316,28,0,0.05935021744691737,0.39931314133834533
AE,4,1.0,jerarquico completo,28,0.5816313057542973,0.18112049117421336,4.5919672550524435,0.22869474083793398,0.03867996930161167,4.819602200051165,28,0,0.102455871066769,
AE,4,1.0,k-medoides,32,0.6485983545003672,0.21169096955743158,4.3656945510360705,0.22918451216794988,0.04057943207981581,4.817159119979534,32,0,0.06139677666922486,0.3943747701811826
AE,4,1.0,jerarquico completo,32,0.5954001931027654,0.1946789460220005,4.54579176259913,0.22928374553346703,0.03992069583013559,4.818067280634432,32,0,0.102455871066769,
AE,4,1.0,k-medoides,36,0.6630109177332706,0.2299820926068048,4.427091327705296,0.22979497272629743,0.04147480173957534,4.816052698899975,36,0,0.04476848298797646,0.41112893996178135
AE,4,1.0,jerarquico completo,36,0.6092062155984123,0.20196981325147095,4.525965720133026,0.2297405078437683,0.040451522128421596,4.817478894858019,36,0,0.06254796623177283,
AE,4,1.0,k-medoides,40,0.6623507373389779,0.24494755691992837,4.2145049884881045,0.23008916561450415,0.04230621642363776,4.814748017395754,40,0,0.048094141724226144,0.41011864907030304
AE,4,1.0,jerarquico completo,40,0.6155934609131946,0.21233051931440267,4.481325147096444,0.23029320261761527,0.04179457661806088,4.814082885648503,40,0,0.06254796623177283,
AE,4,1.0,k-medoides,44,0.6680778022594674,0.2664364287541571,4.225377334356613,0.2309108838990254,0.04349577897160399,4.812420056280379,44,0,0.053338449731389105,0.41185215100472883
AE,4,1.0,jerarquico completo,44,0.6276830143836803,0.22678434382194934,4.468022512151445,0.2310268280807731,0.04258761831670503,4.814031721667946,44,0,0.051419800460475826,
AE,4,1.0,k-medoides,48,0.6788016075392601,0.2567152724481965,4.171910974673829,0.23125974797613452,0.04401381427475057,4.8105333844973135,48,0,0.0401637247377846,0.4155973775430118
AE,4,1.0,jerarquico completo,48,0.6371318462769952,0.23164492197492964,4.461371194678946,0.2313938471187252,0.04330391404451266,4.811454336147352,48,0,0.051419800460475826,
AE,4,2.0,k-medoides,4,0.41279429604139334,0.07738552059350218,4.804041954464057,0.22574352816907223,0.03011000255819903,4.833985674085444,4,0,0.28012279355333847,0.43794687318755116
AE,4,2.0,jerarquico completo,4,0.3386395332524612,0.0643387055512919,4.8362752622154,0.2257821074608637,0.030250703504732673,4.833218214377078,4,0,0.3039140445126631,
AE,4,2.0,k-medoides,8,0.5306653793148978,0.1156305960603735,4.808007162957278,0.22608929765058305,0.0324379636735738,4.832143770785367,8,0,0.1675620363264262,0.48346838519557167
AE,4,2.0,jerarquico completo,8,0.4679028544549798,0.09478127398311588,4.810565361985162,0.2259545795888726,0.032476336658992064,4.831536198516244,8,0,0.2015860833972883,
AE,4,2.0,k-medoides,12,0.5769357726998903,0.12918905090816066,4.776797134817088,0.2265103689583179,0.03438859043233564,4.8277756459452545,12,0,0.1364799181376311,0.47863087974103
AE,4,2.0,jerarquico completo,12,0.5198260424661039,0.11230493732412382,4.769762087490407,0.22652377887257696,0.033665899206958304,4.827686108979279,12,0,0.15170120235354312,
AE,4,2.0,k-medoides,16,0.6036772047962106,0.14568943463801484,4.720388846252239,0.2269378357636224,0.035450243028907646,4.825677922742389,16,0,0.10437452033768227,0.498669276570497
AE,4,2.0,jerarquico completo,16,0.5399367877272465,0.1316193399846508,4.7477615758506015,0.2270585249919541,0.03546303402404707,4.826752366334102,16,0,0.14696853415195701,
AE,4,2.0,k-medoides,20,0.608826611871694,0.1593757994371962,4.62189818367869,0.22760152336625983,0.03710667689946277,4.823369148119723,20,0,0.07175748273215656,0.42578397283465313
AE,4,2.0,jerarquico completo,20,0.5585580009737661,0.14223586595037094,4.707981580966999,0.2273653025689269,0.03706190841647481,4.824008697876695,20,0,0.14696853415195701,
AE,4,2.0,k-medoides,24,0.6312727452776471,0.18406242005628037,4.576873880787925,0.22788024327647532,0.03771424916858532,4.821188283448452,24,0,0.06779227423893579,0.41818361279453076
AE,4,2.0,jerarquico completo,24,0.5843916850279339,0.14863136352008186,4.62765413149143,0.22805168387261818,0.03743924277308775,4.8221220260936315,24,0,0.14696853415195701,
AE,4,2.0,k-medoides,28,0.6466013088076317,0.1876438986953185,4.571757482732156,0.22843830201602588,0.039370683039140444,4.819627782041443,28,0,0.06587362496802251,0.4427012764318527
AE,4,2.0,jerarquico completo,28,0.5973683559032505,0.16321309797902278,4.586467127142492,0.2287989255564083,0.03935149654643131,4.819896392939371,28,0,0.09849066257354822,
AE,4,2.0,k-medoides,32,0.6567928436445258,0.19506267587618317,4.51637247377846,0.22908094636859522,0.04047710411870043,4.8177155282681,32,0,0.05487336914811972,0.4372585141393626
AE,4,2.0,jerarquico completo,32,0.6103532790334959,0.17689946277820415,4.4470452801227935,0.22898274453494416,0.04031082118188795,4.817657968789971,32,0,0.09849066257354822,
AE,4,2.0,k-medoides,36,0.6736522004637767,0.2044001023279611,4.518930672806344,0.2295845402256166,0.041180608851368636,4.815118956254798,36,0,0.046559222307495526,0.4523430359170937
AE,4,2.0,jerarquico completo,36,0.6184116059713317,0.18930672806344334,4.400358147863904,0.22959733122075607,0.04137886927602968,4.8161550268610895,36,0,0.057943207981580966,
AE,4,2.0,k-medoides,40,0.6778773549872502,0.21987720644666156,4.445638270657457,0.2302335800757557,0.04263878229726273,4.8150550012791005,40,0,0.0367101560501407,0.44961002716473486
AE,4,2.0,jerarquico completo,40,0.630620817138283,0.2022256331542594,4.39690457917626,0.23022945394829136,0.04232540291634689,4.814351496546431,40,0,0.057943207981580966,
AE,4,2.0,k-medoides,44,0.6938413421467416,0.2258889741621898,4.412253773343566,0.23082155323942266,0.043489383474034284,4.8119531849577895,44,0,0.037477615758506014,0.4741929888632007
AE,4,2.0,jerarquico completo,44,0.6360508008813408,0.2064466615502686,4.360322333077513,0.2308669406415303,0.04280506523407521,4.812413660782809,44,0,0.057943207981580966,
AE,4,2.0,k-medoides,48,0.6955949463190817,0.23369148119723715,4.446789460220005,0.23145615164343658,0.04384753133793809,4.810520593502174,48,0,0.04348938347403428,0.4537917934776991
AE,4,2.0,jerarquico completo,48,0.6422771272250143,0.21207469941161422,4.288564850345357,0.2316238787248616,0.043323100537221805,4.810578152980303,48,0,0.057943207981580966,
AE lineal,4,0.0,k-medoides,4,0.3799998349549014,0.0844205679201842,4.814530570478383,0.22573775159062212,0.030097211563059605,4.8339089281146075,4,0,0.31606548989511385,0.5069208837730955
AE lineal,4,0.0,jerarquico completo,4,0.2625661211926159,0.03977999488360195,4.720516756203633,0.22602946880235023,0.02865182911230494,4.83514965464313,4,0,0.9299053466359682,
AE lineal,4,0.0,k-medoides,8,0.4776900288003697,0.12061908416474802,4.66858531593758,0.226158822898357,0.03248912765413149,4.831082118188794,8,0,0.21169096955743158,0.4289138783756537
AE lineal,4,0.0,jerarquico completo,8,0.3513768887348468,0.07840880020465592,4.680992581222819,0.22641443649477216,0.031056536198516248,4.831376311077001,8,0,0.4874648247633666,
AE lineal,4,0.0,k-medoides,12,0.5371227687965736,0.1696085955487337,4.63827065745715,0.226532443740252,0.03371066768994628,4.8283576362241,12,0,0.16231772831926325,0.40662361200525887
AE lineal,4,0.0,jerarquico completo,12,0.3965538583417919,0.09925812228191354,4.656305960603735,0.22683736455986597,0.03251470964441033,4.829809414172422,12,1,0.31760040931184447,
AE lineal,4,0.0,k-medoides,16,0.5887571278851946,0.1724226144794065,4.50243028907649,0.22696754388136556,0.03543745203376823,4.8240278843694036,16,0,0.1080839089281146,0.41196044209478394
AE lineal,4,0.0,jerarquico completo,16,0.4518315879814159,0.12573548222051675,4.651573292402149,0.22713176375444594,0.033851368636479924,4.825920951650038,16,2,0.1904579176259913,
AE lineal,4,0.0,k-medoides,20,0.6002607712557456,0.20043489383474034,4.43937068303914,0.22745896566236729,0.03685085699667434,4.823183678690202,20,0,0.08403683806600154,0.4219765523071071
AE lineal,4,0.0,jerarquico completo,20,0.47766114590811937,0.15835251982604245,4.615246866206191,0.2277413990873006,0.035507802507035044,4.825569199283704,20,2,0.1904579176259913,
AE lineal,4,0.0,k-medoides,24,0.6207593724985352,0.21284215911997953,4.343566129444871,0.22805044603437893,0.038206702481453046,4.821047582501919,24,0,0.0748273215656178,0.4025811293323192
AE lineal,4,0.0,jerarquico completo,24,0.508260507183588,0.16858531593757994,4.606676899462778,0.22831307404748347,0.03624968022512152,4.823100537221796,24,2,0.1904579176259913,
AE lineal,4,0.0,k-medoides,28,0.6400283877569546,0.22614479406497826,4.279611153747761,0.22858766783023463,0.03887822972627271,4.81969813251471,28,0,0.06958301355845485,0.44272406741664505
AE lineal,4,0.0,jerarquico completo,28,0.5377829491908664,0.20171399334868254,4.585315937579944,0.22848183266077457,0.03792530058838578,4.820388846252239,28,2,0.12023535431056537,
AE lineal,4,0.0,k-medoides,32,0.6376393599551078,0.25658736249680225,4.225633154259401,0.22910632205250087,0.0399846508058327,4.818853926835508,32,0,0.060117677155282684,0.4292973101000631
AE lineal,4,0.0,jerarquico completo,32,0.5635176061858903,0.21923765668969045,4.567792274238935,0.22925156173924527,0.03902532617037605,4.8195830135584545,32,2,0.11627014581734459,
AE lineal,4,0.0,k-medoides,36,0.6581503395802903,0.2508314146840624,4.201586083397288,0.22957463751970225,0.04112944487081095,4.815732924021488,36,0,0.056536198516244564,0.450711057253563
AE lineal,4,0.0,jerarquico completo,36,0.5733295372960662,0.22767971348170887,4.52698899974418,0.22965200240965838,0.03963289843949859,4.8165323612177025,36,2,0.11627014581734459,
AE lineal,4,0.0,k-medoides,40,0.6573044834501027,0.26963417753901253,4.029163468917882,0.23027607918863832,0.04244052187260168,4.81438347403428,40,0,0.04822205167562036,0.4412312543493016
AE lineal,4,0.0,jerarquico completo,40,0.5858935954249499,0.24213353798925558,4.507802507035048,0.2300287178471517,0.040496290611409566,4.814568943463802,40,2,0.11627014581734459,
AE lineal,4,0.0,k-medoides,44,0.6696457306959127,0.3026349449987209,4.104246610386288,0.2308293928816049,0.0426835507802507,4.812739831158864,44,0,0.04003581478639038,0.46132511574229723
AE lineal,4,0.0,jerarquico completo,44,0.5986144463974781,0.2518546942952162,4.470964441033512,0.23097421995560286,0.041711435149654655,4.812368892299821,44,2,0.11627014581734459,
AE lineal,4,0.0,k-medoides,48,0.6770314988570627,0.30532105397799947,3.9403939626502944,0.23128037861345616,0.04418009721156306,4.811742133537989,48,0,0.04195446405730366,0.4437148143094038
AE lineal,4,0.0,jerarquico completo,48,0.623235048977133,0.2750063954975697,4.456254796623178,0.23126016058888088,0.04322077257610642,4.811614223586595,48,2,0.0685597339473011,
AE lineal,4,1.0,k-medoides,4,0.3424603272844305,0.07393195190585827,4.800588385776414,0.22587824623078254,0.030154771041187006,4.835603734970581,4,0,0.3485546175492453,0.3285254733112963
AE lineal,4,1.0,jerarquico completo,4,0.2617780308469289,0.04310565361985162,4.751470964441033,0.22593436156429747,0.028715784088002044,4.834561268866718,4,0,0.8654387311332822,
AE lineal,4,1.0,k-medoides,8,0.43173734723013063,0.13417753901253518,4.749168585315938,0.22632737520527485,0.032322844717319,4.8313635200818625,8,0,0.21821437707853672,0.34807258769693716
AE lineal,4,1.0,jerarquico completo,8,0.3885904323356357,0.1073164492197493,4.709388590432336,0.22636244728872162,0.03166410846763879,4.832930416986441,8,0,0.28920440010232795,
AE lineal,4,1.0,k-medoides,12,0.5284867840137317,0.16538756715272449,4.6939114863136355,0.22653822031870208,0.03396648759273471,4.828747761575851,12,0,0.13123561013046814,0.36433457793154844
AE lineal,4,1.0,jerarquico completo,12,0.41170499839081026,0.13046815042210283,4.663085188027629,0.2267106924467111,0.033058326937835766,4.8304297774366844,12,0,0.24980813507290867,
AE lineal,4,1.0,k-medoides,16,0.5576626313140065,0.17830647224354054,4.4653364031721665,0.22698404839122294,0.03573164492197493,4.825377334356613,16,0,0.08851368636479919,0.41094434466580865
AE lineal,4,1.0,jerarquico completo,16,0.4579795179032671,0.15400358147863905,4.644921974929649,0.22705419255811657,0.03481708876950627,4.826957022256331,16,0,0.21655154771041188,
AE lineal,4,1.0,k-medoides,20,0.5808968550656467,0.21348170887695062,4.465975952929138,0.2275648008318273,0.03676132003069839,4.823401125607573,20,0,0.10424661038628805,0.434355523386892
AE lineal,4,1.0,jerarquico completo,20,0.49450399821751295,0.17996930161166538,4.628037861345613,0.2278039099183852,0.03595548733691481,4.824801739575339,20,0,0.15246866206190843,
AE lineal,4,1.0,k-medoides,24,0.595796301339341,0.23011000255819902,4.422486569455104,0.22788828922503074,0.03812995651061653,4.821495267331799,24,0,0.06395497569710923,0.43049962080965876
AE lineal,4,1.0,jerarquico completo,24,0.5314122083859415,0.21770273727295983,4.582885648503454,0.22820270013781263,0.03722819135328729,4.822716807367613,24,0,0.10693271936556664,
AE lineal,4,1.0,k-medoides,28,0.6212545077942547,0.24187771808646713,4.224865694551036,0.2283231830597711,0.03877590176515732,4.8185405474545915,28,0,0.057943207981580966,0.43172481264434387
AE lineal,4,1.0,jerarquico completo,28,0.5449912938710503,0.22729598362752623,4.547454591967255,0.2285922065704454,0.03804041954464057,4.818943463801484,28,0,0.10693271936556664,
AE lineal,4,1.0,k-medoides,32,0.633550367637957,0.26566896904579174,4.342414939882323,0.22897923732659947,0.040266052698899976,4.818016116653875,32,0,0.053850089536965975,0.44468202990351213
AE lineal,4,1.0,jerarquico completo,32,0.5528639450729912,0.23714504988488105,4.5289076490150935,0.22926373381526505,0.039102072141212585,4.817971348170888,32,0,0.10693271936556664,
AE lineal,4,1.0,k-medoides,36,0.6280749964927916,0.27027372729598365,4.2350984906625735,0.2296029014928329,0.0413916602711691,4.815451522128422,36,0,0.06344333589153237,0.43344641637638587
AE lineal,4,1.0,jerarquico completo,36,0.561949677749445,0.25249424405218723,4.486953184957789,0.22987295653537326,0.04000383729854183,4.816525965720134,36,0,0.10693271936556664,
AE lineal,4,1.0,k-medoides,40,0.6516269320591852,0.2924021488871834,4.23317984139166,0.2303084692892333,0.04181376311077002,4.81548349961627,40,0,0.04924533128677411,0.43728327640753084
AE lineal,4,1.0,jerarquico completo,40,0.5746210151924013,0.26004093118444616,4.4676387822972625,0.23042296932636847,0.040886415963161934,4.814236377590176,40,0,0.0685597339473011,
AE lineal,4,1.0,k-medoides,44,0.6526790945625892,0.27897160399079046,4.100281401893067,0.23085022982529976,0.04329751854694295,4.811524686620619,44,0,0.03824507546687132,0.4331141314419596
AE lineal,4,1.0,jerarquico completo,44,0.5855222439531602,0.27257610642107954,4.370171399334868,0.2310099109581693,0.04198644154515221,4.812643898695319,44,0,0.06664108467638782,
AE lineal,4,1.0,k-medoides,48,0.6620412777791531,0.30787925300588387,4.056919928370427,0.2315958210581041,0.04405858275773856,4.812324123816833,48,0,0.039652084932207725,0.4348268773268012
AE lineal,4,1.0,jerarquico completo,48,0.5948184091302948,0.28191353287285753,4.345228958812996,0.23153475437163204,0.042549245331286775,4.812017139933486,48,0,0.06664108467638782,
AE lineal,4,2.0,k-medoides,4,0.380519727015407,0.08825786646201074,4.784855461754924,0.2257674597083653,0.030538500895369664,4.83408800204656,4,0,0.28626247122026094,0.49516428504820753
AE lineal,4,2.0,jerarquico completo,4,0.30956271301133037,0.060629316960859554,4.7993092862624716,0.22587659577979685,0.02968789971859811,4.833966487592735,4,0,0.5877462266564338,
AE lineal,4,2.0,k-medoides,8,0.4515097500391982,0.11435149654643131,4.702737272959836,0.225983462481123,0.032322844717319,4.829591967255053,8,0,0.23164492197492964,0.3967430664662914
AE lineal,4,2.0,jerarquico completo,8,0.35949298145718317,0.08365310821181889,4.744819646968534,0.22630633195520672,0.031664108467638785,4.831747249936045,8,0,0.307367613200307,
AE lineal,4,2.0,k-medoides,12,0.5085204532138407,0.15950370938859043,4.56062931696086,0.2265014977842695,0.03377462266564339,4.827641340496291,12,0,0.16589920695830135,0.43126054651633927
AE lineal,4,2.0,jerarquico completo,12,0.4123940616773533,0.10987464824763367,4.695318495778972,0.22671399334868253,0.03293681248401126,4.829713481708877,12,0,0.307367613200307,
AE lineal,4,2.0,k-medoides,16,0.5877379744015052,0.16973650550012792,4.31504221028396,0.22703294300167517,0.03564850345356869,4.826554105909439,16,0,0.1225377334356613,0.4860928191926358
AE lineal,4,2.0,jerarquico completo,16,0.44306356711971545,0.1184446149910463,4.651573292402149,0.2272423439704899,0.033960092095165005,4.827308774622666,16,0,0.307367613200307,
AE lineal,4,2.0,k-medoides,20,0.5908201916173594,0.20414428242517269,4.277052954719877,0.2275214764934518,0.037081094909183945,4.822729598362752,20,0,0.10680480941417242,0.45195880285621626
AE lineal,4,2.0,jerarquico completo,20,0.46698272803043434,0.15170120235354312,4.6250959324635454,0.22765928915076042,0.03578280890253262,4.825319774878486,20,0,0.22448196469685341,
AE lineal,4,2.0,k-medoides,24,0.5989569149770174,0.23100537221795855,4.433231005372218,0.22813234966454582,0.037637503197748785,4.822512151445381,24,0,0.09401381427475057,0.43607272868483843
AE lineal,4,2.0,jerarquico completo,24,0.48803010422597976,0.17152724481964696,4.5541059094397545,0.2281816568877446,0.03676771552826809,4.824462778204144,24,0,0.22448196469685341,
AE lineal,4,2.0,k-medoides,28,0.6294737537031994,0.20248145305704784,4.199923254029163,0.22845563175137604,0.03894858019953951,4.819077769250447,28,0,0.0713737528779739,0.43758882575549457
AE lineal,4,2.0,jerarquico completo,28,0.4965381790574274,0.17574827321565617,4.5443847531337935,0.2288042895221119,0.03704911742133538,4.821827833205424,28,0,0.22448196469685341,
AE lineal,4,2.0,k-medoides,32,0.6288094471814424,0.25722691225377337,3.9998720900486058,0.22926889147459542,0.040285239191609104,4.818035303146586,32,0,0.058199027884369404,0.43596665138504986
AE lineal,4,2.0,jerarquico completo,32,0.529753505145281,0.19787669480685596,4.52366334100793,0.2295403906617483,0.03859043233563571,4.819218470196981,32,0,0.22448196469685341,
AE lineal,4,2.0,k-medoides,36,0.6424710552158377,0.25940138142747504,3.960092095165004,0.22960764653941693,0.04103351240726528,4.816123049373241,36,0,0.06728063443335891,0.45021223615788847
AE lineal,4,2.0,jerarquico completo,36,0.559771082448279,0.21783064722435405,4.499232540291635,0.22951852218618735,0.03962010744435917,4.817203888462522,36,0,0.13686364799181377,
AE lineal,4,2.0,k-medoides,40,0.6584309162478648,0.2900997697620875,4.024174980813507,0.23032476749271735,0.041973650550012793,4.812835763622409,40,0,0.05372217958557176,0.46432630358260546
AE lineal,4,2.0,jerarquico completo,40,0.5652794626131591,0.22422614479406497,4.481836786902021,0.23036458462274817,0.040585827577385526,4.815950370938859,40,0,0.13686364799181377,
AE lineal,4,2.0,k-medoides,44,0.6624208815058715,0.30493732412381686,3.8966487592734715,0.23061462794708656,0.04303530314658481,4.81325147096444,44,0,0.04310565361985162,0.46264863877123247
AE lineal,4,2.0,jerarquico completo,44,0.5773442593188589,0.2348426707597851,4.470964441033512,0.2310784046740772,0.04184574059861857,4.813859043233564,44,0,0.13686364799181377,
AE lineal,4,2.0,k-medoides,48,0.6726866866371236,0.2967510872345869,3.8215656178050654,0.23170041838932484,0.04423765668969046,4.812298541826554,48,0,0.05691992837042722,0.46203798879467867
AE lineal,4,2.0,jerarquico completo,48,0.587259343615643,0.2487848554617549,4.40355589664876,0.23141014532220933,0.042152724481964686,4.811134561268867,48,0,0.13686364799181377,
PCA,4,,k-medoides,4,0.4611153747761576,0.07853671015605014,4.82169352775646,0.22573651375238285,0.03042338193911486,4.834343821949346,4,0,0.34228702993092863,0.5482036840483028
PCA,4,,jerarquico completo,4,0.40109672468001883,0.07764134049629061,4.827705295471988,0.22582109936540157,0.02994371962138655,4.8341775390125346,4,0,0.48644154515221283,
PCA,4,,k-medoides,8,0.5104844898868616,0.11243284727551804,4.779483243796367,0.22625062923443834,0.0322588897416219,4.83119723714505,8,0,0.20555129189050908,0.6883929529387445
PCA,4,,jerarquico completo,8,0.5074352816907219,0.1087234586850857,4.804297774366845,0.22616294902582132,0.032386799693016124,4.829994883601944,8,0,0.1834228702993093,
PCA,4,,k-medoides,12,0.5232548543889618,0.12752622154003582,4.7477615758506015,0.22651470139215535,0.03408160654898952,4.827948324379637,12,0,0.1515732924021489,0.6330600265283106
PCA,4,,jerarquico completo,12,0.5130839501893892,0.1178050652340752,4.751215144538245,0.22656875366193813,0.03368508569966744,4.828728575083142,12,0,0.17574827321565617,
PCA,4,,k-medoides,16,0.540456679787752,0.14044512663085187,4.67587618316705,0.22697889073189245,0.03546942952161679,4.826643642875416,16,0,0.10360706062931696,0.6393114540623673
PCA,4,,jerarquico completo,16,0.5246040980697976,0.1295727807623433,4.7018419033000765,0.2271369214137763,0.03522640061396777,4.826375031977488,16,0,0.17574827321565617,
PCA,4,,k-medoides,20,0.5509948093316499,0.15477104118700435,4.680480941417242,0.2274954818904266,0.036818879508825786,4.824309286262472,20,0,0.09017651573292403,0.5823339485300674
PCA,4,,jerarquico completo,20,0.5324561186344169,0.14210795599897671,4.617805065234076,0.227363445811568,0.03670376055257099,4.8235993860322335,20,0,0.17574827321565617,
PCA,4,,k-medoides,24,0.5648503453568687,0.17510872345868508,4.641340496290612,0.22806942622071485,0.038059606037349716,4.822262727040164,24,0,0.07444359171143515,0.5698582745342923
PCA,4,,jerarquico completo,24,0.539367382137169,0.15042210283960092,4.611665387567153,0.22815236138274778,0.03740726528523919,4.82326682015861,24,0,0.17574827321565617,
PCA,4,,k-medoides,28,0.5698512118436363,0.19007418777180865,4.571245842926579,0.22855548403601283,0.039210795599897666,4.8210283960092095,28,0,0.06395497569710923,0.561151563355841
PCA,4,,jerarquico completo,28,0.5462786456399211,0.15899206958301357,4.551163980557687,0.22863986334265837,0.03834740342798669,4.819998720900486,28,0,0.15630596060373497,
PCA,4,,k-medoides,32,0.587284100380429,0.1862368892299821,4.515349194167306,0.22905557068468957,0.04021488871834229,4.81613584036838,32,0,0.07252494244052188,0.5751242579758354
PCA,4,,jerarquico completo,32,0.5520469718350539,0.16487592734714762,4.536838066001535,0.229105496827008,0.039287541570734205,4.8180033256587365,32,0,0.15630596060373497,
PCA,4,,k-medoides,36,0.5985690589953705,0.19199283704272194,4.503069838833461,0.22962208798554204,0.04107188539268355,4.816705039652086,36,0,0.06830391404451266,0.5857575944419678
PCA,4,,jerarquico completo,36,0.5573490456267175,0.17766692248656946,4.528012279355334,0.2297815628120384,0.04059861857252495,4.814664875927347,36,0,0.12177027372729599,
PCA,4,,k-medoides,40,0.5973683559032505,0.21194678946022,4.356229214632898,0.23003366920010895,0.04215272448196469,4.814690457917625,40,0,0.049756971092350985,0.5655917281932287
PCA,4,,jerarquico completo,40,0.5618093894156578,0.18188795088257867,4.510872345868509,0.23033632064961748,0.041218981836786905,4.814338705551293,40,0,0.12177027372729599,
PCA,4,,k-medoides,44,0.5989362843396958,0.21373752877973906,4.529163468917882,0.2305616072091699,0.04321437707853671,4.813309030442567,44,0,0.052954719877206444,0.5689224248767876
PCA,4,,jerarquico completo,44,0.5643304532963632,0.18546942952161677,4.4567664364287545,0.2308112379207618,0.04237017139933487,4.812317728319263,44,0,0.12177027372729599,
PCA,4,,k-medoides,48,0.6015109878774375,0.21693527756459452,4.429137886927603,0.23153764266085702,0.043649270913277055,4.811211307239703,48,0,0.057943207981580966,0.5780153799082809
PCA,4,,jerarquico completo,48,0.5703711039041418,0.19276029675108725,4.440777692504477,0.23139632279520378,0.04304169864415451,4.808704272192376,48,0,0.12177027372729599,
MCA,4,,k-medoides,4,0.3863581973774334,0.08736249680225122,4.81171655154771,0.22583327144142135,0.030506523407521108,4.833998465080584,4,0,0.481836786902021,0.6313083593646558
MCA,4,,jerarquico completo,4,0.30885301908746565,0.05231517012023536,4.804041954464057,0.22597582914531394,0.029240214888718346,4.83472755180353,4,0,0.798030186748529,
MCA,4,,k-medoides,8,0.4419041253022388,0.10910718853926836,4.794192888206703,0.22627002203352067,0.032137375287797386,4.831926323867997,8,0,0.40624200562803786,0.7965290538247503
MCA,4,,jerarquico completo,8,0.4073065465138349,0.09260680480941418,4.790739319519059,0.22624835986433295,0.0318495778971604,4.833064722435405,8,0,0.46085955487336916,
MCA,4,,k-medoides,12,0.44948382145421234,0.1233051931440266,4.790995139421847,0.22664653116464079,0.0341327705295472,4.8293553338449735,12,0,0.36582246098746485,0.7143812600846072
MCA,4,,jerarquico completo,12,0.4236790202922949,0.09913021233051932,4.770529547198772,0.2268493303295125,0.03272576106421079,4.829822205167561,12,0,0.46085955487336916,
MCA,4,,k-medoides,16,0.5130344366598173,0.14108467638782296,4.774622665643387,0.22707049076160063,0.03493860322333077,4.8263558454847795,16,0,0.21002814018930674,0.6417908383659463
MCA,4,,jerarquico completo,16,0.4321953473786712,0.10373497058071118,4.741493988232285,0.22732672327713543,0.03359554873369148,4.827660526989,16,0,0.46085955487336916,
MCA,4,,k-medoides,20,0.5182581140296586,0.15323612177027374,4.762343310309542,0.22765701978065506,0.0368252750063955,4.824680225121515,20,0,0.17907393195190585,0.6352811277367387
MCA,4,,jerarquico completo,20,0.4474166315945832,0.12023535431056537,4.731261192120747,0.22773768557258273,0.03449091839345102,4.825095932463546,20,0,0.4382194934765925,
MCA,4,,k-medoides,24,0.544925275831621,0.15963161933998465,4.728447173190074,0.2282311704173165,0.03729854182655411,4.820862113072398,24,0,0.1426195958045536,0.6371361201006124
MCA,4,,jerarquico completo,24,0.46285247443864036,0.12458429265796879,4.726400613967766,0.22844902994743316,0.03586595037093886,4.822831926323869,24,1,0.4382194934765925,
MCA,4,,k-medoides,28,0.5460104473547397,0.1737017139933487,4.709644410335124,0.22874879310771673,0.03897416218981836,4.82035047326682,28,0,0.13852647735993862,0.6546456657764114
MCA,4,,jerarquico completo,28,0.4693057377928519,0.13532872857508313,4.718086467127143,0.22877210572789014,0.036486313635200815,4.822704016372475,28,1,0.3260424661038629,
MCA,4,,k-medoides,32,0.5557687388078792,0.17434126375031977,4.679329751854694,0.2290419544640573,0.03931312356101304,4.819116142235866,32,0,0.14530570478383217,0.6609276435746896
MCA,4,,jerarquico completo,32,0.4701144587758605,0.1364799181376311,4.712458429265797,0.22927796895501698,0.03764389869531849,4.819889997441802,32,2,0.3260424661038629,
MCA,4,,k-medoides,36,0.5473431865257181,0.18060885136863647,4.71437707853671,0.22980281236847971,0.04054745459196725,4.816960859554873,36,0,0.12982860066513174,0.5726643273529708
MCA,4,,jerarquico completo,36,0.4810156875366194,0.1386543873113328,4.701713993348682,0.22989214302808247,0.03821949347659249,4.816673062164236,36,2,0.3260424661038629,
MCA,4,,k-medoides,40,0.5737916635720711,0.18444614991046304,4.649654643131235,0.23040254499541998,0.04121258633921719,4.814325914556152,40,0,0.10923509849066257,0.6549531213121449
MCA,4,,jerarquico completo,40,0.48404839122290166,0.14364287541570733,4.69953952417498,0.23025462332582375,0.03864799181376311,4.815822460987465,40,2,0.3260424661038629,
MCA,4,,k-medoides,44,0.5763539887274197,0.20555129189050908,4.568176004093118,0.23089994966124494,0.0424469173701714,4.815649782553082,44,0,0.08557175748273216,0.6204553868424619
MCA,4,,jerarquico completo,44,0.4894164830539945,0.1467127142491686,4.696597595292914,0.23071076671700547,0.03991430033256588,4.81527884369404,44,2,0.30634433358915325,
MCA,4,,k-medoides,48,0.5856460277770901,0.20542338193911486,4.632770529547199,0.23156735077860024,0.04332949603479151,4.811550268610898,48,1,0.0817344589409056,0.6109074418291722
MCA,4,,jerarquico completo,48,0.49164459188473253,0.151061652596572,4.688539268355078,0.23178851121068833,0.04082885648503454,4.812950882578665,48,2,0.30634433358915325,
AE,2,0.0,k-medoides,4,0.4023716980664967,0.09017651573292403,4.794320798158097,0.22578643989470124,0.030186748529035558,4.834650805832694,4,0,0.3158096699923254,0.6169718375915522
AE,2,0.0,jerarquico completo,4,0.33971232639318694,0.07661806088513687,4.8312867741110255,0.22576085790442235,0.03031465848042978,4.834478127398311,4,0,0.3825786646201074,
AE,2,0.0,k-medoides,8,0.470271251619505,0.14453824507546686,4.763238679969302,0.22596613274577285,0.032578664620107445,4.830148375543617,8,0,0.19020209772320287,0.6426887765668007
AE,2,0.0,jerarquico completo,8,0.44827899223462814,0.12189818367869021,4.75530826298286,0.22625475536190262,0.03223970324891277,4.831996674341263,8,0,0.2840880020465592,
AE,2,0.0,k-medoides,12,0.5278059729821174,0.18022512151445383,4.722435405474546,0.22652377887257696,0.03422230749552315,4.827289588129957,12,0,0.13046815042210283,0.6259825676346895
AE,2,0.0,jerarquico completo,12,0.4774135782602596,0.15349194167306215,4.737784599641852,0.2265347131103574,0.03340368380660016,4.827647735993861,12,0,0.200818623688923,
AE,2,0.0,k-medoides,16,0.5551250629234439,0.20810949091839345,4.733435661294449,0.2270418141757235,0.035571757482732155,4.825863392171912,16,0,0.0768738807879253,0.6411346181964922
AE,2,0.0,jerarquico completo,16,0.4924120515930978,0.16449219749296495,4.636863647991814,0.22706533310227014,0.034580455359426956,4.827385520593502,16,0,0.200818623688923,
AE,2,0.0,k-medoides,20,0.5764117545119204,0.21373752877973906,4.669352775645946,0.22767042969491413,0.03708749040675365,4.8216679457661815,20,0,0.0713737528779739,0.642731850236734
AE,2,0.0,jerarquico completo,20,0.523118692182639,0.1841903300076746,4.596827833205423,0.22786291354112512,0.03536070606293169,4.824795344077769,20,0,0.200818623688923,
AE,2,0.0,k-medoides,24,0.599815149489598,0.23036582246098747,4.648503453568687,0.22781608199440498,0.03768227168073676,4.822077257610642,24,0,0.07239703248912766,0.6213693288229426
AE,2,0.0,jerarquico completo,24,0.5624736959374149,0.20529547198772063,4.570094653364031,0.22815112354450853,0.03752877973906371,4.821143514965465,24,0,0.14338705551291892,
AE,2,0.0,k-medoides,28,0.6308188712565709,0.27027372729598365,4.634177539012535,0.22842489210176678,0.039325914556152475,4.819148119723715,28,0,0.06459452545408033,0.6080511085602425
AE,2,0.0,jerarquico completo,28,0.5727064920489524,0.21527244819646968,4.548349961627014,0.2286177885607242,0.0380596060373497,4.820734203121003,28,0,0.14338705551291892,
AE,2,0.0,k-medoides,32,0.6289992490448015,0.2528779739063699,4.634944998720901,0.22916264369238898,0.04022767971348171,4.818578920440011,32,0,0.06267587618316706,0.6270694877024792
AE,2,0.0,jerarquico completo,32,0.6003474199324965,0.2293425428498337,4.517395753389613,0.22926167075153292,0.03907009465336403,4.818278332054233,32,0,0.0865950370938859,
AE,2,0.0,k-medoides,36,0.6578862674225732,0.26080839089281144,4.525965720133026,0.22964581321846192,0.040931184446149904,4.817555640828855,36,0,0.058199027884369404,0.6580296667819245
AE,2,0.0,jerarquico completo,36,0.605059457496761,0.23778459964185214,4.471348170887695,0.22974545919672554,0.0403364031721668,4.814332310053722,36,0,0.08646712714249169,
AE,2,0.0,k-medoides,40,0.6721255333019748,0.2833205423381939,4.564338705551292,0.2302637008062453,0.04229342542849833,4.814191609107188,40,0,0.05525709900230238,0.6234101821543389
AE,2,0.0,jerarquico completo,40,0.620718111223892,0.2485290355589665,4.467510872345868,0.23039718102971643,0.041231772831926326,4.81395497569711,40,0,0.08646712714249169,
AE,2,0.0,k-medoides,44,0.6774853728781389,0.3019953952417498,4.537477615758506,0.2307879253005884,0.043284727551803535,4.812790995139421,44,0,0.0553850089536966,0.6187453379645869
AE,2,0.0,jerarquico completo,44,0.6276871405111447,0.25812228191353287,4.447812739831159,0.23090118749948427,0.042255052443080074,4.81395497569711,44,0,0.08646712714249169,
AE,2,0.0,k-medoides,48,0.6832454468183431,0.28766948068559733,4.392555640828856,0.23121889931423759,0.04399462778204145,4.808768227168074,48,0,0.04796623177283193,0.628816208694068
AE,2,0.0,jerarquico completo,48,0.6470634350836366,0.2625991302123305,4.4412893323100535,0.2316084057468703,0.04308007162957277,4.8118188795088255,48,0,0.08646712714249169,
AE,2,1.0,k-medoides,4,0.35669959316383204,0.0892811460731645,4.834996162701458,0.22576498403188672,0.03028268099258123,4.834574059861858,4,0,0.31120491174213355,0.881704899174794
AE,2,1.0,jerarquico completo,4,0.3563034849272564,0.0865950370938859,4.819007418777181,0.2257895344902995,0.030148375543617288,4.832444359171143,4,0,0.3848810437452034,
AE,2,1.0,k-medoides,8,0.43952747588278496,0.14236377590176516,4.803274494755692,0.2260459733122076,0.03246354566385264,4.830001279099513,8,0,0.1766436428754157,0.6799133530366881
AE,2,1.0,jerarquico completo,8,0.4341263750319775,0.11716551547710412,4.808135072908672,0.2260915670206884,0.031855973394730105,4.830346635968278,8,0,0.2908672294704528,
AE,2,1.0,k-medoides,12,0.49150017742348096,0.15502686108979277,4.787413660782809,0.22638637882801477,0.03417114351496547,4.82697620874904,12,0,0.12458429265796879,0.5951948511998327
AE,2,1.0,jerarquico completo,12,0.4859340314741003,0.15067792274238936,4.794192888206703,0.22647509056849788,0.03420951650038373,4.828191353287286,12,0,0.18917881811204912,
AE,2,1.0,k-medoides,16,0.5476526460855429,0.2175748273215656,4.753133793809158,0.226949801533269,0.03570606293169608,4.825633154259402,16,0,0.10565361985162446,0.6638859219896696
AE,2,1.0,jerarquico completo,16,0.5068163625710725,0.17945766180608852,4.783960092095165,0.22715817097021765,0.03516884113584036,4.825345356868764,16,0,0.18917881811204912,
AE,2,1.0,k-medoides,20,0.5686257519867304,0.22959836275262216,4.744435917114352,0.22759079543485256,0.036965975952929137,4.8226336658992075,20,0,0.08390892811460732,0.6234127189311394
AE,2,1.0,jerarquico completo,20,0.5183530149613382,0.19889997441800972,4.7741110258378106,0.22770570808473414,0.03640317216679458,4.823106932719366,20,0,0.10693271936556664,
AE,2,1.0,k-medoides,24,0.5846021175286147,0.24302890764901508,4.734714760808391,0.22794914960512958,0.038149143003325656,4.820932463545665,24,0,0.07226912253773343,0.6339571102320941
AE,2,1.0,jerarquico completo,24,0.532270442898522,0.20823740086978768,4.739063699155794,0.22814637849792452,0.036946789460219995,4.821149910463033,24,0,0.10693271936556664,
AE,2,1.0,k-medoides,28,0.597211563059606,0.2680992581222819,4.697620874904067,0.22873950932092196,0.0392299820926068,4.821482476336659,28,0,0.06114095676643643,0.6128541732986605
AE,2,1.0,jerarquico completo,28,0.547578375791185,0.22844717319007418,4.730237912509593,0.22874301652926662,0.03846252238424149,4.820503965208493,28,0,0.10335124072652853,
AE,2,1.0,k-medoides,32,0.6137408296817105,0.26490150933742646,4.6250959324635454,0.22910157700591688,0.04047710411870044,4.817900997697622,32,0,0.0699667434126375,0.5955906953010258
AE,2,1.0,jerarquico completo,32,0.5569529373901418,0.23714504988488105,4.702097723202865,0.2292492923691399,0.03947301100025582,4.818649270913276,32,0,0.10335124072652853,
AE,2,1.0,k-medoides,36,0.6184363627361177,0.27743668457405984,4.636991557943208,0.22990369618498258,0.041250959324635454,4.8164748017395755,36,0,0.058199027884369404,0.5930678783070138
AE,2,1.0,jerarquico completo,36,0.5648379669744757,0.24328472755180353,4.694167306216424,0.22972586009127,0.04022767971348171,4.816174213353799,36,0,0.10335124072652853,
AE,2,1.0,k-medoides,40,0.6293293392419479,0.2953440777692504,4.556536198516245,0.23023708728410036,0.04240854438475313,4.815419544640573,40,0,0.0470708621130724,0.5969658598979818
AE,2,1.0,jerarquico completo,40,0.579349557266523,0.25236633410079307,4.682655410590944,0.23045267744411158,0.04158352519826042,4.813245075466871,40,0,0.10335124072652853,
AE,2,1.0,k-medoides,44,0.6413652530553974,0.3012279355333845,4.553210539779995,0.2309247064260309,0.04382834484522896,4.812663085188028,44,0,0.038884625223842416,0.5766969700503483
AE,2,1.0,jerarquico completo,44,0.600240140618424,0.26682015860833974,4.567152724481964,0.23093316498733282,0.04241493988232285,4.813117165515477,44,0,0.10335124072652853,
AE,2,1.0,k-medoides,48,0.658146213452826,0.3152980301867485,4.438347403427986,0.23153042193779444,0.04458301355845485,4.811019442312611,48,0,0.04118700434893835,0.5930575722264518
AE,2,1.0,jerarquico completo,48,0.6113394234974707,0.2695062675876183,4.515349194167306,0.23149803183719947,0.043451010488616014,4.811671783064723,48,0,0.07354822205167562,
AE,2,2.0,k-medoides,4,0.3666683171176524,0.09132770529547199,4.82322844717319,0.22578767773294056,0.03033384497313892,4.834363008442056,4,0,0.2895881299565106,0.5924166976183995
AE,2,2.0,jerarquico completo,4,0.346673103425511,0.09465336403172167,4.823867996930161,0.22581656062519087,0.03074955231517012,4.833550780250703,4,0,0.3674852903555897,
AE,2,2.0,k-medoides,8,0.44981803777882307,0.1398055768738808,4.809030442568432,0.22623185535447562,0.032367613200306976,4.832712970069071,8,0,0.15758506011767714,0.603382788632203
AE,2,2.0,jerarquico completo,8,0.4504369568984725,0.13443335891532363,4.792657968789972,0.22611797423646007,0.0325594781273983,4.830775134305449,8,0,0.2831926323867997,
AE,2,2.0,k-medoides,12,0.5036433705510031,0.17331798413916602,4.779483243796367,0.22644146262966353,0.034273471476080834,4.828063443335892,12,0,0.13149143003325658,0.6119470550441393
AE,2,2.0,jerarquico completo,12,0.49497850287591083,0.16794576618060886,4.750319774878485,0.22658752754190084,0.03401125607572269,4.827596572013302,12,0,0.2139933486825275,
AE,2,2.0,k-medoides,16,0.5353402817319832,0.1987720644666155,4.721923765668969,0.22704078264385746,0.03552059350217447,4.825313379380916,16,0,0.08749040675364543,0.6078309300759166
AE,2,2.0,jerarquico completo,16,0.5327614520667773,0.1876438986953185,4.734203121002814,0.22688584655757188,0.03519442312611921,4.826765157329241,16,0,0.1398055768738808,
AE,2,2.0,k-medoides,20,0.5598907401447446,0.21591199795344077,4.7339473011000255,0.22752972874838048,0.03688922998209261,4.823983115886416,20,0,0.07060629316960859,0.6654785339983161
AE,2,2.0,jerarquico completo,20,0.5492989709438104,0.19646968534151957,4.682783320542338,0.22760152336625988,0.036422358659503704,4.824750575594782,20,0,0.1398055768738808,
AE,2,2.0,k-medoides,24,0.5971661756574984,0.21066768994627783,4.713225888974162,0.2280269271078322,0.038283448452289585,4.822102839600921,24,0,0.07303658224609874,0.6475852118574227
AE,2,2.0,jerarquico completo,24,0.5620280741712673,0.20094653364031723,4.67587618316705,0.22805498477458963,0.03719621386543873,4.821616781785623,24,0,0.1398055768738808,
AE,2,2.0,k-medoides,28,0.6236435355961016,0.23701713993348683,4.671399334868252,0.22851339753587663,0.03912765413149143,4.820734203121003,28,0,0.06075722691225377,0.6425284751681196
AE,2,2.0,jerarquico completo,28,0.5800509989354591,0.2194934765924789,4.6726784343821945,0.22850535158732121,0.03868636479918138,4.820721412125864,28,0,0.11665387567152724,
AE,2,2.0,k-medoides,32,0.652926662210449,0.2450754668713226,4.584932207725761,0.2292086500136162,0.040739319519058584,4.817517267843439,32,0,0.059861857252494245,0.6299249658549858
AE,2,2.0,jerarquico completo,32,0.6061570074022726,0.23241238168329495,4.611665387567153,0.22892497875044357,0.039453824507546684,4.819186492709133,32,0,0.07751343054489639,
AE,2,2.0,k-medoides,36,0.653302139809703,0.2734714760808391,4.640573036582246,0.22948510055372634,0.041404451266308526,4.814127654131491,36,0,0.05564082885648503,0.610216351405662
AE,2,2.0,jerarquico completo,36,0.6172067767517474,0.2409823484267076,4.532233307751343,0.22959671230163642,0.04064978255308263,4.816756203632642,36,0,0.06344333589153237,
AE,2,2.0,k-medoides,40,0.6627550978304821,0.2714249168585316,4.576618060885137,0.23016632419808714,0.04246610386288053,4.813782297262726,40,0,0.05244308007162957,0.6237208869083143
AE,2,2.0,jerarquico completo,40,0.6276995188935377,0.250575594781274,4.52788436940394,0.23015683410491916,0.04151317472499361,4.814690457917626,40,0,0.06344333589153237,
AE,2,2.0,k-medoides,44,0.6763506878254483,0.2833205423381939,4.558582757738552,0.23077678475643473,0.04336147352264006,4.811595037093886,44,0,0.04029163468917882,0.5986655439013742
AE,2,2.0,jerarquico completo,44,0.6354153772518341,0.2533896137119468,4.457022256331543,0.23090139380585745,0.04249808135072909,4.8127845996418515,44,0,0.062292146328984395,
AE,2,2.0,k-medoides,48,0.6826430322085509,0.2913788692760297,4.480557687388079,0.23134412728278003,0.04394985929905347,4.8104822205167554,48,0,0.0401637247377846,0.6100287289255564
AE,2,2.0,jerarquico completo,48,0.6587816370823327,0.26234331030954205,4.377078536710156,0.23149803183719952,0.04356612944487081,4.811249680225122,48,0,0.062292146328984395,
AE lineal,2,0.0,k-medoides,4,0.37341453552183135,0.08275773855205935,4.824635456638527,0.22577509304417434,0.029937324123816833,4.834215911997953,4,0,0.2986697365055001,0.7987370556226295
AE lineal,2,0.0,jerarquico completo,4,0.31951905858275775,0.056792018419033,4.80199539524175,0.22599852284636776,0.029355333844973137,4.835482220516756,4,0,0.6653875671527245,
AE lineal,2,0.0,k-medoides,8,0.5136616080343954,0.10667689946277821,4.801611665387568,0.22617058236163032,0.03252110514198005,4.831913532872856,8,0,0.17971348170887694,0.7445185466207168
AE lineal,2,0.0,jerarquico completo,8,0.41334307099414913,0.08569966743412638,4.77168073676132,0.2263442923278786,0.03175364543361473,4.8319583013558445,8,0,0.41238168329496033,
AE lineal,2,0.0,k-medoides,12,0.5479703579002962,0.12496802251215144,4.760808390892811,0.22649262661022124,0.0338449731389102,4.828031465848044,12,0,0.12727040163724737,0.6930989014058475
AE lineal,2,0.0,jerarquico completo,12,0.4898497264377491,0.1032233307751343,4.74469173701714,0.2266065077282367,0.03317344589409056,4.82808902532617,12,0,0.25249424405218723,
AE lineal,2,0.0,k-medoides,16,0.5722278612630901,0.14031721667945765,4.720644666155027,0.22712598717599586,0.03513686364799182,4.825338961371195,16,0,0.11025837810181632,0.6937634799617782
AE lineal,2,0.0,jerarquico completo,16,0.5170078974079667,0.11588641596316193,4.731772831926324,0.22724172505137025,0.03477871578408801,4.82743028907649,16,0,0.14453824507546686,
AE lineal,2,0.0,k-medoides,20,0.5859348566995931,0.1459452545408033,4.703504732668201,0.22761699634425106,0.036473522640061394,4.824833717063187,20,0,0.08646712714249169,0.6865313395125557
AE lineal,2,0.0,jerarquico completo,20,0.5443599963690078,0.12637503197748784,4.722307495523152,0.22771932430536643,0.03609618828344845,4.824149398823229,20,0,0.14453824507546686,
AE lineal,2,0.0,k-medoides,24,0.5964028420765974,0.1545152212842159,4.702609363008442,0.22798009556111204,0.03798925556408288,4.821610386288054,24,0,0.08314146840624201,0.6493525839090702
AE lineal,2,0.0,jerarquico completo,24,0.5592470642603091,0.13481708876950627,4.704272192376567,0.22808366136046673,0.03705551291890509,4.823100537221796,24,0,0.14453824507546686,
AE lineal,2,0.0,k-medoides,28,0.6070193680423176,0.1598874392427731,4.707469941161422,0.22865327325691745,0.03902532617037605,4.819557431568176,28,0,0.05947812739831159,0.6596625559435478
AE lineal,2,0.0,jerarquico completo,28,0.5675900939931836,0.15055001279099514,4.695190585827578,0.2287968624926761,0.03773983115886416,4.82015221284216,28,0,0.10795599897672038,
AE lineal,2,0.0,k-medoides,32,0.6099489185419916,0.1688411358403684,4.674085443847531,0.22917254639830334,0.03985674085443848,4.818297518546943,32,0,0.05947812739831159,0.6482226081109989
AE lineal,2,0.0,jerarquico completo,32,0.5784376830969062,0.15118956254796623,4.6548989511383985,0.22902173643948212,0.03899974418009721,4.8172294704528005,32,0,0.08838577641340496,
AE lineal,2,0.0,k-medoides,36,0.6110753513397535,0.16334100793041698,4.6486313635200815,0.22962559519388673,0.040790483499616274,4.815208493220773,36,0,0.05525709900230238,0.6244013244638172
AE lineal,2,0.0,jerarquico completo,36,0.5858110728756633,0.15541059094397544,4.642619595804554,0.22970316639021612,0.040118956254796626,4.815662573548222,36,1,0.08838577641340496,
AE lineal,2,0.0,k-medoides,40,0.6153170103730844,0.1739575338961371,4.631491430033257,0.23019747646044278,0.042344589409056034,4.814018930672807,40,0,0.05065234075211052,0.6039791883685438
AE lineal,2,0.0,jerarquico completo,40,0.5890583351900907,0.16218981836786903,4.633537989255564,0.23015951608777102,0.041084676387822976,4.814645689434638,40,1,0.06728063443335891,
AE lineal,2,0.0,k-medoides,44,0.6186798042565131,0.17600409311844462,4.585827577385521,0.23078091088389902,0.04302890764901509,4.813756715272448,44,0,0.04886160143259145,0.6203667032279789
AE lineal,2,0.0,jerarquico completo,44,0.5960768780069154,0.16679457661806088,4.631363520081862,0.23095070102905618,0.04169224865694552,4.812036326426196,44,1,0.06574571501662829,
AE lineal,2,0.0,k-medoides,48,0.624435752069253,0.18291123049373242,4.584164748017396,0.2314452174056561,0.043892299820926066,4.809324635456638,48,0,0.04425684318239959,0.5944740625959066
AE lineal,2,0.0,jerarquico completo,48,0.5994107889980937,0.1675620363264262,4.618444614991046,0.23138353180006432,0.043067280634433366,4.810552570990024,48,1,0.06267587618316706,
AE lineal,2,1.0,k-medoides,4,0.39765140824730355,0.08314146840624201,4.823612177027373,0.22574951105389549,0.030378613456126892,4.83404323356357,4,0,0.3595548733691481,0.595274668599639
AE lineal,2,1.0,jerarquico completo,4,0.260965183736456,0.045408032744947556,4.803658224609874,0.22601750303270368,0.029214632898439497,4.8351944231261195,4,0,0.7513430544896393,
AE lineal,2,1.0,k-medoides,8,0.4953498543477005,0.12228191353287286,4.804041954464057,0.22620235354310564,0.03253389613711947,4.83141468406242,8,0,0.16244563827065744,0.6567066026310076
AE lineal,2,1.0,jerarquico completo,8,0.4058458973914622,0.10002558199027885,4.790995139421847,0.2262056544450771,0.03195830135584548,4.832124584292657,8,0,0.2439242773087746,
AE lineal,2,1.0,k-medoides,12,0.5514074220780828,0.1335379892555641,4.794320798158097,0.2266063014218635,0.034049629061140965,4.828133793809156,12,0,0.14914300332565875,0.705647715879208
AE lineal,2,1.0,jerarquico completo,12,0.4296990402627518,0.10578152980301868,4.767587618316705,0.22687697538352358,0.03313507290867229,4.830493732412382,12,0,0.2439242773087746,
AE lineal,2,1.0,k-medoides,16,0.5726074649898084,0.13264261959580456,4.765668969045792,0.2271517754726479,0.03530314658480429,4.826055257099002,16,0,0.10744435917114352,0.6975701160889568
AE lineal,2,1.0,jerarquico completo,16,0.4821833816090247,0.1336658992069583,4.750191864927091,0.22712784393335475,0.03440777692504478,4.827321565617805,16,0,0.19339984650805833,
AE lineal,2,1.0,k-medoides,20,0.5799024583467433,0.14159631619339985,4.743924277308775,0.22753550532683056,0.036511895625479664,4.822883090304425,20,0,0.08979278587874137,0.6463793850034304
AE lineal,2,1.0,jerarquico completo,20,0.5013409914259072,0.14389869531849578,4.742773087746227,0.2277977207271887,0.03520721412125863,4.824341263750321,20,0,0.19339984650805833,
AE lineal,2,1.0,k-medoides,24,0.5988661401728023,0.15541059094397544,4.717830647224354,0.22805457216184322,0.03779099513942186,4.8209772320286515,24,0,0.08224609874648248,0.7229223586512004
AE lineal,2,1.0,jerarquico completo,24,0.5264443509188886,0.15093374264517778,4.740342798669737,0.22828274701062065,0.03658224609874648,4.822627270401638,24,0,0.13686364799181377,
AE lineal,2,1.0,k-medoides,28,0.6078033322605402,0.16410846763878228,4.72742389357892,0.22864440208286912,0.03914684062420056,4.820248145305706,28,0,0.07904834996162702,0.6743457843602388
AE lineal,2,1.0,jerarquico completo,28,0.5537180534581074,0.15873624968022512,4.735482220516756,0.22863470568332794,0.03764389869531849,4.820254540803275,28,0,0.1336658992069583,
AE lineal,2,1.0,k-medoides,32,0.6101057113856361,0.17114351496546432,4.701713993348682,0.22913726800848339,0.03990150933742645,4.817382962394474,32,0,0.06779227423893579,0.6547314833705736
AE lineal,2,1.0,jerarquico completo,32,0.5607489746573251,0.16500383729854182,4.72499360450243,0.22912158872411884,0.038584036838065994,4.816999232540291,32,0,0.1336658992069583,
AE lineal,2,1.0,k-medoides,36,0.6126309013938058,0.170376055257099,4.677027372729598,0.22955668886523242,0.04114863136352009,4.815969557431568,36,0,0.05257099002302379,0.6339679817940843
AE lineal,2,1.0,jerarquico completo,36,0.56832041855437,0.17127142491685854,4.703248912765413,0.22991339258452367,0.039364287541570744,4.816378869276029,36,0,0.1336658992069583,
AE lineal,2,1.0,k-medoides,40,0.6156842357174098,0.1884113584036838,4.658480429777437,0.23014115482055467,0.042523663341007926,4.814479406497826,40,0,0.05666410846763878,0.6630976855390238
AE lineal,2,1.0,jerarquico completo,40,0.5784211785870489,0.1779227423893579,4.695190585827578,0.23048506754470663,0.04061780506523408,4.81483115886416,40,0,0.10565361985162446,
AE lineal,2,1.0,k-medoides,44,0.6181516599410789,0.18738807879253006,4.592350984906625,0.2308871586661055,0.0425684318239959,4.811006651317472,44,0,0.05321053977999488,0.6219407093382373
AE lineal,2,1.0,jerarquico completo,44,0.5836531082118189,0.18048094141724227,4.686108979278588,0.23087457397733932,0.04114863136352008,4.811965975952929,44,0,0.10565361985162446,
AE lineal,2,1.0,k-medoides,48,0.6222612828955512,0.19212074699411613,4.539652084932207,0.23132968583665486,0.04437196213865438,4.809446149910462,48,0,0.0498848810437452,0.6000822031432388
AE lineal,2,1.0,jerarquico completo,48,0.5889056684739105,0.181504221028396,4.6812484011256075,0.23138084981721257,0.04211435149654642,4.812266564338705,48,1,0.10565361985162446,
AE lineal,2,2.0,k-medoides,4,0.3918335685225988,0.09222307495523152,4.821437707853671,0.22574971736026872,0.03033384497313892,4.8341775390125346,4,0,0.3385776413404963,0.6390346363497241
AE lineal,2,2.0,jerarquico completo,4,0.3157477780803605,0.072013302634945,4.811204911742133,0.22587618316705038,0.029783832182143772,4.834893834740344,4,0,0.3878229726272704,
AE lineal,2,2.0,k-medoides,8,0.5170120235354311,0.11473522640061397,4.804553594269634,0.22614231838849963,0.03254029163468918,4.830001279099514,8,0,0.1876438986953185,0.7325581815168715
AE lineal,2,2.0,jerarquico completo,8,0.4177827841457678,0.10092095165003838,4.79623944742901,0.22619967156025383,0.03235482220516756,4.82984778715784,8,0,0.3016116653875672,
AE lineal,2,2.0,k-medoides,12,0.5522326475709488,0.12906114095676643,4.751215144538245,0.22656277077711487,0.03411997953440776,4.8288500895369655,12,0,0.10821181887950883,0.6480390544914267
AE lineal,2,2.0,jerarquico completo,12,0.49179313247344836,0.12970069071373752,4.775262215400359,0.22670223388540917,0.03369787669480685,4.8293809158352525,12,0,0.18393451010488615,
AE lineal,2,2.0,k-medoides,16,0.5669918055108558,0.1322588897416219,4.722435405474546,0.22694093035922064,0.03546942952161678,4.825556408288565,16,0,0.08403683806600154,0.6077588974938652
AE lineal,2,2.0,jerarquico completo,16,0.5250538459634095,0.13532872857508313,4.75198260424661,0.22708802680332402,0.035533384497313886,4.824449987209006,16,0,0.18393451010488615,
AE lineal,2,2.0,k-medoides,20,0.5788461697158749,0.14722435405474546,4.722947045280123,0.22738778996360756,0.03704272192376566,4.82435405474546,20,0,0.07060629316960859,0.5912124619361575
AE lineal,2,2.0,jerarquico completo,20,0.5416738873897292,0.14364287541570733,4.7420056280378615,0.22782495316845325,0.03598746482476337,4.824418009721156,20,0,0.18393451010488615,
AE lineal,2,2.0,k-medoides,24,0.5854644781686595,0.1564338705551292,4.678690202097723,0.227991442411639,0.03795727807623432,4.820855717574828,24,0,0.07035047326682016,0.6135502070489723
AE lineal,2,2.0,jerarquico completo,24,0.5485645202551597,0.15221284215911998,4.728958812995651,0.22813791993662264,0.03722819135328729,4.820906881555385,24,0,0.18393451010488615,
AE lineal,2,2.0,k-medoides,28,0.5929575256438822,0.1647480173957534,4.664875927347148,0.2283867254227218,0.0389357892044001,4.8205743156817595,28,0,0.06178050652340752,0.6072648077323912
AE lineal,2,2.0,jerarquico completo,28,0.5624902004472723,0.1655154771041187,4.658480429777437,0.2285348533986912,0.038206702481453046,4.819506267587618,28,0,0.10296751087234587,
AE lineal,2,2.0,k-medoides,32,0.6004381947367118,0.16730621642363777,4.622665643387055,0.22913376080013864,0.04018291123049374,4.8183806600153485,32,0,0.061524686620619086,0.5824060411411517
AE lineal,2,2.0,jerarquico completo,32,0.5650401472202279,0.1683294960347915,4.514070094653364,0.22930726446001368,0.039402660526989,4.819883601944231,32,0,0.10296751087234587,
AE lineal,2,2.0,k-medoides,36,0.6051254755361902,0.174469173701714,4.611537477615759,0.22954946814216984,0.04171143514965465,4.817376566896905,36,0,0.0498848810437452,0.5783365261102884
AE lineal,2,2.0,jerarquico completo,36,0.5794403320707383,0.1725505244308007,4.499360450243029,0.2295375023725233,0.040202097723202865,4.81571373752878,36,0,0.10296751087234587,
AE lineal,2,2.0,k-medoides,40,0.6054803224981226,0.17613200306983884,4.61793297518547,0.23017911519322656,0.042638782297262735,4.815521872601688,40,0,0.045408032744947556,0.5819054824271603
AE lineal,2,2.0,jerarquico completo,40,0.5838635407124997,0.1739575338961371,4.4882322844717315,0.23035220624035513,0.042082374008697875,4.813788692760297,40,0,0.10296751087234587,
AE lineal,2,2.0,k-medoides,44,0.6106462340834633,0.18534151957022257,4.5896648759273475,0.23097813977669399,0.04325275006395497,4.812637503197749,44,0,0.040803274494755695,0.5769142637706528
AE lineal,2,2.0,jerarquico completo,44,0.5868384786142814,0.17702737272959837,4.485290355589665,0.23087931902392328,0.04234458940905602,4.812068303914044,44,0,0.10296751087234587,
AE lineal,2,2.0,k-medoides,48,0.6101345942778864,0.19403939626502942,4.613328216935278,0.23136186963087663,0.04429521616781786,4.8109363008442045,48,0,0.03824507546687132,0.5634213485668652
AE lineal,2,2.0,jerarquico completo,48,0.5889469297485538,0.178562292146329,4.464568943463801,0.23135794980978552,0.04304169864415452,4.811262471220261,48,0,0.10296751087234587,
PCA,2,,k-medoides,4,0.3928197129865736,0.08633921719109747,4.812356101304681,0.22576684078924564,0.030442568431823996,4.8338577641340486,4,0,0.30966999232540293,0.7985856711480652
PCA,2,,jerarquico completo,4,0.39881910231970885,0.0900486057815298,4.828216935277565,0.2257554939387188,0.030353031465848047,4.834056024558711,4,0,0.40074187771808645,
PCA,2,,k-medoides,8,0.4554089404929897,0.09989767203888462,4.807879253005884,0.22611776793008692,0.03280890253261705,4.831606548989511,8,0,0.1620619084164748,0.7356806983574158
PCA,2,,jerarquico completo,8,0.44208980103813367,0.10833972883090305,4.788436940393963,0.2261165300918476,0.03243156817600409,4.8301611665387565,8,0,0.21066768994627783,
PCA,2,,k-medoides,12,0.47771891169262,0.1343054489639294,4.747249936045025,0.22639896351678096,0.03407521105141979,4.827941928882066,12,0,0.1620619084164748,0.6799398182161785
PCA,2,,jerarquico completo,12,0.46108236575644296,0.11320030698388335,4.777180864671271,0.22655348699032013,0.033429265796879,4.8301355845484775,12,0,0.21066768994627783,
PCA,2,,k-medoides,16,0.4988158014177374,0.1600153491941673,4.735482220516756,0.2268353014961338,0.03525198260424661,4.82612560757227,16,0,0.11064210795599898,0.6506747815691601
PCA,2,,jerarquico completo,16,0.4703496480413273,0.12663085188027629,4.760680480941417,0.22699188803340511,0.03478511128165771,4.824846508058327,16,0,0.21066768994627783,
PCA,2,,k-medoides,20,0.5001155315690012,0.1634689178818112,4.737912509593246,0.2274319395274759,0.037004348938347406,4.82412381683295,20,0,0.10833972883090305,0.6688314398412404
PCA,2,,jerarquico completo,20,0.47551143349920366,0.13277052954719878,4.742133537989256,0.22777028197955093,0.035610130468150425,4.823081350729087,20,0,0.21066768994627783,
PCA,2,,k-medoides,24,0.5033710461383573,0.1710156050140701,4.721156305960604,0.22795637032819216,0.0377078536710156,4.821955743156818,24,0,0.08915323612177027,0.628550596884721
PCA,2,,jerarquico completo,24,0.4862104820142104,0.14070094653364032,4.732284471731901,0.22811770191204744,0.036754924533128674,4.824015093374266,24,0,0.21066768994627783,
PCA,2,,k-medoides,28,0.5196238622203517,0.17434126375031977,4.692248656945511,0.22880717781133691,0.03938986953184958,4.820324891276542,28,0,0.06126886671783065,0.6139561784943052
PCA,2,,jerarquico completo,28,0.49471443071819377,0.16091071885392683,4.720644666155027,0.2286840129065267,0.03820670248145305,4.8198772064466615,28,0,0.21066768994627783,
PCA,2,,k-medoides,32,0.5126507068056346,0.18252750063954976,4.6572013302634945,0.22923835813135937,0.040483499616270145,4.818879508825786,32,0,0.06305960603734971,0.614409086538966
PCA,2,,jerarquico completo,32,0.5028181450581372,0.1683294960347915,4.716167817856229,0.22936090411704999,0.03917242261447941,4.819832437963672,32,0,0.14837554361729344,
PCA,2,,k-medoides,36,0.5296132168114938,0.18943463801483756,4.6726784343821945,0.2296629366474389,0.041212586339217185,4.815573036582245,36,0,0.05960603734970581,0.6366251563759611
PCA,2,,jerarquico completo,36,0.5049678574670529,0.17434126375031977,4.701202353543105,0.22987440067998582,0.03989511383985674,4.815387567152724,36,0,0.14837554361729344,
PCA,2,,k-medoides,40,0.5255572335140577,0.19352775645945255,4.637247377845997,0.23014424941615297,0.042012023535431056,4.814639293937068,40,0,0.05896648759273471,0.5911710251809476
PCA,2,,jerarquico completo,40,0.5079139124765842,0.1779227423893579,4.695958045535943,0.23046670627749033,0.04117421335379892,4.8150038372985415,40,0,0.14837554361729344,
PCA,2,,k-medoides,44,0.5357652728608092,0.19749296495267332,4.624712202609363,0.23099835780126918,0.04313123561013047,4.812695062675877,44,0,0.05589664875927347,0.5884697922637814
PCA,2,,jerarquico completo,44,0.512506292344383,0.1834228702993093,4.6835507802507035,0.23094781273983114,0.0425620363264262,4.813187515988744,44,0,0.14837554361729344,
PCA,2,,k-medoides,48,0.5364213271276377,0.20606293169608594,4.6010488616014324,0.2315978841218363,0.044308007162957276,4.812036326426196,48,0,0.05269889997441801,0.5854637789386946
PCA,2,,jerarquico completo,48,0.5138349053878972,0.18482987976464568,4.669096955743157,0.2315450696902929,0.042952161678178565,4.811390381171655,48,0,0.14837554361729344,
MCA,2,,k-medoides,4,0.3522516277572847,0.07546687132258889,4.81747249936045,0.2258621543336717,0.02988616014325915,4.834855461754925,4,0,0.5677922742389357,0.7189544257616364
MCA,2,,jerarquico completo,4,0.2550235601878213,0.03760552570990023,4.810053722179585,0.22600594987580352,0.02868380660015349,4.835136863647991,4,0,0.941417242261448,
MCA,2,,k-medoides,8,0.38063938471187253,0.11345612688667178,4.799693016116654,0.22625970671485982,0.031894346380148375,4.831107700179073,8,0,0.38871834228702995,0.7806353003978241
MCA,2,,jerarquico completo,8,0.35905973807342856,0.07674597083653108,4.776669224865694,0.22655575636042552,0.0308518802762855,4.832521105141979,8,0,0.5740598618572524,
MCA,2,,k-medoides,12,0.45922973452495897,0.14338705551291892,4.795599897672039,0.22657081672567028,0.03398567408544385,4.827948324379637,12,0,0.23740086978766947,0.7275301245737276
MCA,2,,jerarquico completo,12,0.3767236897482237,0.09465336403172167,4.75863392171911,0.22691906188365968,0.032188539268355076,4.830122793553338,12,0,0.4278587874136608,
MCA,2,,k-medoides,16,0.46590168263477993,0.1446661550268611,4.774238935789205,0.22704800336692005,0.03517523663341009,4.826413404962906,16,0,0.21847019698132514,0.7556918053987276
MCA,2,,jerarquico completo,16,0.37973576279718435,0.09529291378869276,4.754029163468918,0.2276473233811139,0.03323100537221796,4.827353543105653,16,0,0.4278587874136608,
MCA,2,,k-medoides,20,0.4809372911147971,0.15809669992325404,4.7556919928370425,0.22770612069748059,0.0362368892299821,4.825498848810438,20,0,0.13801483755436172,0.7171277686083731
MCA,2,,jerarquico completo,20,0.38783122488219907,0.09682783320542339,4.744435917114352,0.2279477054605171,0.033608339728830906,4.827091327705295,20,0,0.4278587874136608,
MCA,2,,k-medoides,24,0.48656532897614274,0.16525965720133026,4.745075466871323,0.22834897135642312,0.03727295983627526,4.821763878229726,24,0,0.13034024047070863,0.709973668236768
MCA,2,,jerarquico completo,24,0.39971034585200405,0.10987464824763367,4.7420056280378615,0.22848925969021033,0.03502814018930672,4.824654643131235,24,0,0.381171655154771,
MCA,2,,k-medoides,28,0.4886366449632362,0.17600409311844462,4.693527756459453,0.22861882009259032,0.03856485034535687,4.820606293169609,28,0,0.11793297518546943,0.6829506943078779
MCA,2,,jerarquico completo,28,0.44859257792191715,0.1300844205679202,4.736633410079304,0.22903349590275549,0.0365310821181888,4.821917370171399,28,0,0.2547966231772832,
MCA,2,,k-medoides,32,0.4940129890492577,0.16922486569455103,4.727295983627526,0.22930210680068325,0.03921719109746737,4.818527756459453,32,0,0.13110770017907394,0.728002699144094
MCA,2,,jerarquico completo,32,0.4505236055752234,0.13264261959580456,4.732028651829112,0.2293652365508875,0.036563059606037354,4.8187771808646715,32,0,0.2547966231772832,
MCA,2,,k-medoides,36,0.4987043959762005,0.1868764389869532,4.677027372729598,0.22987955833931623,0.04054105909439755,4.8148439498593,36,0,0.11256075722691225,0.6697240602091228
MCA,2,,jerarquico completo,36,0.4512002904793735,0.1336658992069583,4.726528523919161,0.22995712953564565,0.037688667178306476,4.817849833717062,36,1,0.2547966231772832,
MCA,2,,k-medoides,40,0.494466863070334,0.18163213097979022,4.650677922742389,0.23046629366474386,0.04129572780762343,4.81392299820926,40,0,0.08109490918393451,0.6895119063831183
MCA,2,,jerarquico completo,40,0.45696449054704197,0.1350729086722947,4.71527244819647,0.23042235040724882,0.03827705295471988,4.817798669736506,40,2,0.2547966231772832,
MCA,2,,k-medoides,44,0.5013616220632288,0.19276029675108725,4.667434126375032,0.231018163213098,0.04205039652084932,4.811134561268867,44,0,0.10782808902532617,0.6715817598363375
MCA,2,,jerarquico completo,44,0.45804553594269637,0.13686364799181377,4.715016628293681,0.2306585712045816,0.03927475057559478,4.813424149398823,44,4,0.2547966231772832,
MCA,2,,k-medoides,48,0.5013327391709784,0.19634177539012534,4.597979022767971,0.23162635440134016,0.04254284983371706,4.812733435661294,48,0,0.0796878997185981,0.6930851119607819
MCA,2,,jerarquico completo,48,0.46240685267249276,0.13852647735993862,4.712586339217191,0.23127212635852742,0.03964568943463802,4.8128165771297,48,5,0.2547966231772832,
AE,7,0.0,k-medoides,4,0.34837719406827916,0.04873369148119724,4.770401637247378,0.22575281195586688,0.030755947812739833,4.83383218214377,4,0,0.2782041442824252,0.258515716360181
AE,7,0.0,jerarquico completo,4,0.3361184693717558,0.05487336914811972,4.730110002558199,0.225753843487733,0.030436172934254286,4.833864159631618,4,0,0.3654387311332822,
AE,7,0.0,k-medoides,8,0.45374198499740054,0.09426963417753902,4.670503965208494,0.22611818054283334,0.03215656178050652,4.830819902788437,8,0,0.19685341519570224,0.3330164244243571
AE,7,0.0,jerarquico completo,8,0.416070441248071,0.08493220772576106,4.699411614223586,0.2261132291898761,0.032214121258633925,4.8310437452033765,8,0,0.2223074955231517,
AE,7,0.0,k-medoides,12,0.5173586182424348,0.12509593246354567,4.63251470964441,0.22651243202205001,0.033812995651061654,4.827782041442823,12,0,0.12790995139421846,0.3352489727623153
AE,7,0.0,jerarquico completo,12,0.46278233027174676,0.10846763878229726,4.572013302634945,0.22653987076968782,0.0339536965975953,4.82921463289844,12,0,0.13341007930416987,
AE,7,0.0,k-medoides,16,0.5686628871339093,0.12790995139421846,4.376694806855974,0.22702881687421086,0.035616525965720125,4.825255819902789,16,0,0.10028140189306728,0.3668721491315357
AE,7,0.0,jerarquico completo,16,0.5154152122067355,0.12087490406753645,4.532617037605526,0.22691782404542038,0.03524558710667689,4.823925556408289,16,0,0.13341007930416987,
AE,7,0.0,k-medoides,20,0.5850972528243342,0.13827065745715017,4.3702993092862625,0.22749094315021576,0.03712586339217191,4.822416218981837,20,0,0.07495523151701203,0.35623051860557264
AE,7,0.0,jerarquico completo,20,0.5418760676354814,0.1308518802762855,4.36326426195958,0.2274979575669051,0.03649910463034024,4.8233563571245845,20,0,0.13341007930416987,
AE,7,0.0,k-medoides,24,0.6135386494359584,0.1820158608339729,4.122409823484267,0.2281828947259839,0.03828984394985929,4.821783064722435,24,0,0.07776925044768483,0.3959435579746852
AE,7,0.0,jerarquico completo,24,0.5560699461127753,0.14402660526989,4.281529803018675,0.228074377573672,0.03815553850089536,4.821175492453313,24,0,0.1018163213097979,
AE,7,0.0,k-medoides,28,0.6268949240379934,0.19224865694551035,4.364799181376311,0.22877726338722057,0.03949859299053466,4.8192568431824,28,0,0.05807111793297519,0.3691409782865451
AE,7,0.0,jerarquico completo,28,0.5684648330156216,0.1537477615758506,4.210539779994884,0.22839951641786121,0.03854566385264774,4.820120235354311,28,0,0.1018163213097979,
AE,7,0.0,k-medoides,32,0.6465806781703101,0.19710923509849065,3.913916602711691,0.22897469858638875,0.04057943207981581,4.817894602200051,32,0,0.04719877206446661,0.38140839500054186
AE,7,0.0,jerarquico completo,32,0.5801170169748884,0.16500383729854182,4.133282169352776,0.2292212347023824,0.04041314914300333,4.817357380404196,32,0,0.1018163213097979,
AE,7,0.0,k-medoides,36,0.6548989511383986,0.20056280378613456,3.925044768482988,0.22949912938710498,0.04140445126630851,4.814875927347147,36,0,0.05500127909951394,0.3933434637339497
AE,7,0.0,jerarquico completo,36,0.6010612399838255,0.17689946277820415,4.042977743668457,0.229851706978932,0.04104630340240471,4.816123049373242,36,0,0.07789716039907905,
AE,7,0.0,k-medoides,40,0.6794411572962312,0.22384241493988233,3.8023791250959325,0.2305032225055496,0.0423317984139166,4.812695062675875,40,0,0.04668713225888974,0.4083682992937726
AE,7,0.0,jerarquico completo,40,0.6083974946154037,0.18470196981325146,3.962522384241494,0.23024245124980397,0.04204400102327961,4.814997441800973,40,0,0.06728063443335891,
AE,7,0.0,k-medoides,44,0.6706731364345307,0.2389357892044001,3.6752366334100794,0.2307221135675323,0.04311844461499105,4.811543873113328,44,0,0.039140445126630855,0.4058762239088608
AE,7,0.0,jerarquico completo,44,0.61999191279017,0.1944231261192121,3.8925556408288564,0.23085146766353906,0.043195190585827575,4.811364799181376,44,0,0.06561780506523407,
AE,7,0.0,k-medoides,48,0.6870703669777767,0.23995906881555384,3.518163213097979,0.23128532996641332,0.04411614223586595,4.8098618572524945,48,0,0.04105909439754413,0.4024178303400286
AE,7,0.0,jerarquico completo,48,0.6299895196362406,0.1995395241749808,3.794320798158097,0.23140808225847714,0.044148119723714505,4.810514198004605,48,0,0.06561780506523407,
AE,7,1.0,k-medoides,4,0.3404797861015523,0.06293169608595549,4.729086722947045,0.22572310383812383,0.03046175492453313,4.834689178818111,4,0,0.3379380915835252,0.2808833285649576
AE,7,1.0,jerarquico completo,4,0.33628764059779337,0.06139677666922486,4.8060885136863645,0.2258423489218429,0.03048733691481197,4.835034535686876,4,0,0.34458940905602453,
AE,7,1.0,k-medoides,8,0.4234355787718994,0.0851880276285495,4.199667434126375,0.22618151659941077,0.032393195190585825,4.831555385008954,8,0,0.17920184190330007,0.30248497954800235
AE,7,1.0,jerarquico completo,8,0.3896508470939684,0.07035047326682016,4.637247377845997,0.2262242220186666,0.032412381683294966,4.8298669736505495,8,0,0.20120235354310564,
AE,7,1.0,k-medoides,12,0.4657944033207074,0.11537477615758505,4.053466359682783,0.22652769869366804,0.034279866973650555,4.827801227935533,12,0,0.1371194678946022,0.31406277153329093
AE,7,1.0,jerarquico completo,12,0.43866098911527573,0.08071117932975186,4.561268866717831,0.22641423018839904,0.03422870299309286,4.82877334356613,12,0,0.14364287541570733,
AE,7,1.0,k-medoides,16,0.5507018542816825,0.12484011256075722,4.101560501407009,0.22691844296454006,0.035239191609107184,4.825524430800716,16,0,0.08812995651061653,0.31940101662243037
AE,7,1.0,jerarquico completo,16,0.45970836531082115,0.0975952929137887,4.029930928626247,0.2270236592148805,0.03530954208237401,4.8244563827065745,16,0,0.11307239703248913,
AE,7,1.0,k-medoides,20,0.578598602068015,0.14863136352008186,4.123049373241238,0.22734879805906966,0.037061908416474804,4.823976720388846,20,0,0.09247889485801995,0.3403845705065782
AE,7,1.0,jerarquico completo,20,0.4817460120978057,0.10846763878229726,4.007802507035048,0.22753158550573943,0.036620619084164745,4.824980813507292,20,0,0.10117677155282681,
AE,7,1.0,k-medoides,24,0.5789410706475544,0.16385264773599387,3.8499616270145816,0.22810656136789373,0.03832182143770785,4.821994116142236,24,0,0.0671527244819647,0.33827129613961204
AE,7,1.0,jerarquico completo,24,0.4995832611261027,0.11908416474801739,3.978894858019954,0.22800918475973558,0.03775262215400359,4.822237145049884,24,0,0.10117677155282681,
AE,7,1.0,k-medoides,28,0.6063385570107032,0.17139933486825276,3.875287797390637,0.22856518043555402,0.03948580199539524,4.820510360706063,28,0,0.05564082885648503,0.36502805732744203
AE,7,1.0,jerarquico completo,28,0.5166200414263198,0.12854950115118957,3.8702993092862625,0.22872217958557178,0.038513686364799175,4.819435917114353,28,0,0.10117677155282681,
AE,7,1.0,k-medoides,32,0.6332532864605254,0.19007418777180865,3.6605269889997443,0.22927054192558116,0.040163724737784595,4.8195318495778965,32,0,0.05103607060629317,0.39292252313398107
AE,7,1.0,jerarquico completo,32,0.5479167182432599,0.13622409823484266,3.836658992069583,0.2292649716535043,0.0395753389613712,4.816673062164236,32,0,0.08339728830903044,
AE,7,1.0,k-medoides,36,0.6520725538253328,0.1973650550012791,3.914556152468662,0.229559164541711,0.04118700434893835,4.816698644154515,36,0,0.04630340240470709,0.3918155668653012
AE,7,1.0,jerarquico completo,36,0.568308040171977,0.14530570478383217,3.803786134561269,0.22986903671428216,0.040720133026349456,4.816295727807623,36,0,0.08339728830903044,
AE,7,1.0,k-medoides,40,0.6559222307495524,0.21527244819646968,3.57278076234331,0.23023543683311468,0.04228702993092862,4.814185213609619,40,0,0.05346635968278332,0.4044451458141142
AE,7,1.0,jerarquico completo,40,0.5744600962212925,0.1564338705551292,3.7865182911230493,0.23037799453700725,0.04169864415451522,4.814006139677668,40,0,0.08339728830903044,
AE,7,1.0,k-medoides,44,0.6635844494508124,0.22678434382194934,3.705551291890509,0.23092181813680587,0.04330391404451266,4.81193399846508,44,0,0.04412893323100537,0.4054529927177009
AE,7,1.0,jerarquico completo,44,0.5839006758596786,0.17293425428498338,3.628293681248401,0.23099835780126918,0.042414939882322845,4.811614223586595,44,0,0.08339728830903044,
AE,7,1.0,k-medoides,48,0.6803819143580984,0.2304937324123817,3.4856740854438475,0.23124489391726283,0.043988232284471726,4.810597339473011,48,0,0.039652084932207725,0.39832037351303584
AE,7,1.0,jerarquico completo,48,0.6065324850015267,0.18789971859810695,3.5935021744691737,0.2314481056948811,0.0439114863136352,4.8105845484778715,48,0,0.06689690457917626,
AE,7,2.0,k-medoides,4,0.3545251239901303,0.055768738807879255,4.802507035047327,0.22572949933569347,0.030416986441545158,4.833218214377079,4,0,0.2860066513174725,0.2928194657299728
AE,7,2.0,jerarquico completo,4,0.3557670883568935,0.05691992837042722,4.790227679713482,0.22579201016677808,0.030231517012023534,4.835124072652851,4,0,0.4204400102327961,
AE,7,2.0,k-medoides,8,0.4536924714678286,0.0900486057815298,4.560117677155283,0.22621576345736466,0.03269378357636224,4.830423381939115,8,0,0.14850345356868763,0.29471068725078814
AE,7,2.0,jerarquico completo,8,0.417209252428226,0.08045535942696341,4.714632898439499,0.22621411300637898,0.03262343310309542,4.831178050652341,8,0,0.24085443847531338,
AE,7,2.0,k-medoides,12,0.5223594847292022,0.11882834484522896,4.325530826298286,0.22649778426955164,0.033960092095165005,4.828671015605015,12,0,0.11690969557431569,0.321275227062713
AE,7,2.0,jerarquico completo,12,0.4611731405606582,0.09874648247633666,4.479918137631108,0.22642681487716518,0.033448452289588135,4.828440777692505,12,0,0.1849577897160399,
AE,7,2.0,k-medoides,16,0.5365657415888891,0.13737528779739064,4.187771808646713,0.22692834567045442,0.035546175492453314,4.8248273215656186,16,0,0.10539779994883602,0.31938305454141
AE,7,2.0,jerarquico completo,16,0.49582848513356276,0.12113072397032489,4.105781529803019,0.226797341123462,0.03553338449731389,4.824948836019443,16,0,0.11166538756715272,
AE,7,2.0,k-medoides,20,0.5838965497322143,0.14108467638782296,4.189434638014838,0.22747381972123884,0.03717063187515989,4.824085443847531,20,0,0.07738552059350218,0.34137444129464567
AE,7,2.0,jerarquico completo,20,0.5139999504864704,0.12970069071373752,3.9397544128933233,0.2273770620322003,0.03672934254284984,4.824392427730879,20,0,0.07674597083653108,
AE,7,2.0,k-medoides,24,0.6113352973700064,0.178562292146329,4.083013558454848,0.2279285189678079,0.038123561013046814,4.822704016372474,24,0,0.06497825530826298,0.3553446981362759
AE,7,2.0,jerarquico completo,24,0.5458866635308098,0.1508058326937836,3.8910207214121257,0.22779957748454766,0.038283448452289585,4.8211115374776154,24,0,0.06587362496802251,
AE,7,2.0,k-medoides,28,0.6275055909027142,0.1827833205423382,3.9295216167817855,0.2287139273306431,0.03927475057559478,4.818559733947302,28,0,0.057943207981580966,0.3709995368834809
AE,7,2.0,jerarquico completo,28,0.5544029906171861,0.15707342031210028,3.818495778971604,0.22846429661905115,0.03884625223842415,4.818566129444871,28,0,0.06587362496802251,
AE,7,2.0,k-medoides,32,0.6459452545408033,0.20120235354310564,3.9064978255308263,0.22898398237318346,0.040240470708621134,4.816967255052442,32,0,0.05282680992581223,0.37685659004077604
AE,7,2.0,jerarquico completo,32,0.5668267604122826,0.16564338705551293,3.785111281657713,0.22918513108706953,0.04013174724993605,4.818694039396265,32,0,0.06587362496802251,
AE,7,2.0,k-medoides,36,0.6492420303848027,0.21284215911997953,3.743412637503198,0.22977805560369374,0.041423637759017654,4.814108467638783,36,0,0.047582501918649274,0.40651428116111227
AE,7,2.0,jerarquico completo,36,0.577884782016686,0.1771552826809926,3.757226912253773,0.22982963219699784,0.041091071885392676,4.815368380660016,36,0,0.06587362496802251,
AE,7,2.0,k-medoides,40,0.6731653174229858,0.22448196469685341,3.795088257866462,0.23033714587511037,0.0426835507802507,4.813347403427987,40,0,0.04259401381427475,0.39649316454579125
AE,7,2.0,jerarquico completo,40,0.5832157387006,0.18124840112560758,3.7077257610642107,0.23031177019120475,0.041922486569455096,4.814748017395753,40,0,0.05704783832182144,
AE,7,2.0,k-medoides,44,0.6867691596728807,0.24149398823228446,3.5764901509337426,0.23093625958293104,0.043380660015349196,4.8118444614991045,44,0,0.040419544640573034,0.42774109349427514
AE,7,2.0,jerarquico completo,44,0.5865991632213502,0.18585315937579944,3.6344333589153237,0.2307080847341536,0.043419033000767465,4.81415323612177,44,0,0.05704783832182144,
AE,7,2.0,k-medoides,48,0.6793545086194803,0.24494755691992837,3.4090560245587107,0.23099196230369948,0.0442632386799693,4.809606037349705,48,0,0.03632642619595804,0.3999488679782098
AE,7,2.0,jerarquico completo,48,0.5959200851632709,0.19506267587618317,3.477615758506012,0.23150030120730491,0.04394985929905347,4.811543873113328,48,0,0.05487336914811972,
AE lineal,7,0.0,k-medoides,4,0.3995205439886449,0.09132770529547199,4.772831926323868,0.2257435281690722,0.03048733691481198,4.833902532617037,4,0,0.2742389357892044,0.31232991118356146
AE lineal,7,0.0,jerarquico completo,4,0.277688378349384,0.04067536454336147,4.774750575594782,0.22606309674118452,0.02876055257099002,4.834778715784088,4,0,0.8608339728830903,
AE lineal,7,0.0,k-medoides,8,0.4983041616121605,0.11409567664364288,4.7545408032744945,0.2261002318883635,0.03211179329751855,4.831548989511383,8,0,0.19826042466103863,0.33905437574677166
AE lineal,7,0.0,jerarquico completo,8,0.40926645705939146,0.08966487592734715,4.72013302634945,0.2262306175162363,0.032015860833972884,4.831568176004093,8,0,0.35213609618828345,
AE lineal,7,0.0,k-medoides,12,0.5660180394292741,0.12829368124840113,4.520977232028652,0.22663394647587456,0.03413916602711691,4.826790739319518,12,0,0.11396776669224866,0.37329281967975203
AE lineal,7,0.0,jerarquico completo,12,0.4601787438417548,0.12509593246354567,4.688667178306472,0.22664240503717642,0.033301355845484784,4.829777436684574,12,0,0.20926068048094143,
AE lineal,7,0.0,k-medoides,16,0.6137284512993175,0.15055001279099514,4.308902532617037,0.22693701053812956,0.03569966743412638,4.826055257099003,16,0,0.09132770529547199,0.3535613414958008
AE lineal,7,0.0,jerarquico completo,16,0.49407075483375834,0.14428242517267845,4.654771041187004,0.2270040601094249,0.03500255819902788,4.827615758506012,16,0,0.20926068048094143,
AE lineal,7,0.0,k-medoides,20,0.6240520222150703,0.16091071885392683,4.488871834228703,0.22740223140973273,0.036422358659503704,4.824443591711437,20,0,0.08761831670503965,0.3831852940812358
AE lineal,7,0.0,jerarquico completo,20,0.539305490225204,0.17152724481964696,4.5827577385520595,0.22775398377606684,0.036262471220260925,4.824661038628806,20,0,0.1330263494499872,
AE lineal,7,0.0,k-medoides,24,0.6378910537304319,0.17613200306983884,4.008442056792019,0.22789489102897367,0.038014837554361726,4.822486569455103,24,0,0.07495523151701203,0.37695682875362096
AE lineal,7,0.0,jerarquico completo,24,0.5580463611681892,0.18239959068815553,4.496418521360962,0.22813957038760843,0.03784855461754924,4.822927858787414,24,0,0.10833972883090305,
AE lineal,7,0.0,k-medoides,28,0.6565535282515947,0.21987720644666156,4.137375287797391,0.2284224164252882,0.03924277308774622,4.818674852903556,28,0,0.06395497569710923,0.39732911701210544
AE lineal,7,0.0,jerarquico completo,28,0.5799560980037796,0.1946789460220005,4.42056792018419,0.22869205885508218,0.03832821693527756,4.820005116398056,28,0,0.10833972883090305,
AE lineal,7,0.0,k-medoides,32,0.6757523993431205,0.22256331542594013,4.026861089792786,0.22909806979757213,0.04064978255308263,4.817958557175747,32,0,0.05065234075211052,0.38366563205009097
AE lineal,7,0.0,jerarquico completo,32,0.5989404104671602,0.21028396009209516,4.33051931440266,0.2291550103565799,0.0391660271169097,4.818841135840369,32,0,0.09721156305960604,
AE lineal,7,0.0,k-medoides,36,0.6734871553652035,0.24891276541314913,3.9351496546431313,0.2296953267480339,0.04112304937324124,4.817152724481965,36,0,0.06536198516244564,0.3836088256316431
AE lineal,7,0.0,jerarquico completo,36,0.611368306389721,0.2180864671271425,4.292657968789972,0.22985624571914273,0.040432335635712455,4.816922486569455,36,0,0.08710667689946278,
AE lineal,7,0.0,k-medoides,40,0.6933049455763788,0.23624968022512152,3.5457917625991304,0.23025297287483806,0.042133537989255565,4.815131747249936,40,0,0.05512918905090816,0.38901907838020755
AE lineal,7,0.0,jerarquico completo,40,0.6278769423745039,0.22806344333589154,4.1870043489383475,0.23023770620322,0.041257354822205175,4.815195702225632,40,0,0.08710667689946278,
AE lineal,7,0.0,k-medoides,44,0.6926860264567293,0.27168073676132004,3.6588641596316194,0.2309443055314865,0.04336147352264006,4.814178818112049,44,0,0.04438475313379381,0.4225223232210199
AE lineal,7,0.0,jerarquico completo,44,0.6414766584969342,0.2444359171143515,4.148503453568687,0.2310066100561979,0.0430928626247122,4.81415323612177,44,0,0.07751343054489639,
AE lineal,7,0.0,k-medoides,48,0.7062939948340884,0.2825530826298286,3.5863392171910973,0.23160159763655414,0.04412893323100537,4.811288053210539,48,0,0.0401637247377846,0.40321492700787426
AE lineal,7,0.0,jerarquico completo,48,0.6473481378786754,0.24916858531593758,4.1160143259145565,0.23181244274998142,0.0434382194934766,4.81018163213098,48,0,0.07751343054489639,
AE lineal,7,1.0,k-medoides,4,0.37032819217851276,0.0796878997185981,4.808135072908672,0.2257468290710436,0.030532105397799946,4.8339600920951655,4,0,0.30084420567920184,0.2654288773507495
AE lineal,7,1.0,jerarquico completo,4,0.2779813333993514,0.05730365822460987,4.77590176515733,0.22600863185865533,0.029457661806088508,4.835399079048349,4,0,0.7244819646968534,
AE lineal,7,1.0,k-medoides,8,0.45035030822172156,0.10654898951138399,4.785878741366078,0.22610373909670814,0.03239959068815553,4.830608851368637,8,0,0.17651573292402148,0.3165351016793495
AE lineal,7,1.0,jerarquico completo,8,0.4006304722765496,0.10770017907393195,4.694423126119212,0.22613984271202106,0.03207981580966999,4.831580966999233,8,0,0.2764134049629061,
AE lineal,7,1.0,k-medoides,12,0.5224048721313099,0.1204911742133538,4.547582501918649,0.22664199242442992,0.03374904067536454,4.82830007674597,12,0,0.13737528779739064,0.34047630093427605
AE lineal,7,1.0,jerarquico completo,12,0.4658975565073156,0.12688667178306473,4.63673573804042,0.22663807260333887,0.033781018163213106,4.829502430289076,12,0,0.17331798413916602,
AE lineal,7,1.0,k-medoides,16,0.5636537683922132,0.15336403172166796,4.541314914300332,0.22696465559214057,0.035290355589664875,4.82523663341008,16,0,0.09631619339984651,0.3580350542161219
AE lineal,7,1.0,jerarquico completo,16,0.48382145421236356,0.14006139677666923,4.5346635968278335,0.2272169682865844,0.03463801483755436,4.82677794832438,16,0,0.17331798413916602,
AE lineal,7,1.0,k-medoides,20,0.5969681215392106,0.15822460987464826,4.497058071117933,0.22754437650087883,0.03683806600153492,4.824661038628806,20,0,0.09401381427475057,0.36200025221376125
AE lineal,7,1.0,jerarquico completo,20,0.5196073577104944,0.15016628293681247,4.445766180608851,0.22767331798413917,0.035961882834484524,4.8255819902788435,20,0,0.17331798413916602,
AE lineal,7,1.0,k-medoides,24,0.6109268107510377,0.18099258122281914,4.231517012023535,0.22816350192690155,0.037688667178306476,4.821706318751599,24,0,0.07994371962138655,0.391585238767267
AE lineal,7,1.0,jerarquico completo,24,0.5348121374165491,0.1627014581734459,4.422358659503709,0.22835701730497862,0.03749040675364543,4.821853415195703,24,0,0.17331798413916602,
AE lineal,7,1.0,k-medoides,28,0.6427557580108765,0.20593502174469175,4.037733435661295,0.22853856691340907,0.039089281146073164,4.819538245075466,28,0,0.06868764389869532,0.38531599162071506
AE lineal,7,1.0,jerarquico completo,28,0.5627336419676676,0.1863647991813763,4.366973650550013,0.22904216077043055,0.03797646456894346,4.81992197492965,28,0,0.12368892299820926,
AE lineal,7,1.0,k-medoides,32,0.6505871479381741,0.20874904067536454,4.10642107955999,0.22930355094529578,0.03996546431312357,4.817408544384753,32,0,0.05768738807879253,0.39355010650504096
AE lineal,7,1.0,jerarquico completo,32,0.5794155753059523,0.19506267587618317,4.332565873624968,0.2294900519066835,0.039261959580455356,4.81749168585316,32,0,0.12368892299820926,
AE lineal,7,1.0,k-medoides,36,0.6711476410929287,0.22499360450243028,3.8012279355333844,0.2295036681273158,0.041027116909695585,4.815662573548221,36,0,0.044001023279611154,0.38844526273589
AE lineal,7,1.0,jerarquico completo,36,0.5921694352981952,0.20312100281401893,4.210795599897672,0.2295940303187846,0.040752110514198005,4.817056792018419,36,0,0.12368892299820926,
AE lineal,7,1.0,k-medoides,40,0.6881018988438591,0.238296239447429,3.8801483755436172,0.23008689624439876,0.042498081350729085,4.815681760040931,40,0,0.044001023279611154,0.38695712422420947
AE lineal,7,1.0,jerarquico completo,40,0.6049563043101528,0.21565617805065235,4.181760040931184,0.2305089990839997,0.041340496290611414,4.8146009209516505,40,0,0.12368892299820926,
AE lineal,7,1.0,k-medoides,44,0.6858036458462274,0.25658736249680225,3.691481197237145,0.23062927569958486,0.04325275006395497,4.812547966231772,44,0,0.05039652084932208,0.4118491323309859
AE lineal,7,1.0,jerarquico completo,44,0.6256034461416582,0.2339473011000256,4.1738296239447426,0.23075264691076836,0.04293297518546943,4.812950882578665,44,0,0.07367613200306984,
AE lineal,7,1.0,k-medoides,48,0.6946789460220005,0.25799437196213865,3.533000767459708,0.23157209582518426,0.04412893323100538,4.8104758250191875,48,0,0.0436172934254285,0.41264145916703776
AE lineal,7,1.0,jerarquico completo,48,0.6311324569438599,0.2417498081350729,4.122793553338449,0.23140065522904138,0.04345740598618573,4.811383985674086,48,0,0.07367613200306984,
AE lineal,7,2.0,k-medoides,4,0.38829335115820396,0.0734203121002814,4.779994883601944,0.22579489845600312,0.03046175492453313,4.835053722179585,4,0,0.30135584548477873,0.3212390153617699
AE lineal,7,2.0,jerarquico completo,4,0.28509890327532,0.06075722691225377,4.787669480685597,0.22592198318190446,0.02987976464568944,4.835104886160144,4,0,0.5120235354310565,
AE lineal,7,2.0,k-medoides,8,0.4786761732643445,0.10296751087234587,4.601560501407009,0.2260998192756171,0.03232924021488871,4.831478639038116,8,0,0.20529547198772063,0.34155707574442196
AE lineal,7,2.0,jerarquico completo,8,0.35133150133273916,0.09222307495523152,4.718981836786902,0.22629106528358872,0.031568176004093125,4.831766436428754,8,0,0.32322844717319005,
AE lineal,7,2.0,k-medoides,12,0.5463817988265294,0.14108467638782296,4.267459708365311,0.22644847704635293,0.03428626247122026,4.8282041442824255,12,0,0.1447940649782553,0.38714107957579835
AE lineal,7,2.0,jerarquico completo,12,0.4350918888586306,0.1322588897416219,4.4630340240470705,0.22668676090741796,0.033742645177794836,4.829617549245332,12,0,0.21795855717574827,
AE lineal,7,2.0,k-medoides,16,0.5900114706343509,0.16858531593757994,4.194934765924789,0.22705852499195403,0.03516244563827066,4.826151189562548,16,0,0.08902532617037605,0.3926867424215302
AE lineal,7,2.0,jerarquico completo,16,0.4639582765990807,0.15208493220772576,4.388462522384241,0.22712454303138335,0.03502174469173701,4.82699539524175,16,0,0.21795855717574827,
AE lineal,7,2.0,k-medoides,20,0.6197856064169535,0.18738807879253006,4.018163213097979,0.22751900081697324,0.03654387311332822,4.823030186748531,20,0,0.08953696597595293,0.43438439143008384
AE lineal,7,2.0,jerarquico completo,20,0.51034007542561,0.17651573292402148,4.346124328472755,0.22777296396240274,0.03599386032233308,4.8246418521360965,20,0,0.15822460987464826,
AE lineal,7,2.0,k-medoides,24,0.6360755576461268,0.20862113072397032,3.764134049629061,0.22808716856881145,0.03834100793041698,4.822595292913789,24,0,0.06664108467638782,0.43219722592429266
AE lineal,7,2.0,jerarquico completo,24,0.5541017833122901,0.19966743412637503,4.2614479406497825,0.2281406019194745,0.03728575083141468,4.821041187004349,24,0,0.15822460987464826,
AE lineal,7,2.0,k-medoides,28,0.6502446793586347,0.20772576106421078,3.8383218214377077,0.22854785070020384,0.03903172166794576,4.819736505500129,28,0,0.07252494244052188,0.43741438720995335
AE lineal,7,2.0,jerarquico completo,28,0.570086401109103,0.2035047326682016,4.118956254796623,0.22888701837777176,0.03836019442312612,4.8210028140189305,28,0,0.08646712714249169,
AE lineal,7,2.0,k-medoides,32,0.6591406101717294,0.2356101304681504,3.6982604246610387,0.22943228612218286,0.0401061652596572,4.818201586083397,32,0,0.06216423637759018,0.44620644266480974
AE lineal,7,2.0,jerarquico completo,32,0.5804388549171061,0.21476080839089282,4.039652084932207,0.22909353105736147,0.03898695318495778,4.818847531337939,32,0,0.08569966743412638,
AE lineal,7,2.0,k-medoides,36,0.6704379471690639,0.250575594781274,3.620107444359171,0.22983169526073,0.041110258378101824,4.817817856229214,36,0,0.06408288564850345,0.4435880690780716
AE lineal,7,2.0,jerarquico completo,36,0.6007394020416079,0.22141212586339218,3.9723714504988488,0.22982756913326569,0.0406881555385009,4.816660271169097,36,0,0.08569966743412638,
AE lineal,7,2.0,k-medoides,40,0.6808976802911395,0.25748273215656176,3.6891788181120493,0.23019850799230887,0.04173701713993348,4.814907904834997,40,0,0.04528012279355334,0.44627344430210586
AE lineal,7,2.0,jerarquico completo,40,0.6181929212157222,0.2389357892044001,3.9288820670248144,0.2304823855618548,0.041250959324635454,4.8150550012791005,40,0,0.07175748273215656,
AE lineal,7,2.0,k-medoides,44,0.6939898827354575,0.26490150933742646,3.5239191609107188,0.2308921100190627,0.04321437707853672,4.8131299565106165,44,0,0.04476848298797646,0.46274705561017515
AE lineal,7,2.0,jerarquico completo,44,0.6283349425230444,0.24955231517012025,3.859426963417754,0.23111471459576327,0.042031210028140184,4.811320030698388,44,0,0.06779227423893579,
AE lineal,7,2.0,k-medoides,48,0.7051758142912551,0.27615758506011767,3.4919416730621644,0.23135629935879978,0.04452545408032745,4.811025837810181,48,0,0.03491941673062164,0.45844952244008447
AE lineal,7,2.0,jerarquico completo,48,0.6405936672195678,0.2542849833717063,3.8287285750831415,0.23166864720784958,0.043738807879253,4.810443847531338,48,0,0.06779227423893579,
PCA,7,,k-medoides,4,0.4624439878196717,0.0740598618572525,4.826937835763623,0.2258151164805783,0.030141980046047585,4.834433358915323,4,0,0.3213097979022768,0.521922695149972
PCA,7,,jerarquico completo,4,0.4086145289200274,0.08429265796878997,4.82655410590944,0.2258353345051535,0.030289076490150935,4.8353798925556415,4,0,0.45945254540803276,
PCA,7,,k-medoides,8,0.5788750526081252,0.10220005116398055,4.805832693783576,0.2260954868417795,0.03226528523919161,4.830493732412381,8,0,0.20823740086978768,0.6180332465794333
PCA,7,,jerarquico completo,8,0.5697067973823847,0.117677155282681,4.7820414428242515,0.22625743734475448,0.03236121770273727,4.829719877206447,8,0,0.19915579432079816,
PCA,7,,k-medoides,12,0.6155893347857302,0.13059606037349705,4.7431568176004095,0.2266056825027439,0.03417114351496547,4.82878613456127,12,0,0.14070094653364032,0.6791099135964914
PCA,7,,jerarquico completo,12,0.5896772543097402,0.13545663852647735,4.758506011767715,0.22653987076968782,0.034043233563571244,4.827807623433103,12,0,0.12471220260936301,
PCA,7,,k-medoides,16,0.6282317893364362,0.1435149654643131,4.669736505500128,0.22707482319543817,0.03577001790739319,4.82523023791251,16,0,0.10910718853926836,0.6419416061780511
PCA,7,,jerarquico completo,16,0.6072628095627131,0.14760808390892813,4.751598874392427,0.22699477632263015,0.03539268355078025,4.827110514198004,16,0,0.12471220260936301,
PCA,7,,k-medoides,20,0.6352214492610105,0.15528268099258122,4.658736249680225,0.22755902425337723,0.03715144538245076,4.825850601176772,20,0,0.09439754412893323,0.6069687122706764
PCA,7,,jerarquico completo,20,0.6146444515963987,0.1627014581734459,4.696341775390126,0.2276355639178405,0.036128165771297,4.824270913277053,20,0,0.10399079048349961,
PCA,7,,k-medoides,24,0.6464651466013088,0.16781785622921463,4.609618828344845,0.22800382079403197,0.038552059350217445,4.821130723970326,24,0,0.07303658224609874,0.5783090703357903
PCA,7,,jerarquico completo,24,0.6204210300464602,0.17088769506267587,4.6800972115630595,0.2282404542041113,0.037707853671015604,4.822748784855461,24,0,0.0949091839345101,
PCA,7,,k-medoides,28,0.6480165705278967,0.18214377078536712,4.456510616525966,0.2286289291048779,0.03919160910718854,4.819352775645945,28,0,0.07175748273215656,0.5711896426463932
PCA,7,,jerarquico completo,28,0.6305878081185684,0.181504221028396,4.654259401381427,0.22839621551588968,0.03814274750575595,4.81924405218726,28,0,0.0949091839345101,
PCA,7,,k-medoides,32,0.6635225575388475,0.1871322588897416,4.333205423381939,0.2291343797192583,0.04029163468917882,4.8169033000767465,32,0,0.054105909439754414,0.6050866838917438
PCA,7,,jerarquico completo,32,0.6375362067684995,0.19403939626502942,4.625479662317728,0.2291343797192583,0.03950498848810437,4.8193463801483745,32,0,0.0949091839345101,
PCA,7,,k-medoides,36,0.6672855857863161,0.20414428242517269,4.483755436172935,0.22957525643882187,0.04082885648503455,4.816206190841648,36,0,0.05768738807879253,0.5601043234445289
PCA,7,,jerarquico completo,36,0.6445176144381453,0.20133026349449987,4.570478383218214,0.22988017725843587,0.04061780506523407,4.815822460987465,36,0,0.0949091839345101,
PCA,7,,k-medoides,40,0.6758266696374784,0.20606293169608594,4.330647224354054,0.23016137284513,0.0426195958045536,4.814076490150933,40,0,0.04745459196725505,0.5797381126777489
PCA,7,,jerarquico completo,40,0.6519198871091526,0.204911742133538,4.557175748273216,0.23006213947961282,0.041609107188539274,4.81434510104886,40,0,0.0949091839345101,
PCA,7,,k-medoides,44,0.6829855007880904,0.21706318751598874,4.21437707853671,0.23118093894156577,0.04302251215144538,4.8117357380404195,44,0,0.04348938347403428,0.5636633316592121
PCA,7,,jerarquico completo,44,0.6534589326533475,0.20926068048094143,4.548349961627014,0.23084837306794084,0.04206318751598874,4.810367101560501,44,0,0.0949091839345101,
PCA,7,,k-medoides,48,0.6817187796565412,0.21591199795344077,4.068815553850089,0.23145635794980976,0.04416730621642363,4.810610130468151,48,0,0.04029163468917882,0.5694923303584272
PCA,7,,jerarquico completo,48,0.6612408090510732,0.21552826809925812,4.494627782041443,0.23177076886259168,0.04329112304937324,4.811914811972372,48,0,0.062292146328984395,
MCA,7,,k-medoides,4,0.40838759190948926,0.09542082374008698,4.823612177027373,0.22580026242170675,0.03048094141724226,4.833787413660782,4,0,0.34382194934765925,0.47894916485416694
MCA,7,,jerarquico completo,4,0.2672327713547727,0.0553850089536966,4.814402660526989,0.225956848958978,0.02902916346891788,4.834976976208749,4,0,0.8422870299309286,
MCA,7,,k-medoides,8,0.5372011652183959,0.11409567664364288,4.800716295727808,0.22607630034907036,0.032239703248912774,4.829751854694294,8,0,0.25518035303146586,0.6654995699680258
MCA,7,,jerarquico completo,8,0.4247105521583773,0.08889741621898184,4.790227679713482,0.22629127158996193,0.03142747505755948,4.831325147096444,8,0,0.48989511383985673,
MCA,7,,k-medoides,12,0.5785862236856221,0.12727040163724737,4.7718086467127145,0.22667355729953212,0.03426707597851113,4.82786518291123,12,0,0.12087490406753645,0.6861375371783148
MCA,7,,jerarquico completo,12,0.5347337409947268,0.1302123305193144,4.767331798413917,0.22661888611062975,0.0332565873624968,4.828754157073421,12,0,0.20657457150166283,
MCA,7,,k-medoides,16,0.5945625892275064,0.1391660271169097,4.754796623177283,0.2268932735870076,0.03557815298030187,4.825575594781274,16,0,0.11754924533128677,0.6727537344843153
MCA,7,,jerarquico completo,16,0.5439515097500393,0.13558454847787157,4.749808135072909,0.22703603759727345,0.034548477871578415,4.826311077001791,16,0,0.20657457150166283,
MCA,7,,k-medoides,20,0.5931308229973841,0.1508058326937836,4.7408544384753135,0.22747773954232997,0.03649270913277053,4.823829623944744,20,0,0.11332821693527756,0.681667510731729
MCA,7,,jerarquico completo,20,0.5465963574546745,0.13891020721412126,4.749168585315938,0.22776450540110083,0.03553338449731389,4.823151701202353,20,0,0.20657457150166283,
MCA,7,,k-medoides,24,0.6053441602917997,0.16717830647224355,4.713993348682528,0.22815236138274786,0.037835763622409826,4.821635968278331,24,0,0.10066513174724993,0.69690636826877
MCA,7,,jerarquico completo,24,0.5557357297881647,0.15055001279099514,4.739959068815554,0.2284370641777866,0.036818879508825786,4.823100537221796,24,0,0.20657457150166283,
MCA,7,,k-medoides,28,0.6122017841375156,0.1725505244308007,4.75773855205935,0.22868586966388565,0.03894218470196982,4.820005116398056,28,0,0.08326937835763622,0.6655867657635486
MCA,7,,jerarquico completo,28,0.5602001997045692,0.15528268099258122,4.731389102072141,0.22891528235090242,0.037292146328984394,4.821111537477616,28,0,0.20657457150166283,
MCA,7,,k-medoides,32,0.6171077496926035,0.18214377078536712,4.714121258633922,0.22900213733402658,0.03952417498081351,4.817990534663598,32,0,0.10539779994883602,0.6395429470641227
MCA,7,,jerarquico completo,32,0.5647059308956173,0.16116653875671527,4.69953952417498,0.22926600318537044,0.03871834228702993,4.817581222819135,32,0,0.20324891276541315,
MCA,7,,k-medoides,36,0.6115828650178662,0.18585315937579944,4.673190074187771,0.2296517961032852,0.04122537733435662,4.816820158608339,36,0,0.072013302634945,0.6047585021879992
MCA,7,,jerarquico completo,36,0.5676767426699345,0.16385264773599387,4.694295216167818,0.22991566195462906,0.03945382450754669,4.817715528268099,36,0,0.20324891276541315,
MCA,7,,k-medoides,40,0.6258097525148747,0.19429521616781786,4.691225377334357,0.23021459988941978,0.04157712970069072,4.815118956254795,40,0,0.07418777180864672,0.6105082107071639
MCA,7,,jerarquico completo,40,0.5731603660700286,0.16999232540291634,4.673317984139166,0.23062102344465624,0.0397544128933231,4.8151125607572265,40,0,0.1987720644666155,
MCA,7,,k-medoides,44,0.6254053920233704,0.19352775645945255,4.617421335379893,0.2309944379801781,0.042606804809414166,4.813200306983884,44,0,0.06971092350984906,0.6001373687295473
MCA,7,,jerarquico completo,44,0.576457141914028,0.17459708365310822,4.66615502686109,0.2309430676932472,0.04124456382706575,4.813948580199539,44,0,0.1987720644666155,
MCA,7,,k-medoides,48,0.6300761683129915,0.21015605014070093,4.629061140956766,0.2312713011330346,0.04417370171399335,4.811013046815042,48,0,0.05231517012023536,0.6111826932963177
MCA,7,,jerarquico completo,48,0.5772782412794296,0.1793297518546943,4.655282680992581,0.2313325741258799,0.04159631619339985,4.812669480685598,48,0,0.1987720644666155,
OM,0,,k-medoides,4,0.4586108154053095,0.08301355845484779,4.820670248145306,0.22577055430396356,0.030538500895369664,4.833371706318752,4,0,0.28242517267843437,0.4490925986803733
OM,0,,jerarquico completo,4,0.3468917881811205,0.07111793297518547,4.810053722179585,0.2258380164880054,0.029892555640828856,4.8355461754924525,4,0,0.5177794832437964,
OM,0,,k-medoides,8,0.5882124790599031,0.10296751087234587,4.8009721156305964,0.22614396883948537,0.03247633665899207,4.831050140700946,8,0,0.20337682271680738,0.6297852395995176
OM,0,,jerarquico completo,8,0.5183035014317662,0.10821181887950883,4.788820670248145,0.22616233010670167,0.0322652852391916,4.831696085955487,8,0,0.33947301100025584,
OM,0,,k-medoides,12,0.6219765801005125,0.1281657712970069,4.756715272448196,0.22659268520123121,0.03420951650038374,4.8285239191609115,12,0,0.14799181376311077,0.5535491750507922
OM,0,,jerarquico completo,12,0.5932215978015993,0.12765413149143004,4.7765413149143,0.22642392658794014,0.03392171910974674,4.829873369148119,12,0,0.15118956254796623,
OM,0,,k-medoides,16,0.6574241411465683,0.15246866206190843,4.749040675364544,0.22705377994537007,0.03582118188795088,4.824290099769763,16,0,0.10373497058071118,0.5367689003373928
OM,0,,jerarquico completo,16,0.609829260845526,0.1462010744435917,4.738807879253006,0.22696713126861914,0.034944998720900476,4.824577897160399,16,0,0.15118956254796623,
OM,0,,k-medoides,20,0.6753727956164022,0.1738296239447429,4.662317728319263,0.22731682057122105,0.03706830391404451,4.823554617549246,20,0,0.0851880276285495,0.5399742918376803
OM,0,,jerarquico completo,20,0.6348418455342922,0.17562036326426195,4.713609618828345,0.2274897053119765,0.03620491174213354,4.8235162445638275,20,0,0.12343310309542083,
OM,0,,k-medoides,24,0.6927561706236229,0.1766436428754157,4.657457150166283,0.22827490736843842,0.03766308518802763,4.821725505244308,24,0,0.08096699923254029,0.5246930206362937
OM,0,,jerarquico completo,24,0.6507026795071753,0.19135328728575082,4.695830135584549,0.22833452991029804,0.037113072397032494,4.823081350729087,24,0,0.12343310309542083,
OM,0,,k-medoides,28,0.7063104993439457,0.19826042466103863,4.662061908416475,0.22857302007773622,0.039114863136352006,4.8198516244563825,28,0,0.0665131747249936,0.5702891781350717
OM,0,,jerarquico completo,28,0.6638196387162792,0.19710923509849065,4.6777948324379635,0.22865616154614252,0.038309030442568434,4.819794064978255,28,0,0.1004093118444615,
OM,0,,k-medoides,32,0.7107790953878147,0.19378357636224097,4.450498848810438,0.22900915175071587,0.04034919416730622,4.819090560245588,32,0,0.0644666155026861,0.5447930565861097
OM,0,,jerarquico completo,32,0.6784756434695781,0.20951650038372985,4.645817344589409,0.22927116084470084,0.03963289843949859,4.818674852903556,32,0,0.1004093118444615,
OM,0,,k-medoides,36,0.7186641249721486,0.21898183678690203,4.556792018419033,0.2299461952978652,0.04107828089025327,4.816737017139934,36,0,0.06728063443335891,0.530609441594049
OM,0,,jerarquico completo,36,0.6896615750253757,0.21987720644666156,4.6308518802762855,0.22997693494747443,0.040266052698899976,4.816308518802764,36,0,0.09567664364287541,
OM,0,,k-medoides,40,0.7353089231632544,0.23279611153747762,4.481708876950627,0.23025771792142208,0.041768994627782045,4.816327705295471,40,0,0.050012790995139424,0.553931417295871
OM,0,,jerarquico completo,40,0.6957228562704759,0.22691225377334356,4.619851624456382,0.23011206562193118,0.04135328728575083,4.814824763366589,40,0,0.09196725505244308,
OM,0,,k-medoides,44,0.7358494458610816,0.24187771808646713,4.450370938859043,0.23071138563612506,0.04348298797646456,4.813219493476592,44,0,0.04822205167562036,0.5566877430561216
OM,0,,jerarquico completo,44,0.7038967147773129,0.2334356612944487,4.614095676643643,0.23124592544912895,0.04211435149654643,4.812464824763366,44,0,0.09196725505244308,
OM,0,,k-medoides,48,0.7440521872601689,0.2320286518291123,4.266180608851369,0.2314037498246396,0.04402660526989,4.811607828089025,48,0,0.05257099002302379,0.5470860076677476
OM,0,,jerarquico completo,48,0.7080434728789642,0.2403427986697365,4.595676643642875,0.2314287128957988,0.04282425172678435,4.811192120746993,48,0,0.08966487592734715,
One-hot (Hamming),0,,k-medoides,4,0.4746820818788734,0.07623433103095421,4.816193399846508,0.22573176870579886,0.030378613456126892,4.834247889485802,4,0,0.3147863903811717,0.33948099090071343
One-hot (Hamming),0,,jerarquico completo,4,0.26158822898356976,0.03619851624456383,4.762727040163725,0.22603854628277179,0.029080327449475567,4.835475825019187,4,0,0.90752110514198,
One-hot (Hamming),0,,k-medoides,8,0.6012221589549345,0.09567664364287541,4.797774366845741,0.22610910306241178,0.03248912765413149,4.831593757994372,8,0,0.20120235354310564,0.5390174410609708
One-hot (Hamming),0,,jerarquico completo,8,0.3601366573416186,0.072013302634945,4.640828856485035,0.22646374371797093,0.031133282169352777,4.832642619595804,8,0,0.6905858275773855,
One-hot (Hamming),0,,k-medoides,12,0.6492255258749453,0.12215400358147864,4.707469941161422,0.22643444821297418,0.03391532361217703,4.829585571757482,12,0,0.13520081862368893,0.5746220397173099
One-hot (Hamming),0,,jerarquico completo,12,0.4117256290281319,0.09119979534407777,4.4258122281913534,0.22680951319948178,0.032994371962138655,4.829726272704017,12,0,0.5693271936556664,
One-hot (Hamming),0,,k-medoides,16,0.6696869919705559,0.14696853415195701,4.606037349705807,0.22706780877874883,0.03553338449731389,4.826144794064978,16,0,0.1225377334356613,0.504210932653694
One-hot (Hamming),0,,jerarquico completo,16,0.4609627080599774,0.1184446149910463,4.271041187004349,0.22759017651573293,0.03435661294448708,4.827954719877206,16,0,0.4586850856996674,
One-hot (Hamming),0,,k-medoides,20,0.6897399714471979,0.1627014581734459,4.671143514965464,0.22744803142458675,0.03689562547966232,4.822505755947813,20,0,0.09797902276797135,0.5043742555922682
One-hot (Hamming),0,,jerarquico completo,20,0.49883643205505906,0.13584036838066002,4.220005116398056,0.22778678648940823,0.03568687643898695,4.824437196213865,20,0,0.38129956510616525,
One-hot (Hamming),0,,k-medoides,24,0.70523770620322,0.17127142491685854,4.575466871322589,0.22813214335817267,0.03811077001790739,4.820906881555386,24,0,0.07047838321821438,0.5027577587198763
One-hot (Hamming),0,,jerarquico completo,24,0.6005165911585341,0.16538756715272449,4.178818112049117,0.22834154432698733,0.03780378613456127,4.8229790227679725,24,0,0.1627014581734459,
One-hot (Hamming),0,,k-medoides,28,0.72053326071349,0.19429521616781786,4.615758506011768,0.2285691002566451,0.03918521360961883,4.820612688667179,28,0,0.06753645433614736,0.5172326272994557
One-hot (Hamming),0,,jerarquico completo,28,0.6263337707028446,0.1834228702993093,4.024174980813507,0.22881543006626565,0.038711946789460217,4.819212074699412,28,0,0.0920951650038373,
One-hot (Hamming),0,,k-medoides,32,0.7338482740408817,0.20273727295983626,4.508058326937836,0.22908940492989713,0.04035558966487593,4.817555640828856,32,0,0.0693271936556664,0.5239285267517988
One-hot (Hamming),0,,jerarquico completo,32,0.6635184314113831,0.2000511639805577,3.784599641852136,0.22902235535860171,0.039658480429777446,4.818962650294194,32,0,0.06804809414172423,
One-hot (Hamming),0,,k-medoides,36,0.7398022759719093,0.21501662829368126,4.382322844717319,0.22943888792612582,0.04070734203121003,4.816852136096189,36,0,0.07585060117677156,0.5022557408629957
One-hot (Hamming),0,,jerarquico completo,36,0.681991104069187,0.22038884625223842,3.535303146584804,0.22979827362826893,0.041788181120491166,4.8161550268610895,36,0,0.0588385776413405,
One-hot (Hamming),0,,k-medoides,40,0.7502124955644129,0.23433103095420824,4.475825019186493,0.23047537114516542,0.042012023535431056,4.814690457917626,40,0,0.05512918905090816,0.5015298867856208
One-hot (Hamming),0,,jerarquico completo,40,0.6893067280634433,0.23228447173190075,3.389357892044001,0.23030042334067785,0.04254284983371706,4.814108467638782,40,0,0.053082629828600666,
One-hot (Hamming),0,,k-medoides,44,0.7530058838577641,0.23305193144026606,4.315553850089537,0.23097050644088496,0.043118444614991036,4.813692760296751,44,0,0.05858275773855206,0.4901349252779095
One-hot (Hamming),0,,jerarquico completo,44,0.6978478119146057,0.2444359171143515,3.388846252238424,0.23109594071580059,0.04261320030698388,4.812490406753645,44,0,0.053082629828600666,
One-hot (Hamming),0,,k-medoides,48,0.7658463925267579,0.24430800716295728,4.199795344077769,0.23145615164343664,0.04417370171399335,4.81169096955743,48,0,0.0553850089536966,0.49173614762383616
One-hot (Hamming),0,,jerarquico completo,48,0.7053862467919358,0.2527500639549757,3.3747761575850603,0.23175777156107907,0.044429521616781785,4.809829879764646,48,0,0.05039652084932208,
