run_id,algo,space,params,eligible,n_fit,silhouette_mean,silhouette_std,calinski_harabasz,davies_bouldin,stability_ari,prototype_fidelity,spatial_coherence,largest_share,size_entropy,noise_frac,k_effective,bic,aic,cophenetic_corr,merge_gap
kmeans__k=2__space=raw,kmeans,raw,"{""k"": 2}",True,107362,0.2950408390897824,0.0013096655701204,43105.70069440971,1.5147664525593791,0.9831492752681686,0.1063833828979771,0.3032819082758723,0.5256049626497271,0.9981074698564908,0.0,2,,,,
kmeans__k=3__space=raw,kmeans,raw,"{""k"": 3}",True,107362,0.3104350379179621,0.0014853545452245,37970.14085158137,1.3932391134444864,0.9800770146782066,0.1119757226397463,0.4147813075944067,0.4588867569531119,0.9372105308371286,0.0,3,,,,
kmeans__k=4__space=raw,kmeans,raw,"{""k"": 4}",True,107362,0.3281332486019394,0.0011208849732748,38848.96803154835,1.2949170930307965,0.8515685131938837,0.1382277592170077,0.4519403924755588,0.3223952608930534,0.9789651024176472,0.0,4,,,,
kmeans__k=5__space=raw,kmeans,raw,"{""k"": 5}",True,107362,0.3835965854452289,0.001043791721778,42534.06587409096,1.0768123937793697,0.9952228378819544,0.1527597786149528,0.4463115698423019,0.3287382872897301,0.9677446952407298,0.0,5,,,,
kmeans__k=6__space=raw,kmeans,raw,"{""k"": 6}",True,107362,0.4037834600547996,0.0008030078862724,40618.64526887414,1.1356336367486757,0.932914683141226,0.1487075302361699,0.4515428295451221,0.3276764590823569,0.9372415001450872,0.0,6,,,,
kmeans__k=7__space=raw,kmeans,raw,"{""k"": 7}",True,107362,0.4250268359118079,0.0014589469917963,40140.425276445385,1.1012883954589516,0.9024263401109892,0.1538674527869361,0.4703096661521218,0.2418267170879827,0.9600440921629348,0.0,7,,,,
kmeans__k=8__space=raw,kmeans,raw,"{""k"": 8}",True,107362,0.4333444589628054,0.000999550500687,38662.78778282801,1.054962338005646,0.7736888018305498,0.1742349232851861,0.4943286095675612,0.1911383916096943,0.9591947987621048,0.0,8,,,,
kmeans__k=9__space=raw,kmeans,raw,"{""k"": 9}",True,107362,0.4375977648150374,0.0012720384931178,37825.38542026884,1.1202879842002242,0.839534024050517,0.1751390644498856,0.5189169342519079,0.1911570201747359,0.9633117879267536,0.0,9,,,,
kmeans__k=10__space=raw,kmeans,raw,"{""k"": 10}",True,107362,0.4241128026724178,0.0020988212584551,37215.74690651389,1.2084370825405375,0.8499140342244821,0.1781878393272351,0.5197166356793042,0.1880739926603453,0.9734033165622278,0.0,10,,,,
kmeans__k=12__space=raw,kmeans,raw,"{""k"": 12}",True,107362,0.4412259078815397,0.0022952347977956,35354.49766326433,1.1398262351081307,0.9047641744987656,0.1859045709601379,0.5290638692690619,0.1870587358655762,0.9452877352455816,0.0,12,,,,
kmeans__k=14__space=raw,kmeans,raw,"{""k"": 14}",True,107362,0.4714881892681504,0.0015791693007538,35334.53321254097,1.0531950581498712,0.891610547167588,0.2017623678749568,0.5413262981137534,0.1841899368491645,0.9295630627220696,0.0,14,,,,
kmeans__k=16__space=raw,kmeans,raw,"{""k"": 16}",True,107362,0.4929345114085078,0.0019731354834415,34609.516869110426,0.9601008502314008,0.8693798351498567,0.2270255423347223,0.545632039048149,0.1760678824910117,0.928779587137486,0.0,16,,,,
kmeans__k=18__space=raw,kmeans,raw,"{""k"": 18}",True,107362,0.5020788066324224,0.0029802485144488,34401.06887138251,0.9510447922441384,0.8331899305926777,0.2233207880344661,0.5622902372592284,0.1718205696615189,0.9256220282545258,0.0,18,,,,
kmeans__k=20__space=raw,kmeans,raw,"{""k"": 20}",True,107362,0.5150173653712953,0.0020741786728855,34618.87105190344,0.90446636629768,0.8613023743307632,0.2291323893970682,0.5565813435497537,0.1834913656601032,0.9030063714503446,0.0,20,,,,
kmeans__k=2__space=standard,kmeans,standard,"{""k"": 2}",True,107362,0.2610055377688856,0.0010938222658237,32862.51364014584,1.7321717969352717,0.9854732764467944,0.1078109047231378,0.2858114968996171,0.5599187794564184,0.9896157604297664,0.0,2,,,,
kmeans__k=3__space=standard,kmeans,standard,"{""k"": 3}",True,107362,0.2800967693060431,0.0017301946827127,32866.54603223597,1.4482012872634586,0.8666242178872272,0.1121598084517908,0.4415440827908162,0.5036418844656396,0.9428203308503909,0.0,3,,,,
kmeans__k=4__space=standard,kmeans,standard,"{""k"": 4}",True,107362,0.312032604166271,0.0011454107480369,34219.55095786193,1.309383249742577,0.940266909954764,0.1357023882408544,0.4481945874235609,0.3160988059089808,0.9860276060819562,0.0,4,,,,
kmeans__k=5__space=standard,kmeans,standard,"{""k"": 5}",True,107362,0.3536827068744443,0.0010624529164345,35083.20011960782,1.1585378246396725,0.9780277342455044,0.1506367615035064,0.4573337296753846,0.314915892028837,0.9755185653885328,0.0,5,,,,
kmeans__k=6__space=standard,kmeans,standard,"{""k"": 6}",True,107362,0.3851578440008542,0.0010096656667495,35887.302448097325,1.1675776278971488,0.9935095770065634,0.1484005196924791,0.468331182844899,0.3016430394366722,0.9509295934936928,0.0,6,,,,
kmeans__k=7__space=standard,kmeans,standard,"{""k"": 7}",True,107362,0.4124866286210936,0.0014040577969329,35721.618140006,1.1096102755407051,0.9206805571447616,0.1523292591584086,0.4807250850755224,0.2298112926361282,0.9652325633358112,0.0,7,,,,
kmeans__k=8__space=standard,kmeans,standard,"{""k"": 8}",True,107362,0.431910701367085,0.0017246210825535,34823.431304091595,1.1307517408547905,0.9419778322072124,0.1551426865841538,0.4991100189152194,0.2370391758722825,0.9614300111228644,0.0,8,,,,
kmeans__k=9__space=standard,kmeans,standard,"{""k"": 9}",True,107362,0.4219271559566729,0.0015653768195939,32782.48007083948,1.0727499491488033,0.8166075377132986,0.1750450469596982,0.5082366374476959,0.1806318809262122,0.9511627453551412,0.0,9,,,,
kmeans__k=10__space=standard,kmeans,standard,"{""k"": 10}",True,107362,0.4227105358071782,0.0012757866332076,32616.265211748367,1.1631499141447397,0.87386043253754,0.1777782644036218,0.5236844487926826,0.1762262252938656,0.9646945510363436,0.0,10,,,,
kmeans__k=12__space=standard,kmeans,standard,"{""k"": 12}",True,107362,0.4555931763864966,0.0018220132756898,32216.40274800981,1.028089404625668,0.8669768627232785,0.1893598360832528,0.545186829976803,0.1834168513999366,0.9434728393437538,0.0,12,,,,
kmeans__k=14__space=standard,kmeans,standard,"{""k"": 14}",True,107362,0.4666612856924725,0.0020538714446512,31765.573376584474,1.1090990093968964,0.8452964471181882,0.1900874722504469,0.5394875003264531,0.1834261656824574,0.9380072726525124,0.0,14,,,,
kmeans__k=16__space=standard,kmeans,standard,"{""k"": 16}",True,107362,0.493816432857845,0.0023185045414303,31827.632860986683,0.96640983200455,0.8415427108528891,0.2146485872895212,0.5562367213457253,0.1760678824910117,0.9228559948033432,0.0,16,,,,
kmeans__k=18__space=standard,kmeans,standard,"{""k"": 18}",True,107362,0.5057829271841768,0.001360202676118,32929.24042983041,0.9583476130276346,0.8668019728073318,0.2097629068718722,0.5563019682687299,0.17217451239731,0.9159565355311102,0.0,18,,,,
kmeans__k=20__space=standard,kmeans,standard,"{""k"": 20}",True,107362,0.5304562277066045,0.0018205737630297,33000.16506739226,0.9367725498274307,0.8871152075076375,0.2284440642610924,0.5609189412906007,0.1748104543507013,0.9198715990965908,0.0,20,,,,
kmeans__k=2__space=l2,kmeans,l2,"{""k"": 2}",True,107362,0.3007285952711334,0.0011746253373504,41004.88947640561,1.55193457154713,0.9993008060822944,0.1061204069212263,0.3002409572527218,0.5391572437175164,0.9955713275488906,0.0,2,,,,
kmeans__k=3__space=l2,kmeans,l2,"{""k"": 3}",True,107362,0.3146078659199484,0.001452286601567,36387.18739343973,1.3940048495016475,0.934559422887312,0.1128662734192795,0.419379592595607,0.5449600417279857,0.9032579877394998,0.0,3,,,,
kmeans__k=4__space=l2,kmeans,l2,"{""k"": 4}",True,107362,0.3377728673093899,0.0011587072421469,37873.69070015666,1.2920249505391013,0.5642938281629033,0.1381798888374945,0.4447331294311994,0.3378849127251728,0.9726275040368078,0.0,4,,,,
kmeans__k=5__space=l2,kmeans,l2,"{""k"": 5}",True,107362,0.3972736731487989,0.0010411521838097,42368.33869604424,1.0622785107511608,0.998286555187626,0.1530797409070516,0.4414719937528354,0.3388070266947337,0.962825658659738,0.0,5,,,,
kmeans__k=6__space=l2,kmeans,l2,"{""k"": 6}",True,107362,0.419793011316005,0.0007130264875048,40631.309167616615,1.1181965109738894,0.999032631652533,0.1489355935835253,0.4471063542427777,0.329911886887353,0.9317890313590252,0.0,6,,,,
kmeans__k=7__space=l2,kmeans,l2,"{""k"": 7}",True,107362,0.4390073254471361,0.0012012031267799,39873.71912597772,1.075423425322615,0.876631562381807,0.1532469392790325,0.4617064044342437,0.2513365995417373,0.9536226770381914,0.0,7,,,,
kmeans__k=8__space=l2,kmeans,l2,"{""k"": 8}",True,107362,0.4353546765952386,0.0011027458711068,38211.72247391751,1.1974976570663045,0.8203115557226622,0.1540411054466273,0.4825353875757932,0.2491011717367411,0.9519660566476942,0.0,8,,,,
kmeans__k=9__space=l2,kmeans,l2,"{""k"": 9}",True,107362,0.439763037952731,0.0017730866730575,38062.71121699125,1.1703167292889018,0.9758587362569788,0.1656826029350591,0.4908973062410802,0.249157057431866,0.9540860085356998,0.0,9,,,,
kmeans__k=10__space=l2,kmeans,l2,"{""k"": 10}",True,107362,0.4528354537187774,0.0012302789717781,36624.15524557528,1.068885633841499,0.8922535278209637,0.1737089338287221,0.5187650584277471,0.2080810715150612,0.9377833301959132,0.0,10,,,,
kmeans__k=12__space=l2,kmeans,l2,"{""k"": 12}",True,107362,0.4652243484063721,0.0015067175954268,36952.367323239,1.0620748114185186,0.9267159769517006,0.1827971213841714,0.5249261906507452,0.1925914196829418,0.9435145503458934,0.0,12,,,,
kmeans__k=14__space=l2,kmeans,l2,"{""k"": 14}",True,107362,0.4820087013266595,0.00245022834103,33800.80370183322,1.036341797835578,0.8894899729720981,0.1938333373179181,0.52097583077625,0.2282278646075893,0.9110422968356378,0.0,14,,,,
kmeans__k=16__space=l2,kmeans,l2,"{""k"": 16}",True,107362,0.4956772463131321,0.0024416223563119,34824.06277657148,0.940739585931664,0.872241901355491,0.2117691533849854,0.5474700797668596,0.1843296510869767,0.9156142809725608,0.0,16,,,,
kmeans__k=18__space=l2,kmeans,l2,"{""k"": 18}",True,107362,0.5225386289701185,0.0019220926912176,35983.77554008391,0.9142231425043198,0.8963190855048174,0.2292218004821162,0.5569682962335132,0.1842737653918518,0.9135901310418202,0.0,18,,,,
kmeans__k=20__space=l2,kmeans,l2,"{""k"": 20}",True,107362,0.5117758504707852,0.0023998136277619,36854.70517354882,0.9025963046990032,0.8911130449239106,0.2436370016622548,0.5663969348451993,0.1872263929509509,0.936846706186535,0.0,20,,,,
gmm__covariance_type=full_k=2__space=raw,gmm,raw,"{""covariance_type"": ""full"", ""k"": 2}",True,107362,0.2125544416229623,0.0018228737184922,28124.044545041088,1.7253640784749034,0.9823861920966632,0.1387916643280124,0.2904417734206649,0.5994206516272051,0.9712884828715384,0.0,2,2033252.6082593224,2032399.635678619,,
gmm__covariance_type=full_k=3__space=raw,gmm,raw,"{""covariance_type"": ""full"", ""k"": 3}",True,107362,0.2156759419412336,0.0015842034934821,22251.81253769408,1.738262460217577,0.4522353038020831,0.1693386131883155,0.4098302264393942,0.4682382966040126,0.9011604691520496,0.0,3,1760253.8727621154,1758969.621910269,,
gmm__covariance_type=full_k=4__space=raw,gmm,raw,"{""covariance_type"": ""full"", ""k"": 4}",True,107362,0.2529844397070165,0.0017842398749847,23487.360837247503,1.6633215378527326,0.5675616779655062,0.291711809509515,0.3583590852330394,0.4222164266686537,0.918218041357376,0.0,4,1202222.5411497576,1200507.0120267686,,
gmm__covariance_type=full_k=5__space=raw,gmm,raw,"{""covariance_type"": ""full"", ""k"": 5}",True,107362,0.2142076730995971,0.0014576408235766,19290.414888865824,1.989260106789105,0.5641603265313647,0.2099093822107899,0.4856421985207057,0.2847841880739926,0.964884325977746,0.0,5,831958.2536277998,829811.4462336684,,
gmm__covariance_type=full_k=6__space=raw,gmm,raw,"{""covariance_type"": ""full"", ""k"": 6}",True,107362,0.2975877643138777,0.0022780312072105,20867.46602517512,1.869008381858512,0.8275628625766327,0.3431742286333277,0.4872268363245436,0.2545965984240234,0.9767505225927468,0.0,6,158296.65774758416,155718.57208231022,,
gmm__covariance_type=full_k=7__space=raw,gmm,raw,"{""covariance_type"": ""full"", ""k"": 7}",True,107362,0.3170124449466529,0.002562439741791,20426.40487273345,1.7852204244987606,0.7802658091167153,0.3767203545813446,0.4963929381650428,0.2310128350813136,0.9628794917915146,0.0,7,27142.228358686592,24132.864422270155,,
gmm__covariance_type=full_k=8__space=raw,gmm,raw,"{""covariance_type"": ""full"", ""k"": 8}",True,107362,0.3243140537626272,0.002707182809267,21449.68110043513,1.546580255171579,0.7700328736491374,0.4179778114205377,0.5098535888901237,0.195590618654645,0.9748703811877988,0.0,8,-436312.34006795584,-439752.9822755148,,
gmm__covariance_type=full_k=9__space=raw,gmm,raw,"{""covariance_type"": ""full"", ""k"": 9}",True,107362,0.3519120024743351,0.0033437733077661,19714.155224773025,1.6622902643955595,0.8103985122909182,0.4188963352330432,0.5238513794663168,0.1842271939792477,0.9605284122160592,0.0,9,-550514.4529234837,-554386.373402185,,
gmm__covariance_type=full_k=10__space=raw,gmm,raw,"{""covariance_type"": ""full"", ""k"": 10}",True,107362,0.3664406918213915,0.0027314016221531,21271.74688789631,1.4842361302983662,0.7440127787268386,0.4313127740722025,0.530364890293322,0.1726774836534342,0.9626624133490402,0.0,10,-718043.6284699609,-722346.8272198047,,
gmm__covariance_type=full_k=12__space=raw,gmm,raw,"{""covariance_type"": ""full"", ""k"": 12}",True,107362,0.3824930633512833,0.0032047726423284,19252.806255488376,1.432779701823243,0.7336160503743558,0.5038406272300889,0.5474162599913648,0.1686071421918369,0.941673806055072,0.0,12,-1231266.8980349512,-1236432.65332708,,
gmm__covariance_type=full_k=14__space=raw,gmm,raw,"{""covariance_type"": ""full"", ""k"": 14}",True,107362,0.4058256950243736,0.0039882448883149,20598.035650761663,1.440523799771503,0.7499954480445307,0.5008241045893012,0.5483517355313983,0.1686071421918369,0.9497562906725416,0.0,14,-1412733.889911582,-1418762.2017459958,,
gmm__covariance_type=full_k=16__space=raw,gmm,raw,"{""covariance_type"": ""full"", ""k"": 16}",True,107362,0.4242360995886635,0.0033936659245737,20014.909086219148,1.2452823270073852,0.7127008257993617,0.523755688908171,0.5667931630867927,0.1686071421918369,0.9307960826101912,0.0,16,-1907948.101995881,-1914838.97037258,,
gmm__covariance_type=full_k=18__space=raw,gmm,raw,"{""covariance_type"": ""full"", ""k"": 18}",True,107362,0.4323520591863142,0.0034458271355969,18743.39799425454,1.235220971103944,0.7478497154293512,0.5357919221580503,0.5642996344714266,0.1686071421918369,0.9277828359024112,0.0,18,-2181973.11300843,-2189726.537927414,,
gmm__covariance_type=full_k=20__space=raw,gmm,raw,"{""covariance_type"": ""full"", ""k"": 20}",True,107362,0.4642154180171965,0.0036919000980174,20598.81828946695,1.440134619342778,0.7076661464665165,0.5729173140805763,0.5787453032062748,0.1686071421918369,0.9343615741664784,0.0,20,-2453122.8406831054,-2461738.8221443743,,
gmm__covariance_type=diag_k=2__space=raw,gmm,raw,"{""covariance_type"": ""diag"", ""k"": 2}",True,107362,0.244025639843021,0.0017175281457118,33787.135245388614,1.583333586010126,0.8766254900674677,0.0957124062276274,0.2536883529381246,0.5925653396918835,0.9751337947781644,0.0,2,2711987.522843952,2711671.25211178,,
gmm__covariance_type=diag_k=3__space=raw,gmm,raw,"{""covariance_type"": ""diag"", ""k"": 3}",True,107362,0.2227779075850943,0.0020309164061975,28495.66528689508,1.6283872428231436,0.792800545706994,0.1084828143644916,0.3009838682372597,0.5254652484119148,0.9087480678822925,0.0,3,2579683.4981741463,2579204.300095099,,
gmm__covariance_type=diag_k=4__space=raw,gmm,raw,"{""covariance_type"": ""diag"", ""k"": 4}",True,107362,0.2277983527901806,0.002514815334902,23771.274251322964,1.2672683582886175,0.8208142295127973,0.3373748746528154,0.2900045658193246,0.5540135243382203,0.8458701948914049,0.0,4,1961689.1737703125,1961047.0483443893,,
gmm__covariance_type=diag_k=5__space=raw,gmm,raw,"{""covariance_type"": ""diag"", ""k"": 5}",True,107362,0.3009931197679646,0.0025299045806256,28860.464780989823,1.2867285355207696,0.9210477810168396,0.3548694706965426,0.4346067657051911,0.3707457014586166,0.9452999721129842,0.0,5,1872523.592635507,1871718.539862708,,
gmm__covariance_type=diag_k=6__space=raw,gmm,raw,"{""covariance_type"": ""diag"", ""k"": 6}",True,107362,0.3455273289039813,0.0024593724647955,30359.13622952678,1.2247943929015654,0.8624658008610133,0.3555794411313607,0.4742988855861134,0.2858646448464075,0.9636249384237536,0.0,6,1782844.8580140732,1781876.8778943978,,
gmm__covariance_type=diag_k=7__space=raw,gmm,raw,"{""covariance_type"": ""diag"", ""k"": 7}",True,107362,0.3358752452983291,0.0032823105081248,25527.85757749844,1.1303401673181763,0.696096522984513,0.3785738791953453,0.4712518842019671,0.3125780071161118,0.8986021225934974,0.0,7,1499871.5677524563,1498740.660285905,,
gmm__covariance_type=diag_k=8__space=raw,gmm,raw,"{""covariance_type"": ""diag"", ""k"": 8}",True,107362,0.3488846801648135,0.0020277432290202,26824.22460055743,1.359445386776857,0.6340216244106504,0.3768640057918133,0.4920228519343944,0.2440900877405413,0.9332449081140262,0.0,8,1454489.713536389,1453195.8787229615,,
gmm__covariance_type=diag_k=9__space=raw,gmm,raw,"{""covariance_type"": ""diag"", ""k"": 9}",True,107362,0.3710676320140838,0.003056527894777,27395.973058864736,1.2788411110322389,0.6259476698594159,0.386438945465912,0.5073152231253586,0.2347851195022447,0.9254530594012628,0.0,9,1416018.0229925967,1414561.2608322932,,
gmm__covariance_type=diag_k=10__space=raw,gmm,raw,"{""covariance_type"": ""diag"", ""k"": 10}",True,107362,0.3618542721342087,0.0025946179921498,26465.99119301389,1.349700643581286,0.737357217851827,0.3865022830321341,0.5250828889426677,0.1620685158622231,0.96687288463862,0.0,10,1345144.5695575513,1343524.8800503716,,
gmm__covariance_type=diag_k=12__space=raw,gmm,raw,"{""covariance_type"": ""diag"", ""k"": 12}",True,107362,0.3792394430426481,0.002703477998585,24334.77241070266,1.295376346149957,0.7060738529613025,0.444008513750088,0.5373236765446652,0.1791322814403606,0.9274636172185582,0.0,12,1168925.2935367431,1166979.7493358117,,
gmm__covariance_type=diag_k=14__space=raw,gmm,raw,"{""covariance_type"": ""diag"", ""k"": 14}",True,107362,0.3944999740065243,0.0033844966954652,22565.76476030708,1.304752946565669,0.6833860735420775,0.4722897122275395,0.5492654966235629,0.1620685158622231,0.9363075566379144,0.0,14,1042822.3433047916,1040550.9444101078,,
gmm__covariance_type=diag_k=16__space=raw,gmm,raw,"{""covariance_type"": ""diag"", ""k"": 16}",True,107362,0.3875621749198078,0.0038027668679638,19217.11737365053,1.2622478525948164,0.7147946554709227,0.5433952458331057,0.5727257210798736,0.186714107412306,0.9034640611599744,0.0,16,-14437.472178524516,-17034.725766960357,,
gmm__covariance_type=diag_k=18__space=raw,gmm,raw,"{""covariance_type"": ""diag"", ""k"": 18}",True,107362,0.4261650746497578,0.0037668010654201,20443.885073928566,1.3279137244793182,0.7115768079799315,0.5565739661331743,0.5609933686843708,0.1620685158622231,0.9129111507235284,0.0,18,779032.9683422912,776109.8600601032,,
gmm__covariance_type=diag_k=20__space=raw,gmm,raw,"{""covariance_type"": ""diag"", ""k"": 20}",True,107362,0.4286709794039294,0.0040501716853814,21595.69943941033,1.2926973183550516,0.6473764590961123,0.5597631514165538,0.5799986953350402,0.1189433877908384,0.9334645941684212,0.0,20,-218127.98847494152,-221376.95145088155,,
gmm__covariance_type=full_k=2__space=standard,gmm,standard,"{""covariance_type"": ""full"", ""k"": 2}",True,107362,0.1800540140503577,0.0016824548222765,20989.33771049472,1.9915960723670665,0.9823861920966632,0.1387916643280124,0.2904417734206649,0.5994206516272051,0.9712884828715384,0.0,2,1484001.590217147,1483148.617636443,,
gmm__covariance_type=full_k=3__space=standard,gmm,standard,"{""covariance_type"": ""full"", ""k"": 3}",True,107362,0.1957422613335315,0.0011913964820313,18807.27548781336,2.182595327316444,0.8437381893469573,0.2270277844197339,0.3633379760899211,0.4374452785901902,0.9786741514946178,0.0,3,893049.208544176,891764.9576923294,,
gmm__covariance_type=full_k=4__space=standard,gmm,standard,"{""covariance_type"": ""full"", ""k"": 4}",True,107362,0.1626300941087433,0.0010124232812732,13246.57130780969,2.500684355817379,0.602717715200271,0.1852200611730463,0.4191960076557256,0.3844376967642182,0.9127998071111132,0.0,4,729611.381862052,727895.852739063,,
gmm__covariance_type=full_k=5__space=standard,gmm,standard,"{""covariance_type"": ""full"", ""k"": 5}",True,107362,0.2491810914203309,0.0018444799457086,16899.355617377874,1.7888629077250329,0.5863427685976466,0.3459054077114402,0.4372577556584592,0.3769024422048769,0.9215304737680547,0.0,5,221948.9871607432,219802.1797666117,,
gmm__covariance_type=full_k=6__space=standard,gmm,standard,"{""covariance_type"": ""full"", ""k"": 6}",True,107362,0.3030469481717053,0.0022580736730307,18964.14805472944,1.6457489984187372,0.6711148329736168,0.3068063237622712,0.482689782518467,0.2574374545928727,0.9681124356348508,0.0,6,-191384.81145591463,-193962.8971211885,,
gmm__covariance_type=full_k=7__space=standard,gmm,standard,"{""covariance_type"": ""full"", ""k"": 7}",True,107362,0.2710162625189906,0.0034074252475384,16691.155825310805,1.960380329859325,0.7026153463550854,0.3579908475043696,0.529929249376679,0.2171345541252957,0.9664434957217596,0.0,7,-719648.9247436792,-722658.2886800957,,
gmm__covariance_type=full_k=8__space=standard,gmm,standard,"{""covariance_type"": ""full"", ""k"": 8}",True,107362,0.3025301562378858,0.0022277741873288,17095.002211194926,1.7303065529373405,0.6484270974703179,0.3723341831654065,0.517088834033556,0.2289264357966506,0.9625825972348142,0.0,8,-1037620.7840259136,-1041061.4262334724,,
gmm__covariance_type=full_k=9__space=standard,gmm,standard,"{""covariance_type"": ""full"", ""k"": 9}",True,107362,0.3626787126415086,0.0032741122160287,18123.412262584072,1.697795411613979,0.8235254791973579,0.4569593551690482,0.5268627316128103,0.1789646243549859,0.9676765499733888,0.0,9,-1195973.972480439,-1199845.8929591407,,
gmm__covariance_type=full_k=10__space=standard,gmm,standard,"{""covariance_type"": ""full"", ""k"": 10}",True,107362,0.3205838562334292,0.0024199203923009,14957.694731529224,1.8627592580871155,0.7557917282016987,0.468111625876603,0.5349995733607101,0.18630427898139,0.9578873472997108,0.0,10,-1444805.3651110115,-1449108.5638608555,,
gmm__covariance_type=full_k=12__space=standard,gmm,standard,"{""covariance_type"": ""full"", ""k"": 12}",True,107362,0.3854120910312244,0.0030542014537708,17856.631510734074,1.464965033960847,0.7286746501839229,0.4947270502727349,0.5475781425864799,0.1686071421918369,0.9491910426057868,0.0,12,-1723118.324164125,-1728284.0794562537,,
gmm__covariance_type=full_k=14__space=standard,gmm,standard,"{""covariance_type"": ""full"", ""k"": 14}",True,107362,0.379230324232397,0.0024295214692471,17088.51428839497,1.428977814291721,0.7441314704859678,0.4293927802032357,0.5654420172840701,0.1686071421918369,0.9401084497886398,0.0,14,-2002253.8403793515,-2008282.152213765,,
gmm__covariance_type=full_k=16__space=standard,gmm,standard,"{""covariance_type"": ""full"", ""k"": 16}",True,107362,0.4147918293646859,0.0033392663709103,17272.193535336428,1.323411985657216,0.7895269600318087,0.5263962541572581,0.5644174902527126,0.1686071421918369,0.9348002098518085,0.0,16,-2366015.045672978,-2372905.9140496766,,
gmm__covariance_type=full_k=18__space=standard,gmm,standard,"{""covariance_type"": ""full"", ""k"": 18}",True,107362,0.4333083953340463,0.0018533357788136,21237.865683087985,1.367594070287315,0.7886976203654692,0.5640363226504449,0.5662733395075343,0.1686071421918369,0.9486677006407908,0.0,18,-2585689.2418534164,-2593442.6667724,,
gmm__covariance_type=full_k=20__space=standard,gmm,standard,"{""covariance_type"": ""full"", ""k"": 20}",True,107362,0.4549627834524058,0.0024952928379566,20419.312033905528,1.4310965421026027,0.778312464845313,0.5081799477177872,0.5773861889987199,0.1686071421918369,0.935670181684944,0.0,20,-2692478.26982141,-2701094.251282679,,
gmm__covariance_type=diag_k=2__space=standard,gmm,standard,"{""covariance_type"": ""diag"", ""k"": 2}",True,107362,0.2090670294783108,0.0015528697938872,25248.584381567496,1.8226390755137487,0.4800651638092716,0.0957124062276274,0.2536883529381246,0.5925653396918835,0.9751337947781644,0.0,2,2162765.068289928,2162448.797557757,,
gmm__covariance_type=diag_k=3__space=standard,gmm,standard,"{""covariance_type"": ""diag"", ""k"": 3}",True,107362,0.1954814992722618,0.0019796183881303,24020.67680468565,1.4625052464177355,0.787095208592528,0.2320184309485417,0.3530606917985162,0.5839123712300441,0.8712476220698759,0.0,3,1719506.478579934,1719027.2805008867,,
gmm__covariance_type=diag_k=4__space=standard,gmm,standard,"{""covariance_type"": ""diag"", ""k"": 4}",True,107362,0.2453133235510323,0.0020119427906671,27021.51599167686,1.4282862500055775,0.6529723233505039,0.2532354481666278,0.4555101365154342,0.3147668635085039,0.9812550183363984,0.0,4,1591019.2323501385,1590377.106924215,,
gmm__covariance_type=diag_k=5__space=standard,gmm,standard,"{""covariance_type"": ""diag"", ""k"": 5}",True,107362,0.2837464078389545,0.0026018481298314,24658.7683606271,1.344277018983254,0.9210477810168396,0.3548694706965426,0.4346067657051911,0.3707457014586166,0.9452999721129844,0.0,5,1323280.3201832965,1322475.2674104972,,
gmm__covariance_type=diag_k=6__space=standard,gmm,standard,"{""covariance_type"": ""diag"", ""k"": 6}",True,107362,0.3114540130122534,0.0019602020913166,24831.34581614632,1.382996094364384,0.9074524144710114,0.3544778722555926,0.4741302763728812,0.2804064752892085,0.9750831756436662,0.0,6,1237145.9200316295,1236177.9399119543,,
gmm__covariance_type=diag_k=7__space=standard,gmm,standard,"{""covariance_type"": ""diag"", ""k"": 7}",True,107362,0.3211744910810042,0.0027377465923681,24361.90950139697,1.2426942137104908,0.6392323152438388,0.3739953150872549,0.46329703948752,0.3102587507684283,0.909536949602642,0.0,7,982926.371597539,981795.4641309876,,
gmm__covariance_type=diag_k=8__space=standard,gmm,standard,"{""covariance_type"": ""diag"", ""k"": 8}",True,107362,0.3513198817407111,0.0028499156210044,22847.56952763449,1.427974203205122,0.7989358730586167,0.3770975425623965,0.5159979139514704,0.1865185074793688,0.9439822442855804,0.0,8,924354.4482187916,923060.613405364,,
gmm__covariance_type=diag_k=9__space=standard,gmm,standard,"{""covariance_type"": ""diag"", ""k"": 9}",True,107362,0.3696161634863656,0.0025199885372492,23326.14778789554,1.5170724531011204,0.5941713617334027,0.3900179033678265,0.5186481495555436,0.1790484528976733,0.9473145237075185,0.0,9,839630.3062450304,838173.5440847268,,
gmm__covariance_type=diag_k=10__space=standard,gmm,standard,"{""covariance_type"": ""diag"", ""k"": 10}",True,107362,0.3431810512360363,0.002329854131039,17917.235683386356,1.5117475223869945,0.6599994829359207,0.4192430600819163,0.5262668222015232,0.1879063355749706,0.9329243935197012,0.0,10,787494.1538898885,785874.464382709,,
gmm__covariance_type=diag_k=12__space=standard,gmm,standard,"{""covariance_type"": ""diag"", ""k"": 12}",True,107362,0.4069213303979335,0.0022987475091212,25300.049271784574,1.162914248941702,0.6695415505959129,0.443424189548148,0.5331381196945859,0.1728171978912464,0.9223214022290918,0.0,12,683323.2277324023,681377.6835314706,,
gmm__covariance_type=diag_k=14__space=standard,gmm,standard,"{""covariance_type"": ""diag"", ""k"": 14}",True,107362,0.3792033077723423,0.0031329397517435,19004.65375131505,1.3210940974868524,0.6892130294038473,0.4934236646196255,0.5571079178754488,0.1639313723663866,0.9107681924494933,0.0,14,472435.1547761224,470163.7558814387,,
gmm__covariance_type=diag_k=16__space=standard,gmm,standard,"{""covariance_type"": ""diag"", ""k"": 16}",True,107362,0.4026010581329774,0.0036490852965811,20399.363668486887,1.23857724537943,0.6352733746832021,0.5345623155055226,0.5698828708598433,0.1674335425942139,0.9146193154836364,0.0,16,371463.97004764207,368866.7164592063,,
gmm__covariance_type=diag_k=18__space=standard,gmm,standard,"{""covariance_type"": ""diag"", ""k"": 18}",True,107362,0.3977541923370566,0.0022209373763219,17700.32522219698,1.2855102206738065,0.7165313961899376,0.5414410713399394,0.5695752142273547,0.1672938283564017,0.9216336444200935,0.0,18,-622287.6548521854,-625210.7631343734,,
gmm__covariance_type=diag_k=20__space=standard,gmm,standard,"{""covariance_type"": ""diag"", ""k"": 20}",True,107362,0.4361239692070212,0.0016206703230014,17960.61928834494,1.2987588376321229,0.6602668646588371,0.5967964973516917,0.5690931506214055,0.1620685158622231,0.9057171552066062,0.0,20,44705.48737754293,41456.52440160289,,
gmm__covariance_type=full_k=2__space=l2,gmm,l2,"{""covariance_type"": ""full"", ""k"": 2}",True,107362,0.209217805250298,0.0019378065582959,25219.27105172038,1.807715446646067,0.9620973765195484,0.1372079514228037,0.2847903415715344,0.5998491086231628,0.971038791822209,0.0,2,-473427.6316410398,-474280.6042217438,,
gmm__covariance_type=full_k=3__space=l2,gmm,l2,"{""covariance_type"": ""full"", ""k"": 3}",True,107362,0.2141496125381025,0.0023572450490949,23160.121138771923,2.074588992524583,0.6252890824666839,0.1654616614726472,0.4313688596759959,0.3745552430096309,0.9961607631242372,0.0,3,-1050815.322332323,-1052099.5731841696,,
gmm__covariance_type=full_k=4__space=l2,gmm,l2,"{""covariance_type"": ""full"", ""k"": 4}",True,107362,0.261267885381413,0.0023923916418094,21795.412523784024,1.618862826085199,0.6465541437366543,0.2751447918075219,0.4173277148159359,0.4384698496674801,0.9257662667210896,0.0,4,-1423158.7220055433,-1424874.2511285322,,
gmm__covariance_type=full_k=5__space=l2,gmm,l2,"{""covariance_type"": ""full"", ""k"": 5}",True,107362,0.3038793550350173,0.0023779772417722,23738.11460866704,1.6281078412932122,0.8354640012924328,0.3128900999238679,0.4414743284244766,0.3162292058642723,0.94689859254556,0.0,5,-1466743.5465583564,-1468890.353952488,,
gmm__covariance_type=full_k=6__space=l2,gmm,l2,"{""covariance_type"": ""full"", ""k"": 6}",True,107362,0.2975167664989474,0.0019690697578586,23032.839457548813,1.611883466803332,0.9346705229127752,0.349199014122445,0.4724564925664194,0.2947877275013505,0.9609656232700882,0.0,6,-1898208.44732606,-1900786.532991334,,
gmm__covariance_type=full_k=7__space=l2,gmm,l2,"{""covariance_type"": ""full"", ""k"": 7}",True,107362,0.3437450488185837,0.0026112829179025,21314.07465277532,1.6713039575562465,0.7948109538820424,0.3743755985511019,0.4809782333378465,0.2314971777723962,0.9574891895979708,0.0,7,-2268587.390486254,-2271596.75442267,,
gmm__covariance_type=full_k=8__space=l2,gmm,l2,"{""covariance_type"": ""full"", ""k"": 8}",True,107362,0.3558341121133049,0.0031468338465559,22970.352196267257,1.5399385637870762,0.7814006468976428,0.394733054080381,0.4937625748826079,0.2170414113000875,0.9586362306457378,0.0,8,-2437982.429723854,-2441423.0719314134,,
gmm__covariance_type=full_k=9__space=l2,gmm,l2,"{""covariance_type"": ""full"", ""k"": 9}",True,107362,0.354401677419337,0.0034414998344392,21096.619789085475,1.6109687024184376,0.7141347064003765,0.4054294020299281,0.536103046438787,0.2170414113000875,0.9460763132660864,0.0,9,-2686243.814679617,-2690115.7351583187,,
gmm__covariance_type=full_k=10__space=l2,gmm,l2,"{""covariance_type"": ""full"", ""k"": 10}",True,107362,0.367114567918917,0.0033034090578516,22756.89894120556,1.3714436887815744,0.6383934596184434,0.4163039471890333,0.5387241921629857,0.1726774836534342,0.963248455175133,0.0,10,-2842566.086353479,-2846869.285103323,,
gmm__covariance_type=full_k=12__space=l2,gmm,l2,"{""covariance_type"": ""full"", ""k"": 12}",True,107362,0.3915736091911727,0.002549881166365,21889.93341919915,1.3599688938284622,0.8439386482928425,0.4453819173367157,0.5317560851899419,0.1726774836534342,0.9492847572300792,0.0,12,-3235538.6177777825,-3240704.373069912,,
gmm__covariance_type=full_k=14__space=l2,gmm,l2,"{""covariance_type"": ""full"", ""k"": 14}",True,107362,0.4124598413127197,0.0025396940053013,21724.47631542289,1.4654697525554428,0.747541887000131,0.5116242336172321,0.5361086164719655,0.1726774836534342,0.949479026557472,0.0,14,-3507203.1653362853,-3513231.4771707,,
gmm__covariance_type=full_k=16__space=l2,gmm,l2,"{""covariance_type"": ""full"", ""k"": 16}",True,107362,0.4272012788045233,0.0019015745380326,22829.07747502153,1.3524148159253768,0.7790366859666986,0.5202705140492472,0.5510215744279817,0.1726774836534342,0.9469599753392836,0.0,16,-3818851.232506568,-3825742.1008832655,,
gmm__covariance_type=full_k=18__space=l2,gmm,l2,"{""covariance_type"": ""full"", ""k"": 18}",True,107362,0.4698806706108781,0.0028723516869237,23434.4178627355,1.389832264537861,0.8065337670838483,0.5783875187370493,0.5615416112777188,0.1686071421918369,0.9298820239419786,0.0,18,-3876976.385277413,-3884729.810196396,,
gmm__covariance_type=full_k=20__space=l2,gmm,l2,"{""covariance_type"": ""full"", ""k"": 20}",True,107362,0.4868714077426889,0.0035158727832564,24518.489519045022,1.4024455390162691,0.7869939410523078,0.5443493968980853,0.5725555052782147,0.1726774836534342,0.9488785135689152,0.0,20,-4173284.868307015,-4181900.849768284,,
gmm__covariance_type=diag_k=2__space=l2,gmm,l2,"{""covariance_type"": ""diag"", ""k"": 2}",True,107362,0.2454171614870328,0.0014857615132434,30994.31227613328,1.6632575366714812,0.8422296110833467,0.0959004012927353,0.2676881035617805,0.5775320877032842,0.9825850861136092,0.0,2,149288.84457620495,148972.5738440338,,
gmm__covariance_type=diag_k=3__space=l2,gmm,l2,"{""covariance_type"": ""diag"", ""k"": 3}",True,107362,0.1444021351741371,0.0028904458835904,13845.325252203736,1.219580544678312,1.0,0.3133885857365934,0.1426869570783474,0.7205715243754773,0.7122673656796952,0.0,3,-445336.3801446572,-445815.5782237044,,
gmm__covariance_type=diag_k=4__space=l2,gmm,l2,"{""covariance_type"": ""diag"", ""k"": 4}",True,107362,0.2022955057304524,0.0028741719689833,19607.58763273346,1.3106083141159028,0.824433608657173,0.337234527697537,0.2718202197698669,0.5720925467111269,0.8288644666966775,0.0,4,-582788.1107470696,-583430.2361729929,,
gmm__covariance_type=diag_k=5__space=l2,gmm,l2,"{""covariance_type"": ""diag"", ""k"": 5}",True,107362,0.2820202837716262,0.0028524645187037,25745.151208389387,1.3498238834497016,0.7746118527964833,0.3583730232514521,0.4298567099905955,0.3838043255528027,0.9396202107797036,0.0,5,-670689.8394290467,-671494.892201846,,
gmm__covariance_type=diag_k=6__space=l2,gmm,l2,"{""covariance_type"": ""diag"", ""k"": 6}",True,107362,0.3317989257933335,0.0028536255014058,31076.90934285548,1.543530127259095,0.9912438640106952,0.3564994426623629,0.4836187956679065,0.1942307334066056,0.9926009758114858,0.0,6,-769792.1701497096,-770760.150269385,,
gmm__covariance_type=diag_k=7__space=l2,gmm,l2,"{""covariance_type"": ""diag"", ""k"": 7}",True,107362,0.3046401539326041,0.0032477351175297,26850.41582521375,1.441850900972489,0.7157021912861513,0.3766139869912965,0.4911203084946338,0.1942586762541681,0.9477653064810672,0.0,7,-993295.2411466294,-994426.1486131808,,
gmm__covariance_type=diag_k=8__space=l2,gmm,l2,"{""covariance_type"": ""diag"", ""k"": 8}",True,107362,0.3129708488803518,0.0032410757363168,26291.67157309312,1.3967916067645274,0.7768188881950199,0.399987671745554,0.4840942943044994,0.2637152810119036,0.933219945231348,0.0,8,-1038785.915351182,-1040079.7501646096,,
gmm__covariance_type=diag_k=9__space=l2,gmm,l2,"{""covariance_type"": ""diag"", ""k"": 9}",True,107362,0.339726241632763,0.0032535087858374,23669.67300056141,1.314625236371882,0.749160587549309,0.4135881986158487,0.5116415556835108,0.2113503846798681,0.943518818393481,0.0,9,-990237.724765096,-991694.4869253994,,
gmm__covariance_type=diag_k=10__space=l2,gmm,l2,"{""covariance_type"": ""diag"", ""k"": 10}",True,107362,0.3468737931009045,0.0037532700563751,25734.934375987115,1.4144818520748357,0.7212841970854941,0.4103270535844374,0.5247342384651881,0.1777630819098004,0.9447988151508514,0.0,10,-1163944.4153345742,-1165564.1048417538,,
gmm__covariance_type=diag_k=12__space=l2,gmm,l2,"{""covariance_type"": ""diag"", ""k"": 12}",True,107362,0.3783375514076325,0.0028752968024713,22013.273475035658,1.4580777749385037,0.6270713530859806,0.4427550656882012,0.5349808931397717,0.1620685158622231,0.9385104304257854,0.0,12,-1285248.1395984525,-1287193.683799384,,
gmm__covariance_type=diag_k=14__space=l2,gmm,l2,"{""covariance_type"": ""diag"", ""k"": 14}",True,107362,0.3930544058031499,0.003096205151605,20316.28507836885,1.2941175894528862,0.7311717968180963,0.5149549929893271,0.5380153831849406,0.183500679942624,0.908114072275652,0.0,14,-1542818.4456444348,-1545089.8445391185,,
gmm__covariance_type=diag_k=16__space=l2,gmm,l2,"{""covariance_type"": ""diag"", ""k"": 16}",True,107362,0.4042421447624482,0.0032478125550901,18143.624844904592,1.3169732694007892,0.7391832298716015,0.562906165016505,0.5491345013252557,0.1896760492539259,0.92004989118785,0.0,16,-1640764.710595779,-1643361.9641842148,,
gmm__covariance_type=diag_k=18__space=l2,gmm,l2,"{""covariance_type"": ""diag"", ""k"": 18}",True,107362,0.4265601491699842,0.0023153917094442,17014.577173947153,1.317996863693092,0.7043187217521595,0.5677053184979837,0.5434955085160311,0.1663437715392783,0.8890912765138724,0.0,18,-1771729.1425494028,-1774652.2508315907,,
gmm__covariance_type=diag_k=20__space=l2,gmm,l2,"{""covariance_type"": ""diag"", ""k"": 20}",True,107362,0.4281281106698665,0.0035763597577444,15611.555707655876,1.227413411736303,0.6707638128469041,0.6116412634774941,0.5560345916866957,0.2055196438218364,0.8903994591275058,0.0,20,-1923290.8198973904,-1926539.7828733304,,
hierarchical__fit_sample_size=5000_k=2_method=ward__space=raw,hierarchical,raw,"{""fit_sample_size"": 5000, ""k"": 2, ""method"": ""ward""}",True,4999,0.2849915074492932,0.0011716764166644,39320.52906620917,1.5759032151827796,0.6055745340744766,0.1060940127372172,0.3164095782305922,0.5844153424861683,0.9793400449503384,0.0,2,,,0.6886320680473865,0.2287089114894749
hierarchical__fit_sample_size=5000_k=3_method=ward__space=raw,hierarchical,raw,"{""fit_sample_size"": 5000, ""k"": 3, ""method"": ""ward""}",True,4999,0.298792811026668,0.0017949166381165,37455.19745820067,1.4119832683823574,0.5254641617031149,0.1135344046614386,0.426526541197266,0.4306365380674726,0.9614865215471736,0.0,3,,,0.6886320680473865,0.2164685487293521
hierarchical__fit_sample_size=5000_k=4_method=ward__space=raw,hierarchical,raw,"{""fit_sample_size"": 5000, ""k"": 4, ""method"": ""ward""}",True,4999,0.3314322887132752,0.0011991660055971,38039.02205556873,1.2396873949706135,0.649465998939671,0.1282166096574971,0.4593104194125345,0.4324155660289488,0.9383361984899812,0.0,4,,,0.6886320680473865,0.0582796521303896
hierarchical__fit_sample_size=5000_k=5_method=ward__space=raw,hierarchical,raw,"{""fit_sample_size"": 5000, ""k"": 5, ""method"": ""ward""}",True,4999,0.3738762837994845,0.0015384865659553,41218.22178925836,1.0979248771153751,0.8444460891880953,0.1573816097421562,0.4643552810634094,0.2821761889681637,0.9817003568360833,0.0,5,,,0.6886320680473865,0.3345359708241074
hierarchical__fit_sample_size=5000_k=6_method=ward__space=raw,hierarchical,raw,"{""fit_sample_size"": 5000, ""k"": 6, ""method"": ""ward""}",True,4999,0.3883653420867842,0.0010314292711189,39891.31004544154,1.2069352583533046,0.8784774819200215,0.1571696443084126,0.4774807751540201,0.2614798532069075,0.9671943130174208,0.0,6,,,0.6886320680473865,0.1744726523087634
hierarchical__fit_sample_size=5000_k=7_method=ward__space=raw,hierarchical,raw,"{""fit_sample_size"": 5000, ""k"": 7, ""method"": ""ward""}",True,4999,0.4127428331118009,0.0018064186660316,38681.95576951961,1.1588222555132046,0.7892954667881754,0.1691277600357577,0.4961017200677141,0.2007600454536987,0.977752531406792,0.0,7,,,0.6886320680473865,0.0941495492446408
hierarchical__fit_sample_size=5000_k=8_method=ward__space=raw,hierarchical,raw,"{""fit_sample_size"": 5000, ""k"": 8, ""method"": ""ward""}",True,4999,0.4061170333135865,0.0017587123917763,37291.30343582435,1.274481307776979,0.8765337008928841,0.1745321704433778,0.5039823042426614,0.1816750805685438,0.983427647026437,0.0,8,,,0.6886320680473865,0.0548622242683108
hierarchical__fit_sample_size=5000_k=9_method=ward__space=raw,hierarchical,raw,"{""fit_sample_size"": 5000, ""k"": 9, ""method"": ""ward""}",True,4999,0.4236590828726502,0.0011468883278448,37165.26595176852,1.23034101695137,0.9021905889951722,0.1725864337056479,0.5092898915452615,0.175183025651534,0.979277337060776,0.0,9,,,0.6886320680473865,0.1394220117808481
hierarchical__fit_sample_size=5000_k=10_method=ward__space=raw,hierarchical,raw,"{""fit_sample_size"": 5000, ""k"": 10, ""method"": ""ward""}",True,4999,0.4309621999428388,0.0014124886041393,35740.73899127243,1.199118281786383,0.8968395129286741,0.174096196132804,0.5156207886855164,0.175183025651534,0.9610332395912188,0.0,10,,,0.6886320680473865,0.101743524648967
hierarchical__fit_sample_size=5000_k=12_method=ward__space=raw,hierarchical,raw,"{""fit_sample_size"": 5000, ""k"": 12, ""method"": ""ward""}",True,4999,0.4448241916308166,0.0019149489403156,35113.756819548296,1.1725766321337978,0.8841492156194585,0.1919728463457841,0.5326050137022285,0.175183025651534,0.9519234200179388,0.0,12,,,0.6886320680473865,0.0886673353108362
hierarchical__fit_sample_size=5000_k=14_method=ward__space=raw,hierarchical,raw,"{""fit_sample_size"": 5000, ""k"": 14, ""method"": ""ward""}",True,4999,0.4643706130695092,0.0013768476886577,34104.33887533491,1.070361737764917,0.8887588382647088,0.2068475120730497,0.5464971344286055,0.1721465695497475,0.935896806827198,0.0,14,,,0.6886320680473865,0.0532019832295839
hierarchical__fit_sample_size=5000_k=16_method=ward__space=raw,hierarchical,raw,"{""fit_sample_size"": 5000, ""k"": 16, ""method"": ""ward""}",True,4999,0.4659521203249489,0.0013741177409936,33464.67936908377,1.072322925156468,0.8802614476560429,0.2203207355187056,0.5532209975586505,0.1721465695497475,0.9384996036006744,0.0,16,,,0.6886320680473865,0.0161910669301615
hierarchical__fit_sample_size=5000_k=18_method=ward__space=raw,hierarchical,raw,"{""fit_sample_size"": 5000, ""k"": 18, ""method"": ""ward""}",True,4999,0.4824054909403186,0.0014601867046437,33905.70986445832,0.9998108546064852,0.900352713616759,0.2441954660191275,0.5542345817114307,0.1721465695497475,0.9334435167689232,0.0,18,,,0.6886320680473865,0.0031815171543682
hierarchical__fit_sample_size=5000_k=20_method=ward__space=raw,hierarchical,raw,"{""fit_sample_size"": 5000, ""k"": 20, ""method"": ""ward""}",True,4999,0.5020960205484836,0.0013207717179593,34853.52583627194,0.9333253454853732,0.9023426356576149,0.2266459055883229,0.5666098987981645,0.1721465695497475,0.9236337826282152,0.0,20,,,0.6886320680473865,0.0108825238624291
hierarchical__fit_sample_size=5000_k=2_method=average__space=raw,hierarchical,raw,"{""fit_sample_size"": 5000, ""k"": 2, ""method"": ""average""}",True,4999,0.2881501140460654,0.0014122303580203,36843.82927135637,1.469859379693701,0.3298280445789552,0.1146696982636874,0.3145391440743788,0.7132970697267189,0.8644240331860077,0.0,2,,,0.8151417597867167,0.0043940123156562
hierarchical__fit_sample_size=5000_k=3_method=average__space=raw,hierarchical,raw,"{""fit_sample_size"": 5000, ""k"": 3, ""method"": ""average""}",True,4999,0.3096096142998475,0.0014303899560543,36863.41283202097,1.360045114529746,0.6003837678645564,0.1116272246337242,0.4143215391825064,0.570397347292338,0.8833783777497674,0.0,3,,,0.8151417597867167,0.0825813607065873
hierarchical__fit_sample_size=5000_k=4_method=average__space=raw,hierarchical,raw,"{""fit_sample_size"": 5000, ""k"": 4, ""method"": ""average""}",True,4999,0.3098332809701866,0.0014860098737434,28936.6740139209,1.3280038835141688,0.8436397041467426,0.1132819423870289,0.4114772714431017,0.5782120303273038,0.7776654326474554,0.0,4,,,0.8151417597867167,0.0519858172168637
hierarchical__fit_sample_size=5000_k=5_method=average__space=raw,hierarchical,raw,"{""fit_sample_size"": 5000, ""k"": 5, ""method"": ""average""}",True,4999,0.3562479104649073,0.0006130081024261,34042.13858259992,1.2236583256980464,0.8822551557562258,0.1210141953289808,0.4444284837719826,0.479797321212347,0.8517074399198622,0.0,5,,,0.8151417597867167,0.0060797080389802
hierarchical__fit_sample_size=5000_k=6_method=average__space=raw,hierarchical,raw,"{""fit_sample_size"": 5000, ""k"": 6, ""method"": ""average""}",True,4999,0.3612392137948899,0.0008887387405194,29656.58616967083,1.195810450333893,0.9047396956429198,0.1210667068718706,0.4564479335527218,0.4759598368137702,0.8113945617423226,0.0,6,,,0.8151417597867167,0.0194082252689018
hierarchical__fit_sample_size=5000_k=7_method=average__space=raw,hierarchical,raw,"{""fit_sample_size"": 5000, ""k"": 7, ""method"": ""average""}",True,4999,0.359799751052151,0.0008981831399781,25822.57454010848,1.113178411977914,0.9650276861820098,0.1221490798147715,0.456934433484027,0.4757549225983122,0.7608975005195936,0.0,7,,,0.8151417597867167,0.0849697540404874
hierarchical__fit_sample_size=5000_k=8_method=average__space=raw,hierarchical,raw,"{""fit_sample_size"": 5000, ""k"": 8, ""method"": ""average""}",True,4999,0.3424422328272899,0.0008267398244592,22211.87381712037,1.222215085510895,0.9535305228431684,0.1248151857996446,0.456632328485564,0.4757549225983122,0.7161289356601253,0.0,8,,,0.8151417597867167,0.0532256478944257
hierarchical__fit_sample_size=5000_k=9_method=average__space=raw,hierarchical,raw,"{""fit_sample_size"": 5000, ""k"": 9, ""method"": ""average""}",True,4999,0.3358602713557859,0.0009008764623218,19923.58041808113,1.1861665535357122,0.864001647039106,0.1259893694026647,0.4546047858632957,0.4756804083381457,0.6880253733017224,0.0,9,,,0.8151417597867167,0.0161288209836222
hierarchical__fit_sample_size=5000_k=10_method=average__space=raw,hierarchical,raw,"{""fit_sample_size"": 5000, ""k"": 10, ""method"": ""average""}",True,4999,0.3360355489796863,0.0010508562892189,18567.089144606627,1.1866354300751625,0.9454259330341216,0.1316131310326792,0.453160956962112,0.4771706935414765,0.6773147252849615,0.0,10,,,0.8151417597867167,0.0040346743038036
hierarchical__fit_sample_size=5000_k=12_method=average__space=raw,hierarchical,raw,"{""fit_sample_size"": 5000, ""k"": 12, ""method"": ""average""}",True,4999,0.3920738608122346,0.0012856661908344,24464.155235550414,1.0798970709850082,0.9329961742939692,0.1619977714774744,0.4603844742723167,0.3264097166595257,0.7642681535438055,0.0,12,,,0.8151417597867167,0.0090673329684989
hierarchical__fit_sample_size=5000_k=14_method=average__space=raw,hierarchical,raw,"{""fit_sample_size"": 5000, ""k"": 14, ""method"": ""average""}",True,4999,0.3999295309266215,0.001570575619199,22945.932633398206,1.098726873029764,0.9549869265162458,0.1674761148956911,0.480482548866586,0.3219202324844917,0.7692363919918549,0.0,14,,,0.8151417597867167,0.0083859316467054
hierarchical__fit_sample_size=5000_k=16_method=average__space=raw,hierarchical,raw,"{""fit_sample_size"": 5000, ""k"": 16, ""method"": ""average""}",True,4999,0.3947227792907886,0.0014414119942906,20389.50530004545,1.0387427402362237,0.9442654739267512,0.1731772853130321,0.4804708514343244,0.3219202324844917,0.7416896868326812,0.0,16,,,0.8151417597867167,0.0027118341837112
hierarchical__fit_sample_size=5000_k=18_method=average__space=raw,hierarchical,raw,"{""fit_sample_size"": 5000, ""k"": 18, ""method"": ""average""}",True,4999,0.3955741550667704,0.0017816965261966,18587.02372724953,0.9874990015663764,0.8868886404988499,0.1768059797122218,0.480807412517576,0.321855032506846,0.7230568441750034,0.0,18,,,0.8151417597867167,0.0494920438140996
hierarchical__fit_sample_size=5000_k=20_method=average__space=raw,hierarchical,raw,"{""fit_sample_size"": 5000, ""k"": 20, ""method"": ""average""}",True,4999,0.448929840903876,0.0029934227402065,22778.520883378707,0.9567910537838032,0.9208157881781788,0.1888366566097549,0.5051559220895783,0.2418453456530243,0.7826103624029734,0.0,20,,,0.8151417597867167,0.0158055170232667
hierarchical__fit_sample_size=5000_k=2_method=complete__space=raw,hierarchical,raw,"{""fit_sample_size"": 5000, ""k"": 2, ""method"": ""complete""}",True,4999,0.2914674479877651,0.0014342006278905,40187.76107417833,1.5746988212161397,0.8120867384697482,0.106250435086033,0.3368284979120146,0.6154877889756152,0.9611666131663268,0.0,2,,,0.7606525652103947,0.1013770940578878
hierarchical__fit_sample_size=5000_k=3_method=complete__space=raw,hierarchical,raw,"{""fit_sample_size"": 5000, ""k"": 3, ""method"": ""complete""}",True,4999,0.3092835759254585,0.0014029488459704,36730.13475537386,1.335059576565893,0.8171908199558177,0.1113562136672,0.4141856166171371,0.579022372906615,0.8744088578820461,0.0,3,,,0.7606525652103947,0.0749177615525
hierarchical__fit_sample_size=5000_k=4_method=complete__space=raw,hierarchical,raw,"{""fit_sample_size"": 5000, ""k"": 4, ""method"": ""complete""}",True,4999,0.3012561653816429,0.0015400392841685,26787.99097805847,1.4101774034835426,0.77421310437065,0.1154779109704471,0.426179025858991,0.5772154020975764,0.7660140847788874,0.0,4,,,0.7606525652103947,0.0015848576570005
hierarchical__fit_sample_size=5000_k=5_method=complete__space=raw,hierarchical,raw,"{""fit_sample_size"": 5000, ""k"": 5, ""method"": ""complete""}",True,4999,0.297855821915049,0.0017051857296069,23197.19109585946,1.3449393225045951,0.7861677494296732,0.1142810967957057,0.4382882508731894,0.5591363797246698,0.7370993032606582,0.0,5,,,0.7606525652103947,0.101511880139973
hierarchical__fit_sample_size=5000_k=6_method=complete__space=raw,hierarchical,raw,"{""fit_sample_size"": 5000, ""k"": 6, ""method"": ""complete""}",True,4999,0.234908952751889,0.0023484331714511,21187.17312450687,1.3526748174444998,0.536646600442536,0.1226916476486275,0.4762890610188882,0.5024030848903709,0.7645369489026299,0.0,6,,,0.7606525652103947,0.011677455436173
hierarchical__fit_sample_size=5000_k=7_method=complete__space=raw,hierarchical,raw,"{""fit_sample_size"": 5000, ""k"": 7, ""method"": ""complete""}",True,4999,0.2011326643144989,0.0019505174388889,19666.303291428667,1.4089711609464997,0.5367006891829427,0.1230427857763371,0.4814130985563173,0.4961345727538607,0.7798253840155354,0.0,7,,,0.7606525652103947,0.0176921710679643
hierarchical__fit_sample_size=5000_k=8_method=complete__space=raw,hierarchical,raw,"{""fit_sample_size"": 5000, ""k"": 8, ""method"": ""complete""}",True,4999,0.2792247048248375,0.0014868951758758,25361.579949620253,1.3260397353031117,0.5872214926223817,0.132600283439179,0.4942616568475998,0.4090553454667387,0.8441939888607022,0.0,8,,,0.7606525652103947,0.0758543032995223
hierarchical__fit_sample_size=5000_k=9_method=complete__space=raw,hierarchical,raw,"{""fit_sample_size"": 5000, ""k"": 9, ""method"": ""complete""}",True,4999,0.2742305388906562,0.0016619490887465,23015.16677587152,1.392154901509922,0.6703755567183153,0.1355294292878319,0.5013270272673112,0.4089249455114472,0.8262728505902389,0.0,9,,,0.7606525652103947,0.0423190137547431
hierarchical__fit_sample_size=5000_k=10_method=complete__space=raw,hierarchical,raw,"{""fit_sample_size"": 5000, ""k"": 10, ""method"": ""complete""}",True,4999,0.2792498177373013,0.0018672419944356,21325.449832240287,1.3192618547371224,0.6556129217452648,0.1379251757292209,0.5016264260758936,0.4089249455114472,0.7995562132199556,0.0,10,,,0.7606525652103947,0.00582781651452
hierarchical__fit_sample_size=5000_k=12_method=complete__space=raw,hierarchical,raw,"{""fit_sample_size"": 5000, ""k"": 12, ""method"": ""complete""}",True,4999,0.3682044904161908,0.0013301284524439,26580.298859785653,1.2465461069103818,0.7486172052679692,0.1660049230510023,0.5060222147383071,0.2638177381196326,0.8528261204843576,0.0,12,,,0.7606525652103947,8.904563579395359e-05
hierarchical__fit_sample_size=5000_k=14_method=complete__space=raw,hierarchical,raw,"{""fit_sample_size"": 5000, ""k"": 14, ""method"": ""complete""}",True,4999,0.3662796737300039,0.0024830411661402,23937.16925289815,1.2644379900190554,0.6949485381933512,0.1744100698785961,0.5018386506967804,0.2833218457182243,0.8371435066811038,0.0,14,,,0.7606525652103947,0.0013141247392275
hierarchical__fit_sample_size=5000_k=16_method=complete__space=raw,hierarchical,raw,"{""fit_sample_size"": 5000, ""k"": 16, ""method"": ""complete""}",True,4999,0.3687030772123982,0.0030525015973743,22141.18575211721,1.2197806211010604,0.7190396032495318,0.1834400722973124,0.5050678578052543,0.2773886477524636,0.8213025565289862,0.0,16,,,0.7606525652103947,0.0129923431533059
hierarchical__fit_sample_size=5000_k=18_method=complete__space=raw,hierarchical,raw,"{""fit_sample_size"": 5000, ""k"": 18, ""method"": ""complete""}",True,4999,0.3774875545250978,0.00277092843085,20648.8108924463,1.1632436227871368,0.7344269107061793,0.1861018530022234,0.5046889161726555,0.2773886477524636,0.8000866769334427,0.0,18,,,0.7606525652103947,0.0196741265455414
hierarchical__fit_sample_size=5000_k=20_method=complete__space=raw,hierarchical,raw,"{""fit_sample_size"": 5000, ""k"": 20, ""method"": ""complete""}",True,4999,0.4156899411812462,0.0020591181269692,23879.45691099684,1.130596452332961,0.7199117981310081,0.1918746107862705,0.526993910281475,0.2067677576796259,0.8558143370650454,0.0,20,,,0.7606525652103947,0.0045135799790032
hierarchical__fit_sample_size=5000_k=2_method=ward__space=standard,hierarchical,standard,"{""fit_sample_size"": 5000, ""k"": 2, ""method"": ""ward""}",True,4999,0.2497125396654773,0.0008617746919739,30245.26174910735,1.7869398820836957,0.5089080155957929,0.1292136615259979,0.3248885969988795,0.5097613680818167,0.9997250501389692,0.0,2,,,0.6396951498860097,0.2687067950155148
hierarchical__fit_sample_size=5000_k=3_method=ward__space=standard,hierarchical,standard,"{""fit_sample_size"": 5000, ""k"": 3, ""method"": ""ward""}",True,4999,0.2834657006647001,0.0010932637573334,30182.720887516807,1.3940047375128075,0.5460594026619305,0.1342697233302393,0.3648633531437664,0.4824705202958216,0.8733646775614121,0.0,3,,,0.6396951498860097,0.0378893030380091
hierarchical__fit_sample_size=5000_k=4_method=ward__space=standard,hierarchical,standard,"{""fit_sample_size"": 5000, ""k"": 4, ""method"": ""ward""}",True,4999,0.3063877654910082,0.0010780462582772,31940.650490225053,1.3664932697538723,0.614337377567177,0.130596522207039,0.4314406381892623,0.3932117508988282,0.9342939261393616,0.0,4,,,0.6396951498860097,0.1787889557096651
hierarchical__fit_sample_size=5000_k=5_method=ward__space=standard,hierarchical,standard,"{""fit_sample_size"": 5000, ""k"": 5, ""method"": ""ward""}",True,4999,0.3395656719335512,0.0013209149408929,33512.93025130064,1.1337756720039174,0.7581828406142396,0.1434162607955538,0.4343329498710793,0.3915351800450811,0.929963826699412,0.0,5,,,0.6396951498860097,0.0529755140060054
hierarchical__fit_sample_size=5000_k=6_method=ward__space=standard,hierarchical,standard,"{""fit_sample_size"": 5000, ""k"": 6, ""method"": ""ward""}",True,4999,0.3762680056479196,0.0010886629976446,33204.84243859007,1.3357387911029128,0.8195728197452748,0.1494489884611903,0.4763339426068724,0.2998640114751961,0.9597628580514816,0.0,6,,,0.6396951498860097,0.1888472556910512
hierarchical__fit_sample_size=5000_k=7_method=ward__space=standard,hierarchical,standard,"{""fit_sample_size"": 5000, ""k"": 7, ""method"": ""ward""}",True,4999,0.3806915568595727,0.0018010653160767,31617.13138549864,1.320157637935285,0.794090409909276,0.1632985094482123,0.5038973675804543,0.1919953056016095,0.9849029593927948,0.0,7,,,0.6396951498860097,0.0593209019099271
hierarchical__fit_sample_size=5000_k=8_method=ward__space=standard,hierarchical,standard,"{""fit_sample_size"": 5000, ""k"": 8, ""method"": ""ward""}",True,4999,0.4068363990210297,0.0016174672004516,32845.63748415665,1.1491755039521303,0.8199575274570744,0.1697840239428827,0.5160957380286461,0.1850095937109964,0.9667003520670876,0.0,8,,,0.6396951498860097,0.279724137510673
hierarchical__fit_sample_size=5000_k=9_method=ward__space=standard,hierarchical,standard,"{""fit_sample_size"": 5000, ""k"": 9, ""method"": ""ward""}",True,4999,0.4279619346078288,0.0013013278368377,32976.54118408521,1.0961182502538087,0.7776689486067655,0.1768565380234955,0.5275460692295451,0.1813863378103984,0.9600465403480464,0.0,9,,,0.6396951498860097,0.084315357168607
hierarchical__fit_sample_size=5000_k=10_method=ward__space=standard,hierarchical,standard,"{""fit_sample_size"": 5000, ""k"": 10, ""method"": ""ward""}",True,4999,0.4187776011774226,0.0010350573567974,32209.18879413705,1.2027155540738728,0.8425207470694804,0.1774960573064407,0.5345399714410015,0.1775581676943425,0.971394490324508,0.0,10,,,0.6396951498860097,0.0507666166562907
hierarchical__fit_sample_size=5000_k=12_method=ward__space=standard,hierarchical,standard,"{""fit_sample_size"": 5000, ""k"": 12, ""method"": ""ward""}",True,4999,0.4455956214345105,0.001611893530955,31572.664422428992,1.1946076130126335,0.8499977400630426,0.1883379257868757,0.5465206103062343,0.1764031966617611,0.9563839582616116,0.0,12,,,0.6396951498860097,0.0592775848585323
hierarchical__fit_sample_size=5000_k=14_method=ward__space=standard,hierarchical,standard,"{""fit_sample_size"": 5000, ""k"": 14, ""method"": ""ward""}",True,4999,0.4682371546320217,0.001300805305103,30796.535120844062,1.0931805732366968,0.8668733836993084,0.1977354155486635,0.5526425311947675,0.1738790260986196,0.9459805005137746,0.0,14,,,0.6396951498860097,0.0637366111243335
hierarchical__fit_sample_size=5000_k=16_method=ward__space=standard,hierarchical,standard,"{""fit_sample_size"": 5000, ""k"": 16, ""method"": ""ward""}",True,4999,0.494925038019798,0.0014363064568404,31289.54153104025,1.0471643422800527,0.8818393269051571,0.2084490238411185,0.5661708415893304,0.1738790260986196,0.9345596785899328,0.0,16,,,0.6396951498860097,0.0763251600698285
hierarchical__fit_sample_size=5000_k=18_method=ward__space=standard,hierarchical,standard,"{""fit_sample_size"": 5000, ""k"": 18, ""method"": ""ward""}",True,4999,0.5121181927534757,0.0010043671736818,32171.594994465013,1.0232003936569347,0.8842589867564218,0.2151918358840736,0.5663958685719782,0.1738790260986196,0.928418427207106,0.0,18,,,0.6396951498860097,0.0554304769770841
hierarchical__fit_sample_size=5000_k=20_method=ward__space=standard,hierarchical,standard,"{""fit_sample_size"": 5000, ""k"": 20, ""method"": ""ward""}",True,4999,0.5280520886870301,0.0010292380119908,33265.554191426614,0.9044083462706785,0.894136940602452,0.2277231244552472,0.5672495326727679,0.1716435982936234,0.914356001296746,0.0,20,,,0.6396951498860097,0.120552868014188
hierarchical__fit_sample_size=5000_k=2_method=average__space=standard,hierarchical,standard,"{""fit_sample_size"": 5000, ""k"": 2, ""method"": ""average""}",True,4999,0.2296676706270953,0.0011956391334528,21063.070582197903,1.7810043576029384,0.8345379688154589,0.1033749493067544,0.2739097724635713,0.7824649317263092,0.7556410002346905,0.0,2,,,0.8136888851864219,0.0206230096303594
hierarchical__fit_sample_size=5000_k=3_method=average__space=standard,hierarchical,standard,"{""fit_sample_size"": 5000, ""k"": 3, ""method"": ""average""}",True,4999,0.2427235163615516,0.0010827509454253,14804.047138144037,1.447332423696997,0.9708085367532938,0.1010957800197665,0.2191709845744294,0.8090851511708053,0.5606982737029765,0.0,3,,,0.8136888851864219,0.0545484397190048
hierarchical__fit_sample_size=5000_k=4_method=average__space=standard,hierarchical,standard,"{""fit_sample_size"": 5000, ""k"": 4, ""method"": ""average""}",True,4999,0.3053118740848873,0.0015275688425356,27562.61539910447,1.2872405319962477,0.9754259904395904,0.1139882841972215,0.4172013416364298,0.5745235744490602,0.7919067725414348,0.0,4,,,0.8136888851864219,0.0307156630604999
hierarchical__fit_sample_size=5000_k=5_method=average__space=standard,hierarchical,standard,"{""fit_sample_size"": 5000, ""k"": 5, ""method"": ""average""}",True,4999,0.3050298025871966,0.0015526298162962,21790.67165378907,1.1633905785204344,0.9482266369924004,0.1153749799175467,0.4180714875802599,0.574076488888061,0.7006759166395287,0.0,5,,,0.8136888851864219,0.0064439216370845
hierarchical__fit_sample_size=5000_k=6_method=average__space=standard,hierarchical,standard,"{""fit_sample_size"": 5000, ""k"": 6, ""method"": ""average""}",True,4999,0.3038159332273519,0.0018871781567143,19385.58946300475,1.140393039554227,0.9656307084030952,0.1170908664928016,0.4398246051134116,0.5666902628490528,0.6832532291280496,0.0,6,,,0.8136888851864219,0.0945206213946424
hierarchical__fit_sample_size=5000_k=7_method=average__space=standard,hierarchical,standard,"{""fit_sample_size"": 5000, ""k"": 7, ""method"": ""average""}",True,4999,0.3468532391962456,0.0011133179534562,23271.11559497128,1.1224402110758374,0.9761982252588686,0.1235771067680363,0.4710711952361625,0.4659190402563291,0.7752320361416574,0.0,7,,,0.8136888851864219,0.0495060152684576
hierarchical__fit_sample_size=5000_k=8_method=average__space=standard,hierarchical,standard,"{""fit_sample_size"": 5000, ""k"": 8, ""method"": ""average""}",True,4999,0.3344256411251331,0.0007701487929243,20032.108149742056,1.2143740348644931,0.964859426275166,0.1260974768531081,0.4708948307859136,0.4658352117136417,0.7305566802804603,0.0,8,,,0.8136888851864219,0.0179834216336722
hierarchical__fit_sample_size=5000_k=9_method=average__space=standard,hierarchical,standard,"{""fit_sample_size"": 5000, ""k"": 9, ""method"": ""average""}",True,4999,0.3298871015027486,0.0006185128206403,18091.76672537273,1.1814355104209335,0.9622650875842788,0.1279886091545885,0.4682045558163191,0.4627614984817719,0.7059965264546096,0.0,9,,,0.8136888851864219,0.0072015826535774
hierarchical__fit_sample_size=5000_k=10_method=average__space=standard,hierarchical,standard,"{""fit_sample_size"": 5000, ""k"": 10, ""method"": ""average""}",True,4999,0.3094432189685753,0.0024737052208455,16489.832746791464,1.1705953867375485,0.864290946452321,0.1281704264877169,0.4699898737943009,0.4582254428941338,0.6890797179453304,0.0,10,,,0.8136888851864219,0.0710508840421184
hierarchical__fit_sample_size=5000_k=12_method=average__space=standard,hierarchical,standard,"{""fit_sample_size"": 5000, ""k"": 12, ""method"": ""average""}",True,4999,0.3876519451454895,0.00143290558255,20735.533561072418,1.0805868795014628,0.8179441991667541,0.1515588516719239,0.4729758768320902,0.3180361766733108,0.7573329546014698,0.0,12,,,0.8136888851864219,0.0081998562160829
hierarchical__fit_sample_size=5000_k=14_method=average__space=standard,hierarchical,standard,"{""fit_sample_size"": 5000, ""k"": 14, ""method"": ""average""}",True,4999,0.4067582398667335,0.0012993651768734,20427.77088770877,1.0320358336066038,0.93055808748189,0.1664357868674894,0.4910297220790589,0.3182969765838937,0.7634699494756215,0.0,14,,,0.8136888851864219,0.0078775228385385
hierarchical__fit_sample_size=5000_k=16_method=average__space=standard,hierarchical,standard,"{""fit_sample_size"": 5000, ""k"": 16, ""method"": ""average""}",True,4999,0.3993071620418723,0.0027177658349353,18678.544638658863,1.0671433859372843,0.9625972719332268,0.1699587762664994,0.4900791825251422,0.3192284048359755,0.7441796894350138,0.0,16,,,0.8136888851864219,0.0042973574780608
hierarchical__fit_sample_size=5000_k=18_method=average__space=standard,hierarchical,standard,"{""fit_sample_size"": 5000, ""k"": 18, ""method"": ""average""}",True,4999,0.4100413019517931,0.0031073538865632,18600.53743897244,1.03104015936045,0.9130940680425867,0.1786979448025243,0.4982018019974395,0.3192563476835379,0.7451803615381876,0.0,18,,,0.8136888851864219,0.0033788650627681
hierarchical__fit_sample_size=5000_k=20_method=average__space=standard,hierarchical,standard,"{""fit_sample_size"": 5000, ""k"": 20, ""method"": ""average""}",True,4999,0.4498795818589404,0.0041988027874062,21130.47430572948,1.0030005477419217,0.8432090036872886,0.1876618982703246,0.5103135846829834,0.241351688679421,0.7830342198424458,0.0,20,,,0.8136888851864219,0.0005724196907846
hierarchical__fit_sample_size=5000_k=2_method=complete__space=standard,hierarchical,standard,"{""fit_sample_size"": 5000, ""k"": 2, ""method"": ""complete""}",True,4999,0.2485594222575911,0.0011617720921002,29413.26700241044,1.8453480362953176,0.9460515627434736,0.1015394064076063,0.3225239058296217,0.58443397105121,0.9793308814290328,0.0,2,,,0.6855593828431552,0.1248556003559444
hierarchical__fit_sample_size=5000_k=3_method=complete__space=standard,hierarchical,standard,"{""fit_sample_size"": 5000, ""k"": 3, ""method"": ""complete""}",True,4999,0.2529730154354207,0.0012916913708058,22638.978863309407,1.568753242718773,0.6193859182404123,0.1065744858539746,0.3505393362586846,0.549738268661165,0.7951874162443202,0.0,3,,,0.6855593828431552,0.0460866080487389
hierarchical__fit_sample_size=5000_k=4_method=complete__space=standard,hierarchical,standard,"{""fit_sample_size"": 5000, ""k"": 4, ""method"": ""complete""}",True,4999,0.2506038874163955,0.0012987561441193,18815.946505990258,1.6524670088827558,0.4505484329232787,0.1134494355078328,0.4027156272225344,0.5272349620908702,0.7778509100708818,0.0,4,,,0.6855593828431552,0.0557963569648891
hierarchical__fit_sample_size=5000_k=5_method=complete__space=standard,hierarchical,standard,"{""fit_sample_size"": 5000, ""k"": 5, ""method"": ""complete""}",True,4999,0.2974762344064342,0.0020407827550543,22877.22501107262,1.34441972857166,0.5892483548626176,0.1196489062601717,0.4844005203625727,0.5031575417745571,0.8065577271077926,0.0,5,,,0.6855593828431552,0.0274009524097059
hierarchical__fit_sample_size=5000_k=6_method=complete__space=standard,hierarchical,standard,"{""fit_sample_size"": 5000, ""k"": 6, ""method"": ""complete""}",True,4999,0.3373503190401737,0.0015688108088229,27783.76746817257,1.2866227842211642,0.5488578488856106,0.136163436045678,0.4939292620127314,0.2668635085039399,0.9126284985803602,0.0,6,,,0.6855593828431552,0.0241416608626554
hierarchical__fit_sample_size=5000_k=7_method=complete__space=standard,hierarchical,standard,"{""fit_sample_size"": 5000, ""k"": 7, ""method"": ""complete""}",True,4999,0.3340950076993857,0.0015307580419589,24078.479118586365,1.2984784745936473,0.5984027776397046,0.1392563385458396,0.4977922932800796,0.2652893947579218,0.8660909374937018,0.0,7,,,0.6855593828431552,0.0780952747188248
hierarchical__fit_sample_size=5000_k=8_method=complete__space=standard,hierarchical,standard,"{""fit_sample_size"": 5000, ""k"": 8, ""method"": ""complete""}",True,4999,0.3866131285097803,0.0014632232257435,28579.564722009567,1.1946575392346617,0.690929420772144,0.1559806331000667,0.506221045365336,0.2514390566494663,0.9039061127939156,0.0,8,,,0.6855593828431552,0.0619517400376934
hierarchical__fit_sample_size=5000_k=9_method=complete__space=standard,hierarchical,standard,"{""fit_sample_size"": 5000, ""k"": 9, ""method"": ""complete""}",True,4999,0.3903709760022578,0.0013425361731814,28797.634806252056,1.156693426115381,0.6925040123641951,0.1593069638438298,0.516690970843581,0.2364244332259086,0.9091733500848236,0.0,9,,,0.6855593828431552,0.0122523047407793
hierarchical__fit_sample_size=5000_k=10_method=complete__space=standard,hierarchical,standard,"{""fit_sample_size"": 5000, ""k"": 10, ""method"": ""complete""}",True,4999,0.3918847127354097,0.0015442655326528,26471.731622128835,1.1393479115372005,0.6974787979673197,0.1610641589492107,0.5204000982387451,0.2356327192116391,0.8862178717337451,0.0,10,,,0.6855593828431552,0.025956201430369
hierarchical__fit_sample_size=5000_k=12_method=complete__space=standard,hierarchical,standard,"{""fit_sample_size"": 5000, ""k"": 12, ""method"": ""complete""}",True,4999,0.3882563193420708,0.0012948165806233,25039.188238071056,1.2393120960761903,0.655557683081785,0.1667653272902375,0.5323561143739732,0.2322795775041448,0.8917430380962974,0.0,12,,,0.6855593828431552,0.0068538782496181
hierarchical__fit_sample_size=5000_k=14_method=complete__space=standard,hierarchical,standard,"{""fit_sample_size"": 5000, ""k"": 14, ""method"": ""complete""}",True,4999,0.3962607917009035,0.0014843243411375,23184.420758697648,1.2169467078163403,0.7389010535119543,0.1721280601836321,0.5337170321703049,0.2319535776159162,0.859579637128177,0.0,14,,,0.6855593828431552,0.0451605959968048
hierarchical__fit_sample_size=5000_k=16_method=complete__space=standard,hierarchical,standard,"{""fit_sample_size"": 5000, ""k"": 16, ""method"": ""complete""}",True,4999,0.3964353157740136,0.0020707078202054,21191.45688746253,1.1695476905107056,0.8057370199110876,0.1783484072827998,0.5393507800196262,0.2319535776159162,0.8349024025898554,0.0,16,,,0.6855593828431552,0.0501664753819145
hierarchical__fit_sample_size=5000_k=18_method=complete__space=standard,hierarchical,standard,"{""fit_sample_size"": 5000, ""k"": 18, ""method"": ""complete""}",True,4999,0.412271735405216,0.0021746342841651,21284.16416512835,1.1806379881433366,0.7204510985631541,0.1957553090082516,0.5511084263700683,0.2311804921666884,0.843211738719629,0.0,18,,,0.6855593828431552,0.0163908738840265
hierarchical__fit_sample_size=5000_k=20_method=complete__space=standard,hierarchical,standard,"{""fit_sample_size"": 5000, ""k"": 20, ""method"": ""complete""}",True,4999,0.4209959392915142,0.0026359381999762,21291.88671223968,1.1691669485103853,0.6985499125747842,0.2018566666746336,0.5554104647692253,0.2155604403792775,0.8487285961200596,0.0,20,,,0.6855593828431552,0.0009020447843147
hierarchical__fit_sample_size=5000_k=2_method=ward__space=l2,hierarchical,l2,"{""fit_sample_size"": 5000, ""k"": 2, ""method"": ""ward""}",True,4999,0.2992667039849602,0.0012500676172695,40625.980762326006,1.5559068301335877,0.6432886857442551,0.1066238645556428,0.3044847445408926,0.5302341610625734,0.9973608422708388,0.0,2,,,0.7299871883570992,0.4480969623695926
hierarchical__fit_sample_size=5000_k=3_method=ward__space=l2,hierarchical,l2,"{""fit_sample_size"": 5000, ""k"": 3, ""method"": ""ward""}",True,4999,0.3212326441096366,0.0014864772098106,35922.020633822845,1.4256981659412762,0.4445379032784833,0.1103478523546273,0.4011526434199068,0.4841657197146103,0.922966013027206,0.0,3,,,0.7299871883570992,0.0370502810231793
hierarchical__fit_sample_size=5000_k=4_method=ward__space=l2,hierarchical,l2,"{""fit_sample_size"": 5000, ""k"": 4, ""method"": ""ward""}",True,4999,0.3526889837616974,0.0007712773124516,37104.66140877096,1.237524772679123,0.6853094953896021,0.1254829934740829,0.4288017293724508,0.4849388051638382,0.9069784161979236,0.0,4,,,0.7299871883570992,0.0611678236723668
hierarchical__fit_sample_size=5000_k=5_method=ward__space=l2,hierarchical,l2,"{""fit_sample_size"": 5000, ""k"": 5, ""method"": ""ward""}",True,4999,0.3927721510049718,0.0010502335148732,41512.87250515453,1.1012658745321393,0.9159571897781528,0.1500609920407097,0.4332103979964718,0.3406698831988972,0.96507262600879,0.0,5,,,0.7299871883570992,0.4837192298624247
hierarchical__fit_sample_size=5000_k=6_method=ward__space=l2,hierarchical,l2,"{""fit_sample_size"": 5000, ""k"": 6, ""method"": ""ward""}",True,4999,0.4097973573657176,0.0012258605651665,38259.08546324282,1.144451949210781,0.8160401923380546,0.1551064560778304,0.4652691215010868,0.2529386561353179,0.981449011334768,0.0,6,,,0.7299871883570992,0.021419657961872
hierarchical__fit_sample_size=5000_k=7_method=ward__space=l2,hierarchical,l2,"{""fit_sample_size"": 5000, ""k"": 7, ""method"": ""ward""}",True,4999,0.4304242158474846,0.0010093643629413,38088.26598806762,1.2113711245096912,0.8328692867314554,0.152396392107991,0.4672641309836154,0.2505448855274678,0.9614244554966092,0.0,7,,,0.7299871883570992,0.2039482929601449
hierarchical__fit_sample_size=5000_k=8_method=ward__space=l2,hierarchical,l2,"{""fit_sample_size"": 5000, ""k"": 8, ""method"": ""ward""}",True,4999,0.444804182384424,0.0013851124899207,37352.51542654624,1.1144518138402737,0.8327134031950765,0.1572075422985329,0.4754557815064581,0.2501723142266351,0.9330744594791348,0.0,8,,,0.7299871883570992,0.0847635343860095
hierarchical__fit_sample_size=5000_k=9_method=ward__space=l2,hierarchical,l2,"{""fit_sample_size"": 5000, ""k"": 9, ""method"": ""ward""}",True,4999,0.4482510237655596,0.0018138941116971,36416.13116233512,1.1388437990428977,0.8514145346287351,0.1652714450988238,0.4972993298140712,0.250433114137218,0.933621092924196,0.0,9,,,0.7299871883570992,0.0369137694009958
hierarchical__fit_sample_size=5000_k=10_method=ward__space=l2,hierarchical,l2,"{""fit_sample_size"": 5000, ""k"": 10, ""method"": ""ward""}",True,4999,0.4536409379963757,0.0015465754580048,35248.719534161384,1.0976196490164238,0.8650400200270846,0.178829931947119,0.5132612664893037,0.2432983737262718,0.9265784611061196,0.0,10,,,0.7299871883570992,0.0041251372880398
hierarchical__fit_sample_size=5000_k=12_method=ward__space=l2,hierarchical,l2,"{""fit_sample_size"": 5000, ""k"": 12, ""method"": ""ward""}",True,4999,0.467749009129272,0.0022685373727418,34274.96375086919,1.0441058686370832,0.8905890864658516,0.1874781735053659,0.5428562402054402,0.176766453680073,0.9430240704318332,0.0,12,,,0.7299871883570992,0.1065330978660927
hierarchical__fit_sample_size=5000_k=14_method=ward__space=l2,hierarchical,l2,"{""fit_sample_size"": 5000, ""k"": 14, ""method"": ""ward""}",True,4999,0.4859796535961408,0.0020479297637863,35575.1688061189,1.006465936928693,0.8268999653798583,0.1960064581594548,0.5504222912619346,0.1768223393751979,0.940501318510655,0.0,14,,,0.7299871883570992,0.0393539184642142
hierarchical__fit_sample_size=5000_k=16_method=ward__space=l2,hierarchical,l2,"{""fit_sample_size"": 5000, ""k"": 16, ""method"": ""ward""}",True,4999,0.513445431875873,0.0024416512758845,35527.406698824314,0.9950017536609186,0.8356084835477141,0.2116740987388989,0.5599266409375343,0.1730221121067044,0.9398153670690296,0.0,16,,,0.7299871883570992,0.0086661875917878
hierarchical__fit_sample_size=5000_k=18_method=ward__space=l2,hierarchical,l2,"{""fit_sample_size"": 5000, ""k"": 18, ""method"": ""ward""}",True,4999,0.5306147388726765,0.0020621889414611,35586.97983583796,0.9600421418760696,0.8660818674429421,0.2389502954814848,0.5580602324210426,0.1712337698627074,0.9378454537455762,0.0,18,,,0.7299871883570992,0.0306114037802711
hierarchical__fit_sample_size=5000_k=20_method=ward__space=l2,hierarchical,l2,"{""fit_sample_size"": 5000, ""k"": 20, ""method"": ""ward""}",True,4999,0.5406105442268324,0.0022722237065081,36518.74233415623,0.9289488557066028,0.8770312936592584,0.2513572916958992,0.5602196167858646,0.1712337698627074,0.9308474258624198,0.0,20,,,0.7299871883570992,0.0089527364983949
hierarchical__fit_sample_size=5000_k=2_method=average__space=l2,hierarchical,l2,"{""fit_sample_size"": 5000, ""k"": 2, ""method"": ""average""}",True,4999,0.2402661496104916,0.0008104684931131,19597.099262937307,1.9461520847503424,0.742611664123205,0.103080891247057,0.227201533937624,0.7794750470371268,0.7611248938739877,0.0,2,,,0.8630277704332988,0.0213131294241425
hierarchical__fit_sample_size=5000_k=3_method=average__space=l2,hierarchical,l2,"{""fit_sample_size"": 5000, ""k"": 3, ""method"": ""average""}",True,4999,0.3191080919416381,0.0014313432873741,35647.16389664348,1.3740274831097246,0.7092394340933831,0.1116644106462023,0.4097183731101492,0.5800190011363424,0.873432521376052,0.0,3,,,0.8630277704332988,0.0729131278790742
hierarchical__fit_sample_size=5000_k=4_method=average__space=l2,hierarchical,l2,"{""fit_sample_size"": 5000, ""k"": 4, ""method"": ""average""}",True,4999,0.3228174918326669,0.0018019574700005,28342.6836486398,1.328598699793797,0.7054283366984312,0.1119529567506462,0.4161328410953734,0.5810063150835492,0.780238256114258,0.0,4,,,0.8630277704332988,0.0791757493062838
hierarchical__fit_sample_size=5000_k=5_method=average__space=l2,hierarchical,l2,"{""fit_sample_size"": 5000, ""k"": 5, ""method"": ""average""}",True,4999,0.3699781396511078,0.0005522850498675,33361.49951738268,1.2271512619703775,0.9120388322210898,0.122797393683303,0.4475060827936669,0.4807008066168663,0.8548535583680218,0.0,5,,,0.8630277704332988,0.0177966758726105
hierarchical__fit_sample_size=5000_k=6_method=average__space=l2,hierarchical,l2,"{""fit_sample_size"": 5000, ""k"": 6, ""method"": ""average""}",True,4999,0.3748690366959747,0.0004988461506629,29250.37135534733,1.2186456108812056,0.9687642310125664,0.1235522505649587,0.453346311338576,0.4770123507386226,0.813869026107713,0.0,6,,,0.8630277704332988,0.0078993578298736
hierarchical__fit_sample_size=5000_k=7_method=average__space=l2,hierarchical,l2,"{""fit_sample_size"": 5000, ""k"": 7, ""method"": ""average""}",True,4999,0.352063129901319,0.0007968625816574,26210.974933864305,1.071805320261044,0.9537167689022832,0.128607098581837,0.4551383544748506,0.4781580074886831,0.7744658005195454,0.0,7,,,0.8630277704332988,0.0124397325506108
hierarchical__fit_sample_size=5000_k=8_method=average__space=l2,hierarchical,l2,"{""fit_sample_size"": 5000, ""k"": 8, ""method"": ""average""}",True,4999,0.3484234673380126,0.0005832710572551,22828.717601322704,1.0642039229802285,0.9458159758631904,0.1296881837561549,0.4563209893964846,0.4781207503585998,0.7336556681923431,0.0,8,,,0.8630277704332988,0.0391248191008347
hierarchical__fit_sample_size=5000_k=9_method=average__space=l2,hierarchical,l2,"{""fit_sample_size"": 5000, ""k"": 9, ""method"": ""average""}",True,4999,0.348807700664747,0.0009886527699094,20694.76747263376,1.0768708489068002,0.9404978176931896,0.1301980214571501,0.4584205090584307,0.47755257912483,0.7092718240266095,0.0,9,,,0.8630277704332988,0.0086774642958468
hierarchical__fit_sample_size=5000_k=10_method=average__space=l2,hierarchical,l2,"{""fit_sample_size"": 5000, ""k"": 10, ""method"": ""average""}",True,4999,0.3397413115987678,0.001554024856435,18408.00980840606,1.108507534146833,0.9331624092794346,0.1327649139261374,0.4590287543322837,0.47755257912483,0.6792993606994617,0.0,10,,,0.8630277704332988,0.0195852893247135
hierarchical__fit_sample_size=5000_k=12_method=average__space=l2,hierarchical,l2,"{""fit_sample_size"": 5000, ""k"": 12, ""method"": ""average""}",True,4999,0.3234649475013622,0.0024164446826225,15623.470726000052,1.1015256316798918,0.7352003627789374,0.1336902917890502,0.4588913210354432,0.4771148078463516,0.6424527919899636,0.0,12,,,0.8630277704332988,0.0350536909204017
hierarchical__fit_sample_size=5000_k=14_method=average__space=l2,hierarchical,l2,"{""fit_sample_size"": 5000, ""k"": 14, ""method"": ""average""}",True,4999,0.4110450164519469,0.0024898066188515,22525.70435644055,1.0815681539069693,0.8467691737719744,0.1662856057978051,0.4852736558513592,0.3284216016840223,0.7520706105020651,0.0,14,,,0.8630277704332988,0.0333382977564976
hierarchical__fit_sample_size=5000_k=16_method=average__space=l2,hierarchical,l2,"{""fit_sample_size"": 5000, ""k"": 16, ""method"": ""average""}",True,4999,0.4168973335949767,0.0022630114766303,21113.099464073493,1.0722878783768923,0.93506263369147,0.1725887480684303,0.4900476912610816,0.3227864607589277,0.7458416437885037,0.0,16,,,0.8630277704332988,0.0305641937398206
hierarchical__fit_sample_size=5000_k=18_method=average__space=l2,hierarchical,l2,"{""fit_sample_size"": 5000, ""k"": 18, ""method"": ""average""}",True,4999,0.4125558359098302,0.002685679573582,19250.66617437456,1.049089203652865,0.9210689211243248,0.1824952139869267,0.49023123291226,0.3224325180231366,0.7272866071540611,0.0,18,,,0.8630277704332988,0.0063904614731691
hierarchical__fit_sample_size=5000_k=20_method=average__space=l2,hierarchical,l2,"{""fit_sample_size"": 5000, ""k"": 20, ""method"": ""average""}",True,4999,0.4076714423668451,0.0021939792397347,17988.755341455068,1.010321899767267,0.7909958393579202,0.1875526013259046,0.4931408452935271,0.3224325180231366,0.7137925042507363,0.0,20,,,0.8630277704332988,0.0167415045422544
hierarchical__fit_sample_size=5000_k=2_method=complete__space=l2,hierarchical,l2,"{""fit_sample_size"": 5000, ""k"": 2, ""method"": ""complete""}",True,4999,0.2664279965458916,0.000827274296146,37159.09720147929,1.5601995356746166,0.0834912773267543,0.1276326090997761,0.2962470569286517,0.5455840986568805,0.9939960856945318,0.0,2,,,0.749334061963562,0.0137091175198869
hierarchical__fit_sample_size=5000_k=3_method=complete__space=l2,hierarchical,l2,"{""fit_sample_size"": 5000, ""k"": 3, ""method"": ""complete""}",True,4999,0.292712440676274,0.0010892649981911,32895.59150737904,1.3594235280729616,0.3849652553997142,0.1262041365488773,0.3845254801693926,0.4504480169892513,0.8816098081890804,0.0,3,,,0.749334061963562,0.0319710480704419
hierarchical__fit_sample_size=5000_k=4_method=complete__space=l2,hierarchical,l2,"{""fit_sample_size"": 5000, ""k"": 4, ""method"": ""complete""}",True,4999,0.3030029575864674,0.0007924344567684,33027.28886960165,1.4006799404599968,0.438811557739579,0.1311184623153726,0.4141811364245492,0.4120545444384419,0.9088819758373448,0.0,4,,,0.749334061963562,0.0051031846149739
hierarchical__fit_sample_size=5000_k=5_method=complete__space=l2,hierarchical,l2,"{""fit_sample_size"": 5000, ""k"": 5, ""method"": ""complete""}",True,4999,0.3088499768002611,0.0008336257734642,27430.70884302167,1.365099828081774,0.4452777783526207,0.1330562392236642,0.4298853658068191,0.4087107170134684,0.8486142042293827,0.0,5,,,0.749334061963562,0.0169620242367249
hierarchical__fit_sample_size=5000_k=6_method=complete__space=l2,hierarchical,l2,"{""fit_sample_size"": 5000, ""k"": 6, ""method"": ""complete""}",True,4999,0.2886597901526796,0.0008624932723482,25695.69959145316,1.3180227542959198,0.5070670902039192,0.1371145216079206,0.4547714680493038,0.3544643356122278,0.8745225115799047,0.0,6,,,0.749334061963562,0.0318553755138159
hierarchical__fit_sample_size=5000_k=7_method=complete__space=l2,hierarchical,l2,"{""fit_sample_size"": 5000, ""k"": 7, ""method"": ""complete""}",True,4999,0.3068384929978419,0.0009120188493886,24383.82631664418,1.387444063671456,0.6567255427776262,0.1373868183701628,0.4775274028949267,0.2959426985339319,0.8868641315041654,0.0,7,,,0.749334061963562,0.0196793746772726
hierarchical__fit_sample_size=5000_k=8_method=complete__space=l2,hierarchical,l2,"{""fit_sample_size"": 5000, ""k"": 8, ""method"": ""complete""}",True,4999,0.3148238683771553,0.0008064686487388,22801.491739849844,1.3095110264000844,0.7092843279756611,0.141888577140426,0.4858271803832403,0.2860975019094279,0.864610233754939,0.0,8,,,0.749334061963562,0.0051021444957982
hierarchical__fit_sample_size=5000_k=9_method=complete__space=l2,hierarchical,l2,"{""fit_sample_size"": 5000, ""k"": 9, ""method"": ""complete""}",True,4999,0.3186312563137586,0.0004915495295487,21270.71947651395,1.265903537173279,0.6325753948954111,0.1468150543220154,0.4928433597459223,0.2860975019094279,0.8471552740191781,0.0,9,,,0.749334061963562,0.040340226427217
hierarchical__fit_sample_size=5000_k=10_method=complete__space=l2,hierarchical,l2,"{""fit_sample_size"": 5000, ""k"": 10, ""method"": ""complete""}",True,4999,0.3143298811849739,0.0009155300559005,19542.663501449588,1.2614421486187417,0.5650482139548587,0.1492487919026096,0.4920540641872067,0.2816918462770812,0.8242964906254298,0.0,10,,,0.749334061963562,0.0204641838783344
hierarchical__fit_sample_size=5000_k=12_method=complete__space=l2,hierarchical,l2,"{""fit_sample_size"": 5000, ""k"": 12, ""method"": ""complete""}",True,4999,0.4393380099725613,0.0010944181347159,30283.38123636016,1.1451946598192957,0.6111446454841328,0.1795614193345005,0.5079560642271976,0.2324658631545612,0.8941921271974597,0.0,12,,,0.749334061963562,0.0204440190899212
hierarchical__fit_sample_size=5000_k=14_method=complete__space=l2,hierarchical,l2,"{""fit_sample_size"": 5000, ""k"": 14, ""method"": ""complete""}",True,4999,0.4450933299555967,0.0016880786620775,28559.78527263633,1.0229495565713018,0.6678540031767778,0.1876365771334499,0.5162055482652468,0.230025521134107,0.8732755052416966,0.0,14,,,0.749334061963562,0.0443519065468271
hierarchical__fit_sample_size=5000_k=16_method=complete__space=l2,hierarchical,l2,"{""fit_sample_size"": 5000, ""k"": 16, ""method"": ""complete""}",True,4999,0.4525296469719437,0.0013416893916483,27549.754176897142,1.02406245390746,0.772215743471354,0.1969087922385935,0.5168864705801124,0.2298858068962948,0.8586093329454049,0.0,16,,,0.749334061963562,0.0011504409692589
hierarchical__fit_sample_size=5000_k=18_method=complete__space=l2,hierarchical,l2,"{""fit_sample_size"": 5000, ""k"": 18, ""method"": ""complete""}",True,4999,0.4502915783779533,0.0018890028683461,25455.68286035399,1.0745573391489216,0.7839918119779243,0.2011631505753583,0.5170874305106099,0.2271660364002161,0.8410229271416376,0.0,18,,,0.749334061963562,0.0163255104508066
hierarchical__fit_sample_size=5000_k=20_method=complete__space=l2,hierarchical,l2,"{""fit_sample_size"": 5000, ""k"": 20, ""method"": ""complete""}",True,4999,0.461012996145355,0.0022403605986015,25535.349751945625,1.022786981378458,0.7882232673338253,0.2116871803885713,0.5335013238002929,0.2272032935302993,0.8373382707270502,0.0,20,,,0.749334061963562,0.0420907548720941
hdbscan__min_cluster_size=250_min_samples=None__space=raw,hdbscan,raw,"{""min_cluster_size"": 250, ""min_samples"": null}",True,107362,0.9134728175632348,0.0013195098125292,154471.28199232038,0.341390503461021,0.8821762868681305,0.9539369268469844,0.6005186987217639,0.131953320655506,0.8913785077199653,0.1036772787392187,116,,,,
hdbscan__min_cluster_size=250_min_samples=25__space=raw,hdbscan,raw,"{""min_cluster_size"": 250, ""min_samples"": 25}",True,107362,0.8552877922657846,0.0017495604112144,48372.71166283852,0.5505784855165251,0.9001354315970364,0.937332456019626,0.5941289872653608,0.1262076094302866,0.8981684539753174,0.0628714070155175,119,,,,
hdbscan__min_cluster_size=500_min_samples=None__space=raw,hdbscan,raw,"{""min_cluster_size"": 500, ""min_samples"": null}",True,107362,0.8950675659123359,0.0007423633858388,247835.84578491063,0.2877116617529332,0.8934759751065221,0.9357479961019284,0.6176779767672871,0.1494075703914624,0.9092471516342756,0.2083884428382481,63,,,,
hdbscan__min_cluster_size=500_min_samples=25__space=raw,hdbscan,raw,"{""min_cluster_size"": 500, ""min_samples"": 25}",True,107362,0.7946254323575582,0.00173825590562,48986.9359654887,0.581243057283643,0.8789971729164118,0.913843462589724,0.6187973511786946,0.1319944699119551,0.9178088656002966,0.1039567072148432,74,,,,
hdbscan__min_cluster_size=1000_min_samples=None__space=raw,hdbscan,raw,"{""min_cluster_size"": 1000, ""min_samples"": null}",True,107362,0.8043730540516574,0.0012768603650898,102030.1934100544,0.4240007948646396,0.9029681243129808,0.8766548251818661,0.6306064381777703,0.1583587952859013,0.935604431867018,0.253134256068255,31,,,,
hdbscan__min_cluster_size=1000_min_samples=25__space=raw,hdbscan,raw,"{""min_cluster_size"": 1000, ""min_samples"": 25}",True,107362,0.6308760683824968,0.0033017059417875,25997.556446728544,0.7537281490202383,0.9270460544742724,0.8228083761930727,0.6451056504636736,0.129987920479905,0.9431609690114237,0.0901249976714293,38,,,,
hdbscan__min_cluster_size=2500_min_samples=None__space=raw,hdbscan,raw,"{""min_cluster_size"": 2500, ""min_samples"": null}",True,107362,0.7367844421393304,0.0021761074198921,96673.3932335624,0.4855983864023395,1.0,0.7706762757944233,0.4551745728287734,0.2059825455017357,0.9450394351877416,0.4258117397216892,11,,,,
hdbscan__min_cluster_size=2500_min_samples=25__space=raw,hdbscan,raw,"{""min_cluster_size"": 2500, ""min_samples"": 25}",True,107362,0.5476832964367387,0.001832288805872,23114.39614719417,0.9611021357753352,0.8085879555478677,0.7156675188075114,0.5923274412094186,0.1447973088545527,0.9736728258432448,0.1831839943369162,17,,,,
hdbscan__min_cluster_size=250_min_samples=None__space=standard,hdbscan,standard,"{""min_cluster_size"": 250, ""min_samples"": null}",True,107362,0.9172829957974008,0.0006432128680574,163463.98542125127,0.2824518823777802,0.8724482278806831,0.9523928530665396,0.5988264443718271,0.1327784342224964,0.8904429653770626,0.1092472196866675,115,,,,
hdbscan__min_cluster_size=250_min_samples=25__space=standard,hdbscan,standard,"{""min_cluster_size"": 250, ""min_samples"": 25}",True,107362,0.8589131516639824,0.0015643949217444,45752.32822439158,0.5475660053653383,0.8952799018748108,0.933998450483344,0.595156436351207,0.1273122850640171,0.8976630136374852,0.0710027756561912,118,,,,
hdbscan__min_cluster_size=500_min_samples=None__space=standard,hdbscan,standard,"{""min_cluster_size"": 500, ""min_samples"": null}",True,107362,0.8885332637221843,0.0019423206917757,211174.00693026444,0.2743917270342336,0.9077660702773912,0.937428005251384,0.6120682466939527,0.1493091892527485,0.908899390323432,0.2078668430170824,62,,,,
hdbscan__min_cluster_size=500_min_samples=25__space=standard,hdbscan,standard,"{""min_cluster_size"": 500, ""min_samples"": 25}",True,107362,0.7945530356307644,0.0010917581500976,47460.982250025656,0.5787561048282772,0.9208956185947298,0.9072124700778434,0.615969913521268,0.1323645915857065,0.9170486929696086,0.1064622492129431,73,,,,
hdbscan__min_cluster_size=1000_min_samples=None__space=standard,hdbscan,standard,"{""min_cluster_size"": 1000, ""min_samples"": null}",True,107362,0.7969988858513707,0.0009704278823932,99215.06944934416,0.4108026256783958,0.9684982015202296,0.8659758165394204,0.6311667057615015,0.1559931696170808,0.9370398238638756,0.241808088522941,31,,,,
hdbscan__min_cluster_size=1000_min_samples=25__space=standard,hdbscan,standard,"{""min_cluster_size"": 1000, ""min_samples"": 25}",True,107362,0.6399457635510094,0.0025161993573543,26258.97838552011,0.7095389112210763,0.975336545842556,0.8299609658311246,0.6458562980493348,0.1312210648148148,0.9427332803593717,0.0986755090255397,38,,,,
hdbscan__min_cluster_size=2500_min_samples=None__space=standard,hdbscan,standard,"{""min_cluster_size"": 2500, ""min_samples"": null}",True,107362,0.7848953268699566,0.0013218608365735,108349.39018838567,0.4607875734028413,0.9882959465451964,0.8632461758824344,0.4458689950430549,0.2133364694813595,0.9535956197338236,0.4456045900784262,12,,,,
hdbscan__min_cluster_size=2500_min_samples=25__space=standard,hdbscan,standard,"{""min_cluster_size"": 2500, ""min_samples"": 25}",True,107362,0.5422520569917265,0.0016185995933389,21540.48431689372,0.9588870053735612,0.8027432625604926,0.7096134785309657,0.5822883056372044,0.1428233997323045,0.9735038389614132,0.1718950839216855,17,,,,
hdbscan__min_cluster_size=250_min_samples=None__space=l2,hdbscan,l2,"{""min_cluster_size"": 250, ""min_samples"": null}",True,107362,0.9125099130204184,0.0009547051075575,148700.1797678038,0.3244878217836975,0.8913804743974999,0.9548708554345976,0.6019936255588954,0.1311803962891795,0.8915494824938867,0.0983960805499152,118,,,,
hdbscan__min_cluster_size=250_min_samples=25__space=l2,hdbscan,l2,"{""min_cluster_size"": 250, ""min_samples"": 25}",True,107362,0.8656657197170144,0.0025491876976727,64396.389503423845,0.4753027498319255,0.8843115384926259,0.9391770877245474,0.5970108481444508,0.126617872883553,0.8966972619000421,0.065907863117304,121,,,,
hdbscan__min_cluster_size=500_min_samples=None__space=l2,hdbscan,l2,"{""min_cluster_size"": 500, ""min_samples"": null}",True,107362,0.8807752075702332,0.001428990488715,160799.51588310595,0.3003604064009035,0.9368536835463156,0.9160055106690956,0.596531352442906,0.1481472839275714,0.9126331933273294,0.2016542165756971,60,,,,
hdbscan__min_cluster_size=500_min_samples=25__space=l2,hdbscan,l2,"{""min_cluster_size"": 500, ""min_samples"": 25}",True,107362,0.7839985667827362,0.0021808655987641,46402.495548430736,0.5714922478623494,0.9204611812505,0.9079072454176264,0.6135553663707856,0.1310571891545996,0.9203892466292878,0.0975484808405208,70,,,,
hdbscan__min_cluster_size=1000_min_samples=None__space=l2,hdbscan,l2,"{""min_cluster_size"": 1000, ""min_samples"": null}",True,107362,0.8176254066622253,0.0022363758677286,58345.83467215994,0.5030978900003155,0.7760894042374747,0.8479220398502081,0.6055239089195437,0.160958296362023,0.9306506825706342,0.2651962519327136,31,,,,
hdbscan__min_cluster_size=1000_min_samples=25__space=l2,hdbscan,l2,"{""min_cluster_size"": 1000, ""min_samples"": 25}",True,107362,0.6877462026356981,0.0024406898818764,27289.051229300472,0.7048631019953672,0.936992779716282,0.8364556689773096,0.6207971706308851,0.1422187377499019,0.9356119691500135,0.1683742851288165,38,,,,
hdbscan__min_cluster_size=2500_min_samples=None__space=l2,hdbscan,l2,"{""min_cluster_size"": 2500, ""min_samples"": null}",True,107362,0.7878936678328008,0.0010631468778718,169016.30021665606,0.3891290224092016,1.0,0.7959416705347714,0.5142686375592522,0.2092168783879524,0.9576855918764644,0.4346882509640282,11,,,,
hdbscan__min_cluster_size=2500_min_samples=25__space=l2,hdbscan,l2,"{""min_cluster_size"": 2500, ""min_samples"": 25}",True,107362,0.5798198061194241,0.0042478049970787,24013.034069601083,0.9366665648077308,0.7685251682099049,0.7397718760568507,0.5949838871145359,0.1486728564905337,0.9710410323530512,0.2044764441795048,17,,,,
kmeans__k=25__space=raw,kmeans,raw,"{""k"": 25}",True,107362,0.5462364102479565,0.0021600795118772,37533.82238235176,0.8876485175546879,0.911729835646823,0.2804411260853831,0.5863549685177916,0.1709729699521245,0.9292947437830787,0.0,25,,,,
kmeans__k=30__space=raw,kmeans,raw,"{""k"": 30}",True,107362,0.5588684439998696,0.0023368118888964,38427.78471503106,0.8626541996838972,0.8804254321936217,0.2810817635052187,0.5733084956941468,0.1709729699521245,0.9206269358988736,0.0,30,,,,
kmeans__k=40__space=raw,kmeans,raw,"{""k"": 40}",True,107362,0.5986621777123917,0.0013940425465616,40414.38462304595,0.8046452555308266,0.9105805439832284,0.3321217826197574,0.5938101843545269,0.1202567016262737,0.9220982996129452,0.0,40,,,,
kmeans__k=50__space=raw,kmeans,raw,"{""k"": 50}",True,107362,0.6439315655532638,0.0018557277350976,45697.40578678124,0.7154213224995588,0.9039038931509936,0.3717100717845777,0.597210835549971,0.1202194444961904,0.9076814737013896,0.0,50,,,,
kmeans__k=65__space=raw,kmeans,raw,"{""k"": 65}",True,107362,0.6840968683244956,0.001724780356553,51000.52788890798,0.6374254448135017,0.940840891169309,0.4230032333073139,0.6002426374664945,0.1202194444961904,0.9060911942336594,0.0,65,,,,
kmeans__k=80__space=raw,kmeans,raw,"{""k"": 80}",True,107362,0.699313051296792,0.001867026812017,54351.28016318016,0.6511781016569776,0.9653350924767532,0.4844392485550525,0.5976406391624134,0.1198561874778785,0.8950588481464482,0.0,80,,,,
kmeans__k=100__space=raw,kmeans,raw,"{""k"": 100}",True,107362,0.722678556335083,0.0025104829021327,58491.86454878258,0.6415369623335744,0.9376279889621356,0.5456714511199235,0.5878807933533152,0.119781673217712,0.8864408012561399,0.0,100,,,,
kmeans__k=120__space=raw,kmeans,raw,"{""k"": 120}",True,107362,0.7498646089688209,0.0031932200144639,63488.612861284906,0.6163366197363429,0.9458702530112416,0.5966446263565136,0.5893858777103457,0.1197164732400663,0.8751623836924443,0.0,120,,,,
kmeans__k=25__space=standard,kmeans,standard,"{""k"": 25}",True,107362,0.5635327344388965,0.0022178366240452,34941.14446538089,0.844083953069221,0.8436088708968338,0.2619754295297351,0.5710902172710601,0.1740746260315568,0.909885525919464,0.0,25,,,,
kmeans__k=30__space=standard,kmeans,standard,"{""k"": 30}",True,107362,0.5712259972604261,0.0022763867269452,36892.40133930458,0.8269884048280448,0.8279914366998454,0.2851227812387368,0.5839502485657936,0.1710381699297703,0.9159559263591094,0.0,30,,,,
kmeans__k=40__space=standard,kmeans,standard,"{""k"": 40}",True,107362,0.6154347352834479,0.0019454928240445,39743.1033552114,0.7328015970459171,0.859477214499738,0.3412131082720591,0.5957201712280548,0.1209180156852517,0.9268274405804388,0.0,40,,,,
kmeans__k=50__space=standard,kmeans,standard,"{""k"": 50}",True,107362,0.6439180396854647,0.002133659985265,43357.530031514834,0.7088262784184627,0.9453475665086788,0.3852215883991187,0.5988853510200307,0.1202567016262737,0.9163593172368204,0.0,50,,,,
kmeans__k=65__space=standard,kmeans,standard,"{""k"": 65}",True,107362,0.6871843515413429,0.0016664557417968,48721.89711044709,0.6781639763627846,0.9463380033993484,0.4376287343601748,0.6000638307142344,0.120238073061232,0.9061696130924324,0.0,65,,,,
kmeans__k=80__space=standard,kmeans,standard,"{""k"": 80}",True,107362,0.7114742481778156,0.002080990632264,50630.33646394407,0.6538922485554934,0.954431729369217,0.5110908273038227,0.5996580606115796,0.1198003017827536,0.8950772309574532,0.0,80,,,,
kmeans__k=100__space=standard,kmeans,standard,"{""k"": 100}",True,107362,0.7177966599607328,0.0025497512684559,54044.69564631574,0.6505011068057849,0.9416669965662354,0.5656010621914458,0.587485463934565,0.1198748160429202,0.8826944584600867,0.0,100,,,,
kmeans__k=120__space=standard,kmeans,standard,"{""k"": 120}",True,107362,0.737685897156726,0.0018301988933855,60337.23568045945,0.6415677835985534,0.935823368182417,0.6047100413559006,0.5838724570395166,0.1198748160429202,0.8671228661013541,0.0,120,,,,
kmeans__k=25__space=l2,kmeans,l2,"{""k"": 25}",True,107362,0.5426650381550735,0.0026960308394576,38592.53394794688,0.8400160593776578,0.8847642845896284,0.2823029203831257,0.5715746018444842,0.1824015946051675,0.922776136726462,0.0,25,,,,
kmeans__k=30__space=l2,kmeans,l2,"{""k"": 30}",True,107362,0.58548812564705,0.0018495895745783,40163.53803007212,0.7918415636439371,0.850145286301061,0.3200266048557543,0.5747423910257543,0.1711219984724576,0.910583890137662,0.0,30,,,,
kmeans__k=40__space=l2,kmeans,l2,"{""k"": 40}",True,107362,0.612951389863652,0.0019823373709966,43327.64428889741,0.7488193887602657,0.93423855023386,0.3693377995350651,0.5834051455385224,0.1710567984948119,0.9024839255141104,0.0,40,,,,
kmeans__k=50__space=l2,kmeans,l2,"{""k"": 50}",True,107362,0.6551598838596799,0.0019611598749078,46416.36559459149,0.6811016801214239,0.9401422543772432,0.4292768982248655,0.5986142397062388,0.1203125873213986,0.9132407627649018,0.0,50,,,,
kmeans__k=65__space=l2,kmeans,l2,"{""k"": 65}",True,107362,0.6860416039553632,0.0022507554701023,52628.94434542246,0.6252277652120475,0.9447138718037268,0.4802675155293735,0.5987033474917911,0.1203125873213986,0.9056507849371224,0.0,65,,,,
kmeans__k=80__space=l2,kmeans,l2,"{""k"": 80}",True,107362,0.702101292071827,0.0030187280662368,56877.34647389184,0.6273169077498013,0.9612431419208256,0.5207982676434214,0.5942479210929174,0.1203125873213986,0.8896594718453205,0.0,80,,,,
kmeans__k=100__space=l2,kmeans,l2,"{""k"": 100}",True,107362,0.7308914736774892,0.0021305253230886,61790.407543513975,0.595253955955061,0.9280076844010152,0.5370799416548983,0.5922799155148109,0.1202473873437529,0.8787289783932786,0.0,100,,,,
kmeans__k=120__space=l2,kmeans,l2,"{""k"": 120}",True,107362,0.7425219363975752,0.0024889054383546,68254.91644546464,0.5850144918864155,0.9443976763820904,0.6132727282365539,0.5847085536707057,0.119884130325441,0.8626984996249409,0.0,120,,,,
hierarchical__fit_sample_size=5000_k=25_method=ward__space=raw,hierarchical,raw,"{""fit_sample_size"": 5000, ""k"": 25, ""method"": ""ward""}",True,4999,0.5454709186751245,0.0020988962195691,37229.1139616516,0.889453839809738,0.9366549876179656,0.2476454262713793,0.5818732122038467,0.1709915985171662,0.9166344703348144,0.0,25,,,0.6886320680473865,0.0393792999718829
hierarchical__fit_sample_size=5000_k=30_method=ward__space=raw,hierarchical,raw,"{""fit_sample_size"": 5000, ""k"": 30, ""method"": ""ward""}",True,4999,0.5749231596139601,0.0023240949724306,38907.7011614216,0.8208986691174273,0.9464308466086356,0.2717543413493415,0.5743916577162532,0.1709915985171662,0.9098287103487268,0.0,30,,,0.6886320680473865,0.0301376282147506
hierarchical__fit_sample_size=5000_k=40_method=ward__space=raw,hierarchical,raw,"{""fit_sample_size"": 5000, ""k"": 40, ""method"": ""ward""}",True,4999,0.6096187089679856,0.0020909180240018,41872.50578224819,0.7485005725981776,0.9280440464057592,0.329509998776059,0.5912642487474419,0.1202567016262737,0.9198175601287604,0.0,40,,,0.6886320680473865,0.0055951968743587
hierarchical__fit_sample_size=5000_k=50_method=ward__space=raw,hierarchical,raw,"{""fit_sample_size"": 5000, ""k"": 50, ""method"": ""ward""}",True,4999,0.6396840220499238,0.0019832100565033,45499.559157120406,0.7559100202732268,0.9197877306933234,0.3733240699636507,0.5962134917679253,0.1202194444961904,0.912868906834532,0.0,50,,,0.6886320680473865,0.0016781555792779
hierarchical__fit_sample_size=5000_k=65_method=ward__space=raw,hierarchical,raw,"{""fit_sample_size"": 5000, ""k"": 65, ""method"": ""ward""}",True,4999,0.6854533244386912,0.0013608102817872,50204.85773752589,0.7126804960770514,0.937052704249913,0.4549235637113833,0.6007416848070727,0.1202194444961904,0.9038154152047624,0.0,65,,,0.6886320680473865,0.0136741853152492
hierarchical__fit_sample_size=5000_k=80_method=ward__space=raw,hierarchical,raw,"{""fit_sample_size"": 5000, ""k"": 80, ""method"": ""ward""}",True,4999,0.7112365222604796,0.001909593204967,54274.92549040909,0.6915645014869938,0.9535876821302258,0.4929626065553785,0.5975651248479161,0.1202194444961904,0.8847673553889075,0.0,80,,,0.6886320680473865,0.0403972069402457
hierarchical__fit_sample_size=5000_k=100_method=ward__space=raw,hierarchical,raw,"{""fit_sample_size"": 5000, ""k"": 100, ""method"": ""ward""}",True,4999,0.7231363893205087,0.0018209456679081,58847.16953095441,0.6898424772777442,0.9672135981133372,0.5464876222960179,0.5965545555664858,0.1198375589128369,0.8743217765619996,0.0,100,,,0.6886320680473865,0.0012952201376259
hierarchical__fit_sample_size=5000_k=120_method=ward__space=raw,hierarchical,raw,"{""fit_sample_size"": 5000, ""k"": 120, ""method"": ""ward""}",True,4999,0.7450503638027232,0.0028963609974526,61917.07986790714,0.6475094695991975,0.9542136077471868,0.5992146683710632,0.5973286323234026,0.118608073620089,0.8705726669435335,0.0,120,,,0.6886320680473865,0.0168711062249026
hierarchical__fit_sample_size=5000_k=25_method=average__space=raw,hierarchical,raw,"{""fit_sample_size"": 5000, ""k"": 25, ""method"": ""average""}",True,4999,0.4712046474281228,0.0022433685849405,21711.533235144496,0.9623074696978192,0.9129700244739573,0.2176899215806391,0.516933215538551,0.2418453456530243,0.7793220904212668,0.0,25,,,0.8151417597867167,0.0058391594983067
hierarchical__fit_sample_size=5000_k=30_method=average__space=raw,hierarchical,raw,"{""fit_sample_size"": 5000, ""k"": 30, ""method"": ""average""}",True,4999,0.4810525670965004,0.0024125531169557,20993.333805857605,0.8979351812348545,0.8876211673754476,0.2357028505192204,0.5393797562776456,0.2118254130884298,0.7776381747579453,0.0,30,,,0.8151417597867167,0.0198411418742436
hierarchical__fit_sample_size=5000_k=40_method=average__space=raw,hierarchical,raw,"{""fit_sample_size"": 5000, ""k"": 40, ""method"": ""average""}",True,4999,0.521435099506238,0.0023572536717268,21455.801086650063,0.8536766247855013,0.9238970314292876,0.2810866425466171,0.5622032670233258,0.1710288556472494,0.7783869407516786,0.0,40,,,0.8151417597867167,0.0047824942095657
hierarchical__fit_sample_size=5000_k=50_method=average__space=raw,hierarchical,raw,"{""fit_sample_size"": 5000, ""k"": 50, ""method"": ""average""}",True,4999,0.5707614114926727,0.0018572486395433,25119.088397820466,0.7755162002074595,0.9259200059790296,0.3175993554622051,0.5634272012459849,0.1710288556472494,0.788661652307767,0.0,50,,,0.8151417597867167,0.0039902632054537
hierarchical__fit_sample_size=5000_k=65_method=average__space=raw,hierarchical,raw,"{""fit_sample_size"": 5000, ""k"": 65, ""method"": ""average""}",True,4999,0.6022322031055596,0.0021838335804657,25288.29154767801,0.7561218437010127,0.9299974828577,0.3948370042692275,0.5729133321546466,0.1709263985395205,0.7733927551217474,0.0,65,,,0.8151417597867167,0.0076138133574807
hierarchical__fit_sample_size=5000_k=80_method=average__space=raw,hierarchical,raw,"{""fit_sample_size"": 5000, ""k"": 80, ""method"": ""average""}",True,4999,0.6093662093435157,0.003502654304423,24870.92963541989,0.7405627227208008,0.9652760666896846,0.4369089500458353,0.5707109744347175,0.1709263985395205,0.7594589679019421,0.0,80,,,0.8151417597867167,0.0032113004548776
hierarchical__fit_sample_size=5000_k=100_method=average__space=raw,hierarchical,raw,"{""fit_sample_size"": 5000, ""k"": 100, ""method"": ""average""}",True,4999,0.6256754478626622,0.0021480315227586,23734.491541735533,0.7147386881992561,0.9736539880562264,0.495558194795093,0.5727088476657975,0.1703582273057506,0.743325441681857,0.0,100,,,0.8151417597867167,0.0002001812870908
hierarchical__fit_sample_size=5000_k=120_method=average__space=raw,hierarchical,raw,"{""fit_sample_size"": 5000, ""k"": 120, ""method"": ""average""}",True,4999,0.6564303171790815,0.0011336307815057,30015.641504643525,0.6570266288565304,0.9600408651483988,0.556009162061577,0.5768776573986142,0.170339598740709,0.7567763728351034,0.0,120,,,0.8151417597867167,0.0043046784676366
hierarchical__fit_sample_size=5000_k=25_method=complete__space=raw,hierarchical,raw,"{""fit_sample_size"": 5000, ""k"": 25, ""method"": ""complete""}",True,4999,0.4519212165860522,0.0039936832838386,26927.421523703084,0.9805204641777152,0.7680161552845567,0.2040159208355305,0.5487649190447511,0.2067677576796259,0.8672620545355068,0.0,25,,,0.7606525652103947,0.0005105583371591
hierarchical__fit_sample_size=5000_k=30_method=complete__space=raw,hierarchical,raw,"{""fit_sample_size"": 5000, ""k"": 30, ""method"": ""complete""}",True,4999,0.4777693475260232,0.003603820871407,26404.43085320056,0.965956893578743,0.8255098112108894,0.2389650960336387,0.5505398686166219,0.2067677576796259,0.8494239607456054,0.0,30,,,0.7606525652103947,0.0064623651662522
hierarchical__fit_sample_size=5000_k=40_method=complete__space=raw,hierarchical,raw,"{""fit_sample_size"": 5000, ""k"": 40, ""method"": ""complete""}",True,4999,0.5045732155074287,0.0024164203256708,25907.409364401792,0.9383831481539822,0.8385088515162007,0.2764686258938913,0.5617424479028078,0.1768875393528436,0.8356516551050581,0.0,40,,,0.7606525652103947,0.0145630432764091
hierarchical__fit_sample_size=5000_k=50_method=complete__space=raw,hierarchical,raw,"{""fit_sample_size"": 5000, ""k"": 50, ""method"": ""complete""}",True,4999,0.543146787465419,0.0016987796583794,26779.14269395955,0.8970192779587143,0.8851448307689416,0.3445240068501451,0.5718978872932163,0.1709543413870829,0.8251573291546497,0.0,50,,,0.7606525652103947,0.0148516553462707
hierarchical__fit_sample_size=5000_k=65_method=complete__space=raw,hierarchical,raw,"{""fit_sample_size"": 5000, ""k"": 65, ""method"": ""complete""}",True,4999,0.5700535318543437,0.0018105107651879,25783.271520228216,0.7983346587654699,0.9061592556715992,0.3908059758019823,0.5755044444365094,0.1709543413870829,0.8009392114903068,0.0,65,,,0.7606525652103947,0.001181250345705
hierarchical__fit_sample_size=5000_k=80_method=complete__space=raw,hierarchical,raw,"{""fit_sample_size"": 5000, ""k"": 80, ""method"": ""complete""}",True,4999,0.5885666303085217,0.0018440686997062,28931.883439741992,0.7649850060681537,0.913470092037597,0.4541270863947685,0.5766957848257995,0.1697155418118142,0.803364504556623,0.0,80,,,0.7606525652103947,0.004914169378566
hierarchical__fit_sample_size=5000_k=100_method=complete__space=raw,hierarchical,raw,"{""fit_sample_size"": 5000, ""k"": 100, ""method"": ""complete""}",True,4999,0.6318750556728066,0.0012898199398465,33778.77386836242,0.7017840605152305,0.9549291115922586,0.4973341153848267,0.5816727962310482,0.1696689703992101,0.7952176900975206,0.0,100,,,0.7606525652103947,0.0038473936818077
hierarchical__fit_sample_size=5000_k=120_method=complete__space=raw,hierarchical,raw,"{""fit_sample_size"": 5000, ""k"": 120, ""method"": ""complete""}",True,4999,0.644911506553437,0.0009234178634613,37235.216537273205,0.6849199316657714,0.978156485663129,0.5305239825419666,0.5720400344002986,0.1689703992101488,0.7940541522215071,0.0,120,,,0.7606525652103947,0.0021288626927913
hierarchical__fit_sample_size=5000_k=25_method=ward__space=standard,hierarchical,standard,"{""fit_sample_size"": 5000, ""k"": 25, ""method"": ""ward""}",True,4999,0.5418078874504881,0.0014238305503603,34753.29288293153,0.8499410050917718,0.8951570779214163,0.2505135685086601,0.578485187185146,0.1716435982936234,0.9244857326221768,0.0,25,,,0.6396951498860097,0.031729858727259
hierarchical__fit_sample_size=5000_k=30_method=ward__space=standard,hierarchical,standard,"{""fit_sample_size"": 5000, ""k"": 30, ""method"": ""ward""}",True,4999,0.5716338788954453,0.0022272697445311,36205.23549890567,0.853969362887248,0.9407714586215358,0.2879509330726181,0.5859065967779629,0.171662226858665,0.9188730447109292,0.0,30,,,0.6396951498860097,0.0531952540622326
hierarchical__fit_sample_size=5000_k=40_method=ward__space=standard,hierarchical,standard,"{""fit_sample_size"": 5000, ""k"": 40, ""method"": ""ward""}",True,4999,0.619974920526664,0.0018369360607094,40184.08544929796,0.7596942618243755,0.9261358493908398,0.33627282968339,0.5955575973778412,0.1209180156852517,0.9271828798863312,0.0,40,,,0.6396951498860097,0.004878545256503
hierarchical__fit_sample_size=5000_k=50_method=ward__space=standard,hierarchical,standard,"{""fit_sample_size"": 5000, ""k"": 50, ""method"": ""ward""}",True,4999,0.6516063812411325,0.0014299642530196,45273.92493781576,0.7152883341558087,0.9325521171730788,0.3824489579835765,0.5975868448125127,0.120238073061232,0.9098761326826914,0.0,50,,,0.6396951498860097,0.0715745649631232
hierarchical__fit_sample_size=5000_k=65_method=ward__space=standard,hierarchical,standard,"{""fit_sample_size"": 5000, ""k"": 65, ""method"": ""ward""}",True,4999,0.6915286315232935,0.0012068954123591,48364.773811174295,0.7259488657272603,0.9553439578148826,0.4519386797596235,0.5982858689133003,0.1202194444961904,0.9048807936471264,0.0,65,,,0.6396951498860097,0.0099912463450839
hierarchical__fit_sample_size=5000_k=80_method=ward__space=standard,hierarchical,standard,"{""fit_sample_size"": 5000, ""k"": 80, ""method"": ""ward""}",True,4999,0.7103349676052917,0.0018155527806465,50786.28373229692,0.7121273459473139,0.9644439495061712,0.4951397752593297,0.5956041782676452,0.1202194444961904,0.8831954345795595,0.0,80,,,0.6396951498860097,0.0013284896472941
hierarchical__fit_sample_size=5000_k=100_method=ward__space=standard,hierarchical,standard,"{""fit_sample_size"": 5000, ""k"": 100, ""method"": ""ward""}",True,4999,0.7271283896455221,0.0013805220161968,56544.69170941499,0.6596423174195617,0.9679608646398624,0.5859520162916461,0.5961317995579543,0.1198561874778785,0.8722871914499363,0.0,100,,,0.6396951498860097,0.0222428331664545
hierarchical__fit_sample_size=5000_k=120_method=ward__space=standard,hierarchical,standard,"{""fit_sample_size"": 5000, ""k"": 120, ""method"": ""ward""}",True,4999,0.7458833107861482,0.0020904165737505,58900.74033358747,0.642529029322766,0.9487663376553804,0.608269866971754,0.5955369277986771,0.118608073620089,0.8676198568705429,0.0,120,,,0.6396951498860097,0.0082050199297024
hierarchical__fit_sample_size=5000_k=25_method=average__space=standard,hierarchical,standard,"{""fit_sample_size"": 5000, ""k"": 25, ""method"": ""average""}",True,4999,0.4607749129836399,0.0037402923633413,18759.915355423636,1.0115666374100527,0.9240537770166036,0.2051050080393904,0.5218186591000884,0.2395912892829865,0.7628261712551285,0.0,25,,,0.8136888851864219,0.0041457241714074
hierarchical__fit_sample_size=5000_k=30_method=average__space=standard,hierarchical,standard,"{""fit_sample_size"": 5000, ""k"": 30, ""method"": ""average""}",True,4999,0.4814970988556916,0.0033708532260809,19806.985126874573,0.9087984834290932,0.9503472804222254,0.2235853086718423,0.542604982785404,0.2240830088858255,0.7766829023500198,0.0,30,,,0.8136888851864219,0.0025095414579196
hierarchical__fit_sample_size=5000_k=40_method=average__space=standard,hierarchical,standard,"{""fit_sample_size"": 5000, ""k"": 40, ""method"": ""average""}",True,4999,0.5484661836052842,0.0017291729224282,23421.04273206925,0.8959869502391864,0.9200267989214934,0.2825551964602593,0.569309330261927,0.1709170842569997,0.7989347205063955,0.0,40,,,0.8136888851864219,0.004923281178278
hierarchical__fit_sample_size=5000_k=50_method=average__space=standard,hierarchical,standard,"{""fit_sample_size"": 5000, ""k"": 50, ""method"": ""average""}",True,4999,0.5605077566425807,0.0022893085279606,20907.435513291515,0.8054244374885213,0.9672105976914384,0.3256686343733752,0.571858960914405,0.1709170842569997,0.7705314347776008,0.0,50,,,0.8136888851864219,0.0125463634222506
hierarchical__fit_sample_size=5000_k=65_method=average__space=standard,hierarchical,standard,"{""fit_sample_size"": 5000, ""k"": 65, ""method"": ""average""}",True,4999,0.5889715457918665,0.002271689863832,21594.54130743336,0.7510825447761598,0.9681054940987688,0.3727024659139088,0.5718644662091084,0.1708332557143123,0.7639231881240026,0.0,65,,,0.8136888851864219,0.0031172216947988
hierarchical__fit_sample_size=5000_k=80_method=average__space=standard,hierarchical,standard,"{""fit_sample_size"": 5000, ""k"": 80, ""method"": ""average""}",True,4999,0.6103603324824467,0.0023843410347935,23135.22623113645,0.7569411515310159,0.9746570941401976,0.4677327168522633,0.5710974411576086,0.170339598740709,0.7599874436888178,0.0,80,,,0.8136888851864219,0.0023693912569956
hierarchical__fit_sample_size=5000_k=100_method=average__space=standard,hierarchical,standard,"{""fit_sample_size"": 5000, ""k"": 100, ""method"": ""average""}",True,4999,0.6297051583745334,0.0033101445484443,23446.022103744133,0.7137716187166159,0.9771957850162596,0.4866822170375319,0.5707763757669777,0.1703582273057506,0.7457260636771771,0.0,100,,,0.8136888851864219,0.0024078765544407
hierarchical__fit_sample_size=5000_k=120_method=average__space=standard,hierarchical,standard,"{""fit_sample_size"": 5000, ""k"": 120, ""method"": ""average""}",True,4999,0.6515151161435043,0.0017172745141404,25459.830544518583,0.6687431138707788,0.9618513035582418,0.5214270466317809,0.5677694042045888,0.1703582273057506,0.7418453934882049,0.0,120,,,0.8136888851864219,0.0030133511878832
hierarchical__fit_sample_size=5000_k=25_method=complete__space=standard,hierarchical,standard,"{""fit_sample_size"": 5000, ""k"": 25, ""method"": ""complete""}",True,4999,0.410145619619559,0.0033537515486154,19272.634879966638,1.1292765262154834,0.8171711556908415,0.2168186482582207,0.552736530247915,0.2136975838751141,0.8234688623417646,0.0,25,,,0.6855593828431552,0.0051354410139745
hierarchical__fit_sample_size=5000_k=30_method=complete__space=standard,hierarchical,standard,"{""fit_sample_size"": 5000, ""k"": 30, ""method"": ""complete""}",True,4999,0.4834431754744113,0.0021015450711343,21307.67213343548,1.0750113922884603,0.7856164288406755,0.235816888546907,0.5627499434470811,0.1731618263445166,0.8273580284122568,0.0,30,,,0.6855593828431552,0.0299055910159228
hierarchical__fit_sample_size=5000_k=40_method=complete__space=standard,hierarchical,standard,"{""fit_sample_size"": 5000, ""k"": 40, ""method"": ""complete""}",True,4999,0.4979551270029568,0.0018785639240064,23309.010012712548,0.9201912281369736,0.7995262278473484,0.2898295108818676,0.574983219951035,0.1716435982936234,0.8346564916130036,0.0,40,,,0.6855593828431552,0.0228232853199152
hierarchical__fit_sample_size=5000_k=50_method=complete__space=standard,hierarchical,standard,"{""fit_sample_size"": 5000, ""k"": 50, ""method"": ""complete""}",True,4999,0.5053230476272557,0.0024644116069414,21531.613516060617,0.901957547444106,0.8399393166808187,0.3306914294751153,0.5744553758733761,0.1715504554684152,0.8142629590566628,0.0,50,,,0.6855593828431552,0.0113747457531595
hierarchical__fit_sample_size=5000_k=65_method=complete__space=standard,hierarchical,standard,"{""fit_sample_size"": 5000, ""k"": 65, ""method"": ""complete""}",True,4999,0.5632803007740733,0.0015643691640826,26592.898661148258,0.7958423200589204,0.8888830832725091,0.4194601241380161,0.5753978903393517,0.170898455691958,0.8155631597349589,0.0,65,,,0.6855593828431552,0.001367901995273
hierarchical__fit_sample_size=5000_k=80_method=complete__space=standard,hierarchical,standard,"{""fit_sample_size"": 5000, ""k"": 80, ""method"": ""complete""}",True,4999,0.6158701524471024,0.002022416706901,32963.0316286634,0.7473042665899422,0.8803341677199414,0.4673498181938283,0.5819493560827302,0.1696782846817309,0.8115066748120481,0.0,80,,,0.6855593828431552,0.0133445670447879
hierarchical__fit_sample_size=5000_k=100_method=complete__space=standard,hierarchical,standard,"{""fit_sample_size"": 5000, ""k"": 100, ""method"": ""complete""}",True,4999,0.6326604945225275,0.0018225301519767,33144.04216620528,0.6802356809579797,0.8961940916265446,0.4835313653940499,0.5806982349498905,0.1696689703992101,0.7930611729651236,0.0,100,,,0.6855593828431552,0.0038953656949079
hierarchical__fit_sample_size=5000_k=120_method=complete__space=standard,hierarchical,standard,"{""fit_sample_size"": 5000, ""k"": 120, ""method"": ""complete""}",True,4999,0.6286361319737853,0.0008608304503667,33019.41030543658,0.6592566799780256,0.923151409334896,0.562682426744325,0.5789380077487194,0.1689703992101488,0.7849929934684436,0.0,120,,,0.6855593828431552,0.0065267895182112
hierarchical__fit_sample_size=5000_k=25_method=ward__space=l2,hierarchical,l2,"{""fit_sample_size"": 5000, ""k"": 25, ""method"": ""ward""}",True,4999,0.565976181695485,0.0019861278162494,38134.86371539381,0.8604004971378884,0.8942048591908018,0.2910179126252574,0.5718388662700442,0.1712337698627074,0.907827072615475,0.0,25,,,0.7299871883570992,0.0023871991588482
hierarchical__fit_sample_size=5000_k=30_method=ward__space=l2,hierarchical,l2,"{""fit_sample_size"": 5000, ""k"": 30, ""method"": ""ward""}",True,4999,0.5784680252215152,0.0020929905740046,40899.42419319296,0.8364682462839609,0.9298891688112368,0.3383414952138839,0.5735117419191192,0.1711592556025409,0.912644824230414,0.0,30,,,0.7299871883570992,0.0434917736608722
hierarchical__fit_sample_size=5000_k=40_method=ward__space=l2,hierarchical,l2,"{""fit_sample_size"": 5000, ""k"": 40, ""method"": ""ward""}",True,4999,0.6102635344829092,0.0015187844110869,43100.32586765411,0.768602225494843,0.9567167938296478,0.3716902932414271,0.5738645652315854,0.1711406270374993,0.8963611379195027,0.0,40,,,0.7299871883570992,0.033493067855151
hierarchical__fit_sample_size=5000_k=50_method=ward__space=l2,hierarchical,l2,"{""fit_sample_size"": 5000, ""k"": 50, ""method"": ""ward""}",True,4999,0.6666004893350418,0.0013448224927144,49454.08466253516,0.6661613692986056,0.9568859271395372,0.4359286036271629,0.5991503280502197,0.1203871015815651,0.9201037510567648,0.0,50,,,0.7299871883570992,0.0377761762509114
hierarchical__fit_sample_size=5000_k=65_method=ward__space=l2,hierarchical,l2,"{""fit_sample_size"": 5000, ""k"": 65, ""method"": ""ward""}",True,4999,0.6933787598748445,0.0018269843548636,52802.90918606302,0.6800624331468454,0.959003715959986,0.4856351582515515,0.6014726868603533,0.1203777872990443,0.8962268674705282,0.0,65,,,0.7299871883570992,0.0113932092929696
hierarchical__fit_sample_size=5000_k=80_method=ward__space=l2,hierarchical,l2,"{""fit_sample_size"": 5000, ""k"": 80, ""method"": ""ward""}",True,4999,0.7068631570173383,0.00212102114717,57180.66018522261,0.675116211388521,0.950778518150212,0.5217732838641952,0.5973288269814897,0.1203125873213986,0.8870377851011848,0.0,80,,,0.7299871883570992,0.0099993202146063
hierarchical__fit_sample_size=5000_k=100_method=ward__space=l2,hierarchical,l2,"{""fit_sample_size"": 5000, ""k"": 100, ""method"": ""ward""}",True,4999,0.7308212424878324,0.0018150590649568,62571.49492516791,0.6566966763650969,0.9518649225516082,0.5731841491645594,0.5974656641273395,0.1199307017380451,0.8769624514275164,0.0,100,,,0.7299871883570992,0.0129232464751724
hierarchical__fit_sample_size=5000_k=120_method=ward__space=l2,hierarchical,l2,"{""fit_sample_size"": 5000, ""k"": 120, ""method"": ""ward""}",True,4999,0.7462594111762625,0.0022928771133354,69840.66309790137,0.6180414205766381,0.9507924668948254,0.6191398840294026,0.5884363523639529,0.1199307017380451,0.8640208864233525,0.0,120,,,0.7299871883570992,0.0029207127241494
hierarchical__fit_sample_size=5000_k=25_method=average__space=l2,hierarchical,l2,"{""fit_sample_size"": 5000, ""k"": 25, ""method"": ""average""}",True,4999,0.4502982545870513,0.0033831628243608,19297.660346592595,0.91509283057512,0.8528673413960056,0.2018720674555132,0.5147029967924776,0.2401315176691939,0.7440025201322144,0.0,25,,,0.8630277704332988,0.0003712345138585
hierarchical__fit_sample_size=5000_k=30_method=average__space=l2,hierarchical,l2,"{""fit_sample_size"": 5000, ""k"": 30, ""method"": ""average""}",True,4999,0.4881891318089487,0.0027365186771495,22479.80887698965,0.9020417566757492,0.9135702183038624,0.2356285118820548,0.5383316187414892,0.2278366647417149,0.7789887413021181,0.0,30,,,0.8630277704332988,0.0073490696882515
hierarchical__fit_sample_size=5000_k=40_method=average__space=l2,hierarchical,l2,"{""fit_sample_size"": 5000, ""k"": 40, ""method"": ""average""}",True,4999,0.5141389234831405,0.0025163090715669,20911.71052918635,0.8484449406366886,0.9524167819248824,0.2817314146289634,0.55334851315122,0.2116577560030551,0.7604862581632316,0.0,40,,,0.8630277704332988,0.0078350104293259
hierarchical__fit_sample_size=5000_k=50_method=average__space=l2,hierarchical,l2,"{""fit_sample_size"": 5000, ""k"": 50, ""method"": ""average""}",True,4999,0.5177012647223782,0.0031887345621428,20087.501751355187,0.7566864668023896,0.9729074870628414,0.3171794019760138,0.5549601348051233,0.2116484417205342,0.7454561499671677,0.0,50,,,0.8630277704332988,0.0099259411574088
hierarchical__fit_sample_size=5000_k=65_method=average__space=l2,hierarchical,l2,"{""fit_sample_size"": 5000, ""k"": 65, ""method"": ""average""}",True,4999,0.5690043251453741,0.002847106557552,22946.61299972834,0.6934366183760737,0.9319489608572396,0.4064072887635439,0.5535726952266598,0.2117695273933049,0.7521712034578301,0.0,65,,,0.8630277704332988,0.0013611611532182
hierarchical__fit_sample_size=5000_k=80_method=average__space=l2,hierarchical,l2,"{""fit_sample_size"": 5000, ""k"": 80, ""method"": ""average""}",True,4999,0.6211550590995147,0.0023526426288159,25831.02048288422,0.7216086271649651,0.9776935866656784,0.4989487116676078,0.567337945628223,0.1709636556696037,0.75485809000451,0.0,80,,,0.8630277704332988,0.0133722480887379
hierarchical__fit_sample_size=5000_k=100_method=average__space=l2,hierarchical,l2,"{""fit_sample_size"": 5000, ""k"": 100, ""method"": ""average""}",True,4999,0.6276262096721318,0.0050944390314408,25538.032045057596,0.7113689682160651,0.9404204384677022,0.5297096547439191,0.5646953357030349,0.1708425699968331,0.7427786666517723,0.0,100,,,0.8630277704332988,0.0001175764557463
hierarchical__fit_sample_size=5000_k=120_method=average__space=l2,hierarchical,l2,"{""fit_sample_size"": 5000, ""k"": 120, ""method"": ""average""}",True,4999,0.6567561856640366,0.0016782964999363,33030.35640435561,0.6422907930268912,0.9640129470109596,0.5875301484724508,0.5790460540945221,0.1699949702874387,0.7588779843117696,0.0,120,,,0.8630277704332988,0.0011403691531383
hierarchical__fit_sample_size=5000_k=25_method=complete__space=l2,hierarchical,l2,"{""fit_sample_size"": 5000, ""k"": 25, ""method"": ""complete""}",True,4999,0.4847121030572964,0.0014228384571123,27029.795685836747,0.9896851801347352,0.7708599065522056,0.2343706533652,0.5586210177932498,0.2149829548629869,0.8562755274996606,0.0,25,,,0.749334061963562,0.0019724734642655
hierarchical__fit_sample_size=5000_k=30_method=complete__space=l2,hierarchical,l2,"{""fit_sample_size"": 5000, ""k"": 30, ""method"": ""complete""}",True,4999,0.4910954079265924,0.0025787734466877,25249.56686805796,0.9318711561007712,0.7780170978139784,0.256887975451555,0.5582215501871374,0.2120489558689294,0.8338743021767872,0.0,30,,,0.749334061963562,0.0098043227383005
hierarchical__fit_sample_size=5000_k=40_method=complete__space=l2,hierarchical,l2,"{""fit_sample_size"": 5000, ""k"": 40, ""method"": ""complete""}",True,4999,0.5266536586036226,0.0010056737608483,25574.67363453574,0.8409686825523741,0.8436049287368483,0.3154342127584298,0.5628755278501009,0.1810975950522531,0.8198878781288703,0.0,40,,,0.749334061963562,0.0196410712129909
hierarchical__fit_sample_size=5000_k=50_method=complete__space=l2,hierarchical,l2,"{""fit_sample_size"": 5000, ""k"": 50, ""method"": ""complete""}",True,4999,0.5472545568135876,0.0016410011414035,25381.070581135657,0.8020722593968901,0.9105299186684594,0.3530544659007372,0.5704869762139053,0.1810882807697323,0.806969844798817,0.0,50,,,0.749334061963562,0.0261687413781056
hierarchical__fit_sample_size=5000_k=65_method=complete__space=l2,hierarchical,l2,"{""fit_sample_size"": 5000, ""k"": 65, ""method"": ""complete""}",True,4999,0.5908911897506576,0.0020366543841377,31195.84733646653,0.7684488506808533,0.9304370720391844,0.4134300843184948,0.579453707147548,0.1710567984948119,0.812437891827196,0.0,65,,,0.749334061963562,0.0066745908727166
hierarchical__fit_sample_size=5000_k=80_method=complete__space=l2,hierarchical,l2,"{""fit_sample_size"": 5000, ""k"": 80, ""method"": ""complete""}",True,4999,0.6506572460094222,0.0012848637154393,40277.6322830693,0.6871353422741412,0.9408910967861968,0.502739681448549,0.5844363762617557,0.1709450271045621,0.8146819393762926,0.0,80,,,0.749334061963562,0.0330870157751626
hierarchical__fit_sample_size=5000_k=100_method=complete__space=l2,hierarchical,l2,"{""fit_sample_size"": 5000, ""k"": 100, ""method"": ""complete""}",True,4999,0.6471152585791421,0.0017873198245182,38266.7109984981,0.688400203517704,0.9410337221110948,0.5741620526748532,0.5757059178394242,0.1695665132914811,0.7931555755912219,0.0,100,,,0.749334061963562,0.0031303763422022
hierarchical__fit_sample_size=5000_k=120_method=complete__space=l2,hierarchical,l2,"{""fit_sample_size"": 5000, ""k"": 120, ""method"": ""complete""}",True,4999,0.6568943002504256,0.0010947043740133,39514.65074586969,0.6860058991919414,0.9500216899155974,0.609480816840845,0.5760566059639958,0.1695665132914811,0.785021604990274,0.0,120,,,0.749334061963562,0.0068717329764495
gmm__covariance_type=diag_k=25__space=l2,gmm,l2,"{""covariance_type"": ""diag"", ""k"": 25}",True,107362,0.44997505196822346,0.001960054114949381,17934.423041254657,1.2483517221704605,0.6928422959249513,0.6484276065733915,0.5850299878917601,0.11827275944933961,0.922441102413797,0.0,25,-2826011.0871457746,-2830074.6868560947,,
gmm__covariance_type=diag_k=30__space=l2,gmm,l2,"{""covariance_type"": ""diag"", ""k"": 30}",True,107362,0.4515743124976077,0.002856998978033156,14254.603599446387,1.265401241780615,0.7077884663035389,0.6731445244453073,0.6003214250904483,0.12989698403531977,0.9168476630127829,0.0,30,-3043777.0177809577,-3048655.2542256583,,
gmm__covariance_type=diag_k=40__space=l2,gmm,l2,"{""covariance_type"": ""diag"", ""k"": 40}",True,107362,0.5466830639458998,0.0034670918776976045,17685.057739803127,1.2184784496777021,0.8120532918966462,0.7189949517925931,0.5998183853489557,0.11827275944933961,0.9188306678935071,0.0,40,-3628416.3361446755,-3634923.8460581363,,
gmm__covariance_type=diag_k=50__space=l2,gmm,l2,"{""covariance_type"": ""diag"", ""k"": 50}",True,107362,0.5868769533872397,0.0035821000634357787,16887.405381198976,1.1833827491491826,0.8913177796971281,0.792110177660258,0.597804880315387,0.11827275944933961,0.9086824157273166,0.0,50,-3945523.4337638374,-3953660.217146059,,
gmm__covariance_type=diag_k=65__space=l2,gmm,l2,"{""covariance_type"": ""diag"", ""k"": 65}",True,107362,0.6527542374823327,0.002048304750726021,18002.577816371188,1.1311053510847866,0.9025783756591016,0.8338882621091881,0.5988682780844993,0.11827275944933961,0.9009586052924087,0.0,65,-4357600.553637626,-4368181.247222988,,
gmm__covariance_type=diag_k=80__space=l2,gmm,l2,"{""covariance_type"": ""diag"", ""k"": 80}",True,107362,0.6780763328759567,0.0033744308745044076,19022.223691426458,1.1204395321861689,0.9133735658651995,0.8736242200034452,0.5964953148282132,0.11827275944933961,0.893566674657116,0.0,80,-4685041.218618355,-4698065.822406858,,
gmm__covariance_type=diag_k=100__space=l2,gmm,l2,"{""covariance_type"": ""diag"", ""k"": 100}",True,107362,0.7169308095504775,0.002378350254485566,24072.827126098065,1.0977263256690244,0.9155726049264974,0.8918831549756328,0.5918049839896801,0.11827275944933961,0.8843337709569162,0.0,100,-5049379.089870645,-5065662.240596669,,
gmm__covariance_type=diag_k=120__space=l2,gmm,l2,"{""covariance_type"": ""diag"", ""k"": 120}",True,107362,0.735381651586074,0.0025630052526203007,25812.230312466225,1.1178153339064876,0.9153996683671441,0.9046043505481846,0.585308302442137,0.11827275944933961,0.881111697507772,0.0,120,-5510533.28273743,-5530074.980400975,,
